date,low_cpu,low_mem,low_num,low_ttl,mid_cpu,mid_mem,mid_num,mid_ttl,high_cpu,high_mem,high_num,high_ttl
2026-09-29 03:38:18,0.004566158624210205,0.001550549766832417,0.002113191232123769,0.005,0.003506134739316911,0.0021727317064086636,0.0007332273562610164,0.005,0.0011068613932257109,0.0042633461873723705,0.0003407473561730946,0.005
2026-09-29 03:53:18,0.006578796537549476,0.005149259457759927,0.005570593600345328,0.01,0.005964014894514872,0.00693102876733632,0.0018755088262158975,0.01,0.0011068613932257109,0.0042633461873723705,0.0003407473561730946,0.005
2026-09-29 04:08:18,0.01186287291896635,0.012133241834631079,0.012735696283862827,0.02,0.005964014894514872,0.00693102876733632,0.0018755088262158975,0.01,0.0011068613932257109,0.0042633461873723705,0.0003407473561730946,0.005
2026-09-29 04:23:18,0.016693961870440324,0.013469388597261973,0.015085216446809184,0.025,0.007507083663461858,0.008725947347847887,0.0031233445928063085,0.015,0.0011068613932257109,0.0042633461873723705,0.0003407473561730946,0.005
2026-09-29 04:38:18,0.02282378721474404,0.016706203472943104,0.021292493733718013,0.035,0.007507083663461858,0.008725947347847887,0.0031233445928063085,0.015,0.0011068613932257109,0.0042633461873723705,0.0003407473561730946,0.005
2026-09-29 04:53:18,0.02554617110294284,0.017799115411807787,0.024166099855322254,0.04,0.007507083663461858,0.008725947347847887,0.0031233445928063085,0.015,0.0011068613932257109,0.0042633461873723705,0.0003407473561730946,0.005
2026-09-29 05:08:18,0.02891740447660579,0.019529269537406545,0.026591040120914962,0.045,0.00861212024211908,0.010179042479473852,0.003742549191529371,0.02,0.004263036513208561,0.0089975944695213,0.0007687677799974172,0.01
2026-09-29 05:23:18,0.0373282711070176,0.028784643086209136,0.035922297476302247,0.055,0.00861212024211908,0.010179042479473852,0.003742549191529371,0.02,0.004263036513208561,0.0089975944695213,0.0007687677799974172,0.01
2026-09-29 05:38:18,0.04195030835591667,0.0329601492473675,0.038541283950548774,0.06,0.00861212024211908,0.010179042479473852,0.003742549191529371,0.02,0.004263036513208561,0.0089975944695213,0.0007687677799974172,0.01
2026-09-29 05:53:18,0.05834560054359396,0.04273638036420107,0.053754466047870444,0.08,0.01383192004489984,0.013466882051156093,0.006345788516434526,0.03,0.004263036513208561,0.0089975944695213,0.0007687677799974172,0.01
2026-09-29 06:08:18,0.07367582899068194,0.054286768220133806,0.06711106552578885,0.1,0.02144165928850539,0.0180415633454316,0.008025274390891596,0.04,0.004263036513208561,0.0089975944695213,0.0007687677799974172,0.01
2026-09-29 06:23:18,0.0804578067954591,0.06112704145145202,0.0768572930610348,0.11,0.02144165928850539,0.0180415633454316,0.008025274390891596,0.04,0.004263036513208561,0.0089975944695213,0.0007687677799974172,0.01
2026-09-29 06:38:18,0.08986114637192773,0.06996450857848775,0.08750200116005351,0.125,0.02144165928850539,0.0180415633454316,0.008025274390891596,0.04,0.00608589771518187,0.012787104047297604,0.001180388914838995,0.015
2026-09-29 06:53:18,0.09886492909589555,0.07655441954359325,0.09536022348372736,0.14,0.02144165928850539,0.0180415633454316,0.008025274390891596,0.04,0.0098580291273873,0.016974696207248386,0.0015491309974277967,0.02
2026-09-29 07:08:18,0.10669355710395584,0.08324187313434138,0.10393318729674351,0.15,0.02557819480710498,0.0191459699029834,0.00907076470379339,0.045,0.012777026895150208,0.018895121081186843,0.0016801647668889493,0.025
2026-09-29 07:23:18,0.1132300128472106,0.08866321340038594,0.11240966750174639,0.16,0.027877482455264925,0.02025001206160632,0.010057111178770914,0.05,0.012777026895150208,0.018895121081186843,0.0016801647668889493,0.025
2026-09-29 07:38:18,0.13088882160555687,0.10052567698342826,0.12859438740811388,0.185,0.0285741050425437,0.023316690257029104,0.01075094379471213,0.055,0.012777026895150208,0.018895121081186843,0.0016801647668889493,0.025
2026-09-29 07:53:18,0.13521191539577973,0.10356367977627487,0.13520853704017788,0.195,0.03201942248888787,0.02819670790852896,0.012059731854724174,0.06,0.01684542988970791,0.02235212855349686,0.0020297318016150394,0.03
2026-09-29 08:08:18,0.13521191539577973,0.10356367977627487,0.13520853704017788,0.195,0.03201942248888787,0.02819670790852896,0.012059731854724174,0.06,0.01684542988970791,0.02235212855349686,0.0020297318016150394,0.03
2026-09-29 08:23:18,0.1378413150598527,0.10741495165471283,0.13821507266575106,0.2,0.03201942248888787,0.02819670790852896,0.012059731854724174,0.06,0.01684542988970791,0.02235212855349686,0.0020297318016150394,0.03
2026-09-29 08:38:18,0.14169282618017018,0.11369071124182345,0.1427541974889098,0.21,0.03201942248888787,0.02819670790852896,0.012059731854724174,0.06,0.01684542988970791,0.02235212855349686,0.0020297318016150394,0.03
2026-09-29 08:53:18,0.14169282618017018,0.11369071124182345,0.1427541974889098,0.21,0.03201942248888787,0.02819670790852896,0.012059731854724174,0.06,0.01684542988970791,0.02235212855349686,0.0020297318016150394,0.03
2026-09-29 09:08:18,0.14311165378336085,0.11616457778775778,0.14695190834969518,0.215,0.03417558068070798,0.03291738983908287,0.013360744214450253,0.065,0.01684542988970791,0.02235212855349686,0.0020297318016150394,0.03
2026-09-29 09:23:18,0.14477612269800214,0.12087620475416035,0.15149014495485286,0.22,0.03417558068070798,0.03291738983908287,0.013360744214450253,0.065,0.01684542988970791,0.02235212855349686,0.0020297318016150394,0.03
2026-09-29 09:38:18,0.14691947957771373,0.12437539659971637,0.15424909682060425,0.225,0.03417558068070798,0.03291738983908287,0.013360744214450253,0.065,0.025212050321363203,0.029273432282038152,0.0027856298024727293,0.04
2026-09-29 09:53:18,0.17871753653987033,0.1458535780703927,0.18227988581835294,0.27,0.04241377312447944,0.043644276535023285,0.01837046131060304,0.085,0.034578424802946366,0.034811671695127194,0.0033081809785251775,0.05
2026-09-29 10:08:18,0.19449706370180236,0.16633123995081103,0.2023926474242912,0.305,0.05253197207696828,0.05699480193348338,0.02203394387934268,0.105,0.034578424802946366,0.034811671695127194,0.0033081809785251775,0.05
2026-09-29 10:23:18,0.19896332341448758,0.17227487758589546,0.2086150641100111,0.315,0.05408897339995059,0.058545498669190794,0.022623433610862394,0.11,0.034578424802946366,0.034811671695127194,0.0033081809785251775,0.05
2026-09-29 10:38:18,0.20069571016527113,0.17420067311892026,0.21237313755216514,0.32,0.062410912535945884,0.06915670936640955,0.026001977770605252,0.125,0.035735534275411554,0.03780146559489735,0.0035465858664850687,0.055
2026-09-29 10:53:18,0.21370176874661054,0.19342083377458832,0.2333599760395714,0.35,0.0726347266796668,0.08133624018554039,0.030292704764471396,0.145,0.043132515271163824,0.045793227386372835,0.004177827369289161,0.07
2026-09-29 11:08:18,0.2171861968657197,0.1982900083378306,0.23822206822227332,0.355,0.079206917098712,0.08705638834240012,0.03340665751679604,0.16,0.043132515271163824,0.045793227386372835,0.004177827369289161,0.07
2026-09-29 11:23:18,0.2185273846277155,0.20177824302301384,0.24127315321609363,0.36,0.08191314246848974,0.08826611418082285,0.034838970264536966,0.165,0.04787841210903614,0.05059075344730357,0.004601090105876392,0.075
2026-09-29 11:38:18,0.22698106874815432,0.20611177684226378,0.24825020615817903,0.37,0.08191314246848974,0.08826611418082285,0.034838970264536966,0.165,0.05180767245154633,0.05145884523874429,0.00479321345585419,0.08
2026-09-29 11:53:18,0.22698106874815432,0.20611177684226378,0.24825020615817903,0.37,0.0923248778071484,0.09727298613203829,0.037965845591544624,0.18,0.05180767245154633,0.05145884523874429,0.00479321345585419,0.08
2026-09-29 12:08:18,0.2466656916109772,0.22770920596714592,0.2695840606128966,0.405,0.10103147411601536,0.10421743486288143,0.04011375391177985,0.19,0.05180767245154633,0.05145884523874429,0.00479321345585419,0.08
2026-09-29 12:23:18,0.27758438792203133,0.25196393821851265,0.2988351060956302,0.45,0.12505024896476827,0.12998852439086658,0.048453307891695045,0.23,0.057682407381088846,0.05690368448407194,0.005819915113463321,0.095
2026-09-29 12:38:18,0.3004379746403708,0.2789948178470366,0.3290425687848301,0.5,0.1421263279476972,0.14711933182917059,0.0559272072131635,0.265,0.07789579196120022,0.07637492713228791,0.0077641607667962385,0.125
2026-09-29 12:53:18,0.314323856487666,0.287609918158471,0.3391655391686729,0.52,0.1573240491594971,0.15859443536604695,0.05994403913004018,0.29,0.08197403679623615,0.08153858489754129,0.00852834090986395,0.135
2026-09-29 13:08:18,0.36058596441751267,0.33195883538985893,0.3908044354969835,0.6,0.17689301755826964,0.180131094580501,0.06926855265451727,0.34,0.09296687263296674,0.0861778678234178,0.009641882938523234,0.15
2026-09-29 13:23:18,0.38367621894081355,0.3582960485917175,0.41560449730252225,0.64,0.19020161943026942,0.18987627620498757,0.0747822131696858,0.365,0.09516257330850904,0.09116393064315298,0.010010918972211897,0.155
2026-09-29 13:38:18,0.430963267153941,0.4013768943014951,0.4731510715307084,0.73,0.20707376359626398,0.21176983260161975,0.08045209117813198,0.395,0.1033761168036557,0.104026838089816,0.011010005615287897,0.17
2026-09-29 13:53:18,0.46942675911693066,0.44368543563966817,0.5147377874955764,0.795,0.21809703772029157,0.2237005282852141,0.0838501151726976,0.415,0.10908539569158388,0.10780765242683875,0.011753180057472492,0.18
2026-09-29 14:08:18,0.5024545588894594,0.4641238283368742,0.5526256752644261,0.855,0.23939842581021228,0.2483536961401641,0.09204756027136338,0.46,0.11302814717699325,0.11299395933136293,0.012446283128383553,0.19
2026-09-29 14:23:18,0.5460754421571278,0.5160387013185471,0.6146775819612489,0.945,0.25910426797241876,0.27477828260552944,0.09984176323505063,0.495,0.11302814717699325,0.11299395933136293,0.012446283128383553,0.19
2026-09-29 14:38:18,0.5746791345743976,0.5416002094903197,0.6462771256450598,0.995,0.27384767775364194,0.2967819222588313,0.10683884452780154,0.525,0.11826976877851103,0.12177270119815153,0.013175879696631265,0.2
2026-09-29 14:53:18,0.6108705144100801,0.5786967265035287,0.691896584774094,1.07,0.29372567190371063,0.3203712873868935,0.11474195341375105,0.565,0.13757527236855405,0.14088929661531946,0.01494452469574417,0.235
2026-09-29 15:08:18,0.6504418714648073,0.6112890484944128,0.737761420526532,1.135,0.3158934687982517,0.34130304769103614,0.11960905148454941,0.595,0.14503227577862912,0.14491440239243078,0.015746476880755204,0.245
2026-09-29 15:23:18,0.6994812857627355,0.6574046141446515,0.7990158768529164,1.225,0.3489396851112892,0.37109639123373583,0.12951785978267236,0.65,0.15250342659350244,0.15649978819825905,0.01707119468241695,0.265
2026-09-29 15:38:18,0.7438672690009067,0.6977471807871805,0.8509161712865668,1.295,0.3587029949746286,0.3818920367597188,0.13513024994503497,0.675,0.16031575323914307,0.16448974688829687,0.017987532267699464,0.28
2026-09-29 15:53:18,0.7643634139983165,0.7189690244595012,0.8665939937284103,1.325,0.3761984286602762,0.39821140186484544,0.14135527941623657,0.705,0.16793437364316235,0.172535683062624,0.018603704497000464,0.29
2026-09-29 16:08:18,0.784083334731835,0.7407789339309137,0.8873497266655834,1.36,0.3776721495469956,0.40340864967414,0.14336607926220216,0.715,0.16937193135585568,0.17720664035694775,0.018824674594670642,0.295
2026-09-29 16:23:18,0.7940379450684893,0.7541235709078785,0.9015690215998124,1.38,0.37904090070671326,0.4079873514601804,0.1446583706524952,0.72,0.18025243667556154,0.1852798653862243,0.019699717580957635,0.31
2026-09-29 16:38:18,0.8520649065064982,0.8108909100949094,0.9679895680041725,1.485,0.404587953973225,0.43541445392506695,0.15340480999899966,0.765,0.1870787432279456,0.19000186115883427,0.020227783585601317,0.32
2026-09-29 16:53:18,0.9110411994356796,0.8675791662876972,1.029525275585774,1.585,0.4324727801378007,0.4626595968364434,0.16424018379309208,0.82,0.19278698705333008,0.19897145897900434,0.021086391013596932,0.33
2026-09-29 17:08:18,0.9470809336041139,0.8947977392848615,1.0759952433987643,1.64,0.44286289185927,0.4700142557677582,0.16609188561639787,0.835,0.19278698705333008,0.19897145897900434,0.021086391013596932,0.33
2026-09-29 17:23:18,0.9516474323314967,0.9029461905727183,1.0859197485919565,1.655,0.46906891467538536,0.49619703551674216,0.1757441002073652,0.88,0.20360076716933168,0.20881337182424248,0.02165691747085591,0.345
2026-09-29 17:38:18,0.9855510339390321,0.9398171835539615,1.1285392665017624,1.715,0.5019439906202514,0.5219612433290182,0.1858970173486207,0.93,0.2125189024062447,0.21811562263214435,0.022431882979969696,0.36
2026-09-29 17:53:18,0.9971738735951239,0.9567623118595807,1.1462486728255765,1.74,0.5236420463488899,0.5373748916212647,0.192864060958055,0.965,0.2190996302383512,0.22275029738040275,0.02327433863681782,0.37
2026-09-29 18:08:18,1.0302133524727148,0.9942109159136644,1.1911573470634635,1.81,0.5499237676924651,0.5665718123021173,0.2034557247386125,1.01,0.22729979258890595,0.2391206579739961,0.02524455219236462,0.395
2026-09-29 18:23:18,1.0823155717328503,1.0449102177131293,1.2589082347674205,1.915,0.583686044081314,0.5927350958291352,0.21265629443302728,1.055,0.24134536310068613,0.25272774828230427,0.02715867980473838,0.42
2026-09-29 18:38:18,1.1309655255608901,1.094061859743484,1.3173511974164498,2.005,0.5971652718551032,0.6091758036821671,0.2176483918596182,1.08,0.24930371140168342,0.26084973984404797,0.028234189508414283,0.435
2026-09-29 18:53:18,1.1835691455336486,1.144837253884953,1.3715043307976476,2.1,0.624755249369053,0.6374654912006099,0.22987855875114382,1.135,0.2561109210919883,0.2697453940271385,0.028822080875579567,0.445
2026-09-29 19:08:18,1.2285682446703563,1.194579189856696,1.4335586842612773,2.19,0.6356362826899433,0.6497438291929682,0.23426212886263187,1.155,0.2637481482842521,0.27903025307851925,0.02969956512358668,0.455
2026-09-29 19:23:18,1.2774627976096566,1.2347477975636318,1.4869882721167456,2.28,0.6598576437155548,0.6706348086300022,0.2433309365623131,1.195,0.27130172275537995,0.2913481796371871,0.030768952769517757,0.475
2026-09-29 19:38:18,1.34061535032947,1.290316969121208,1.5603072464143584,2.385,0.6930315697698346,0.6944403661895211,0.25215443228977524,1.245,0.27130172275537995,0.2913481796371871,0.030768952769517757,0.475
2026-09-29 19:53:18,1.3630011280025482,1.311708715026292,1.5853338406824586,2.425,0.7074086322014557,0.7072225274016513,0.2557071391199711,1.265,0.2807904313471721,0.29827469566536463,0.03162383233206278,0.49
2026-09-29 20:08:18,1.3844116581450319,1.3366276687165446,1.6111109443041838,2.46,0.7193541101565815,0.7184530602667621,0.25901902457267056,1.28,0.2930653355322777,0.3087733116613106,0.03311489450241167,0.51
2026-09-29 20:23:18,1.4120880544005576,1.363159645082756,1.640400495782083,2.51,0.729424254777184,0.7287270470698968,0.2627323929651947,1.3,0.3009868539643225,0.3149107567424043,0.03383809797790669,0.52
2026-09-29 20:38:18,1.463174635949456,1.4139105529559886,1.7067678574283616,2.61,0.7660750437513888,0.7684550905061103,0.2757356271324865,1.37,0.3127736881210368,0.3278142070700162,0.035309501349674206,0.545
2026-09-29 20:53:18,1.5168842652159789,1.4580066662970814,1.7581436071191627,2.69,0.7963596567714992,0.7954511290420105,0.2870149178844181,1.42,0.3321273165426289,0.34213525338927336,0.037072547243967385,0.575
2026-09-29 21:08:18,1.5549426959829975,1.4907573101847469,1.8002134087870556,2.755,0.8184345512263753,0.8199288868900506,0.2969720762165975,1.465,0.3394303068338401,0.34688057530922173,0.0374900562731656,0.585
2026-09-29 21:23:18,1.6070047165437218,1.535961156744559,1.8542925995151458,2.845,0.842282368734347,0.842858974621983,0.30357069776913176,1.5,0.3506618905637662,0.356921756071624,0.03866336420566456,0.605
2026-09-29 21:38:18,1.6432227407239721,1.5855705148838377,1.9104172206039294,2.93,0.8516864316508655,0.8520737813635232,0.3079710513660222,1.52,0.3506618905637662,0.356921756071624,0.03866336420566456,0.605
2026-09-29 21:53:18,1.6481888199078696,1.5903201338171724,1.9138577252879658,2.94,0.8690961879421479,0.8706407393596705,0.31421709157235456,1.55,0.3506618905637662,0.356921756071624,0.03866336420566456,0.605
2026-09-29 22:08:18,1.666002117100739,1.616146017367898,1.9386587096586945,2.98,0.886022614943941,0.8889844547180965,0.3208579716624074,1.58,0.3537257836665652,0.3610990004615391,0.0389082902255917,0.61
2026-09-29 22:23:18,1.69491605380662,1.6468417550544336,1.9777630482210231,3.035,0.9143090172237597,0.9119169741954456,0.3298764907797324,1.63,0.3673861727896807,0.3715758438579881,0.040184690818241976,0.63
2026-09-29 22:38:18,1.7547492424433306,1.7130781095947163,2.066723506561156,3.165,0.9236770305429464,0.9232702027435878,0.33270866263594007,1.645,0.3867954247306619,0.38584458218909845,0.04205507773766245,0.66
2026-09-29 22:53:18,1.8031112126965687,1.7606056284087712,2.1328970931889066,3.27,0.9514570224922637,0.9502975308762918,0.34255543451792314,1.695,0.40854867761698177,0.4101714619148363,0.045143101211290414,0.705
2026-09-29 23:08:18,1.8682345730679994,1.8181867316879712,2.2141421189583896,3.375,0.9791709127573541,0.987779824674076,0.3578064309741233,1.765,0.4197541418113749,0.4207771958437722,0.0458674291397966,0.72
2026-09-29 23:23:18,1.9588754903023693,1.9157690499938764,2.3285470003003743,3.55,1.0265041897880705,1.030283368205651,0.36937015027789033,1.835,0.4429460571409173,0.4436284662718349,0.047880281793252925,0.755
2026-09-29 23:38:18,2.009261957125522,1.9739788775408729,2.4053311293981428,3.66,1.0675004218584356,1.0709501202329577,0.384819369556494,1.915,0.46461927683560683,0.46994472516759006,0.049640525493177524,0.79
2026-09-29 23:53:18,2.0904896904479164,2.0432371144713724,2.4795316189686267,3.78,1.086068343393595,1.0994016927275974,0.3934506624212654,1.96,0.4822185624780248,0.4927289512231094,0.05211584854662847,0.83
2026-09-30 00:08:18,2.154434332881078,2.1125092820941735,2.5571949520399233,3.9,1.0978254214161598,1.1152786401293746,0.3987820570682401,1.99,0.48951404530914194,0.49612367790149786,0.05272581471841814,0.84
2026-09-30 00:23:18,2.1773946389826704,2.1357246046102882,2.580147196113446,3.94,1.1168319168249676,1.1310734757431882,0.40450928358822513,2.02,0.5164870111269069,0.5196701824226709,0.055429352618930006,0.885
2026-09-30 00:38:18,2.2079851795709358,2.1585676191215497,2.6202250647360192,3.99,1.1339093740842072,1.143888538592841,0.4108352358956378,2.05,0.5287119080591018,0.5320048936475572,0.05613949832359614,0.9
2026-09-30 00:53:18,2.2414197099711517,2.191925493614903,2.6611576924969667,4.06,1.140726936447196,1.1537131021229217,0.41460205057580046,2.065,0.5351222978842441,0.5422389729025228,0.0570210508945505,0.915
2026-09-30 01:08:18,2.324005569087294,2.2804342104615274,2.7417596798111235,4.195,1.1702117372650114,1.1879957052052479,0.4253504931043786,2.115,0.5550793176111596,0.5599982464187155,0.05847289263509032,0.94
2026-09-30 01:23:18,2.3506011374509446,2.298201083075381,2.770870664524675,4.235,1.1871325038718048,1.2018000581633441,0.4304964464981403,2.145,0.5609276941880901,0.5638671967200652,0.05925967439634533,0.95
2026-09-30 01:38:18,2.356934723482272,2.3000327403701273,2.780432849736696,4.245,1.1871325038718048,1.2018000581633441,0.4304964464981403,2.145,0.5609276941880901,0.5638671967200652,0.05925967439634533,0.95
2026-09-30 01:53:18,2.3679776717355354,2.311141239935833,2.7957528201573676,4.265,1.1952585661932273,1.2079873977083717,0.43271641792854815,2.155,0.5715522539943677,0.5752237746425207,0.05992155731277043,0.965
2026-09-30 02:08:18,2.3725204029236546,2.312604533203381,2.797990278005018,4.27,1.1952585661932273,1.2079873977083717,0.43271641792854815,2.155,0.5715522539943677,0.5752237746425207,0.05992155731277043,0.965
2026-09-30 02:23:18,2.3733154970519803,2.316516154677705,2.800072668014867,4.275,1.1977512021035686,1.2105314850345679,0.4335720393112525,2.16,0.576188951069652,0.57709134769009,0.060351308075225034,0.97
2026-09-30 02:38:18,2.4002818483149526,2.3407025100381293,2.827519531309903,4.32,1.2005151145599877,1.2153704761871458,0.4347353960945402,2.165,0.576188951069652,0.57709134769009,0.060351308075225034,0.97
2026-09-30 02:53:18,2.410887510369551,2.3549863604968344,2.8465224723833447,4.345,1.2075219041777892,1.2260232931354271,0.43846222175820576,2.18,0.5795394835421074,0.5789297782768726,0.06052016077846941,0.975
2026-09-30 03:08:18,2.421182014487925,2.3701701504141552,2.859947067988302,4.365,1.2097150170846855,1.2277886023615239,0.4396797014899784,2.185,0.5817730158977009,0.58038310923846,0.06094915575304516,0.98
2026-09-30 03:23:18,2.440093373141193,2.395674498362404,2.882183554633214,4.4,1.2097150170846855,1.2277886023615239,0.4396797014899784,2.185,0.5855746671280209,0.5821975362609434,0.06118440207565159,0.985
2026-09-30 03:38:18,2.451689880193147,2.4045961929220665,2.8902855460157615,4.415,1.2141707316961916,1.23061636835476,0.44099327012037637,2.19,0.5855746671280209,0.5821975362609434,0.06118440207565159,0.985
2026-09-30 03:53:18,2.4533928600894686,2.405869321031739,2.893562150734375,4.42,1.2141707316961916,1.23061636835476,0.44099327012037637,2.19,0.5855746671280209,0.5821975362609434,0.06118440207565159,0.985
2026-09-30 04:08:18,2.4541297093409162,2.408232553678697,2.8961296320467276,4.425,1.2168156170747024,1.2317757810542975,0.44192802476821746,2.195,0.5855746671280209,0.5821975362609434,0.06118440207565159,0.985
2026-09-30 04:23:18,2.465946328384503,2.412669585941782,2.904897871226956,4.44,1.2168156170747024,1.2317757810542975,0.44192802476821746,2.195,0.5855746671280209,0.5821975362609434,0.06118440207565159,0.985
2026-09-30 04:38:18,2.4681505933004906,2.4135965879663446,2.908867657853386,4.445,1.2168156170747024,1.2317757810542975,0.44192802476821746,2.195,0.5867833541517253,0.5830704205499666,0.06164908367416697,0.99
2026-09-30 04:53:18,2.48498205463242,2.4299884341617557,2.92831672567905,4.475,1.2229815180187202,1.2415126415999136,0.44406900014432354,2.21,0.5867833541517253,0.5830704205499666,0.06164908367416697,0.99
2026-09-30 05:08:18,2.493139940284809,2.433662186767459,2.932068323218137,4.485,1.22400646824219,1.2459914342430372,0.44474011711072653,2.215,0.5867833541517253,0.5830704205499666,0.06164908367416697,0.99
2026-09-30 05:23:18,2.5033234149773786,2.443626584139965,2.939603252945357,4.5,1.2311997219879016,1.250719929078127,0.44711970785960414,2.225,0.5867833541517253,0.5830704205499666,0.06164908367416697,0.99
2026-09-30 05:38:18,2.5033234149773786,2.443626584139965,2.939603252945357,4.5,1.2311997219879016,1.250719929078127,0.44711970785960414,2.225,0.5867833541517253,0.5830704205499666,0.06164908367416697,0.99
2026-09-30 05:53:18,2.5188505089800377,2.4527032543086817,2.9531386627607663,4.525,1.2311997219879016,1.250719929078127,0.44711970785960414,2.225,0.5867833541517253,0.5830704205499666,0.06164908367416697,0.99
2026-09-30 06:08:18,2.5331305772339596,2.4716522302556294,2.96766256052809,4.55,1.2311997219879016,1.250719929078127,0.44711970785960414,2.225,0.5867833541517253,0.5830704205499666,0.06164908367416697,0.99
2026-09-30 06:23:18,2.544906943602682,2.482894305734366,2.975614439080008,4.565,1.2373682888348598,1.2594758219742626,0.4502043923109715,2.24,0.5867833541517253,0.5830704205499666,0.06164908367416697,0.99
2026-09-30 06:38:18,2.5525759160648427,2.4915250324061464,2.9836322622697202,4.58,1.2430253412459125,1.268240892845782,0.45227391500412323,2.255,0.5874284849160919,0.5862795693960866,0.06198287357489633,0.995
2026-09-30 06:53:18,2.5627468747673827,2.5016870811353114,2.9990231493206365,4.605,1.249448341428044,1.2743649705532751,0.45482427538860154,2.265,0.5910532262888091,0.5892709793644026,0.06214746647954285,1.0
2026-09-30 07:08:18,2.566228413515344,2.5035344599121734,3.0028247103858146,4.61,1.2550652277570282,1.2774483327257387,0.45761844398038376,2.275,0.5910532262888091,0.5892709793644026,0.06214746647954285,1.0
2026-09-30 07:23:18,2.5670225657984185,2.5068116837579844,3.004473882348745,4.615,1.2550652277570282,1.2774483327257387,0.45761844398038376,2.275,0.5952122029871281,0.5899015199191869,0.06238089141702743,1.005
2026-09-30 07:38:18,2.5706493336011276,2.5129006698989964,3.014088599089341,4.63,1.2562055049237577,1.2783284171316653,0.458483481859837,2.28,0.5952122029871281,0.5899015199191869,0.06238089141702743,1.005
2026-09-30 07:53:18,2.581229230272264,2.5205185834970893,3.0239883937839283,4.645,1.2577437822847286,1.2792655217342535,0.4594647816328148,2.285,0.5952122029871281,0.5899015199191869,0.06238089141702743,1.005
2026-09-30 08:08:18,2.5830440624632813,2.5235182125122444,3.025920216988241,4.65,1.2620622216101294,1.2840633697424009,0.4613934028419618,2.295,0.5952122029871281,0.5899015199191869,0.06238089141702743,1.005
2026-09-30 08:23:18,2.5830440624632813,2.5235182125122444,3.025920216988241,4.65,1.2637196533848924,1.2879936870279765,0.46258781714969804,2.3,0.5952122029871281,0.5899015199191869,0.06238089141702743,1.005
2026-09-30 08:38:18,2.5880543449789912,2.5265690800697684,3.0294462428782585,4.66,1.2685208601204754,1.2919921774046246,0.46356049124426535,2.305,0.5952122029871281,0.5899015199191869,0.06238089141702743,1.005
2026-09-30 08:53:18,2.5926168273400623,2.534484426124966,3.0368413835883725,4.67,1.2685208601204754,1.2919921774046246,0.46356049124426535,2.305,0.5952122029871281,0.5899015199191869,0.06238089141702743,1.005
2026-09-30 09:08:18,2.601646233660714,2.544875659177546,3.0472652467324965,4.685,1.2715863041176678,1.2995053493080533,0.46512704111842945,2.315,0.5952122029871281,0.5899015199191869,0.06238089141702743,1.005
2026-09-30 09:23:18,2.6054716061444667,2.5479212552582977,3.0508235573065963,4.69,1.2715863041176678,1.2995053493080533,0.46512704111842945,2.315,0.5952122029871281,0.5899015199191869,0.06238089141702743,1.005
2026-09-30 09:38:18,2.6241799712850393,2.5720553143442375,3.0789887541202265,4.73,1.2864194946764758,1.3131414215065071,0.4708304446458989,2.345,0.6030668880594959,0.5939897013327817,0.06287157930947027,1.015
2026-09-30 09:53:18,2.644807347293386,2.5985220029490286,3.1011443413873,4.77,1.3136246397602043,1.3307372565846605,0.47719961985023523,2.385,0.6114393925007632,0.6051086473956839,0.06459325526766625,1.035
2026-09-30 10:08:18,2.6818472363283274,2.63794410051938,3.1475422554426564,4.84,1.3302431273147886,1.3486617948794763,0.48158921098096874,2.41,0.615164837114065,0.6125471624944374,0.06554214107747966,1.045
2026-09-30 10:23:18,2.7261183643835625,2.6892227725996904,3.20040786070229,4.92,1.3379546029158922,1.3527307636745927,0.48351497981326924,2.42,0.6269377140314648,0.6249239267766175,0.06703373141770308,1.07
2026-09-30 10:38:18,2.7312451607091903,2.700752409936206,3.210582727552572,4.935,1.3476603991943599,1.3611016256700643,0.4873095523356198,2.44,0.6335916407953037,0.6284758898035451,0.06763575154868008,1.08
2026-09-30 10:53:18,2.7563719322905524,2.7277826551618647,3.2416224431345757,4.99,1.3583617629523603,1.3729429352161886,0.49083683715341325,2.46,0.6335916407953037,0.6284758898035451,0.06763575154868008,1.08
2026-09-30 11:08:18,2.793358379328501,2.770796522691825,3.289475522735102,5.07,1.3672671073622522,1.3831408186002512,0.4942898356177901,2.475,0.6385242101674768,0.6321861712088368,0.06826067844616414,1.09
2026-09-30 11:23:18,2.8225416088295345,2.8008923395132204,3.3240047388317016,5.12,1.382330989596336,1.3933873665509657,0.4975635546076337,2.495,0.641370809972463,0.6353156308972343,0.06859328961147328,1.095
2026-09-30 11:38:18,2.8534152309821916,2.837723696505281,3.36617965658041,5.185,1.3997199011270909,1.4040438416715457,0.5033897829641872,2.525,0.6475261561614697,0.6407391450436903,0.06941135766470265,1.11
2026-09-30 11:53:18,2.8893284363891993,2.8757769706996226,3.3997293707369907,5.245,1.4150686313487568,1.4215566377364097,0.5087636007856738,2.555,0.661650313457125,0.6548185567793418,0.07063904245559365,1.135
2026-09-30 12:08:18,2.9278561158936607,2.9139268913093566,3.439702153606144,5.315,1.4326500138759128,1.4426254485602175,0.514998320951041,2.59,0.6683217608958195,0.6596423542609946,0.07122837409198153,1.145
2026-09-30 12:23:18,2.948965830281135,2.9323750868332366,3.456257441435044,5.35,1.4468115347397124,1.4531415543573516,0.5186006982228271,2.61,0.6683217608958195,0.6596423542609946,0.07122837409198153,1.145
2026-09-30 12:38:18,2.9947045323202586,2.970286144166812,3.499466463861135,5.42,1.4892520614948974,1.4854378439968212,0.5319758929652663,2.67,0.683263280309558,0.6724280328774793,0.07232437294902436,1.17
2026-09-30 12:53:18,3.0353766634316557,3.004361964520506,3.537628290804813,5.475,1.5096262223407433,1.5051129492307256,0.5382000218618628,2.705,0.6916837679949929,0.6847018312790499,0.07315781398017647,1.185
2026-09-30 13:08:18,3.060354556666421,3.02568106055027,3.5676892713293067,5.52,1.5169206415900016,1.5142349461945355,0.5418375849521758,2.72,0.6932792748407144,0.6894781664494637,0.07330749230219377,1.19
2026-09-30 13:23:18,3.0740236599329145,3.0353733739817925,3.577449976626721,5.54,1.5331361266420664,1.5297566786402597,0.5491127164316157,2.755,0.6986169034387991,0.699187429200276,0.07396946769034893,1.2
2026-09-30 13:38:18,3.1452966558221327,3.1035939598294373,3.655140764641591,5.66,1.570796753208774,1.566147773209781,0.5652625832924806,2.835,0.7159983776858057,0.712527201637516,0.07556496515839645,1.23
2026-09-30 13:53:18,3.200731664632608,3.179840454781207,3.734152685484689,5.785,1.615685565923131,1.6195317951529309,0.5803712569774787,2.91,0.7336385575327661,0.7304395479395841,0.0771503142047947,1.255
2026-09-30 14:08:18,3.2641410450515322,3.2414535098584207,3.8092951440852523,5.905,1.6554451408307198,1.6517946541795994,0.5943705398368173,2.98,0.7505308786340804,0.751394944648117,0.0794656068472584,1.29
2026-09-30 14:23:18,3.3371485448585445,3.3145399514251315,3.893659112767085,6.035,1.6850610730689155,1.675467988146446,0.6036652735453437,3.03,0.7815094799602875,0.7848117157660484,0.08266891834687569,1.345
2026-09-30 14:38:18,3.409583072843385,3.377436083282093,3.9674658791091373,6.145,1.7077249401497436,1.691035669935632,0.6105148886072083,3.065,0.8058052928472056,0.8097358777613952,0.08565784201265976,1.385
2026-09-30 14:53:18,3.4757417666818453,3.4416906504777316,4.031640878920787,6.255,1.7413444308599095,1.725136204285442,0.6238834579764846,3.13,0.8194767334651588,0.8263526805076411,0.08757875550294433,1.415
2026-09-30 15:08:18,3.557021974910036,3.516254961921422,4.114763979974539,6.385,1.7766833760976481,1.7682043441025368,0.6365949901884428,3.195,0.8361064951088955,0.848471902694891,0.0901003835106199,1.45
2026-09-30 15:23:18,3.640250518683707,3.602226498155047,4.216945613452806,6.545,1.8198928979331788,1.8171081053448324,0.6517896490336452,3.28,0.8481584954729315,0.8618458811812767,0.09149046549369891,1.475
2026-09-30 15:38:18,3.6936860539476557,3.6445957274461573,4.274489065297979,6.635,1.8307043784045933,1.833468654453001,0.6565460210672065,3.305,0.8571562026094154,0.8701785816443338,0.09322571652287748,1.495
2026-09-30 15:53:18,3.732341103269345,3.6810995881799773,4.315877390112812,6.7,1.8783952949819693,1.8718658236454913,0.6690302083843558,3.375,0.8702068990716774,0.8789904276967069,0.09425844315831595,1.515
2026-09-30 16:08:18,3.7679533820850883,3.7240715989067503,4.360714564751701,6.77,1.8899228472169578,1.8894195336577444,0.674608367520571,3.4,0.8721276956303794,0.8818268405169248,0.0946987300109768,1.52
2026-09-30 16:23:18,3.786378407868962,3.743982169236068,4.3831363627928495,6.81,1.9028660693293482,1.9057842192127235,0.6778028557910595,3.42,0.8780231513338242,0.8877353920811545,0.09579692142132253,1.535
2026-09-30 16:38:18,3.828104399905969,3.781273805276586,4.420313806649729,6.875,1.9135262865313596,1.9134311831860287,0.6816739726662515,3.44,0.8924051943226973,0.9022628691395012,0.09748510545277951,1.56
2026-09-30 16:53:18,3.8549636842737,3.802275124490507,4.450272941682207,6.92,1.925521174855049,1.9253516296324542,0.687833891350373,3.47,0.9105210789552085,0.9156319247406146,0.09927634612311187,1.585
2026-09-30 17:08:18,3.896495450423613,3.848494312979776,4.4948671221010335,6.995,1.9492399448020816,1.9585954762433835,0.6949134832215628,3.515,0.923927156595823,0.92661843534867,0.10055792481720904,1.605
2026-09-30 17:23:18,3.9290173815610685,3.883838622121846,4.5493388097139595,7.07,1.981504424761582,1.9896982614366308,0.7047537819420406,3.57,0.9267566239921203,0.929997458836891,0.10079331224981752,1.61
2026-09-30 17:38:18,3.9889425736264403,3.9439031680844434,4.6151711546239715,7.175,2.0008581703393844,2.010934794834669,0.712341748064589,3.61,0.9334429209302838,0.9361741918307097,0.101481477845652,1.62
2026-09-30 17:53:18,4.037929521666144,3.992666810240904,4.676430154572113,7.275,2.0119457114398975,2.0251843257426,0.7163601794602666,3.63,0.9552524161405874,0.9561997527478752,0.10360036860150403,1.655
2026-09-30 18:08:18,4.105246398586829,4.059928652346087,4.760942968740302,7.4,2.035246471278272,2.0468435714084348,0.7224114382713444,3.665,0.9727136967037574,0.977381696639302,0.1055885025029728,1.685
2026-09-30 18:23:18,4.191500485751879,4.131410384665563,4.849922066454146,7.54,2.0685835822849508,2.0877652226952215,0.7363818146258048,3.74,0.9975917877871215,0.9950902465140802,0.1075859302661043,1.72
2026-09-30 18:38:18,4.24130674207981,4.194380502189205,4.921210250117839,7.645,2.0953614064488377,2.113391316776006,0.7442511579913417,3.78,1.008877480714134,1.0062528122220746,0.10907941210865119,1.74
2026-09-30 18:53:18,4.280358547140575,4.23555709968651,4.9759091768958825,7.72,2.1210390964202315,2.142762883400522,0.7557154306478666,3.835,1.0161886790674473,1.0141706668209611,0.10964600221618954,1.755
2026-09-30 19:08:18,4.374012166517814,4.331748686277322,5.075074777747739,7.88,2.157579554923794,2.1785475652417783,0.7702202511176827,3.9,1.0437829840265584,1.0431282210751496,0.11262648909847722,1.8
2026-09-30 19:23:18,4.43775453243961,4.409954907287914,5.15706601069856,8.01,2.207778215797688,2.229368545471534,0.7854647469606575,3.985,1.06971768465524,1.0748581737239649,0.11621224655591238,1.85
2026-09-30 19:38:18,4.5128802444243235,4.482664419778789,5.246582965301167,8.15,2.260066155037486,2.2683077642437097,0.8007402997423819,4.065,1.0837701881673563,1.0901360858247344,0.11753810400115582,1.875
2026-09-30 19:53:18,4.561149543144993,4.525425207508495,5.291032813555099,8.225,2.280746671276238,2.2873077075266965,0.8067952300081208,4.095,1.0899123837558047,1.1024352153354358,0.11901883400261645,1.895
2026-09-30 20:08:18,4.592923612137802,4.556526976051738,5.321174086247177,8.285,2.289849287472569,2.296582483182243,0.8095953002008226,4.11,1.101181563999735,1.1111327110052223,0.12015997606092371,1.91
2026-09-30 20:23:18,4.6212457177043555,4.584233798455982,5.362069644155052,8.34,2.3104206783179744,2.317783635019299,0.8174025759498652,4.145,1.119709985919046,1.1234729625125444,0.12154125729039664,1.935
2026-09-30 20:38:18,4.65894349715207,4.618443848759199,5.393098831735277,8.4,2.3326599569465256,2.3405914279355433,0.8263595644252885,4.185,1.1289153295549523,1.1357196989254112,0.12271319581482862,1.96
2026-09-30 20:53:18,4.688882437603431,4.656957381753196,5.431343086488161,8.46,2.349488011914784,2.3556996543032227,0.8331600303623202,4.215,1.1399216192422712,1.143548128390883,0.12375381785741817,1.975
2026-09-30 21:08:18,4.7489037846306275,4.7198321710132465,5.510825942469642,8.57,2.3623638675914416,2.3663858402724194,0.8361716805252752,4.235,1.15277029663565,1.1575621580078517,0.12570082551933626,2.005
2026-09-30 21:23:18,4.789964385573339,4.763456940277454,5.556880637552085,8.645,2.3796793256652,2.387380872859142,0.8418429915382996,4.265,1.1542041693395948,1.161848232658393,0.12611750066824565,2.01
2026-09-30 21:38:18,4.827495146488404,4.799830341212914,5.597137649749303,8.715,2.3821010564209213,2.389115718800462,0.8427690814290891,4.27,1.1584093304071699,1.1709075854532514,0.12689082582926317,2.025
2026-09-30 21:53:18,4.8649203067079805,4.833688803379535,5.636676617574638,8.775,2.4015151059219733,2.4147389585083174,0.8505435109902311,4.31,1.1706005530345267,1.1819721105491279,0.12799762812286308,2.045
2026-09-30 22:08:18,4.881245247945804,4.8423084083815136,5.650313056432663,8.795,2.423077388017779,2.438100790371245,0.8579507943806716,4.35,1.1730686928364213,1.1857527015745934,0.1283934414921688,2.05
2026-09-30 22:23:18,4.8927116881835,4.852338724490083,5.66404302857995,8.815,2.4251675114219378,2.442017227274193,0.8586332750486861,4.355,1.1760714077337746,1.1882853026057105,0.12884606987323302,2.055
2026-09-30 22:38:18,4.922415087786226,4.876900861020612,5.697007722839255,8.86,2.427033899310773,2.4454851522981,0.8591333681890757,4.36,1.1841538822128705,1.1950339560281529,0.1291177479443453,2.065
2026-09-30 22:53:18,4.987789318661882,4.926785407847101,5.777761601951033,8.97,2.4448949725222793,2.470313192890298,0.866935630624797,4.4,1.1894458944354451,1.202034811080777,0.12944471972796828,2.075
2026-09-30 23:08:18,4.987789318661882,4.926785407847101,5.777761601951033,8.97,2.4448949725222793,2.470313192890298,0.866935630624797,4.4,1.1894458944354451,1.202034811080777,0.12944471972796828,2.075
2026-09-30 23:23:18,5.013403855063562,4.953043631999306,5.807957743964612,9.025,2.4601430400890574,2.488649715750779,0.8750952311889526,4.44,1.2062434383321092,1.2119049181057977,0.13091394237591983,2.1
2026-09-30 23:38:18,5.04689834963723,4.986747432256399,5.843286941626072,9.075,2.4650935157776335,2.4960853998818457,0.8768468504216298,4.45,1.207171344305548,1.2130719150914182,0.13137313175892992,2.105
2026-09-30 23:53:18,5.067743015400187,5.0059097232999825,5.859529737154652,9.11,2.4871969576898523,2.5156009686255616,0.8846463286876891,4.49,1.208613451690094,1.2177749260159791,0.1317041191197036,2.11
2026-10-01 00:08:18,5.1068879013170365,5.054762313776372,5.905383109258444,9.185,2.4971973964204524,2.5248631323275545,0.8876009493359323,4.505,1.2165180668903837,1.2221432421741654,0.1322670080462694,2.12
2026-10-01 00:23:18,5.142995129920608,5.089891409562805,5.944881600924252,9.245,2.5144096455696703,2.5396853534008037,0.8938958674875284,4.53,1.223900095897803,1.2327320167052207,0.13335763062162917,2.14
2026-10-01 00:38:18,5.15605632161219,5.10642376369773,5.962984828211176,9.275,2.5306671012580817,2.5577867740936218,0.8992650676728176,4.56,1.223900095897803,1.2327320167052207,0.13335763062162917,2.14
2026-10-01 00:53:18,5.168837052695832,5.115876040197803,5.979015073190893,9.295,2.5357986052908656,2.566860744977785,0.902044699827863,4.575,1.223900095897803,1.2327320167052207,0.13335763062162917,2.14
2026-10-01 01:08:18,5.1697447150857645,5.120619222741599,5.9815116564341695,9.3,2.5434740285100954,2.5696192254063153,0.904368319261808,4.585,1.223900095897803,1.2327320167052207,0.13335763062162917,2.14
2026-10-01 01:23:18,5.187278216036047,5.1330721271468285,5.995308947079719,9.325,2.5472687132430347,2.5714947492371674,0.9056359851864628,4.59,1.223900095897803,1.2327320167052207,0.13335763062162917,2.14
2026-10-01 01:38:18,5.189795122922242,5.135515823357423,5.9994957381812855,9.33,2.5472687132430347,2.5714947492371674,0.9056359851864628,4.59,1.223900095897803,1.2327320167052207,0.13335763062162917,2.14
2026-10-01 01:53:18,5.209872594107383,5.151922458759236,6.01952109549322,9.37,2.5472687132430347,2.5714947492371674,0.9056359851864628,4.59,1.2252031728737072,1.2355175324513916,0.13378094629649556,2.145
2026-10-01 02:08:18,5.223835693321734,5.1684539506649845,6.0335908360233015,9.395,2.5472687132430347,2.5714947492371674,0.9056359851864628,4.59,1.230095321434995,1.2361883813180945,0.13407344676947042,2.15
2026-10-01 02:23:18,5.223835693321734,5.1684539506649845,6.0335908360233015,9.395,2.549754416058078,2.57456504616977,0.9069193831526176,4.595,1.230095321434995,1.2361883813180945,0.13407344676947042,2.15
2026-10-01 02:38:18,5.233325508278829,5.180036052299924,6.043488667381564,9.41,2.549754416058078,2.57456504616977,0.9069193831526176,4.595,1.230095321434995,1.2361883813180945,0.13407344676947042,2.15
2026-10-01 02:53:18,5.242099088492907,5.189775418898231,6.05291370810543,9.42,2.549754416058078,2.57456504616977,0.9069193831526176,4.595,1.230095321434995,1.2361883813180945,0.13407344676947042,2.15
2026-10-01 03:08:18,5.246183372682181,5.1908631530043925,6.0556810926979985,9.425,2.5512519743750133,2.5789262160475617,0.9079979197919307,4.6,1.230095321434995,1.2361883813180945,0.13407344676947042,2.15
2026-10-01 03:23:18,5.246183372682181,5.1908631530043925,6.0556810926979985,9.425,2.5512519743750133,2.5789262160475617,0.9079979197919307,4.6,1.230095321434995,1.2361883813180945,0.13407344676947042,2.15
2026-10-01 03:38:18,5.247485242026054,5.191773391805336,6.059396358989456,9.43,2.5512519743750133,2.5789262160475617,0.9079979197919307,4.6,1.230095321434995,1.2361883813180945,0.13407344676947042,2.15
2026-10-01 03:53:18,5.248249960391113,5.195435626073377,6.061063569254816,9.435,2.5512519743750133,2.5789262160475617,0.9079979197919307,4.6,1.230095321434995,1.2361883813180945,0.13407344676947042,2.15
2026-10-01 04:08:18,5.259880472947233,5.21307914662688,6.078861740085438,9.46,2.5512519743750133,2.5789262160475617,0.9079979197919307,4.6,1.230095321434995,1.2361883813180945,0.13407344676947042,2.15
2026-10-01 04:23:18,5.266426149589945,5.220176874442576,6.084677272993669,9.47,2.5512519743750133,2.5789262160475617,0.9079979197919307,4.6,1.230095321434995,1.2361883813180945,0.13407344676947042,2.15
2026-10-01 04:38:18,5.275162910726473,5.234018716056791,6.096711137644881,9.49,2.555787589578945,2.5827627697822586,0.9092647869274032,4.605,1.230095321434995,1.2361883813180945,0.13407344676947042,2.15
2026-10-01 04:53:18,5.278472664843846,5.238856604339129,6.098972933697778,9.495,2.555787589578945,2.5827627697822586,0.9092647869274032,4.605,1.230095321434995,1.2361883813180945,0.13407344676947042,2.15
2026-10-01 05:08:18,5.285812011454683,5.246901925832476,6.110161713049337,9.515,2.555787589578945,2.5827627697822586,0.9092647869274032,4.605,1.230095321434995,1.2361883813180945,0.13407344676947042,2.15
2026-10-01 05:23:18,5.2883738918322605,5.249934210798795,6.112763219351959,9.52,2.55918720677538,2.5886466280212663,0.911005462752618,4.615,1.230095321434995,1.2361883813180945,0.13407344676947042,2.15
2026-10-01 05:38:18,5.293104565284125,5.25193872552825,6.116003633440324,9.525,2.55918720677538,2.5886466280212663,0.911005462752618,4.615,1.233965732820249,1.24185174473882,0.13462002805399456,2.16
2026-10-01 05:53:18,5.304702699207404,5.259162516298136,6.124408692633901,9.54,2.55918720677538,2.5886466280212663,0.911005462752618,4.615,1.233965732820249,1.24185174473882,0.13462002805399456,2.16
2026-10-01 06:08:18,5.31356575840307,5.270866348500066,6.141323243596389,9.565,2.55918720677538,2.5886466280212663,0.911005462752618,4.615,1.233965732820249,1.24185174473882,0.13462002805399456,2.16
2026-10-01 06:23:18,5.31709736047185,5.277628327074829,6.149863818768907,9.575,2.5678581312764805,2.6021144873495445,0.9131243566904214,4.63,1.233965732820249,1.24185174473882,0.13462002805399456,2.16
2026-10-01 06:38:18,5.320989721394769,5.28193542455934,6.1580019327828825,9.585,2.5678581312764805,2.6021144873495445,0.9131243566904214,4.63,1.233965732820249,1.24185174473882,0.13462002805399456,2.16
2026-10-01 06:53:18,5.329314786394837,5.291123214449638,6.165646592152378,9.6,2.5678581312764805,2.6021144873495445,0.9131243566904214,4.63,1.233965732820249,1.24185174473882,0.13462002805399456,2.16
2026-10-01 07:08:18,5.33083112389805,5.297417934776638,6.171481689529838,9.61,2.5678581312764805,2.6021144873495445,0.9131243566904214,4.63,1.233965732820249,1.24185174473882,0.13462002805399456,2.16
2026-10-01 07:23:18,5.334310231512725,5.298474613602303,6.173896055148233,9.615,2.5685182871637324,2.6058619077889977,0.9140595795728432,4.635,1.233965732820249,1.24185174473882,0.13462002805399456,2.16
2026-10-01 07:38:18,5.342165107038054,5.306528265360273,6.187536539281852,9.63,2.5685182871637324,2.6058619077889977,0.9140595795728432,4.635,1.2383906882246356,1.2463763291294934,0.13492503289001884,2.165
2026-10-01 07:53:18,5.344980165432094,5.312788053144289,6.193788928950265,9.64,2.5685182871637324,2.6058619077889977,0.9140595795728432,4.635,1.2383906882246356,1.2463763291294934,0.13492503289001884,2.165
2026-10-01 08:08:18,5.351552043605968,5.315649734472033,6.203314163147797,9.65,2.5706031467283355,2.610301039634997,0.9149578027211858,4.64,1.2414624040538704,1.2506879892182856,0.13512400257638882,2.17
2026-10-01 08:23:18,5.359945058917025,5.31893401351773,6.207525613598936,9.66,2.572410063355885,2.6116803608381676,0.9162253441398939,4.645,1.2414624040538704,1.2506879892182856,0.13512400257638882,2.17
2026-10-01 08:38:18,5.369131461751403,5.327447399586994,6.217096023358842,9.675,2.5748137236750064,2.6161505348793885,0.9170061630611372,4.65,1.2414624040538704,1.2506879892182856,0.13512400257638882,2.17
2026-10-01 08:53:18,5.383023171084727,5.33986551569411,6.235776375104673,9.7,2.579096623330315,2.619785061421876,0.9177784250036327,4.655,1.2414624040538704,1.2506879892182856,0.13512400257638882,2.17
2026-10-01 09:08:18,5.383023171084727,5.33986551569411,6.235776375104673,9.7,2.579096623330315,2.619785061421876,0.9177784250036327,4.655,1.2414624040538704,1.2506879892182856,0.13512400257638882,2.17
2026-10-01 09:23:18,5.385967904052376,5.3423472299098576,6.2376558514369105,9.705,2.579096623330315,2.619785061421876,0.9177784250036327,4.655,1.2463735279866306,1.2525833773782686,0.13558127555023305,2.175
2026-10-01 09:38:18,5.419552014223702,5.373117471250289,6.27199860604628,9.755,2.5930339988495743,2.6365842574873337,0.9224049285323483,4.68,1.2476767480478619,1.2574485731210374,0.13575741548458078,2.18
2026-10-01 09:53:18,5.502582187178633,5.444766526071075,6.353188137657986,9.875,2.6328449940162275,2.6789645410945275,0.9375258936953302,4.755,1.2596325379379865,1.2728293359628122,0.13756696449712144,2.205
2026-10-01 10:08:18,5.574613627369251,5.529693279963603,6.449722664633505,10.02,2.6537523956956433,2.7006139585023097,0.943841825855396,4.795,1.276538627811139,1.2882198070965318,0.1389232181912054,2.23
2026-10-01 10:23:18,5.652709182987722,5.607893847658156,6.535276401063632,10.15,2.681710629942035,2.7231029769165045,0.9550554534267703,4.845,1.2943169585235386,1.3073938543202537,0.1407465117648012,2.26
2026-10-01 10:38:18,5.698336821048084,5.659080818633254,6.60198577441612,10.245,2.7016295933422,2.743756513411666,0.9623595764333636,4.88,1.304694337191731,1.3150383094657119,0.14200079336384291,2.28
2026-10-01 10:53:18,5.723280779960485,5.684344568694512,6.630256602447721,10.285,2.71648759816872,2.75990575537685,0.9679571662932395,4.905,1.3069671970529964,1.3177878478754663,0.1421434713709265,2.285
2026-10-01 11:08:18,5.760168852156726,5.718966027955774,6.674188713643885,10.345,2.7234764967248086,2.765590612044935,0.9699359351546015,4.915,1.321281904485318,1.324883484570902,0.14384263493986268,2.31
2026-10-01 11:23:18,5.791150224781079,5.74955986323513,6.704734256927022,10.395,2.743445388814391,2.790951812065137,0.9806494743785313,4.96,1.3345148016937822,1.3361496902654875,0.1451741447185001,2.33
2026-10-01 11:38:18,5.854865886478032,5.81902587930795,6.771803889478675,10.515,2.753429139245736,2.8092262028576647,0.9861730947859921,4.985,1.3414183324070132,1.34112290060722,0.1463271811978843,2.345
2026-10-01 11:53:18,5.918231248715975,5.864396205161817,6.829496448269661,10.61,2.783051924012359,2.84102353766066,0.9961663863994178,5.04,1.3573444828220549,1.3559503631176952,0.14817658428121847,2.37
2026-10-01 12:08:18,5.953485981654515,5.902973447557693,6.872070612335094,10.675,2.8001056381317455,2.862290035057867,1.002970821521823,5.07,1.3608033800691919,1.360548482712204,0.1484371034296519,2.375
2026-10-01 12:23:18,6.024418551586653,5.974372023258618,6.955068093059755,10.795,2.8230306973254065,2.892032865214664,1.0136606083315847,5.115,1.373283628867927,1.3707555467934531,0.14986567225019282,2.395
2026-10-01 12:38:18,6.082832468623738,6.024339008351242,7.004907257428631,10.88,2.857331414974081,2.9275494092513594,1.0249394556335452,5.175,1.393138726168808,1.3883402747431537,0.15188271163564898,2.43
2026-10-01 12:53:18,6.16018081387451,6.097421438666207,7.093410443295198,11.01,2.871929272006321,2.9440387182838323,1.031559712522918,5.205,1.4000833552762053,1.400848234497513,0.15274117711742213,2.45
2026-10-01 13:08:18,6.242114098740534,6.173006913627794,7.194070297697883,11.16,2.918459970059917,2.986490336489984,1.048614484205323,5.29,1.4187094448824715,1.4192658013581998,0.1547249944576238,2.485
2026-10-01 13:23:18,6.314490304726815,6.236620577541981,7.281156282918013,11.29,2.9531686497528677,3.027370710862629,1.063503741432974,5.365,1.450150181710226,1.4411833289984621,0.158320724957287,2.535
2026-10-01 13:38:18,6.395887410275723,6.318644041341124,7.379491753444505,11.44,2.9828473001918128,3.0628687194819046,1.0729944213285503,5.42,1.4732696434093013,1.4660804073024258,0.1609868584739743,2.58
2026-10-01 13:53:18,6.462244569634344,6.387078431040964,7.463656609343812,11.56,3.0125713347172254,3.1003082855688784,1.083839901655825,5.48,1.4886799369318304,1.4770180171190141,0.16302628076139686,2.605
2026-10-01 14:08:18,6.57024426294789,6.5007715547912595,7.594033706509048,11.775,3.065827719703097,3.146083676174951,1.097407544714185,5.56,1.511853490642897,1.510362649810033,0.16598411736372615,2.65
2026-10-01 14:23:18,6.6108299578760725,6.555457900826022,7.645820537180618,11.86,3.092998713666986,3.1812583045245604,1.108368905541146,5.615,1.5230586885592852,1.5241121450492994,0.16755232490078853,2.68
2026-10-01 14:38:18,6.692328601551481,6.637110085877319,7.732135314296643,12.005,3.1227961015383783,3.2099457904615787,1.1201884254319823,5.67,1.5397126515166988,1.5334567164488413,0.16961583396491073,2.71
2026-10-01 14:53:18,6.784185797376303,6.720709064316823,7.821717864859185,12.155,3.1582346693126824,3.2465783214836264,1.1323136484177159,5.73,1.5449544743313657,1.5374891300463203,0.1700466220522224,2.72
2026-10-01 15:08:18,6.808216666669227,6.744411220468552,7.841280800794817,12.19,3.1818461262980775,3.266107833652593,1.1406327681209196,5.77,1.5547639876781887,1.5499508442103656,0.17128908346441046,2.74
2026-10-01 15:23:18,6.8696820805671885,6.806704726857345,7.915252781581562,12.305,3.216690102292175,3.3095022470734414,1.154228638762745,5.835,1.5728119984678555,1.5700852448096743,0.17349976488864988,2.775
2026-10-01 15:38:18,6.934577920278413,6.865475455943161,7.981568038944572,12.41,3.2787985941395323,3.3575853551724517,1.1724354181358845,5.935,1.5896125972986856,1.5856601377923614,0.1753008764920417,2.8
2026-10-01 15:53:18,6.996076190153228,6.9267248528645755,8.044880351352413,12.52,3.3150764010334193,3.3909781010477307,1.1848076779399603,5.99,1.6158835502131659,1.6062916626580321,0.17789740802841558,2.845
2026-10-01 16:08:18,7.082197962460329,7.019974069652786,8.151673221656266,12.685,3.365642669651805,3.433901870422256,1.201081490000385,6.075,1.641000138732577,1.6374235448834857,0.1808937575963541,2.89
2026-10-01 16:23:18,7.1945053222224,7.130704495528633,8.276547663471936,12.88,3.4294046780088854,3.502803030495132,1.225578590802108,6.19,1.663352761937194,1.6541532744256309,0.18326026163841425,2.925
2026-10-01 16:38:18,7.286825046727807,7.222450072052397,8.394287820450295,13.05,3.4777284093751732,3.536327532788392,1.238420627936308,6.255,1.6904063621800598,1.680313139437465,0.18594042714232153,2.97
2026-10-01 16:53:18,7.362139215855376,7.301300605789327,8.47895792534008,13.18,3.5040623929987986,3.566163610936777,1.2509603961568574,6.31,1.7281386417520772,1.7075676368001786,0.18901370703063555,3.015
2026-10-01 17:08:18,7.419143097073227,7.369074431415048,8.540132943048606,13.275,3.5303174826051875,3.5997291492756553,1.2599928642026315,6.355,1.742911174204071,1.726848155306327,0.1909875871861212,3.045
2026-10-01 17:23:18,7.497076281367976,7.4321810908282675,8.616904439063667,13.4,3.5928611436837308,3.6582978846841723,1.2816894038834683,6.46,1.7614097900050507,1.743966263509835,0.19298349061802836,3.08
2026-10-01 17:38:18,7.575185408640548,7.5093275145381835,8.705304210622739,13.54,3.6295116533808733,3.695810111703637,1.2962520117024146,6.53,1.7725526814684556,1.756362022193992,0.19459918407654464,3.105
2026-10-01 17:53:18,7.633391939338835,7.572857836032987,8.782243161809575,13.65,3.6819648264383575,3.745497914139486,1.315493496229123,6.63,1.789422583990867,1.7665794739083454,0.19625687853343712,3.13
2026-10-01 18:08:18,7.717519807334279,7.657297117763704,8.88175185095593,13.805,3.711066617731463,3.774115074482613,1.3274814392578427,6.685,1.7985024226706487,1.779076175678536,0.19758831490292925,3.15
2026-10-01 18:23:18,7.784082987374615,7.732838742321455,8.976583821706887,13.935,3.762911995402366,3.818621622119989,1.3453771234116751,6.77,1.8146064913814812,1.7961762573180533,0.19966216826559313,3.18
2026-10-01 18:38:18,7.855132232741554,7.798592444206357,9.060739992060913,14.055,3.798591287289269,3.860987088829192,1.3613291346678964,6.85,1.8250377940500973,1.8070232644549806,0.20140086101373686,3.205
2026-10-01 18:53:18,7.912891431886694,7.851594937072003,9.12910385226838,14.155,3.82914656472071,3.901684873928424,1.374641355846923,6.915,1.8578247952368778,1.8320157483580142,0.20458351575622727,3.255
2026-10-01 19:08:18,7.966739375568105,7.896488606027741,9.191680613719168,14.245,3.8813555089282175,3.946231716133185,1.3906684614035665,6.995,1.8825648500485102,1.8569243723360223,0.2073476249574208,3.3
2026-10-01 19:23:18,8.044488986909002,7.994621584837428,9.284142442461853,14.395,3.909847702726611,3.9790298164704563,1.4034916952260335,7.05,1.9032652999337338,1.880582281546017,0.21004498064797483,3.34
2026-10-01 19:38:18,8.10655850171474,8.055075184723588,9.357827216078343,14.505,3.9452185570935105,4.02754511169512,1.4193044806823407,7.125,1.9162839597622712,1.893146403539918,0.2122184081509606,3.37
2026-10-01 19:53:18,8.156275816534054,8.109480038782628,9.413298108344167,14.59,3.9734298797648715,4.05501899123726,1.4286594120352185,7.175,1.9256750286040611,1.9133753970216103,0.21441050280727722,3.4
2026-10-01 20:08:18,8.245491779090042,8.191932530396617,9.494561520126211,14.73,4.0275671593646365,4.10457297106033,1.4438605958704962,7.26,1.9536441803207338,1.9358765614321125,0.2177875643529264,3.455
2026-10-01 20:23:18,8.278991154755019,8.219101508897655,9.533291038356127,14.79,4.046408226530616,4.120632755219241,1.450765154534016,7.295,1.96243808178159,1.9457882166503824,0.21858123050468437,3.47
2026-10-01 20:38:18,8.3278796707957,8.27002278828057,9.60010994393976,14.885,4.069649432170472,4.14349156189844,1.4589202423019383,7.335,1.9847440612601996,1.9626065989691783,0.2215990878520632,3.51
2026-10-01 20:53:18,8.392544120380709,8.329598281778322,9.662915332280342,14.98,4.1025625351629875,4.182341625332328,1.4714502767685493,7.4,1.9976360211356017,1.9776706167097045,0.22272923474492826,3.53
2026-10-01 21:08:18,8.481309615535706,8.418353310690561,9.769873689356508,15.145,4.131454600241038,4.211528683415368,1.484245879622898,7.465,2.0086493584286615,1.9928837507455184,0.22440988356306493,3.555
2026-10-01 21:23:18,8.579688524984846,8.513296421269386,9.881458219065964,15.32,4.1675634935356864,4.248254553386903,1.4976574727666365,7.535,2.022180144880063,2.006927599665751,0.22573916607587222,3.58
2026-10-01 21:38:18,8.681295600540135,8.602756197827436,9.990056029093894,15.475,4.199718431178747,4.279739591265666,1.5089303221326045,7.585,2.0284792376281513,2.0165654631566907,0.22671766879456584,3.595
2026-10-01 21:53:18,8.74824648791464,8.676429964171895,10.083082646578422,15.61,4.245007439674482,4.320425311822305,1.52379740114432,7.66,2.0398051663470462,2.0273379583012967,0.2281630080287435,3.615
2026-10-01 22:08:18,8.809787511129056,8.724756969612647,10.151369146669927,15.72,4.26735694960989,4.343011258467536,1.5332460428890862,7.7,2.0668460683384486,2.0463699767814414,0.23133515142682898,3.655
2026-10-01 22:23:18,8.866597712807087,8.792947884466312,10.219363833856509,15.83,4.289163106853244,4.368298717737651,1.542318760243009,7.74,2.0680556356630357,2.050276761766169,0.23173244888074235,3.66
2026-10-01 22:38:18,8.931628555984053,8.845065173037332,10.287447030079498,15.93,4.2945717224403355,4.377550964056304,1.543946695285309,7.75,2.0815197234843272,2.0634426006800224,0.23274548076106902,3.68
2026-10-01 22:53:18,8.996700920117698,8.896594371626282,10.356473814239344,16.03,4.300886857931577,4.38435468625485,1.546649796242783,7.765,2.090655195005967,2.070603979183124,0.23387487549594274,3.695
2026-10-01 23:08:18,9.065843375192232,8.949277630904337,10.42728306215329,16.145,4.321951822633732,4.415978956160483,1.558405937747482,7.815,2.1009066931008338,2.079153264039274,0.23499260922509013,3.71
2026-10-01 23:23:18,9.082459551701202,8.963399969598354,10.445470018656673,16.175,4.33007645313185,4.421734389845431,1.560078561835817,7.825,2.106733905494551,2.084281256164786,0.23591733213727745,3.72
2026-10-01 23:38:18,9.164770503100513,9.035500006919515,10.534307876873468,16.31,4.346379518550832,4.4416407410330585,1.5659027384015192,7.855,2.114338263840122,2.090988005427103,0.23679677324285922,3.73
2026-10-01 23:53:18,9.20170141680879,9.08995235994946,10.579593847353253,16.38,4.356838180646118,4.45799582716248,1.5702366095463138,7.88,2.1246443681659986,2.1037407153570156,0.2375682920806139,3.745
2026-10-02 00:08:18,9.264625084178345,9.15858944048074,10.653465708201193,16.495,4.380604924776143,4.480108589517996,1.5796747528816408,7.925,2.128467712864248,2.1065975247822237,0.23778404027383077,3.75
2026-10-02 00:23:18,9.299402617051824,9.190616508155573,10.695130472261745,16.555,4.40432902473707,4.494593742986501,1.585252722791747,7.96,2.140910991429302,2.1210182288549855,0.23904045551275585,3.775
2026-10-02 00:38:18,9.334759530347094,9.230413218519873,10.741696692909278,16.62,4.416171972825081,4.508421094902215,1.5899392271888,7.98,2.1472765639871363,2.130127541167523,0.2394376378406655,3.785
2026-10-02 00:53:18,9.357195866126462,9.249577029015976,10.765789656319072,16.655,4.421721869137121,4.5181722933820705,1.5938690023321445,8.0,2.154156308450964,2.136630669817305,0.24029526702745743,3.795
2026-10-02 01:08:18,9.410541886711382,9.309324465667073,10.828037917025286,16.755,4.432587464190829,4.533061276151418,1.5979845175070895,8.025,2.169116138318366,2.1513184886783385,0.24159060524002268,3.82
2026-10-02 01:23:18,9.452004133786307,9.347386395311586,10.884213167874014,16.835,4.441145114766968,4.54013080310788,1.6014141030893567,8.04,2.169116138318366,2.1513184886783385,0.24159060524002268,3.82
2026-10-02 01:38:18,9.462582219280938,9.35943651741284,10.903010237843274,16.86,4.4500616953602945,4.549993938143498,1.6049514351546996,8.06,2.1780941805155045,2.1592358501467857,0.24237102532731533,3.835
2026-10-02 01:53:18,9.46549383786294,9.369530756946475,10.914046594182006,16.875,4.4500616953602945,4.549993938143498,1.6049514351546996,8.06,2.1780941805155045,2.1592358501467857,0.24237102532731533,3.835
2026-10-02 02:08:18,9.48550834274247,9.382034290281656,10.938018345401252,16.905,4.455964845296019,4.5572727589731485,1.6069138620267562,8.07,2.181017623276452,2.161922932237734,0.24252992716557614,3.84
2026-10-02 02:23:18,9.50111311397265,9.392991501892327,10.95473604518989,16.93,4.459654285131334,4.559920756050034,1.6078859120583935,8.075,2.1845462952071393,2.1648228222232855,0.24275533405664124,3.845
2026-10-02 02:38:18,9.511522276479088,9.401188204303693,10.965643903503084,16.945,4.463872918661346,4.564086679353237,1.6089504260858867,8.08,2.1845462952071393,2.1648228222232855,0.24275533405664124,3.845
2026-10-02 02:53:18,9.521826199569405,9.409229161350124,10.977334121258309,16.965,4.467200048617115,4.566406589234899,1.6101563052868755,8.085,2.1845462952071393,2.1648228222232855,0.24275533405664124,3.845
2026-10-02 03:08:18,9.523468521023675,9.415478666013454,10.983271053573086,16.975,4.47195741870315,4.568486805859409,1.6112762717884448,8.09,2.187487178628728,2.1679235547468787,0.24312385394299588,3.85
2026-10-02 03:23:18,9.540630476734826,9.437346654597627,11.003951087231506,17.01,4.481128341450032,4.581433115827663,1.6154798909431165,8.11,2.187487178628728,2.1679235547468787,0.24312385394299588,3.85
2026-10-02 03:38:18,9.551351711114917,9.452219836052821,11.016391625269215,17.03,4.481128341450032,4.581433115827663,1.6154798909431165,8.11,2.1951476535158423,2.1728327271771652,0.24388398326898994,3.86
2026-10-02 03:53:18,9.552284862931408,9.45414300863299,11.019865733696243,17.035,4.481128341450032,4.581433115827663,1.6154798909431165,8.11,2.1951476535158423,2.1728327271771652,0.24388398326898994,3.86
2026-10-02 04:08:18,9.5608086886145,9.465781998168588,11.029061332711327,17.055,4.481128341450032,4.581433115827663,1.6154798909431165,8.11,2.1995675558730112,2.173629794374774,0.24433396783571357,3.865
2026-10-02 04:23:18,9.563704580769812,9.469000721443486,11.033755936206752,17.06,4.483212336515401,4.585617044822991,1.6168518615158003,8.115,2.1995675558730112,2.173629794374774,0.24433396783571357,3.865
2026-10-02 04:38:18,9.579896795700197,9.476832396522083,11.044923301909714,17.08,4.483212336515401,4.585617044822991,1.6168518615158003,8.115,2.1995675558730112,2.173629794374774,0.24433396783571357,3.865
2026-10-02 04:53:18,9.599224798014008,9.48927915080856,11.061974126527698,17.11,4.486687790948722,4.589631502288385,1.6181613769894743,8.12,2.1995675558730112,2.173629794374774,0.24433396783571357,3.865
2026-10-02 05:08:18,9.616705655351588,9.5064391633341,11.078505907560151,17.135,4.491242171306684,4.594241192355257,1.6195932737700591,8.125,2.2008611270734,2.1750960396373773,0.2447976715026963,3.87
2026-10-02 05:23:18,9.623024191235377,9.516191692280325,11.091224251869376,17.15,4.50004076183955,4.60221806022346,1.6224178619767538,8.135,2.2008611270734,2.1750960396373773,0.2447976715026963,3.87
2026-10-02 05:38:18,9.630142442774241,9.527128263563311,11.101907999466112,17.165,4.506292465791671,4.605258560305861,1.623906167428267,8.145,2.2008611270734,2.1750960396373773,0.2447976715026963,3.87
2026-10-02 05:53:18,9.639926423233778,9.538102026911167,11.114878797489753,17.185,4.510587068827195,4.607773150273488,1.6262785081583702,8.155,2.2008611270734,2.1750960396373773,0.2447976715026963,3.87
2026-10-02 06:08:18,9.647766968668195,9.54330532826987,11.12555173960849,17.2,4.516383657121582,4.614283491696539,1.6292188415608793,8.17,2.208049042018412,2.1837526120123516,0.2455683964437736,3.88
2026-10-02 06:23:18,9.655000563228235,9.55570576946549,11.139462565514034,17.22,4.522456750592521,4.617970962492717,1.63099334227563,8.18,2.21085490869997,2.187182792668929,0.2459399177067226,3.885
2026-10-02 06:38:18,9.663977340183584,9.568459506892731,11.150387978993011,17.235,4.530910018244997,4.625041198642511,1.6337483668337465,8.195,2.21085490869997,2.187182792668929,0.2459399177067226,3.885
2026-10-02 06:53:18,9.668697096250744,9.57212799742014,11.153859910100717,17.245,4.530910018244997,4.625041198642511,1.6337483668337465,8.195,2.215660898798803,2.190380899710155,0.2461057443886273,3.89
2026-10-02 07:08:18,9.681361768239963,9.58494374937889,11.166497549044387,17.265,4.530910018244997,4.625041198642511,1.6337483668337465,8.195,2.2175213221933583,2.1916963047788385,0.24624487839102724,3.895
2026-10-02 07:23:18,9.690682857643859,9.594734851082828,11.177298009945222,17.28,4.543895054778962,4.636609769143269,1.6383992297895398,8.215,2.2175213221933583,2.1916963047788385,0.24624487839102724,3.895
2026-10-02 07:38:18,9.702235521072762,9.606314480241064,11.187195012469529,17.295,4.546078565448727,4.6404553360535346,1.6393147045151002,8.22,2.2175213221933583,2.1916963047788385,0.24624487839102724,3.895
2026-10-02 07:53:18,9.707815497662478,9.611818065001595,11.19492633770571,17.305,4.549141863214041,4.644548816847768,1.6405371259296235,8.225,2.2175213221933583,2.1916963047788385,0.24624487839102724,3.895
2026-10-02 08:08:18,9.711014770215398,9.615703442986515,11.197026818397998,17.31,4.550486126375443,4.646757093764228,1.6412376832116782,8.23,2.219342218733441,2.193161673749757,0.24659651754879994,3.9
2026-10-02 08:23:18,9.719956041026201,9.62202332162605,11.208051634881171,17.325,4.554820730936343,4.649811462522949,1.6420097692404556,8.235,2.219342218733441,2.193161673749757,0.24659651754879994,3.9
2026-10-02 08:38:18,9.73036641744615,9.630292374450189,11.217583587950678,17.34,4.5636315774159035,4.656534903903022,1.644931593220208,8.25,2.219342218733441,2.193161673749757,0.24659651754879994,3.9
2026-10-02 08:53:18,9.74107103573861,9.642564262119825,11.23103078509573,17.36,4.567354981226536,4.662297213518924,1.6469120959515526,8.26,2.219342218733441,2.193161673749757,0.24659651754879994,3.9
2026-10-02 09:08:18,9.757328521641666,9.655247213451846,11.250579683583966,17.39,4.573270576901145,4.6691604073336235,1.6488324969100216,8.27,2.2239425771333727,2.197713224853827,0.24681884143681299,3.905
2026-10-02 09:23:18,9.76557863113941,9.66659488143083,11.263150066659989,17.405,4.579149406491168,4.67632537291149,1.6508605667199732,8.28,2.2239425771333727,2.197713224853827,0.24681884143681299,3.905
2026-10-02 09:38:18,9.780105177154674,9.68370858392306,11.279175387698697,17.435,4.579149406491168,4.67632537291149,1.6508605667199732,8.28,2.2301874676609876,2.204347439648817,0.2479219279513827,3.92
2026-10-02 09:53:18,9.824867514160534,9.708712162007139,11.319832148373875,17.495,4.590671149754277,4.6863318510206575,1.6554517224570022,8.3,2.238619231570059,2.214683327723252,0.2489011178793283,3.935
2026-10-02 10:08:18,9.896125779441853,9.757919955955082,11.39170095613736,17.595,4.605033129578834,4.702237307735596,1.6618872547434786,8.33,2.2500169330151443,2.225261902507133,0.2501416351227654,3.955
2026-10-02 10:23:18,9.921251689763952,9.794025906255628,11.41999660774158,17.645,4.623418556810132,4.718453520604979,1.6698846175023674,8.365,2.262588793435051,2.2343804358378505,0.25118433741268725,3.975
2026-10-02 10:38:18,9.995609153305354,9.857215409639664,11.505652389819511,17.765,4.647894120297096,4.74310018490452,1.678896338634858,8.41,2.272083892349871,2.2432696285105926,0.25211764170229,3.99
2026-10-02 10:53:18,10.053221783283385,9.92377376247318,11.582747237809896,17.88,4.664430027765825,4.762090867734406,1.6858213450820172,8.445,2.290141677268197,2.2637103296371377,0.25386661405819055,4.02
2026-10-02 11:08:18,10.094613372961314,9.964996762519494,11.632487008923125,17.955,4.677603626423103,4.774517090895589,1.690953407958857,8.475,2.3045080381621847,2.2739898394422324,0.2551051992594254,4.04
2026-10-02 11:23:18,10.123702233321364,9.993331522213449,11.662957432785934,18.005,4.681416890498359,4.781787638587816,1.6936432045246006,8.485,2.30687167951889,2.2770395461479453,0.25534255728407984,4.045
2026-10-02 11:38:18,10.151583424150212,10.028971130488873,11.70795676738211,18.075,4.7030417263892685,4.801971430931809,1.7009684177963211,8.525,2.3102974306193627,2.2783425136673063,0.2556382603680792,4.05
2026-10-02 11:53:18,10.180409463658064,10.06948664059251,11.745653800524764,18.13,4.724674171099071,4.822270826383916,1.7093366871798048,8.565,2.3111786692726475,2.2808787297842574,0.2557772463256055,4.055
2026-10-02 12:08:18,10.200133983132236,10.09031791779371,11.76627337728384,18.16,4.733468519523109,4.831913164830868,1.713104366219258,8.58,2.3111786692726475,2.2808787297842574,0.2557772463256055,4.055
2026-10-02 12:23:18,10.2049424293059,10.09977966557581,11.776653903997977,18.175,4.753918999582029,4.849067543177441,1.7197106821443338,8.615,2.3197315549513458,2.2881931953130072,0.25655314577803956,4.07
2026-10-02 12:38:18,10.236934791459332,10.13268939630087,11.806042646298206,18.225,4.771372994549445,4.8692284834696515,1.7267557261971336,8.65,2.3429780801715547,2.2964546489431306,0.25796857797856304,4.1
2026-10-02 12:53:18,10.264069508806175,10.16144835486494,11.835031584085586,18.27,4.822985429188445,4.918443965344364,1.745328715635607,8.745,2.3564774313472006,2.3079788418564973,0.25928862974469413,4.12
2026-10-02 13:08:18,10.294129259849196,10.20512114007271,11.879033007924452,18.33,4.848136637300817,4.940385748525116,1.7526916489158417,8.785,2.373969380502066,2.3219140864228303,0.2611000476964,4.15
2026-10-02 13:23:18,10.316678762063045,10.232002130277426,11.920906523454855,18.385,4.868376311038335,4.964417497234116,1.7593036371704012,8.82,2.379382671028573,2.324574765100408,0.2617044306102446,4.16
2026-10-02 13:38:18,10.357004669225132,10.274448428835784,11.961425204821525,18.45,4.901686212654651,4.9917500132220995,1.769061154563968,8.875,2.391395682125595,2.3350034635030434,0.2626675356293381,4.18
2026-10-02 13:53:18,10.407355465077536,10.334713076156214,12.02089317171203,18.55,4.932517545029469,5.023133878632901,1.7803349224101248,8.925,2.4143441727789106,2.3524154860018154,0.264494760584549,4.22
2026-10-02 14:08:18,10.440631165007504,10.354453074551206,12.055422628326447,18.595,4.969552382913949,5.0565578968371865,1.7922848070779276,8.985,2.4250238925236953,2.362414018910083,0.26608529698348315,4.24
2026-10-02 14:23:18,10.476657703517494,10.391056702669362,12.104919185965564,18.665,4.9974319169220704,5.084292908177829,1.8035543368418383,9.04,2.447272472388536,2.38040981347829,0.26753814659082803,4.27
2026-10-02 14:38:18,10.503325958718587,10.419101069149033,12.129602123138172,18.705,5.009289921332054,5.099566538283508,1.8099599548654906,9.07,2.4614419821928193,2.393088319675445,0.2686488006796967,4.29
2026-10-02 14:53:18,10.572411237391089,10.490419715510361,12.204441218530892,18.82,5.045114763237478,5.137621751386442,1.824033323930832,9.145,2.477867998787148,2.4053484503811884,0.2702305277092626,4.315
2026-10-02 15:08:18,10.59105183640476,10.513654916369166,12.225111592909636,18.855,5.075833742916902,5.164753249274965,1.8347779710012382,9.185,2.489127080772236,2.4116951152798665,0.271397114123429,4.33
2026-10-02 15:23:18,10.619638154300848,10.543732084839803,12.26061276069026,18.91,5.086138396788931,5.17230601958655,1.8385051131817889,9.205,2.5001071494961504,2.4274928093754533,0.2724768370873178,4.35
2026-10-02 15:38:18,10.694497946673646,10.603372659897019,12.33702099460872,19.025,5.110748902871986,5.1934975472395735,1.8466192146812939,9.245,2.5066608052812565,2.433818162478523,0.2738078588878219,4.37
2026-10-02 15:53:18,10.725742668253337,10.630177973930786,12.374358103861443,19.08,5.128109254080148,5.206358836017234,1.8514835196894042,9.27,2.513744802063189,2.439180845832335,0.27490280130271066,4.385
2026-10-02 16:08:18,10.756838071107053,10.669154858688401,12.42991333339417,19.15,5.14229917523511,5.217751241885693,1.858978067541455,9.3,2.5296243717959017,2.45144791124263,0.2763937749858458,4.41
2026-10-02 16:23:18,10.810130966389517,10.727786325632799,12.494657578761974,19.26,5.194321576084672,5.260901412802371,1.8769871860023855,9.385,2.542642674622967,2.464017575355897,0.27866460938162607,4.44
2026-10-02 16:38:18,10.882529199123047,10.800074460776496,12.570245462321497,19.39,5.21016221986911,5.273062522823224,1.8831625485923722,9.415,2.5671306848313735,2.483632326753495,0.28150463454396946,4.485
2026-10-02 16:53:18,10.939322956213829,10.850940305947658,12.635386288478765,19.495,5.2431540761946955,5.301481264913115,1.8927615675053475,9.465,2.585607920999661,2.5033869948768994,0.2839145034619827,4.52
2026-10-02 17:08:18,11.008179355733743,10.9214092385762,12.71775670931283,19.625,5.291158204702743,5.351534483293327,1.908871930336152,9.54,2.594540908945387,2.5119316046868496,0.28476620581053097,4.535
2026-10-02 17:23:18,11.080682422463717,11.004394561200494,12.806582350126305,19.75,5.339749810986929,5.409703274141229,1.925070222878267,9.63,2.6242869394893917,2.5410721068989472,0.28732987975597485,4.585
2026-10-02 17:38:18,11.115173718213185,11.03704769654026,12.849856758488444,19.815,5.361514487408732,5.429680229779784,1.9355823255915101,9.675,2.6413050752750546,2.5508589869193377,0.2887679083687957,4.61
2026-10-02 17:53:18,11.154948546918488,11.076417061818972,12.89690864355157,19.89,5.389957510191115,5.463703072003399,1.9462736074453,9.725,2.650936210272719,2.5666669776975226,0.29006129004046277,4.63
2026-10-02 18:08:18,11.174245671343005,11.093404426355962,12.919295390951152,19.925,5.419591782084927,5.4946769306931085,1.95573528189632,9.77,2.6666638158998874,2.5768131876269806,0.2913490664823392,4.655
2026-10-02 18:23:18,11.207221183819845,11.130872959938147,12.962468648401867,19.99,5.443532133178899,5.51784105113471,1.9625416102108897,9.81,2.678539475341509,2.584536013521047,0.29233364418775837,4.67
2026-10-02 18:38:18,11.249927813584293,11.173911472676467,13.00496542963392,20.065,5.473605059153578,5.547424136700912,1.9722337301708273,9.86,2.6962878803333123,2.603786803760613,0.29423539695160256,4.7
2026-10-02 18:53:18,11.319694836260327,11.235609094585856,13.079004316217496,20.19,5.500607518622135,5.5767341435644715,1.9853608774278355,9.92,2.7100788189669482,2.6189953398623795,0.2959725226276773,4.725
2026-10-02 19:08:18,11.335204702601132,11.256453534926827,13.104660970871565,20.23,5.5195541541304225,5.596721302818159,1.99168606102839,9.955,2.720663163415571,2.6274578097223267,0.2968384983031367,4.74
2026-10-02 19:23:18,11.361143109526502,11.282248975760913,13.133193081571612,20.28,5.551081470691013,5.624390991724986,2.00134446177026,10.005,2.72642142575189,2.6305375094937635,0.2976680434817025,4.75
2026-10-02 19:38:18,11.423656171574043,11.342314872690435,13.198265127316361,20.39,5.586863995584296,5.651515641418126,2.013081885643846,10.065,2.741999734451405,2.645393774605201,0.2990367290944835,4.77
2026-10-02 19:53:18,11.48456937494003,11.399627702686,13.2636353334538,20.495,5.621955791170851,5.683381149913435,2.0233750111535613,10.12,2.746053605208401,2.6498878928318166,0.299690574425976,4.78
2026-10-02 20:08:18,11.521560108959605,11.437133689631615,13.309849529255686,20.565,5.634765713089357,5.6894723622428565,2.0270072632603653,10.14,2.7572775552986095,2.658395761786415,0.30078462857692867,4.8
2026-10-02 20:23:18,11.570330607410867,11.482834575232566,13.366497081808697,20.655,5.65586263315748,5.709111160886547,2.034018099941158,10.17,2.75817883340241,2.6601373736094125,0.30127821062500343,4.805
2026-10-02 20:38:18,11.631850755109406,11.542930531745949,13.444393282589456,20.78,5.696805809663732,5.739199194461462,2.042847757206054,10.22,2.7675549725340316,2.666228824534392,0.302735009537212,4.825
2026-10-02 20:53:18,11.695838230076546,11.611757949689403,13.528100008076178,20.9,5.730585170270014,5.7825030392376915,2.05554120875833,10.285,2.774631539948434,2.679254855664659,0.3041021575599353,4.85
2026-10-02 21:08:18,11.764021388960249,11.67237627857625,13.61065304534133,21.015,5.758076275086421,5.801985394193242,2.0647832138543363,10.335,2.7842964507068984,2.691458551076043,0.305322103006978,4.87
2026-10-02 21:23:18,11.823210788276494,11.736126748673932,13.687535226652988,21.125,5.789561814840313,5.829716865945574,2.075203354469119,10.39,2.796676352696357,2.7063890587117285,0.3066356614670031,4.89
2026-10-02 21:38:18,11.879650325221311,11.790247842474388,13.74739303040915,21.215,5.821829263593983,5.867558798762624,2.085748576634976,10.45,2.807971075173951,2.7177340390990143,0.3086410857776649,4.915
2026-10-02 21:53:18,11.91924694920106,11.847097881744185,13.805885289682198,21.31,5.84709792254521,5.896475653478868,2.09623094763085,10.495,2.8181417278749716,2.7330388014466243,0.3097084597830082,4.935
2026-10-02 22:08:18,11.963472997282683,11.882175002751074,13.862105324251507,21.385,5.8797945390010335,5.925064861524419,2.10705884345764,10.55,2.821187343164602,2.7352149800037378,0.30984463975110754,4.94
2026-10-02 22:23:18,12.099245087169836,12.001974995648354,14.005108143300271,21.6,5.907799004814269,5.958069006905734,2.1187781168420967,10.605,2.838995695435589,2.752597682731857,0.31174321499176566,4.97
2026-10-02 22:38:18,12.183883328234769,12.08010010741635,14.10150955208072,21.74,5.9237796061836585,5.973044425608009,2.1257709577325037,10.635,2.851760523645913,2.7679562330275638,0.3128460220924992,4.99
2026-10-02 22:53:18,12.304336771910306,12.195883262607511,14.229873640527904,21.945,5.968819806896733,6.029783575032053,2.1469198174139703,10.74,2.8765584214928306,2.791360999401399,0.31558384356256547,5.03
2026-10-02 23:08:18,12.395525278713013,12.300679635285501,14.332727487530066,22.105,5.990488239374773,6.052420721521436,2.156579067361179,10.785,2.8839067205778277,2.793559321014591,0.31630716734494907,5.04
2026-10-02 23:23:18,12.477464781650689,12.385541136097528,14.417412258490286,22.245,6.038374095746244,6.088675993263241,2.170952438958421,10.855,2.888643421558626,2.799756863696,0.31702580358577936,5.05
2026-10-02 23:38:18,12.587017702322067,12.492243278148077,14.540146128500892,22.435,6.080685735011129,6.140319597837377,2.1891788323757777,10.945,2.898009360215564,2.823189090143693,0.31897520360680287,5.085
2026-10-02 23:53:18,12.668273389291846,12.576365799794463,14.6302190479658,22.575,6.129812453084121,6.176702560428091,2.2046259049931733,11.02,2.917723297805107,2.84361271513596,0.32173797894708156,5.125
2026-10-03 00:08:18,12.747422137171904,12.644715807748861,14.706678525823836,22.705,6.162812986152388,6.213735651054436,2.216988203371302,11.075,2.925553743497991,2.854590120105274,0.3224684445634491,5.145
2026-10-03 00:23:18,12.850411360911322,12.754425308873705,14.827221436516824,22.895,6.203001264359813,6.249095125932225,2.2319957208376207,11.145,2.951828058189241,2.8873321228179454,0.3253261631676869,5.195
2026-10-03 00:38:18,12.959192410447757,12.888854380895618,14.951775882447494,23.1,6.259454047473662,6.302541379204374,2.252734466474579,11.245,2.965369088487768,2.9025719465496147,0.3266305094918051,5.22
2026-10-03 00:53:18,13.070002608312208,12.99487911195199,15.093220775718484,23.305,6.305980245179438,6.351892301695668,2.2692908893456245,11.34,2.976766664406185,2.918972425622188,0.3281041379346852,5.245
2026-10-03 01:08:18,13.144089271372357,13.06685982317263,15.173920468109518,23.44,6.3317995693704265,6.38140320683793,2.2821302289352925,11.395,2.9914390560293125,2.9366338147799165,0.3299448096953565,5.27
2026-10-03 01:23:18,13.188898706645755,13.114973123146678,15.228748397269737,23.53,6.348804738999565,6.3964775846248285,2.2895572956993546,11.425,3.0056135125950076,2.9491585292226943,0.33134855125717855,5.295
2026-10-03 01:38:18,13.206440580857562,13.142493006007696,15.251199658979786,23.565,6.348804738999565,6.3964775846248285,2.2895572956993546,11.425,3.0086330090890456,2.9540588061305044,0.3320272367776758,5.305
2026-10-03 01:53:18,13.210352904255602,13.151702327449943,15.259228243854425,23.58,6.348804738999565,6.3964775846248285,2.2895572956993546,11.425,3.0086330090890456,2.9540588061305044,0.3320272367776758,5.305
2026-10-03 02:08:18,13.244266897839056,13.178615809687402,15.296694462608604,23.635,6.3661677994254084,6.408290779413782,2.2951533135262485,11.45,3.0238907474883927,2.9637002513136417,0.33354777264225327,5.325
2026-10-03 02:23:18,13.255101322762428,13.190909881712845,15.31828221478601,23.66,6.3711346767329315,6.411993706760393,2.2957543347588505,11.455,3.0246770388515047,2.965889784566481,0.33392445673355203,5.33
2026-10-03 02:38:18,13.261095745210786,13.198658969406303,15.328045142445479,23.675,6.3711346767329315,6.411993706760393,2.2957543347588505,11.455,3.0246770388515047,2.965889784566481,0.33392445673355203,5.33
2026-10-03 02:53:18,13.26752872230546,13.207094316482427,15.334733695012151,23.685,6.373356792546554,6.416670806728781,2.2964759097124965,11.46,3.0246770388515047,2.965889784566481,0.33392445673355203,5.33
2026-10-03 03:08:18,13.278321691764694,13.218064284739416,15.345182919192549,23.7,6.378137799320093,6.4184461330644345,2.2972958410824105,11.465,3.0246770388515047,2.965889784566481,0.33392445673355203,5.33
2026-10-03 03:23:18,13.282274694484936,13.222503909565305,15.34876469264891,23.705,6.38165740885439,6.422719528279825,2.29838664378872,11.47,3.0246770388515047,2.965889784566481,0.33392445673355203,5.33
2026-10-03 03:38:18,13.289936988626456,13.224830476296205,15.355872748657996,23.715,6.38165740885439,6.422719528279825,2.29838664378872,11.47,3.0260790951270984,2.967685705102109,0.3341610342561575,5.335
2026-10-03 03:53:18,13.289936988626456,13.224830476296205,15.355872748657996,23.715,6.38937835808414,6.424893201868202,2.2998913792626365,11.48,3.0260790951270984,2.967685705102109,0.3341610342561575,5.335
2026-10-03 04:08:18,13.294857790806008,13.230759831109449,15.361121902687973,23.725,6.38937835808414,6.424893201868202,2.2998913792626365,11.48,3.0260790951270984,2.967685705102109,0.3341610342561575,5.335
2026-10-03 04:23:18,13.298242967456705,13.234397277999337,15.365010386323851,23.73,6.38937835808414,6.424893201868202,2.2998913792626365,11.48,3.0260790951270984,2.967685705102109,0.3341610342561575,5.335
2026-10-03 04:38:18,13.323497853819395,13.259528688925569,15.393764707475816,23.77,6.392208489081208,6.429579748035673,2.300862374175671,11.485,3.0260790951270984,2.967685705102109,0.3341610342561575,5.335
2026-10-03 04:53:18,13.326749719061107,13.263695666045738,15.39803771955776,23.775,6.394452744869593,6.432467549497133,2.3018578040947815,11.49,3.0260790951270984,2.967685705102109,0.3341610342561575,5.335
2026-10-03 05:08:18,13.34850839583223,13.283526316121264,15.418038520332257,23.805,6.394452744869593,6.432467549497133,2.3018578040947815,11.49,3.0260790951270984,2.967685705102109,0.3341610342561575,5.335
2026-10-03 05:23:18,13.360822704388761,13.28705996539799,15.428108020332761,23.82,6.3985763817631165,6.44031928635812,2.305676157980359,11.505,3.0260790951270984,2.967685705102109,0.3341610342561575,5.335
2026-10-03 05:38:18,13.373398686728455,13.297330770430507,15.440560294105532,23.835,6.402513418452211,6.443877443013181,2.3065830081673666,11.51,3.0260790951270984,2.967685705102109,0.3341610342561575,5.335
2026-10-03 05:53:18,13.393877323157664,13.314192270106116,15.457612310212014,23.86,6.406365548929686,6.446599948093189,2.30800118618097,11.515,3.0260790951270984,2.967685705102109,0.3341610342561575,5.335
2026-10-03 06:08:18,13.41030157172512,13.331321329525231,15.475788297181767,23.89,6.409185547779114,6.451546141331563,2.3087175013290437,11.52,3.0331449386645404,2.973070669986497,0.3347673966443583,5.345
2026-10-03 06:23:18,13.423696100510181,13.346243488675093,15.494710624746832,23.915,6.41265001390146,6.452383473462902,2.309866819693893,11.525,3.0331449386645404,2.973070669986497,0.3347673966443583,5.345
2026-10-03 06:38:18,13.432880599770655,13.351011474184524,15.504370977833572,23.93,6.416128802524516,6.4546673664232355,2.3105731796256124,11.53,3.0331449386645404,2.973070669986497,0.3347673966443583,5.345
2026-10-03 06:53:18,13.450992624481026,13.368401716276033,15.523654288439113,23.96,6.420180807892613,6.458646314877208,2.3112577392280054,11.535,3.039436442983886,2.9783828790684006,0.3356090192834071,5.355
2026-10-03 07:08:18,13.455015531278443,13.36933129423676,15.52778439848275,23.965,6.425062709845309,6.4605744171008945,2.3125057798382436,11.54,3.0435338992171412,2.980491652567815,0.33587713309693834,5.36
2026-10-03 07:23:18,13.463642853152644,13.378958547563757,15.539130645892655,23.98,6.425062709845309,6.4605744171008945,2.3125057798382436,11.54,3.048470292697153,2.9896491043502467,0.33660714788992757,5.37
2026-10-03 07:38:18,13.463642853152644,13.378958547563757,15.539130645892655,23.98,6.427142650947925,6.4629814001177746,2.313180870945127,11.545,3.0506341450533485,2.990776063831589,0.33679130102331883,5.375
2026-10-03 07:53:18,13.468401479771217,13.385999677150718,15.543477200252095,23.99,6.427142650947925,6.4629814001177746,2.313180870945127,11.545,3.0506341450533485,2.990776063831589,0.33679130102331883,5.375
2026-10-03 08:08:18,13.480044137723214,13.397280053567526,15.557345491178076,24.01,6.429466598018513,6.466963268506445,2.3144381003624495,11.55,3.0506341450533485,2.990776063831589,0.33679130102331883,5.375
2026-10-03 08:23:18,13.497221818094957,13.419480835346297,15.577470786702222,24.04,6.437267441509969,6.473024810764449,2.3162835964710893,11.56,3.0570693157048527,2.997340618032433,0.3374699727653005,5.385
2026-10-03 08:38:18,13.524713209252832,13.441729798314372,15.607163842610763,24.085,6.44016349807773,6.476655325910122,2.317456330490095,11.565,3.0617877608090547,3.001490694029851,0.3379282716880656,5.39
2026-10-03 08:53:18,13.535848876045316,13.449551250593316,15.61730200884814,24.105,6.442423213077275,6.479751206587514,2.318141827194511,11.57,3.0617877608090547,3.001490694029851,0.3379282716880656,5.39
2026-10-03 09:08:18,13.545572417435904,13.46002432868125,15.626828675404937,24.125,6.443123183799726,6.484410090611816,2.3190996790511247,11.575,3.0617877608090547,3.001490694029851,0.3379282716880656,5.39
2026-10-03 09:23:18,13.564744430426602,13.481448842034741,15.647181652068209,24.155,6.454055083873245,6.492463142039338,2.32263744970473,11.595,3.0617877608090547,3.001490694029851,0.3379282716880656,5.39
2026-10-03 09:38:18,13.59805757601173,13.513425829054144,15.694600288945022,24.215,6.473851663358417,6.515542216417262,2.3303871425169094,11.63,3.0732360639182645,3.021317753520978,0.33914412942461825,5.415
2026-10-03 09:53:18,13.631875992138498,13.548162239505704,15.744770913171884,24.285,6.486679339775681,6.523860794961595,2.3340424232432064,11.645,3.079632573413836,3.0247976126170273,0.3400663640433131,5.425
2026-10-03 10:08:18,13.641955722606106,13.565327089874534,15.760422334968903,24.31,6.494481518091162,6.528535873028033,2.3357105506722706,11.655,3.079632573413836,3.0247976126170273,0.3400663640433131,5.425
2026-10-03 10:23:18,13.671823090216472,13.588443470994228,15.794458463741528,24.36,6.501553047768653,6.537267216324548,2.3377359956510517,11.665,3.0832618173457065,3.0281508302290043,0.3404223344414966,5.43
2026-10-03 10:38:18,13.699146922108955,13.624660125813246,15.832052527696243,24.415,6.50998088934222,6.544767581906148,2.3397686034996408,11.675,3.088913260775566,3.030695800555042,0.34109003942650284,5.44
2026-10-03 10:53:18,13.7363968784154,13.659975168489618,15.873909963649533,24.48,6.514517389614155,6.54921739220706,2.3405837973380437,11.68,3.089688718013989,3.033490955594888,0.3414260926524804,5.445
2026-10-03 11:08:18,13.75800002017261,13.691180890285018,15.905949563636097,24.535,6.536596819744264,6.569181743652574,2.348673824771674,11.72,3.099770183242862,3.044273919355611,0.34233798761203443,5.46
2026-10-03 11:23:18,13.7983075264711,13.728116903164448,15.948435667801062,24.605,6.548457898223516,6.585866408244274,2.353931055502347,11.75,3.115180190540851,3.055370135242583,0.34419845200039856,5.49
2026-10-03 11:38:18,13.819139614097514,13.746931710417423,15.973243010309032,24.64,6.553154760506633,6.588092994852825,2.354611737257084,11.755,3.116090128622936,3.0601311303026453,0.3444073999126282,5.495
2026-10-03 11:53:18,13.832453269117716,13.761103523893944,15.988655269543294,24.665,6.566207891771525,6.61063486367138,2.360879242085939,11.785,3.1212393354488426,3.0682845881234386,0.3451636423079019,5.505
2026-10-03 12:08:18,13.864015867577882,13.789851248561423,16.02553118453182,24.72,6.576458370824723,6.62346498969529,2.3646342053788256,11.805,3.1271029538691324,3.072826199690025,0.34605184714121373,5.515
2026-10-03 12:23:18,13.88556931840957,13.8114574131992,16.049158002581112,24.765,6.592725626585497,6.6446968777182915,2.3717870550123354,11.84,3.1324959653104303,3.077565599212188,0.34652970035479536,5.525
2026-10-03 12:38:18,13.923674023059023,13.842318766923755,16.08688929395269,24.825,6.639460620835107,6.68846230349701,2.3878680377452577,11.93,3.14444088775751,3.082027513586878,0.3472731799374124,5.54
2026-10-03 12:53:18,13.972968772170834,13.886495636260134,16.13656163875762,24.905,6.659502055875506,6.702763629891421,2.394623740639725,11.96,3.163623495719335,3.1043301978312816,0.3488365417223469,5.57
2026-10-03 13:08:18,13.993526181227061,13.911146342793188,16.164295194806492,24.945,6.670954535595076,6.709063854254065,2.397152360189282,11.975,3.1681714929019527,3.1092423752766756,0.34949611601359803,5.58
2026-10-03 13:23:18,14.016941735771548,13.934121972812635,16.193304183101123,24.985,6.69213281236338,6.7287291321145775,2.4013398074881307,12.005,3.1776274748628213,3.1175759333289754,0.35040796849067035,5.595
2026-10-03 13:38:18,14.04760033561773,13.960628177272685,16.225646188637747,25.035,6.695687272885193,6.730528164020513,2.4022225118709644,12.01,3.1811671442582488,3.1211368262013917,0.35126031385464607,5.605
2026-10-03 13:53:18,14.056790007696016,13.975907939724527,16.247300489351097,25.065,6.700951221368148,6.741755126582576,2.4053532396490334,12.025,3.1872174710813215,3.1281001042491496,0.35234532573801436,5.62
2026-10-03 14:08:18,14.075955962972927,13.993171271756909,16.275964453386116,25.105,6.708624247455739,6.747832649056295,2.4079894944944957,12.035,3.1949272611366446,3.1370337665334636,0.352873162093672,5.63
2026-10-03 14:23:18,14.102436746281509,14.016990576039314,16.312085373030893,25.16,6.722965429134752,6.7704668890872375,2.414590174366269,12.07,3.2104874384299436,3.14918564240064,0.3541402910393178,5.655
2026-10-03 14:38:18,14.132514700384103,14.048306166888992,16.34431857526407,25.215,6.741415002187341,6.793052866047424,2.4221625319362996,12.11,3.2294882392657036,3.168207038524357,0.35564205279908656,5.68
2026-10-03 14:53:18,14.142815156937619,14.054007465693175,16.354193076494937,25.23,6.741415002187341,6.793052866047424,2.4221625319362996,12.11,3.2310976948044674,3.1716371026997425,0.35589612955448224,5.685
2026-10-03 15:08:18,14.154470010155434,14.067930070419175,16.36673004303526,25.25,6.75289908110506,6.803760504279633,2.4256815754526717,12.125,3.2352861789023297,3.1759966082182034,0.3563247819927936,5.69
2026-10-03 15:23:18,14.177402869667587,14.0904126462709,16.38796382358764,25.28,6.7590428779932745,6.807186700657885,2.428033179353787,12.135,3.2398567581485,3.1799086644823347,0.3571164640805072,5.7
2026-10-03 15:38:18,14.208417724434955,14.116866558757563,16.41738203685505,25.325,6.764859746873202,6.811277173878451,2.4320195835784806,12.15,3.2398567581485,3.1799086644823347,0.3571164640805072,5.7
2026-10-03 15:53:18,14.229153674587485,14.139090036215084,16.44536870045151,25.365,6.769679059319604,6.819049153593822,2.4349485304385405,12.16,3.2445718895071347,3.185934763953942,0.3575539615986725,5.71
2026-10-03 16:08:18,14.282756330251638,14.194005285132404,16.5045690153017,25.455,6.787211210981591,6.833804273879983,2.4407114405542134,12.19,3.2496281310224786,3.1974005631566538,0.3585723268840052,5.725
2026-10-03 16:23:18,14.30024773369883,14.211881464793436,16.520943261425227,25.48,6.795466075269186,6.83733185367607,2.4429374891754994,12.2,3.26583321555779,3.2113951350323884,0.36037750787525985,5.75
2026-10-03 16:38:18,14.331621486561602,14.23805410709001,16.555873170887473,25.53,6.8293528916825545,6.872661631320475,2.4537731816277324,12.26,3.269580166288408,3.2143540308971685,0.3605236354597811,5.755
2026-10-03 16:53:18,14.368240113699148,14.277038795750677,16.592602531228525,25.585,6.848274578895692,6.891233556845005,2.4603686815672576,12.295,3.2755523407971037,3.219251439836729,0.3608957548852722,5.765
2026-10-03 17:08:18,14.39020561323545,14.305961188494654,16.628938704768387,25.645,6.855641818032709,6.8995144183703445,2.462785120497176,12.31,3.287231683688591,3.231121400568932,0.36212196479487585,5.78
2026-10-03 17:23:18,14.431616427102778,14.33672436954087,16.666079501289268,25.705,6.875530816808429,6.916752732448204,2.4697318275400426,12.34,3.295898094974518,3.236366287518432,0.3627939099641148,5.79
2026-10-03 17:38:18,14.474487329964765,14.374971468332042,16.711188587272975,25.77,6.883769840323968,6.924652192681861,2.473574019422544,12.36,3.3062817066390036,3.2532480504698933,0.3637489924102763,5.815
2026-10-03 17:53:18,14.527258891832457,14.42775650234967,16.77213911258565,25.865,6.90499475776552,6.948340779094676,2.480847776538571,12.4,3.3187757537903004,3.2625871337042285,0.36472016371239857,5.83
2026-10-03 18:08:18,14.555733977800633,14.466298980409013,16.81089428383017,25.93,6.9160057947221825,6.959658081346416,2.48664137175216,12.425,3.3318664425873927,3.2699117709031698,0.36568111755846,5.845
2026-10-03 18:23:18,14.606016526575818,14.510813658987697,16.86683167492391,26.01,6.951331180862693,6.9985562210895385,2.500061076639119,12.495,3.3424820787728864,3.282140894013536,0.3668935272920415,5.865
2026-10-03 18:38:18,14.686889477892699,14.589877755838407,16.96431511538249,26.155,6.9943453161486495,7.046384772639076,2.5194231120511716,12.58,3.343646168716694,3.2845236157021835,0.3672629141768998,5.87
2026-10-03 18:53:18,14.764369250772331,14.665052901304026,17.051582135551506,26.295,7.05651909933253,7.109060303339003,2.5389045689706675,12.68,3.378232844547364,3.315568451072604,0.3707000028305296,5.925
2026-10-03 19:08:18,14.888392015701594,14.782060081061934,17.18416546498845,26.49,7.118664989131694,7.174640900661094,2.5620820644674156,12.79,3.4051643857453584,3.341913304818101,0.37402167805963127,5.97
2026-10-03 19:23:18,14.983258965632478,14.878609687394556,17.305711912813578,26.67,7.168307000127989,7.213193504756321,2.576926321765213,12.87,3.4184385202938543,3.3613209409596996,0.37579311042600827,5.995
2026-10-03 19:38:18,15.051862008041544,14.956607407639765,17.39683466044276,26.8,7.194066892347129,7.2418751681871845,2.587362809765874,12.925,3.443732285010995,3.3864736276565206,0.37847343752621704,6.035
2026-10-03 19:53:18,15.129392118493424,15.027599229446993,17.47905359937098,26.93,7.215945839369775,7.266175277163149,2.5952863605849497,12.965,3.4533490225632137,3.3950988700112132,0.3792710283123565,6.05
2026-10-03 20:08:18,15.179412426760697,15.080067357719892,17.53699662145871,27.025,7.2675209536944285,7.320600752699672,2.6122970172911595,13.05,3.469485537175979,3.413074937366813,0.3812841993090067,6.085
2026-10-03 20:23:18,15.235443422719715,15.15335241383638,17.611986475642304,27.15,7.327881462149451,7.365491002022923,2.6325296095676367,13.14,3.480690395786903,3.428098830358658,0.3833399323563478,6.11
2026-10-03 20:38:18,15.333139879109947,15.224987000280693,17.72256405984125,27.3,7.386294248755897,7.416910548578797,2.650654263175499,13.23,3.495514569313252,3.4439263114443315,0.38513012715650047,6.135
2026-10-03 20:53:18,15.38988696988902,15.282968881013577,17.776503415556814,27.4,7.442374507006196,7.467901345102852,2.6659769478092183,13.31,3.505728686235136,3.449700197830757,0.3861587167182378,6.15
2026-10-03 21:08:18,15.447108113034796,15.342959953360728,17.847737348305333,27.51,7.464426126731424,7.489137766913592,2.67348653458488,13.345,3.5110470926201294,3.4580865080226357,0.3871153371281477,6.17
2026-10-03 21:23:18,15.505945974022707,15.402835501742711,17.899427975687498,27.6,7.487689105663342,7.503276232835237,2.6801414571021738,13.385,3.5143530908657854,3.461585618935454,0.3875360288038905,6.175
2026-10-03 21:38:18,15.52545259706308,15.427468597069526,17.92582403580079,27.64,7.498798244374101,7.512805236141396,2.6840572349053464,13.405,3.519562741002687,3.4671465587928876,0.3879710724570488,6.185
2026-10-03 21:53:18,15.543654930327527,15.444061066233107,17.945993848217707,27.67,7.508154111900569,7.527557193376597,2.68828470336802,13.43,3.529814544701226,3.47734730066468,0.38921015053628955,6.2
2026-10-03 22:08:18,15.576622151642505,15.477238176495016,17.985255991598784,27.735,7.523595816639949,7.542259865849694,2.692631120788189,13.455,3.529814544701226,3.47734730066468,0.38921015053628955,6.2
2026-10-03 22:23:18,15.610577057794538,15.509880705816546,18.02799394739927,27.8,7.54686246915903,7.561558256934378,2.7008791448597202,13.495,3.5344285693858675,3.4822804928264715,0.3894848332797997,6.205
2026-10-03 22:38:18,15.631786010862244,15.530089945010841,18.052455773519856,27.84,7.551104613881408,7.564094398897571,2.7024138956564747,13.505,3.5417700523956595,3.4875651705734545,0.39023859942311795,6.215
2026-10-03 22:53:18,15.662585842747253,15.559726580883629,18.087504152300824,27.9,7.5590114943981535,7.571334533315022,2.703895714466073,13.515,3.5569563347222926,3.4997337310018217,0.3912094658280838,6.24
2026-10-03 23:08:18,15.67081651892616,15.563538208043834,18.09372684713404,27.91,7.577927066717168,7.590021836793352,2.7112313052519923,13.55,3.561989398679557,3.5058301349965473,0.3921256889654716,6.25
2026-10-03 23:23:18,15.698166746524059,15.599642877769156,18.140375137546904,27.98,7.606352418531713,7.632544939255489,2.7252174783865892,13.615,3.5631138984972304,3.51026333734033,0.39248090135991065,6.255
2026-10-03 23:38:18,15.760865461969814,15.644330453280284,18.19994314650519,28.07,7.624001825804039,7.652139186573292,2.7316400849824927,13.645,3.57007121899817,3.5149591494112062,0.3929203692790315,6.265
2026-10-03 23:53:18,15.857915478933531,15.744749113499825,18.313183484442217,28.235,7.659405463033247,7.689460504547895,2.744547941167047,13.71,3.577536101670354,3.529729878570574,0.39432760607073564,6.285
2026-10-04 00:08:18,15.900215635448436,15.786850442733613,18.361423037401398,28.305,7.667806524071994,7.693700681633964,2.746651303962077,13.72,3.5798734451172645,3.532954793339728,0.3944594810375828,6.29
2026-10-04 00:23:18,15.932282934883066,15.831051506028846,18.409722101119243,28.37,7.688128065338778,7.706080348159075,2.7531720049300765,13.75,3.588910029632316,3.541286431462863,0.3951197818393769,6.3
2026-10-04 00:38:18,15.9660399111639,15.863134580984395,18.44592059844293,28.43,7.706821377646417,7.720731447938551,2.760496813177113,13.785,3.595740179174622,3.550980550909805,0.3959843651440706,6.315
2026-10-04 00:53:18,16.06516728727649,15.956946206385147,18.566370991161087,28.615,7.727222191899527,7.742215508097217,2.766641755237323,13.82,3.6097454114015077,3.5752498147106917,0.39820165801026514,6.35
2026-10-04 01:08:18,16.132344261175685,16.019753716792923,18.646626657873284,28.735,7.761306146587391,7.7713994315501305,2.7777259309023017,13.875,3.6168111825257623,3.585920425362289,0.39898062575661725,6.365
2026-10-04 01:23:18,16.194228615633357,16.070284743091243,18.717013860631972,28.835,7.7828360982931235,7.798438509732758,2.786545205634332,13.92,3.6209794587679562,3.5940127154689985,0.3998171393893317,6.38
2026-10-04 01:38:18,16.203938586965172,16.079582549509528,18.728628611273535,28.855,7.788597251545343,7.804112235043388,2.7889720958078335,13.935,3.625516187230407,3.5957856627821916,0.40010069082727634,6.385
2026-10-04 01:53:18,16.23064295800062,16.105908550717807,18.76175086763962,28.9,7.803699729131086,7.821080746492655,2.793865687500969,13.96,3.625516187230407,3.5957856627821916,0.40010069082727634,6.385
2026-10-04 02:08:18,16.250695828956836,16.119457599054986,18.774436813387602,28.925,7.803699729131086,7.821080746492655,2.793865687500969,13.96,3.627105584370504,3.5998832771088596,0.40054919045684906,6.39
2026-10-04 02:23:18,16.272112646060872,16.15285228073599,18.80171680603638,28.975,7.804902095355048,7.825067182215399,2.794965989862251,13.965,3.627105584370504,3.5998832771088596,0.40054919045684906,6.39
2026-10-04 02:38:18,16.28270288939736,16.163542505394012,18.810149724474936,28.99,7.807026282313441,7.82976405144065,2.7962514240328797,13.97,3.6297662761951845,3.603858009299265,0.4009544469101964,6.395
2026-10-04 02:53:18,16.293555622704584,16.1767230627508,18.825270133524715,29.01,7.818710716153609,7.839084889487791,2.8013775443387705,13.99,3.632248538623687,3.606063279925395,0.4012475765859009,6.4
2026-10-04 03:08:18,16.310674269437076,16.193426862893126,18.84821533932889,29.045,7.824764308539357,7.8490853052608145,2.804615239759803,14.005,3.632248538623687,3.606063279925395,0.4012475765859009,6.4
2026-10-04 03:23:18,16.321826680537118,16.21233768336214,18.864134264998608,29.07,7.833258256328565,7.855630273422397,2.8071638484198354,14.015,3.6332070409159383,3.6091649184509422,0.40163642002215777,6.405
2026-10-04 03:38:18,16.336212875223573,16.22610606173611,18.883585830388267,29.095,7.837164257740925,7.864607703859578,2.8087017669098144,14.025,3.6332070409159383,3.6091649184509422,0.40163642002215777,6.405
2026-10-04 03:53:18,16.34113151314124,16.228655662650926,18.885435458274326,29.1,7.837164257740925,7.864607703859578,2.8087017669098144,14.025,3.6332070409159383,3.6091649184509422,0.40163642002215777,6.405
2026-10-04 04:08:18,16.34913397914789,16.238607651717295,18.89463261945162,29.115,7.842060919286607,7.86920411811258,2.8101520202077865,14.03,3.6332070409159383,3.6091649184509422,0.40163642002215777,6.405
2026-10-04 04:23:18,16.353530401232213,16.242955259396073,18.898381828617882,29.12,7.842060919286607,7.86920411811258,2.8101520202077865,14.03,3.6332070409159383,3.6091649184509422,0.40163642002215777,6.405
2026-10-04 04:38:18,16.36486240629568,16.24959448235772,18.914782533318807,29.14,7.848967382416084,7.876765714599031,2.8115544824635887,14.04,3.6332070409159383,3.6091649184509422,0.40163642002215777,6.405
2026-10-04 04:53:18,16.37637843926307,16.264857264031495,18.933107470713573,29.165,7.853716950111016,7.885487082082557,2.8134457242276274,14.05,3.6374383213354275,3.613791444998573,0.4020187675202934,6.41
2026-10-04 05:08:18,16.399132446696772,16.290494875720302,18.960698239969886,29.21,7.858821711620763,7.895324390794175,2.817488011539782,14.07,3.6374383213354275,3.613791444998573,0.4020187675202934,6.41
2026-10-04 05:23:18,16.40708456466852,16.29665976645994,18.97132216386827,29.225,7.861822020786545,7.899579155450957,2.818829995401554,14.08,3.6374383213354275,3.613791444998573,0.4020187675202934,6.41
2026-10-04 05:38:18,16.408213236465933,16.300408636608722,18.974215071067064,29.23,7.861822020786545,7.899579155450957,2.818829995401554,14.08,3.6374383213354275,3.613791444998573,0.4020187675202934,6.41
2026-10-04 05:53:18,16.416965588927848,16.3083587924814,18.98641133967513,29.25,7.866450935995481,7.902952493877685,2.820839888905058,14.09,3.640633502456834,3.6150945260294263,0.40242873068512636,6.415
2026-10-04 06:08:18,16.428915232965522,16.323103229035123,19.003295148099223,29.275,7.872875421950854,7.90829680394145,2.8232969771029137,14.1,3.640633502456834,3.6150945260294263,0.40242873068512636,6.415
2026-10-04 06:23:18,16.440787667091865,16.33833216811155,19.020721146149864,29.3,7.879859168653139,7.914801202270789,2.825024377381106,14.11,3.640633502456834,3.6150945260294263,0.40242873068512636,6.415
2026-10-04 06:38:18,16.442879787991973,16.342811660981635,19.022555609888563,29.305,7.879859168653139,7.914801202270789,2.825024377381106,14.11,3.640633502456834,3.6150945260294263,0.40242873068512636,6.415
2026-10-04 06:53:18,16.45251562843418,16.353232386587788,19.033914435105636,29.32,7.886179449393446,7.920918147945713,2.8263026660458577,14.12,3.6441806964447037,3.618047556420584,0.4027819893237861,6.42
2026-10-04 07:08:18,16.460890383289005,16.359610123788894,19.04052486060635,29.335,7.888156651955681,7.926723461340428,2.8281937066610583,14.13,3.6441806964447037,3.618047556420584,0.4027819893237861,6.42
2026-10-04 07:23:18,16.477609517739445,16.377331389729314,19.06024248022849,29.365,7.891977978100705,7.930696556365657,2.829156735054942,14.135,3.647684187431822,3.618989758046098,0.4030151042029153,6.425
2026-10-04 07:38:18,16.487989539560097,16.38987816115593,19.07411042326687,29.385,7.893470296737169,7.935069300757199,2.830357645515147,14.14,3.653290582447561,3.622829226571735,0.40365887124416233,6.435
2026-10-04 07:53:18,16.492521128848825,16.395009396520017,19.081537357482507,29.395,7.897646303020634,7.941420954314134,2.8320930127078645,14.15,3.653290582447561,3.622829226571735,0.40365887124416233,6.435
2026-10-04 08:08:18,16.50230627516799,16.401479716214432,19.093188396884532,29.41,7.902640141902012,7.9438208642872805,2.8343514497244535,14.16,3.653290582447561,3.622829226571735,0.40365887124416233,6.435
2026-10-04 08:23:18,16.524093291057305,16.42477340257159,19.11418393575851,29.445,7.910778329676436,7.948381701998062,2.8364503132737924,14.17,3.653290582447561,3.622829226571735,0.40365887124416233,6.435
2026-10-04 08:38:18,16.52543056141888,16.428593124524003,19.117089807782207,29.45,7.914893975955423,7.95002535969174,2.8377382755934155,14.175,3.653290582447561,3.622829226571735,0.40365887124416233,6.435
2026-10-04 08:53:18,16.52996593315693,16.434990848962993,19.12229236033887,29.46,7.927049508731975,7.95631937141135,2.8416199849036388,14.195,3.653290582447561,3.622829226571735,0.40365887124416233,6.435
2026-10-04 09:08:18,16.54017538849166,16.44340388716676,19.136530467994827,29.48,7.933831481883898,7.961346356141013,2.8441184911915154,14.21,3.653290582447561,3.622829226571735,0.40365887124416233,6.435
2026-10-04 09:23:18,16.553476470946208,16.450868780678796,19.145970909467884,29.495,7.937920186784403,7.963803957369786,2.8450378384148207,14.215,3.653290582447561,3.622829226571735,0.40365887124416233,6.435
2026-10-04 09:38:18,16.5906621809636,16.48223784773401,19.18261452377964,29.56,7.954733383840046,7.983842095715931,2.8535009581868525,14.25,3.6580923646600096,3.6297421118346103,0.40482346691291016,6.45
2026-10-04 09:53:18,16.636816993749466,16.531475485921185,19.23823662406245,29.64,7.962684198769586,7.99392783334327,2.8563606470959373,14.265,3.659087355787637,3.634741152032374,0.4052796667642468,6.455
2026-10-04 10:08:18,16.659333198678734,16.55269255111857,19.26088672334495,29.675,7.9778572024275,8.01206400450833,2.8636694373581038,14.3,3.6623924663277525,3.6377430858249733,0.4061963079108796,6.465
2026-10-04 10:23:18,16.712314528445916,16.59903175540484,19.31745550977566,29.76,7.983545936992264,8.017169385731698,2.866167532353442,14.315,3.667614250889685,3.6436711132418114,0.4069454089370143,6.475
2026-10-04 10:38:18,16.733934758435804,16.620726246204537,19.34012778789698,29.795,7.999431178934699,8.032393410047588,2.8717207801437827,14.345,3.676064429156767,3.6488045577343615,0.4075669679775047,6.485
2026-10-04 10:53:18,16.772036434418837,16.65895709885166,19.380931024655276,29.865,8.011039658626181,8.047730524017911,2.8767358631479403,14.37,3.684262581464678,3.65635313982271,0.4085541766524622,6.5
2026-10-04 11:08:18,16.79977089413267,16.701380962350516,19.421343826001582,29.93,8.038744058482092,8.070464479879302,2.886996242155548,14.42,3.6937513769916155,3.663407881317608,0.4093359793800949,6.515
2026-10-04 11:23:18,16.840071934210638,16.747480416447594,19.469990876736937,30.005,8.070229739782327,8.099690741456135,2.895915407846638,14.465,3.6950129823730773,3.664967499284762,0.40957064175768954,6.52
2026-10-04 11:38:18,16.863193716295036,16.77030929126053,19.499977905139563,30.05,8.083693378624245,8.110096540243717,2.8995547711031557,14.485,3.696051225135189,3.669547095478434,0.40991892852054923,6.525
2026-10-04 11:53:18,16.887810989327292,16.795143041926938,19.528659653824377,30.095,8.095785502598767,8.116589194781914,2.902778289624954,14.5,3.7008832037152457,3.6758083801505275,0.4105387630909321,6.535
2026-10-04 12:08:18,16.888574812323032,16.79751411927092,19.530413217908816,30.1,8.095785502598767,8.116589194781914,2.902778289624954,14.5,3.7008832037152457,3.6758083801505275,0.4105387630909321,6.535
2026-10-04 12:23:18,16.911521009152857,16.818277079027176,19.55251416499895,30.135,8.106430663645456,8.123545218378148,2.905987101344817,14.515,3.702089049501937,3.6795559639304782,0.4109683369065819,6.54
2026-10-04 12:38:18,16.951547280043567,16.864747985493697,19.60085985481105,30.21,8.126555769413976,8.144367478940818,2.9120340466932033,14.55,3.7108938878310127,3.6857799045732187,0.41185646761089384,6.55
2026-10-04 12:53:18,16.99107285215609,16.905849156713746,19.653872608240025,30.29,8.151426516079871,8.161362889931143,2.918494250466702,14.585,3.730304302476465,3.6987618834400533,0.4131950933258165,6.58
2026-10-04 13:08:18,17.024239642986398,16.942009523549782,19.693775805356957,30.35,8.18178846911134,8.194392339802706,2.928829818232092,14.64,3.7401654663583845,3.70528812936999,0.414204838713254,6.595
2026-10-04 13:23:18,17.077941628529192,16.99884649045294,19.761352899665482,30.45,8.237310036841496,8.245239283646692,2.948639048774626,14.73,3.7564993559314153,3.7173961224780565,0.41621944322638516,6.62
2026-10-04 13:38:18,17.116190141997357,17.036659320158805,19.810848648763084,30.525,8.243548952794576,8.26066425966101,2.9526369597860476,14.75,3.764201979436689,3.7292877711002275,0.41680713004588416,6.635
2026-10-04 13:53:18,17.15621423864756,17.07666739386419,19.84926637613368,30.59,8.250649202581696,8.271107840123879,2.9567056500164157,14.77,3.769659427310369,3.7358965813799596,0.417503679946648,6.645
2026-10-04 14:08:18,17.199602301067394,17.120937602062334,19.904489983127398,30.665,8.272894741545414,8.291643259807694,2.963820665864283,14.805,3.782882121512589,3.747443951957263,0.4184205284563547,6.665
2026-10-04 14:23:18,17.246425759740937,17.153442794177415,19.953239702994967,30.74,8.300324117600324,8.318572586680316,2.9744672172313713,14.855,3.7855240278525026,3.7558624723965783,0.4191612432587148,6.675
2026-10-04 14:38:18,17.301954827051336,17.203036021635803,20.01278689176478,30.825,8.326949062097864,8.342402116311817,2.9817556928557876,14.89,3.7930187166833473,3.7666069311130514,0.4202376025749468,6.695
2026-10-04 14:53:18,17.34288077317455,17.242329549064706,20.054312896255922,30.89,8.35381890003197,8.364664830781965,2.9913043402387904,14.935,3.799768390510406,3.770948148098001,0.4208004089232657,6.705
2026-10-04 15:08:18,17.375038670983493,17.284714137726297,20.099125480019083,30.955,8.37901251892608,8.381568274127169,2.999569831493948,14.97,3.8043424685046108,3.7737246347880005,0.4210629285248858,6.71
2026-10-04 15:23:18,17.401575495049936,17.314091906323732,20.13611189258765,31.01,8.404459632790996,8.402284479710557,3.0098623443443278,15.015,3.8212068388379863,3.791036945187446,0.42282552687435576,6.74
2026-10-04 15:38:18,17.44847889829645,17.34220825740702,20.17274221434549,31.08,8.43352790103033,8.437499065408208,3.023504687239405,15.075,3.833136217884943,3.7980906183529393,0.42415382568099574,6.76
2026-10-04 15:53:18,17.486602159400316,17.38255683438843,20.222609953989416,31.155,8.44672968350597,8.444887450509155,3.0282775156210815,15.095,3.837694270279758,3.804023963586839,0.42444688913554374,6.77
2026-10-04 16:08:18,17.51934409538849,17.423372040320025,20.26301253363575,31.22,8.479567244308814,8.475471422278671,3.040101779141619,15.15,3.859521351689853,3.82042320474628,0.4261554793068393,6.8
2026-10-04 16:23:18,17.56814927366729,17.47350156733992,20.319636789065207,31.305,8.499253530445614,8.495513294475249,3.0454423716059225,15.185,3.868236949601428,3.831324769550554,0.4271000604261604,6.82
2026-10-04 16:38:18,17.632973128709665,17.53331488453571,20.38937266378315,31.415,8.526180077118521,8.515263939371719,3.051967076607621,15.225,3.9008523567130933,3.869991322718745,0.4310879399781774,6.88
2026-10-04 16:53:18,17.690349049615364,17.604190558183117,20.458471417035437,31.515,8.537139162009534,8.520139483134123,3.055093404203572,15.24,3.911867301292967,3.878504173528147,0.43207870723728325,6.895
2026-10-04 17:08:18,17.74826594068845,17.647560555520045,20.507640889206133,31.6,8.563016051922597,8.547525254330434,3.065939930967778,15.29,3.914823535164128,3.880670492206324,0.4322990572649732,6.9
2026-10-04 17:23:18,17.822431588065964,17.72950721336882,20.601660408404772,31.735,8.598192166397546,8.58005538366005,3.080194015026091,15.355,3.923301800212344,3.892729512965064,0.4333693631211204,6.92
2026-10-04 17:38:18,17.877195918088024,17.795630969330862,20.67096115364545,31.84,8.62586802236401,8.60247466670373,3.088683745509184,15.4,3.9354979699920896,3.9092757408097483,0.43509807057518796,6.945
2026-10-04 17:53:18,17.912073978915924,17.82437493230376,20.71314212846861,31.905,8.649600703368044,8.63101413449089,3.097577220553299,15.445,3.9556139244310935,3.9276628864671292,0.43750435104362134,6.98
2026-10-04 18:08:18,17.984404406806586,17.893060809754754,20.790980014599967,32.02,8.680252057800345,8.663501803944145,3.107472526262693,15.495,3.9789052107221226,3.9466487623196924,0.4405560571756278,7.025
2026-10-04 18:23:18,18.00415159450465,17.920604136507134,20.81887432818591,32.065,8.706565181634934,8.694382451709288,3.1198207510459706,15.55,3.987524223473538,3.954170034186261,0.44096633235088506,7.035
2026-10-04 18:38:18,18.033139651595473,17.959499665417763,20.85667679080932,32.12,8.72714881708834,8.722513379767927,3.1301445586818155,15.595,4.0129223858360135,3.9728421304813732,0.4429162947383063,7.07
2026-10-04 18:53:18,18.069321127526116,18.005281658608233,20.90268518717795,32.195,8.748135884224686,8.738310661147874,3.136898392815778,15.625,4.030927486291307,3.985856035489488,0.44454671789734107,7.095
2026-10-04 19:08:18,18.12729922253595,18.08588220154833,20.976909389390386,32.315,8.764679400094797,8.752087980206094,3.1410762006023125,15.65,4.037347857159283,3.9972194545420634,0.44526096574294455,7.11
2026-10-04 19:23:18,18.186734054911703,18.160406274129944,21.046156849995878,32.425,8.818363220847704,8.811974573729984,3.163515165131701,15.76,4.054308456522667,4.023414095381996,0.44753032550344074,7.15
2026-10-04 19:38:18,18.281527173142166,18.252245878386162,21.16216301315404,32.6,8.871388132878918,8.855016132756294,3.1806845158030033,15.845,4.087149061233801,4.063810838009259,0.4511207353157697,7.215
2026-10-04 19:53:18,18.349641109962178,18.31530514027614,21.234388038060246,32.71,8.914707612635201,8.889391542399277,3.196058107182127,15.915,4.098270653640002,4.074551427448883,0.4520966452581022,7.235
2026-10-04 20:08:18,18.44882078775812,18.408503119743656,21.344547974636935,32.89,8.965794060697078,8.935749650936458,3.2170993403351007,16.005,4.122084922552277,4.101682936919264,0.45530471111546555,7.28
2026-10-04 20:23:18,18.52429753234877,18.478030272588512,21.437342470110224,33.03,8.990312041758548,8.960168627661265,3.2264327666273167,16.05,4.149140059580716,4.122283723206088,0.4582244004575261,7.325
2026-10-04 20:38:18,18.635536820155245,18.572511969410613,21.563785584153788,33.225,9.034673873981774,9.009057271571535,3.244536682233178,16.14,4.166131937192304,4.145497319587793,0.4599288018828057,7.355
2026-10-04 20:53:18,18.770744710887627,18.706124941492906,21.703223732645956,33.465,9.093963935512484,9.079957839980027,3.2672809374868748,16.26,4.191646918548279,4.172444714079394,0.46279488501047494,7.395
2026-10-04 21:08:18,18.85646547041695,18.809485194429413,21.818895607220227,33.645,9.148015826395612,9.125130800448447,3.284310971939888,16.345,4.222772696817848,4.199216355819215,0.46558411887179696,7.44
2026-10-04 21:23:18,18.95833329215597,18.904789496649254,21.936915203959455,33.82,9.211339539457075,9.179202711235778,3.3045447979868046,16.44,4.228059147605995,4.209916791031864,0.4666304662391547,7.46
2026-10-04 21:38:18,19.072429143533466,19.03342125776089,22.07817602722646,34.035,9.276281323923472,9.230028082024006,3.3227598117519292,16.535,4.253064142573203,4.2377563063038,0.4694625313321148,7.505
2026-10-04 21:53:18,19.19160312156163,19.153400699160912,22.213216718438215,34.245,9.313905515112015,9.261239479313526,3.3383909946437793,16.605,4.261748290160034,4.246453528729165,0.4702148989022719,7.52
2026-10-04 22:08:18,19.26308644291472,19.240560255197238,22.309371628573007,34.385,9.344018611862273,9.280782685508527,3.348789564686031,16.655,4.268004881694062,4.258255050147118,0.47153685393964645,7.54
2026-10-04 22:23:18,19.34426744057282,19.32752299523687,22.412413618579823,34.555,9.383382944624891,9.323351735111984,3.3631806635374786,16.73,4.2961195673878185,4.287399003828348,0.47500566481488327,7.59
2026-10-04 22:38:18,19.48388689476411,19.45225913203692,22.555602702972337,34.775,9.421663430639448,9.364387941752979,3.3770220082718168,16.8,4.320091672941608,4.307280417567158,0.47672683633802754,7.625
2026-10-04 22:53:18,19.626644670978663,19.58245479377592,22.709184393708394,35.01,9.461761299924566,9.408824081877098,3.391512636432556,16.875,4.366744802512546,4.362271774877876,0.48160048214563295,7.705
2026-10-04 23:08:18,19.751907434302964,19.686800865807577,22.845833318529866,35.21,9.52422275746399,9.478775032731527,3.4111649895346536,16.98,4.382740403524031,4.388946169159474,0.48348888343552204,7.735
2026-10-04 23:23:18,19.892522335226207,19.819581447907645,23.000277561088627,35.455,9.592739055504824,9.547743524141723,3.4376055025565107,17.1,4.395270622010535,4.3998513321378745,0.4850599118121537,7.76
2026-10-04 23:38:18,20.032321487550778,19.943111818832627,23.13691806459048,35.675,9.662406713938282,9.613334982714477,3.4654374581424867,17.22,4.410785491787024,4.414895568922505,0.4863934879035735,7.785
2026-10-04 23:53:18,20.14801518911235,20.063024298277664,23.254058346265037,35.87,9.711193099186318,9.671948205355601,3.488204885538571,17.325,4.434150686385531,4.444653260405371,0.48937222620874476,7.83
2026-10-05 00:08:18,20.25698812180822,20.164323338852935,23.39778488212004,36.075,9.782158845684885,9.737858328225016,3.509915381015232,17.44,4.469565451321808,4.474943025913744,0.4935039993130567,7.89
2026-10-05 00:23:18,20.359932329121197,20.265190771433563,23.53480411938031,36.28,9.826086343809237,9.783083480203112,3.5260070812024282,17.52,4.484971667024168,4.48678423874191,0.49602377162415057,7.92
2026-10-05 00:38:18,20.49378451217521,20.39507806948759,23.68438901600676,36.515,9.886400257368326,9.853649344649169,3.554626705661322,17.64,4.505542481775898,4.509379407619064,0.49916471135740176,7.965
2026-10-05 00:53:18,20.637341798762165,20.522993543145954,23.840470353798878,36.755,9.919751291182987,9.883364771595637,3.564818696728379,17.695,4.532489182082457,4.538201095505179,0.5022609052416698,8.01
2026-10-05 01:08:18,20.781806705485366,20.65559419304559,23.9846165003734,36.985,9.993115709051107,9.946804576231191,3.5908284978812985,17.815,4.573032053791276,4.566781602721093,0.5064947394623388,8.07
2026-10-05 01:23:18,20.89207424833277,20.74876927191159,24.098495529571025,37.17,10.037847868054484,9.989628729056655,3.607965108782868,17.895,4.592223220955776,4.589760591276507,0.5088350184510271,8.105
2026-10-05 01:38:18,20.930359144268674,20.79611245657577,24.146063624997034,37.245,10.052581856623902,9.99954444089691,3.612933343956993,17.92,4.606718753917681,4.606702479978868,0.5099502107126136,8.125
2026-10-05 01:53:18,20.967108384007158,20.84255600111963,24.194446951891607,37.315,10.065792718912732,10.015870488490405,3.6180488843695064,17.945,4.618729186397681,4.617120352328624,0.5112837377540054,8.145
2026-10-05 02:08:18,21.03340535305316,20.918808641535126,24.28100329818722,37.435,10.071877374764385,10.021456863979349,3.6208971299876347,17.955,4.621629930233743,4.620666032234597,0.5115718809939775,8.15
2026-10-05 02:23:18,21.06459434162025,20.961036178679734,24.328897260634303,37.505,10.081553431996303,10.026021985915827,3.622426351320977,17.965,4.624834158851328,4.6245008794476545,0.511988423158302,8.155
2026-10-05 02:38:18,21.09961680583166,20.989482811991458,24.366132111588485,37.56,10.083956503573082,10.028741219586541,3.624353480676336,17.975,4.629935630976573,4.628695190574477,0.5123367109737351,8.165
2026-10-05 02:53:18,21.130997020529655,21.02127075762581,24.39621622867181,37.615,10.093248882671553,10.041853794415665,3.62767043592815,17.995,4.641341925731214,4.636548723960037,0.513187404456705,8.18
2026-10-05 03:08:18,21.165220352335847,21.04971352886908,24.431095534475666,37.67,10.101390872597861,10.050406200914665,3.6298941165550076,18.005,4.641975194271011,4.637368367690327,0.5134977285749124,8.185
2026-10-05 03:23:18,21.183047868026133,21.067481677344635,24.45207843153544,37.705,10.111353518842058,10.055101081098032,3.6326223733365963,18.02,4.651121625908189,4.644039659864869,0.5144218169147706,8.195
2026-10-05 03:38:18,21.191258457541696,21.071810837905197,24.458048241140933,37.72,10.111353518842058,10.055101081098032,3.6326223733365963,18.02,4.654938517240423,4.647417547524114,0.5147283197466249,8.2
2026-10-05 03:53:18,21.210915569033112,21.09309268468004,24.47870117398515,37.75,10.111353518842058,10.055101081098032,3.6326223733365963,18.02,4.654938517240423,4.647417547524114,0.5147283197466249,8.2
2026-10-05 04:08:18,21.210915569033112,21.09309268468004,24.47870117398515,37.75,10.111353518842058,10.055101081098032,3.6326223733365963,18.02,4.654938517240423,4.647417547524114,0.5147283197466249,8.2
2026-10-05 04:23:18,21.22152720508935,21.103114841272728,24.488144045129175,37.765,10.117526678237393,10.061490113961232,3.6346488546565423,18.03,4.654938517240423,4.647417547524114,0.5147283197466249,8.2
2026-10-05 04:38:18,21.22369303734154,21.1078836409678,24.492126701517886,37.77,10.117526678237393,10.061490113961232,3.6346488546565423,18.03,4.654938517240423,4.647417547524114,0.5147283197466249,8.2
2026-10-05 04:53:18,21.234285371658988,21.119501852937216,24.50447521204716,37.79,10.120778546014181,10.065304114330486,3.6351603027695463,18.035,4.654938517240423,4.647417547524114,0.5147283197466249,8.2
2026-10-05 05:08:18,21.237387495142098,21.121298329417222,24.50712511924266,37.795,10.124680697254844,10.072218892373515,3.637449433810109,18.045,4.654938517240423,4.647417547524114,0.5147283197466249,8.2
2026-10-05 05:23:18,21.251827788302872,21.141668429197345,24.5287321238944,37.825,10.124680697254844,10.072218892373515,3.637449433810109,18.045,4.658994585479771,4.651750844474316,0.5150618245923642,8.205
2026-10-05 05:38:18,21.257177901308722,21.14591738509136,24.53783664472178,37.835,10.124680697254844,10.072218892373515,3.637449433810109,18.045,4.658994585479771,4.651750844474316,0.5150618245923642,8.205
2026-10-05 05:53:18,21.261762673288064,21.146908216981014,24.54064426139635,37.84,10.124680697254844,10.072218892373515,3.637449433810109,18.045,4.6614210143540395,4.6554520722194255,0.5153493346373409,8.21
2026-10-05 06:08:18,21.26970972112943,21.166307301954376,24.554726647737834,37.86,10.130491258549885,10.074367647791405,3.639645606842078,18.055,4.6614210143540395,4.6554520722194255,0.5153493346373409,8.21
2026-10-05 06:23:18,21.275485652014734,21.17196656786805,24.56138054876762,37.87,10.130491258549885,10.074367647791405,3.639645606842078,18.055,4.6614210143540395,4.6554520722194255,0.5153493346373409,8.21
2026-10-05 06:38:18,21.28789857349539,21.181776307843208,24.58001842634578,37.89,10.130491258549885,10.074367647791405,3.639645606842078,18.055,4.6614210143540395,4.6554520722194255,0.5153493346373409,8.21
2026-10-05 06:53:18,21.308123713568797,21.1967130202428,24.606571027852215,37.925,10.130491258549885,10.074367647791405,3.639645606842078,18.055,4.6614210143540395,4.6554520722194255,0.5153493346373409,8.21
2026-10-05 07:08:18,21.312287662634297,21.201712456927172,24.609014890639514,37.93,10.138104638750324,10.0843507478422,3.6428449111854997,18.07,4.6614210143540395,4.6554520722194255,0.5153493346373409,8.21
2026-10-05 07:23:18,21.312287662634297,21.201712456927172,24.609014890639514,37.93,10.141998449552494,10.087785102406475,3.6438443889702214,18.075,4.6614210143540395,4.6554520722194255,0.5153493346373409,8.21
2026-10-05 07:38:18,21.321535703315885,21.217383996091527,24.622576599079345,37.955,10.154054706231147,10.096586089955988,3.646968958916372,18.09,4.6614210143540395,4.6554520722194255,0.5153493346373409,8.21
2026-10-05 07:53:18,21.325645202009298,21.22208761939099,24.62690819120191,37.96,10.155523240480111,10.099957161085594,3.6475439860140013,18.095,4.6614210143540395,4.6554520722194255,0.5153493346373409,8.21
2026-10-05 08:08:18,21.344207531151834,21.24090108973526,24.6465637528917,37.99,10.161506301347496,10.104723658779148,3.6496332307641253,18.105,4.664144859196766,4.65719515702455,0.5157844163534894,8.215
2026-10-05 08:23:18,21.356306430045972,21.252812477863046,24.655072886400376,38.005,10.16643517939775,10.106309610056888,3.6509402026227478,18.11,4.664144859196766,4.65719515702455,0.5157844163534894,8.215
2026-10-05 08:38:18,21.360225650299057,21.258235750326374,24.665635727606784,38.02,10.170909650981132,10.108613523077036,3.652250859660985,18.115,4.664144859196766,4.65719515702455,0.5157844163534894,8.215
2026-10-05 08:53:18,21.36943339982536,21.266625192832496,24.67643007687909,38.035,10.173347828566051,10.111654501706964,3.653229406222615,18.12,4.664144859196766,4.65719515702455,0.5157844163534894,8.215
2026-10-05 09:08:18,21.36943339982536,21.266625192832496,24.67643007687909,38.035,10.174317844946996,10.113958940114316,3.6546839658237746,18.125,4.664144859196766,4.65719515702455,0.5157844163534894,8.215
2026-10-05 09:23:18,21.372688205324792,21.27024340216413,24.67974072242473,38.045,10.177125399924932,10.11674397784534,3.6552729607345524,18.13,4.664144859196766,4.65719515702455,0.5157844163534894,8.215
2026-10-05 09:38:18,21.38438559795689,21.285953415898547,24.695160257396733,38.07,10.180077145446361,10.122360092102426,3.657039084683776,18.14,4.669068295796003,4.663065945765756,0.5164547227753405,8.225
2026-10-05 09:53:18,21.400719765795724,21.307011250679004,24.712811256975282,38.095,10.18409123904982,10.125127363662326,3.658255790119422,18.145,4.67092543465122,4.664853717650709,0.5167400258233985,8.23
2026-10-05 10:08:18,21.417036768748677,21.323712336123698,24.735071778973847,38.125,10.194669034927955,10.135053628639087,3.661840866209781,18.16,4.677192642203733,4.670419235600265,0.5175088567639313,8.24
2026-10-05 10:23:18,21.442951771139324,21.350862844470864,24.762490223889596,38.175,10.19973230238128,10.13884349759054,3.663890531599585,18.17,4.684890133703792,4.68249190807134,0.518912364519307,8.255
2026-10-05 10:38:18,21.47482370644189,21.382331465446697,24.79818064201958,38.235,10.224702814831499,10.154454866343968,3.6715626358254507,18.2,4.684890133703792,4.68249190807134,0.518912364519307,8.255
2026-10-05 10:53:18,21.497878529855548,21.403905245294155,24.82434388852975,38.28,10.226737991766328,10.15917945732958,3.672604088747571,18.205,4.694805462893484,4.692228410370114,0.5198164972194173,8.27
2026-10-05 11:08:18,21.548089418170456,21.45592676843381,24.877336435653117,38.365,10.240772156985525,10.179421696890582,3.6781498648644884,18.235,4.704636438533758,4.710697154113809,0.5217784708007374,8.3
2026-10-05 11:23:18,21.565709580306084,21.46870724376796,24.8946011621576,38.39,10.246036271200223,10.183537980766236,3.6806395045963956,18.245,4.704636438533758,4.710697154113809,0.5217784708007374,8.3
2026-10-05 11:38:18,21.572080500513856,21.477374521766695,24.906406093776532,38.405,10.246036271200223,10.183537980766236,3.6806395045963956,18.245,4.712739819588808,4.717242241353367,0.5223364206175045,8.315
2026-10-05 11:53:18,21.59709930961672,21.496475161172604,24.937734698854005,38.445,10.254375768251416,10.18693428316595,3.682608813365123,18.255,4.719987468518383,4.722867218741534,0.5228638808149105,8.325
2026-10-05 12:08:18,21.613714881528526,21.510469198312713,24.956576817567154,38.475,10.266702252403814,10.20528110784172,3.688069199602295,18.28,4.7259645755918465,4.73293166535005,0.524403035770143,8.345
2026-10-05 12:23:18,21.64680881164818,21.543982136506465,24.99055409906564,38.53,10.277691323208312,10.218632808474444,3.691206359604131,18.295,4.739164509504948,4.742466134564727,0.5251953845718862,8.365
2026-10-05 12:38:18,21.655525136293967,21.550090155682618,24.999095340761812,38.545,10.277691323208312,10.218632808474444,3.691206359604131,18.295,4.742232697403219,4.7439820681100215,0.525542558331462,8.37
2026-10-05 12:53:18,21.677377084471022,21.582413617726797,25.027547827973,38.595,10.280654075213636,10.220751763981182,3.6927107947608038,18.305,4.7656665624121874,4.766231782662259,0.5274495984916647,8.405
2026-10-05 13:08:18,21.697871567597314,21.60633224587596,25.06418683276563,38.645,10.288575044747,10.229551935015895,3.6942850102054696,18.315,4.782032998098456,4.7765754594869865,0.5288189717057309,8.425
2026-10-05 13:23:18,21.733134647129894,21.63356095307981,25.10348841517352,38.705,10.291435215570278,10.231047638803215,3.695752684865035,18.32,4.786200264236264,4.77989443390291,0.5290266903439234,8.43
2026-10-05 13:38:18,21.755179625712014,21.670278289528902,25.13714100071321,38.76,10.29209258131118,10.232995468586559,3.69675771293707,18.325,4.791122428007748,4.781828009585005,0.5292826612814208,8.435
2026-10-05 13:53:18,21.789596204533698,21.707085531917723,25.166264469285185,38.815,10.302186576321882,10.245506055626986,3.701414190828194,18.35,4.806744121494851,4.792496728913385,0.5302370940530107,8.455
2026-10-05 14:08:18,21.82465128658196,21.748969875147182,25.22516429425114,38.895,10.338565787397117,10.274539958764247,3.713719175803659,18.41,4.806744121494851,4.792496728913385,0.5302370940530107,8.455
2026-10-05 14:23:18,21.864822840734956,21.792908483713678,25.277651165479092,38.975,10.354528612381362,10.302741779731845,3.720229009135239,18.45,4.810891449360418,4.801490669480424,0.5311098337458934,8.465
2026-10-05 14:38:18,21.888723833413547,21.818141281666314,25.30451588983293,39.015,10.36832472480664,10.317328305149733,3.725198958423711,18.475,4.810891449360418,4.801490669480424,0.5311098337458934,8.465
2026-10-05 14:53:18,21.9348002113742,21.854672994000044,25.344815570462238,39.08,10.395064250934956,10.34203735569492,3.7330020489529954,18.515,4.830160682810387,4.814698088139343,0.5326774384116719,8.49
2026-10-05 15:08:18,21.970252895204755,21.895390327214788,25.37974840822536,39.145,10.410713391695978,10.360837892660832,3.7390207350412443,18.55,4.837356044884965,4.825178888273387,0.5336731941684393,8.51
2026-10-05 15:23:18,22.017952062109835,21.938084839712158,25.431711132359663,39.225,10.418830646395799,10.372502205530536,3.743648415845582,18.57,4.837356044884965,4.825178888273387,0.5336731941684393,8.51
2026-10-05 15:38:18,22.06905588284284,21.993964835219906,25.493089260294123,39.32,10.446666316831626,10.396900453080127,3.754386299094366,18.62,4.848729630602067,4.833879063166841,0.5344890278452162,8.525
2026-10-05 15:53:18,22.111483410618753,22.028960589728808,25.536293514779285,39.39,10.460141170704661,10.408646649311452,3.7585900744084975,18.645,4.859296916901718,4.842446747601934,0.5354120550771784,8.54
2026-10-05 16:08:18,22.18887558167778,22.107692438629453,25.62338580953016,39.535,10.482430612428367,10.428064050460527,3.7662494458963187,18.69,4.883245532086445,4.863394633499149,0.5379544726651263,8.58
2026-10-05 16:23:18,22.25119855373958,22.16219303341528,25.704304276837814,39.655,10.496733468250836,10.44327432747199,3.7715311066694994,18.72,4.8934906644435126,4.872519675129127,0.5389461327917328,8.595
2026-10-05 16:38:18,22.293327439837665,22.20388932143673,25.748270959005758,39.725,10.514415083975116,10.455646534071676,3.7763699084882134,18.75,4.902805748852318,4.880058939281256,0.5399073874389303,8.61
2026-10-05 16:53:18,22.35245122959437,22.250095368293888,25.815064243961775,39.835,10.528988166890338,10.471656750821218,3.781016693806357,18.775,4.917052646040092,4.895707858080372,0.5421436365883918,8.64
2026-10-05 17:08:18,22.384523721618447,22.28250957433608,25.855915206753732,39.895,10.536159543890495,10.478267395112109,3.784856216517137,18.79,4.928962387363317,4.9037070262882985,0.5431434467820458,8.655
2026-10-05 17:23:18,22.43333373439646,22.33429263106966,25.921559941936582,39.99,10.558299302164246,10.501659771982755,3.796493797173622,18.84,4.932696596815665,4.908303800138404,0.5440200707362882,8.665
2026-10-05 17:38:18,22.469803044776246,22.374648529504352,25.973043249402316,40.065,10.580848880489254,10.521994753956065,3.802486758029644,18.875,4.938189443295127,4.914767391022514,0.5446750911434015,8.675
2026-10-05 17:53:18,22.506896314232236,22.42213661771526,26.019979808059944,40.14,10.585646788847571,10.526561965076555,3.803537917167871,18.88,4.950779056045652,4.919812347553237,0.545737362803605,8.695
2026-10-05 18:08:18,22.55197338649269,22.463019334460803,26.065896205451608,40.21,10.603374061032705,10.544024626432368,3.810704773097915,18.915,4.955833242216726,4.9284259193469095,0.5463850397153004,8.71
2026-10-05 18:23:18,22.59024123854702,22.506491813006143,26.111988639721076,40.27,10.625181640329398,10.564556784274673,3.818662808800676,18.955,4.9618021402150285,4.935715789973938,0.5470720539923644,8.72
2026-10-05 18:38:18,22.612027454842718,22.528063075580487,26.133605352174875,40.305,10.639353607530708,10.582664222569628,3.822489073443567,18.98,4.965484974676756,4.937508095332377,0.5476774757962001,8.73
2026-10-05 18:53:18,22.63296003017317,22.543356710848997,26.161502039807672,40.34,10.641676590864185,10.587466138326258,3.824154677333325,18.99,4.971885253742228,4.946199466611661,0.5485580294884816,8.745
2026-10-05 19:08:18,22.66994596530066,22.587475272863387,26.2168811598077,40.415,10.662156704205719,10.6131111095606,3.832929413568309,19.025,4.980508328318745,4.95541883920047,0.5491936417281563,8.76
2026-10-05 19:23:18,22.694119564884492,22.609777153202256,26.240559181413783,40.455,10.672438063792697,10.62481246796138,3.8361138431750126,19.045,4.9905720114777585,4.964194653293018,0.5503771795783104,8.78
2026-10-05 19:38:18,22.728391403544357,22.646670765759577,26.28034344237871,40.515,10.683099217933036,10.633005408475954,3.840969035480364,19.065,5.004015454642305,4.976395228824509,0.5516955521712343,8.8
2026-10-05 19:53:18,22.744523980490712,22.668036759382215,26.30446907671102,40.545,10.684605091237598,10.636009614214142,3.8416514525196166,19.07,5.024130312740932,4.991685683600675,0.5533706171337657,8.83
2026-10-05 20:08:18,22.783185824689337,22.725441937422307,26.356294257938416,40.625,10.728899534429745,10.68048271690862,3.8566871640538483,19.14,5.033707039817791,5.001601034822369,0.5541326830607417,8.845
2026-10-05 20:23:18,22.841757410842323,22.775930420891203,26.42643011962506,40.725,10.74623567628951,10.703521822635873,3.8649798981215286,19.18,5.0396472370038135,5.01249755724707,0.554968331468517,8.86
2026-10-05 20:38:18,22.909118887648756,22.853900213015546,26.515876004337777,40.86,10.761801412447054,10.720739340156689,3.871238297723127,19.215,5.06836640305312,5.044383787898823,0.5579573809733696,8.915
2026-10-05 20:53:18,22.955402983212352,22.893949313491063,26.56196818849188,40.93,10.780189835450095,10.742730707976214,3.8793548498821906,19.255,5.075503034682068,5.053216701063748,0.5585281235507342,8.925
2026-10-05 21:08:18,22.994021356419402,22.928591853923393,26.603130318248844,40.995,10.800285505466842,10.764861183297791,3.8872549840098842,19.29,5.080313014353073,5.053882827485621,0.558662943589004,8.93
2026-10-05 21:23:18,23.044079667121235,22.984636731831174,26.657282128789173,41.075,10.823497478847795,10.790529507925731,3.894302261696838,19.33,5.09539453725124,5.0718466666337125,0.560728309472181,8.96
2026-10-05 21:38:18,23.100097362621703,23.03670115079166,26.71872839418583,41.17,10.847043821344512,10.81678516356178,3.904332042154129,19.375,5.102767053616012,5.084653142145155,0.5619093123171337,8.98
2026-10-05 21:53:18,23.138389696337487,23.079294494334402,26.768207885054867,41.245,10.863904048600332,10.841848151549128,3.914393762285387,19.42,5.105327643173577,5.093886708534002,0.5624260559883868,8.99
2026-10-05 22:08:18,23.199499890850177,23.140674720538783,26.853359167521827,41.37,10.8822685517743,10.868902474659427,3.9229375231524597,19.46,5.119820780090203,5.10697751097499,0.5643304937449288,9.02
2026-10-05 22:23:18,23.248684452434784,23.19517708953636,26.903698171291225,41.45,10.916486114575603,10.888878918298996,3.9310411221981316,19.51,5.124768425345151,5.112388450004468,0.5649598249174643,9.03
2026-10-05 22:38:18,23.282449413594925,23.22728210178583,26.946927434225618,41.515,10.944569520234769,10.917446910130472,3.939755249801043,19.555,5.137676921422327,5.125293942404716,0.5672580046452272,9.06
2026-10-05 22:53:18,23.314744894838036,23.265059479967242,26.986572241047895,41.575,10.977610253078415,10.94015110894637,3.9508817234020444,19.61,5.151483397464967,5.136422862479865,0.5681925703411639,9.08
2026-10-05 23:08:18,23.365509319327895,23.307199853132758,27.045837344887335,41.66,10.98427378990817,10.952205993816445,3.954928060277952,19.63,5.170646904097928,5.1490451997386995,0.5696335188557877,9.11
2026-10-05 23:23:18,23.418563642917558,23.35373615863643,27.102898681949533,41.75,10.997805276286181,10.973631272787095,3.961948080656476,19.66,5.174097208293556,5.149815028188354,0.569827314500152,9.115
2026-10-05 23:38:18,23.500277711073974,23.432059841685522,27.187259855336777,41.875,11.021276568760983,10.993549808983595,3.967459116839025,19.695,5.184101290682494,5.162467536249867,0.5710023363429414,9.135
2026-10-05 23:53:18,23.530058863212567,23.46094128573697,27.223814566958133,41.935,11.045951275394671,11.009910220447443,3.9740248856562754,19.73,5.198980177989072,5.174930383531485,0.5723238165985166,9.155
2026-10-06 00:08:18,23.575940482620112,23.50584847863412,27.275595332525878,42.01,11.061609997349342,11.031377143650777,3.982965881454588,19.77,5.206592999646252,5.184182605132296,0.5735500207522052,9.17
2026-10-06 00:23:18,23.620047675344846,23.54330230708614,27.328211184040622,42.09,11.095079009575212,11.059796734207834,3.9919780018156334,19.82,5.206592999646252,5.184182605132296,0.5735500207522052,9.17
2026-10-06 00:38:18,23.68244178534319,23.596123610911853,27.40007059605978,42.2,11.110347547304452,11.082594313751061,3.9983382136610834,19.855,5.223995144218378,5.203022115323754,0.575145913738192,9.195
2026-10-06 00:53:18,23.739282433687926,23.65786290406608,27.466120581108147,42.3,11.13754358823617,11.107779366681777,4.0047085336177375,19.895,5.232434850125908,5.215946124573244,0.5770629448209139,9.22
2026-10-06 01:08:18,23.774801016375324,23.69397065516869,27.52043561016676,42.37,11.147501678216637,11.120846636263638,4.009431662096054,19.915,5.253845397085226,5.239849156105205,0.5799226386890913,9.26
2026-10-06 01:23:18,23.804176882563034,23.732238686064136,27.55205181484054,42.425,11.173102619170487,11.147969115139729,4.018194478293284,19.965,5.257706740053549,5.244136207492794,0.5801287316712859,9.265
2026-10-06 01:38:18,23.814679728298824,23.743752257278892,27.559352676864112,42.44,11.173102619170487,11.147969115139729,4.018194478293284,19.965,5.257706740053549,5.244136207492794,0.5801287316712859,9.265
2026-10-06 01:53:18,23.83350620137235,23.76195570257728,27.578696867754843,42.47,11.183403791942153,11.158697988581299,4.020778406614695,19.98,5.257706740053549,5.244136207492794,0.5801287316712859,9.265
2026-10-06 02:08:18,23.852760286684884,23.787147933738567,27.60615279475386,42.515,11.193765293305972,11.166270827893399,4.023333192126678,19.995,5.2662203170842625,5.248906094460112,0.58069326848749,9.275
2026-10-06 02:23:18,23.87144486051294,23.80163208803631,27.6326082878072,42.55,11.208722609040427,11.174231569514628,4.026629948038646,20.015,5.269795669921879,5.253504698801807,0.5810669349598988,9.28
2026-10-06 02:38:18,23.89247286329803,23.820646209498875,27.65868368859497,42.59,11.210307452128106,11.176465838829323,4.027877271689629,20.02,5.277737009590449,5.261524737746867,0.5816719096171442,9.29
2026-10-06 02:53:18,23.91139816814727,23.839927000740296,27.679013108534136,42.62,11.214653652388481,11.178812848693372,4.029336164107538,20.025,5.277737009590449,5.261524737746867,0.5816719096171442,9.29
2026-10-06 03:08:18,23.92054346556688,23.852734562594094,27.690102110680183,42.64,11.217158999190007,11.180768219537336,4.030222277941232,20.03,5.281894261666901,5.264901758731946,0.5818991960015135,9.295
2026-10-06 03:23:18,23.9346840530914,23.867026476927812,27.70799739246387,42.665,11.217158999190007,11.180768219537336,4.030222277941232,20.03,5.281894261666901,5.264901758731946,0.5818991960015135,9.295
2026-10-06 03:38:18,23.937879001936974,23.87273067311821,27.715991820589615,42.675,11.217158999190007,11.180768219537336,4.030222277941232,20.03,5.281894261666901,5.264901758731946,0.5818991960015135,9.295
2026-10-06 03:53:18,23.9394655498779,23.8763921561698,27.717759073677666,42.68,11.217158999190007,11.180768219537336,4.030222277941232,20.03,5.281894261666901,5.264901758731946,0.5818991960015135,9.295
2026-10-06 04:08:18,23.94231970598435,23.878892448619027,27.723634333214413,42.69,11.21982308621747,11.183832995958168,4.030819600136723,20.035,5.281894261666901,5.264901758731946,0.5818991960015135,9.295
2026-10-06 04:23:18,23.95373156634857,23.88572119134648,27.736137697686004,42.71,11.21982308621747,11.183832995958168,4.030819600136723,20.035,5.281894261666901,5.264901758731946,0.5818991960015135,9.295
2026-10-06 04:38:18,23.964173317602828,23.8940084060716,27.743809696914457,42.725,11.220817456561846,11.184955878582285,4.031616889056821,20.04,5.281894261666901,5.264901758731946,0.5818991960015135,9.295
2026-10-06 04:53:18,23.966174689912638,23.896675041557366,27.746433352168708,42.73,11.224554985485552,11.188549498929284,4.032311583106709,20.045,5.281894261666901,5.264901758731946,0.5818991960015135,9.295
2026-10-06 05:08:18,23.977873542933853,23.901836876732496,27.75783640077978,42.75,11.22544927297888,11.192436535460253,4.033739988484381,20.05,5.286676817760628,5.266709104253317,0.5823971713645834,9.3
2026-10-06 05:23:18,23.987686603366924,23.9103808488159,27.773125172852843,42.77,11.22544927297888,11.192436535460253,4.033739988484381,20.05,5.286676817760628,5.266709104253317,0.5823971713645834,9.3
2026-10-06 05:38:18,24.00517749221015,23.931728453711692,27.800116607159406,42.805,11.22544927297888,11.192436535460253,4.033739988484381,20.05,5.291612612895144,5.270836095789736,0.5827623196620572,9.305
2026-10-06 05:53:18,24.012502273937493,23.94005965000169,27.80646007166012,42.815,11.231799389869566,11.19493917276584,4.0355886039762225,20.06,5.291612612895144,5.270836095789736,0.5827623196620572,9.305
2026-10-06 06:08:18,24.01800419689435,23.949975146740776,27.81708266095629,42.83,11.231799389869566,11.19493917276584,4.0355886039762225,20.06,5.291612612895144,5.270836095789736,0.5827623196620572,9.305
2026-10-06 06:23:18,24.018715920461524,23.951592049920457,27.819288282002677,42.835,11.233291977940906,11.199337679579786,4.036423011993786,20.065,5.2945483225543555,5.27382270939511,0.5831770164967991,9.31
2026-10-06 06:38:18,24.030162107745696,23.96061868628327,27.829696524333688,42.855,11.238865207451079,11.203259208440416,4.038357314362518,20.075,5.2945483225543555,5.27382270939511,0.5831770164967991,9.31
2026-10-06 06:53:18,24.043748035516316,23.97970809590402,27.8451912139049,42.88,11.239674696062831,11.204844358469213,4.03906343271693,20.08,5.2945483225543555,5.27382270939511,0.5831770164967991,9.31
2026-10-06 07:08:18,24.05484574654586,23.987123172254602,27.85419027948329,42.895,11.244143202803913,11.208053619533588,4.040035922212403,20.085,5.2945483225543555,5.27382270939511,0.5831770164967991,9.31
2026-10-06 07:23:18,24.067643363947397,23.99777407339286,27.869821869524824,42.915,11.244977819798361,11.210016683941559,4.040537108352915,20.09,5.2945483225543555,5.27382270939511,0.5831770164967991,9.31
2026-10-06 07:38:18,24.08350691425356,24.012469659979967,27.89181070927185,42.94,11.244977819798361,11.210016683941559,4.040537108352915,20.09,5.2945483225543555,5.27382270939511,0.5831770164967991,9.31
2026-10-06 07:53:18,24.09090460666508,24.01989841699116,27.90133024088666,42.955,11.247275671407568,11.214460744374389,4.042114429279439,20.1,5.2945483225543555,5.27382270939511,0.5831770164967991,9.31
2026-10-06 08:08:18,24.10161595639513,24.034777616047652,27.914919138664658,42.975,11.260528365900653,11.222001465325752,4.046198839639886,20.115,5.296972928425845,5.277643083618462,0.5833169155480412,9.315
2026-10-06 08:23:18,24.108037929282975,24.04349775343983,27.925502360603293,42.99,11.265360349922913,11.2228467866685,4.0472658119258265,20.12,5.296972928425845,5.277643083618462,0.5833169155480412,9.315
2026-10-06 08:38:18,24.11077908725585,24.04692691839007,27.92741028258521,42.995,11.265360349922913,11.2228467866685,4.0472658119258265,20.12,5.296972928425845,5.277643083618462,0.5833169155480412,9.315
2026-10-06 08:53:18,24.115232878343186,24.04759790448866,27.931157344062544,43.0,11.266604124368827,11.223910142601765,4.048066420417156,20.125,5.300560013630647,5.2812321011362675,0.5834703928482616,9.32
2026-10-06 09:08:18,24.115232878343186,24.04759790448866,27.931157344062544,43.0,11.266604124368827,11.223910142601765,4.048066420417156,20.125,5.300560013630647,5.2812321011362675,0.5834703928482616,9.32
2026-10-06 09:23:18,24.115232878343186,24.04759790448866,27.931157344062544,43.0,11.266604124368827,11.223910142601765,4.048066420417156,20.125,5.300560013630647,5.2812321011362675,0.5834703928482616,9.32
2026-10-06 09:38:18,24.121893605635073,24.05300723763256,27.938005914908707,43.01,11.273719889692169,11.232824059021617,4.050698906627927,20.135,5.3033050052462025,5.28429279542924,0.5837717545111489,9.325
2026-10-06 09:53:18,24.141373691355888,24.07358767958481,27.96045739555004,43.045,11.275888206552251,11.236644573261035,4.051779910609273,20.14,5.305485303589308,5.287434718013906,0.5840987587328479,9.33
2026-10-06 10:08:18,24.157722675114382,24.087481947991826,27.978618792644408,43.07,11.281111653628404,11.241937077945328,4.053544756517121,20.15,5.307245629478508,5.2891933512622735,0.5845322891003835,9.335
2026-10-06 10:23:18,24.18428057998068,24.118295902654868,28.010944667091934,43.115,11.293568173556649,11.255342783968864,4.058064011631412,20.17,5.3159704924065165,5.301825188630871,0.5857550865138159,9.355
2026-10-06 10:38:18,24.19828269074668,24.132860044389485,28.027551675011086,43.14,11.29917450333305,11.261810122067129,4.060266312384475,20.18,5.32478149057384,5.311850473487763,0.5865576479469005,9.37
2026-10-06 10:53:18,24.209536241597913,24.143674872778586,28.04107379906625,43.16,11.303179499994576,11.264537884645435,4.0617660720798225,20.19,5.32478149057384,5.311850473487763,0.5865576479469005,9.37
2026-10-06 11:08:18,24.22108007680632,24.157487571099235,28.05091498380768,43.18,11.303179499994576,11.264537884645435,4.0617660720798225,20.19,5.330933777356371,5.3212206369221695,0.5872374863864731,9.38
2026-10-06 11:23:18,24.239534252358872,24.171664542973016,28.066384687604597,43.205,11.303179499994576,11.264537884645435,4.0617660720798225,20.19,5.3356703229818425,5.329018380251286,0.5878580312359208,9.39
2026-10-06 11:38:18,24.25708975074028,24.195925211834975,28.084037082212227,43.24,11.314156541932212,11.28061324315042,4.066696584497817,20.215,5.3356703229818425,5.329018380251286,0.5878580312359208,9.39
2026-10-06 11:53:18,24.268468958313214,24.20510927720376,28.090470540374945,43.255,11.322716592353245,11.291117618701819,4.070067846991938,20.23,5.340190269817483,5.330158860525483,0.5881901597512526,9.395
2026-10-06 12:08:18,24.276322716829544,24.21580595221872,28.10164675704991,43.27,11.322716592353245,11.291117618701819,4.070067846991938,20.23,5.348745510994394,5.34113803110426,0.5893938866706359,9.41
2026-10-06 12:23:18,24.303905580276663,24.242280388961607,28.13143406249989,43.315,11.336766102808243,11.310653170865603,4.0764916040941515,20.26,5.348745510994394,5.34113803110426,0.5893938866706359,9.41
2026-10-06 12:38:18,24.315560399993732,24.252435748222407,28.14383948787056,43.335,11.342117179158329,11.31810798898503,4.078560889288145,20.27,5.357066531399455,5.349765609346594,0.5900031020196226,9.42
2026-10-06 12:53:18,24.359271229337935,24.285563217274927,28.1815831359901,43.4,11.357968820702641,11.33652774879484,4.083981786609977,20.3,5.371751386854867,5.366156856604738,0.5913893831310078,9.44
2026-10-06 13:08:18,24.37269815948952,24.29893246843059,28.198107871378205,43.425,11.372394227889593,11.350793011956334,4.08873119415996,20.325,5.371751386854867,5.366156856604738,0.5913893831310078,9.44
2026-10-06 13:23:18,24.415683672360718,24.332842964671563,28.249053607091362,43.5,11.392188842782277,11.368730892683068,4.095326892901556,20.36,5.381174655826361,5.376174674266994,0.5927434119627517,9.46
2026-10-06 13:38:18,24.472125236809063,24.39772540144032,28.325115401300284,43.615,11.424267809846487,11.400807933389345,4.1057851108338586,20.415,5.387128185968816,5.380989372868163,0.593317595854224,9.47
2026-10-06 13:53:18,24.52823868596095,24.456189500703463,28.392957386118002,43.715,11.448706705367785,11.42889108177314,4.117640888413288,20.465,5.398967066843988,5.389170373495098,0.5943950500116857,9.49
2026-10-06 14:08:18,24.613235165498182,24.54452961035324,28.488227735780047,43.88,11.492712894368792,11.474117776724416,4.134030316570137,20.55,5.420252612580664,5.407444490513544,0.5967343664410062,9.52
2026-10-06 14:23:18,24.659941250341273,24.5789499583419,28.53912545937449,43.96,11.513044808874033,11.491832411858713,4.139685070708597,20.58,5.434687491179564,5.417789593059865,0.5982049585812533,9.54
2026-10-06 14:38:18,24.700786592735845,24.624500465715304,28.585734285420106,44.03,11.533252342771195,11.511378075260689,4.14747377799291,20.615,5.436912659516225,5.418582912156552,0.5984282219604462,9.545
2026-10-06 14:53:18,24.72256237247202,24.64736542771543,28.6198075602321,44.08,11.54335378775857,11.520634211972656,4.150813015393479,20.635,5.444431429457037,5.426175698442005,0.5996331243222284,9.56
2026-10-06 15:08:18,24.78846367459903,24.732513638178958,28.697666827408277,44.2,11.56665100684834,11.544849045513308,4.1606881022253015,20.68,5.457122726317292,5.436269581417688,0.6010684287714617,9.58
2026-10-06 15:23:18,24.824164135084832,24.766621862419612,28.734656052390083,44.26,11.592616739297885,11.563778775795429,4.167885263452026,20.72,5.4734911697410515,5.459217368932069,0.6034323690061371,9.615
2026-10-06 15:38:18,24.866494303468595,24.807617825729253,28.78716961230829,44.345,11.597322259626214,11.575157577928671,4.1710115943556225,20.735,5.4785370364529085,5.467017372880011,0.6038946239773453,9.63
2026-10-06 15:53:18,24.89210874351697,24.835877793428633,28.816750452372098,44.39,11.6075699983355,11.58332031953847,4.17407932755096,20.75,5.486838145872897,5.473697972457377,0.604492558002347,9.64
2026-10-06 16:08:18,24.919334326354463,24.8636864623127,28.852408977933013,44.45,11.610481808377115,11.584870316392802,4.1747608052059535,20.755,5.496709216569458,5.480881810127544,0.6052089404430138,9.655
2026-10-06 16:23:18,24.942886130653037,24.890081314224314,28.887845396435434,44.505,11.626197095974598,11.597332782587781,4.180234879875376,20.78,5.500658075128917,5.484905690751954,0.6055449345523138,9.66
2026-10-06 16:38:18,24.991364881668694,24.93840403597227,28.946915982316398,44.59,11.636702996747196,11.605952573390443,4.183110109581247,20.795,5.507016717314266,5.486913235689783,0.6064299881781546,9.67
2026-10-06 16:53:18,25.004179765958394,24.949500669940257,28.963062817831787,44.61,11.646722610186242,11.613805926589729,4.186557972215217,20.81,5.51818055747191,5.496700881287156,0.6071412060231227,9.685
2026-10-06 17:08:18,25.054518653399672,24.999544846885854,29.022448236808977,44.7,11.675551479386506,11.643325053410878,4.196463402932695,20.86,5.524478228617004,5.503765714647515,0.6079936042054666,9.695
2026-10-06 17:23:18,25.072961131893674,25.02100389114264,29.043200374361078,44.735,11.696809758467202,11.659047569034183,4.2015537492403165,20.885,5.525257219429443,5.504777133769916,0.6083803661283846,9.7
2026-10-06 17:38:18,25.127141014818374,25.06921227580952,29.114814330866793,44.845,11.72378433970436,11.694027668361764,4.213283785830105,20.94,5.529754192235538,5.507431379144814,0.608772437187133,9.705
2026-10-06 17:53:18,25.163477851818815,25.10883345637188,29.159170795029766,44.91,11.739774545504057,11.706586969858051,4.217378477561624,20.965,5.529754192235538,5.507431379144814,0.608772437187133,9.705
2026-10-06 18:08:18,25.193322909279875,25.140566865241578,29.190156544518697,44.965,11.741717020502147,11.711657734000763,4.219667997632235,20.975,5.529754192235538,5.507431379144814,0.608772437187133,9.705
2026-10-06 18:23:18,25.218069692918846,25.156503442686788,29.21102002017237,44.995,11.764908973383822,11.73686193519502,4.227599167062029,21.02,5.536730869185735,5.514742506980025,0.6094006630614465,9.72
2026-10-06 18:38:18,25.239063198442327,25.175323392463106,29.233831210008354,45.035,11.764908973383822,11.73686193519502,4.227599167062029,21.02,5.544263097533648,5.522569254546985,0.6108758960449162,9.74
2026-10-06 18:53:18,25.298363487899632,25.239564516042105,29.29577213707383,45.135,11.78335036153144,11.75229516286605,4.234489109055445,21.055,5.550649291589305,5.5279817789240795,0.6112685738565511,9.75
2026-10-06 19:08:18,25.36443025621201,25.308838842129784,29.372292268846696,45.255,11.808240538618051,11.785124096573892,4.2429967720296435,21.1,5.561207423049285,5.543409144489713,0.612110050968291,9.77
2026-10-06 19:23:18,25.41479502412368,25.35799234836464,29.429613285739848,45.345,11.824333010479526,11.799773569006828,4.247741464624227,21.125,5.56821959985982,5.546384909023121,0.6128713549574085,9.78
2026-10-06 19:38:18,25.453920214627892,25.392850706572407,29.466912273511966,45.405,11.841565990627132,11.814239234500896,4.253352751314928,21.15,5.5731826579354085,5.553451436602122,0.6135765991080961,9.79
2026-10-06 19:53:18,25.487227289864506,25.410709915392733,29.48994035831165,45.45,11.854789281995176,11.835247410480344,4.260272978116148,21.18,5.577589487629159,5.556545003403582,0.6137759031485642,9.795
2026-10-06 20:08:18,25.51836326603175,25.44337239811922,29.522659120203244,45.505,11.866022210738999,11.851531578509222,4.2660845262599665,21.205,5.581044463027028,5.562149140982761,0.6144860649608244,9.805
2026-10-06 20:23:18,25.541423498314632,25.469352608675205,29.547929501644706,45.545,11.874218978100798,11.860492740016882,4.268447574155429,21.22,5.591627458630499,5.56846789828477,0.6153563008526666,9.825
2026-10-06 20:38:18,25.617851888416038,25.544898417996897,29.617832424901348,45.675,11.898164105702627,11.896101649384514,4.276772218040308,21.265,5.605156341064602,5.580695484578008,0.6170697552537884,9.85
2026-10-06 20:53:18,25.662412792341716,25.593225838723498,29.668530633218218,45.76,11.916825757120055,11.912866200068986,4.283339272953773,21.3,5.617421137022313,5.59557246005376,0.618536944837231,9.875
2026-10-06 21:08:18,25.72422338665271,25.660101160214214,29.739037600934005,45.87,11.927335392303133,11.923692915155966,4.288038363516461,21.32,5.632387025303896,5.606442903055674,0.6200482587742239,9.9
2026-10-06 21:23:18,25.764583282187115,25.699638088826198,29.785976382575942,45.94,11.95043261099064,11.943497606340022,4.296185309349922,21.355,5.642613007261698,5.612737623300274,0.6214152959164704,9.92
2026-10-06 21:38:18,25.817813468074533,25.75466507756129,29.85432633257967,46.04,11.974970653447235,11.964516784321304,4.304852812504833,21.395,5.657608064173637,5.630031488633665,0.6236170072493162,9.95
2026-10-06 21:53:18,25.844007273043385,25.777714275333302,29.881099539916946,46.08,11.980123574053922,11.972275156388793,4.306146810363261,21.405,5.660662135444815,5.633857650964448,0.623829969266398,9.955
2026-10-06 22:08:18,25.877979297008853,25.813821312919863,29.921430885614125,46.15,11.995399845618511,11.989075264497304,4.313506183797308,21.44,5.6660521940189525,5.639550998708307,0.62450051667248,9.965
2026-10-06 22:23:18,25.93173733163998,25.86989462695746,29.982819216764973,46.24,12.014717274717912,12.009522001450902,4.320943258863725,21.475,5.666748494088506,5.6443363662478765,0.6246973202284609,9.97
2026-10-06 22:38:18,26.016087245942888,25.958097687235046,30.08672698254999,46.4,12.06257101171553,12.04782968217306,4.336215393036829,21.545,5.673347361391463,5.654668167662617,0.6256973369791482,9.985
2026-10-06 22:53:18,26.05472685653782,25.991789636162604,30.13775963871109,46.475,12.081112414146569,12.064554119854975,4.343407359623369,21.58,5.687083462993573,5.667245848908826,0.6270541399558242,10.005
2026-10-06 23:08:18,26.124866752261138,26.069494603938583,30.216029434274496,46.6,12.118940696187199,12.107735289986966,4.361874732052294,21.66,5.710906691833559,5.68576296581729,0.6292032542038024,10.04
2026-10-06 23:23:18,26.21142852147291,26.160988205350712,30.31237129757122,46.75,12.16042764954791,12.143638652920067,4.375170931195387,21.735,5.7276627497048835,5.700509067239046,0.6310237765382435,10.07
2026-10-06 23:38:18,26.269453034639216,26.21408430035664,30.38087627870646,46.85,12.18566933383378,12.174751749766013,4.382889014868615,21.785,5.73416815440119,5.705616398742487,0.6314378700106366,10.08
2026-10-06 23:53:18,26.34363527353947,26.27648639563255,30.447804567801914,46.965,12.2044904055203,12.200353116091954,4.3922397133754885,21.825,5.74674884310434,5.723727158137845,0.6332464905485101,10.11
2026-10-07 00:08:18,26.38683054178913,26.318926607148768,30.49663742848385,47.05,12.232617520459076,12.219198547416108,4.400871790864165,21.87,5.756978764778789,5.732155678420872,0.6346822594102192,10.13
2026-10-07 00:23:18,26.421295445745532,26.358076494717515,30.53941286730514,47.12,12.238311799109375,12.226820063547398,4.4042119777545725,21.885,5.765762033832901,5.739724963776813,0.6353563593995523,10.145
2026-10-07 00:38:18,26.470357588455744,26.406017858459098,30.593473539201906,47.205,12.264411115417946,12.247806924987467,4.411328306572398,21.925,5.776054790164228,5.755190206991845,0.6368788340961503,10.17
2026-10-07 00:53:18,26.513823686502537,26.456731598053608,30.654947681940943,47.29,12.273559860622957,12.259119444719135,4.4149063210149455,21.945,5.791295118574865,5.7660148424172455,0.6377667924996171,10.19
2026-10-07 01:08:18,26.569455271171513,26.520146761803026,30.725961650792552,47.4,12.31663722532406,12.289277071133167,4.425968441894163,22.005,5.805150126005497,5.781606607194378,0.6393406566268949,10.215
2026-10-07 01:23:18,26.581790388847246,26.530405370256638,30.738138232790053,47.42,12.333457069219374,12.301842617976797,4.430490231682336,22.03,5.805150126005497,5.781606607194378,0.6393406566268949,10.215
2026-10-07 01:38:18,26.599794806784452,26.54360803156171,30.755994648927974,47.445,12.345755749617975,12.314848409574813,4.434304984697555,22.05,5.809507934113161,5.785002216855474,0.6395253666465278,10.22
2026-10-07 01:53:18,26.614621744552856,26.554299840737112,30.766707206382396,47.465,12.345755749617975,12.314848409574813,4.434304984697555,22.05,5.809507934113161,5.785002216855474,0.6395253666465278,10.22
2026-10-07 02:08:18,26.614621744552856,26.554299840737112,30.766707206382396,47.465,12.345755749617975,12.314848409574813,4.434304984697555,22.05,5.809507934113161,5.785002216855474,0.6395253666465278,10.22
2026-10-07 02:23:18,26.63978766413559,26.576219400790976,30.798562301865676,47.51,12.35619780502945,12.32611797715045,4.438435711130015,22.065,5.809507934113161,5.785002216855474,0.6395253666465278,10.22
2026-10-07 02:38:18,26.65665528016023,26.60259473367339,30.82274951835892,47.55,12.361152410143506,12.327876785043802,4.439299578056682,22.07,5.81223075446806,5.789030790984625,0.6397110505894518,10.225
2026-10-07 02:53:18,26.665738724889252,26.612280269397747,30.834324843610123,47.565,12.378259324817677,12.346313529504611,4.444991371766189,22.095,5.813308285447388,5.791616011790573,0.640208916945214,10.23
2026-10-07 03:08:18,26.68269606014115,26.636271053553184,30.852864723527233,47.595,12.378259324817677,12.346313529504611,4.444991371766189,22.095,5.813308285447388,5.791616011790573,0.640208916945214,10.23
2026-10-07 03:23:18,26.704889110688093,26.649352148842606,30.871602111131192,47.625,12.3830560024932,12.34785003936293,4.445618800053401,22.1,5.813308285447388,5.791616011790573,0.640208916945214,10.23
2026-10-07 03:38:18,26.710853687395286,26.657091335292048,30.880257865436683,47.64,12.3830560024932,12.34785003936293,4.445618800053401,22.1,5.813308285447388,5.791616011790573,0.640208916945214,10.23
2026-10-07 03:53:18,26.72667899675654,26.671457823069627,30.901165476632315,47.665,12.387238173335835,12.348600397392003,4.446944485234283,22.105,5.813308285447388,5.791616011790573,0.640208916945214,10.23
2026-10-07 04:08:18,26.728194446087514,26.674082125582903,30.90383014445885,47.67,12.387238173335835,12.348600397392003,4.446944485234283,22.105,5.813308285447388,5.791616011790573,0.640208916945214,10.23
2026-10-07 04:23:18,26.73897015030508,26.684179478850893,30.913317973377627,47.69,12.387238173335835,12.348600397392003,4.446944485234283,22.105,5.813308285447388,5.791616011790573,0.640208916945214,10.23
2026-10-07 04:38:18,26.752892220298076,26.699381447823704,30.928986174168216,47.715,12.387238173335835,12.348600397392003,4.446944485234283,22.105,5.813308285447388,5.791616011790573,0.640208916945214,10.23
2026-10-07 04:53:18,26.762168822649084,26.706732236418368,30.936601993563016,47.73,12.39181923625572,12.357148124404748,4.450025707919674,22.12,5.817244603273522,5.792363141417398,0.6404684951463825,10.235
2026-10-07 05:08:18,26.76737264442272,26.714966815232255,30.942419560696266,47.74,12.39181923625572,12.357148124404748,4.450025707919674,22.12,5.821590122852145,5.795499471416277,0.640852775697039,10.24
2026-10-07 05:23:18,26.77528605216528,26.72295040721565,30.950818420728158,47.755,12.39181923625572,12.357148124404748,4.450025707919674,22.12,5.821590122852145,5.795499471416277,0.640852775697039,10.24
2026-10-07 05:38:18,26.77528605216528,26.72295040721565,30.950818420728158,47.755,12.393215984929524,12.361865060034974,4.45059985827315,22.125,5.825748095605786,5.799590540127252,0.6412989020218,10.245
2026-10-07 05:53:18,26.793133802901025,26.735571031724803,30.974602989228806,47.785,12.395306888557336,12.364254818716885,4.451503631404324,22.13,5.825748095605786,5.799590540127252,0.6412989020218,10.245
2026-10-07 06:08:18,26.800321299822308,26.743359342578515,30.980399147847436,47.795,12.400641220299509,12.368697880533503,4.454179732479301,22.14,5.825748095605786,5.799590540127252,0.6412989020218,10.245
2026-10-07 06:23:18,26.81332791436245,26.754484340528965,30.994146088314885,47.815,12.400641220299509,12.368697880533503,4.454179732479301,22.14,5.825748095605786,5.799590540127252,0.6412989020218,10.245
2026-10-07 06:38:18,26.824728444669113,26.765476189263193,31.0089576815491,47.835,12.404050960188739,12.372761982233094,4.4554004727398375,22.145,5.825748095605786,5.799590540127252,0.6412989020218,10.245
2026-10-07 06:53:18,26.832207644397332,26.768811788604648,31.019675258951406,47.85,12.4154246871122,12.38271045600965,4.459294840336122,22.17,5.828645367625644,5.800663601577739,0.6414637621467595,10.25
2026-10-07 07:08:18,26.84020639255301,26.775093376372126,31.028257269334983,47.86,12.4154246871122,12.38271045600965,4.459294840336122,22.17,5.829894331813455,5.804356930519953,0.6417892236838068,10.255
2026-10-07 07:23:18,26.843409227749607,26.780640686530194,31.036070936371704,47.87,12.4154246871122,12.38271045600965,4.459294840336122,22.17,5.829894331813455,5.804356930519953,0.6417892236838068,10.255
2026-10-07 07:38:18,26.857138806622775,26.789634870432902,31.04436098620546,47.885,12.4154246871122,12.38271045600965,4.459294840336122,22.17,5.829894331813455,5.804356930519953,0.6417892236838068,10.255
2026-10-07 07:53:18,26.87331135096274,26.805407373233674,31.0640705536993,47.915,12.42206604161615,12.389817774550654,4.461211965183388,22.18,5.829894331813455,5.804356930519953,0.6417892236838068,10.255
2026-10-07 08:08:18,26.880489613984043,26.809837199511186,31.072009555520054,47.93,12.42206604161615,12.389817774550654,4.461211965183388,22.18,5.832604031528614,5.808260828318343,0.6419293926732395,10.26
2026-10-07 08:23:18,26.881918334236527,26.813578196556215,31.075080781755073,47.935,12.426143804154762,12.39348466544456,4.462310989791254,22.185,5.832604031528614,5.808260828318343,0.6419293926732395,10.26
2026-10-07 08:38:18,26.88424314858104,26.81857386148231,31.07670292310537,47.94,12.428109252986843,12.398387069248992,4.463264596382347,22.19,5.832604031528614,5.808260828318343,0.6419293926732395,10.26
2026-10-07 08:53:18,26.885657565898466,26.822742181804447,31.07867119372722,47.945,12.431573669016881,12.402174261484918,4.464214513419596,22.195,5.832604031528614,5.808260828318343,0.6419293926732395,10.26
2026-10-07 09:08:18,26.904366963178955,26.84451380772649,31.100771060983373,47.98,12.436179302752237,12.40685541206926,4.466654870799033,22.205,5.832604031528614,5.808260828318343,0.6419293926732395,10.26
2026-10-07 09:23:18,26.90518943062463,26.845768148774614,31.105248411415065,47.985,12.436179302752237,12.40685541206926,4.466654870799033,22.205,5.832604031528614,5.808260828318343,0.6419293926732395,10.26
2026-10-07 09:38:18,26.92372552951496,26.87390101201667,31.135106864251117,48.025,12.448049316317903,12.417413725213652,4.469875067828242,22.225,5.835635319389647,5.811104727479664,0.64239758906406,10.265
2026-10-07 09:53:18,26.959156219384067,26.908158563149566,31.17480544871468,48.09,12.457435419366885,12.428794005890545,4.474908224791549,22.25,5.836449739725523,5.81574125559545,0.6427325770626439,10.27
2026-10-07 10:08:18,26.992392969805312,26.937634860054313,31.21780367840883,48.15,12.461745897637035,12.43610143698109,4.478645966955273,22.265,5.842193064692501,5.826036615855781,0.6436824505768913,10.285
2026-10-07 10:23:18,27.01823373925961,26.96734920444156,31.246447972395963,48.195,12.47597315741264,12.45233507122586,4.485121469277687,22.29,5.843438879602229,5.827878121560814,0.6439607462033705,10.29
2026-10-07 10:38:18,27.04040988950112,26.99600711656518,31.27450968285934,48.24,12.495620752664639,12.466227932571295,4.4920272825200165,22.325,5.854664494686228,5.838675387294563,0.645151135395141,10.305
2026-10-07 10:53:18,27.078406478418405,27.031519821984624,31.31648821023521,48.305,12.50012906964706,12.470915191683183,4.493540446470559,22.335,5.860269880419209,5.844268050498411,0.6459079492318216,10.315
2026-10-07 11:08:18,27.090427885933014,27.044267770164144,31.33589571416069,48.33,12.511394822947016,12.479865725539963,4.498230364905041,22.355,5.86438809647431,5.849100496642512,0.6462165304921472,10.32
2026-10-07 11:23:18,27.1233276968518,27.08180180721233,31.38637100941198,48.4,12.539407579937206,12.509943051717013,4.507660229769658,22.405,5.867169092814351,5.853331792913673,0.6465447457683499,10.325
2026-10-07 11:38:18,27.142828957903433,27.0973661857334,31.40852287252977,48.435,12.547719827165835,12.512807881763395,4.5091140965950265,22.415,5.871375474510136,5.861029346402385,0.6472170621613469,10.335
2026-10-07 11:53:18,27.163940581757746,27.113619756695353,31.429971648499823,48.47,12.567885782889116,12.535916906752748,4.5161589998777645,22.45,5.878183175088671,5.869092550711587,0.64779739251612,10.345
2026-10-07 12:08:18,27.189536253746088,27.147881025732637,31.46125142083167,48.53,12.574714539664448,12.545703780796215,4.519184540753682,22.465,5.878183175088671,5.869092550711587,0.64779739251612,10.345
2026-10-07 12:23:18,27.203241629224408,27.16626874805399,31.483556011898237,48.56,12.582229025708719,12.559908028559144,4.522857575846487,22.485,5.881494367598839,5.873270769900357,0.6480023595901778,10.35
2026-10-07 12:38:18,27.252702500534543,27.21985283243746,31.54747810033925,48.66,12.613724217165188,12.597563420005644,4.535560014481393,22.545,5.901666666996978,5.891683904326853,0.6495283996417548,10.38
2026-10-07 12:53:18,27.316836521938022,27.28779647302658,31.624707344306803,48.78,12.652960651349833,12.631880344746273,4.54836625088907,22.605,5.914030982164095,5.908126529426366,0.6511560993510581,10.4
2026-10-07 13:08:18,27.339103713391882,27.306744925537,31.645487787284697,48.815,12.662025924619705,12.64454458773371,4.553980078426669,22.63,5.924217660350381,5.917680836710197,0.6518175763817323,10.415
2026-10-07 13:23:18,27.387803973176116,27.35951638492683,31.707890517596805,48.91,12.683051301664333,12.6703101324206,4.560801481561717,22.665,5.933684532032143,5.92770717656491,0.6532854398115386,10.44
2026-10-07 13:38:18,27.461651408779545,27.442634785124422,31.805286732528145,49.05,12.720611894145248,12.710855828931047,4.575289285722924,22.735,5.96483990812808,5.96178451118803,0.6577930763471285,10.5
2026-10-07 13:53:18,27.536190010254675,27.534145095355484,31.90155799523934,49.21,12.78077393701405,12.77544533985222,4.593782442853689,22.835,5.99992124647879,5.998292570654333,0.6620531836609699,10.56
2026-10-07 14:08:18,27.616702270806798,27.608320394047837,31.992671815599984,49.35,12.813246963887897,12.8123019139638,4.607227208025393,22.9,6.015132711367708,6.022662647530827,0.6638313796296335,10.595
2026-10-07 14:23:18,27.668941267913354,27.66847272645183,32.06255129035846,49.445,12.834713038103848,12.834991037992387,4.617405573136342,22.95,6.025594381927713,6.033455077614341,0.6652355115801002,10.62
2026-10-07 14:38:18,27.70396771006954,27.6991827485721,32.09615400315862,49.5,12.855286585962237,12.851608836267001,4.62465756962259,22.985,6.042356294935688,6.050374320000972,0.6676902219563617,10.65
2026-10-07 14:53:18,27.774353768636182,27.770075352411112,32.18067724739558,49.625,12.893286647819416,12.889672125435832,4.637649977148537,23.055,6.0651170752102495,6.069328027433463,0.6704998618879198,10.69
2026-10-07 15:08:18,27.835892940823673,27.840298215371718,32.24505585811584,49.735,12.930897766280145,12.92891445186727,4.65119930158417,23.12,6.0723611036895,6.077231766565333,0.6716671735646526,10.705
2026-10-07 15:23:18,27.921396619169368,27.917805157605656,32.333811947008826,49.87,12.971649975804148,12.961132872739189,4.6669628268063486,23.2,6.089570942453566,6.099003726611751,0.6734489714908615,10.735
2026-10-07 15:38:18,27.95238374925426,27.94376558052747,32.36595743652494,49.925,12.980876632320264,12.976854548960876,4.671162524722406,23.225,6.089570942453566,6.099003726611751,0.6734489714908615,10.735
2026-10-07 15:53:18,28.002938661263432,27.992761760283443,32.41734667769669,50.0,13.001355383226901,13.007280961408519,4.680075469917304,23.27,6.102017678096905,6.1126549385218425,0.6756371626249372,10.765
2026-10-07 16:08:18,28.028079240837833,28.0129879732491,32.442726188901304,50.04,13.021697615840809,13.025055776789815,4.688336515255697,23.305,6.113682065579661,6.129575001877047,0.677417733523849,10.79
2026-10-07 16:23:18,28.07257796690527,28.03761266333506,32.48325877964673,50.105,13.03636619605651,13.03731338233787,4.692702730462325,23.33,6.113682065579661,6.129575001877047,0.677417733523849,10.79
2026-10-07 16:38:18,28.100056549661286,28.070619213862848,32.5130072061822,50.155,13.06049568334993,13.065278551946914,4.699614709575701,23.375,6.118127567682311,6.130366091383284,0.677846794596781,10.795
2026-10-07 16:53:18,28.136455417638466,28.1099922118037,32.55803350541783,50.22,13.086356476610943,13.09458467487499,4.709256822624159,23.42,6.131632239832217,6.140028592589127,0.6786018767826907,10.815
2026-10-07 17:08:18,28.153672960690315,28.131168490003535,32.582322552628796,50.255,13.130648009634664,13.136345622962665,4.7243502069968315,23.495,6.138920615718082,6.14645539274111,0.6795739751503557,10.825
2026-10-07 17:23:18,28.193081393189804,28.16839776331777,32.622894501294844,50.32,13.141855675098125,13.148494896729312,4.726800814931981,23.51,6.16185779620618,6.172703295240243,0.6825383529398726,10.87
2026-10-07 17:38:18,28.265164274544325,28.23964350732841,32.7199040829541,50.46,13.174096070198756,13.174629488101278,4.7364187479172655,23.56,6.174443742930393,6.1886194939567085,0.6836838037779832,10.89
2026-10-07 17:53:18,28.317978579106025,28.297665734611137,32.77600669433266,50.565,13.207381858435175,13.214559089129123,4.750068643316498,23.625,6.182860669155452,6.198763961426212,0.684596978603981,10.905
2026-10-07 18:08:18,28.374653854662387,28.356421644668604,32.84289755758179,50.665,13.254184108299613,13.258235770026443,4.766413093364567,23.7,6.201719255849051,6.220437563438296,0.6860866508366023,10.94
2026-10-07 18:23:18,28.438462010990406,28.419659424287122,32.90665868196852,50.765,13.298202409269772,13.298741512574138,4.779669210063946,23.775,6.211370348738337,6.236305558139504,0.6881475330539477,10.97
2026-10-07 18:38:18,28.453276350038944,28.432717873117166,32.926888409161975,50.8,13.321255555680874,13.316238287718326,4.78537077654046,23.805,6.221190850360962,6.248888302030126,0.6901033920035234,10.995
2026-10-07 18:53:18,28.50691205589358,28.482027507771402,32.99469709020569,50.89,13.343493051706055,13.337618448647884,4.793600200784428,23.85,6.234041922085797,6.255986856990151,0.6914253684484226,11.015
2026-10-07 19:08:18,28.57483189157813,28.545841531610943,33.08053641792361,51.005,13.385282566687684,13.371892632348995,4.806320815082889,23.92,6.253574977992112,6.279810090588517,0.6939938686178386,11.055
2026-10-07 19:23:18,28.656448281907643,28.65133094351409,33.18007900678355,51.155,13.424184539495483,13.406727322379897,4.819051761028048,23.985,6.283744763652653,6.311623637427521,0.6977141137053432,11.105
2026-10-07 19:38:18,28.69911747423564,28.70250133645536,33.24089128894862,51.245,13.464835890521053,13.44153323956193,4.834268935155138,24.05,6.290055719840018,6.320046507325974,0.6984296613586697,11.115
2026-10-07 19:53:18,28.738862204173707,28.731110250813487,33.285248503693275,51.315,13.490478771954365,13.46543328648782,4.842708914103939,24.095,6.305139723240893,6.329810146708747,0.6997330005151104,11.14
2026-10-07 20:08:18,28.76409424609015,28.759103184274178,33.319251933000494,51.37,13.49704586298354,13.470623423195246,4.8450166851774314,24.11,6.317108996940645,6.342346053854702,0.7009531833074355,11.16
2026-10-07 20:23:18,28.78828701873896,28.784119294075065,33.34461213765165,51.41,13.49997989963842,13.477659086552348,4.847464829544894,24.12,6.323890193397831,6.351220893308351,0.7018239631408765,11.175
2026-10-07 20:38:18,28.857390792638093,28.85201547655603,33.4344573468599,51.535,13.528470466795088,13.493072605134516,4.855292244861488,24.16,6.332888584084027,6.361900316598287,0.7029466857805277,11.19
2026-10-07 20:53:18,28.862194653214377,28.85601109202852,33.43937852355845,51.54,13.540830046434227,13.509112383698918,4.858322079662253,24.18,6.348922420714421,6.371786639208343,0.7042152729424069,11.21
2026-10-07 21:08:18,28.93439552628862,28.917009088299107,33.5220359255828,51.655,13.559418876393707,13.526459716827079,4.86392011806059,24.21,6.362691705746245,6.3842724335910725,0.7060718219460241,11.235
2026-10-07 21:23:18,29.009977215663213,28.98629217692959,33.594924231979384,51.775,13.57862277588868,13.549971306711088,4.872564124992151,24.255,6.367841875733005,6.389773034173376,0.7067117472264024,11.245
2026-10-07 21:38:18,29.060732665852182,29.029992346182564,33.64913902634655,51.86,13.608715666615195,13.576641957236383,4.882440679048504,24.305,6.370523188987787,6.397786562693207,0.7071102892219387,11.255
2026-10-07 21:53:18,29.098689395492226,29.067201460289805,33.694268550042665,51.925,13.621483678884315,13.586636250993351,4.88535990855992,24.32,6.375204660037123,6.401906076490202,0.7075061361788101,11.26
2026-10-07 22:08:18,29.118162757324864,29.083399666244986,33.716863643149104,51.955,13.6438631561964,13.600429439825408,4.892216406286654,24.35,6.381860770845693,6.41395316518361,0.708873725841571,11.28
2026-10-07 22:23:18,29.1390143902015,29.103166493048498,33.742784745667464,51.995,13.657439088276867,13.614467538851153,4.896795966126644,24.37,6.381860770845693,6.41395316518361,0.708873725841571,11.28
2026-10-07 22:38:18,29.161058943603894,29.131497723728007,33.77575034295341,52.045,13.669765088970099,13.626508844887733,4.900735926209695,24.39,6.385811105245328,6.41562607507535,0.7092159333827689,11.285
2026-10-07 22:53:18,29.19298980134383,29.164941796347087,33.813631218514814,52.095,13.681648797076905,13.638427440667042,4.904841271074542,24.415,6.3935249135003565,6.427727256607327,0.7106008088270516,11.305
2026-10-07 23:08:18,29.198782296813047,29.167215075462305,33.817676285132464,52.105,13.683029735199062,13.643189476043956,4.905590732523806,24.42,6.397197315481391,6.429445755600349,0.7110280217397773,11.31
2026-10-07 23:23:18,29.217934498162073,29.18768425252687,33.840522371488596,52.145,13.687647094506037,13.644299764975852,4.906177427787538,24.425,6.399844401563954,6.433228874761405,0.7113564452854982,11.315
2026-10-07 23:38:18,29.261996069915295,29.230724612953534,33.88991755065069,52.225,13.69135152873468,13.650942740316266,4.908229312292418,24.435,6.420320224082314,6.444770283444904,0.7132239462274429,11.345
2026-10-07 23:53:18,29.2807180977748,29.248960081639833,33.91875473684704,52.265,13.702936964189675,13.667582913704614,4.913077303565573,24.465,6.420320224082314,6.444770283444904,0.7132239462274429,11.345
2026-10-08 00:08:18,29.317017411125583,29.28602717678678,33.95813738855554,52.325,13.71677792359354,13.682547831544534,4.917688704531614,24.49,6.433396033054144,6.452399723533586,0.7151986356537413,11.37
2026-10-08 00:23:18,29.337547263799305,29.305727224318115,33.99510482949221,52.37,13.736467441584105,13.697358023518875,4.923921992727451,24.52,6.437393028053358,6.45512458831436,0.7154360630404407,11.375
2026-10-08 00:38:18,29.360390706533046,29.334402920411492,34.02565112189385,52.415,13.742246771014777,13.70516720650144,4.927292391878378,24.535,6.446255754005435,6.461332113711796,0.7163691490330657,11.39
2026-10-08 00:53:18,29.360390706533046,29.334402920411492,34.02565112189385,52.415,13.742246771014777,13.70516720650144,4.927292391878378,24.535,6.446255754005435,6.461332113711796,0.7163691490330657,11.39
2026-10-08 01:08:18,29.366136828041398,29.343068308251794,34.03085436465432,52.425,13.742246771014777,13.70516720650144,4.927292391878378,24.535,6.446255754005435,6.461332113711796,0.7163691490330657,11.39
2026-10-08 01:23:18,29.3816298701205,29.358525644244903,34.045943480692316,52.45,13.75085644309813,13.711244347783408,4.928645264789412,24.545,6.446255754005435,6.461332113711796,0.7163691490330657,11.39
2026-10-08 01:38:18,29.392124291337574,29.371013752823032,34.0541453205308,52.465,13.75085644309813,13.711244347783408,4.928645264789412,24.545,6.449713365541123,6.465834313918628,0.7167441977215193,11.395
2026-10-08 01:53:18,29.396919937117485,29.37372195511549,34.058109691339304,52.475,13.752280705865951,13.71194442165589,4.930062223206561,24.55,6.449713365541123,6.465834313918628,0.7167441977215193,11.395
2026-10-08 02:08:18,29.400392866533252,29.379183602850507,34.063889638869156,52.485,13.757171268820548,13.719308001481565,4.932753204067705,24.56,6.453728488565768,6.466462597728008,0.7170115749409771,11.4
2026-10-08 02:23:18,29.409893196788282,29.38837532052092,34.07653982629038,52.5,13.757171268820548,13.719308001481565,4.932753204067705,24.56,6.453728488565768,6.466462597728008,0.7170115749409771,11.4
2026-10-08 02:38:18,29.42207593654938,29.397385189064874,34.09420934971215,52.525,13.757171268820548,13.719308001481565,4.932753204067705,24.56,6.45999618860793,6.469636185584149,0.7174952751523981,11.41
2026-10-08 02:53:18,29.42385276758056,29.401444624968125,34.098215160288056,52.53,13.75843906374624,13.723936083016094,4.933890129564782,24.565,6.45999618860793,6.469636185584149,0.7174952751523981,11.41
2026-10-08 03:08:18,29.431257534569905,29.40594816183371,34.10477113503601,52.54,13.75843906374624,13.723936083016094,4.933890129564782,24.565,6.45999618860793,6.469636185584149,0.7174952751523981,11.41
2026-10-08 03:23:18,29.441292770521848,29.416442832040456,34.11335807721995,52.555,13.762326887962542,13.725720713296479,4.935245164811927,24.57,6.45999618860793,6.469636185584149,0.7174952751523981,11.41
2026-10-08 03:38:18,29.450679678122587,29.429158448375297,34.12495822428826,52.57,13.762326887962542,13.725720713296479,4.935245164811927,24.57,6.45999618860793,6.469636185584149,0.7174952751523981,11.41
2026-10-08 03:53:18,29.450679678122587,29.429158448375297,34.12495822428826,52.57,13.762326887962542,13.725720713296479,4.935245164811927,24.57,6.463256294418164,6.472296361652828,0.7176533274838434,11.415
2026-10-08 04:08:18,29.450679678122587,29.429158448375297,34.12495822428826,52.57,13.765962817821162,13.728968481795263,4.936512475677572,24.575,6.463256294418164,6.472296361652828,0.7176533274838434,11.415
2026-10-08 04:23:18,29.455608551330606,29.435458589467185,34.1352568020872,52.585,13.773556595616347,13.738070544243376,4.939542943711355,24.595,6.463256294418164,6.472296361652828,0.7176533274838434,11.415
2026-10-08 04:38:18,29.459549064001166,29.44066606925205,34.13976285644937,52.595,13.78060462344257,13.74418528197121,4.9419280487504675,24.605,6.463256294418164,6.472296361652828,0.7176533274838434,11.415
2026-10-08 04:53:18,29.477963514745237,29.45881547044788,34.15924926943902,52.625,13.783870013101971,13.747755610264978,4.94280717574213,24.61,6.463256294418164,6.472296361652828,0.7176533274838434,11.415
2026-10-08 05:08:18,29.4911753161813,29.470220322418623,34.17289414365545,52.645,13.783870013101971,13.747755610264978,4.94280717574213,24.61,6.463256294418164,6.472296361652828,0.7176533274838434,11.415
2026-10-08 05:23:18,29.51891493859551,29.495204925409805,34.19782065464652,52.685,13.785935256192642,13.749365934133676,4.943431288022768,24.615,6.463256294418164,6.472296361652828,0.7176533274838434,11.415
2026-10-08 05:38:18,29.530090805801,29.50491843237891,34.205011430163545,52.7,13.785935256192642,13.749365934133676,4.943431288022768,24.615,6.463256294418164,6.472296361652828,0.7176533274838434,11.415
2026-10-08 05:53:18,29.5316834016345,29.50659083471032,34.20776350509762,52.705,13.785935256192642,13.749365934133676,4.943431288022768,24.615,6.463256294418164,6.472296361652828,0.7176533274838434,11.415
2026-10-08 06:08:18,29.53556234103747,29.510786479312337,34.213960236960695,52.715,13.78975224186045,13.753449331071366,4.944596364608535,24.62,6.463256294418164,6.472296361652828,0.7176533274838434,11.415
2026-10-08 06:23:18,29.549038686485293,29.523404517006924,34.22735344325715,52.735,13.801553269054068,13.7595378536129,4.94822514718817,24.635,6.463256294418164,6.472296361652828,0.7176533274838434,11.415
2026-10-08 06:38:18,29.560256563198006,29.532231381862996,34.23543688796201,52.75,13.804416637353485,13.763816765303035,4.949143230984942,24.64,6.463256294418164,6.472296361652828,0.7176533274838434,11.415
2026-10-08 06:53:18,29.57050139940437,29.537125694292477,34.24322264553005,52.765,13.807728100212849,13.767490096972884,4.9516926252383,24.65,6.463256294418164,6.472296361652828,0.7176533274838434,11.415
2026-10-08 07:08:18,29.57050139940437,29.537125694292477,34.24322264553005,52.765,13.808438669695958,13.768747757607052,4.95272023359332,24.655,6.463256294418164,6.472296361652828,0.7176533274838434,11.415
2026-10-08 07:23:18,29.57726047423072,29.543657142614833,34.249570777901056,52.775,13.809876439077392,13.772719942492241,4.954146721666412,24.66,6.463256294418164,6.472296361652828,0.7176533274838434,11.415
2026-10-08 07:38:18,29.57900228694459,29.544285680788782,34.25243165087722,52.78,13.813900659578163,13.775278664600677,4.956875126761269,24.67,6.4662435492186034,6.4750454487501266,0.7177807223785309,11.42
2026-10-08 07:53:18,29.58493167396661,29.554335956084696,34.266333758817886,52.795,13.817783713897796,13.777783041017921,4.958005276034062,24.675,6.4662435492186034,6.4750454487501266,0.7177807223785309,11.42
2026-10-08 08:08:18,29.590338796437663,29.56191222144491,34.27130557308382,52.805,13.817783713897796,13.777783041017921,4.958005276034062,24.675,6.4662435492186034,6.4750454487501266,0.7177807223785309,11.42
2026-10-08 08:23:18,29.5937629443153,29.56258709228676,34.2756510402711,52.81,13.817783713897796,13.777783041017921,4.958005276034062,24.675,6.4662435492186034,6.4750454487501266,0.7177807223785309,11.42
2026-10-08 08:38:18,29.598278018701738,29.572149108781637,34.28438281028307,52.82,13.817783713897796,13.777783041017921,4.958005276034062,24.675,6.467494429233403,6.476472089910211,0.7180879950191984,11.425
2026-10-08 08:53:18,29.61116198220171,29.58519952946291,34.29606992638884,52.84,13.820221797452248,13.782482987550502,4.959546610909528,24.685,6.471311973295354,6.479149889245005,0.7185545033251168,11.43
2026-10-08 09:08:18,29.613653806194943,29.587977766381478,34.303867570466174,52.85,13.820221797452248,13.782482987550502,4.959546610909528,24.685,6.471311973295354,6.479149889245005,0.7185545033251168,11.43
2026-10-08 09:23:18,29.618413054276854,29.588820203777082,34.30741762368177,52.855,13.831221329130326,13.78842102799301,4.962702544963153,24.7,6.471311973295354,6.479149889245005,0.7185545033251168,11.43
2026-10-08 09:38:18,29.653203533664897,29.622211164592102,34.34037255688599,52.915,13.850286367305959,13.805566105535561,4.970371174293531,24.73,6.483857751369338,6.491803242678403,0.7197419741030588,11.45
2026-10-08 09:53:18,29.715488733722214,29.686508940456854,34.41857624054695,53.025,13.872162994986136,13.817977943779491,4.97633645425901,24.765,6.483857751369338,6.491803242678403,0.7197419741030588,11.45
2026-10-08 10:08:18,29.76377031005395,29.72914397225774,34.461460923543704,53.095,13.894603028375373,13.83812641645231,4.985270128480355,24.815,6.492373694831597,6.499055833758873,0.7205664801436411,11.465
2026-10-08 10:23:18,29.825062316113133,29.78598647115035,34.52687757036806,53.195,13.925361052948697,13.864136274942778,4.994952585398691,24.86,6.506666288619089,6.515135173219965,0.7224761083190507,11.49
2026-10-08 10:38:18,29.871489336101735,29.850496723339926,34.59569012035436,53.3,13.971907261353273,13.912192045229201,5.009554823428381,24.94,6.520325112023229,6.528185951477213,0.7239396017213288,11.515
2026-10-08 10:53:18,29.89727377311393,29.87488213267551,34.62384043511833,53.345,13.975075452912094,13.916287199840436,5.010848331599797,24.945,6.526982636826836,6.531875551934511,0.7245694313744023,11.525
2026-10-08 11:08:18,29.939258526699806,29.922730544385626,34.66648264653674,53.42,13.979009172898275,13.92057327211654,5.012261253311997,24.95,6.5284656283556926,6.5340907663337315,0.7250552056954834,11.53
2026-10-08 11:23:18,30.003945659173294,29.979091560758928,34.72614039086392,53.52,14.01549246266163,13.952453546286833,5.024686589077738,25.015,6.537906340592191,6.544419074752974,0.7262682642171675,11.55
2026-10-08 11:38:18,30.04482120382468,30.02553865946572,34.78059383968209,53.605,14.042506333924445,13.974891602120014,5.033070196072619,25.065,6.537906340592191,6.544419074752974,0.7262682642171675,11.55
2026-10-08 11:53:18,30.072213531448636,30.052474914456095,34.81860856390519,53.66,14.068204434463897,14.002554718952068,5.042096647585395,25.115,6.545561752367287,6.552378288472204,0.7267968210678077,11.56
2026-10-08 12:08:18,30.101668452391262,30.0797118711689,34.85170019253582,53.71,14.082042602678477,14.018835044623199,5.046989316846837,25.14,6.560993371411404,6.565708633494562,0.7277989952246722,11.585
2026-10-08 12:23:18,30.123825118872574,30.101955650991883,34.874746995435274,53.755,14.087881457656207,14.022107346647065,5.048447069161998,25.15,6.565396797175675,6.570269646617559,0.7282638260285441,11.59
2026-10-08 12:38:18,30.206374029784918,30.176871002601473,34.966123116306576,53.9,14.15893119520923,14.075336917768942,5.0683794428466,25.25,6.588210163996189,6.584589285443955,0.7296550698224546,11.62
2026-10-08 12:53:18,30.257837197379082,30.22832008671582,35.01097192499928,53.98,14.176071107336861,14.101922531654754,5.075815393035193,25.29,6.595682012786092,6.590960407525163,0.7301064343317829,11.63
2026-10-08 13:08:18,30.30510500251826,30.272002833941677,35.05858069317599,54.06,14.19574173873819,14.120430785480231,5.082950937573878,25.33,6.603656452939723,6.600981641236342,0.7309676958459197,11.645
2026-10-08 13:23:18,30.407648035415175,30.372932674402463,35.17060605064948,54.235,14.220212797942406,14.148773122686357,5.091717263078136,25.375,6.63559316949469,6.634271164729055,0.7342922355079128,11.7
2026-10-08 13:38:18,30.486863911724818,30.43982598252015,35.2473368272375,54.36,14.246909238325319,14.176161655616118,5.102848418400457,25.43,6.662110751035558,6.659323675587711,0.7372797019302434,11.75
2026-10-08 13:53:18,30.574511580263387,30.53505641010323,35.34587995390663,54.51,14.283536999340804,14.226754663159774,5.117676812022965,25.505,6.694203106226484,6.701236037396218,0.7410777479291478,11.81
2026-10-08 14:08:18,30.646284042387386,30.615519388798102,35.422307036984996,54.635,14.316211916812442,14.261451623326085,5.129465189777065,25.565,6.707576960667806,6.713275390674409,0.7419657396313006,11.83
2026-10-08 14:23:18,30.693497643313325,30.675374328807735,35.48561283907105,54.73,14.346489724743572,14.292892404850248,5.139893408758641,25.62,6.727455955184392,6.728381900612946,0.7444284880570726,11.865
2026-10-08 14:38:18,30.75315964019743,30.7441031776314,35.557723938970916,54.845,14.397263189684866,14.337706400102334,5.1531575360783455,25.7,6.752085822394966,6.751806919290766,0.7470500679427916,11.91
2026-10-08 14:53:18,30.837878856502993,30.82322520315714,35.64625713968751,54.98,14.429107761807522,14.375838304273199,5.165777433264042,25.765,6.761775944968463,6.768494541257945,0.7485195509136781,11.93
2026-10-08 15:08:18,30.879502771812984,30.86189075644792,35.70035637233218,55.055,14.452341223462179,14.391621304891675,5.1723607826562255,25.8,6.777931719787075,6.781483997710408,0.7504635113477914,11.96
2026-10-08 15:23:18,30.901538293676776,30.888297526650245,35.727441385437885,55.1,14.47046679413051,14.412379787554045,5.179990019793876,25.835,6.782451782537646,6.785454857116511,0.7509390605348345,11.965
2026-10-08 15:38:18,30.942537628568633,30.93116280341529,35.77759666920161,55.17,14.510623356720304,14.44965361826029,5.192310417894434,25.895,6.7850316998588935,6.794262721750506,0.7514330981401959,11.975
2026-10-08 15:53:18,30.99057869811723,30.980769520457002,35.82609790040723,55.255,14.552612657537223,14.499327061543942,5.205398341289526,25.97,6.7862183940775775,6.796900543682276,0.7517661100466477,11.98
2026-10-08 16:08:18,31.06434827947173,31.055996337227345,35.91027789794515,55.38,14.590560104884755,14.537030034569021,5.217682579215797,26.035,6.793243897087049,6.8072829492950495,0.7526746284781751,11.995
2026-10-08 16:23:18,31.118164802962507,31.099453017009758,35.9654493657264,55.46,14.634362168022609,14.57114834600725,5.232591192501319,26.115,6.805224972190403,6.828057360768614,0.75424615920748,12.025
2026-10-08 16:38:18,31.172960006815714,31.14600054103656,36.02787128509623,55.555,14.660185182603072,14.604036049002,5.243507262818836,26.165,6.826256760041118,6.8489830851291655,0.7566771250498846,12.06
2026-10-08 16:53:18,31.255119481174606,31.21740516625875,36.11539220612004,55.695,14.695937580914643,14.638760568267157,5.256125145444537,26.23,6.843209691017749,6.860986932515534,0.7579703423985987,12.085
2026-10-08 17:08:18,31.31871678148317,31.29412558421754,36.19518806491402,55.815,14.739471384110178,14.679487288520189,5.273917290336927,26.32,6.8679702819357855,6.878701711848666,0.7608530381575005,12.125
2026-10-08 17:23:18,31.37407297065242,31.352539904729824,36.25794766418732,55.915,14.80209538717234,14.732094909031103,5.291767089740412,26.405,6.8953975494302195,6.910490403548935,0.7644777999525119,12.18
2026-10-08 17:38:18,31.463743505315108,31.458312957712337,36.37794600805114,56.095,14.838292641119573,14.768938439247744,5.3034249793854285,26.465,6.9122290243215305,6.925379966311251,0.766749843705958,12.21
2026-10-08 17:53:18,31.58551056546846,31.577565471199136,36.51281074864742,56.3,14.88780222534611,14.811011526396113,5.3206322597778675,26.555,6.934572292536546,6.950154272388295,0.7693998169110382,12.255
2026-10-08 18:08:18,31.647503413390545,31.659547344054086,36.58984320460149,56.42,14.935834391861205,14.872783829012997,5.342412404739694,26.65,6.962435156631698,6.982309269573925,0.7724630707670505,12.305
2026-10-08 18:23:18,31.723431787728288,31.763179820412162,36.70369027944706,56.595,14.986383960459163,14.927686982782493,5.364698687176255,26.745,6.991514167640001,7.012044209577269,0.7759581765840521,12.36
2026-10-08 18:38:18,31.809161013420475,31.851668087454566,36.79504213338193,56.735,15.046252543908134,14.976242835956011,5.385401659050434,26.85,7.013128249484278,7.032256374400814,0.7775493360064827,12.39
2026-10-08 18:53:18,31.88896229411046,31.937898482324787,36.886917101622274,56.88,15.080641131869285,15.008753628804426,5.398852792594366,26.92,7.032809198213791,7.050814914223069,0.7795873157019994,12.42
2026-10-08 19:08:18,31.944691424440784,31.988400588112984,36.95108677848859,56.98,15.120028573360019,15.046499103006429,5.409866342563326,26.99,7.046836433910652,7.057921243792699,0.7806589009581236,12.44
2026-10-08 19:23:18,32.02776972722448,32.0696541790566,37.056276368188534,57.125,15.174697431467195,15.097971932910113,5.431793069701261,27.095,7.069970277107319,7.078747355986023,0.7826478275780804,12.48
2026-10-08 19:38:18,32.077680033133305,32.11690614760795,37.12783692225989,57.22,15.208132929791983,15.12721729693062,5.443846390716977,27.155,7.096461699834301,7.111238701548116,0.7855901598058026,12.53
2026-10-08 19:53:18,32.14207657773394,32.1711177587666,37.20320556447122,57.33,15.221388673239304,15.14499830969887,5.450946772592472,27.185,7.105188314024586,7.118188168834276,0.7866832364705549,12.545
2026-10-08 20:08:18,32.216971960837824,32.22622621487547,37.28880969187187,57.45,15.241780579532117,15.166707858284612,5.458004967460156,27.225,7.125145856781457,7.139560741205212,0.7887967965891051,12.58
2026-10-08 20:23:18,32.23794492327179,32.24530829117666,37.31293002170312,57.49,15.255377471574338,15.177658765565598,5.463912794336707,27.25,7.128411145396532,7.144464423856115,0.7895780021257095,12.59
2026-10-08 20:38:18,32.27704988494893,32.27834362920484,37.346234399981526,57.545,15.273614448431383,15.193898613368614,5.468990420712875,27.28,7.128411145396532,7.144464423856115,0.7895780021257095,12.59
2026-10-08 20:53:18,32.38685636520583,32.390233797946436,37.48541928672537,57.74,15.310560312896763,15.230175308267413,5.480486091078843,27.335,7.140049230621247,7.153198974440381,0.7913188555879551,12.615
2026-10-08 21:08:18,32.48494792998741,32.4895994824091,37.59903134561774,57.91,15.34691439520812,15.259521943177855,5.4921086234794005,27.4,7.156274840191056,7.167498938680161,0.7926564684093802,12.64
2026-10-08 21:23:18,32.57657860190272,32.56876635612993,37.70477020662129,58.07,15.373114805208534,15.292857330154664,5.504667455572464,27.465,7.183474885989085,7.184442548346247,0.7951552376571265,12.675
2026-10-08 21:38:18,32.62888068599147,32.60856660860493,37.76473353341182,58.16,15.405805847431399,15.316644539059777,5.51354776567805,27.515,7.184132088767871,7.18558671742956,0.7954384667005593,12.68
2026-10-08 21:53:18,32.73229811305228,32.710195752273826,37.88335847850062,58.355,15.43820097763634,15.34966131695847,5.5248670924940315,27.57,7.221683531208126,7.221521327915154,0.8001400534916048,12.75
2026-10-08 22:08:18,32.8271223821695,32.787362989634744,37.97935318788411,58.51,15.467073351131553,15.376730300471001,5.534225342658795,27.625,7.232338962653577,7.234633927490915,0.8015162731040447,12.77
2026-10-08 22:23:18,32.89598654821169,32.863795340031345,38.056035373176414,58.63,15.485018415614132,15.403963107036928,5.542177618501634,27.67,7.250392022239867,7.256726027941027,0.8033126083794333,12.805
2026-10-08 22:38:18,32.92605203409764,32.91062303083132,38.09809730163304,58.7,15.493145342510438,15.412539843401673,5.546940528762958,27.69,7.259696189423049,7.266190625191708,0.804400771614083,12.82
2026-10-08 22:53:18,32.98066047302713,32.96371101935099,38.15698211253247,58.795,15.517421824763586,15.426051317850701,5.5553073067467045,27.73,7.269978156190081,7.281900457104319,0.8058597555229782,12.84
2026-10-08 23:08:18,33.01721335823224,32.99924264305247,38.19787214847409,58.865,15.544395908046683,15.456994444188696,5.5653363819204795,27.78,7.274199969571266,7.282941294947115,0.806204408702849,12.845
2026-10-08 23:23:18,33.02771343747285,33.01371662848832,38.21414468933158,58.89,15.561668457478333,15.470396996874896,5.570988667568803,27.81,7.283462761963731,7.2905157374175635,0.8068276958202306,12.855
2026-10-08 23:38:18,33.0763257756185,33.04551428813028,38.256459428484355,58.96,15.606438157303725,15.52656131681822,5.585470540005624,27.885,7.293435094706348,7.302073604372362,0.8088616410944479,12.88
2026-10-08 23:53:18,33.12343911078187,33.100010104813016,38.32366902863095,59.055,15.64713221350805,15.567414522291454,5.600360683338171,27.95,7.3015077932741725,7.310313077318096,0.8097008307647738,12.895
2026-10-09 00:08:18,33.19091377827407,33.167169658161605,38.39788288390327,59.175,15.677285268054604,15.59381705879643,5.608328553821651,27.99,7.312901041893639,7.317511130160971,0.8107287907038502,12.91
2026-10-09 00:23:18,33.23375488756521,33.21110388962985,38.447534880936956,59.255,15.691503124821699,15.60678874262952,5.612611727500079,28.01,7.3143961137173665,7.320006105000584,0.8109655364439552,12.915
2026-10-09 00:38:18,33.282420801092364,33.253709815772,38.503364856761216,59.34,15.701999012956295,15.616591903031205,5.6158373132297665,28.025,7.322383771527252,7.328574950150226,0.8118037068944208,12.925
2026-10-09 00:53:18,33.324593356177225,33.28728065414331,38.551403316328,59.405,15.7285120146211,15.637837885145677,5.623360653551155,28.06,7.326429639672643,7.336252289742983,0.8124866194104233,12.935
2026-10-09 01:08:18,33.35179964596335,33.31026805084517,38.58707302081113,59.455,15.731779073071678,15.641374864506993,5.624248841781212,28.065,7.3307071322122574,7.342645791301518,0.8134238798412718,12.945
2026-10-09 01:23:18,33.391001393989534,33.355521437791175,38.63240902890514,59.53,15.744996676730327,15.652731059308424,5.62717647029186,28.085,7.34041594685155,7.349824642121136,0.8141467201878538,12.96
2026-10-09 01:38:18,33.40563689369731,33.366894266834485,38.64522372976019,59.55,15.744996676730327,15.652731059308424,5.62717647029186,28.085,7.34041594685155,7.349824642121136,0.8141467201878538,12.96
2026-10-09 01:53:18,33.435388615029424,33.39300346688128,38.67821298086693,59.6,15.755515040589176,15.663837997077538,5.631425296077662,28.105,7.344837232232361,7.353156762457325,0.8142894242008392,12.965
2026-10-09 02:08:18,33.45518330631228,33.4064352512992,38.69705836778707,59.625,15.766449584164578,15.677246307581129,5.633867536604257,28.12,7.344837232232361,7.353156762457325,0.8142894242008392,12.965
2026-10-09 02:23:18,33.477614950961446,33.42766510907372,38.71760537375805,59.665,15.775059234835311,15.684114346677,5.635968467337074,28.135,7.3468071803838315,7.357234376809653,0.8147700909757767,12.97
2026-10-09 02:38:18,33.49134014114862,33.44168606684444,38.72842472810048,59.685,15.782684917816013,15.691386902959266,5.637966332557764,28.145,7.34987752495094,7.36051298997096,0.8152501973046301,12.975
2026-10-09 02:53:18,33.50727545315527,33.45693269619872,38.74148631299363,59.71,15.787302609682303,15.693494563442874,5.640104908371462,28.155,7.34987752495094,7.36051298997096,0.8152501973046301,12.975
2026-10-09 03:08:18,33.52958688225276,33.49282460982285,38.774216377022384,59.76,15.787302609682303,15.693494563442874,5.640104908371462,28.155,7.34987752495094,7.36051298997096,0.8152501973046301,12.975
2026-10-09 03:23:18,33.53488624610404,33.49658761631046,38.77927610711327,59.77,15.797565993021726,15.705505714225835,5.643130307996102,28.17,7.34987752495094,7.36051298997096,0.8152501973046301,12.975
2026-10-09 03:38:18,33.54442954637624,33.507327599625825,38.79307334649825,59.79,15.807417618731717,15.715640964448637,5.646699232690521,28.185,7.34987752495094,7.36051298997096,0.8152501973046301,12.975
2026-10-09 03:53:18,33.54557739166433,33.51152668328772,38.79478373135418,59.795,15.807417618731717,15.715640964448637,5.646699232690521,28.185,7.34987752495094,7.36051298997096,0.8152501973046301,12.975
2026-10-09 04:08:18,33.54773277511416,33.51414068754263,38.79671709817965,59.8,15.807417618731717,15.715640964448637,5.646699232690521,28.185,7.3540475770702844,7.361591876171441,0.8157092172099635,12.98
2026-10-09 04:23:18,33.55356305847604,33.52060149602915,38.80233794998864,59.81,15.808408298970303,15.717155821771428,5.647537203114794,28.19,7.3540475770702844,7.361591876171441,0.8157092172099635,12.98
2026-10-09 04:38:18,33.55356305847604,33.52060149602915,38.80233794998864,59.81,15.808408298970303,15.717155821771428,5.647537203114794,28.19,7.3540475770702844,7.361591876171441,0.8157092172099635,12.98
2026-10-09 04:53:18,33.55947906234994,33.530020622619766,38.81302749958308,59.825,15.808408298970303,15.717155821771428,5.647537203114794,28.19,7.356972181815941,7.366584796187734,0.8161073734719071,12.985
2026-10-09 05:08:18,33.566744621531,33.53597314936917,38.818467557052664,59.835,15.808408298970303,15.717155821771428,5.647537203114794,28.19,7.356972181815941,7.366584796187734,0.8161073734719071,12.985
2026-10-09 05:23:18,33.57668798436321,33.544017938115644,38.83210268435844,59.85,15.812928442998315,15.721715508109899,5.648380400046835,28.195,7.356972181815941,7.366584796187734,0.8161073734719071,12.985
2026-10-09 05:38:18,33.59505384279124,33.56124278632924,38.851824551631665,59.88,15.812928442998315,15.721715508109899,5.648380400046835,28.195,7.356972181815941,7.366584796187734,0.8161073734719071,12.985
2026-10-09 05:53:18,33.60169491905144,33.56716600912191,38.860383028690144,59.89,15.812928442998315,15.721715508109899,5.648380400046835,28.195,7.358792665369217,7.367645112268995,0.816378985800191,12.99
2026-10-09 06:08:18,33.61713139872612,33.58318332577131,38.879527032756855,59.915,15.817336779284728,15.727456310683413,5.651043620426737,28.21,7.358792665369217,7.367645112268995,0.816378985800191,12.99
2026-10-09 06:23:18,33.63157627835399,33.60791700039464,38.90525714714991,59.95,15.831750566977012,15.743601906078332,5.655357255055052,28.235,7.363919482876416,7.374871761923952,0.8173155910759486,13.005
2026-10-09 06:38:18,33.664410955791745,33.642123699996205,38.94613896970601,60.01,15.832665798818997,15.746199078212511,5.656702244647831,28.24,7.368613692138174,7.37614302558134,0.8176747260800589,13.01
2026-10-09 06:53:18,33.67466401255156,33.65370906182886,38.95861176124067,60.03,15.835730346785478,15.747974196898967,5.65776795147282,28.245,7.368613692138174,7.37614302558134,0.8176747260800589,13.01
2026-10-09 07:08:18,33.68862245105515,33.66643113039966,38.97643477380746,60.055,15.844605591432504,15.756021042073808,5.662209035248518,28.265,7.368613692138174,7.37614302558134,0.8176747260800589,13.01
2026-10-09 07:23:18,33.705929550020336,33.68293102845568,38.99358289790171,60.08,15.84796908266015,15.759932823250798,5.66292539088411,28.27,7.368613692138174,7.37614302558134,0.8176747260800589,13.01
2026-10-09 07:38:18,33.72019122497452,33.698130333443075,39.008397500585794,60.11,15.854811723927458,15.767446715163102,5.664707393254338,28.28,7.368613692138174,7.37614302558134,0.8176747260800589,13.01
2026-10-09 07:53:18,33.724198617488966,33.70088821549768,39.011299024449144,60.115,15.858245589515228,15.770137491649308,5.665854795645181,28.285,7.368613692138174,7.37614302558134,0.8176747260800589,13.01
2026-10-09 08:08:18,33.73950847965354,33.714561342242774,39.03289472358545,60.145,15.858245589515228,15.770137491649308,5.665854795645181,28.285,7.368613692138174,7.37614302558134,0.8176747260800589,13.01
2026-10-09 08:23:18,33.751652746994644,33.72893593721533,39.050575446537025,60.17,15.863998377000664,15.774981416250512,5.668306108579068,28.295,7.368613692138174,7.37614302558134,0.8176747260800589,13.01
2026-10-09 08:38:18,33.77497077771687,33.75236047111619,39.072743865418055,60.21,15.863998377000664,15.774981416250512,5.668306108579068,28.295,7.368613692138174,7.37614302558134,0.8176747260800589,13.01
2026-10-09 08:53:18,33.78200862510093,33.76623004691425,39.08436472147555,60.23,15.863998377000664,15.774981416250512,5.668306108579068,28.295,7.368613692138174,7.37614302558134,0.8176747260800589,13.01
2026-10-09 09:08:18,33.78709547798601,33.77119525519778,39.09276268915921,60.24,15.868628543975813,15.779105827014119,5.670288508912678,28.305,7.3709728714786955,7.379830337234768,0.8180501352738629,13.015
2026-10-09 09:23:18,33.79349955440524,33.77557585792117,39.09764525834769,60.25,15.871134766924337,15.782550651743101,5.6709081844244436,28.31,7.3709728714786955,7.379830337234768,0.8180501352738629,13.015
2026-10-09 09:38:18,33.80783277433898,33.792024216215694,39.11937304915819,60.285,15.875923509953203,15.786078540685782,5.671418610849159,28.315,7.371945548221366,7.382476306350895,0.8182539839735884,13.02
2026-10-09 09:53:18,33.835818301880266,33.80819738198621,39.14429723149004,60.325,15.890303580305371,15.802211093729955,5.677231007402922,28.345,7.377800104541242,7.387280111097522,0.8188101885495154,13.03
2026-10-09 10:08:18,33.87965045405467,33.84904170008655,39.19580288917535,60.4,15.90560297069751,15.813399547077648,5.682105995966088,28.37,7.384792235704157,7.395313075636162,0.8198350911629878,13.045
2026-10-09 10:23:18,33.919608406649786,33.88894696250357,39.23710654040475,60.465,15.919648076764824,15.832950719119236,5.6874033841076015,28.395,7.399669959832442,7.406892689755733,0.8211516903357859,13.065
2026-10-09 10:38:18,33.96583853638575,33.938763558269784,39.29681912537051,60.55,15.953067491237881,15.865632645402446,5.697382327659967,28.445,7.41124154251472,7.41603218342392,0.822195957118789,13.08
2026-10-09 10:53:18,33.99348566002585,33.967595489647934,39.32628253874244,60.6,15.962764166019253,15.874953810663381,5.69994791704313,28.46,7.4213360564092,7.423255292899923,0.8234862863560806,13.095
2026-10-09 11:08:18,34.02839382761071,33.99779511586918,39.36077261167244,60.66,15.984993385890952,15.903217044129084,5.708329942263033,28.505,7.429501087444495,7.430737864334522,0.8244408426989188,13.11
2026-10-09 11:23:18,34.0954500718341,34.050707043489766,39.434112836752305,60.77,16.00725721773494,15.92982673205872,5.716753797601526,28.545,7.444153306468561,7.457461634664101,0.8272546131431819,13.15
2026-10-09 11:38:18,34.135643506808066,34.10190597591353,39.49181653778421,60.85,16.01160176972771,15.935354436566747,5.718446663587316,28.555,7.444153306468561,7.457461634664101,0.8272546131431819,13.15
2026-10-09 11:53:18,34.174483635157,34.1389918806692,39.53647471441889,60.915,16.03708272956672,15.956698623363852,5.724998792613384,28.595,7.453466524710738,7.4652907581707515,0.8281023156746173,13.165
2026-10-09 12:08:18,34.209101326412004,34.1649473158183,39.57350132760917,60.965,16.044797300259592,15.965871853125194,5.72725213061477,28.61,7.453466524710738,7.4652907581707515,0.8281023156746173,13.165
2026-10-09 12:23:18,34.240964182783884,34.184514413018995,39.60324315742825,61.01,16.051742723351126,15.968116916766519,5.72867032037435,28.62,7.461489809786249,7.470770873751667,0.8287986048578685,13.175
2026-10-09 12:38:18,34.28693904668293,34.22645663906716,39.65616575757082,61.085,16.069122682314838,15.981866643139556,5.733428826928764,28.645,7.461489809786249,7.470770873751667,0.8287986048578685,13.175
2026-10-09 12:53:18,34.33077521315472,34.260529014571226,39.70685734017287,61.16,16.09659418280334,16.01302464071903,5.745228854506693,28.7,7.469456810969934,7.481550274922353,0.8299605341160414,13.19
2026-10-09 13:08:18,34.38531904918941,34.31825582018731,39.780756003377526,61.265,16.134589058120913,16.04448832470232,5.7561809004541935,28.76,7.4804067046496865,7.492456882051988,0.8308554523618862,13.21
2026-10-09 13:23:18,34.4199348324323,34.35768071541559,39.82619593584984,61.335,16.15402308858128,16.066713177133312,5.763462334988874,28.795,7.492390530481128,7.513012350714937,0.8332282545697333,13.24
2026-10-09 13:38:18,34.4504470701524,34.38505455648953,39.85181622398429,61.385,16.166047315960334,16.079973386172153,5.767926942365753,28.82,7.49859433891586,7.524198690984421,0.834955237700337,13.26
2026-10-09 13:53:18,34.5030624137068,34.44220080737494,39.90943047089594,61.485,16.177940204450646,16.090710953948182,5.771156296742947,28.84,7.507730542551099,7.531350628562056,0.8355319252359821,13.275
2026-10-09 14:08:18,34.53912697635125,34.49759129995528,39.962259160297485,61.57,16.195385496933202,16.109061423239908,5.778638209106026,28.875,7.520031077709931,7.549679552180948,0.8375196879140265,13.3
2026-10-09 14:23:18,34.57817646664001,34.54539007480503,40.01922870714602,61.645,16.22150329836219,16.129966015139914,5.787666293445134,28.92,7.5265247867514,7.554981574385285,0.838244683451445,13.31
2026-10-09 14:38:18,34.58674143659282,34.54842394607296,40.02636707638225,61.655,16.241312652902703,16.14502273633965,5.794472672894637,28.95,7.5265247867514,7.554981574385285,0.838244683451445,13.31
2026-10-09 14:53:18,34.624684390083836,34.584172106157844,40.06020943399935,61.715,16.258995308688764,16.16326264382052,5.800567046799796,28.98,7.538331072748338,7.568199358778398,0.8390671471050772,13.33
2026-10-09 15:08:18,34.66614479115455,34.625478729868085,40.11336785794704,61.79,16.273819484356984,16.176655663906484,5.805405920119008,29.005,7.54307180412907,7.578727100932113,0.8404471293300668,13.345
2026-10-09 15:23:18,34.69182628254101,34.65070960798989,40.14559453188714,61.84,16.29063767878398,16.192535893441804,5.811199162615708,29.035,7.54307180412907,7.578727100932113,0.8404471293300668,13.345
2026-10-09 15:38:18,34.754051371669334,34.69644945682285,40.21191063059099,61.94,16.31656046848603,16.218011669177926,5.821401734737399,29.09,7.571204768751276,7.604582687725929,0.8437151961227382,13.39
2026-10-09 15:53:18,34.78380455581803,34.72278769959821,40.24366196216275,61.985,16.329196507147827,16.232917118268034,5.826244975477555,29.115,7.584032421831582,7.622989743975225,0.8452633257123193,13.415
2026-10-09 16:08:18,34.811994980103854,34.74932902629339,40.27235589592345,62.035,16.340645357584624,16.244710526837224,5.8304342864206244,29.135,7.592095064238018,7.627487004532994,0.8460706006491636,13.425
2026-10-09 16:23:18,34.852086197268015,34.79552689255615,40.31714689929214,62.11,16.353964515086172,16.26247161262753,5.837079213066955,29.17,7.6057251204323695,7.645789457420395,0.8480694221612751,13.45
2026-10-09 16:38:18,34.91946096637882,34.86536795304639,40.39933259563004,62.235,16.38831750663019,16.29121746481132,5.850578933936492,29.225,7.619570955022922,7.660173935487489,0.8495622314221192,13.475
2026-10-09 16:53:18,35.03409425448968,34.98344177938841,40.52293116196781,62.43,16.45420932878746,16.362761269389054,5.8717932910471085,29.34,7.662095797705792,7.706086587233336,0.8542783319111746,13.55
2026-10-09 17:08:18,35.12586320556353,35.08479539504171,40.638691887303445,62.605,16.516130765947224,16.40904576820184,5.894303327362301,29.45,7.675697827079465,7.737348847142472,0.8574512610365008,13.6
2026-10-09 17:23:18,35.18315996578728,35.14032461668829,40.695089082018896,62.7,16.554829182492554,16.447499205766054,5.906056252695229,29.515,7.687334844784106,7.752236030630003,0.8592634567159788,13.63
2026-10-09 17:38:18,35.23965570543507,35.18060305578676,40.74249560436482,62.785,16.597813764894592,16.49847728367924,5.922371382013894,29.6,7.705587092402068,7.766324484008924,0.8607074385736647,13.66
2026-10-09 17:53:18,35.26890797607497,35.2199651132772,40.779572363123535,62.84,16.617771001133345,16.524625288418665,5.928907185382742,29.635,7.705587092402068,7.766324484008924,0.8607074385736647,13.66
2026-10-09 18:08:18,35.341966446254865,35.28057635188782,40.86085488150939,62.97,16.64640313903663,16.563104290358694,5.941695355360483,29.7,7.710048678487714,7.776657402550562,0.8616901794267678,13.675
2026-10-09 18:23:18,35.39076441798899,35.32513352749816,40.90766936469829,63.05,16.66364004741818,16.580217660897958,5.946332646301583,29.725,7.7239155372371275,7.7888588184210725,0.8624104608968439,13.69
2026-10-09 18:38:18,35.423130028491855,35.35765902673369,40.95465390657276,63.11,16.700811624757304,16.611804473442348,5.955831658581767,29.78,7.73771667698264,7.800418366639221,0.8637651002881064,13.715
2026-10-09 18:53:18,35.48459482499441,35.41280732556067,41.025057455837754,63.215,16.737008313255224,16.662634578873952,5.96833826247506,29.85,7.753184919924999,7.8140000861931815,0.8649867033830353,13.74
2026-10-09 19:08:18,35.532164325533245,35.45500805278277,41.07753406726158,63.295,16.760588882180958,16.684549150429493,5.978744255096458,29.9,7.763954046156737,7.821167938998807,0.8666400785078505,13.765
2026-10-09 19:23:18,35.558822052859576,35.49200099117327,41.119770823534616,63.355,16.789745054194366,16.72437180476063,5.990282522924915,29.96,7.777867523331083,7.829742298686456,0.8676926650695328,13.785
2026-10-09 19:38:18,35.620104345089906,35.54449596690482,41.181601857086754,63.455,16.819465716840522,16.76005184575947,6.000351010883127,30.01,7.793297914727493,7.842681836893209,0.8697788680587629,13.815
2026-10-09 19:53:18,35.66254794252756,35.586904751873384,41.23487553212133,63.53,16.837669132548843,16.77473695153974,6.006707739801241,30.04,7.805718796799817,7.85153670041639,0.8714098368643788,13.84
2026-10-09 20:08:18,35.6825927849546,35.62372289821809,41.27198795414645,63.585,16.85100105429684,16.785640013790623,6.011545558549899,30.065,7.8171795334644045,7.859491489238267,0.8728007816704735,13.86
2026-10-09 20:23:18,35.692378138927495,35.63695165458594,41.28493760214168,63.605,16.860185600536543,16.792735702967658,6.0149750142117915,30.085,7.822647119558325,7.86561354097971,0.8736110441433437,13.87
2026-10-09 20:38:18,35.7454913450622,35.68801470474753,41.33814984388699,63.69,16.87540698571207,16.808183286485065,6.021680205055441,30.115,7.822647119558325,7.86561354097971,0.8736110441433437,13.87
2026-10-09 20:53:18,35.797350920523684,35.74498683131879,41.40452961295001,63.785,16.920339938762062,16.846488621125904,6.0361675717385666,30.19,7.832799281597472,7.874568111963789,0.8745529677599821,13.885
2026-10-09 21:08:18,35.84284509723961,35.785851954432,41.45387446120236,63.86,16.944279834874067,16.868430223798775,6.0443014635866374,30.225,7.835071540298759,7.878559873868722,0.8750724958428363,13.895
2026-10-09 21:23:18,35.88143678584309,35.82408564511461,41.504629745068854,63.93,16.97724059890428,16.89978680910553,6.05692174328091,30.28,7.836003540434053,7.880136545661127,0.8752179265792476,13.9
2026-10-09 21:38:18,35.91561535973481,35.87034893231163,41.55043940337817,64.005,17.00370506115653,16.924947179946315,6.067234669868618,30.325,7.845503701964361,7.893423902919545,0.8763508391476714,13.92
2026-10-09 21:53:18,35.99188280095038,35.9480226378827,41.642338554343375,64.145,17.047086526934326,16.974052614268594,6.086975105825717,30.42,7.865315745433754,7.9120013899965755,0.8781498798729451,13.95
2026-10-09 22:08:18,36.04656611963456,36.000220414491054,41.70183369031637,64.23,17.082904439915367,17.006416872202795,6.100195999302293,30.48,7.875340342676378,7.919221822406866,0.8788795918162952,13.965
2026-10-09 22:23:18,36.11385990351825,36.05334095515482,41.760988148780264,64.32,17.10957691651091,17.0478746141029,6.112152987563221,30.54,7.890080040280611,7.930895321620154,0.8796700338747254,13.985
2026-10-09 22:38:18,36.17939042400056,36.116848521020536,41.84677029247115,64.44,17.14829354187913,17.080606898955185,6.125550521274023,30.6,7.907406311410608,7.95140848021957,0.8811630100177172,14.015
2026-10-09 22:53:18,36.26293208166941,36.20718802537504,41.947487998059856,64.595,17.184598970886874,17.112380950098817,6.1367352671013276,30.655,7.929984474945293,7.972064012194681,0.8841793602320945,14.06
2026-10-09 23:08:18,36.31388592759327,36.26092539875473,42.00760299203204,64.68,17.217940537164765,17.142411497033088,6.148134832771054,30.715,7.956588548325913,7.990161525260512,0.8864216873094681,14.095
2026-10-09 23:23:18,36.42513163655116,36.367527135093816,42.13556786639248,64.88,17.25069545677867,17.173059430969996,6.160563266831333,30.78,7.976053033712778,8.012851379459502,0.8883602940130181,14.13
2026-10-09 23:38:18,36.50405184265638,36.4552299449636,42.22781606858782,65.02,17.296668470391044,17.219233430611798,6.180452477134695,30.87,8.00196938499639,8.037603161627993,0.8912616189676713,14.18
2026-10-09 23:53:18,36.618714564904295,36.56569848550261,42.35613307921836,65.215,17.34807270289087,17.277815772422656,6.197340875298915,30.96,8.019261714546001,8.052477471617145,0.893197836323421,14.21
2026-10-10 00:08:18,36.65759233240412,36.60687391115577,42.410260426531046,65.29,17.370534739397087,17.301194720865755,6.2049479138619,31.0,8.025387855556374,8.057300735869433,0.8938981149652286,14.22
2026-10-10 00:23:18,36.7557595503049,36.70933398133565,42.52864022612171,65.47,17.422132456305455,17.346064362855074,6.222447544927369,31.085,8.05313600237011,8.086521300696482,0.8979736035207009,14.28
2026-10-10 00:38:18,36.849862114858226,36.80746641638149,42.66107075743539,65.665,17.464811434738092,17.387950110095723,6.235001601449399,31.15,8.066574598482788,8.100336931612452,0.8996145241721405,14.305
2026-10-10 00:53:18,36.972332389180664,36.919044296690984,42.806622610669926,65.89,17.510178316855313,17.44185767872057,6.252927810629913,31.24,8.096130374658808,8.123229464474447,0.9027974535330185,14.35
2026-10-10 01:08:18,37.06585765221609,37.033406474592475,42.917586597104275,66.07,17.556604106665162,17.481134563408766,6.271267778329766,31.33,8.117147546692655,8.146388668755552,0.9049609144775951,14.385
2026-10-10 01:23:18,37.16962657216105,37.12694706117365,43.04151992610212,66.26,17.61468585971033,17.541861520693192,6.290700604752205,31.425,8.139878926015049,8.166469560871738,0.9076951003943692,14.43
2026-10-10 01:38:18,37.18680887722829,37.141315788917325,43.05512972114808,66.285,17.623469023074758,17.55082735717328,6.2937944246636555,31.44,8.1437278340691,8.171356599200363,0.9081279781419054,14.435
2026-10-10 01:53:18,37.21857447616593,37.176269593419434,43.09215411133714,66.34,17.626380979904297,17.551778447982024,6.294981152179692,31.445,8.155249336730849,8.181444048686876,0.9092037555499161,14.45
2026-10-10 02:08:18,37.24290952972699,37.19546447878151,43.11850074079916,66.38,17.63584101591204,17.556716833976964,6.297619398932264,31.46,8.155249336730849,8.181444048686876,0.9092037555499161,14.45
2026-10-10 02:23:18,37.25755850431545,37.20897057558685,43.13505281333885,66.405,17.642811486792493,17.560197515080816,6.300134307891109,31.47,8.155249336730849,8.181444048686876,0.9092037555499161,14.45
2026-10-10 02:38:18,37.26927236665111,37.22455129921052,43.148439265003184,66.43,17.642811486792493,17.560197515080816,6.300134307891109,31.47,8.155249336730849,8.181444048686876,0.9092037555499161,14.45
2026-10-10 02:53:18,37.28410292812227,37.23708513312428,43.1672330246761,66.455,17.642811486792493,17.560197515080816,6.300134307891109,31.47,8.16302069450574,8.186453016871557,0.9096671917201139,14.46
2026-10-10 03:08:18,37.28956781638485,37.24568351252162,43.17487450008615,66.47,17.644933496681556,17.567438836909286,6.302229192083233,31.48,8.167602726580808,8.193219551280716,0.9104228894950046,14.47
2026-10-10 03:23:18,37.2968668931636,37.250701483963425,43.18019161680219,66.48,17.644933496681556,17.567438836909286,6.302229192083233,31.48,8.167602726580808,8.193219551280716,0.9104228894950046,14.47
2026-10-10 03:38:18,37.2976276259707,37.25206313320426,43.1831151690925,66.485,17.644933496681556,17.567438836909286,6.302229192083233,31.48,8.167602726580808,8.193219551280716,0.9104228894950046,14.47
2026-10-10 03:53:18,37.2976276259707,37.25206313320426,43.1831151690925,66.485,17.644933496681556,17.567438836909286,6.302229192083233,31.48,8.167602726580808,8.193219551280716,0.9104228894950046,14.47
2026-10-10 04:08:18,37.30399617135316,37.26348106474171,43.190979430999,66.5,17.644933496681556,17.567438836909286,6.302229192083233,31.48,8.167602726580808,8.193219551280716,0.9104228894950046,14.47
2026-10-10 04:23:18,37.31353601908225,37.27090297512679,43.20465564487084,66.52,17.646244911591072,17.57108790351344,6.303470729959572,31.485,8.167602726580808,8.193219551280716,0.9104228894950046,14.47
2026-10-10 04:38:18,37.315340275816794,37.27454567057546,43.20865410120187,66.525,17.648333896817263,17.575827399281284,6.304689191322087,31.49,8.167602726580808,8.193219551280716,0.9104228894950046,14.47
2026-10-10 04:53:18,37.31602627558806,37.277226824940925,43.21303985340092,66.53,17.648333896817263,17.575827399281284,6.304689191322087,31.49,8.167602726580808,8.193219551280716,0.9104228894950046,14.47
2026-10-10 05:08:18,37.320128997738216,37.28330325069883,43.21923777903464,66.54,17.656751538785382,17.578275533205904,6.306874446564758,31.5,8.167602726580808,8.193219551280716,0.9104228894950046,14.47
2026-10-10 05:23:18,37.3374602402222,37.29949336802319,43.23451553191562,66.57,17.656751538785382,17.578275533205904,6.306874446564758,31.5,8.167602726580808,8.193219551280716,0.9104228894950046,14.47
2026-10-10 05:38:18,37.35898819555742,37.31306152709382,43.255566157373366,66.605,17.660257051399167,17.582701545540473,6.30778825083845,31.505,8.167602726580808,8.193219551280716,0.9104228894950046,14.47
2026-10-10 05:53:18,37.3802741413596,37.331218735704645,43.27876449030599,66.645,17.664070843406694,17.589262162287813,6.310171444015109,31.515,8.167602726580808,8.193219551280716,0.9104228894950046,14.47
2026-10-10 06:08:18,37.395940330383226,37.350340916107136,43.29610163445858,66.675,17.68421369515439,17.607490831236806,6.316348026135831,31.545,8.168695735716238,8.19411354351099,0.9105980277215985,14.475
2026-10-10 06:23:18,37.42091744691763,37.36866674973543,43.31777874858963,66.71,17.68421369515439,17.607490831236806,6.316348026135831,31.545,8.168695735716238,8.19411354351099,0.9105980277215985,14.475
2026-10-10 06:38:18,37.429302354502106,37.378642853451424,43.33308398502764,66.73,17.68421369515439,17.607490831236806,6.316348026135831,31.545,8.168695735716238,8.19411354351099,0.9105980277215985,14.475
2026-10-10 06:53:18,37.44968261868619,37.39214982215667,43.351881072035056,66.755,17.684945386990364,17.611248810635445,6.317604356108017,31.55,8.17207755952318,8.19710361130972,0.9107588732063512,14.48
2026-10-10 07:08:18,37.46600858023917,37.40628178785591,43.37477176823403,66.785,17.684945386990364,17.611248810635445,6.317604356108017,31.55,8.17207755952318,8.19710361130972,0.9107588732063512,14.48
2026-10-10 07:23:18,37.474275468241125,37.41205798925214,43.380964364069214,66.795,17.684945386990364,17.611248810635445,6.317604356108017,31.55,8.173530697602125,8.19786535699569,0.9111827599178198,14.485
2026-10-10 07:38:18,37.482433297739306,37.42213338508635,43.39042419791927,66.81,17.68662038362192,17.614028320308098,6.319099452098661,31.555,8.173530697602125,8.19786535699569,0.9111827599178198,14.485
2026-10-10 07:53:18,37.497842648130636,37.44275767849438,43.410983766445014,66.845,17.690054996681848,17.61832155597827,6.320224215509933,31.56,8.175606617011828,8.201391946923886,0.9115116861532209,14.49
2026-10-10 08:08:18,37.501994569296926,37.45234284389761,43.41995506241884,66.86,17.69095955810668,17.62146739986738,6.321343944562676,31.565,8.183613413864743,8.207416356807544,0.9120504802524687,14.5
2026-10-10 08:23:18,37.506004655724745,37.45834648972438,43.426215641505586,66.87,17.69640305342676,17.627674754436875,6.3238270689081135,31.575,8.186227834490262,8.208242943527662,0.9122133903490605,14.505
2026-10-10 08:38:18,37.516480658650735,37.47029691251203,43.438906654898,66.89,17.69640305342676,17.627674754436875,6.3238270689081135,31.575,8.192336152875198,8.216071961882461,0.9131067656718801,14.515
2026-10-10 08:53:18,37.52876551064129,37.485688881395085,43.462000472086274,66.92,17.70195244997751,17.633071045656862,6.325822440091144,31.585,8.192336152875198,8.216071961882461,0.9131067656718801,14.515
2026-10-10 09:08:18,37.54950849135333,37.50263489847556,43.47929464939496,66.95,17.70195244997751,17.633071045656862,6.325822440091144,31.585,8.19699138680264,8.2193197280108,0.9134791198525352,14.52
2026-10-10 09:23:18,37.56610301732929,37.517119416253124,43.497147149587185,66.975,17.70612316429895,17.63682993121085,6.326488330284807,31.59,8.19699138680264,8.2193197280108,0.9134791198525352,14.52
2026-10-10 09:38:18,37.5993337107988,37.555287840233305,43.54682586544286,67.045,17.72342789651739,17.64758587743729,6.332561952407784,31.62,8.199002694636846,8.223325726601098,0.9139454977209281,14.525
2026-10-10 09:53:18,37.62392102684382,37.58901767595513,43.58461119614531,67.105,17.75426581415951,17.666993106666418,6.342880201652282,31.665,8.205644345496784,8.227097765473987,0.9144823573359653,14.535
2026-10-10 10:08:18,37.65641225864521,37.62871732452491,43.61905561570802,67.16,17.760051338099636,17.67298447616054,6.344836117279612,31.675,8.205644345496784,8.227097765473987,0.9144823573359653,14.535
2026-10-10 10:23:18,37.68196148792762,37.66279762011554,43.6519728017402,67.21,17.780629216120047,17.69057117767998,6.351874409355645,31.715,8.218464358355773,8.234193856370256,0.9155157497864944,14.555
2026-10-10 10:38:18,37.70585161242831,37.6847134908025,43.68342292771932,67.26,17.78514728872078,17.6939608933049,6.352486637100755,31.72,8.221738689061695,8.242619666247098,0.9159182837453081,14.565
2026-10-10 10:53:18,37.72682066257034,37.712662772204894,43.71203852459146,67.305,17.8037207816686,17.70834157876017,6.357777233333227,31.75,8.227708348363148,8.249686633588444,0.9166538628327175,14.575
2026-10-10 11:08:18,37.75181322739458,37.74674980693712,43.74391711269826,67.355,17.814150584300265,17.716910567020022,6.360686389822771,31.765,8.227708348363148,8.249686633588444,0.9166538628327175,14.575
2026-10-10 11:23:18,37.773604270962274,37.77313459307634,43.775534479594114,67.395,17.827767633631026,17.73131337392449,6.364819595833187,31.79,8.23472882845097,8.25389847175731,0.9170870282675386,14.585
2026-10-10 11:38:18,37.807107129198954,37.80482769111723,43.810892534755375,67.45,17.837019871894146,17.737650987146743,6.368692127169787,31.81,8.23472882845097,8.25389847175731,0.9170870282675386,14.585
2026-10-10 11:53:18,37.82535812636326,37.83920873902143,43.8404904047442,67.495,17.85671459524347,17.7537237919121,6.372287813139527,31.835,8.236257874683048,8.255784006530265,0.9174961358108523,14.59
2026-10-10 12:08:18,37.84828115801517,37.86065138130798,43.86683815778845,67.535,17.86415410100508,17.762110874602342,6.375561863469764,31.85,8.241638307151215,8.260841899348462,0.9182837553716408,14.6
2026-10-10 12:23:18,37.874726456818124,37.887502905254635,43.8924251689922,67.58,17.866186272001492,17.764003496107225,6.3769799126218825,31.855,8.241638307151215,8.260841899348462,0.9182837553716408,14.6
2026-10-10 12:38:18,37.942565563928596,37.94302807208981,43.95914241863086,67.69,17.87692411010447,17.77883834694425,6.382581775174109,31.885,8.246409129508782,8.263401105037735,0.9187796513713508,14.61
2026-10-10 12:53:18,37.983133178309565,37.98690503361767,44.002144645763195,67.76,17.885299492294873,17.791411766455422,6.386966608970105,31.905,8.25266349220546,8.271491691476717,0.9193985987478734,14.62
2026-10-10 13:08:18,38.02412740987093,38.024256960518834,44.04321967357573,67.825,17.90873806149876,17.806818972313923,6.393545396852494,31.94,8.25266349220546,8.271491691476717,0.9193985987478734,14.62
2026-10-10 13:23:18,38.05392440398383,38.05741796840622,44.078049701026586,67.88,17.940204745082138,17.832489460431898,6.403083469755061,31.99,8.26051065744419,8.27800059458409,0.9202358719736516,14.635
2026-10-10 13:38:18,38.10305072072762,38.08537115899175,44.122249901284135,67.95,17.965936829355485,17.854729979582928,6.412563806305378,32.035,8.27737424159733,8.294337307757404,0.9222385631651651,14.665
2026-10-10 13:53:18,38.12182151411979,38.10418479753378,44.14448043250469,67.985,17.9744920123333,17.86429829988145,6.416135538648077,32.055,8.27737424159733,8.294337307757404,0.9222385631651651,14.665
2026-10-10 14:08:18,38.148849445568715,38.130260771959534,44.17730884526067,68.03,18.004824902751192,17.893326046014113,6.425889683662751,32.1,8.28174615017539,8.300625888961825,0.9226645871592372,14.675
2026-10-10 14:23:18,38.16364639036696,38.148006753077794,44.199662220640846,68.06,18.005950665107058,17.897546403299966,6.427368900181702,32.105,8.28174615017539,8.300625888961825,0.9226645871592372,14.675
2026-10-10 14:38:18,38.173025125005516,38.1582477936603,44.20888262994472,68.08,18.015743444211097,17.90719917482904,6.430162290943933,32.12,8.28174615017539,8.300625888961825,0.9226645871592372,14.675
2026-10-10 14:53:18,38.191106684765145,38.17852489970899,44.229859570373826,68.11,18.031779503208433,17.92910982384893,6.438344463633803,32.155,8.291705579268129,8.309556909879166,0.9232380444418996,14.69
2026-10-10 15:08:18,38.20697431680966,38.19959007732412,44.25243586465979,68.145,18.039814441002033,17.938980282727805,6.442046998302306,32.17,8.296397971850913,8.310889104419477,0.923627406514579,14.695
2026-10-10 15:23:18,38.214673378017224,38.20631928029859,44.26396172748841,68.16,18.043432092492864,17.94100649020298,6.442830213805956,32.175,8.302549342530103,8.31785224977396,0.9246918658074499,14.71
2026-10-10 15:38:18,38.21655982122633,38.211156969512636,44.26894365312359,68.165,18.05404924162378,17.951718200320077,6.445551923737837,32.19,8.302549342530103,8.31785224977396,0.9246918658074499,14.71
2026-10-10 15:53:18,38.221769763292805,38.21578929776532,44.276247131931356,68.175,18.05404924162378,17.951718200320077,6.445551923737837,32.19,8.307098386564803,8.320219745414805,0.9249265306051637,14.715
2026-10-10 16:08:18,38.23582345728328,38.2281073993149,44.29338927278244,68.2,18.06060922105034,17.957958028362075,6.448140976165852,32.205,8.307098386564803,8.320219745414805,0.9249265306051637,14.715
2026-10-10 16:23:18,38.25009940902275,38.241668698011246,44.31658154515489,68.23,18.063469105452146,17.959857422167357,6.448799911187418,32.21,8.307098386564803,8.320219745414805,0.9249265306051637,14.715
2026-10-10 16:38:18,38.26685608655338,38.25407954628707,44.333989216023284,68.26,18.079889306553728,17.980150700595047,6.457325038518418,32.25,8.31219519717912,8.326045744420274,0.925326604196252,14.725
2026-10-10 16:53:18,38.30293844859472,38.28005272187961,44.36918931934035,68.32,18.09729025483344,17.994878062876875,6.461885331142497,32.275,8.320888510774461,8.334602471769443,0.9261981525604702,14.74
2026-10-10 17:08:18,38.322049804030556,38.29631044772526,44.38712008928659,68.35,18.11314604172603,18.010926442767655,6.468279039048477,32.305,8.325796299355618,8.34149153896051,0.9273874353054185,14.755
2026-10-10 17:23:18,38.34989937935688,38.32397701245067,44.43172177228732,68.41,18.12251655444976,18.020928718638416,6.4716667551338904,32.32,8.330908317804969,8.353829365274468,0.9283641897190787,14.77
2026-10-10 17:38:18,38.37407809295404,38.340077938867374,44.45852192971338,68.45,18.13553996420718,18.03758962877008,6.478626089202717,32.35,8.343253171151416,8.364131638655135,0.9299074914572056,14.79
2026-10-10 17:53:18,38.421052778400856,38.38763075040806,44.51128788553153,68.52,18.156299274786495,18.052773927363344,6.485189643870402,32.385,8.349152499635466,8.374016934693264,0.9306486317906526,14.805
2026-10-10 18:08:18,38.448758643173676,38.42968353384021,44.545062035632775,68.575,18.16192349817004,18.056150262900196,6.487080393609912,32.395,8.353120060096295,8.382915217084712,0.9317037918340275,14.82
2026-10-10 18:23:18,38.48163496699771,38.45940178040672,44.583982828356916,68.635,18.17924467036404,18.07796800839635,6.493872758126124,32.43,8.361412325635113,8.386408500821585,0.9327089634935867,14.835
2026-10-10 18:38:18,38.56358301629016,38.53623325458561,44.65853083778586,68.765,18.20969138876407,18.10989900507321,6.507275748137173,32.485,8.387197118144083,8.416380771724919,0.9356298454882414,14.885
2026-10-10 18:53:18,38.64240353773437,38.60482932715578,44.75047780128623,68.9,18.249149395449546,18.159605146754004,6.525143193089116,32.575,8.419193865861462,8.445819396190245,0.9386528470774185,14.94
2026-10-10 19:08:18,38.752015570955614,38.71537890181427,44.87790038478301,69.095,18.325992961408634,18.229770264448167,6.550279942801568,32.705,8.434561660501453,8.458839440440505,0.9400790262711252,14.965
2026-10-10 19:23:18,38.84869663531742,38.79788680933438,44.97548100063588,69.24,18.366848923958386,18.26290952553628,6.566508350330064,32.78,8.464815287479256,8.480104949083701,0.9436890332091861,15.015
2026-10-10 19:38:18,38.91071681653328,38.86092207897197,45.04575850802999,69.36,18.421996383448317,18.32151869007956,6.585463345185321,32.88,8.481722970332964,8.498556166096318,0.9457395321826759,15.045
2026-10-10 19:53:18,38.97491991014806,38.90693106552657,45.12200984385158,69.465,18.47204571740303,18.373762004252928,6.605510086041905,32.97,8.51003332353331,8.531457081954235,0.9489974000862155,15.1
2026-10-10 20:08:18,39.04616867468529,38.99171668546974,45.20615974199982,69.6,18.518969431714794,18.405687466390074,6.6183255481667045,33.04,8.52813295302096,8.549504744707274,0.9501154860560581,15.125
2026-10-10 20:23:18,39.109701920355754,39.05472656248877,45.29359447419502,69.735,18.55960790854997,18.440535046053355,6.633980777029025,33.11,8.542413927041798,8.563530610228932,0.9516999045163489,15.155
2026-10-10 20:38:18,39.17659002504387,39.12036214121415,45.37929974172613,69.855,18.603856106798155,18.475878644343194,6.648503013940449,33.18,8.558481243594155,8.585683988750006,0.9536518099127163,15.185
2026-10-10 20:53:18,39.25045603621799,39.20136088018716,45.470932622125176,70.0,18.63031543333771,18.499930539915237,6.657832965567666,33.23,8.577999799453556,8.606815959662764,0.9555612379162649,15.22
2026-10-10 21:08:18,39.3249200544023,39.27953404592351,45.55932164305423,70.135,18.66349411384046,18.52979691516279,6.667466087800024,33.28,8.594929672758665,8.624277993061595,0.9574878326604207,15.25
2026-10-10 21:23:18,39.37007074562306,39.31839653228397,45.61274781749488,70.215,18.693491318060374,18.5618692938003,6.6766995970884215,33.325,8.606375863395805,8.633982087688555,0.9590841224442144,15.27
2026-10-10 21:38:18,39.408056143718774,39.349585465881034,45.65321599785082,70.275,18.717554981888064,18.59235225399333,6.685581312604376,33.37,8.621506453110298,8.64852258298854,0.9607831475756102,15.295
2026-10-10 21:53:18,39.43946084866557,39.38139798541229,45.6963488959299,70.335,18.732097845185063,18.60349524784277,6.692114589565136,33.4,8.630400728930953,8.657504038107264,0.9618699660126687,15.31
2026-10-10 22:08:18,39.485267415064975,39.4342980512171,45.74700359987389,70.415,18.746041063009315,18.61623376687383,6.696787512914364,33.425,8.645910596516863,8.67678162267852,0.9638855937403302,15.34
2026-10-10 22:23:18,39.52888037472717,39.48713352204864,45.79072718965181,70.49,18.764062909252385,18.634773844403348,6.702615974073897,33.455,8.650767300389827,8.68436314211224,0.9644965948475948,15.35
2026-10-10 22:38:18,39.56417573299943,39.510063118937424,45.824149125979126,70.54,18.771097002114985,18.640239712383654,6.704609140699074,33.465,8.65820020278461,8.688637186952908,0.9649560853393846,15.36
2026-10-10 22:53:18,39.593562140228585,39.5498251406838,45.86646557790321,70.6,18.776336740961078,18.648458734895808,6.706747395063089,33.475,8.665316107752837,8.69647613675017,0.9660749137726453,15.375
2026-10-10 23:08:18,39.62104398975945,39.58142992742907,45.89807235505871,70.65,18.793851174769635,18.663808501418973,6.713478000396618,33.505,8.66824680749669,8.701749895147154,0.966778260410115,15.385
2026-10-10 23:23:18,39.63463930167062,39.59489930560446,45.909804601066256,70.675,18.807522649734633,18.675423835610125,6.718271155782156,33.525,8.678152556739343,8.715778190157508,0.9678208912077972,15.405
2026-10-10 23:38:18,39.68584640845235,39.63383826969275,45.96939887669498,70.76,18.81226633607729,18.681631950169354,6.721462151277235,33.54,8.689453336151296,8.721613119968634,0.9691104241409239,15.42
2026-10-10 23:53:18,39.73732704213782,39.66719921784727,46.02653116809009,70.84,18.851081469206612,18.72133548197167,6.7377897118639005,33.615,8.694915893177042,8.727744396175826,0.9694900536906362,15.43
2026-10-11 00:08:18,39.7607559881752,39.69524491496886,46.05585079701544,70.89,18.867051218449337,18.732730638436458,6.7430380763446385,33.645,8.709523186019558,8.74292261494014,0.97064443198775,15.455
2026-10-11 00:23:18,39.81050806048057,39.73250603943558,46.108559172091105,70.97,18.87648502706564,18.74473002677483,6.746862789679304,33.665,8.718740847236289,8.75637665856382,0.9720061212201415,15.475
2026-10-11 00:38:18,39.848630022814625,39.771979167315905,46.161090700078184,71.045,18.891024452129777,18.75986159575089,6.751339157840524,33.69,8.722920642786075,8.759344228251937,0.9726901775294844,15.485
2026-10-11 00:53:18,39.91320195942913,39.84613557459646,46.241545550683554,71.16,18.924330970085464,18.79805783866365,6.764164220544751,33.755,8.746317743360349,8.784901557773265,0.9752050006980285,15.525
2026-10-11 01:08:18,39.97231222780212,39.90588602371767,46.318288140921354,71.275,18.96844669953428,18.83678039742988,6.7790162964199405,33.83,8.756559202989338,8.797314295442773,0.9764286043936078,15.545
2026-10-11 01:23:18,40.01762351695739,39.94792482661928,46.372698255904886,71.36,18.99757724140094,18.867743339392963,6.788486185336614,33.88,8.76861054325514,8.813934535679804,0.9780459718877329,15.575
2026-10-11 01:38:18,40.029775214072984,39.960086470814005,46.387258747971444,71.385,19.001708677209933,18.872258662636643,6.789768206968498,33.885,8.773211598751514,8.818423608838655,0.9787251231575543,15.585
2026-10-11 01:53:18,40.05250016553957,39.97942772717991,46.4061939536493,71.415,19.00636036278184,18.880921794284873,6.791389597084283,33.895,8.773211598751514,8.818423608838655,0.9787251231575543,15.585
2026-10-11 02:08:18,40.07890870187532,39.99776845933527,46.4367301233094,71.455,19.01402526212453,18.891648127170008,6.793877500573476,33.91,8.774866129787442,8.819446104581788,0.9790724574896984,15.59
2026-10-11 02:23:18,40.09294063080229,40.01627910364799,46.4575452170477,71.485,19.01402526212453,18.891648127170008,6.793877500573476,33.91,8.774866129787442,8.819446104581788,0.9790724574896984,15.59
2026-10-11 02:38:18,40.10642453316703,40.03612060052571,46.47086156595601,71.51,19.01809291473957,18.895986013067542,6.794681696555056,33.915,8.780666826208648,8.824907235167977,0.9798945675224163,15.6
2026-10-11 02:53:18,40.11899913794564,40.055791406945254,46.48844245796739,71.54,19.02118264524771,18.90060312601389,6.796163537469064,33.92,8.780666826208648,8.824907235167977,0.9798945675224163,15.6
2026-10-11 03:08:18,40.13833902207771,40.07819067702089,46.51157212373782,71.575,19.025333039287688,18.91053945942894,6.799830105595609,33.935,8.780666826208648,8.824907235167977,0.9798945675224163,15.6
2026-10-11 03:23:18,40.158651187523475,40.095728943547854,46.536200536122216,71.615,19.032581652158267,18.91683582393834,6.802785508807828,33.95,8.78283490194042,8.826086024699606,0.9803562864386468,15.605
2026-10-11 03:38:18,40.16487850869408,40.10010584465526,46.540271075227686,71.625,19.032581652158267,18.91683582393834,6.802785508807828,33.95,8.78283490194042,8.826086024699606,0.9803562864386468,15.605
2026-10-11 03:53:18,40.170030551089056,40.10536256162744,46.550443543408086,71.64,19.03943417682861,18.920229475833263,6.804994076882694,33.96,8.78283490194042,8.826086024699606,0.9803562864386468,15.605
2026-10-11 04:08:18,40.17281845699171,40.10757279125862,46.55564487007464,71.65,19.03943417682861,18.920229475833263,6.804994076882694,33.96,8.78283490194042,8.826086024699606,0.9803562864386468,15.605
2026-10-11 04:23:18,40.18041398219686,40.115017254968535,46.5625303920129,71.665,19.04391533704239,18.921075837733092,6.806106982812337,33.965,8.78283490194042,8.826086024699606,0.9803562864386468,15.605
2026-10-11 04:38:18,40.1904079056968,40.12135881143314,46.57275907682925,71.68,19.04391533704239,18.921075837733092,6.806106982812337,33.965,8.78283490194042,8.826086024699606,0.9803562864386468,15.605
2026-10-11 04:53:18,40.20961966037008,40.14652744677408,46.59775787863322,71.72,19.048099970361996,18.92372403840322,6.807022234337341,33.97,8.78283490194042,8.826086024699606,0.9803562864386468,15.605
2026-10-11 05:08:18,40.21663170563903,40.1514178161825,46.60391502478077,71.73,19.055615618493025,18.93073462268585,6.808889095946745,33.98,8.785329477469043,8.827095053627383,0.9808299331225666,15.61
2026-10-11 05:23:18,40.22836265296653,40.15810224856938,46.61518379663775,71.745,19.055615618493025,18.93073462268585,6.808889095946745,33.98,8.785329477469043,8.827095053627383,0.9808299331225666,15.61
2026-10-11 05:38:18,40.234370614980925,40.16944526052447,46.622535226877645,71.76,19.061343386818578,18.938905999723517,6.811923645890657,33.995,8.787760390726744,8.830506346597435,0.981276325258727,15.615
2026-10-11 05:53:18,40.26155025396346,40.19569619788857,46.65644611474521,71.8,19.06505899680412,18.94232735211669,6.812521032568744,34.0,8.787760390726744,8.830506346597435,0.981276325258727,15.615
2026-10-11 06:08:18,40.26843450647356,40.203734782374326,46.665888192430174,71.815,19.06505899680412,18.94232735211669,6.812521032568744,34.0,8.787760390726744,8.830506346597435,0.981276325258727,15.615
2026-10-11 06:23:18,40.271553248162014,40.20536937702482,46.6687584871399,71.82,19.06939387197373,18.94484552104691,6.813149045215411,34.005,8.787760390726744,8.830506346597435,0.981276325258727,15.615
2026-10-11 06:38:18,40.27723283703636,40.218752808695136,46.681112408659786,71.835,19.06939387197373,18.94484552104691,6.813149045215411,34.005,8.787760390726744,8.830506346597435,0.981276325258727,15.615
2026-10-11 06:53:18,40.28974253092234,40.23596075150929,46.69758182873437,71.86,19.078065136157715,18.951358819467835,6.81659258800359,34.02,8.79554432795963,8.837020203261027,0.9820324781610728,15.63
2026-10-11 07:08:18,40.30092213306057,40.252152011266965,46.716939977722454,71.89,19.083679128194202,18.95798777938496,6.8186191474794535,34.03,8.798476162701078,8.841871406069458,0.9823408801686994,15.635
2026-10-11 07:23:18,40.30378343189236,40.2534344534333,46.718554063207336,71.895,19.08995129873656,18.964570757784493,6.821320995041242,34.045,8.801220137819728,8.846702939192836,0.9828095540693786,15.64
2026-10-11 07:38:18,40.31913499524242,40.269664861143646,46.73999881747663,71.93,19.09238879944645,18.968466248028342,6.822749568781738,34.05,8.801220137819728,8.846702939192836,0.9828095540693786,15.64
2026-10-11 07:53:18,40.334362576691916,40.28411063152945,46.7615213172872,71.96,19.09238879944645,18.968466248028342,6.822749568781738,34.05,8.809137679541783,8.8513554793435,0.9831726623374147,15.65
2026-10-11 08:08:18,40.343704963670326,40.29167523112869,46.774908292636226,71.975,19.10459682868698,18.98506227035066,6.8286997439474275,34.08,8.809137679541783,8.8513554793435,0.9831726623374147,15.65
2026-10-11 08:23:18,40.353486246504595,40.302269200996626,46.784415265744364,71.995,19.110174510954707,18.990197844661942,6.830843021030994,34.09,8.809137679541783,8.8513554793435,0.9831726623374147,15.65
2026-10-11 08:38:18,40.36835340007546,40.317037699522444,46.796723245123964,72.02,19.117452215876593,18.996250849953725,6.833275010492379,34.1,8.813877309710135,8.854848493295197,0.9835017090370233,15.655
2026-10-11 08:53:18,40.36835340007546,40.317037699522444,46.796723245123964,72.02,19.117452215876593,18.996250849953725,6.833275010492379,34.1,8.82009451719474,8.85793049078157,0.9841114057165391,15.665
2026-10-11 09:08:18,40.38548121099296,40.33439686365184,46.81459635603753,72.05,19.120810341741713,19.002133434043664,6.834991481610304,34.11,8.82009451719474,8.85793049078157,0.9841114057165391,15.665
2026-10-11 09:23:18,40.394826198466006,40.34240626220975,46.823471606655424,72.07,19.123727758909933,19.005631147826183,6.835601556629569,34.115,8.82009451719474,8.85793049078157,0.9841114057165391,15.665
2026-10-11 09:38:18,40.406860662460446,40.350751306783096,46.83691324902351,72.09,19.148673269288928,19.034866268171108,6.843860050047356,34.16,8.826313303418972,8.868622628502226,0.985004752934401,15.68
2026-10-11 09:53:18,40.426419981973375,40.37571014361571,46.86857050057176,72.135,19.165052762825812,19.052921674377714,6.850733691459363,34.195,8.826313303418972,8.868622628502226,0.985004752934401,15.68
2026-10-11 10:08:18,40.471707202577704,40.42678152129223,46.922848451675975,72.23,19.177792058968638,19.06227255475507,6.854751085405193,34.215,8.839466397909694,8.878240265413021,0.9859749581845229,15.7
2026-10-11 10:23:18,40.50931678690488,40.46471887929408,46.97322688281776,72.305,19.209398100801263,19.097211560700753,6.8663746212853205,34.28,8.856204793284462,8.891523655849696,0.9872622576284313,15.72
2026-10-11 10:38:18,40.52699689327716,40.48992261281342,47.00612306201601,72.345,19.22919119013225,19.109493379964412,6.8708065252724895,34.305,8.865126194290086,8.90109302810651,0.9883612949816114,15.735
2026-10-11 10:53:18,40.574977209370935,40.544809869751525,47.060923587990864,72.43,19.24083567108911,19.127014539449622,6.876577704699286,34.335,8.876212659854282,8.912755997337653,0.9899189958395279,15.755
2026-10-11 11:08:18,40.62900416897961,40.60055532895758,47.1191520484172,72.525,19.27000252347239,19.155173848079333,6.886911964621466,34.39,8.885288316178592,8.917385909998446,0.9906205741917686,15.765
2026-10-11 11:23:18,40.67290561725241,40.63218713711075,47.16319855279134,72.595,19.303667717736587,19.181697857194067,6.896048954775076,34.435,8.891788547704252,8.923055462836738,0.9916109821517981,15.78
2026-10-11 11:38:18,40.693055698926685,40.64870449401489,47.18058376011912,72.63,19.313915692270914,19.19248025175856,6.901122989091958,34.46,8.89570557596797,8.926204098254484,0.9918386729221026,15.785
2026-10-11 11:53:18,40.72913275550892,40.67349022985217,47.21526646105278,72.68,19.327400484248546,19.20116212561159,6.903871280092979,34.475,8.899651218457148,8.927451897821827,0.9919884353486763,15.79
2026-10-11 12:08:18,40.73274259511718,40.67659446011466,47.217202550040575,72.685,19.34379150290763,19.21539261957059,6.909891406729042,34.5,8.90294709122923,8.932029236216467,0.9922885034659773,15.795
2026-10-11 12:23:18,40.75680326452476,40.69201113475045,47.241195001097374,72.725,19.353079408358116,19.22123859611964,6.913253180590625,34.515,8.904776105486361,8.933019437373694,0.9925580995241893,15.8
2026-10-11 12:38:18,40.80897857641446,40.740114866054356,47.29853572509577,72.82,19.373639404880215,19.23698123235245,6.919595838406615,34.55,8.913246941595265,8.938266011727475,0.9929466365050568,15.81
2026-10-11 12:53:18,40.87095422947229,40.78631459377743,47.362714869070516,72.91,19.39243875084887,19.252349725680975,6.9259428828179725,34.58,8.935694630635385,8.961332671450759,0.9961044966790968,15.855
2026-10-11 13:08:18,40.90863914654386,40.82887891056369,47.41573752882706,72.985,19.401095149200025,19.257988794784684,6.928235184679171,34.59,8.94588588591524,8.976390668753668,0.9972530609852884,15.875
2026-10-11 13:23:18,40.96537895350752,40.89875660226098,47.478809101997555,73.09,19.42382548654185,19.28459831126121,6.9345649722175065,34.625,8.951562554762836,8.983012963570728,0.9979031929069243,15.89
2026-10-11 13:38:18,41.007211037345,40.94630989509837,47.52612557074857,73.165,19.43510975358792,19.291578695093378,6.937317496569221,34.64,8.958243706995058,8.989278885269554,0.9991622573935971,15.905
2026-10-11 13:53:18,41.04521331165335,40.98638488370824,47.57782488999822,73.24,19.459893582954606,19.319818956767445,6.946389197171353,34.685,8.979876287138088,9.011835448736342,1.0009967090871867,15.94
2026-10-11 14:08:18,41.07056582392204,41.01311581418718,47.6014507006046,73.285,19.48111724467161,19.33952311920797,6.952648876457941,34.715,8.987820610266315,9.01846861567,1.0018141796993567,15.955
2026-10-11 14:23:18,41.10503607448625,41.057684818735865,47.64690716230804,73.355,19.505993815618705,19.36328860978212,6.962542188862656,34.76,9.004274487026331,9.033502512653175,1.0031210093920429,15.98
2026-10-11 14:38:18,41.137294908360374,41.093859874446615,47.69642772871321,73.43,19.526741997743,19.390018545852257,6.971803322148359,34.805,9.024909761744093,9.052879102119123,1.0059735610964047,16.02
2026-10-11 14:53:18,41.19775141655613,41.15401944649757,47.759801858618815,73.54,19.564870977504267,19.421893099024413,6.983834552665897,34.87,9.044206762207773,9.07160818342314,1.0079344024516428,16.05
2026-10-11 15:08:18,41.22740205959393,41.190836008938895,47.79555986619188,73.595,19.5815339552303,19.42939468829291,6.988814079624263,34.895,9.044206762207773,9.07160818342314,1.0079344024516428,16.05
2026-10-11 15:23:18,41.25439321087016,41.21714816601758,47.82918588776145,73.645,19.6023571175254,19.44888867206571,6.995005766965646,34.93,9.049726166089048,9.079521981695802,1.008269781190432,16.06
2026-10-11 15:38:18,41.29690125987884,41.252980414098595,47.872222145269056,73.715,19.607079526485343,19.45259589779527,6.996377154574063,34.935,9.052616236067053,9.08496661865302,1.0087420998987842,16.07
2026-10-11 15:53:18,41.32091681301796,41.27625576982606,47.897566846124406,73.76,19.624377533765283,19.466385320049916,7.000504647851679,34.965,9.060033988790194,9.09210613682649,1.0096480244483033,16.085
2026-10-11 16:08:18,41.35989103958526,41.309565554577475,47.94214711606505,73.82,19.645249852540793,19.495722136373185,7.007811313934398,35.005,9.063135413618982,9.09959184405469,1.0102463381013291,16.1
2026-10-11 16:23:18,41.41853157386598,41.3546179197907,47.99831904153961,73.915,19.66011819914741,19.511199828210398,7.014928006029926,35.035,9.0678844673515,9.107491514513953,1.0109063106611964,16.11
2026-10-11 16:38:18,41.48346702059026,41.428201264582086,48.07610098444096,74.03,19.711829372030234,19.55033221097465,7.03153713177728,35.115,9.086282279388275,9.125848246188898,1.013629652769381,16.15
2026-10-11 16:53:18,41.529538933682,41.47723402029309,48.133309834990214,74.11,19.72570664391059,19.566575273424043,7.037012117400109,35.145,9.094392089369064,9.138192734318553,1.014836266792188,16.165
2026-10-11 17:08:18,41.601699810920266,41.561666262259585,48.23028992958096,74.255,19.78679879105709,19.618127381972915,7.056603953964852,35.24,9.104569998071744,9.141464828268887,1.0158715825647362,16.18
2026-10-11 17:23:18,41.6646075392151,41.61741031405533,48.31037412521516,74.375,19.809328594614314,19.640759511702225,7.0646840025081925,35.285,9.113648397699128,9.152588977764196,1.0174420218170672,16.2
2026-10-11 17:38:18,41.71956373601895,41.6754954569667,48.3713513857946,74.47,19.83270239914568,19.664693038413464,7.071541793668445,35.325,9.142281734886646,9.183530416648914,1.020098576963188,16.245
2026-10-11 17:53:18,41.787204610511836,41.73798133956621,48.44846522122413,74.59,19.8696367571798,19.712101372880014,7.083971088442512,35.39,9.142281734886646,9.183530416648914,1.020098576963188,16.245
2026-10-11 18:08:18,41.86423033558171,41.80778944512487,48.52429033575855,74.71,19.90840271900936,19.75666417825438,7.09785796537877,35.46,9.149469526096222,9.189971922149178,1.0209636070810164,16.26
2026-10-11 18:23:18,41.88389833458295,41.824487422021996,48.54955199697618,74.745,19.923166002668122,19.767603186000553,7.103581892146248,35.485,9.158171965982872,9.196205141454852,1.0217226106241992,16.275
2026-10-11 18:38:18,41.93358925004553,41.86638460676912,48.593210431047076,74.81,19.940834841155482,19.789570930010257,7.114172531124499,35.535,9.171958755271584,9.206200967273189,1.0231717028383691,16.295
2026-10-11 18:53:18,41.94765103235375,41.87972268879184,48.60863516893577,74.83,19.94739078447549,19.794461163419946,7.116743116170476,35.545,9.182169081810596,9.214669447355893,1.0241064035337022,16.31
2026-10-11 19:08:18,41.97415587457168,41.909910898592265,48.639046848340456,74.88,19.975595735723985,19.818759402431184,7.125600959419227,35.59,9.192134919999132,9.226743968553343,1.0251681513596484,16.33
2026-10-11 19:23:18,42.08163247606339,42.01569688837418,48.76253607571236,75.07,20.030955241212677,19.873020885223212,7.142194757085248,35.68,9.218784299535756,9.254307405169042,1.0282467349548292,16.38
2026-10-11 19:38:18,42.144700843971734,42.08275494042345,48.81926047758839,75.165,20.064101451102974,19.90569077275506,7.153755608867674,35.735,9.242005633774339,9.270236448275755,1.0305724836923633,16.415
2026-10-11 19:53:18,42.21508325490839,42.144677107604814,48.89018481745281,75.275,20.104936483323872,19.95141206003705,7.167257162143328,35.805,9.25254528984111,9.28239287947489,1.0324026217164914,16.44
2026-10-11 20:08:18,42.32994177238937,42.24581037509577,49.00353569165907,75.445,20.13425120571892,19.97859554087021,7.17509471488433,35.845,9.26653913510464,9.290577288049986,1.033861919348418,16.46
2026-10-11 20:23:18,42.40123265275223,42.315410068006784,49.07996197029563,75.565,20.161996258039217,20.010279030951136,7.183851479403853,35.89,9.287539095225348,9.317567078212514,1.0368907586340317,16.505
2026-10-11 20:38:18,42.54536576493455,42.46891691696203,49.24392204622611,75.82,20.232004294462808,20.079558655057735,7.2073539860403715,36.01,9.296918236653193,9.322401833052483,1.0380122704525856,16.52
2026-10-11 20:53:18,42.64932154975608,42.5802071417456,49.37473390070167,76.025,20.276119345475223,20.124205600675023,7.221433704994782,36.085,9.316486660791526,9.336966936583927,1.0396743678157367,16.55
2026-10-11 21:08:18,42.78844513633009,42.7204620189806,49.533779923441635,76.275,20.32371371328036,20.167095976982925,7.2360275582677644,36.165,9.3254041502063,9.344682915948502,1.0408026364104312,16.565
2026-10-11 21:23:18,42.87015359784267,42.81264651791366,49.64273070363978,76.44,20.36982120027611,20.204870313832913,7.25388083234946,36.24,9.349606243594636,9.369807533985895,1.0442738834428718,16.615
2026-10-11 21:38:18,42.970975473518216,42.91052137881371,49.75658310906633,76.615,20.408359898330847,20.239068156005196,7.269512155041956,36.315,9.37741867340268,9.38980833591422,1.0480723597738903,16.665
2026-10-11 21:53:18,43.064479816873245,43.03166869863206,49.89095235150525,76.81,20.474429808645457,20.30742335534583,7.292081758810157,36.435,9.393586893515122,9.403106858674432,1.049912195288184,16.69
2026-10-11 22:08:18,43.156108407600414,43.11039216363074,49.98731870214623,76.965,20.493964284277588,20.33000528034519,7.298960075997911,36.47,9.402964444981148,9.414567830044323,1.051082017210302,16.71
2026-10-11 22:23:18,43.221402191913946,43.17049227879868,50.05602190499913,77.07,20.539704223089913,20.364963356427733,7.313971687634302,36.54,9.42009631345441,9.430679035367335,1.0530267736271022,16.74
2026-10-11 22:38:18,43.34630910330567,43.297593401499476,50.19569437408452,77.295,20.569112766391104,20.404267876855574,7.326713374437358,36.605,9.454933255876545,9.462353887004967,1.0564433734859076,16.805
2026-10-11 22:53:18,43.45415313040266,43.41127452935883,50.30421607039605,77.48,20.619328834575818,20.447154603982064,7.341440481503781,36.685,9.484574058875586,9.49079042077086,1.0598072940618821,16.85
2026-10-11 23:08:18,43.508228370176816,43.46882065636821,50.36981544112763,77.58,20.67287854379772,20.495315429144053,7.358206044130571,36.77,9.497282803718031,9.505976609467178,1.06112530890096,16.875
2026-10-11 23:23:18,43.63295189709091,43.587358343122155,50.51841394285776,77.805,20.773036340397574,20.580229463470065,7.389987501878236,36.93,9.5186702434614,9.533704851402033,1.063725993509442,16.915
2026-10-11 23:38:18,43.75916511573895,43.71788941598693,50.6655472696182,78.04,20.83721586900123,20.629381532930605,7.407882028218845,37.02,9.551674614502325,9.568914480336408,1.0673978568117855,16.975
2026-10-11 23:53:18,43.88501085457931,43.843028299180716,50.81958003608177,78.265,20.88197394408888,20.667904444559117,7.425522163502077,37.1,9.561411882882435,9.580401768986865,1.0683936125219138,16.995
2026-10-12 00:08:18,43.985087904709836,43.942853707936436,50.93576237028803,78.43,20.945999811465647,20.72706529441213,7.447293051705555,37.205,9.58830730258621,9.60790883634666,1.070872978053561,17.04
2026-10-12 00:23:18,44.089837325907574,44.05622237258003,51.051785832091234,78.625,20.96571381148453,20.7467364190841,7.45633402265217,37.25,9.604627810820833,9.623136742594244,1.0729524655750615,17.065
2026-10-12 00:38:18,44.221581946524424,44.198693246591745,51.21520019747316,78.87,21.036638610506774,20.826087518296134,7.4835028514168895,37.39,9.63051050715478,9.649283007708512,1.0753248536152755,17.11
2026-10-12 00:53:18,44.35310823156455,44.30041896845047,51.358587388066915,79.09,21.096651337242076,20.89298377242091,7.503668145716376,37.495,9.660240601914365,9.681176784359316,1.0793244444899912,17.175
2026-10-12 01:08:18,44.4572019541514,44.40483710904655,51.47433790168939,79.27,21.144893379240486,20.944942705777212,7.525057161444328,37.59,9.683254395954785,9.699736079944572,1.0813453208352888,17.21
2026-10-12 01:23:18,44.54641420988246,44.5002713095428,51.57710066429036,79.435,21.177518109802783,20.984586571376543,7.5377724646443065,37.655,9.70050026172429,9.716650401241342,1.082585971350704,17.235
2026-10-12 01:38:18,44.58540804552526,44.53917473299415,51.626480698657524,79.505,21.194227608825937,20.996438807840864,7.543635940399822,37.685,9.711882521190867,9.725893674476145,1.0836659229588377,17.25
2026-10-12 01:53:18,44.65202743174619,44.589742066599186,51.69670662183278,79.61,21.208883506960536,21.007110565663314,7.548496775255284,37.71,9.711882521190867,9.725893674476145,1.0836659229588377,17.25
2026-10-12 02:08:18,44.71863040120474,44.64835970742035,51.7659182867817,79.72,21.22644649105387,21.028901477908263,7.556329490842271,37.75,9.717306931041854,9.733050612081605,1.0841075613992825,17.26
2026-10-12 02:23:18,44.74407794100876,44.67899861129772,51.80145452064803,79.775,21.243949226282165,21.03862359552411,7.56067219789347,37.775,9.721037639481272,9.734853171207295,1.0842852640489198,17.265
2026-10-12 02:38:18,44.77110221980949,44.69943493027181,51.83342249610037,79.83,21.255729989363147,21.050537060050644,7.563644041530573,37.795,9.724406275210395,9.737726332037836,1.0847430775116962,17.27
2026-10-12 02:53:18,44.81638245217258,44.732429764646,51.88001143207496,79.9,21.265156406889258,21.06160479693849,7.566774218036617,37.815,9.735152712947782,9.745656451492478,1.0853246294810692,17.285
2026-10-12 03:08:18,44.86696998521301,44.78772388374763,51.935590026824414,79.985,21.271487383651795,21.07100810207728,7.570915532520924,37.83,9.73675100481939,9.75052262359423,1.0855959793400167,17.29
2026-10-12 03:23:18,44.894387730369985,44.816940395716095,51.9680160257425,80.035,21.28055911351965,21.077834772884557,7.5736899669958655,37.845,9.73675100481939,9.75052262359423,1.0855959793400167,17.29
2026-10-12 03:38:18,44.910944609502565,44.829998131196966,51.98373892524867,80.06,21.282244733125264,21.082550181286525,7.574769317986351,37.85,9.738659605937213,9.75495799983629,1.0860312025270735,17.295
2026-10-12 03:53:18,44.910944609502565,44.829998131196966,51.98373892524867,80.06,21.282244733125264,21.082550181286525,7.574769317986351,37.85,9.738659605937213,9.75495799983629,1.0860312025270735,17.295
2026-10-12 04:08:18,44.91472000648958,44.832717085472645,51.988225902459554,80.065,21.282244733125264,21.082550181286525,7.574769317986351,37.85,9.738659605937213,9.75495799983629,1.0860312025270735,17.295
2026-10-12 04:23:18,44.92404551722851,44.845211146496396,51.99637527469079,80.085,21.28297197633925,21.083293503691316,7.576004893780315,37.855,9.738659605937213,9.75495799983629,1.0860312025270735,17.295
2026-10-12 04:38:18,44.92636999125927,44.84612582926305,51.999930116931935,80.09,21.28297197633925,21.083293503691316,7.576004893780315,37.855,9.738659605937213,9.75495799983629,1.0860312025270735,17.295
2026-10-12 04:53:18,44.931789072501815,44.85597597615324,52.01148634635536,80.105,21.288016387105223,21.089861532575913,7.578738477727544,37.87,9.741557800439796,9.75862135823586,1.0861709699339963,17.3
2026-10-12 05:08:18,44.94641714172373,44.86745134090485,52.033669584161025,80.135,21.288016387105223,21.089861532575913,7.578738477727544,37.87,9.741557800439796,9.75862135823586,1.0861709699339963,17.3
2026-10-12 05:23:18,44.95764650272235,44.87847605755766,52.0436809530331,80.15,21.293657343747167,21.096430997702477,7.58115451207952,37.885,9.741557800439796,9.75862135823586,1.0861709699339963,17.3
2026-10-12 05:38:18,44.95907492311473,44.881782378549445,52.04565055566065,80.155,21.293657343747167,21.096430997702477,7.58115451207952,37.885,9.741557800439796,9.75862135823586,1.0861709699339963,17.3
2026-10-12 05:53:18,44.95907492311473,44.881782378549445,52.04565055566065,80.155,21.29862054908304,21.10196548765419,7.583124782589942,37.895,9.741557800439796,9.75862135823586,1.0861709699339963,17.3
2026-10-12 06:08:18,44.98146603499704,44.89222353805247,52.061773391132704,80.185,21.307558489181147,21.10817642466629,7.585438331819336,37.91,9.741557800439796,9.75862135823586,1.0861709699339963,17.3
2026-10-12 06:23:18,44.990221827962785,44.89469648717874,52.06795159277988,80.195,21.31059056644144,21.1110781599628,7.586058934756708,37.915,9.741557800439796,9.75862135823586,1.0861709699339963,17.3
2026-10-12 06:38:18,45.000317434099486,44.89947176954208,52.075528767166276,80.21,21.31059056644144,21.1110781599628,7.586058934756708,37.915,9.741557800439796,9.75862135823586,1.0861709699339963,17.3
2026-10-12 06:53:18,45.0047707849269,44.901796381677045,52.07730414279607,80.215,21.316099439434275,21.116872221208524,7.588862003771142,37.925,9.741557800439796,9.75862135823586,1.0861709699339963,17.3
2026-10-12 07:08:18,45.0047707849269,44.901796381677045,52.07730414279607,80.215,21.316099439434275,21.116872221208524,7.588862003771142,37.925,9.741557800439796,9.75862135823586,1.0861709699339963,17.3
2026-10-12 07:23:18,45.00864881947741,44.90492185138602,52.08153159782822,80.22,21.32372719689459,21.120265510303003,7.590894270810334,37.935,9.749514258182623,9.763212687919225,1.0865645674178572,17.31
2026-10-12 07:38:18,45.03936767238682,44.92791889981801,52.11350197879211,80.265,21.32372719689459,21.120265510303003,7.590894270810334,37.935,9.75095325710164,9.764047753412381,1.0868006860851778,17.315
2026-10-12 07:53:18,45.051493289225235,44.94008902056247,52.12685999437011,80.285,21.32649039563581,21.122556368159316,7.591962038195066,37.94,9.75095325710164,9.764047753412381,1.0868006860851778,17.315
2026-10-12 08:08:18,45.05571126391938,44.94498181242655,52.13314991721106,80.295,21.33087845215875,21.12658162646668,7.592714505150083,37.945,9.75095325710164,9.764047753412381,1.0868006860851778,17.315
2026-10-12 08:23:18,45.06771893172273,44.96456329669698,52.15009327143599,80.32,21.33087845215875,21.12658162646668,7.592714505150083,37.945,9.75095325710164,9.764047753412381,1.0868006860851778,17.315
2026-10-12 08:38:18,45.078681393050566,44.97501250471122,52.16361345695334,80.34,21.332412649298234,21.13102925705816,7.593634604663319,37.95,9.75095325710164,9.764047753412381,1.0868006860851778,17.315
2026-10-12 08:53:18,45.08979836625521,44.98774599062813,52.17506921894383,80.36,21.334856028917663,21.134838986040307,7.594592405997742,37.955,9.75095325710164,9.764047753412381,1.0868006860851778,17.315
2026-10-12 09:08:18,45.09102326023302,44.98996035519528,52.17818307607172,80.365,21.336128237247838,21.136464819601485,7.595295188182106,37.96,9.75095325710164,9.764047753412381,1.0868006860851778,17.315
2026-10-12 09:23:18,45.10097524002303,45.00025522282473,52.18808816319185,80.38,21.336128237247838,21.136464819601485,7.595295188182106,37.96,9.75095325710164,9.764047753412381,1.0868006860851778,17.315
2026-10-12 09:38:18,45.139391924136305,45.04404665149153,52.23593302771789,80.45,21.34077188631959,21.139887631127863,7.596419833929637,37.965,9.754631197358748,9.768482132192226,1.0871167983418386,17.32
2026-10-12 09:53:18,45.16485900237267,45.06323729795413,52.26545186975869,80.49,21.349558177085967,21.149962640413797,7.599462991223953,37.98,9.754631197358748,9.768482132192226,1.0871167983418386,17.32
2026-10-12 10:08:18,45.18543155768361,45.08506586222026,52.299086352229786,80.53,21.35887424001682,21.170638715869504,7.605861963114015,38.01,9.762632668457993,9.776839113973429,1.088039125004298,17.335
2026-10-12 10:23:18,45.20452097333735,45.10670134469902,52.32921970769162,80.57,21.36891198316501,21.178947244623576,7.608953466897615,38.025,9.772969916592755,9.7844552946522,1.088955177562467,17.35
2026-10-12 10:38:18,45.22940221639996,45.13224653298159,52.359340616422024,80.615,21.383817905523628,21.197388301155694,7.616143585288183,38.06,9.786417575677337,9.80062925226538,1.090276175060298,17.375
2026-10-12 10:53:18,45.25527395437858,45.15528683601444,52.38928895537047,80.66,21.39264015485088,21.207958216948946,7.619225004345807,38.075,9.793240314631174,9.809334577790054,1.0910660204368803,17.39
2026-10-12 11:08:18,45.277987408028096,45.1777127281489,52.41461534077723,80.7,21.40631828734303,21.221106884989975,7.622965166182075,38.095,9.797048498444665,9.810047388434608,1.0912226925569006,17.395
2026-10-12 11:23:18,45.28012952385942,45.180541078140536,52.41753542372804,80.705,21.40631828734303,21.221106884989975,7.622965166182075,38.095,9.798117921998996,9.810720715923015,1.09139771092541,17.4
2026-10-12 11:38:18,45.29934486284134,45.19790607748126,52.43402298709764,80.735,21.417539217301087,21.22609082589071,7.625305600423118,38.11,9.798117921998996,9.810720715923015,1.09139771092541,17.4
2026-10-12 11:53:18,45.3196888720343,45.219944762581804,52.45416829457236,80.765,21.422636941057235,21.23069371610221,7.62672880371043,38.12,9.798117921998996,9.810720715923015,1.09139771092541,17.4
2026-10-12 12:08:18,45.355487692442914,45.2550256918708,52.49773490050489,80.83,21.432071032403606,21.244392259836676,7.630020635565344,38.14,9.800580442471848,9.812599893228914,1.0916278620992688,17.405
2026-10-12 12:23:18,45.363557965289495,45.26341347170663,52.50848146915717,80.845,21.434994882072928,21.24599970446792,7.631246268937522,38.145,9.80491385347656,9.81382142223038,1.091793203895473,17.41
2026-10-12 12:38:18,45.39429946934424,45.28973068112617,52.536868489458705,80.895,21.44868448420091,21.261328471148953,7.63617286132189,38.17,9.817817860617348,9.821272703472438,1.0930185607395226,17.43
2026-10-12 12:53:18,45.40472803928902,45.302323258480584,52.54796804956351,80.915,21.46262167356363,21.285721501891565,7.642428244331912,38.2,9.817817860617348,9.821272703472438,1.0930185607395226,17.43
2026-10-12 13:08:18,45.43363594390207,45.340038486858,52.59591128121049,80.98,21.480048183115695,21.310997930515228,7.650899071268706,38.235,9.828812546538883,9.830426640910549,1.0944110141838426,17.45
2026-10-12 13:23:18,45.475344263622105,45.372120009109274,52.64058906733763,81.05,21.501344702198836,21.33349665362198,7.658378445669224,38.275,9.837511813124097,9.840741457491788,1.0957369712035978,17.465
2026-10-12 13:38:18,45.49308531776082,45.384617604404944,52.65796713465486,81.08,21.52359860743466,21.35189593920132,7.665215862418081,38.31,9.846285840362883,9.846408004381098,1.0967573790205245,17.48
2026-10-12 13:53:18,45.51555629232995,45.40443643670006,52.69429204316597,81.13,21.534498766411822,21.363524793479943,7.66943987347599,38.33,9.846285840362883,9.846408004381098,1.0967573790205245,17.48
2026-10-12 14:08:18,45.542366447343674,45.43457351947379,52.73350630484252,81.185,21.54861815733307,21.375121752396907,7.674374129781769,38.35,9.854452018879345,9.852037200203156,1.0976349115792114,17.495
2026-10-12 14:23:18,45.58416258750779,45.46708501528004,52.77967947730113,81.25,21.58171352107579,21.406300397155327,7.686317013821936,38.405,9.858343860970132,9.852704449761994,1.0980516036469867,17.5
2026-10-12 14:38:18,45.610448671570104,45.486032846078416,52.79571389331009,81.285,21.602555666166687,21.42565345547667,7.694384469045046,38.44,9.858343860970132,9.852704449761994,1.0980516036469867,17.5
2026-10-12 14:53:18,45.65443209932459,45.529222852496815,52.84333133016256,81.36,21.616054630691448,21.442017251760454,7.699728965389892,38.465,9.88145627237705,9.870881857815741,1.1004264849424936,17.535
2026-10-12 15:08:18,45.68205225052085,45.5545618918486,52.87250873903074,81.4,21.64869508876555,21.481016463705966,7.70978196509872,38.52,9.888796612496604,9.874437269939493,1.100819422180903,17.545
2026-10-12 15:23:18,45.71867383980114,45.58909638682399,52.91597201782385,81.465,21.659953813271542,21.493862510567585,7.713225442698689,38.54,9.895567177766706,9.880649116491295,1.101282493098095,17.555
2026-10-12 15:38:18,45.76298078588069,45.63757446952736,52.9653250845555,81.545,21.68502209770093,21.51717797170303,7.720932286271983,38.575,9.912705302884273,9.895151816727573,1.103474364738293,17.58
2026-10-12 15:53:18,45.78874036688252,45.666759952840216,52.99986725877667,81.6,21.702602618869825,21.530967773154362,7.726462896277238,38.605,9.918141715015985,9.899618827916708,1.1041012406889072,17.59
2026-10-12 16:08:18,45.85215116709289,45.72471067220757,53.07516479114107,81.715,21.72055235467093,21.55145886181642,7.734286535129823,38.645,9.926793472247027,9.91883081902528,1.105682169939755,17.615
2026-10-12 16:23:18,45.93661218659671,45.80877916014254,53.18304173482564,81.885,21.752414463566133,21.57085921324641,7.741283332860637,38.69,9.949580128272293,9.942572856500734,1.1085170274123042,17.66
2026-10-12 16:38:18,45.97998852369838,45.8528800862238,53.23138313913652,81.96,21.765246544058453,21.588426863678034,7.745869911634442,38.715,9.950783451601692,9.94334700870934,1.108692545189,17.665
2026-10-12 16:53:18,46.04940661744295,45.91362466990251,53.307760435024555,82.085,21.795328584297298,21.6212640987107,7.757348412939943,38.765,9.965824072190324,9.95486934257081,1.110397852884253,17.695
2026-10-12 17:08:18,46.08394384645495,45.95539545504446,53.361295558228676,82.165,21.81711577133387,21.64925475634513,7.766781720339122,38.81,9.975613701939666,9.962928511865822,1.1112259862183589,17.71
2026-10-12 17:23:18,46.12683069569902,46.001368487221484,53.41397838334159,82.24,21.838284262465088,21.67521845084047,7.775798048835622,38.855,9.991457422367995,9.978864285545294,1.1129444140578744,17.74
2026-10-12 17:38:18,46.161587423238686,46.04535285994411,53.46003200887134,82.315,21.85184492499163,21.686263839616203,7.780193777752462,38.875,10.00306495565816,9.995145503151788,1.1146186983363329,17.765
2026-10-12 17:53:18,46.191748912516815,46.076300329643175,53.489141444687036,82.365,21.85703611846258,21.693330765841907,7.78185369075627,38.885,10.012792379707815,10.008539567756046,1.1157372116593058,17.785
2026-10-12 18:08:18,46.23601459841556,46.12865248909873,53.53855386485263,82.44,21.888061118977202,21.72296525354085,7.795932822243271,38.94,10.01858544518066,10.01188266140355,1.1163141471844589,17.795
2026-10-12 18:23:18,46.248346047202965,46.137968031301654,53.54808265493329,82.455,21.902393492479526,21.73385730593228,7.799274767850824,38.96,10.0235263063587,10.016046241126096,1.1165447231935242,17.8
2026-10-12 18:38:18,46.29192530239768,46.17987609728314,53.60533311311146,82.54,21.935113030030838,21.75390359696921,7.807648678439422,39.0,10.034778431915406,10.030165978218912,1.1176320169283154,17.82
2026-10-12 18:53:18,46.31956945205174,46.20457069850923,53.636469507912146,82.585,21.94917178619076,21.7672410037011,7.81386090968201,39.03,10.042310969295974,10.032800330756167,1.1182778410201584,17.83
2026-10-12 19:08:18,46.36059932428546,46.26162348486526,53.700712629769754,82.67,21.969378131311394,21.7889715879408,7.822137346897846,39.07,10.061310186607132,10.04897297126147,1.1200226021392627,17.86
2026-10-12 19:23:18,46.414958276194085,46.31414425403728,53.75931343922768,82.76,21.98468953155436,21.809507269463847,7.829773727092221,39.105,10.069502949403464,10.06183890557563,1.121150412157698,17.875
2026-10-12 19:38:18,46.448438187366534,46.33922946821482,53.78920943499388,82.805,21.98949384610712,21.814859633061292,7.831325825501844,39.115,10.084667040592906,10.073135859897167,1.1223636578818657,17.895
2026-10-12 19:53:18,46.48713874706257,46.386042938136896,53.83815426673266,82.885,21.999184875857278,21.821449807661594,7.835058860202673,39.13,10.086974156211095,10.076939916579004,1.1227457646777887,17.9
2026-10-12 20:08:18,46.55899791246096,46.45222266627655,53.924294679622804,83.01,22.00997400267379,21.84093607058137,7.841053057566082,39.16,10.088676905019183,10.083487009684045,1.1234456049298562,17.91
2026-10-12 20:23:18,46.601373337894806,46.498392726523164,53.96401123551833,83.075,22.031180177286586,21.860800969555957,7.849097369450256,39.2,10.095716062903412,10.091719854924587,1.124525925192967,17.925
2026-10-12 20:38:18,46.66413458457962,46.55940691458105,54.03827317211274,83.185,22.05058071124447,21.89185473750552,7.858007314585437,39.24,10.09943699461752,10.09652919679833,1.1249751416046245,17.93
2026-10-12 20:53:18,46.71228236335337,46.61367302401543,54.10574708906287,83.285,22.081466273594593,21.909306711520564,7.864980848212425,39.28,10.112538840511569,10.107738240366206,1.125929252953256,17.95
2026-10-12 21:08:18,46.757454153663055,46.6586746281278,54.155915166407524,83.37,22.10326316149891,21.936275581695988,7.873968961066155,39.325,10.126760970022383,10.126599259932837,1.12735760779995,17.975
2026-10-12 21:23:18,46.78981146035325,46.696015172725296,54.20087024134094,83.43,22.125013651499856,21.951146577456985,7.880729050078847,39.36,10.13260343204666,10.133396591573923,1.1285514457828019,17.99
2026-10-12 21:38:18,46.81261836853639,46.72074591442947,54.231240092584024,83.475,22.150980246300616,21.98471834025356,7.8918322070024285,39.415,10.151378032036142,10.143219149626725,1.1298554782246277,18.015
2026-10-12 21:53:18,46.863979865298354,46.773232106787034,54.285223012427984,83.56,22.177771124945,22.009933117014945,7.902576787038712,39.465,10.167509934508223,10.157910470160646,1.1314896558325915,18.04
2026-10-12 22:08:18,46.93768626893278,46.83943910129417,54.3757804520268,83.69,22.217637199324564,22.04710255771443,7.911184193581653,39.52,10.189788898540707,10.184254250028273,1.1338842044424726,18.085
2026-10-12 22:23:18,47.006834104886465,46.903033009321035,54.44934572327461,83.8,22.238011945085205,22.070246054442666,7.918291364648104,39.555,10.202862957074434,10.193841913049198,1.1352294489730974,18.105
2026-10-12 22:38:18,47.05256137531488,46.95369083732242,54.50193524232796,83.88,22.256788992570804,22.091245306547656,7.923918218738926,39.585,10.215343448164552,10.209699932064176,1.1368528716940312,18.13
2026-10-12 22:53:18,47.11117248544127,47.010336518895414,54.563284174833704,83.98,22.281821314797526,22.12368261818845,7.934291386635153,39.635,10.217248047900759,10.211359574112857,1.1371124751881239,18.135
2026-10-12 23:08:18,47.16247615014615,47.064223011623696,54.621157339822624,84.075,22.30100023637141,22.149139167990196,7.942691780569142,39.675,10.225953133370831,10.225774513723076,1.1383391317698828,18.155
2026-10-12 23:23:18,47.214605401252946,47.10932628221664,54.666984652872536,84.155,22.31432656595688,22.166021366508964,7.948281069424547,39.7,10.249976240864846,10.257576130527156,1.141229428085632,18.205
2026-10-12 23:38:18,47.260487268650245,47.1603762190818,54.71238197946773,84.23,22.327387285051238,22.181311145670527,7.953522416367543,39.725,10.265082531020544,10.269487412804304,1.1425321394778538,18.225
2026-10-12 23:53:18,47.31220729251779,47.20782051852994,54.75925574254909,84.315,22.349736613583534,22.200849851380962,7.961976969374739,39.765,10.276647473254336,10.28613892575222,1.1436926389789677,18.25
2026-10-13 00:08:18,47.34312789936865,47.23522751278193,54.79415656886869,84.37,22.36380106547579,22.215087572322933,7.967561456899371,39.79,10.291655734966394,10.296383635430153,1.1452719474262882,18.27
2026-10-13 00:23:18,47.36941583795909,47.26313534753498,54.82705034934051,84.415,22.374752675996035,22.226734631900353,7.972120448986027,39.81,10.31448826849599,10.316993171177478,1.147933789944083,18.305
2026-10-13 00:38:18,47.40954392044416,47.314624677160424,54.87632146534687,84.495,22.393298174395824,22.240655872574617,7.9776105829771815,39.835,10.31873450572844,10.321464973847567,1.1485647000972852,18.315
2026-10-13 00:53:18,47.43464932063842,47.34432752406581,54.90938435966564,84.545,22.405579466301127,22.25326567758423,7.982107759980196,39.855,10.320438851113694,10.324909547321793,1.1487188733861011,18.32
2026-10-13 01:08:18,47.486926217406456,47.41366700155903,54.98858195352131,84.655,22.433736756390278,22.27495277215586,7.992532938573459,39.91,10.342191065140181,10.338830465686438,1.1504835947160308,18.35
2026-10-13 01:23:18,47.553528474870454,47.48126871692551,55.056336622026166,84.765,22.448191616500203,22.290090944225113,7.997806684205469,39.93,10.35245058892668,10.354210217214437,1.1519905372075752,18.37
2026-10-13 01:38:18,47.56699835428641,47.498481676686495,55.07235984102564,84.79,22.448191616500203,22.290090944225113,7.997806684205469,39.93,10.35245058892668,10.354210217214437,1.1519905372075752,18.37
2026-10-13 01:53:18,47.60916158453925,47.54044430143919,55.11438708273509,84.855,22.4532250420364,22.29539350590303,8.000037739250867,39.94,10.3625426040473,10.363027016142523,1.153097027733178,18.385
2026-10-13 02:08:18,47.643498102872094,47.57713296982221,55.156936812011125,84.92,22.46827506479359,22.306676062609586,8.004068031598871,39.96,10.372354825897885,10.373357417820886,1.1539393931337893,18.4
2026-10-13 02:23:18,47.65907169260326,47.59605309727468,55.174303745639506,84.95,22.472454913432138,22.312217178503893,8.006048677952746,39.97,10.373627420392253,10.374433435361876,1.1542198610193084,18.405
2026-10-13 02:38:18,47.67748726776376,47.60751238056012,55.19218141795748,84.98,22.472454913432138,22.312217178503893,8.006048677952746,39.97,10.37502305057007,10.376590965967237,1.1544053367951075,18.41
2026-10-13 02:53:18,47.685760805875475,47.61560941916415,55.20126680766461,84.995,22.480208962752354,22.321248962707756,8.009932776284815,39.985,10.37502305057007,10.376590965967237,1.1544053367951075,18.41
2026-10-13 03:08:18,47.69240179422347,47.62413280617142,55.208215259541184,85.005,22.48590736436602,22.327578545180902,8.012149440505228,39.995,10.37859424887556,10.380129617210361,1.1548926237535881,18.415
2026-10-13 03:23:18,47.71538302862165,47.64568984638558,55.240058138456604,85.055,22.486975629379984,22.330502239836495,8.013609255830499,40.0,10.37859424887556,10.380129617210361,1.1548926237535881,18.415
2026-10-13 03:38:18,47.71834587583514,47.64967766488377,55.24820104738365,85.065,22.486975629379984,22.330502239836495,8.013609255830499,40.0,10.37859424887556,10.380129617210361,1.1548926237535881,18.415
2026-10-13 03:53:18,47.72643760487998,47.65926426450757,55.263404370141956,85.085,22.486975629379984,22.330502239836495,8.013609255830499,40.0,10.383339200723334,10.380815007550044,1.1551006403631248,18.42
2026-10-13 04:08:18,47.72643760487998,47.65926426450757,55.263404370141956,85.085,22.49187840044916,22.331596616759473,8.015084076244632,40.005,10.383339200723334,10.380815007550044,1.1551006403631248,18.42
2026-10-13 04:23:18,47.74143464093871,47.670913370483966,55.278702318844516,85.11,22.498458237239813,22.334423826869013,8.016533622165143,40.015,10.383339200723334,10.380815007550044,1.1551006403631248,18.42
2026-10-13 04:38:18,47.744612389992724,47.67357225249351,55.28208822765,85.115,22.498458237239813,22.334423826869013,8.016533622165143,40.015,10.383339200723334,10.380815007550044,1.1551006403631248,18.42
2026-10-13 04:53:18,47.75203494333651,47.68259921052941,55.29157506078945,85.13,22.501161688373568,22.338747857896347,8.017335035251955,40.02,10.383339200723334,10.380815007550044,1.1551006403631248,18.42
2026-10-13 05:08:18,47.75581598260859,47.68389860750363,55.29601685518555,85.135,22.501161688373568,22.338747857896347,8.017335035251955,40.02,10.383339200723334,10.380815007550044,1.1551006403631248,18.42
2026-10-13 05:23:18,47.75881352102282,47.684941097625554,55.30068979433286,85.14,22.502361728618595,22.34315764583391,8.018740712730965,40.025,10.383339200723334,10.380815007550044,1.1551006403631248,18.42
2026-10-13 05:38:18,47.76322835083706,47.68630496445395,55.30326820888562,85.145,22.504270722335615,22.347272259112074,8.020153812170843,40.03,10.383339200723334,10.380815007550044,1.1551006403631248,18.42
2026-10-13 05:53:18,47.77140599570602,47.690912507594405,55.30973319557246,85.155,22.504270722335615,22.347272259112074,8.020153812170843,40.03,10.383339200723334,10.380815007550044,1.1551006403631248,18.42
2026-10-13 06:08:18,47.7852606074616,47.70406756716595,55.325492361893076,85.175,22.50936162973406,22.352557656290998,8.021926439556935,40.04,10.383339200723334,10.380815007550044,1.1551006403631248,18.42
2026-10-13 06:23:18,47.79866787681165,47.711106557589304,55.338351893603964,85.195,22.50936162973406,22.352557656290998,8.021926439556935,40.04,10.383339200723334,10.380815007550044,1.1551006403631248,18.42
2026-10-13 06:38:18,47.80828113771436,47.72126277978339,55.34861872784241,85.21,22.513758400256297,22.354573474373282,8.02318266689735,40.045,10.383339200723334,10.380815007550044,1.1551006403631248,18.42
2026-10-13 06:53:18,47.82321719273283,47.73311967835533,55.36269989884542,85.23,22.513758400256297,22.354573474373282,8.02318266689735,40.045,10.383339200723334,10.380815007550044,1.1551006403631248,18.42
2026-10-13 07:08:18,47.836744627164,47.74741273306341,55.376795387935644,85.255,22.513758400256297,22.354573474373282,8.02318266689735,40.045,10.383339200723334,10.380815007550044,1.1551006403631248,18.42
2026-10-13 07:23:18,47.837811242293675,47.750002566843754,55.37868922678503,85.26,22.515090538608085,22.35846718219996,8.023976645855756,40.05,10.383339200723334,10.380815007550044,1.1551006403631248,18.42
2026-10-13 07:38:18,47.841405994021656,47.751220327960034,55.38121496956406,85.265,22.516737155781765,22.362103028262197,8.025390408104922,40.055,10.386936595452534,10.38524320242458,1.1554245677464843,18.425
2026-10-13 07:53:18,47.84430136136692,47.756006802080734,55.38538909030754,85.275,22.521165837881675,22.36348053961744,8.026001492494865,40.06,10.386936595452534,10.38524320242458,1.1554245677464843,18.425
2026-10-13 08:08:18,47.85968232944643,47.77184713392735,55.40074733687375,85.3,22.52408359657796,22.3659914199777,8.026551407373779,40.065,10.388779701463815,10.386711117978656,1.1557531616880532,18.43
2026-10-13 08:23:18,47.86390795521586,47.778735289804864,55.40810188149004,85.315,22.52408359657796,22.3659914199777,8.026551407373779,40.065,10.388779701463815,10.386711117978656,1.1557531616880532,18.43
2026-10-13 08:38:18,47.86843245066962,47.782945756456485,55.412737714371225,85.32,22.525207468886894,22.367636630802046,8.027601792258166,40.07,10.388779701463815,10.386711117978656,1.1557531616880532,18.43
2026-10-13 08:53:18,47.86843245066962,47.782945756456485,55.412737714371225,85.32,22.525207468886894,22.367636630802046,8.027601792258166,40.07,10.388779701463815,10.386711117978656,1.1557531616880532,18.43
2026-10-13 09:08:18,47.87129169824661,47.785218683318156,55.41442302032879,85.325,22.525207468886894,22.367636630802046,8.027601792258166,40.07,10.388779701463815,10.386711117978656,1.1557531616880532,18.43
2026-10-13 09:23:18,47.876398446945906,47.79148255015699,55.42138011107782,85.335,22.525207468886894,22.367636630802046,8.027601792258166,40.07,10.388779701463815,10.386711117978656,1.1557531616880532,18.43
2026-10-13 09:38:18,47.89436204015531,47.80679827349522,55.43696914099471,85.36,22.533612029370023,22.37736135243682,8.030538416606607,40.085,10.388779701463815,10.386711117978656,1.1557531616880532,18.43
2026-10-13 09:53:18,47.909597067154685,47.828789561614734,55.460517255014175,85.395,22.539162174821076,22.386013664103128,8.033184779251542,40.1,10.388779701463815,10.386711117978656,1.1557531616880532,18.43
2026-10-13 10:08:18,47.94187887704282,47.852754015663166,55.487812543944464,85.44,22.539162174821076,22.386013664103128,8.033184779251542,40.1,10.39654434009907,10.393024651369316,1.1564373370157075,18.44
2026-10-13 10:23:18,47.963973985552215,47.87897608147333,55.51439135747395,85.485,22.548788169433337,22.394452321175354,8.035626727376824,40.115,10.399488809741984,10.40060088617553,1.1570483020128022,18.45
2026-10-13 10:38:18,47.97718293975669,47.893493392710454,55.53244245575639,85.515,22.556668358699675,22.40742266100976,8.038737559884082,40.135,10.40652540210105,10.405322045023155,1.1575693853790383,18.46
2026-10-13 10:53:18,48.00920509756122,47.92625804515179,55.57579623733885,85.575,22.565622744722067,22.417641424886103,8.041565481258557,40.15,10.42126962552394,10.41436842398137,1.1588350580018423,18.48
2026-10-13 11:08:18,48.02190623372348,47.942076500195185,55.59869536613446,85.605,22.568135974995744,22.420350142722143,8.042997197181423,40.155,10.42126962552394,10.41436842398137,1.1588350580018423,18.48
2026-10-13 11:23:18,48.02190623372348,47.942076500195185,55.59869536613446,85.605,22.568135974995744,22.420350142722143,8.042997197181423,40.155,10.42126962552394,10.41436842398137,1.1588350580018423,18.48
2026-10-13 11:38:18,48.0494853963261,47.97479373871269,55.63621253631904,85.66,22.568135974995744,22.420350142722143,8.042997197181423,40.155,10.42126962552394,10.41436842398137,1.1588350580018423,18.48
2026-10-13 11:53:18,48.056087753226855,47.983466621101705,55.64455123311502,85.675,22.57555915089405,22.42962014861093,8.045636615038323,40.17,10.42126962552394,10.41436842398137,1.1588350580018423,18.48
2026-10-13 12:08:18,48.071359028081766,47.997759163218966,55.66214275848698,85.7,22.57987305863328,22.43383591706092,8.046517796653777,40.175,10.425708303532943,10.41538965493297,1.1592866143843161,18.485
2026-10-13 12:23:18,48.0819953913702,48.00708695752244,55.668982097634604,85.715,22.582291898645096,22.435886287541496,8.04713327067175,40.18,10.432212466486783,10.420870263859857,1.1600145864070799,18.495
2026-10-13 12:38:18,48.10347358413935,48.024996277980875,55.69601007732947,85.76,22.58766177063412,22.442300053405887,8.04858648514239,40.19,10.433610439104983,10.424230702182907,1.1602116887908036,18.5
2026-10-13 12:53:18,48.133403591253874,48.06205978676853,55.73936152620026,85.825,22.609895034426547,22.465572067651628,8.055610513660119,40.23,10.441894013607056,10.433891040608506,1.1611506465953267,18.52
2026-10-13 13:08:18,48.18847505195358,48.11615581809235,55.79875160431934,85.915,22.627174467937444,22.475220152732795,8.059873696679759,40.255,10.441894013607056,10.433891040608506,1.1611506465953267,18.52
2026-10-13 13:23:18,48.22440420709414,48.14875530366196,55.83245371450864,85.97,22.654345223520625,22.50127551073515,8.067790361565155,40.29,10.449103818927096,10.44323067406236,1.1621325581711939,18.535
2026-10-13 13:38:18,48.274842307485656,48.19922400134174,55.88039915900727,86.05,22.704474904010663,22.551636981161963,8.086777341883337,40.38,10.465580176654962,10.456802084594802,1.164164492900267,18.565
2026-10-13 13:53:18,48.34869313843964,48.257545412558756,55.96477292475447,86.17,22.7472347030132,22.607703989358374,8.102285954583175,40.46,10.478718348985035,10.471056670187979,1.1649748010993555,18.585
2026-10-13 14:08:18,48.38034110310151,48.289798596295675,56.00580214508984,86.225,22.767487821703266,22.62954339788154,8.108990868295418,40.49,10.49179347026018,10.482319975922483,1.1662355433215754,18.61
2026-10-13 14:23:18,48.432483478594975,48.34308268524537,56.061215780684094,86.315,22.78747397234132,22.647762765002017,8.114391661771416,40.525,10.497228983234102,10.487680106672917,1.1670798152188373,18.62
2026-10-13 14:38:18,48.504907711747826,48.419067970440786,56.15964945426302,86.46,22.82125412574285,22.682564607027,8.126382846299629,40.59,10.513272744714131,10.497705896246135,1.1683986982606962,18.64
2026-10-13 14:53:18,48.550957743932756,48.45730260973381,56.21149782505987,86.54,22.848694224735414,22.720420555077816,8.137338254596097,40.65,10.517706578721485,10.502523608331302,1.1687682185064974,18.645
2026-10-13 15:08:18,48.593359637503006,48.49548181707925,56.265698936724064,86.62,22.856799511006646,22.72874798960845,8.139923131754843,40.665,10.521762502319486,10.507000913815656,1.1690455390735404,18.65
2026-10-13 15:23:18,48.64077573448043,48.53643358220456,56.31128643381657,86.695,22.884223577672735,22.754065449674115,8.148357388641255,40.71,10.528751207104552,10.521219222277418,1.1701230278678196,18.67
2026-10-13 15:38:18,48.67792314672154,48.56127735901706,56.343633309184874,86.75,22.912652257723167,22.776621815877395,8.157074103623405,40.755,10.53786814929814,10.526576280855263,1.1706361408153023,18.68
2026-10-13 15:53:18,48.69349513584198,48.57641464566612,56.360458344634054,86.775,22.916203182596863,22.779326890208512,8.15931104178958,40.765,10.539466992663142,10.531392388329897,1.170867969555821,18.685
2026-10-13 16:08:18,48.705408127660554,48.58398718311777,56.37186836479006,86.79,22.91792209233837,22.781364400011014,8.160225074786878,40.77,10.543036995737824,10.533316160513984,1.1711313764519051,18.69
2026-10-13 16:23:18,48.736297491161956,48.615205227908824,56.405871315424186,86.845,22.92800511326303,22.79412260794729,8.164137793339448,40.79,10.544006559056658,10.536589554684733,1.171485812208409,18.695
2026-10-13 16:38:18,48.758326663097485,48.641518889323514,56.439379870900595,86.9,22.9476463071358,22.81356403007062,8.170293835552581,40.82,10.544006559056658,10.536589554684733,1.171485812208409,18.695
2026-10-13 16:53:18,48.782023087361296,48.67169488896212,56.475465476696485,86.955,22.97005015375775,22.83363387867743,8.177457926097643,40.86,10.544006559056658,10.536589554684733,1.171485812208409,18.695
2026-10-13 17:08:18,48.828168113607354,48.72121567565709,56.52615792800865,87.03,22.982197203081256,22.852961482362353,8.182596005595872,40.885,10.549632097349633,10.54560392521719,1.1724927605502655,18.71
2026-10-13 17:23:18,48.86176727197633,48.75730886201141,56.569529609520856,87.1,22.997504937912016,22.86857708810916,8.186460879812893,40.91,10.554025547822905,10.547836326729895,1.172648481542911,18.715
2026-10-13 17:38:18,48.87160668445253,48.77310645167971,56.58295726262216,87.125,23.009833331759626,22.880879359104057,8.191852233894753,40.935,10.563117405100177,10.558517096283325,1.174125973783599,18.735
2026-10-13 17:53:18,48.92161946542944,48.81402244064826,56.63711691133759,87.205,23.027263367933553,22.9035517408528,8.19970957247735,40.975,10.563117405100177,10.558517096283325,1.174125973783599,18.735
2026-10-13 18:08:18,48.956514323796185,48.845265937909424,56.67293868966491,87.265,23.03128154376894,22.90622899258383,8.20081547732924,40.98,10.571053788140464,10.561919240063386,1.174985019320326,18.75
2026-10-13 18:23:18,48.99180566282063,48.88281183045678,56.7169348681304,87.34,23.04128133076347,22.91857606921565,8.205395054479888,41.005,10.587290533226055,10.57925968215817,1.1767894278699607,18.78
2026-10-13 18:38:18,49.04450520771598,48.937421069108815,56.771891732247845,87.43,23.068070883636548,22.94999687271649,8.213784776114643,41.05,10.612756239232702,10.60221759227315,1.1793675164747726,18.82
2026-10-13 18:53:18,49.09940976197069,48.98970355266099,56.83478856808287,87.525,23.095260149931534,22.975056053304193,8.222278960624804,41.095,10.618454546193576,10.610047065542812,1.179834299120658,18.83
2026-10-13 19:08:18,49.15597664724426,49.05923195979779,56.91491614757849,87.645,23.133273228350845,23.005023108820172,8.233707585310553,41.155,10.628129428663133,10.6164457119028,1.1810881948813041,18.845
2026-10-13 19:23:18,49.18869651335385,49.1013602988083,56.95243140957999,87.705,23.15924706354401,23.022023063372647,8.240865473555168,41.19,10.628129428663133,10.6164457119028,1.1810881948813041,18.845
2026-10-13 19:38:18,49.2029762384031,49.1138116288237,56.96753136314337,87.73,23.172984240337275,23.04240566641863,8.245860941840741,41.215,10.631686793739537,10.61809279793595,1.1814493589776618,18.85
2026-10-13 19:53:18,49.23199734871503,49.13626484995361,57.00194726183823,87.775,23.185145412767717,23.061602009252,8.253685147003292,41.25,10.643069875068296,10.629315840205074,1.1828826511950494,18.875
2026-10-13 20:08:18,49.256980829667135,49.16059942139868,57.029336088267556,87.82,23.19807604334586,23.078925068787754,8.259220683978583,41.275,10.647314988821831,10.63351198623437,1.1832305783774022,18.88
2026-10-13 20:23:18,49.29021091764539,49.19349164903199,57.063128323179605,87.875,23.212199475504253,23.09117256572144,8.263678006284243,41.3,10.655857074021144,10.639152702225832,1.1841295020473985,18.895
2026-10-13 20:38:18,49.32858845829306,49.23226600862791,57.107642920445656,87.95,23.216012362358185,23.095809343280912,8.265895286966423,41.31,10.66116545549258,10.647092910365313,1.1852198112143861,18.91
2026-10-13 20:53:18,49.389026002153585,49.29319420933636,57.18295555059204,88.065,23.24276732054569,23.12308962373738,8.27627869146648,41.355,10.685086482370888,10.673348373859856,1.1877390888905175,18.955
2026-10-13 21:08:18,49.442842393579596,49.348133461685215,57.240662653709144,88.155,23.261629031683334,23.142735629059306,8.28306629376813,41.385,10.7025583763424,10.685322104665383,1.1895695818428438,18.985
2026-10-13 21:23:18,49.472785334161316,49.38090107675402,57.276285436278194,88.21,23.30108655030585,23.18523092281321,8.297298026624501,41.455,10.706769734912086,10.688297856147823,1.1900618247226684,18.99
2026-10-13 21:38:18,49.52674415502141,49.42027867267863,57.327048553581285,88.29,23.322491377197103,23.2115689618716,8.305905498923424,41.495,10.712543102771157,10.694432803576731,1.1908960877939636,19.0
2026-10-13 21:53:18,49.58178957641477,49.46727013511288,57.38918166809068,88.39,23.353935199846884,23.236266737493068,8.314535792735184,41.54,10.725086061261514,10.714732964756756,1.1924087023771834,19.025
2026-10-13 22:08:18,49.61860356913184,49.50285028474282,57.4285030633764,88.45,23.36430909402755,23.25122232938635,8.318464904266124,41.56,10.73247824596189,10.724910572877276,1.1931381543927824,19.04
2026-10-13 22:23:18,49.688531321654374,49.58180413935939,57.51556072660859,88.585,23.379902894156427,23.269410557279304,8.32424641248445,41.59,10.754559819823315,10.742863809133391,1.1954543432240705,19.075
2026-10-13 22:38:18,49.74558347287869,49.64052609285999,57.59638599957819,88.705,23.418599096815374,23.324922433452695,8.34169165362396,41.68,10.761577928282836,10.757153805335946,1.196835070939374,19.095
2026-10-13 22:53:18,49.78267557990561,49.67738893848703,57.647460130513565,88.78,23.45413751371683,23.354964533641493,8.355050239402306,41.745,10.767451091490255,10.76416877236807,1.197690147384884,19.105
2026-10-13 23:08:18,49.85600019640575,49.74144802160253,57.731666022199136,88.905,23.486011794043822,23.385683240550065,8.365034177770376,41.795,10.78288272805742,10.77973776022338,1.1989337311753183,19.13
2026-10-13 23:23:18,49.91157235946394,49.80639237806681,57.79923467171316,89.01,23.52789628071475,23.416201822961575,8.377432996440133,41.86,10.804212452144736,10.802611301163614,1.2016495057696441,19.17
2026-10-13 23:38:18,49.9649802552401,49.86130087654904,57.86087112422718,89.1,23.573210614094545,23.45431615063332,8.388972594440162,41.92,10.814368031839928,10.812416212234924,1.2028894832188843,19.19
2026-10-13 23:53:18,50.02122594759656,49.9183144105049,57.928449041125724,89.2,23.605941911305326,23.482254339538365,8.39972998133848,41.98,10.829000957594921,10.826031139063355,1.204082524942834,19.21
2026-10-14 00:08:18,50.06344882184806,49.96255623725495,57.97306051592221,89.27,23.632714161859276,23.511269869482174,8.409184028155787,42.03,10.837691925204574,10.836717717948453,1.2052212624438023,19.225
2026-10-14 00:23:18,50.13199731529983,50.01042950996398,58.045129376378505,89.38,23.655488090868715,23.53816722915411,8.417977017343464,42.075,10.849157672261244,10.847503541412438,1.2062692030106423,19.24
2026-10-14 00:38:18,50.19103617014121,50.062437513746616,58.11413482922523,89.485,23.68856636601015,23.556725731805315,8.428382192096949,42.125,10.85133255874281,10.853306672202082,1.2068916823663256,19.25
2026-10-14 00:53:18,50.23188495416415,50.10056019006279,58.15566691074759,89.55,23.737999263034908,23.60426006635076,8.44345948468445,42.205,10.855663756232532,10.854582268587663,1.2072214908993344,19.255
2026-10-14 01:08:18,50.29035341893781,50.17154003307709,58.23054704469219,89.66,23.770811528025373,23.630989249049907,8.453077783405151,42.25,10.866202829494565,10.862737699532799,1.2084014454477028,19.275
2026-10-14 01:23:18,50.33979329268455,50.22326274513203,58.2869486836022,89.745,23.787087176009447,23.645840545595146,8.458083596219408,42.275,10.870513268353156,10.870835093775032,1.2089843143738854,19.285
2026-10-14 01:38:18,50.34688757251476,50.2278881677219,58.29080831407171,89.755,23.787087176009447,23.645840545595146,8.458083596219408,42.275,10.870513268353156,10.870835093775032,1.2089843143738854,19.285
2026-10-14 01:53:18,50.3526767145455,50.23183794734319,58.2986391804755,89.765,23.791001101416995,23.649056818656987,8.458661675404262,42.28,10.870513268353156,10.870835093775032,1.2089843143738854,19.285
2026-10-14 02:08:18,50.36344598926918,50.23662481982276,58.30705917971058,89.78,23.791001101416995,23.649056818656987,8.458661675404262,42.28,10.875592521386453,10.877331578246013,1.2097777437880137,19.295
2026-10-14 02:23:18,50.37378239372542,50.247588264530755,58.31947536946255,89.8,23.80561903074209,23.6699772702652,8.464036485418587,42.31,10.875592521386453,10.877331578246013,1.2097777437880137,19.295
2026-10-14 02:38:18,50.4111521780042,50.28902819724417,58.36073283738277,89.87,23.809461431451098,23.675837583801613,8.465797878838423,42.32,10.875592521386453,10.877331578246013,1.2097777437880137,19.295
2026-10-14 02:53:18,50.43490639693038,50.32639725796678,58.39332781771991,89.92,23.819385210906947,23.684639533733414,8.470076601045749,42.34,10.875592521386453,10.877331578246013,1.2097777437880137,19.295
2026-10-14 03:08:18,50.44061222056335,50.333266834873115,58.398318405242755,89.93,23.822475469164345,23.68770633708527,8.471534719002669,42.35,10.875592521386453,10.877331578246013,1.2097777437880137,19.295
2026-10-14 03:23:18,50.46452552746625,50.350774123409614,58.42601532333871,89.97,23.831149850542214,23.695261923392316,8.47418366450497,42.36,10.87736466798536,10.878129205182208,1.2100323334164018,19.3
2026-10-14 03:38:18,50.47311129057872,50.358842872882335,58.43645923146853,89.985,23.834208441596303,23.69905593266745,8.475390430890426,42.365,10.87736466798536,10.878129205182208,1.2100323334164018,19.3
2026-10-14 03:53:18,50.47672832395047,50.36222057070909,58.44025730428251,89.99,23.83732059209883,23.701091263042986,8.476557933201272,42.37,10.87736466798536,10.878129205182208,1.2100323334164018,19.3
2026-10-14 04:08:18,50.47672832395047,50.36222057070909,58.44025730428251,89.99,23.83732059209883,23.701091263042986,8.476557933201272,42.37,10.87736466798536,10.878129205182208,1.2100323334164018,19.3
2026-10-14 04:23:18,50.480375920743825,50.364967785277564,58.44294301009363,89.995,23.84565159467213,23.706006771547113,8.479231663107607,42.38,10.87736466798536,10.878129205182208,1.2100323334164018,19.3
2026-10-14 04:38:18,50.492182677674805,50.38523711892031,58.46462199858615,90.03,23.84565159467213,23.706006771547113,8.479231663107607,42.38,10.87736466798536,10.878129205182208,1.2100323334164018,19.3
2026-10-14 04:53:18,50.50492235279479,50.39805704115211,58.48101690298371,90.05,23.84735955747732,23.707392491207397,8.480352954147943,42.385,10.87736466798536,10.878129205182208,1.2100323334164018,19.3
2026-10-14 05:08:18,50.510206230653786,50.40454082787037,58.48854412081478,90.065,23.850438278224846,23.711445412750308,8.481660372050591,42.39,10.87736466798536,10.878129205182208,1.2100323334164018,19.3
2026-10-14 05:23:18,50.51722632144904,50.41368445370533,58.49562796956858,90.08,23.854438234021575,23.715966956430577,8.483983006407351,42.4,10.878309457395744,10.879829703140148,1.2104092229750467,19.305
2026-10-14 05:38:18,50.536490865545346,50.43058707728698,58.51448346675719,90.11,23.854438234021575,23.715966956430577,8.483983006407351,42.4,10.878309457395744,10.879829703140148,1.2104092229750467,19.305
2026-10-14 05:53:18,50.57901698824049,50.46780113915268,58.55920405790684,90.18,23.85617934326791,23.72005995546268,8.48449701520126,42.405,10.878309457395744,10.879829703140148,1.2104092229750467,19.305
2026-10-14 06:08:18,50.59908027135145,50.487017078401884,58.5833989216076,90.215,23.860038508835995,23.72298454398124,8.485948780655159,42.415,10.880812852071765,10.884518245017627,1.2107012337796559,19.31
2026-10-14 06:23:18,50.61023905159774,50.49216999223636,58.59410394559642,90.23,23.86521424574204,23.73021215930912,8.48784335905462,42.425,10.883693854916944,10.886965932674086,1.211177458640667,19.315
2026-10-14 06:38:18,50.614037981419784,50.494912606044146,58.596716556241276,90.235,23.86521424574204,23.73021215930912,8.48784335905462,42.425,10.891114867868929,10.890130022470869,1.211747678216633,19.325
2026-10-14 06:53:18,50.63202386326298,50.5062790441349,58.614288925254925,90.26,23.869168355516198,23.73509608976143,8.489159027507759,42.43,10.898361606452688,10.89963871300507,1.212669002462359,19.34
2026-10-14 07:08:18,50.64919625001166,50.514181695933885,58.62796263168368,90.28,23.87372326452812,23.735929434704193,8.490621098323066,42.435,10.898361606452688,10.89963871300507,1.212669002462359,19.34
2026-10-14 07:23:18,50.657848866139936,50.52913895350173,58.63845964765009,90.3,23.87372326452812,23.735929434704193,8.490621098323066,42.435,10.898361606452688,10.89963871300507,1.212669002462359,19.34
2026-10-14 07:38:18,50.66744440636344,50.54541147736155,58.65237834744378,90.32,23.87372326452812,23.735929434704193,8.490621098323066,42.435,10.898361606452688,10.89963871300507,1.212669002462359,19.34
2026-10-14 07:53:18,50.67707806199575,50.555071530270475,58.66441820306795,90.335,23.89068290471976,23.75252454790955,8.495852319053544,42.46,10.900763042121659,10.901604153141221,1.2130020137102813,19.345
2026-10-14 08:08:18,50.680379433200685,50.56511870815517,58.673333397524594,90.35,23.901034041571066,23.76667320533782,8.50003768075759,42.48,10.900763042121659,10.901604153141221,1.2130020137102813,19.345
2026-10-14 08:23:18,50.68470893604253,50.569081692936024,58.67737614807111,90.355,23.901034041571066,23.76667320533782,8.50003768075759,42.48,10.900763042121659,10.901604153141221,1.2130020137102813,19.345
2026-10-14 08:38:18,50.688581924343424,50.57377553322396,58.67895395962765,90.36,23.901034041571066,23.76667320533782,8.50003768075759,42.48,10.900763042121659,10.901604153141221,1.2130020137102813,19.345
2026-10-14 08:53:18,50.6940439958669,50.5820199617514,58.685001002015106,90.37,23.901034041571066,23.76667320533782,8.50003768075759,42.48,10.900763042121659,10.901604153141221,1.2130020137102813,19.345
2026-10-14 09:08:18,50.69869525329944,50.586552387224714,58.68833175026733,90.375,23.901034041571066,23.76667320533782,8.50003768075759,42.48,10.900763042121659,10.901604153141221,1.2130020137102813,19.345
2026-10-14 09:23:18,50.705775214821685,50.591340138551274,58.70173832672538,90.39,23.901034041571066,23.76667320533782,8.50003768075759,42.48,10.900763042121659,10.901604153141221,1.2130020137102813,19.345
2026-10-14 09:38:18,50.72727918626038,50.62725921207921,58.73174618739401,90.44,23.910824507671734,23.784687534733123,8.505602964338983,42.505,10.905801175944145,10.909562205285157,1.213725713984613,19.355
2026-10-14 09:53:18,50.75012048807899,50.646833504786784,58.75613726349856,90.48,23.92105935532026,23.795033685756906,8.50838730883635,42.52,10.908584098603386,10.911180769375477,1.2138651935942095,19.36
2026-10-14 10:08:18,50.78904795720591,50.69546895401341,58.80671629923367,90.56,23.94257849640668,23.810506949609774,8.516411168919255,42.555,10.910608800618764,10.915125886483724,1.214303062461807,19.365
2026-10-14 10:23:18,50.8087417456846,50.721304665460934,58.83881030198485,90.605,23.949539311440326,23.81832824003217,8.518803538975243,42.57,10.912514450818003,10.916603681654129,1.2146396117465164,19.37
2026-10-14 10:38:18,50.82402523327145,50.73225005373078,58.855294944762214,90.63,23.961309379951814,23.836913866626663,8.524297937545963,42.595,10.912514450818003,10.916603681654129,1.2146396117465164,19.37
2026-10-14 10:53:18,50.84671493501586,50.755826218215596,58.87950444919931,90.665,23.976620289735695,23.856248798208334,8.531974044099409,42.63,10.91914783502648,10.928756748843796,1.2161088990848845,19.39
2026-10-14 11:08:18,50.87456059146058,50.77924557214655,58.90871511922754,90.71,23.999481662939868,23.875358670474366,8.540370274599779,42.665,10.921555821049852,10.932113604066227,1.2165472989104305,19.395
2026-10-14 11:23:18,50.89087606056512,50.79870713158729,58.929658780967515,90.745,24.01642973470299,23.886922461143804,8.546862247334454,42.695,10.933328793469256,10.944924490757675,1.2173308878086584,19.41
2026-10-14 11:38:18,50.91115164049136,50.812740131007565,58.95558316417618,90.78,24.032616957893797,23.896895098423023,8.5514927662593,42.72,10.946428091299671,10.958990366031182,1.2186694486972343,19.43
2026-10-14 11:53:18,50.92057847410254,50.82192183781112,58.96805604325378,90.8,24.050721207802795,23.91507762245782,8.558232712407472,42.75,10.957668341623256,10.970320984463795,1.2197119844706013,19.45
2026-10-14 12:08:18,50.94221191930711,50.84341166445293,58.99913243137525,90.84,24.063371544598056,23.931282971922535,8.56267118178667,42.77,10.96127488895761,10.972686800841473,1.220110729495978,19.455
2026-10-14 12:23:18,50.974066028192524,50.87127323618651,59.033323595932124,90.89,24.063371544598056,23.931282971922535,8.56267118178667,42.77,10.971490552049296,10.979527278505564,1.2209424000792057,19.47
2026-10-14 12:38:18,51.018826169539054,50.92019528618752,59.08911690257499,90.98,24.100547760810198,23.963548779643933,8.575907488635288,42.835,10.985528854421363,10.995721333855077,1.2225183163269313,19.49
2026-10-14 12:53:18,51.06261043028163,50.95246850494547,59.14737687260439,91.055,24.108239784196268,23.967873942232348,8.578821575144383,42.85,10.991777136991526,11.007028061694264,1.2233320398725138,19.505
2026-10-14 13:08:18,51.087197571362914,50.98647509527994,59.181539401918265,91.105,24.108239784196268,23.967873942232348,8.578821575144383,42.85,10.993981602955662,11.012816432998308,1.2239851756647155,19.515
2026-10-14 13:23:18,51.107363609503324,51.00803039057381,59.20819287655901,91.145,24.14647978660755,23.996467238268796,8.588601932357722,42.905,11.000992916197365,11.020415565237899,1.224593910850878,19.525
2026-10-14 13:38:18,51.179676646381665,51.10206404900894,59.29664547323219,91.295,24.182476647960055,24.019294420476264,8.600599262863591,42.96,11.028968670338383,11.051622624081231,1.228310801395216,19.575
2026-10-14 13:53:18,51.271429928358565,51.17705581350004,59.40804572023036,91.455,24.221018802579188,24.063283095020395,8.61636298515342,43.035,11.03934596921861,11.069929218355563,1.2298500519673201,19.6
2026-10-14 14:08:18,51.34829576312909,51.26203403026658,59.4863591750055,91.595,24.24330660337286,24.08316421875395,8.624931727041982,43.075,11.057303924107195,11.085734748305752,1.2314360169762202,19.635
2026-10-14 14:23:18,51.42689125252187,51.34377611936458,59.57756134417628,91.725,24.270880362315143,24.111359547177017,8.635693989260064,43.135,11.099000851266936,11.120972067755432,1.2353305729453319,19.7
2026-10-14 14:38:18,51.4830360220692,51.39467383046144,59.646405320212374,91.82,24.289655765839907,24.122951108043793,8.640750897731541,43.16,11.111349837615021,11.13313877687776,1.2370912985536224,19.725
2026-10-14 14:53:18,51.51374640968793,51.43480070906732,59.69575076317084,91.89,24.341519359860612,24.165928193753967,8.656695816533713,43.235,11.13223426064199,11.153513090959706,1.2393540017445341,19.765
2026-10-14 15:08:18,51.56475388110705,51.504103828950434,59.764663476997356,91.995,24.37553086198128,24.200689362629515,8.669544916013846,43.305,11.160453971580763,11.174568373708048,1.2423909376276385,19.81
2026-10-14 15:23:18,51.606749001539995,51.54620095377363,59.822187999807774,92.075,24.40699316562612,24.237267239906743,8.68184508618154,43.365,11.164674686508326,11.179031187123522,1.2426519112445533,19.815
2026-10-14 15:38:18,51.62940208455622,51.563905336918,59.8445384469997,92.11,24.424643519550788,24.24778685248755,8.688448752267304,43.395,11.171018506939124,11.185365298833133,1.24328087124565,19.825
2026-10-14 15:53:18,51.6957817833517,51.6180525487424,59.91764179725301,92.215,24.457422058289932,24.287213250295643,8.701010094242978,43.455,11.185551515473481,11.19707822432644,1.2445397938559017,19.85
2026-10-14 16:08:18,51.73486352524944,51.65828763620756,59.9565188395524,92.28,24.484403207815774,24.311029446181887,8.710732191719629,43.5,11.192737345586089,11.202781295194892,1.2448584503905493,19.86
2026-10-14 16:23:18,51.767656669861445,51.69772700880141,59.99931589669232,92.345,24.488789657430324,24.317737385253942,8.712790157224719,43.515,11.196998535580326,11.206581154826793,1.2453780366491785,19.87
2026-10-14 16:38:18,51.801493852407056,51.73394629577708,60.03229955909643,92.4,24.50846242580641,24.343302346093772,8.721141309760666,43.555,11.20619856991966,11.213527804082593,1.2464950650985782,19.89
2026-10-14 16:53:18,51.83551049866035,51.763694714277776,60.06805577234267,92.455,24.5235346860977,24.348909508323505,8.724638122276499,43.575,11.20717575724324,11.215667706389306,1.2466315861982882,19.895
2026-10-14 17:08:18,51.86646756678643,51.79655025925202,60.10843461206837,92.52,24.563123319816114,24.38221135728369,8.735983765009545,43.64,11.213357528803638,11.222906808911366,1.247537636557886,19.91
2026-10-14 17:23:18,51.935849218512246,51.866858824483884,60.19628415201627,92.65,24.60396138282514,24.414414749991398,8.747588665819993,43.7,11.225253801265582,11.230421541476478,1.2491621790145742,19.935
2026-10-14 17:38:18,51.96525533860978,51.906255263346516,60.2463894226818,92.73,24.65107001689458,24.452827946661397,8.76359830004604,43.785,11.237038579079469,11.243763803456007,1.2506393420760873,19.955
2026-10-14 17:53:18,52.00338257446258,51.95237838041156,60.295533824503224,92.8,24.70065575663772,24.48980895299331,8.778952495179437,43.865,11.25937133766888,11.271071067663055,1.2533119423983543,19.995
2026-10-14 18:08:18,52.073492797712376,52.03051394396491,60.384283038129944,92.925,24.738271301272803,24.528347304182496,8.79062106237297,43.93,11.283822518970155,11.29192460124755,1.2556320989806176,20.035
2026-10-14 18:23:18,52.14352851339381,52.10630890923243,60.46153373404283,93.05,24.785638577703093,24.58000629766879,8.810017799466229,44.02,11.316352343861029,11.320125925378736,1.2596000992047145,20.09
2026-10-14 18:38:18,52.184588585465164,52.15005575334251,60.498026408159824,93.12,24.807691904698245,24.590960629380298,8.817542126408533,44.055,11.327875010815886,11.32809150727554,1.2602618777004697,20.105
2026-10-14 18:53:18,52.24737945788461,52.22097531522141,60.56578308893013,93.23,24.835032089668445,24.624377255692302,8.829596540091663,44.115,11.35233588307683,11.35728557603639,1.2629726579334417,20.15
2026-10-14 19:08:18,52.30246761445891,52.27979321426984,60.6421635791624,93.34,24.87827944390336,24.670867482991287,8.84465521043123,44.19,11.37851750008808,11.384952919221789,1.26477379981981,20.185
2026-10-14 19:23:18,52.36115711769233,52.34749987263117,60.71730414857891,93.455,24.909897845553083,24.703805267960586,8.856512891661165,44.25,11.402712196352013,11.421558643659505,1.2677617708866387,20.235
2026-10-14 19:38:18,52.43114781932872,52.41094852545552,60.78704496140926,93.565,24.918952728032608,24.71336239968894,8.859800785096924,44.27,11.438644760887604,11.452549354935638,1.270824266672039,20.29
2026-10-14 19:53:18,52.47160945811228,52.45490501367489,60.8407930906977,93.645,24.9590096325051,24.753776360854317,8.867878361808728,44.325,11.455881263580283,11.46927802227712,1.2727710009381787,20.32
2026-10-14 20:08:18,52.51492317657002,52.48072406101578,60.881885931644746,93.705,24.98314520963703,24.77006977845151,8.874786138022571,44.36,11.470696204721053,11.481403452857466,1.2740913719866205,20.34
2026-10-14 20:23:18,52.558705511670794,52.51700094537186,60.91764178096072,93.77,24.989328047689483,24.77844358116425,8.877554459391963,44.375,11.476052119435904,11.491506131886421,1.2751204910798672,20.355
2026-10-14 20:38:18,52.582095402803425,52.53833112445111,60.94707624564189,93.815,25.012619436040154,24.804081759693027,8.884677535333864,44.415,11.489741334928897,11.5080801776796,1.276723890245954,20.375
2026-10-14 20:53:18,52.62407759037614,52.57372459145569,60.980431231810286,93.88,25.037252061726896,24.839184779332598,8.894736331791112,44.465,11.495281497547982,11.515164398977195,1.277926954587029,20.39
2026-10-14 21:08:18,52.65160484868267,52.59313003714254,61.00374906097687,93.92,25.06497026604596,24.87171798254645,8.903257054114915,44.515,11.505890643178054,11.526787410957256,1.2787405617592318,20.41
2026-10-14 21:23:18,52.69471855460911,52.63646022577796,61.05679524422851,93.995,25.08725984721486,24.900496875928553,8.911673476387085,44.56,11.513584836866281,11.541401474255684,1.279643583687631,20.43
2026-10-14 21:38:18,52.772696036628425,52.69768566608787,61.147800983365585,94.12,25.106648511265337,24.913923345572496,8.917829969070366,44.59,11.525941863599062,11.553879140743218,1.2806753140847127,20.45
2026-10-14 21:53:18,52.79946157603741,52.72176530112537,61.18116018722984,94.17,25.113637767500474,24.919439848700232,8.91957682582959,44.6,11.529412205752328,11.558633854583714,1.2810448493605082,20.46
2026-10-14 22:08:18,52.82948438309696,52.74895288989866,61.218201519936514,94.225,25.131175502310366,24.931408668350393,8.926292183724563,44.63,11.533869892541773,11.56927604140947,1.2824555872122614,20.475
2026-10-14 22:23:18,52.84628056838396,52.760728566233595,61.233145898559314,94.25,25.1327038980295,24.935040483300874,8.927367711292307,44.635,11.53734704870224,11.572738727868499,1.2826723236990774,20.48
2026-10-14 22:38:18,52.88445561966362,52.80754671904906,61.29153398257988,94.33,25.145084885203186,24.947699864503445,8.93132216520355,44.655,11.549968939700584,11.579572123568763,1.2839160769357947,20.495
2026-10-14 22:53:18,52.94932556964141,52.86281966080241,61.3524842181842,94.425,25.168657154204347,24.971863380821947,8.938927785761521,44.695,11.576665489897165,11.608771956148798,1.2864953384060434,20.545
2026-10-14 23:08:18,52.95543928788308,52.87136916792292,61.35784763234569,94.435,25.180138320504195,24.981973245512442,8.941271593290068,44.71,11.576665489897165,11.608771956148798,1.2864953384060434,20.545
2026-10-14 23:23:18,52.98072029991658,52.89774180649642,61.38761851404982,94.485,25.197379978952522,24.99757345513092,8.947008817218906,44.745,11.576665489897165,11.608771956148798,1.2864953384060434,20.545
2026-10-14 23:38:18,53.00696456861073,52.9208336505586,61.424429193371445,94.535,25.197379978952522,24.99757345513092,8.947008817218906,44.745,11.589353639788767,11.61900536712792,1.2876135190169329,20.565
2026-10-14 23:53:18,53.04118022548235,52.950408356384344,61.465102477001786,94.59,25.20605115832677,25.004623883906692,8.95044781970716,44.76,11.594321998807002,11.62246912780678,1.2878854624230942,20.57
2026-10-15 00:08:18,53.071138452143884,52.98380307873763,61.49746902558589,94.64,25.21905373486895,25.02094959343741,8.955275596758408,44.785,11.594321998807002,11.62246912780678,1.2878854624230942,20.57
2026-10-15 00:23:18,53.112727802422775,53.02663435404387,61.54227313238588,94.715,25.227967880267602,25.038368235625445,8.961481017212742,44.815,11.598948178756952,11.62562994376359,1.2885574138459626,20.58
2026-10-15 00:38:18,53.12878706049056,53.038325820812055,61.55920203215022,94.74,25.232855760439442,25.04158932169787,8.962200056361345,44.82,11.60655592473645,11.630631221479137,1.2890512310257658,20.59
2026-10-15 00:53:18,53.13604805886385,53.042944782051606,61.565584872479974,94.75,25.236292226226727,25.043790819751475,8.962993483462634,44.825,11.60655592473645,11.630631221479137,1.2890512310257658,20.59
2026-10-15 01:08:18,53.16917281653374,53.078412779698006,61.61030850627077,94.805,25.262371827920056,25.068052504857192,8.970426410425786,44.865,11.608481527692943,11.63561667804261,1.289521802204052,20.595
2026-10-15 01:23:18,53.20071883047637,53.11642183206704,61.6417005743633,94.86,25.269890348380777,25.07385652177039,8.973764430251718,44.88,11.608481527692943,11.63561667804261,1.289521802204052,20.595
2026-10-15 01:38:18,53.20071883047637,53.11642183206704,61.6417005743633,94.86,25.269890348380777,25.07385652177039,8.973764430251718,44.88,11.612692998520126,11.639908793548749,1.289901632170719,20.6
2026-10-15 01:53:18,53.22008936636539,53.12888343442621,61.6640842451723,94.89,25.27465545635355,25.0809390174874,8.975421006297926,44.89,11.612692998520126,11.639908793548749,1.289901632170719,20.6
2026-10-15 02:08:18,53.228825392445536,53.136626896831686,61.671958817946205,94.905,25.27465545635355,25.0809390174874,8.975421006297926,44.89,11.614996109013392,11.642249530774153,1.2900552266309728,20.605
2026-10-15 02:23:18,53.23605702260931,53.14961476224976,61.68891489330475,94.925,25.27465545635355,25.0809390174874,8.975421006297926,44.89,11.614996109013392,11.642249530774153,1.2900552266309728,20.605
2026-10-15 02:38:18,53.24713549843905,53.16366480348477,61.70038471718783,94.95,25.27465545635355,25.0809390174874,8.975421006297926,44.89,11.614996109013392,11.642249530774153,1.2900552266309728,20.605
2026-10-15 02:53:18,53.24886776639639,53.16646265062115,61.70326566734901,94.955,25.279591373165104,25.084664261384205,8.976673622347635,44.895,11.614996109013392,11.642249530774153,1.2900552266309728,20.605
2026-10-15 03:08:18,53.266813512739425,53.182709352086945,61.72011889006629,94.98,25.28192780960268,25.085537939969633,8.978140843418569,44.9,11.614996109013392,11.642249530774153,1.2900552266309728,20.605
2026-10-15 03:23:18,53.266813512739425,53.182709352086945,61.72011889006629,94.98,25.28192780960268,25.085537939969633,8.978140843418569,44.9,11.614996109013392,11.642249530774153,1.2900552266309728,20.605
2026-10-15 03:38:18,53.27054351951563,53.18692183808881,61.72439055887762,94.985,25.28192780960268,25.085537939969633,8.978140843418569,44.9,11.614996109013392,11.642249530774153,1.2900552266309728,20.605
2026-10-15 03:53:18,53.27684404080021,53.1956532833976,61.7304593004122,94.995,25.28192780960268,25.085537939969633,8.978140843418569,44.9,11.614996109013392,11.642249530774153,1.2900552266309728,20.605
2026-10-15 04:08:18,53.27684404080021,53.1956532833976,61.7304593004122,94.995,25.28192780960268,25.085537939969633,8.978140843418569,44.9,11.614996109013392,11.642249530774153,1.2900552266309728,20.605
2026-10-15 04:23:18,53.2788143246077,53.20026453394185,61.73199422238317,95.0,25.283823263378608,25.086472450441967,8.979573734720992,44.905,11.617439573620153,11.64548896182622,1.290268500189949,20.61
2026-10-15 04:38:18,53.29496562608966,53.20948453343695,61.745391792919875,95.02,25.288045329768075,25.089950356258303,8.980775519603853,44.91,11.617439573620153,11.64548896182622,1.290268500189949,20.61
2026-10-15 04:53:18,53.31448522056422,53.22523062832018,61.76309308055092,95.045,25.289056566030673,25.09120821318615,8.981890005390666,44.915,11.617439573620153,11.64548896182622,1.290268500189949,20.61
2026-10-15 05:08:18,53.32229864239046,53.23251282013516,61.770485020721004,95.055,25.289056566030673,25.09120821318615,8.981890005390666,44.915,11.617439573620153,11.64548896182622,1.290268500189949,20.61
2026-10-15 05:23:18,53.32399207863622,53.237371102873055,61.77286196242673,95.06,25.29396945574539,25.092858315053054,8.982726631902887,44.92,11.617439573620153,11.64548896182622,1.290268500189949,20.61
2026-10-15 05:38:18,53.32473101139751,53.23871781586405,61.77479167664802,95.065,25.29396945574539,25.092858315053054,8.982726631902887,44.92,11.617439573620153,11.64548896182622,1.290268500189949,20.61
2026-10-15 05:53:18,53.32473101139751,53.23871781586405,61.77479167664802,95.065,25.29396945574539,25.092858315053054,8.982726631902887,44.92,11.622188957335233,11.648542870462782,1.2903951625037093,20.615
2026-10-15 06:08:18,53.33914800961137,53.252077926022245,61.792101475424126,95.09,25.294879919771276,25.09541511893227,8.983387146005711,44.925,11.622188957335233,11.648542870462782,1.2903951625037093,20.615
2026-10-15 06:23:18,53.35273090219233,53.26297610195343,61.804633589846006,95.11,25.30111207458129,25.101636847743222,8.98591717959606,44.935,11.622188957335233,11.648542870462782,1.2903951625037093,20.615
2026-10-15 06:38:18,53.3591326293772,53.26892541372927,61.812516354039644,95.12,25.30111207458129,25.101636847743222,8.98591717959606,44.935,11.622188957335233,11.648542870462782,1.2903951625037093,20.615
2026-10-15 06:53:18,53.36242980821438,53.273091676576534,61.81735288376024,95.125,25.30111207458129,25.101636847743222,8.98591717959606,44.935,11.622188957335233,11.648542870462782,1.2903951625037093,20.615
2026-10-15 07:08:18,53.36838454288983,53.28258604698193,61.8254774520285,95.14,25.3057667990886,25.112844224941316,8.988526117473036,44.95,11.622188957335233,11.648542870462782,1.2903951625037093,20.615
2026-10-15 07:23:18,53.37665943312602,53.28805353370206,61.835430159743005,95.155,25.307063029552275,25.114500643353207,8.98990790213698,44.955,11.622188957335233,11.648542870462782,1.2903951625037093,20.615
2026-10-15 07:38:18,53.39289277797199,53.30594042149213,61.84826638397547,95.18,25.307063029552275,25.114500643353207,8.98990790213698,44.955,11.622188957335233,11.648542870462782,1.2903951625037093,20.615
2026-10-15 07:53:18,53.402776601090586,53.31724488899922,61.856452526418025,95.195,25.307063029552275,25.114500643353207,8.98990790213698,44.955,11.622188957335233,11.648542870462782,1.2903951625037093,20.615
2026-10-15 08:08:18,53.40586737056621,53.31823128033969,61.859622074804584,95.2,25.309523437910403,25.116597119170635,8.991178203976348,44.96,11.622188957335233,11.648542870462782,1.2903951625037093,20.615
2026-10-15 08:23:18,53.41346045533658,53.327648604435716,61.87150316700447,95.215,25.309523437910403,25.116597119170635,8.991178203976348,44.96,11.622188957335233,11.648542870462782,1.2903951625037093,20.615
2026-10-15 08:38:18,53.41837282618656,53.33217673250549,61.875048110146395,95.22,25.312612048460537,25.120241752577996,8.992420671545656,44.965,11.622188957335233,11.648542870462782,1.2903951625037093,20.615
2026-10-15 08:53:18,53.433527118551886,53.34965604279049,61.894262275119324,95.25,25.312612048460537,25.120241752577996,8.992420671545656,44.965,11.622188957335233,11.648542870462782,1.2903951625037093,20.615
2026-10-15 09:08:18,53.433527118551886,53.34965604279049,61.894262275119324,95.25,25.312612048460537,25.120241752577996,8.992420671545656,44.965,11.622188957335233,11.648542870462782,1.2903951625037093,20.615
2026-10-15 09:23:18,53.44809778318453,53.3650781437363,61.90902894545613,95.275,25.31444677807549,25.12445334798389,8.993741667113445,44.97,11.625595087812819,11.652820882716185,1.2905571885814406,20.62
2026-10-15 09:38:18,53.466837816171235,53.387799030380826,61.93119591512227,95.31,25.319396835483108,25.132284028622788,8.996337105197997,44.985,11.62921119825303,11.659639038890834,1.2913292828467338,20.63
2026-10-15 09:53:18,53.49308864285506,53.40956984071269,61.95807427952427,95.345,25.327035095356354,25.143472650638525,8.999665753609511,45.0,11.639657130699772,11.67936176876726,1.2928382124176863,20.66
2026-10-15 10:08:18,53.5624013480598,53.4673391748473,62.01922120893949,95.455,25.344120524562342,25.161110691856443,9.007686414122842,45.035,11.642120455333798,11.683359652067775,1.2936331084965194,20.67
2026-10-15 10:23:18,53.64243848157449,53.55118217558909,62.10915674199746,95.6,25.365229883891264,25.18039781012679,9.015463084687834,45.075,11.658486471196282,11.705155361894017,1.295103017771876,20.7
2026-10-15 10:38:18,53.716468849698394,53.6303691344554,62.19773649122029,95.725,25.390371502096816,25.205028820135713,9.021223602960042,45.11,11.659437035909221,11.706955443720071,1.2953312314971992,20.705
2026-10-15 10:53:18,53.73976342999976,53.65681206502149,62.23470600778897,95.775,25.39535156710391,25.212998179593995,9.022822378099455,45.12,11.663178398258763,11.711318288912725,1.2956146451544701,20.71
2026-10-15 11:08:18,53.764725413730986,53.68148563738507,62.26212912149143,95.82,25.41239356385374,25.23032103777892,9.02848134917409,45.15,11.67024649363404,11.719551861881994,1.296499443461463,20.725
2026-10-15 11:23:18,53.80988031452018,53.72624844793578,62.31038738331584,95.89,25.44243045678872,25.263183593474782,9.041457188230524,45.205,11.676137779884598,11.726449978505366,1.2970903110873873,20.74
2026-10-15 11:38:18,53.86270136318733,53.77851783090663,62.37027788821165,95.985,25.456609889411812,25.295572333060544,9.050527973523353,45.245,11.6806368322799,11.732941499929073,1.2979585542388388,20.75
2026-10-15 11:53:18,53.907910767613785,53.82598735564313,62.42482268756202,96.07,25.48514307087164,25.329639968963296,9.060542365967677,45.3,11.68558697113431,11.735677612521988,1.2981212568853564,20.755
2026-10-15 12:08:18,53.99645888950135,53.90483315690333,62.51934806835487,96.21,25.50565030598539,25.351792697625893,9.068353647315096,45.34,11.695090131985244,11.746071883073654,1.298890521799581,20.77
2026-10-15 12:23:18,54.01994590724741,53.92422437901619,62.54851406551141,96.25,25.517683307187173,25.368342598638232,9.073705505299172,45.37,11.710561341461476,11.759393188304514,1.300605316251288,20.795
2026-10-15 12:38:18,54.0942583024139,53.98682917704515,62.64187097920078,96.38,25.55126290543312,25.406421642765398,9.089914597184805,45.45,11.733664803504332,11.782477196756485,1.302798686299775,20.835
2026-10-15 12:53:18,54.14728842492888,54.04189736241109,62.70718823034584,96.48,25.574748107251075,25.43232979148141,9.100865845242646,45.505,11.755526189492594,11.811850598182493,1.3056873395887771,20.885
2026-10-15 13:08:18,54.218519309368666,54.116039344038995,62.78956433893759,96.61,25.620886092506957,25.47769433255423,9.11984952922605,45.59,11.785784575117175,11.836405027338516,1.307947042069454,20.925
2026-10-15 13:23:18,54.27124459679164,54.17037085727832,62.84487216251729,96.705,25.653289096442087,25.507704148089836,9.130702829019919,45.645,11.808081168161156,11.861156093160318,1.3113048363796325,20.97
2026-10-15 13:38:18,54.31813981559822,54.22671216467463,62.900911908824476,96.795,25.683585816210304,25.535339407997657,9.14102961823385,45.69,11.839552224029228,11.890514577970448,1.314459820658129,21.025
2026-10-15 13:53:18,54.382797174097036,54.29532953192068,62.97530751423127,96.91,25.743122636689034,25.598965310043063,9.164225508817365,45.8,11.849833981476197,11.900781711102512,1.3154470481477358,21.04
2026-10-15 14:08:18,54.4420069748789,54.35269193421439,63.044997330015185,97.02,25.79327564139899,25.653303489698537,9.178157763661527,45.88,11.877205182568272,11.935646003770012,1.3184569038259888,21.09
2026-10-15 14:23:18,54.53351819450704,54.41563457760556,63.13798863894048,97.165,25.840178049381475,25.709659393121612,9.195659620979399,45.97,11.900726827520792,11.951335502638399,1.3203840767784756,21.12
2026-10-15 14:38:18,54.60086642733652,54.48488877539503,63.22203449150757,97.29,25.87024971442236,25.731322713827605,9.205089292586921,46.015,11.914889734039166,11.962873014885133,1.3216765422529175,21.14
2026-10-15 14:53:18,54.66851168558784,54.54896158826634,63.290205678550805,97.405,25.903527093385286,25.769087734306307,9.215190711980254,46.065,11.920024198884391,11.968235570327435,1.322428866375993,21.15
2026-10-15 15:08:18,54.70608763035464,54.58163086240564,63.33497646181755,97.47,25.92385302965046,25.800058836373474,9.224707658377142,46.115,11.93111731998074,11.978249873994486,1.323675998912303,21.17
2026-10-15 15:23:18,54.762174843985875,54.65992553280957,63.42026082783617,97.6,25.952357911785697,25.83590589592398,9.235023421023353,46.165,11.954968302348492,11.998386203939232,1.3266963266499512,21.215
2026-10-15 15:38:18,54.83110397356359,54.716606369905065,63.497308952917805,97.705,25.983382779529514,25.866159337287666,9.245745200039316,46.215,11.979359049285302,12.020480074739076,1.3292140342284946,21.255
2026-10-15 15:53:18,54.88413018682959,54.78450053390379,63.586351152169975,97.83,26.024137162950062,25.91295218162002,9.264730270515766,46.3,11.992270013335867,12.03212998163254,1.3306901212874045,21.275
2026-10-15 16:08:18,54.93042344232023,54.82938112782167,63.632197362500065,97.905,26.05039600266939,25.943310976100676,9.274765012998087,46.35,12.013877166674934,12.062559673084188,1.3342156631206887,21.325
2026-10-15 16:23:18,54.99921829794896,54.897838577830754,63.71145682431449,98.025,26.084598697846403,25.977292364904127,9.283948418132297,46.4,12.03099779472177,12.081786210826541,1.3357323006855437,21.355
2026-10-15 16:38:18,55.080120928804185,54.98368072775934,63.8158835003506,98.175,26.110069521403805,26.008289694323867,9.29479944075072,46.45,12.0360370780219,12.089832554611297,1.3363787464960117,21.365
2026-10-15 16:53:18,55.144198831050396,55.04258964835338,63.87940976341465,98.29,26.135827420697474,26.03824946369068,9.30428138599663,46.5,12.054312591883038,12.10381278164442,1.3379314641790434,21.39
2026-10-15 17:08:18,55.22464662081287,55.115273218671746,63.97501420918443,98.43,26.181239881662954,26.08257216500039,9.317827261697117,46.57,12.075614511336381,12.12181599403814,1.339696976363995,21.42
2026-10-15 17:23:18,55.27604908193675,55.17461493708676,64.05842101914513,98.545,26.205222858054437,26.10818217959343,9.328892080502941,46.62,12.100967987773563,12.143729374758378,1.3423768838526369,21.465
2026-10-15 17:38:18,55.36542789877645,55.259892837493744,64.15581808505529,98.7,26.22273976164304,26.11827931119208,9.33296034493988,46.645,12.11212581375816,12.15573301769656,1.3436324246195848,21.485
2026-10-15 17:53:18,55.462526014351695,55.34336789773702,64.27020560895348,98.87,26.27785955763259,26.185348022595633,9.35627455533604,46.76,12.151040226140527,12.187664493386963,1.3463158717893962,21.54
2026-10-15 18:08:18,55.53525692713564,55.43852471423292,64.37912990952381,99.035,26.317602899194274,26.23184560951585,9.372327037414495,46.845,12.181359225335052,12.22208593635336,1.349933263148787,21.595
2026-10-15 18:23:18,55.60528960352389,55.51424415367397,64.46236152184936,99.16,26.355460841253052,26.277988407242436,9.388178199405669,46.92,12.210682404519478,12.252498716994145,1.353896154616726,21.66
2026-10-15 18:38:18,55.70251289163865,55.58750669925399,64.55917605692362,99.315,26.402237827247244,26.335650679837265,9.406536964291178,47.01,12.230025018047073,12.274675014767894,1.3557014178286586,21.7
2026-10-15 18:53:18,55.76121528200321,55.636159897660576,64.62463859949452,99.405,26.43059226111087,26.36199363327941,9.41478522244307,47.055,12.25501452787923,12.299752159799546,1.3583239584671543,21.745
2026-10-15 19:08:18,55.812961085769174,55.7003258027481,64.69665032584861,99.52,26.45967464334322,26.40314011607532,9.425437903593412,47.11,12.273852649088258,12.319479133220462,1.3603723110538783,21.785
2026-10-15 19:23:18,55.880659306095936,55.76238556128725,64.77703122570504,99.64,26.507043136640256,26.454836921441064,9.443811497473588,47.195,12.28444060526023,12.334459321303886,1.3621560695847965,21.81
2026-10-15 19:38:18,55.971026025924516,55.836897488357906,64.87843696188372,99.785,26.54343123340249,26.489139108673626,9.453543159790602,47.25,12.295535598098494,12.347247281872272,1.3635115492295442,21.83
2026-10-15 19:53:18,56.023252351537856,55.899849674600105,64.95085370326882,99.885,26.58593393747758,26.528889138606225,9.466461321034533,47.325,12.305801162448562,12.357169299253918,1.3650803214070353,21.85
2026-10-15 20:08:18,56.06185319070808,55.945852484113615,64.9928549086998,99.965,26.609465662024853,26.558884517166245,9.476149148586844,47.38,12.333909370071547,12.379569705357692,1.367691727934158,21.89
2026-10-15 20:23:18,56.10620691100231,55.9762737789352,65.03042948250894,100.025,26.646097932833737,26.596686759980162,9.489886765283448,47.445,12.356163772546674,12.400165408838646,1.3694394888139376,21.925
2026-10-15 20:38:18,56.14711724385543,56.0173501880587,65.09086323672295,100.115,26.65982868825474,26.606179151314507,9.494427320889544,47.465,12.366712793665094,12.407919811312656,1.3703144022887386,21.94
2026-10-15 20:53:18,56.251942983175155,56.10927675625854,65.20465228627826,100.285,26.690636417891184,26.63889411651684,9.505056639051435,47.51,12.38498156011003,12.427467841039736,1.3721677520253788,21.975
2026-10-15 21:08:18,56.34289358495006,56.1929923135381,65.2958291668818,100.43,26.72901639491269,26.677156337059227,9.519905193417348,47.59,12.411450765808421,12.457846456068332,1.3755109503605607,22.025
2026-10-15 21:23:18,56.44430829823485,56.28854790983209,65.40166522117438,100.61,26.77911063665874,26.717003396289552,9.535918794163342,47.67,12.42620594563644,12.471956445927772,1.377763438033978,22.055
2026-10-15 21:38:18,56.51272080881528,56.367212859836386,65.47886671107207,100.735,26.79705670684243,26.73131877584012,9.541258366980086,47.695,12.453240352261098,12.503857441773347,1.3817013925962265,22.115
2026-10-15 21:53:18,56.578906573681934,56.416590091281265,65.55452265262622,100.84,26.839072460610627,26.776777137789768,9.554107473597423,47.765,12.462803177111883,12.51116220353524,1.3827463651982719,22.13
2026-10-15 22:08:18,56.65220008379749,56.507898080766225,65.65502462425626,100.99,26.889202859094333,26.80970484945513,9.565875710665786,47.825,12.472581036009698,12.520372785570194,1.384229625366943,22.15
2026-10-15 22:23:18,56.72764416210549,56.58859985438445,65.73669570261761,101.135,26.93805422153899,26.85176151577568,9.579366769199082,47.9,12.483310841938538,12.530907623049877,1.3856996684321414,22.17
2026-10-15 22:38:18,56.822426190872875,56.6949074895254,65.84289793443473,101.31,26.962272603581216,26.873362096241614,9.59057467380261,47.95,12.498756953595002,12.544606903886613,1.3874400849644244,22.2
2026-10-15 22:53:18,56.847026466854594,56.727000596511914,65.87772840348406,101.36,26.973796051842363,26.885527237455893,9.595220051326764,47.975,12.503090152647173,12.545275651488064,1.3878776242003195,22.205
2026-10-15 23:08:18,56.89849009060791,56.77136134501086,65.92729964802884,101.445,27.000407049518767,26.905798260479724,9.605204354304467,48.02,12.518630150995552,12.555967655974742,1.3896895116004309,22.23
2026-10-15 23:23:18,56.935293893901544,56.8150773778199,65.97172278019913,101.515,27.023216385665457,26.93362686080794,9.613856047984653,48.06,12.520441567117544,12.557032852285843,1.3900838573445407,22.235
2026-10-15 23:38:18,56.976317302702654,56.85032195764357,66.01498653136449,101.59,27.050399981342984,26.957186214317904,9.623836100085194,48.11,12.528111258572883,12.566202721197202,1.391043307471319,22.25
2026-10-15 23:53:18,57.04045519627968,56.918876154751594,66.0958574558984,101.715,27.07601084734594,26.989489742099916,9.634246698013278,48.17,12.537734039665846,12.57270530454088,1.392201962266022,22.27
2026-10-16 00:08:18,57.09583132523965,56.97864814272286,66.1692007393,101.815,27.105126181607808,27.00446609236641,9.643052802559028,48.215,12.56461898633569,12.595410331685873,1.3944455132769404,22.31
2026-10-16 00:23:18,57.15887488302862,57.036972522887375,66.23750060421614,101.915,27.12251880962445,27.025429739174307,9.649710701432772,48.25,12.566987003089233,12.601770592172254,1.3950512637301427,22.32
2026-10-16 00:38:18,57.20357512456814,57.07616443422348,66.29152255150956,101.99,27.145499760519584,27.04436943503989,9.657593400180401,48.285,12.571791880696681,12.604733674046797,1.3957693217117468,22.33
2026-10-16 00:53:18,57.22889425031028,57.1080669808474,66.32487826201329,102.04,27.149213632929566,27.048226781859118,9.658457954866833,48.29,12.575747698827914,12.612972021105037,1.3965647537540045,22.34
2026-10-16 01:08:18,57.2491711960996,57.129775821955754,66.34990078314551,102.08,27.154418141435766,27.051789113897634,9.660024599083238,48.3,12.584760596743855,12.616757756730532,1.3973501007394142,22.35
2026-10-16 01:23:18,57.27610653087615,57.151168471689374,66.38416450585217,102.13,27.155818553846846,27.057292921510996,9.662326822139203,48.31,12.587990101644767,12.620265717059038,1.3975736772610583,22.355
2026-10-16 01:38:18,57.28339068906512,57.16134836705702,66.3981409702272,102.15,27.155818553846846,27.057292921510996,9.662326822139203,48.31,12.59097666356451,12.625166386441979,1.3977991264272083,22.36
2026-10-16 01:53:18,57.302643060926805,57.17998136260576,66.42187522708566,102.185,27.166070510717333,27.065813310056356,9.664488957489542,48.325,12.596936721494327,12.628135645767882,1.3983968784441088,22.37
2026-10-16 02:08:18,57.32084192279307,57.193481642715284,66.44028336778155,102.21,27.1696269963477,27.07108222083274,9.665923385396086,48.335,12.600614960030466,12.631770233489915,1.3986058304295685,22.375
2026-10-16 02:23:18,57.34742834629895,57.21937997649025,66.45944994947394,102.25,27.17164617491562,27.077628031747622,9.667951919300508,48.345,12.609252414707294,12.63449718470288,1.3994405456026089,22.385
2026-10-16 02:38:18,57.3488620041652,57.2222238274762,66.46433563741382,102.255,27.184095808629493,27.084171016047062,9.67225587607864,48.365,12.609252414707294,12.63449718470288,1.3994405456026089,22.385
2026-10-16 02:53:18,57.363381646817004,57.236823078747975,66.47684978092069,102.28,27.195139550946195,27.100107901157724,9.676207359100655,48.385,12.609252414707294,12.63449718470288,1.3994405456026089,22.385
2026-10-16 03:08:18,57.37158865113316,57.247661653459,66.49229245319647,102.3,27.195139550946195,27.100107901157724,9.676207359100655,48.385,12.610207298533263,12.637441177479026,1.3996124423489038,22.39
2026-10-16 03:23:18,57.38597748309421,57.260344016039724,66.50423642539869,102.32,27.195139550946195,27.100107901157724,9.676207359100655,48.385,12.610207298533263,12.637441177479026,1.3996124423489038,22.39
2026-10-16 03:38:18,57.38766099289902,57.264948034371564,66.50922130982869,102.325,27.195139550946195,27.100107901157724,9.676207359100655,48.385,12.610207298533263,12.637441177479026,1.3996124423489038,22.39
2026-10-16 03:53:18,57.396504343287944,57.276336772685276,66.51670363137985,102.34,27.200184130114362,27.104993337876248,9.67885299595802,48.395,12.612620990598455,12.640469842716483,1.3998646592908137,22.395
2026-10-16 04:08:18,57.40504648236278,57.28168417760159,66.52502950934537,102.35,27.200184130114362,27.104993337876248,9.67885299595802,48.395,12.612620990598455,12.640469842716483,1.3998646592908137,22.395
2026-10-16 04:23:18,57.42254156865579,57.29549871954363,66.5418558625,102.375,27.202296035150635,27.109020181340053,9.68027776897121,48.4,12.612620990598455,12.640469842716483,1.3998646592908137,22.395
2026-10-16 04:38:18,57.43306744772486,57.30991619042009,66.55252442762587,102.395,27.202296035150635,27.109020181340053,9.68027776897121,48.4,12.612620990598455,12.640469842716483,1.3998646592908137,22.395
2026-10-16 04:53:18,57.44514686974363,57.316586455684636,66.56290217014265,102.415,27.209097114746424,27.11079994589625,9.682234730204845,48.41,12.617231610265694,12.643520762053218,1.4003397705410654,22.4
2026-10-16 05:08:18,57.45297409087706,57.324695831314685,66.56792599074393,102.425,27.21565099433087,27.114558893029795,9.6841419329716,48.42,12.617231610265694,12.643520762053218,1.4003397705410654,22.4
2026-10-16 05:23:18,57.47170955564164,57.341873002224325,66.58504422598017,102.455,27.21565099433087,27.114558893029795,9.6841419329716,48.42,12.617231610265694,12.643520762053218,1.4003397705410654,22.4
2026-10-16 05:38:18,57.48092954196582,57.34846971121376,66.59742180204212,102.47,27.220494855320965,27.119044332986213,9.686906891925359,48.43,12.617231610265694,12.643520762053218,1.4003397705410654,22.4
2026-10-16 05:53:18,57.48309399289268,57.34976711368585,66.59991696055259,102.475,27.221159959096997,27.122417278965944,9.688127482827529,48.435,12.617231610265694,12.643520762053218,1.4003397705410654,22.4
2026-10-16 06:08:18,57.50527423084281,57.37689538231566,66.63142256988705,102.52,27.225729145018015,27.12337817179807,9.689494074172323,48.44,12.626179009517214,12.652458198271304,1.4014209848601848,22.415
2026-10-16 06:23:18,57.50655246825692,57.38067756837854,66.6353708040411,102.525,27.227691231402577,27.12818084317761,9.690920481204072,48.445,12.626179009517214,12.652458198271304,1.4014209848601848,22.415
2026-10-16 06:38:18,57.526478570371566,57.39803659428943,66.65852674407844,102.555,27.238912862458925,27.13529467771571,9.693288243470498,48.46,12.626179009517214,12.652458198271304,1.4014209848601848,22.415
2026-10-16 06:53:18,57.53677996269193,57.41250379283377,66.66977979716333,102.575,27.244234601795252,27.142152698579185,9.69677348774737,48.475,12.626179009517214,12.652458198271304,1.4014209848601848,22.415
2026-10-16 07:08:18,57.553151626809914,57.42469030625095,66.68415320460721,102.6,27.24936049037818,27.148250334746344,9.698690162970165,48.485,12.629988254709366,12.65824458564573,1.4021384590458712,22.425
2026-10-16 07:23:18,57.56068435834084,57.432078685073535,66.69397300155099,102.615,27.251765208658917,27.149995713195214,9.699797976351999,48.49,12.629988254709366,12.65824458564573,1.4021384590458712,22.425
2026-10-16 07:38:18,57.5804788621506,57.45291376288426,66.71618229535909,102.65,27.251765208658917,27.149995713195214,9.699797976351999,48.49,12.629988254709366,12.65824458564573,1.4021384590458712,22.425
2026-10-16 07:53:18,57.58171954458998,57.455884999783216,66.7190515911358,102.655,27.25599256770209,27.150634989540176,9.700313285241286,48.495,12.629988254709366,12.65824458564573,1.4021384590458712,22.425
2026-10-16 08:08:18,57.60001389059428,57.476529525397176,66.74206067238032,102.685,27.257363906494902,27.154239958553667,9.700984612200559,48.5,12.631180944713522,12.660662532400481,1.4025486256675666,22.43
2026-10-16 08:23:18,57.602698713973176,57.48161393116857,66.75019611585492,102.695,27.257363906494902,27.154239958553667,9.700984612200559,48.5,12.631180944713522,12.660662532400481,1.4025486256675666,22.43
2026-10-16 08:38:18,57.61134401917618,57.489423392741166,66.7563877548073,102.705,27.263272459511573,27.160483842448055,9.703185724829753,48.51,12.631180944713522,12.660662532400481,1.4025486256675666,22.43
2026-10-16 08:53:18,57.61134401917618,57.489423392741166,66.7563877548073,102.705,27.270927901205493,27.16177798131904,9.705296996588235,48.52,12.631180944713522,12.660662532400481,1.4025486256675666,22.43
2026-10-16 09:08:18,57.62242587490429,57.506662807690816,66.7763619138306,102.73,27.270927901205493,27.16177798131904,9.705296996588235,48.52,12.631180944713522,12.660662532400481,1.4025486256675666,22.43
2026-10-16 09:23:18,57.63545689252253,57.518712900017036,66.78682848362115,102.75,27.270927901205493,27.16177798131904,9.705296996588235,48.52,12.631180944713522,12.660662532400481,1.4025486256675666,22.43
2026-10-16 09:38:18,57.65692475173856,57.53226189740479,66.80789569992903,102.78,27.27807088443766,27.16619474280675,9.707860852719937,48.53,12.631180944713522,12.660662532400481,1.4025486256675666,22.43
2026-10-16 09:53:18,57.67674744530228,57.55445557665061,66.83875404342334,102.82,27.293447223776347,27.17685176954086,9.711286024149555,48.55,12.631180944713522,12.660662532400481,1.4025486256675666,22.43
2026-10-16 10:08:18,57.70490131698238,57.57899324617774,66.86115586007445,102.86,27.30924098907852,27.193453583525084,9.716173325900677,48.575,12.63551575191238,12.667537345520962,1.4033632264230747,22.44
2026-10-16 10:23:18,57.75003030203294,57.6188448191746,66.91012291299987,102.94,27.326342344016368,27.20844521789807,9.720736375248212,48.6,12.639850189652424,12.671588407589459,1.4041532300755637,22.45
2026-10-16 10:38:18,57.77100718957394,57.634268553438204,66.92753338317206,102.97,27.34991238290363,27.227043735361786,9.727540108706178,48.635,12.64209163693922,12.676769780578518,1.4046995502526254,22.46
2026-10-16 10:53:18,57.81763996072902,57.684011209617644,66.97887963716207,103.045,27.3848793435519,27.258489587457728,9.73926125459811,48.69,12.64385206591101,12.678240586534729,1.4051702957113137,22.465
2026-10-16 11:08:18,57.85295481300638,57.71635081516443,67.02387308234522,103.11,27.40211571533533,27.27134703148337,9.742268675851543,48.71,12.64385206591101,12.678240586534729,1.4051702957113137,22.465
2026-10-16 11:23:18,57.89942666210459,57.76162947850569,67.07312240126075,103.185,27.40391889525159,27.274101702721293,9.74281453576161,48.715,12.64385206591101,12.678240586534729,1.4051702957113137,22.465
2026-10-16 11:38:18,57.93103718268797,57.7908559242541,67.11056970935502,103.245,27.408022823854665,27.275092260914302,9.743992499523593,48.72,12.647693129442072,12.682407449191789,1.4057979528778313,22.475
2026-10-16 11:53:18,57.96076225760437,57.83031672401574,67.1472165898147,103.3,27.418281704081583,27.293815805033496,9.748652572383582,48.745,12.649734627130343,12.691040643602816,1.4065207541690021,22.485
2026-10-16 12:08:18,58.01314899144065,57.881209864582786,67.20952866950661,103.4,27.43202191414152,27.315556649462028,9.755167774687848,48.78,12.66339190682106,12.700947983840926,1.4078332490875285,22.505
2026-10-16 12:23:18,58.063103597241486,57.928988213310205,67.26564407914336,103.485,27.461838746243327,27.34394742432318,9.764870378686709,48.825,12.66339190682106,12.700947983840926,1.4078332490875285,22.505
2026-10-16 12:38:18,58.0995098393668,57.96205042639316,67.3105738862865,103.55,27.483002954997993,27.365492631580153,9.77368999619491,48.87,12.683350793344559,12.722725864113412,1.409888305578849,22.54
2026-10-16 12:53:18,58.14411153525938,57.99956377650027,67.35237693488588,103.615,27.49822642020562,27.382650429050308,9.77971189780983,48.9,12.702563670818208,12.740423738101931,1.4121175697329216,22.575
2026-10-16 13:08:18,58.17185308163995,58.03083716097162,67.39402542660568,103.68,27.52849599560983,27.406529929806194,9.790396618323715,48.945,12.710864664093023,12.749900189935703,1.4133079296367366,22.59
2026-10-16 13:23:18,58.205074373330426,58.06143845312081,67.4273447131041,103.73,27.54690942094325,27.42559088878271,9.796774036281043,48.98,12.715769856148997,12.756113741365972,1.4140491194051628,22.6
2026-10-16 13:38:18,58.22890874981327,58.0842640605713,67.45612711791725,103.77,27.560078294811557,27.433655764941534,9.800547079492581,49.0,12.719720028448936,12.75754052616586,1.4143326867358514,22.605
2026-10-16 13:53:18,58.3037636338276,58.15385610240453,67.54529090771928,103.895,27.591838042786094,27.459319568747958,9.807909816603988,49.04,12.726869197691537,12.764984052044369,1.414858370026166,22.62
2026-10-16 14:08:18,58.350751483944734,58.20479514806208,67.59467503998692,103.98,27.613888420709344,27.48152012915516,9.81710961901034,49.085,12.738898779343588,12.777664438580969,1.4162114834604835,22.645
2026-10-16 14:23:18,58.380571237540195,58.239507790457466,67.63209830279551,104.04,27.641784456528544,27.518992981705743,9.830557017017597,49.15,12.747103109233334,12.785570625057245,1.417443329385901,22.665
2026-10-16 14:38:18,58.419521493192086,58.283800772607286,67.67891412275574,104.105,27.663524328695893,27.528985722499158,9.838531914779763,49.185,12.747103109233334,12.785570625057245,1.417443329385901,22.665
2026-10-16 14:53:18,58.46519001386055,58.327013911187215,67.73098479983734,104.18,27.674369818401257,27.541109669756672,9.845802868543784,49.215,12.75028084050498,12.790061162433204,1.4175718713423806,22.67
2026-10-16 15:08:18,58.49361696870608,58.3581699309942,67.75813879742073,104.225,27.69317078520784,27.55866281366853,9.851584044242959,49.245,12.750913118263107,12.793227589772016,1.4179561949147705,22.675
2026-10-16 15:23:18,58.5297619794906,58.395044001481736,67.802680826136,104.29,27.71840614238879,27.574793848070062,9.859203249511706,49.285,12.771294259833729,12.81490018773086,1.4200712817229562,22.71
2026-10-16 15:38:18,58.586962076645726,58.449538554330296,67.8700534489386,104.395,27.73934376311918,27.59606777228659,9.867541902871082,49.325,12.775937573063162,12.82208215772904,1.4207122447644185,22.72
2026-10-16 15:53:18,58.64656506886176,58.496178968523914,67.93048702905968,104.485,27.765568170534966,27.611919943706596,9.874401377296573,49.365,12.783128005798908,12.830037926857779,1.4215707528985297,22.73
2026-10-16 16:08:18,58.657712304178254,58.51062943340965,67.94589987079377,104.515,27.784533415356854,27.628689564253854,9.879234921088798,49.395,12.78959042059827,12.83402769629655,1.4219198563357345,22.74
2026-10-16 16:23:18,58.7045335491962,58.55640978963087,68.00701849980119,104.605,27.813530987860084,27.659989649771163,9.891521741820887,49.455,12.801310852734055,12.849273541045735,1.4239248586826185,22.77
2026-10-16 16:38:18,58.77903861591576,58.6279630019693,68.09098696703666,104.735,27.83655886205326,27.68295138585086,9.899306332804194,49.495,12.83078876105779,12.879879783118929,1.4276240302820584,22.83
2026-10-16 16:53:18,58.85043903408466,58.69868909677733,68.17567488089793,104.86,27.864593069572184,27.708511113365006,9.907753740538187,49.54,12.839637218850022,12.887682238138103,1.4284199385980365,22.84
2026-10-16 17:08:18,58.91762439049288,58.76167582183026,68.25829357492495,104.985,27.925953906364985,27.76786251555562,9.931413560303339,49.65,12.870709451568617,12.927539944603879,1.4326002594337488,22.9
2026-10-16 17:23:18,58.980073127146376,58.824667016722714,68.32992192805754,105.1,27.97434444656574,27.818148962222494,9.945748922938398,49.73,12.887029416623093,12.94515072372546,1.433871032224354,22.925
2026-10-16 17:38:18,58.988094387932115,58.837652928801674,68.34072469697732,105.12,27.98840120422603,27.83653371852864,9.950895049652916,49.755,12.893014947079104,12.94956213470627,1.4342280291799994,22.935
2026-10-16 17:53:18,59.02243262229415,58.87566000108572,68.37921392606293,105.185,27.997665460970467,27.842581036926482,9.954695509877892,49.77,12.905007423617768,12.965665355795407,1.4359965949885514,22.965
2026-10-16 18:08:18,59.08913764587192,58.94291225675356,68.44915576599776,105.29,28.015908216342392,27.862718111932725,9.961812667458789,49.805,12.917360980166832,12.97559794392281,1.4371746685734803,22.985
2026-10-16 18:23:18,59.097880907753485,58.95283972911128,68.46652940262625,105.31,28.0319817873227,27.87338051030459,9.966437420367676,49.83,12.927360377864437,12.983124880031507,1.438429198473818,23.0
2026-10-16 18:38:18,59.120671152133006,58.976855070932814,68.48757439532342,105.345,28.05267325506714,27.89004958676889,9.974309624226835,49.865,12.936734981824053,12.993273879092158,1.4396846540520984,23.02
2026-10-16 18:53:18,59.1766219313571,59.04051691580901,68.56668673968879,105.465,28.0796032822939,27.912301713358723,9.98330199590043,49.915,12.946617202273563,13.007360490773483,1.4414178085553508,23.045
2026-10-16 19:08:18,59.223545353333634,59.086827290774096,68.62195356045716,105.555,28.099044934339318,27.924885995966207,9.989481180512701,49.95,12.956949138161821,13.01124880345592,1.442562060995006,23.06
2026-10-16 19:23:18,59.27240957971196,59.15012771313645,68.6880819921119,105.655,28.131249273394584,27.96147015811269,10.00264566355175,50.005,12.962241823534645,13.024181119112347,1.4433565175963425,23.075
2026-10-16 19:38:18,59.32376545146985,59.198713768362666,68.7380475698755,105.745,28.17919829742881,28.009622151936625,10.015769388030888,50.085,12.986253082984087,13.044259656617072,1.445246051350646,23.12
2026-10-16 19:53:18,59.37166911771039,59.24258828107406,68.78382115753378,105.825,28.212083397624095,28.039823385712268,10.027685776265427,50.145,12.99663210213874,13.054558386709248,1.446534412346984,23.14
2026-10-16 20:08:18,59.41211809376517,59.285090215504866,68.82862166659343,105.9,28.230371995919427,28.052211050370367,10.03248899724436,50.17,12.999968342334355,13.059985549941551,1.4475488908877767,23.155
2026-10-16 20:23:18,59.44587607734667,59.31995536848847,68.87242551063015,105.97,28.240884324273008,28.0596581624761,10.035625414856225,50.185,13.009134285602109,13.074378255872784,1.4483480246530016,23.17
2026-10-16 20:38:18,59.46632456309271,59.344621381283815,68.8974912377269,106.01,28.25021349376883,28.06659678965253,10.037925623058,50.195,13.019586860344752,13.081194488496157,1.4492420417219563,23.185
2026-10-16 20:53:18,59.49480191322962,59.37734299662714,68.92424335315803,106.06,28.271038632642707,28.092208974368244,10.047720741983952,50.24,13.028928802746217,13.090514866199387,1.4504140911870373,23.205
2026-10-16 21:08:18,59.55877296625538,59.45311366761239,69.00214352720668,106.18,28.314561405950837,28.132961422186064,10.063835336317117,50.315,13.028928802746217,13.090514866199387,1.4504140911870373,23.205
2026-10-16 21:23:18,59.619072700242164,59.501412035129164,69.05178586819135,106.275,28.340574071420537,28.163797810057023,10.073786597876605,50.365,13.034004296946335,13.103902460479572,1.4513656673355873,23.22
2026-10-16 21:38:18,59.686541683866686,59.561499478624995,69.12244358849242,106.385,28.369356754541975,28.19754190122854,10.083810728101776,50.42,13.040585709892577,13.11320299197814,1.452734192766122,23.24
2026-10-16 21:53:18,59.774260125016575,59.62956745796112,69.21221277235765,106.54,28.42511101761663,28.258847572815146,10.102819321519235,50.52,13.055478878997372,13.129025030715118,1.4546094981775666,23.265
2026-10-16 22:08:18,59.84538775170476,59.7071805000927,69.3009420400293,106.665,28.453994127180476,28.286052345623098,10.110394198522112,50.56,13.064545233634304,13.145430096009108,1.4555238153926804,23.285
2026-10-16 22:23:18,59.93394157564802,59.79506963928513,69.38909741419782,106.815,28.477615512642238,28.306336563156446,10.118454441142742,50.595,13.074034319921182,13.159415857162816,1.4564629327672085,23.3
2026-10-16 22:38:18,60.001619620195626,59.87679256450962,69.46604449471417,106.94,28.521303174323997,28.343590074760417,10.133798684640833,50.665,13.095213023469912,13.177195868553634,1.4584441993314605,23.335
2026-10-16 22:53:18,60.10475382584194,59.97131714917889,69.57954853587272,107.11,28.55354756499744,28.380271814757986,10.146480645070078,50.725,13.13467417850269,13.214718370325329,1.462149365442749,23.4
2026-10-16 23:08:18,60.14921661912764,60.01909593159349,69.64762778852243,107.21,28.591366501544027,28.415293221707373,10.160271060439133,50.79,13.161204365467803,13.2403537483716,1.4647220935342522,23.44
2026-10-16 23:23:18,60.21391531371067,60.10500571279897,69.72607175309659,107.34,28.629689797276246,28.44527369495834,10.174249540150381,50.86,13.183499512359061,13.255633981279427,1.4671090577013324,23.475
2026-10-16 23:38:18,60.32392228609246,60.21066016516998,69.85275228334854,107.52,28.706798140537945,28.51107845144528,10.195881224395292,50.975,13.193521171144814,13.262277013322471,1.4683019333095657,23.495
2026-10-16 23:53:18,60.389907122055,60.275442417791936,69.92853283166289,107.64,28.746669699993927,28.551889923296308,10.2117618437656,51.045,13.202858902964449,13.270925516297211,1.4692123629687563,23.51
2026-10-17 00:08:18,60.45865866717358,60.33753072908756,70.00547083534384,107.765,28.772428582175657,28.575113839482626,10.219672872952783,51.09,13.223842087241854,13.283357599015817,1.4709966043735314,23.535
2026-10-17 00:23:18,60.56646857658211,60.454885664260956,70.14147566010205,107.965,28.786316966401365,28.592150544537994,10.22707554285154,51.125,13.25526311818273,13.308305291086876,1.4736111395596312,23.585
2026-10-17 00:38:18,60.68380110479067,60.58304458613517,70.27797671839512,108.18,28.836332069593446,28.633402237198514,10.240979812962951,51.205,13.28418239644711,13.339510240865128,1.476102625175253,23.64
2026-10-17 00:53:18,60.80794271503502,60.69336307663925,70.40436922143338,108.385,28.896708094261978,28.691748599554384,10.259795523667613,51.305,13.310722858450397,13.362896770177532,1.478141386882206,23.68
2026-10-17 01:08:18,60.90513708656345,60.800397567873226,70.52244975809423,108.56,28.9267988394313,28.72396631818563,10.270761166478865,51.365,13.348477808745075,13.40388882300841,1.4819581870868688,23.74
2026-10-17 01:23:18,60.96901486127215,60.87429607672514,70.6086318925855,108.695,28.9602144720991,28.755597815693346,10.280804618833871,51.415,13.39104587781887,13.43578754543649,1.48574386892875,23.805
2026-10-17 01:38:18,60.98656556762765,60.89071991193453,70.62258018432009,108.72,28.96432540027958,28.757434247534906,10.28193820444942,51.42,13.394154940951791,13.438490530451821,1.4862136346281296,23.81
2026-10-17 01:53:18,61.00728380759861,60.91016772891998,70.64224553304898,108.75,28.972048348948135,28.76635561768791,10.284503502678863,51.43,13.394154940951791,13.438490530451821,1.4862136346281296,23.81
2026-10-17 02:08:18,61.027396517581124,60.93078852006935,70.6603252575208,108.78,28.98399244098643,28.771863160272037,10.287139418244967,51.445,13.397665616882076,13.446620148840505,1.4867718645039354,23.82
2026-10-17 02:23:18,61.03399718005276,60.9396114283547,70.67009166245754,108.795,28.988663605252633,28.775612203347606,10.28861928741224,51.45,13.397665616882076,13.446620148840505,1.4867718645039354,23.82
2026-10-17 02:38:18,61.0450423984316,60.94607834129048,70.68081677834704,108.81,28.988663605252633,28.775612203347606,10.28861928741224,51.45,13.397665616882076,13.446620148840505,1.4867718645039354,23.82
2026-10-17 02:53:18,61.0526286163001,60.95311427623874,70.68937835323571,108.825,28.992828928171882,28.778624363702768,10.290551791483427,51.46,13.400495988482845,13.450863059261877,1.4870244355975026,23.825
2026-10-17 03:08:18,61.06805337121536,60.96116640618696,70.70451768947393,108.845,28.992828928171882,28.778624363702768,10.290551791483427,51.46,13.400495988482845,13.450863059261877,1.4870244355975026,23.825
2026-10-17 03:23:18,61.07131095671515,60.96293760812226,70.70643493378014,108.85,28.992828928171882,28.778624363702768,10.290551791483427,51.46,13.400495988482845,13.450863059261877,1.4870244355975026,23.825
2026-10-17 03:38:18,61.07131095671515,60.96293760812226,70.70643493378014,108.85,28.992828928171882,28.778624363702768,10.290551791483427,51.46,13.400495988482845,13.450863059261877,1.4870244355975026,23.825
2026-10-17 03:53:18,61.078478193489666,60.97118360617039,70.71387862009857,108.86,28.997425949753467,28.780979296920965,10.29124352589501,51.465,13.400495988482845,13.450863059261877,1.4870244355975026,23.825
2026-10-17 04:08:18,61.080275908386824,60.97380563177475,70.71693983073726,108.865,28.997425949753467,28.780979296920965,10.29124352589501,51.465,13.400495988482845,13.450863059261877,1.4870244355975026,23.825
2026-10-17 04:23:18,61.080275908386824,60.97380563177475,70.71693983073726,108.865,29.00065085742628,28.785491236217553,10.292260458097763,51.47,13.400495988482845,13.450863059261877,1.4870244355975026,23.825
2026-10-17 04:38:18,61.083012902904684,60.97528734520876,70.72188645354349,108.87,29.002425633432846,28.789803952044984,10.293045762433277,51.475,13.400495988482845,13.450863059261877,1.4870244355975026,23.825
2026-10-17 04:53:18,61.088525076463384,60.97914877546823,70.72695477012526,108.88,29.002425633432846,28.789803952044984,10.293045762433277,51.475,13.400495988482845,13.450863059261877,1.4870244355975026,23.825
2026-10-17 05:08:18,61.10053694480117,60.988102074299974,70.74018325694423,108.9,29.002425633432846,28.789803952044984,10.293045762433277,51.475,13.400495988482845,13.450863059261877,1.4870244355975026,23.825
2026-10-17 05:23:18,61.11364405556386,61.002221757988025,70.75380922071636,108.925,29.002425633432846,28.789803952044984,10.293045762433277,51.475,13.400495988482845,13.450863059261877,1.4870244355975026,23.825
2026-10-17 05:38:18,61.131459528971114,61.02060408193532,70.76990103434473,108.95,29.002425633432846,28.789803952044984,10.293045762433277,51.475,13.400495988482845,13.450863059261877,1.4870244355975026,23.825
2026-10-17 05:53:18,61.137961943007966,61.02724261673719,70.77442983785001,108.96,29.00721659345999,28.794070072129735,10.293956276275686,51.48,13.400495988482845,13.450863059261877,1.4870244355975026,23.825
2026-10-17 06:08:18,61.15137318706848,61.04667997375732,70.79050512462227,108.985,29.00721659345999,28.794070072129735,10.293956276275686,51.48,13.404201358450797,13.45211083769528,1.487431782901769,23.83
2026-10-17 06:23:18,61.15651297050681,61.05451468449651,70.79474909023125,108.995,29.009997659081172,28.79652032865583,10.294599723208885,51.485,13.404201358450797,13.45211083769528,1.487431782901769,23.83
2026-10-17 06:38:18,61.170802260341965,61.0636520864849,70.8067452750798,109.015,29.009997659081172,28.79652032865583,10.294599723208885,51.485,13.40730614851199,13.453420788984356,1.4876653548423033,23.835
2026-10-17 06:53:18,61.18230271825275,61.07230811392756,70.81787307615323,109.035,29.009997659081172,28.79652032865583,10.294599723208885,51.485,13.411064822279794,13.457571072447552,1.4877981328824768,23.84
2026-10-17 07:08:18,61.2000066442459,61.08696402250832,70.83895326727202,109.07,29.014710299709552,28.797984768428577,10.295746615339649,51.49,13.415706436963704,13.460532464385993,1.488223204307771,23.845
2026-10-17 07:23:18,61.22351108028525,61.11379540556917,70.86336874278855,109.115,29.016838620415104,28.800331911811508,10.296677248766159,51.495,13.416451907701417,13.465327668206758,1.4883950975544968,23.85
2026-10-17 07:38:18,61.22889069990777,61.119031333930316,70.8682386343444,109.125,29.016838620415104,28.800331911811508,10.296677248766159,51.495,13.420289092468058,13.466201984015381,1.4887800965518103,23.855
2026-10-17 07:53:18,61.23519384066952,61.12177948238393,70.87590665983038,109.135,29.016838620415104,28.800331911811508,10.296677248766159,51.495,13.42195929480668,13.467610857698206,1.4889466442691608,23.86
2026-10-17 08:08:18,61.25035991800897,61.13563104558759,70.89456858513687,109.165,29.016838620415104,28.800331911811508,10.296677248766159,51.495,13.42195929480668,13.467610857698206,1.4889466442691608,23.86
2026-10-17 08:23:18,61.25930003207396,61.14542027303814,70.91031532810888,109.19,29.022064123477158,28.811042574345226,10.29955449421984,51.51,13.425875802103157,13.469303874090045,1.4894050252527395,23.865
2026-10-17 08:38:18,61.285794603607414,61.175400326406105,70.93763898911621,109.235,29.032950001325784,28.822554491751777,10.302019846533916,51.525,13.425875802103157,13.469303874090045,1.4894050252527395,23.865
2026-10-17 08:53:18,61.29453093024451,61.181316312208956,70.9483090943354,109.25,29.032950001325784,28.822554491751777,10.302019846533916,51.525,13.425875802103157,13.469303874090045,1.4894050252527395,23.865
2026-10-17 09:08:18,61.30710492928482,61.18552385928985,70.95559404055315,109.265,29.039263303765324,28.830819311290284,10.304272617210625,51.535,13.425875802103157,13.469303874090045,1.4894050252527395,23.865
2026-10-17 09:23:18,61.3215244769804,61.20666891634378,70.9743949087158,109.295,29.039263303765324,28.830819311290284,10.304272617210625,51.535,13.425875802103157,13.469303874090045,1.4894050252527395,23.865
2026-10-17 09:38:18,61.347100331252484,61.23685483389528,71.0058134040576,109.345,29.04688586456979,28.84271226014949,10.307465896434202,51.55,13.430593607919937,13.477057237447674,1.489986046753762,23.875
2026-10-17 09:53:18,61.36278852960203,61.24984168358485,71.0218481234351,109.37,29.051731227604726,28.849652457558506,10.30923793970937,51.56,13.436321738378547,13.487803828558985,1.490881011707609,23.89
2026-10-17 10:08:18,61.376351525558114,61.2646562903087,71.03674183871695,109.395,29.05903020908088,28.855530242860358,10.312061473908225,51.575,13.439121657899868,13.495533291321935,1.4913891748059727,23.9
2026-10-17 10:23:18,61.42320355783134,61.312038393766834,71.08981535683687,109.475,29.08557293770371,28.87963658785218,10.318803522312319,51.615,13.44839844260741,13.512305436025724,1.4928713484937677,23.925
2026-10-17 10:38:18,61.42663783626705,61.31605134053717,71.09530010993701,109.485,29.08953065210841,28.882955792332897,10.3215604041647,51.625,13.453749053345971,13.516989300474783,1.493410474925279,23.935
2026-10-17 10:53:18,61.464095585872364,61.3630631522098,71.13955751052332,109.55,29.10630003954222,28.897163843436825,10.327405588460799,51.655,13.462535523439286,13.522786310809096,1.4942162546128726,23.95
2026-10-17 11:08:18,61.48579562221101,61.38404905403963,71.16423196670887,109.59,29.11923767459846,28.90822529934981,10.33283299345599,51.68,13.4676025862042,13.533441403780492,1.495292990230432,23.965
2026-10-17 11:23:18,61.52316608536578,61.41839675670974,71.2097547863202,109.66,29.13339547429398,28.92236437297713,10.337542509498137,51.705,13.475159899031356,13.544913103657349,1.4958501268415576,23.98
2026-10-17 11:38:18,61.565729778921934,61.4586045762066,71.26364306051146,109.745,29.1551418443036,28.941497216866473,10.34458687562801,51.745,13.47903292312893,13.553572666553118,1.4968955348099962,23.995
2026-10-17 11:53:18,61.59063462657051,61.49717999140232,71.3004002497179,109.805,29.182302117748804,28.969187992911575,10.352272180325812,51.79,13.479904297268122,13.554909088285461,1.4972723277697864,24.0
2026-10-17 12:08:18,61.63418177109957,61.534743747981345,71.34345855331753,109.87,29.1894692372183,28.97777948362807,10.355738284078905,51.805,13.483639902350511,13.557325249732909,1.4977103687312319,24.005
2026-10-17 12:23:18,61.66967237281693,61.567605931646945,71.38119302750584,109.93,29.1988736545544,28.98460383539606,10.359556792060388,51.825,13.485945221223648,13.558381235840637,1.4980114158755826,24.01
2026-10-17 12:38:18,61.68331840585129,61.581743625954886,71.39503697771272,109.955,29.21438990773147,28.998661118065588,10.365318199160317,51.855,13.49544157454823,13.564911068199368,1.4987485109854146,24.02
2026-10-17 12:53:18,61.71380529965306,61.62464548242484,71.44104654989353,110.02,29.224832727725083,29.014764674568777,10.370543590870357,51.88,13.498731002328356,13.566663121223707,1.4990255323320667,24.025
2026-10-17 13:08:18,61.747089469489985,61.656256374559945,71.47951556622296,110.08,29.254258423413773,29.040883463356813,10.378380727789438,51.92,13.519037887601916,13.583275636727715,1.5014735626043163,24.06
2026-10-17 13:23:18,61.76156773336174,61.66668615898581,71.49855721870037,110.105,29.257716932341076,29.042437837106682,10.379484301601689,51.925,13.521511014651736,13.585487738133844,1.501699566850178,24.065
2026-10-17 13:38:18,61.79792761797677,61.703669593146174,71.53544660902564,110.165,29.277642951708117,29.063473128277252,10.38672082093474,51.96,13.539438050995905,13.609610530180555,1.5041161662419753,24.1
2026-10-17 13:53:18,61.81088783260828,61.72234202675447,71.5579635908897,110.195,29.290164704968838,29.073985476890208,10.391413304796616,51.98,13.543033592144166,13.611247610976216,1.5042527147700542,24.105
2026-10-17 14:08:18,61.82009704925748,61.73042253134717,71.56702220706627,110.21,29.292352898553506,29.076192051114955,10.39237354225156,51.985,13.543033592144166,13.611247610976216,1.5042527147700542,24.105
2026-10-17 14:23:18,61.82503540857149,61.7343929095767,71.57138848444508,110.215,29.292352898553506,29.076192051114955,10.39237354225156,51.985,13.543033592144166,13.611247610976216,1.5042527147700542,24.105
2026-10-17 14:38:18,61.87027048881373,61.77405973656119,71.62817465174398,110.295,29.317889699324695,29.097621580250895,10.400454619539863,52.025,13.550046730877632,13.616903086866817,1.5047386636489875,24.115
2026-10-17 14:53:18,61.89515561926837,61.79839965690037,71.65770233611507,110.335,29.325601535476757,29.10553714670516,10.402864467452165,52.04,13.55126137192734,13.621855365763903,1.5048756373903474,24.12
2026-10-17 15:08:18,61.902087889591535,61.802979617265386,71.66313061825818,110.345,29.3338999479667,29.120449010480996,10.40637985677283,52.06,13.555685709249529,13.624986779178233,1.505229920692723,24.125
2026-10-17 15:23:18,61.91679767385364,61.81287277994554,71.6816848188275,110.365,29.34243059797772,29.131904975487966,10.408842366639876,52.075,13.567335786768755,13.634475077466538,1.5061126620831418,24.14
2026-10-17 15:38:18,61.94818118192174,61.83733387214687,71.71523322063472,110.415,29.354597481149508,29.143453298058418,10.41461610739771,52.1,13.575225042405933,13.638287240538615,1.506720040599126,24.15
2026-10-17 15:53:18,61.95393813436757,61.84388637888295,71.72089788591623,110.425,29.36299310373915,29.15286539693454,10.417376639586562,52.11,13.575225042405933,13.638287240538615,1.506720040599126,24.15
2026-10-17 16:08:18,61.965670688662556,61.86237489320754,71.74345142820121,110.455,29.36727195708062,29.157519403325686,10.420901448637265,52.125,13.578784373580168,13.64208726018554,1.5069064931928033,24.155
2026-10-17 16:23:18,61.980149599275485,61.87250917074222,71.76073566704854,110.48,29.376620734142694,29.167867726917247,10.424291479730794,52.145,13.582085558551261,13.643358065230899,1.5072073084699118,24.16
2026-10-17 16:38:18,62.023865378600526,61.927865919596684,71.80752295811436,110.56,29.394563502710202,29.18357237677395,10.430828126271187,52.175,13.588770500438995,13.649824131747307,1.5078373088575767,24.17
2026-10-17 16:53:18,62.07731554186283,61.973548261767284,71.86564340803514,110.645,29.43320050562916,29.217738978198515,10.441931060408363,52.235,13.60031534624322,13.655492818520338,1.5094911598802,24.19
2026-10-17 17:08:18,62.105990362088264,61.99848959973051,71.89902443905434,110.695,29.455346868099358,29.238660382858697,10.44785025690475,52.27,13.603419018517128,13.662676375553977,1.5099298790258664,24.2
2026-10-17 17:23:18,62.13222154596536,62.023843131067125,71.93322785620066,110.75,29.47153015718821,29.25265917900196,10.454515579561585,52.3,13.607051058075616,13.665267694254569,1.5106362890064784,24.21
2026-10-17 17:38:18,62.165639685568586,62.071205949902094,71.98098041961528,110.82,29.487549990077298,29.26719641106774,10.459247554118555,52.325,13.619479836378249,13.67616024471117,1.5117136136652956,24.225
2026-10-17 17:53:18,62.187639116359364,62.09376347945789,72.00904416865772,110.86,29.52457022403472,29.292729225780906,10.470023108973466,52.375,13.635935615825957,13.69367682185016,1.5131661676415633,24.255
2026-10-17 18:08:18,62.24608272745936,62.15186233999449,72.06734269940158,110.96,29.54537113019359,29.314267609427876,10.477513081845686,52.415,13.642432182161256,13.701207662530308,1.514732943367221,24.275
2026-10-17 18:23:18,62.28788052425358,62.206102412848686,72.12349807875916,111.045,29.558606529596847,29.330553864910467,10.482891032731878,52.44,13.651315069635153,13.707596977909764,1.515336785146376,24.285
2026-10-17 18:38:18,62.3643504098366,62.29239293976284,72.22528339545374,111.19,29.6108425158265,29.378499821491975,10.499029608093348,52.53,13.66392889691883,13.725637799235974,1.5169218143248484,24.31
2026-10-17 18:53:18,62.444868599999104,62.366453878289406,72.32173532839417,111.33,29.660445809008838,29.436393579497643,10.518017101079295,52.625,13.692793111972266,13.758997995863576,1.5199601232339872,24.36
2026-10-17 19:08:18,62.52519488810191,62.44473243743535,72.41629071946763,111.47,29.68510475874706,29.47484670323589,10.529741037826415,52.69,13.704301109023913,13.771359265489888,1.5208005368098285,24.375
2026-10-17 19:23:18,62.581571169371955,62.523566392422495,72.49235252506071,111.605,29.72552640384817,29.51154131898224,10.54402884728279,52.76,13.726097988984646,13.79084183224418,1.5230760455252028,24.415
2026-10-17 19:38:18,62.67441793637064,62.61845442283077,72.59868526139857,111.765,29.754344533780014,29.532880078006535,10.55339905492139,52.81,13.75831873901082,13.8236292510019,1.5267918263800018,24.47
2026-10-17 19:53:18,62.74819915650657,62.69656871857895,72.69430622149126,111.905,29.79237234104923,29.569216669091468,10.566294241468633,52.88,13.775161920083313,13.849079716654076,1.529427552471422,24.51
2026-10-17 20:08:18,62.82957712560442,62.76446584988714,72.7795999663377,112.035,29.817710421592885,29.58919120334816,10.574707575270429,52.92,13.793583182012325,13.858250832404547,1.531319080530945,24.54
2026-10-17 20:23:18,62.893980149304234,62.81885858267109,72.8623184528177,112.15,29.861219339534493,29.642298617395276,10.591451150991139,53.01,13.807037051799117,13.869958079435479,1.533315700993143,24.565
2026-10-17 20:38:18,62.9511708888016,62.86641816140468,72.92200590213834,112.24,29.89318726881415,29.679955772841165,10.603039273752536,53.075,13.825301966075493,13.886340905938912,1.534730508517282,24.595
2026-10-17 20:53:18,63.03112083171703,62.95259789770765,73.01015488795811,112.38,29.91484119486293,29.697466755577164,10.60931920818937,53.11,13.8363235035389,13.899965148945451,1.5360060339130714,24.615
2026-10-17 21:08:18,63.10261194772782,63.02134356168219,73.07775857542151,112.5,29.92687997960997,29.705217765039265,10.613586330665669,53.13,13.852985429514943,13.91554308454286,1.5377054442759437,24.64
2026-10-17 21:23:18,63.153264307147836,63.07002508244675,73.13377225207917,112.58,29.959178239745196,29.73693126930396,10.6235936169201,53.185,13.852985429514943,13.91554308454286,1.5377054442759437,24.64
2026-10-17 21:38:18,63.18726056741989,63.108433014347085,73.17382331377827,112.64,29.968247675806964,29.747308917438026,10.625865726075778,53.2,13.860768773788157,13.919125469234702,1.5380476105829928,24.65
2026-10-17 21:53:18,63.218934937616375,63.14530127831096,73.20816020192444,112.695,29.980624411468106,29.764427314012693,10.629584847146974,53.225,13.862771043546099,13.92063113260964,1.538333701129149,24.655
2026-10-17 22:08:18,63.24727008179144,63.1625468942682,73.23142376113475,112.735,30.011033158155946,29.78767830686375,10.638228613236148,53.27,13.868170716528791,13.927852014439559,1.5390502650615565,24.665
2026-10-17 22:23:18,63.30275937282622,63.22114419770371,73.29510410686005,112.83,30.035086376562585,29.805083398904852,10.646937470607865,53.31,13.872086802454785,13.930803096429475,1.539501863590964,24.67
2026-10-17 22:38:18,63.333972844597454,63.249673811307666,73.32737063464592,112.885,30.045177236981996,29.816604752007777,10.651079710595445,53.33,13.872086802454785,13.930803096429475,1.539501863590964,24.67
2026-10-17 22:53:18,63.36999143445435,63.29271832975112,73.37370656201166,112.955,30.063966460314866,29.833360203314268,10.65573392932453,53.355,13.876333279003505,13.93339196990251,1.5397902539920318,24.675
2026-10-17 23:08:18,63.38525991773624,63.30501526867727,73.39200912926266,112.98,30.07851489168137,29.85382321382493,10.662308287429463,53.385,13.87927767354988,13.934755371672047,1.5402883111610974,24.68
2026-10-17 23:23:18,63.42818854320364,63.33874763216874,73.43832627868474,113.05,30.094594353388718,29.87024254313945,10.667632736319849,53.41,13.881690386531895,13.93791084788122,1.5405609782856438,24.685
2026-10-17 23:38:18,63.47734734673935,63.37938719468902,73.48166959219363,113.12,30.11510706522905,29.88282870866667,10.673181218369043,53.435,13.88728382206539,13.941524673500224,1.5410374188899847,24.695
2026-10-17 23:53:18,63.54108859521601,63.451944869713245,73.54015626597307,113.23,30.140941870886024,29.910898541263567,10.682255102362836,53.475,13.897122625153528,13.958993833541538,1.5428636375597133,24.72
2026-10-18 00:08:18,63.57179707037925,63.48093336082426,73.57422645637931,113.29,30.161150685088604,29.93329778230709,10.688684695900088,53.51,13.90217912182673,13.965295521769459,1.5437347313415104,24.73
2026-10-18 00:23:18,63.59931020362072,63.51015195969611,73.6060969297797,113.34,30.171587804282954,29.940411226034488,10.692021600002665,53.53,13.906618730586802,13.970510439995037,1.5445062936814715,24.74
2026-10-18 00:38:18,63.637755013276816,63.54384700201054,73.64662604839175,113.405,30.1762601613732,29.951133965369777,10.69512006553682,53.545,13.919448156560659,13.977697885230437,1.5457899007475553,24.76
2026-10-18 00:53:18,63.68807936232527,63.58471306115657,73.70477002172197,113.495,30.199105594813922,29.967774824026705,10.703155397491699,53.585,13.92085531441426,13.981348533516938,1.5459694032022027,24.765
2026-10-18 01:08:18,63.743173210565175,63.648894906571414,73.76658207000469,113.6,30.258796467124416,30.01626551186758,10.723208325645915,53.675,13.92148930108775,13.984898665762142,1.546453989380863,24.77
2026-10-18 01:23:18,63.82176202820635,63.73188857538767,73.8477741337381,113.735,30.293737963066377,30.06034760686321,10.738000514363405,53.75,13.935831998373466,13.99871929286968,1.5480797143659693,24.795
2026-10-18 01:38:18,63.83840633308624,63.74697041868985,73.86030116098601,113.76,30.306914299231146,30.072327790395903,10.74027279128947,53.765,13.944750648788625,14.003393647350268,1.5485120734779398,24.805
2026-10-18 01:53:18,63.8534896401257,63.7516279039233,73.87688666832827,113.785,30.309550474838034,30.073692469833055,10.741410832137293,53.77,13.94655131190622,14.006490633073705,1.5486794643244393,24.81
2026-10-18 02:08:18,63.86432110279795,63.76441962196019,73.89040424310959,113.805,30.314144603594517,30.078555222915327,10.742686679502098,53.775,13.951171287634853,14.010493344443589,1.5491346001024149,24.815
2026-10-18 02:23:18,63.88114215859757,63.787616575866885,73.91773231506458,113.84,30.316133564106956,30.0834828922202,10.74506920518542,53.785,13.951171287634853,14.010493344443589,1.5491346001024149,24.815
2026-10-18 02:38:18,63.890445855900126,63.796170504872705,73.92865222594241,113.855,30.33454045380051,30.096742014521784,10.750082790658213,53.81,13.954272691628871,14.014380669642312,1.5493901414394438,24.82
2026-10-18 02:53:18,63.91394120431008,63.82556395439735,73.95798760915467,113.9,30.341289212695663,30.104427345817463,10.752011784458832,53.82,13.954272691628871,14.014380669642312,1.5493901414394438,24.82
2026-10-18 03:08:18,63.93503604568383,63.84384775896941,73.984171569002,113.935,30.35244348585822,30.109044302278782,10.755015929955686,53.835,13.954272691628871,14.014380669642312,1.5493901414394438,24.82
2026-10-18 03:23:18,63.96382295292184,63.86243823338396,74.01348175926408,113.975,30.354190030810653,30.11210051447088,10.755621812805046,53.84,13.954272691628871,14.014380669642312,1.5493901414394438,24.82
2026-10-18 03:38:18,63.968797543779814,63.86748714350527,74.01872756021038,113.985,30.354190030810653,30.11210051447088,10.755621812805046,53.84,13.954272691628871,14.014380669642312,1.5493901414394438,24.82
2026-10-18 03:53:18,63.971239318085914,63.87130042571941,74.02233011577532,113.99,30.35529961880841,30.113620674941103,10.756145385375826,53.845,13.954272691628871,14.014380669642312,1.5493901414394438,24.82
2026-10-18 04:08:18,63.981805614703816,63.88481579927791,74.03392627720032,114.01,30.358451021556235,30.115970534857638,10.757636593871199,53.85,13.958235030783442,14.017922929009037,1.5497993958197773,24.825
2026-10-18 04:23:18,63.99372083314879,63.896723238747676,74.04293576193726,114.025,30.362088237911586,30.119699920404265,10.758343924013735,53.855,13.958235030783442,14.017922929009037,1.5497993958197773,24.825
2026-10-18 04:38:18,64.019228126158,63.9184589685234,74.06872203414515,114.065,30.37067693649299,30.12333602052396,10.760818344758,53.865,13.958235030783442,14.017922929009037,1.5497993958197773,24.825
2026-10-18 04:53:18,64.03507636105222,63.93110680452468,74.08085829162155,114.085,30.3736479448647,30.125514638467795,10.76213843507495,53.87,13.958235030783442,14.017922929009037,1.5497993958197773,24.825
2026-10-18 05:08:18,64.04134666082207,63.93556420061349,74.08696537149181,114.095,30.37850036305234,30.129978051541364,10.762695713765035,53.875,13.958900044448233,14.019697515840395,1.5502752254091385,24.83
2026-10-18 05:23:18,64.0594722691711,63.95200388819001,74.1054290826824,114.125,30.37963106043731,30.133783374101952,10.763509232851936,53.88,13.96561167514178,14.028272000532716,1.550991586922464,24.84
2026-10-18 05:38:18,64.08183857016797,63.9743028640128,74.12856507231058,114.16,30.386647682111406,30.13950270356143,10.765813019429286,53.895,13.96882800797878,14.029663666713382,1.5513330954348057,24.845
2026-10-18 05:53:18,64.09336019433151,63.98711612839851,74.14506890984086,114.185,30.38873323392902,30.140274635425982,10.76696226390518,53.9,13.972397442884613,14.035599876784918,1.551752280431115,24.855
2026-10-18 06:08:18,64.09953144690074,63.99628107755782,74.15366155591546,114.195,30.39333626784801,30.144638129697228,10.767635876970715,53.905,13.972397442884613,14.035599876784918,1.551752280431115,24.855
2026-10-18 06:23:18,64.11854070917698,64.01332808123914,74.17176840866892,114.225,30.39333626784801,30.144638129697228,10.767635876970715,53.905,13.972397442884613,14.035599876784918,1.551752280431115,24.855
2026-10-18 06:38:18,64.13628814349255,64.02693852390125,74.1882066753794,114.25,30.394659991668394,30.14958046501729,10.768903374107552,53.91,13.972397442884613,14.035599876784918,1.551752280431115,24.855
2026-10-18 06:53:18,64.15008361237768,64.03961537792021,74.20770665733504,114.275,30.40890436678929,30.162544103040393,10.772816829531843,53.93,13.972397442884613,14.035599876784918,1.551752280431115,24.855
2026-10-18 07:08:18,64.17957894979136,64.06057374791258,74.23497827524564,114.32,30.412305150339765,30.163515629970508,10.773486280808763,53.935,13.972397442884613,14.035599876784918,1.551752280431115,24.855
2026-10-18 07:23:18,64.1986781741017,64.07672285779486,74.25759556893732,114.35,30.418720442311823,30.16912052451747,10.776310403092008,53.945,13.973904243807521,14.036493548286824,1.5520853064622562,24.86
2026-10-18 07:38:18,64.20403511219605,64.08002958646682,74.26124807279376,114.36,30.418720442311823,30.16912052451747,10.776310403092008,53.945,13.973904243807521,14.036493548286824,1.5520853064622562,24.86
2026-10-18 07:53:18,64.21132968117715,64.08255974130968,74.26901108339509,114.37,30.433098114819288,30.181407572090816,10.779744259997956,53.965,13.97587423646681,14.038980688905262,1.5525364165718636,24.865
2026-10-18 08:08:18,64.22548691817383,64.09327164044961,74.28473417853807,114.395,30.43617631985479,30.184381130207377,10.780821420695533,53.97,13.98057098398028,14.042569170718686,1.5529965189527464,24.87
2026-10-18 08:23:18,64.23444259067863,64.10660117232241,74.2986860742748,114.415,30.43617631985479,30.184381130207377,10.780821420695533,53.97,13.98057098398028,14.042569170718686,1.5529965189527464,24.87
2026-10-18 08:38:18,64.24830548871358,64.12841806227297,74.31887594667704,114.445,30.43617631985479,30.184381130207377,10.780821420695533,53.97,13.98057098398028,14.042569170718686,1.5529965189527464,24.87
2026-10-18 08:53:18,64.27760342366608,64.15746179341134,74.35225746224076,114.495,30.446813246236847,30.195648035534575,10.784829122308842,53.99,13.98057098398028,14.042569170718686,1.5529965189527464,24.87
2026-10-18 09:08:18,64.28845777658194,64.16587035659256,74.36343183023595,114.51,30.45744397435819,30.206002557446762,10.787560373839478,54.005,13.98338419044492,14.047393980942148,1.5534464948896634,24.875
2026-10-18 09:23:18,64.29745357334888,64.1810175916304,74.37383954703388,114.53,30.45744397435819,30.206002557446762,10.787560373839478,54.005,13.98338419044492,14.047393980942148,1.5534464948896634,24.875
2026-10-18 09:38:18,64.32767226048851,64.21288199632602,74.4131798605035,114.59,30.465606831973712,30.213850067466684,10.790727336897827,54.02,13.986647156125755,14.050420630759358,1.5537089547758391,24.88
2026-10-18 09:53:18,64.35472846269882,64.23659088180878,74.4367612106381,114.63,30.47886460345559,30.226580475256107,10.794264539981507,54.04,14.002229540864914,14.065242051362755,1.5549296010279812,24.9
2026-10-18 10:08:18,64.37009207255636,64.24703378402181,74.45200503986253,114.655,30.503388478273365,30.256729825172403,10.804127882187913,54.085,14.007247164900708,14.075169079784986,1.556335276625462,24.92
2026-10-18 10:23:18,64.42538367536069,64.29474616935627,74.50657087264801,114.74,30.51971376406312,30.276095075157535,10.809578612822564,54.11,14.009851871160922,14.076960895717754,1.5565151393479926,24.925
2026-10-18 10:38:18,64.47213616288464,64.3511643300242,74.55330854653369,114.82,30.53259737365086,30.296344396630616,10.816531996647742,54.14,14.029317235437922,14.094634922899052,1.5589205150558496,24.96
2026-10-18 10:53:18,64.488019485782,64.37240751338126,74.57065105315787,114.85,30.54869977073253,30.317639399733814,10.822813445325428,54.17,14.03371968777978,14.10051593134714,1.5593931885881394,24.97
2026-10-18 11:08:18,64.50963016628597,64.40008988169903,74.60316120268416,114.9,30.557603915521785,30.323174212375097,10.824946498000386,54.18,14.038450286769152,14.104881998021883,1.559598710551954,24.975
2026-10-18 11:23:18,64.54126108699498,64.43207375918607,74.64188641567218,114.955,30.58891551977842,30.354794885618666,10.833913532104127,54.23,14.044520278553126,14.112862254671116,1.5602401050688608,24.985
2026-10-18 11:38:18,64.562037651002,64.45115957788315,74.66860828943051,114.995,30.608146415640057,30.374972979525968,10.838515758452877,54.26,14.05205139987751,14.124435109732367,1.5611936634832353,25.0
2026-10-18 11:53:18,64.58163791339551,64.47087212142627,74.69818117848867,115.03,30.626089113353434,30.39501800543209,10.843988753801147,54.29,14.064798631533542,14.135474505850265,1.5631232111052271,25.025
2026-10-18 12:08:18,64.59183063344163,64.48426666314042,74.71598769873847,115.05,30.626089113353434,30.39501800543209,10.843988753801147,54.29,14.07262353411595,14.141968466816811,1.5639609519297373,25.035
2026-10-18 12:23:18,64.62172034710494,64.51443436807278,74.74883090832286,115.1,30.64393718122278,30.40898161841585,10.848684783992029,54.315,14.074130931673293,14.146914241344923,1.5641369462077799,25.04
2026-10-18 12:38:18,64.66532059084044,64.54739664434263,74.7868577028748,115.16,30.662824636354696,30.420998626588634,10.85404796528911,54.34,14.075324537806207,14.149236897793806,1.5645075384151612,25.045
2026-10-18 12:53:18,64.7145705744392,64.60115832953682,74.84019306476061,115.245,30.695616607197966,30.445794018386877,10.866732731921235,54.4,14.095702911780108,14.173265388656606,1.5664913327999712,25.085
2026-10-18 13:08:18,64.7603495629511,64.65228968449848,74.89684469823855,115.325,30.703243387790618,30.451735855323925,10.868758038063277,54.41,14.108433485542061,14.18739821049755,1.567934366365574,25.105
2026-10-18 13:23:18,64.78134659685703,64.67223970780161,74.9186617152906,115.36,30.710677270293857,30.453095524520936,10.870307111216617,54.42,14.124742504132739,14.20394572968885,1.5697470499554524,25.13
2026-10-18 13:38:18,64.84877614861254,64.73291544782553,74.98215114617261,115.46,30.731985957058,30.473524104235818,10.878215758837136,54.46,14.135603412358543,14.21146454452775,1.5704877460174642,25.145
2026-10-18 13:53:18,64.91180741389849,64.79990203604262,75.05953710831827,115.57,30.75844970682447,30.499892241009356,10.888883972009948,54.51,14.15857959935917,14.22933464337602,1.573151271823772,25.19
2026-10-18 14:08:18,64.97689498877254,64.85212017453965,75.13101929628246,115.68,30.781980452975247,30.529812488105343,10.897042313408713,54.56,14.164558583174037,14.237805342563993,1.5742274993975456,25.205
2026-10-18 14:23:18,65.00016752157093,64.8658027005103,75.15791231320398,115.715,30.79791396788584,30.550253056005612,10.902940734424678,54.59,14.173889632283396,14.245463049038788,1.5753703919744253,25.225
2026-10-18 14:38:18,65.0406962311039,64.9160088425418,75.21309647024937,115.795,30.842435798578677,30.5907797443279,10.917902257118586,54.665,14.191011926372953,14.257627319479058,1.5765211707830789,25.25
2026-10-18 14:53:18,65.05897434664513,64.93332310917098,75.24186657009548,115.83,30.855097232395785,30.604530968252313,10.922085108631846,54.685,14.205546550403733,14.266835775755938,1.5780381083101238,25.27
2026-10-18 15:08:18,65.08674033555258,64.9623072371768,75.26808787622016,115.875,30.895286401535085,30.645945088071006,10.934870120332766,54.745,14.225731073720404,14.28320195176328,1.5793791482522517,25.3
2026-10-18 15:23:18,65.12097499024586,64.98708561026616,75.2992797298488,115.925,30.89945077106382,30.64958492876207,10.936902982764831,54.755,14.238516447179542,14.29717269694838,1.5810327691860033,25.325
2026-10-18 15:38:18,65.14348306430914,65.01465314438349,75.33750054371069,115.98,30.903380665705114,30.655989809726893,10.939982793770756,54.77,14.250958435809924,14.306367642415397,1.5829636540927126,25.35
2026-10-18 15:53:18,65.17126186042883,65.04679563952509,75.3771856710046,116.035,30.914281593848667,30.66949641977329,10.947055279429598,54.8,14.255928633726409,14.30797423698869,1.5831993150998585,25.355
2026-10-18 16:08:18,65.21704588527325,65.08537958365821,75.4245055534299,116.11,30.935688312302215,30.688889574887124,10.954698060359402,54.835,14.271906635454162,14.326665784692118,1.5846095668462137,25.38
2026-10-18 16:23:18,65.25774794301128,65.12950657231576,75.47300311591245,116.19,30.978131766572695,30.728328029349058,10.968946834598801,54.9,14.291049469993183,14.344287215357372,1.5862471053959728,25.405
2026-10-18 16:38:18,65.30625532803442,65.1817651651627,75.5406336031462,116.285,31.02106125081651,30.768864081387992,10.981683809386048,54.97,14.295321979455412,14.348532096099776,1.586888653484136,25.415
2026-10-18 16:53:18,65.33615686924972,65.20603758218385,75.57378383646552,116.335,31.04676460371503,30.792002135239102,10.990327506898687,55.01,14.308029209747797,14.36387450314201,1.5884890794649003,25.44
2026-10-18 17:08:18,65.38232381116039,65.25260495960273,75.62000175480526,116.41,31.08956196296722,30.831377181014144,11.002636564656294,55.075,14.312615945990808,14.366872518226195,1.588715223853669,25.445
2026-10-18 17:23:18,65.44190977773447,65.32317376175352,75.69462976517718,116.53,31.123179386820674,30.862558985766007,11.01335846106477,55.13,14.316576360229282,14.37761950854977,1.5895471572754747,25.46
2026-10-18 17:38:18,65.4967786495882,65.38887076288097,75.76287933007134,116.635,31.13741833083582,30.886255209764876,11.020578976251697,55.16,14.326484580440418,14.387921069053332,1.5910522916755672,25.48
2026-10-18 17:53:18,65.54680949892632,65.44497845700131,75.82314538279043,116.725,31.173832156949203,30.93085781163056,11.034770900231115,55.23,14.356308969522107,14.421183684295656,1.5941184244127604,25.525
2026-10-18 18:08:18,65.6202054821942,65.51379620257482,75.91104093300434,116.85,31.205998404229668,30.959309080637617,11.044378933677802,55.28,14.370850273737366,14.4362509679621,1.5959998253845615,25.555
2026-10-18 18:23:18,65.6611414033024,65.54594883637009,75.94601417259652,116.91,31.221399201068063,30.973979315596363,11.050120993431642,55.31,14.379617681539413,14.441954563749142,1.5967802585530124,25.57
2026-10-18 18:38:18,65.70099597512028,65.5945776746234,75.99625667251311,116.985,31.256949007847584,31.013296335737234,11.063192214237857,55.385,14.387736022835302,14.460395650974556,1.5983689928398217,25.595
2026-10-18 18:53:18,65.7245761093727,65.63065068119928,76.03071490055052,117.04,31.274031024648878,31.02594099815037,11.069110166746455,55.415,14.404235663735944,14.47906927263501,1.5995932492085725,25.62
2026-10-18 19:08:18,65.76459746985049,65.66851343628592,76.07577830947454,117.115,31.309684533708914,31.065767805424304,11.081721835919476,55.48,14.42156573724191,14.503572841862988,1.6018845085562077,25.66
2026-10-18 19:23:18,65.84823353950311,65.73955647548695,76.16132772544783,117.245,31.36242564564557,31.106314533887133,11.098044896333178,55.555,14.451740986968641,14.536079913435682,1.6046082970617332,25.71
2026-10-18 19:38:18,65.91925085914,65.800542081716,76.26005795838937,117.37,31.393616225528163,31.15247637802646,11.113614650772044,55.625,14.472211036534814,14.546229580820908,1.6058476229125729,25.735
2026-10-18 19:53:18,66.01911158836486,65.90668359923323,76.36744352618257,117.54,31.42443552784513,31.187343255261865,11.127571200314883,55.685,14.486400626297012,14.560664121050053,1.6076991573610648,25.76
2026-10-18 20:08:18,66.11050761107886,65.9980651714846,76.46674589385924,117.695,31.461492803525893,31.21808289455032,11.13881507271547,55.745,14.50307722964593,14.579570008236896,1.6089513285345687,25.785
2026-10-18 20:23:18,66.18749716907853,66.07204027913988,76.5477675016148,117.83,31.479249841516893,31.23635359196026,11.145056333171205,55.775,14.525589370027461,14.602785463723219,1.611524269612369,25.83
2026-10-18 20:38:18,66.32711410199761,66.2229934399123,76.72043614827703,118.09,31.543058030144532,31.295105766891083,11.167002302100691,55.875,14.55207285212488,14.623437659626791,1.6139844360902451,25.865
2026-10-18 20:53:18,66.42386663851131,66.31895466409951,76.83520562768523,118.27,31.591167269036678,31.335611178694514,11.18389031122933,55.955,14.558956799536155,14.632994978693715,1.6147266552117123,25.88
2026-10-18 21:08:18,66.53654463935747,66.4374506814304,76.96807125307087,118.48,31.63966112825591,31.386415202801675,11.203213890432993,56.045,14.589192644117494,14.670660079006558,1.617629170843336,25.935
2026-10-18 21:23:18,66.67900947681215,66.58528217934779,77.12747340150842,118.725,31.665839972390632,31.41493332047962,11.21355252934919,56.095,14.620273106960049,14.69690962386665,1.6210409546927553,25.985
2026-10-18 21:38:18,66.79134539840558,66.70993358135154,77.25809727543273,118.935,31.708084794424696,31.46506221784119,11.230150595418154,56.18,14.650267297054011,14.721188367303371,1.6248287834667041,26.035
2026-10-18 21:53:18,66.89811424272051,66.82588183655704,77.39509673165921,119.125,31.749357234348974,31.505788227739078,11.247207937109604,56.26,14.676774309877528,14.749628108463487,1.628035198443032,26.085
2026-10-18 22:08:18,66.961884417768,66.89008992392561,77.47241499558942,119.24,31.775627136293547,31.527510128610807,11.255263819447768,56.3,14.681791679447237,14.755045147958677,1.6286318672899702,26.095
2026-10-18 22:23:18,67.08858703766819,67.0021880068958,77.6132600873778,119.455,31.821933697281448,31.572806429073093,11.269680566532958,56.385,14.706679942333697,14.776602058959789,1.630505844021364,26.135
2026-10-18 22:38:18,67.15011072718075,67.0570961788434,77.68394682699656,119.56,31.872906943220684,31.627576502978926,11.288142683594128,56.48,14.717158405827927,14.78957886679897,1.6315569277363917,26.155
2026-10-18 22:53:18,67.24877902227962,67.14412696717778,77.77807675301243,119.72,31.91821150774704,31.66247207913419,11.301882912798442,56.545,14.730941315429599,14.802274418502426,1.6328305834198917,26.175
2026-10-18 23:08:18,67.35345274795382,67.26372968410311,77.91262265391529,119.925,31.956107266569514,31.695178209047302,11.317254680835049,56.615,14.744265638860702,14.824003586476367,1.6360844082159656,26.215
2026-10-18 23:23:18,67.45380587261202,67.35980985088395,78.03796326179837,120.115,32.00397362770548,31.740376061529588,11.332682270667227,56.695,14.771113307021572,14.84232052485909,1.6384350552373164,26.25
2026-10-18 23:38:18,67.56028937121481,67.4583867829378,78.16320914211727,120.31,32.03812121325602,31.790464853111217,11.351079234077206,56.785,14.786881004338152,14.86272876181921,1.6400646074836285,26.285
2026-10-18 23:53:18,67.66987762442156,67.57767826398825,78.29728197171791,120.525,32.115611840947174,31.856538926230666,11.37524551507079,56.91,14.818059857018792,14.88157142899052,1.6433225178825428,26.335
2026-10-19 00:08:18,67.79019056565917,67.68061717562156,78.43049043823858,120.725,32.146402480821834,31.889690035620532,11.387531141372152,56.97,14.83755466771931,14.906976275749205,1.6452606320786158,26.375
2026-10-19 00:23:18,67.93119407796718,67.83696463061348,78.60422495756767,120.995,32.19006035182179,31.935722129102235,11.403868218429771,57.06,14.868226383005013,14.946972940999029,1.6489142807284218,26.435
2026-10-19 00:38:18,68.04009478370675,67.94884734897579,78.73011403546472,121.195,32.23985418207068,31.980837592928996,11.420283706814383,57.145,14.886267944124569,14.959077974205563,1.6507563748839869,26.465
2026-10-19 00:53:18,68.13246810683485,68.05247132824816,78.83906765190504,121.37,32.27447873348154,32.02344929275117,11.434991227051096,57.22,14.92301771631375,14.994677271014925,1.6544034332449153,26.52
2026-10-19 01:08:18,68.23330691798601,68.1561511949644,78.94941069369445,121.55,32.307003725462614,32.058035364276755,11.444460423121013,57.28,14.952476592215993,15.017608593917966,1.6576844597622427,26.57
2026-10-19 01:23:18,68.34026123980821,68.25594639572351,79.07623847974307,121.735,32.340505729210356,32.098116850311406,11.45976387104381,57.345,14.969406163134089,15.03974132392636,1.6602097779452674,26.61
2026-10-19 01:38:18,68.35884708191658,68.27886848963026,79.10766053317771,121.78,32.355836980624446,32.1153940073199,11.465709096540934,57.37,14.969406163134089,15.03974132392636,1.6602097779452674,26.61
2026-10-19 01:53:18,68.40304122416173,68.3220680667903,79.15438569708637,121.855,32.36940343903356,32.12476903475525,11.469916352442185,57.39,14.969406163134089,15.03974132392636,1.6602097779452674,26.61
2026-10-19 02:08:18,68.4522926279884,68.36804483133265,79.21071651961064,121.935,32.38486275419317,32.1360316583473,11.474201242387824,57.415,14.976194122724696,15.043128638998887,1.6608380896158754,26.62
2026-10-19 02:23:18,68.4866670592922,68.40140312570324,79.24434295166249,121.995,32.392828530485254,32.1509946932135,11.478720931858268,57.435,14.981420513690093,15.047237721517321,1.661409013621099,26.63
2026-10-19 02:38:18,68.52373873478531,68.43792850858269,79.29009345794238,122.065,32.419371506452656,32.17076826149263,11.487721428254968,57.47,14.986303496630429,15.050956729573217,1.661769424653286,26.635
2026-10-19 02:53:18,68.54481991984494,68.45345798374977,79.30818891294733,122.095,32.43689720012231,32.19023566171873,11.494027041293442,57.505,14.990938925787326,15.056741079018337,1.662471939566924,26.645
2026-10-19 03:08:18,68.58679352266154,68.50129813089588,79.36354190199208,122.18,32.449394398295155,32.19997281895286,11.497689723245873,57.525,14.993758969971696,15.058652185278065,1.6627244066073419,26.65
2026-10-19 03:23:18,68.61766421879386,68.53850902044456,79.3933338797182,122.235,32.458935649200114,32.204607385272915,11.49949917594738,57.535,14.995701785680843,15.06319530597859,1.6630058899102107,26.655
2026-10-19 03:38:18,68.62132033485761,68.54395770386928,79.39967781537781,122.245,32.463281649091705,32.20930708047478,11.500214026188159,57.54,14.995701785680843,15.06319530597859,1.6630058899102107,26.655
2026-10-19 03:53:18,68.62132033485761,68.54395770386928,79.39967781537781,122.245,32.47093482471534,32.2181566185638,11.503096893342411,57.555,14.995701785680843,15.06319530597859,1.6630058899102107,26.655
2026-10-19 04:08:18,68.62749274747074,68.55202099835698,79.40569642423763,122.255,32.47215661958391,32.22192055028668,11.503845315747915,57.56,14.995701785680843,15.06319530597859,1.6630058899102107,26.655
2026-10-19 04:23:18,68.63248690990224,68.55676267213222,79.40972968318087,122.26,32.4764709136442,32.225124596351485,11.504901919296278,57.565,14.995701785680843,15.06319530597859,1.6630058899102107,26.655
2026-10-19 04:38:18,68.64236022226798,68.56334388665687,79.41860767816566,122.275,32.4764709136442,32.225124596351485,11.504901919296278,57.565,14.997898705614734,15.065953291372834,1.663175580757214,26.66
2026-10-19 04:53:18,68.64772930453702,68.56898950435108,79.42996023035313,122.29,32.4764709136442,32.225124596351485,11.504901919296278,57.565,15.001809060325797,15.068028241794917,1.6636596303625077,26.665
2026-10-19 05:08:18,68.66124627093845,68.58262589731257,79.44826960638201,122.315,32.4764709136442,32.225124596351485,11.504901919296278,57.565,15.001809060325797,15.068028241794917,1.6636596303625077,26.665
2026-10-19 05:23:18,68.67005720575655,68.5907856193525,79.45819334369885,122.33,32.47862572751244,32.229940880922015,11.505784780033112,57.57,15.001809060325797,15.068028241794917,1.6636596303625077,26.665
2026-10-19 05:38:18,68.6784602466327,68.60044929649561,79.47157889730221,122.35,32.47862572751244,32.229940880922015,11.505784780033112,57.57,15.001809060325797,15.068028241794917,1.6636596303625077,26.665
2026-10-19 05:53:18,68.6842714978941,68.60471326755155,79.47821868258305,122.36,32.48230445664492,32.23327991587459,11.506916615308135,57.575,15.0024548550425,15.071207025242082,1.6637909428008377,26.67
2026-10-19 06:08:18,68.69814077162147,68.61608706201915,79.49033744488985,122.38,32.4870705876199,32.235334661944464,11.507886755672024,57.58,15.0024548550425,15.071207025242082,1.6637909428008377,26.67
2026-10-19 06:23:18,68.71405930708801,68.63374686398255,79.51253288523266,122.415,32.4870705876199,32.235334661944464,11.507886755672024,57.58,15.004336266946643,15.072187558343556,1.6641016433604368,26.675
2026-10-19 06:38:18,68.7177305889438,68.63735340012164,79.51531402651254,122.42,32.493800900438984,32.24233973064486,11.510721950009076,57.595,15.004336266946643,15.072187558343556,1.6641016433604368,26.675
2026-10-19 06:53:18,68.72036719889672,68.63868725725925,79.51928480935493,122.425,32.50058650189951,32.249306015996844,11.512483359482772,57.605,15.004336266946643,15.072187558343556,1.6641016433604368,26.675
2026-10-19 07:08:18,68.72036719889672,68.63868725725925,79.51928480935493,122.425,32.50226480378668,32.25255707475054,11.513947875790796,57.61,15.004336266946643,15.072187558343556,1.6641016433604368,26.675
2026-10-19 07:23:18,68.72591921850196,68.64276478287768,79.52580279723976,122.435,32.50776518058594,32.25652428301825,11.516068399897982,57.62,15.004336266946643,15.072187558343556,1.6641016433604368,26.675
2026-10-19 07:38:18,68.73774541385497,68.65566802841713,79.53808846611221,122.455,32.51172020334898,32.26111071138342,11.517513225735547,57.625,15.004336266946643,15.072187558343556,1.6641016433604368,26.675
2026-10-19 07:53:18,68.74794535613347,68.66364251485943,79.54903656182083,122.47,32.516585030283174,32.26432851994182,11.519314322212344,57.635,15.004336266946643,15.072187558343556,1.6641016433604368,26.675
2026-10-19 08:08:18,68.76560920932519,68.68039816949079,79.56647820061035,122.5,32.53817913803236,32.28810013227363,11.525113894040558,57.665,15.004336266946643,15.072187558343556,1.6641016433604368,26.675
2026-10-19 08:23:18,68.77355088871178,68.6899061479629,79.57610979797587,122.515,32.53817913803236,32.28810013227363,11.525113894040558,57.665,15.006565508438213,15.075982775724334,1.664330074137858,26.68
2026-10-19 08:38:18,68.77749960591963,68.6932587682713,79.57807436432414,122.52,32.555646387135674,32.304524324064964,11.5320483165058,57.695,15.006565508438213,15.075982775724334,1.664330074137858,26.68
2026-10-19 08:53:18,68.77936889865711,68.70128856362423,79.5839081646752,122.53,32.5604538411624,32.31432280165718,11.534624608611798,57.71,15.006565508438213,15.075982775724334,1.664330074137858,26.68
2026-10-19 09:08:18,68.77936889865711,68.70128856362423,79.5839081646752,122.53,32.5604538411624,32.31432280165718,11.534624608611798,57.71,15.006565508438213,15.075982775724334,1.664330074137858,26.68
2026-10-19 09:23:18,68.78429073513868,68.70408993089391,79.58654558452014,122.535,32.5604538411624,32.31432280165718,11.534624608611798,57.71,15.006565508438213,15.075982775724334,1.664330074137858,26.68
2026-10-19 09:38:18,68.80169918818078,68.72176082229835,79.60162631071123,122.56,32.5604538411624,32.31432280165718,11.534624608611798,57.71,15.006565508438213,15.075982775724334,1.664330074137858,26.68
2026-10-19 09:53:18,68.81031588005112,68.73806642959933,79.61560594548087,122.585,32.5604538411624,32.31432280165718,11.534624608611798,57.71,15.007587142591412,15.079378954371913,1.6646210740172054,26.685
2026-10-19 10:08:18,68.84367066288675,68.7688976995794,79.64980559903503,122.635,32.56205479918443,32.31762437404898,11.535579267526035,57.715,15.007587142591412,15.079378954371913,1.6646210740172054,26.685
2026-10-19 10:23:18,68.87229362874339,68.79884566477736,79.68259435704347,122.69,32.57006048195647,32.327584720913705,11.53853019260925,57.73,15.011767747083965,15.088480508653221,1.6653681228972426,26.695
2026-10-19 10:38:18,68.89232047140561,68.8295510201721,79.71230965967766,122.74,32.58258270559555,32.3380359121738,11.541237898483642,57.75,15.016424404329836,15.089951392706368,1.6657021332259574,26.7
2026-10-19 10:53:18,68.92811896916727,68.8689207480763,79.75112282211848,122.8,32.59513691046969,32.34924018856826,11.544845277204479,57.77,15.027694663158183,15.099528408248492,1.6667504680609455,26.72
2026-10-19 11:08:18,68.9587424023243,68.89250107428079,79.78206819523606,122.85,32.60357535140827,32.35711993968736,11.547489758735614,57.785,15.028547897067245,15.10420885300164,1.6668941739053407,26.725
2026-10-19 11:23:18,68.9831819456169,68.91113735592822,79.80529486993436,122.885,32.60605784256441,32.36261308869605,11.550046418567222,57.795,15.028547897067245,15.10420885300164,1.6668941739053407,26.725
2026-10-19 11:38:18,68.98489755718457,68.91449534714674,79.80930543193797,122.89,32.60605784256441,32.36261308869605,11.550046418567222,57.795,15.028547897067245,15.10420885300164,1.6668941739053407,26.725
2026-10-19 11:53:18,69.00411217239264,68.92491543119678,79.82339120703233,122.915,32.60939933364082,32.36540090337728,11.550974299686917,57.8,15.0343486241007,15.11045231887349,1.6677440590282584,26.735
2026-10-19 12:08:18,69.0169304609562,68.93600425675605,79.83853460863979,122.935,32.60939933364082,32.36540090337728,11.550974299686917,57.8,15.03744895451757,15.116084615920379,1.6684945209212128,26.745
2026-10-19 12:23:18,69.03569939567168,68.95500024806962,79.86325228055863,122.975,32.629281121864935,32.375481369832,11.556825564966736,57.83,15.040815891070586,15.120357593768864,1.6688266660283864,26.75
2026-10-19 12:38:18,69.05910287701376,68.98561486984161,79.90068556683083,123.03,32.64388799889497,32.39280228426696,11.56396615859139,57.865,15.043834835338327,15.121817241970371,1.6693010056422999,26.755
2026-10-19 12:53:18,69.08474913155985,69.01797982692653,79.94211084467703,123.085,32.65170295558391,32.40083296596231,11.5667848057557,57.88,15.05922523447406,15.131385973114297,1.6704986360347316,26.775
2026-10-19 13:08:18,69.1192438148469,69.04956046184627,79.97353890308663,123.14,32.680764382365,32.43438192115595,11.576823938415954,57.93,15.05922523447406,15.131385973114297,1.6704986360347316,26.775
2026-10-19 13:23:18,69.15121116996629,69.07777296371319,80.01021149927729,123.195,32.689647722875954,32.43872470314291,11.580804340325557,57.945,15.064745090364406,15.136679726798874,1.6712495211719658,26.79
2026-10-19 13:38:18,69.20074989669972,69.12845212896872,80.06479976281742,123.28,32.70857507754822,32.45642861347911,11.58671960159028,57.975,15.069636717235584,15.138987053159914,1.6719162270730081,26.8
2026-10-19 13:53:18,69.21932024333651,69.14686106799635,80.08565526919443,123.315,32.72882950672862,32.477641444310315,11.595102159847968,58.01,15.079434162156437,15.150438838635825,1.6725195384223344,26.815
2026-10-19 14:08:18,69.25853768429417,69.1770659026445,80.11976673917965,123.365,32.73974723412248,32.48961430554273,11.599267403333249,58.03,15.098671961838457,15.165538057535494,1.673970187515786,26.84
2026-10-19 14:23:18,69.28602779245233,69.21022245063625,80.15626451825175,123.42,32.75125315199018,32.51052681162264,11.604704736944672,58.06,15.098671961838457,15.165538057535494,1.673970187515786,26.84
2026-10-19 14:38:18,69.31036161167066,69.24428973116511,80.19223674297531,123.475,32.76702656333437,32.530682626063346,11.61147184272118,58.095,15.1063732636673,15.169134239430008,1.6745400131024801,26.85
2026-10-19 14:53:18,69.34452174300537,69.27634224459655,80.22983749837758,123.535,32.79389908453875,32.55466239828353,11.621011358052074,58.145,15.114775325906095,15.172370762291571,1.6749939225742774,26.86
2026-10-19 15:08:18,69.38390943414097,69.31539906008503,80.27722092899783,123.6,32.81077034809286,32.57446598788251,11.62653760516922,58.175,15.122484106264851,15.175560091547371,1.6756058879772715,26.87
2026-10-19 15:23:18,69.4411701334823,69.36374253950225,80.33889657315594,123.685,32.82892570038101,32.586791563647935,11.631351648432139,58.205,15.13456306768891,15.19024759426101,1.676918998103525,26.895
2026-10-19 15:38:18,69.48131550861227,69.3992214133322,80.38538966250228,123.75,32.861207659115756,32.61740829072985,11.640520000993636,58.25,15.141131002700876,15.201868531441587,1.6779686703157124,26.91
2026-10-19 15:53:18,69.51867070895537,69.44885236310887,80.42943296381715,123.825,32.88534257590523,32.64348119015567,11.647932546544862,58.295,15.155816489782403,15.210568021100322,1.6790544922882362,26.93
2026-10-19 16:08:18,69.59278302693254,69.53588879918404,80.52216659325644,123.965,32.90186904027792,32.66715781965469,11.655336636053923,58.335,15.1654846119248,15.218587067868844,1.6804265056203027,26.945
2026-10-19 16:23:18,69.67334050165596,69.61324226934894,80.59877266748647,124.09,32.93745822425859,32.705991685682626,11.666363924081471,58.39,15.181764636162823,15.230209516683324,1.6821450915196918,26.97
2026-10-19 16:38:18,69.71924900093174,69.67206220019534,80.66289280641516,124.185,32.958218229188546,32.72960140803272,11.673918953923804,58.43,15.207264886268645,15.252253161295904,1.6842081349109985,27.01
2026-10-19 16:53:18,69.76302292845114,69.71369377549553,80.71341259031658,124.265,32.99429235486564,32.763882200104625,11.682495247305818,58.48,15.226775368477629,15.265685207534176,1.686242998171647,27.04
2026-10-19 17:08:18,69.81368361510464,69.77413348462679,80.76448318693491,124.35,33.01660130766734,32.78298482437531,11.691588660553625,58.52,15.231300812884973,15.270440242969197,1.6869087517248171,27.05
2026-10-19 17:23:18,69.87338592690803,69.82464722858998,80.820293625445,124.435,33.01855156488101,32.78668368685673,11.693015644484452,58.525,15.245338623420075,15.285960890464017,1.6886343105108768,27.075
2026-10-19 17:38:18,69.90996898441028,69.86554665151438,80.85845057846967,124.5,33.039237895093294,32.8127302712122,11.700730786606664,58.565,15.259784727308098,15.300146882734923,1.6898395063302396,27.1
2026-10-19 17:53:18,69.93532852432517,69.89698202625763,80.89475937329107,124.555,33.05032851046544,32.819457416227074,11.70442187526042,58.585,15.272803983803751,15.311506312520232,1.6912334385852625,27.12
2026-10-19 18:08:18,69.973174799304,69.930548448074,80.93529437249943,124.615,33.06831847769908,32.839229434791186,11.70929790174794,58.61,15.276087990895283,15.313187120096188,1.6918845326058005,27.13
2026-10-19 18:23:18,70.01666200850323,69.96357908226229,80.98352707317602,124.68,33.08770693710964,32.852460592972285,11.714167014457553,58.64,15.282145570999388,15.316443184374995,1.6924999634773015,27.14
2026-10-19 18:38:18,70.04711597918299,69.99702497469612,81.01400142235502,124.73,33.11674150881579,32.877760562644994,11.722231984281708,58.685,15.286783453800725,15.321050446668744,1.6933193890954454,27.155
2026-10-19 18:53:18,70.09385562060037,70.04491684263277,81.06361213231503,124.81,33.136562880843506,32.905465744850474,11.729096669208065,58.725,15.303434207964951,15.33795654394057,1.695424656442132,27.185
2026-10-19 19:08:18,70.13963845146691,70.10195062889957,81.11662247430881,124.895,33.17533737999478,32.93576025608102,11.739431742881914,58.775,15.327911694392597,15.357120137933709,1.6979488472515696,27.225
2026-10-19 19:23:18,70.17993397309394,70.15016646068656,81.16087647904892,124.975,33.19373817654112,32.951974837604375,11.746494338734534,58.81,15.33499313409331,15.364676999821812,1.6986794732397892,27.24
2026-10-19 19:38:18,70.21391243159002,70.18049750276214,81.201781410596,125.04,33.20137702206699,32.96436997493843,11.750075349003032,58.83,15.346158942189168,15.377727844366238,1.6996803752527911,27.26
2026-10-19 19:53:18,70.2618657469618,70.22390188119758,81.25374401186701,125.12,33.21025085041612,32.97978250563696,11.7554817193419,58.855,15.352626150850245,15.38292572820398,1.7004107157126063,27.27
2026-10-19 20:08:18,70.29401161269074,70.26246551996664,81.28940244589734,125.185,33.23563187597938,32.998476575544714,11.763271767070556,58.895,15.358026849543098,15.386601512730136,1.7011501101783733,27.28
2026-10-19 20:23:18,70.36873794482565,70.34388492144174,81.38521121512096,125.33,33.258154267266335,33.01696418530606,11.76952536084761,58.935,15.370902157323059,15.398032708858528,1.702873969149443,27.305
2026-10-19 20:38:18,70.42883646327707,70.40813389750947,81.46212204234395,125.445,33.28258611612668,33.03639999768217,11.777623322300077,58.975,15.38105092385475,15.406741522354862,1.7044406820185418,27.325
2026-10-19 20:53:18,70.48014180993246,70.4474304134942,81.51866550194224,125.535,33.295903908706,33.054576778296976,11.781918268921464,59.0,15.38105092385475,15.406741522354862,1.7044406820185418,27.325
2026-10-19 21:08:18,70.54071056149223,70.49440139666461,81.57690932412015,125.625,33.31570412770601,33.07409168054739,11.788649536054997,59.035,15.38964769851117,15.413985119785275,1.7050896340244683,27.335
2026-10-19 21:23:18,70.57395534531634,70.5308258757405,81.61922652198918,125.685,33.33072895835136,33.085337586588665,11.793752526888161,59.06,15.38964769851117,15.413985119785275,1.7050896340244683,27.335
2026-10-19 21:38:18,70.62036268054887,70.56648323826768,81.66804289663165,125.765,33.36360895875565,33.10512142677651,11.803714013333948,59.105,15.41329110931439,15.430483996003,1.7069801787824388,27.365
2026-10-19 21:53:18,70.65978085859248,70.62058420715206,81.72046112457915,125.855,33.37852742521354,33.11371939857574,11.807513220781422,59.125,15.419690063227852,15.439650679666183,1.7079561215781858,27.38
2026-10-19 22:08:18,70.71685603943706,70.67544712167556,81.79001861840358,125.955,33.39965461928779,33.13284150752863,11.814799230023453,59.16,15.432453983069912,15.449892889007826,1.7089319997908,27.4
2026-10-19 22:23:18,70.77017256408541,70.72180505711891,81.8367704168929,126.035,33.42547389529092,33.16003625076831,11.8264854382478,59.215,15.445781296961176,15.464140850220636,1.7104625846487733,27.425
2026-10-19 22:38:18,70.8151981220346,70.76867193308962,81.89939709587632,126.13,33.43984954089014,33.174580218406135,11.833589603281967,59.25,15.466945692015521,15.495779106638999,1.7137078834700772,27.47
2026-10-19 22:53:18,70.88916430064732,70.83941483696124,81.98435459574756,126.255,33.466156963725176,33.19835310499987,11.845773866882988,59.305,15.481966266006763,15.510770068682799,1.7156578267037064,27.495
2026-10-19 23:08:18,70.93832611312986,70.88709755485284,82.0367333366232,126.335,33.51697517966857,33.24325893493721,11.863234934654924,59.395,15.486291677166449,15.511804042153855,1.7158003487912743,27.5
2026-10-19 23:23:18,70.98116212266265,70.92279898352456,82.08393415855713,126.41,33.54318396751863,33.262777643716674,11.8724993676571,59.44,15.498520434456767,15.523548791169027,1.717310485888006,27.525
2026-10-19 23:38:18,71.0341203384786,70.96998544163317,82.14263352984037,126.505,33.556109849229316,33.27387849204283,11.879156932045934,59.465,15.50925792466602,15.5340656910553,1.7186545646247773,27.545
2026-10-19 23:53:18,71.06221847381833,71.00961388695274,82.18656302176105,126.57,33.583250112584956,33.3072691046974,11.889569247958844,59.515,15.520132952622037,15.546866242139366,1.7202397106998855,27.57
2026-10-20 00:08:18,71.08111488911344,71.02340168671078,82.20862592645581,126.605,33.59938579645241,33.327816620194874,11.89613843524985,59.545,15.534305031399283,15.5585354323623,1.7215422986462185,27.595
2026-10-20 00:23:18,71.12877563026366,71.07327754825347,82.27193418347223,126.7,33.61981404270537,33.34444706081374,11.902100074383947,59.575,15.539133646409606,15.565348589639507,1.7224507861206166,27.61
2026-10-20 00:38:18,71.16644981114712,71.12130848787861,82.31632656046658,126.775,33.63124533050622,33.35827454377016,11.905073881009475,59.595,15.553286166503403,15.57536538816032,1.7235350764217934,27.63
2026-10-20 00:53:18,71.20218203882946,71.16259848357504,82.36248034109407,126.84,33.66468997793356,33.38423480777189,11.915815614287247,59.655,15.556980214404641,15.57960459075614,1.7237058500427267,27.635
2026-10-20 01:08:18,71.2690232313695,71.22643953126631,82.42512417506784,126.955,33.6841724147094,33.402490033360706,11.924499686470057,59.695,15.568099353920667,15.595055244481648,1.7250692743742877,27.655
2026-10-20 01:23:18,71.3158854586237,71.27989144516468,82.47699902493359,127.04,33.703641006406706,33.42751914116992,11.932989303798715,59.73,15.573766784225667,15.60298784920549,1.7258853954719193,27.67
2026-10-20 01:38:18,71.32904334345304,71.29724984759238,82.49159953196143,127.065,33.71211398876613,33.43213969060492,11.935220813729341,59.74,15.573766784225667,15.60298784920549,1.7258853954719193,27.67
2026-10-20 01:53:18,71.36214029767548,71.32516555303799,82.52139884548144,127.11,33.720039872118754,33.43639123560197,11.938031234431824,59.75,15.573766784225667,15.60298784920549,1.7258853954719193,27.67
2026-10-20 02:08:18,71.36925031703045,71.33266541998296,82.52905740042458,127.12,33.7225563333224,33.43972715704268,11.939836115390946,59.76,15.579688434440582,15.606415100545066,1.7265169781190253,27.68
2026-10-20 02:23:18,71.372137747543,71.33877245457914,82.53353769003672,127.13,33.7257418194018,33.44508436327944,11.941213225987044,59.77,15.58164084530005,15.608190340804576,1.7269706223693615,27.685
2026-10-20 02:38:18,71.39384215841288,71.36164542021663,82.5513340159555,127.165,33.73402144987547,33.45310136892595,11.94414008040027,59.785,15.583831561931648,15.612086333013698,1.7271516728755727,27.69
2026-10-20 02:53:18,71.40167541125682,71.36938302601513,82.55828240985701,127.18,33.73875797615594,33.46122812705883,11.946326558610084,59.795,15.586709757448686,15.615899531935716,1.7275888410293407,27.695
2026-10-20 03:08:18,71.41734331072948,71.38757988479044,82.57966952120597,127.21,33.74031723970334,33.4619418846456,11.94697001948232,59.8,15.586709757448686,15.615899531935716,1.7275888410293407,27.695
2026-10-20 03:23:18,71.43264418502025,71.40505114426121,82.59888540496212,127.245,33.74031723970334,33.4619418846456,11.94697001948232,59.8,15.586709757448686,15.615899531935716,1.7275888410293407,27.695
