date,low_cpu,low_mem,low_num,low_ttl,mid_cpu,mid_mem,mid_num,mid_ttl,high_cpu,high_mem,high_num,high_ttl
2026-10-07 12:23:57,0.0,0.0,0.0,0.0,0.0,0.0,0.0,0.0,0.0,0.0,0.0,0.0
2026-10-07 12:38:57,0.0,0.0,0.0,0.0,0.0,0.0,0.0,0.0,0.0,0.0,0.0,0.0
2026-10-07 12:53:57,0.0,0.0,0.0,0.0,0.0,0.0,0.0,0.0,0.0,0.0,0.0,0.0
2026-10-07 13:08:57,0.0,0.0,0.0,0.0,0.0,0.0,0.0,0.0,0.0,0.0,0.0,0.0
2026-10-07 13:23:57,0.0,0.0,0.0,0.0,0.0,0.0,0.0,0.0,0.0,0.0,0.0,0.0
2026-10-07 13:38:57,0.0,0.0,0.0,0.0,0.0,0.0,0.0,0.0,0.0,0.0,0.0,0.0
2026-10-07 13:53:57,0.0,0.0,0.0,0.0,0.0,0.0,0.0,0.0,0.0,0.0,0.0,0.0
2026-10-07 14:08:57,0.0,0.0,0.0,0.0,0.0,0.0,0.0,0.0,0.0,0.0,0.0,0.0
2026-10-07 14:23:57,0.0,0.0,0.0,0.0,0.0,0.0,0.0,0.0,0.0,0.0,0.0,0.0
2026-10-07 14:38:57,0.0,0.0,0.0,0.0,0.0,0.0,0.0,0.0,0.0,0.0,0.0,0.0
2026-10-07 14:53:57,0.0,0.0,0.0,0.0,0.0,0.0,0.0,0.0,0.0,0.0,0.0,0.0
2026-10-07 15:08:57,0.0,0.0,0.0,0.0,0.0,0.0,0.0,0.0,0.0,0.0,0.0,0.0
2026-10-07 15:23:57,0.0,0.0,0.0,0.0,0.0,0.0,0.0,0.0,0.0,0.0,0.0,0.0
2026-10-07 15:38:57,0.0,0.0,0.0,0.0,0.0,0.0,0.0,0.0,0.0,0.0,0.0,0.0
2026-10-07 15:53:57,0.0010213824254821098,0.0033062003963324135,0.00381553807290725,0.005,0.0,0.0,0.0,0.0,0.0,0.0,0.0,0.0
2026-10-07 16:08:57,0.0010213824254821098,0.0033062003963324135,0.00381553807290725,0.005,0.0,0.0,0.0,0.0,0.0,0.0,0.0,0.0
2026-10-07 16:23:57,0.0010213824254821098,0.0033062003963324135,0.00381553807290725,0.005,0.0,0.0,0.0,0.0,0.0,0.0,0.0,0.0
2026-10-07 16:38:57,0.0313360556976738,0.03400589815406708,0.0419941723384971,0.06,0.012584822397141109,0.010776085152376729,0.0037530560191013345,0.02,0.0,0.0,0.0,0.0
2026-10-07 16:53:57,0.0313360556976738,0.03400589815406708,0.0419941723384971,0.06,0.012584822397141109,0.010776085152376729,0.0037530560191013345,0.02,0.0,0.0,0.0,0.0
2026-10-07 17:08:57,0.0313360556976738,0.03400589815406708,0.0419941723384971,0.06,0.012584822397141109,0.010776085152376729,0.0037530560191013345,0.02,0.0,0.0,0.0,0.0
2026-10-07 17:23:57,0.0313360556976738,0.03400589815406708,0.0419941723384971,0.06,0.012584822397141109,0.010776085152376729,0.0037530560191013345,0.02,0.0,0.0,0.0,0.0
2026-10-07 17:38:57,0.0313360556976738,0.03400589815406708,0.0419941723384971,0.06,0.012584822397141109,0.010776085152376729,0.0037530560191013345,0.02,0.0,0.0,0.0,0.0
2026-10-07 17:53:57,0.0313360556976738,0.03400589815406708,0.0419941723384971,0.06,0.012584822397141109,0.010776085152376729,0.0037530560191013345,0.02,0.0,0.0,0.0,0.0
2026-10-07 18:08:57,0.0313360556976738,0.03400589815406708,0.0419941723384971,0.06,0.012584822397141109,0.010776085152376729,0.0037530560191013345,0.02,0.0,0.0,0.0,0.0
2026-10-07 18:23:57,0.0313360556976738,0.03400589815406708,0.0419941723384971,0.06,0.012584822397141109,0.010776085152376729,0.0037530560191013345,0.02,0.0,0.0,0.0,0.0
2026-10-07 18:38:57,0.0313360556976738,0.03400589815406708,0.0419941723384971,0.06,0.012584822397141109,0.010776085152376729,0.0037530560191013345,0.02,0.0,0.0,0.0,0.0
2026-10-07 18:53:57,0.0313360556976738,0.03400589815406708,0.0419941723384971,0.06,0.012584822397141109,0.010776085152376729,0.0037530560191013345,0.02,0.0,0.0,0.0,0.0
2026-10-07 19:08:57,0.0313360556976738,0.03400589815406708,0.0419941723384971,0.06,0.012584822397141109,0.010776085152376729,0.0037530560191013345,0.02,0.0,0.0,0.0,0.0
2026-10-07 19:23:57,0.0313360556976738,0.03400589815406708,0.0419941723384971,0.06,0.012584822397141109,0.010776085152376729,0.0037530560191013345,0.02,0.0,0.0,0.0,0.0
2026-10-07 19:38:57,0.0313360556976738,0.03400589815406708,0.0419941723384971,0.06,0.012584822397141109,0.010776085152376729,0.0037530560191013345,0.02,0.0,0.0,0.0,0.0
2026-10-07 19:53:57,0.1082473928902175,0.09406470093097355,0.12409848735772906,0.19,0.04313801356666774,0.03949917737074775,0.015873656591824638,0.075,0.01382464767649182,0.006464639054961997,0.001054774018017749,0.02
2026-10-07 20:08:57,0.1082473928902175,0.09406470093097355,0.12409848735772906,0.19,0.04313801356666774,0.03949917737074775,0.015873656591824638,0.075,0.01382464767649182,0.006464639054961997,0.001054774018017749,0.02
2026-10-07 20:23:57,0.18403623510857312,0.1724152749991716,0.21561340619091815,0.33,0.06812249304465665,0.061789772457710036,0.024516254355739595,0.115,0.017540202601245534,0.009835281505350051,0.0016928984567619904,0.03
2026-10-07 20:38:57,0.18403623510857312,0.1724152749991716,0.21561340619091815,0.33,0.06812249304465665,0.061789772457710036,0.024516254355739595,0.115,0.017540202601245534,0.009835281505350051,0.0016928984567619904,0.03
2026-10-07 20:53:57,0.18403623510857312,0.1724152749991716,0.21561340619091815,0.33,0.06812249304465665,0.061789772457710036,0.024516254355739595,0.115,0.017540202601245534,0.009835281505350051,0.0016928984567619904,0.03
2026-10-07 21:08:57,0.18675732802299985,0.17527701323223743,0.21947354109464987,0.335,0.06812249304465665,0.061789772457710036,0.024516254355739595,0.115,0.017540202601245534,0.009835281505350051,0.0016928984567619904,0.03
2026-10-07 21:23:57,0.4064444283098318,0.38162492017259886,0.48020593716882815,0.72,0.14228887372636376,0.14522168079084488,0.05626192262721829,0.265,0.0457436159276685,0.04450314976008109,0.005590455455573114,0.09
2026-10-07 21:38:57,0.603143253799339,0.5565617766130014,0.6880046469225426,1.025,0.2358957306640911,0.2502647103508994,0.0940974256219493,0.445,0.07638573237638034,0.07804910556314673,0.010167101564567614,0.16
2026-10-07 21:53:57,0.603143253799339,0.5565617766130014,0.6880046469225426,1.025,0.2358957306640911,0.2502647103508994,0.0940974256219493,0.445,0.07638573237638034,0.07804910556314673,0.010167101564567614,0.16
2026-10-07 22:08:57,0.603143253799339,0.5565617766130014,0.6880046469225426,1.025,0.2358957306640911,0.2502647103508994,0.0940974256219493,0.445,0.07638573237638034,0.07804910556314673,0.010167101564567614,0.16
2026-10-07 22:23:57,0.8193604943577829,0.7670006257115215,0.9192359188423971,1.4,0.309444540409123,0.34250768954907257,0.12372343541302594,0.595,0.12007845586089615,0.11953325730339419,0.014922579633871589,0.24
2026-10-07 22:38:57,1.0735815297197728,1.0122129557912056,1.1886871390640756,1.83,0.4125976542248673,0.4410366775869526,0.16365906879583259,0.785,0.1604200986178085,0.1540279788292704,0.0190128201976982,0.31
2026-10-07 22:53:57,1.2685877970195256,1.2178032790748905,1.4344111762223062,2.2,0.5131351930663797,0.5526956894875409,0.19667647257110601,0.96,0.20548066026463307,0.2070933145838184,0.024819944343834072,0.4
2026-10-07 23:08:57,1.2903059775364107,1.2521896589963706,1.4611641269434945,2.245,0.5250480246100675,0.5635877971454829,0.2004889322133997,0.98,0.2183079637717274,0.22126834783770702,0.026259273853629764,0.425
2026-10-07 23:23:57,1.2903059775364107,1.2521896589963706,1.4611641269434945,2.245,0.5250480246100675,0.5635877971454829,0.2004889322133997,0.98,0.2183079637717274,0.22126834783770702,0.026259273853629764,0.425
2026-10-07 23:38:57,1.2919149030393497,1.2571231227859692,1.4647610455337894,2.25,0.5250480246100675,0.5635877971454829,0.2004889322133997,0.98,0.2183079637717274,0.22126834783770702,0.026259273853629764,0.425
2026-10-07 23:53:57,1.293724616659667,1.26109889383859,1.4674189710240955,2.255,0.5250480246100675,0.5635877971454829,0.2004889322133997,0.98,0.2183079637717274,0.22126834783770702,0.026259273853629764,0.425
2026-10-08 00:08:57,1.2956887650813347,1.2636320612326926,1.470727816826655,2.26,0.5250480246100675,0.5635877971454829,0.2004889322133997,0.98,0.2183079637717274,0.22126834783770702,0.026259273853629764,0.425
2026-10-08 00:23:57,1.300245864085359,1.2671829270351604,1.475171161685614,2.265,0.5250480246100675,0.5635877971454829,0.2004889322133997,0.98,0.2183079637717274,0.22126834783770702,0.026259273853629764,0.425
2026-10-08 00:38:57,1.300245864085359,1.2671829270351604,1.475171161685614,2.265,0.5250480246100675,0.5635877971454829,0.2004889322133997,0.98,0.2183079637717274,0.22126834783770702,0.026259273853629764,0.425
2026-10-08 00:53:57,1.300245864085359,1.2671829270351604,1.475171161685614,2.265,0.5250480246100675,0.5635877971454829,0.2004889322133997,0.98,0.2183079637717274,0.22126834783770702,0.026259273853629764,0.425
2026-10-08 01:08:57,1.5543712345554577,1.5203923156109684,1.7719385370340612,2.71,0.6333781662678298,0.675365248552743,0.24135079592220207,1.175,0.2716923123490772,0.2697569481056059,0.03141469956020871,0.51
2026-10-08 01:23:57,1.5543712345554577,1.5203923156109684,1.7719385370340612,2.71,0.6333781662678298,0.675365248552743,0.24135079592220207,1.175,0.2716923123490772,0.2697569481056059,0.03141469956020871,0.51
2026-10-08 01:38:57,1.5543712345554577,1.5203923156109684,1.7719385370340612,2.71,0.6333781662678298,0.675365248552743,0.24135079592220207,1.175,0.2716923123490772,0.2697569481056059,0.03141469956020871,0.51
2026-10-08 01:53:57,1.5543712345554577,1.5203923156109684,1.7719385370340612,2.71,0.6333781662678298,0.675365248552743,0.24135079592220207,1.175,0.2716923123490772,0.2697569481056059,0.03141469956020871,0.51
2026-10-08 02:08:57,1.5543712345554577,1.5203923156109684,1.7719385370340612,2.71,0.6333781662678298,0.675365248552743,0.24135079592220207,1.175,0.2716923123490772,0.2697569481056059,0.03141469956020871,0.51
2026-10-08 02:23:57,1.5543712345554577,1.5203923156109684,1.7719385370340612,2.71,0.6333781662678298,0.675365248552743,0.24135079592220207,1.175,0.2716923123490772,0.2697569481056059,0.03141469956020871,0.51
2026-10-08 02:38:57,1.5543712345554577,1.5203923156109684,1.7719385370340612,2.71,0.6333781662678298,0.675365248552743,0.24135079592220207,1.175,0.2716923123490772,0.2697569481056059,0.03141469956020871,0.51
2026-10-08 02:53:57,1.5543712345554577,1.5203923156109684,1.7719385370340612,2.71,0.6333781662678298,0.675365248552743,0.24135079592220207,1.175,0.2716923123490772,0.2697569481056059,0.03141469956020871,0.51
2026-10-08 03:08:57,1.5543712345554577,1.5203923156109684,1.7719385370340612,2.71,0.6333781662678298,0.675365248552743,0.24135079592220207,1.175,0.2716923123490772,0.2697569481056059,0.03141469956020871,0.51
2026-10-08 03:23:57,1.5543712345554577,1.5203923156109684,1.7719385370340612,2.71,0.6333781662678298,0.675365248552743,0.24135079592220207,1.175,0.2716923123490772,0.2697569481056059,0.03141469956020871,0.51
2026-10-08 03:38:57,1.5543712345554577,1.5203923156109684,1.7719385370340612,2.71,0.6333781662678298,0.675365248552743,0.24135079592220207,1.175,0.2716923123490772,0.2697569481056059,0.03141469956020871,0.51
2026-10-08 03:53:57,1.5543712345554577,1.5203923156109684,1.7719385370340612,2.71,0.6333781662678298,0.675365248552743,0.24135079592220207,1.175,0.2716923123490772,0.2697569481056059,0.03141469956020871,0.51
2026-10-08 04:08:57,1.5543712345554577,1.5203923156109684,1.7719385370340612,2.71,0.6372482629454287,0.6794885230658276,0.24274062460870238,1.18,0.2716923123490772,0.2697569481056059,0.03141469956020871,0.51
2026-10-08 04:23:57,1.5543712345554577,1.5203923156109684,1.7719385370340612,2.71,0.6372482629454287,0.6794885230658276,0.24274062460870238,1.18,0.2716923123490772,0.2697569481056059,0.03141469956020871,0.51
2026-10-08 04:38:57,1.5543712345554577,1.5203923156109684,1.7719385370340612,2.71,0.6372482629454287,0.6794885230658276,0.24274062460870238,1.18,0.2716923123490772,0.2697569481056059,0.03141469956020871,0.51
2026-10-08 04:53:57,1.5543712345554577,1.5203923156109684,1.7719385370340612,2.71,0.6372482629454287,0.6794885230658276,0.24274062460870238,1.18,0.2716923123490772,0.2697569481056059,0.03141469956020871,0.51
2026-10-08 05:08:57,1.5543712345554577,1.5203923156109684,1.7719385370340612,2.71,0.6372482629454287,0.6794885230658276,0.24274062460870238,1.18,0.2716923123490772,0.2697569481056059,0.03141469956020871,0.51
2026-10-08 05:23:57,1.5543712345554577,1.5203923156109684,1.7719385370340612,2.71,0.6372482629454287,0.6794885230658276,0.24274062460870238,1.18,0.2716923123490772,0.2697569481056059,0.03141469956020871,0.51
2026-10-08 05:38:57,1.5543712345554577,1.5203923156109684,1.7719385370340612,2.71,0.6372482629454287,0.6794885230658276,0.24274062460870238,1.18,0.2716923123490772,0.2697569481056059,0.03141469956020871,0.51
2026-10-08 05:53:57,1.5543712345554577,1.5203923156109684,1.7719385370340612,2.71,0.6372482629454287,0.6794885230658276,0.24274062460870238,1.18,0.2716923123490772,0.2697569481056059,0.03141469956020871,0.51
2026-10-08 06:08:57,1.5543712345554577,1.5203923156109684,1.7719385370340612,2.71,0.6372482629454287,0.6794885230658276,0.24274062460870238,1.18,0.2716923123490772,0.2697569481056059,0.03141469956020871,0.51
2026-10-08 06:23:57,1.5543712345554577,1.5203923156109684,1.7719385370340612,2.71,0.6372482629454287,0.6794885230658276,0.24274062460870238,1.18,0.2716923123490772,0.2697569481056059,0.03141469956020871,0.51
2026-10-08 06:38:57,1.557139343675608,1.5273912167479766,1.7782150166506687,2.72,0.6372482629454287,0.6794885230658276,0.24274062460870238,1.18,0.2716923123490772,0.2697569481056059,0.03141469956020871,0.51
2026-10-08 06:53:57,1.557139343675608,1.5273912167479766,1.7782150166506687,2.72,0.6420605196294119,0.6828995186267628,0.2441047922211754,1.185,0.2716923123490772,0.2697569481056059,0.03141469956020871,0.51
2026-10-08 07:08:57,1.557139343675608,1.5273912167479766,1.7782150166506687,2.72,0.6420605196294119,0.6828995186267628,0.2441047922211754,1.185,0.2716923123490772,0.2697569481056059,0.03141469956020871,0.51
2026-10-08 07:23:57,1.557139343675608,1.5273912167479766,1.7782150166506687,2.72,0.6420605196294119,0.6828995186267628,0.2441047922211754,1.185,0.2716923123490772,0.2697569481056059,0.03141469956020871,0.51
2026-10-08 07:38:57,1.557139343675608,1.5273912167479766,1.7782150166506687,2.72,0.6420605196294119,0.6828995186267628,0.2441047922211754,1.185,0.2716923123490772,0.2697569481056059,0.03141469956020871,0.51
2026-10-08 07:53:57,1.5619048334005838,1.5307498342185126,1.7815321492864362,2.725,0.6420605196294119,0.6828995186267628,0.2441047922211754,1.185,0.2716923123490772,0.2697569481056059,0.03141469956020871,0.51
2026-10-08 08:08:57,1.5619048334005838,1.5307498342185126,1.7815321492864362,2.725,0.6420605196294119,0.6828995186267628,0.2441047922211754,1.185,0.2716923123490772,0.2697569481056059,0.03141469956020871,0.51
2026-10-08 08:23:57,1.5619048334005838,1.5307498342185126,1.7815321492864362,2.725,0.6420605196294119,0.6828995186267628,0.2441047922211754,1.185,0.2716923123490772,0.2697569481056059,0.03141469956020871,0.51
2026-10-08 08:38:57,1.5619048334005838,1.5307498342185126,1.7815321492864362,2.725,0.6420605196294119,0.6828995186267628,0.2441047922211754,1.185,0.2716923123490772,0.2697569481056059,0.03141469956020871,0.51
2026-10-08 08:53:57,1.5619048334005838,1.5307498342185126,1.7815321492864362,2.725,0.6420605196294119,0.6828995186267628,0.2441047922211754,1.185,0.2716923123490772,0.2697569481056059,0.03141469956020871,0.51
2026-10-08 09:08:57,1.5619048334005838,1.5307498342185126,1.7815321492864362,2.725,0.6420605196294119,0.6828995186267628,0.2441047922211754,1.185,0.2716923123490772,0.2697569481056059,0.03141469956020871,0.51
2026-10-08 09:23:57,1.5619048334005838,1.5307498342185126,1.7815321492864362,2.725,0.6420605196294119,0.6828995186267628,0.2441047922211754,1.185,0.2716923123490772,0.2697569481056059,0.03141469956020871,0.51
2026-10-08 09:38:57,1.5619048334005838,1.5307498342185126,1.7815321492864362,2.725,0.6420605196294119,0.6828995186267628,0.2441047922211754,1.185,0.2716923123490772,0.2697569481056059,0.03141469956020871,0.51
2026-10-08 09:53:57,1.5619048334005838,1.5307498342185126,1.7815321492864362,2.725,0.6441364075188982,0.6847737148186979,0.24523229641556846,1.19,0.2716923123490772,0.2697569481056059,0.03141469956020871,0.51
2026-10-08 10:08:57,1.5619048334005838,1.5307498342185126,1.7815321492864362,2.725,0.6441364075188982,0.6847737148186979,0.24523229641556846,1.19,0.2716923123490772,0.2697569481056059,0.03141469956020871,0.51
2026-10-08 10:23:57,1.5619048334005838,1.5307498342185126,1.7815321492864362,2.725,0.6441364075188982,0.6847737148186979,0.24523229641556846,1.19,0.2716923123490772,0.2697569481056059,0.03141469956020871,0.51
2026-10-08 10:38:57,1.5619048334005838,1.5307498342185126,1.7815321492864362,2.725,0.6441364075188982,0.6847737148186979,0.24523229641556846,1.19,0.2716923123490772,0.2697569481056059,0.03141469956020871,0.51
2026-10-08 10:53:57,1.5619048334005838,1.5307498342185126,1.7815321492864362,2.725,0.647898528932329,0.6887928850038577,0.24632635548448029,1.195,0.2716923123490772,0.2697569481056059,0.03141469956020871,0.51
2026-10-08 11:08:57,1.5619048334005838,1.5307498342185126,1.7815321492864362,2.725,0.647898528932329,0.6887928850038577,0.24632635548448029,1.195,0.2716923123490772,0.2697569481056059,0.03141469956020871,0.51
2026-10-08 11:23:57,1.5619048334005838,1.5307498342185126,1.7815321492864362,2.725,0.647898528932329,0.6887928850038577,0.24632635548448029,1.195,0.2716923123490772,0.2697569481056059,0.03141469956020871,0.51
2026-10-08 11:38:57,1.5619048334005838,1.5307498342185126,1.7815321492864362,2.725,0.647898528932329,0.6887928850038577,0.24632635548448029,1.195,0.2716923123490772,0.2697569481056059,0.03141469956020871,0.51
2026-10-08 11:53:57,1.5619048334005838,1.5307498342185126,1.7815321492864362,2.725,0.647898528932329,0.6887928850038577,0.24632635548448029,1.195,0.2716923123490772,0.2697569481056059,0.03141469956020871,0.51
2026-10-08 12:08:57,1.6665281170629216,1.6281726492396478,1.8887483645962004,2.9,0.6630441063916968,0.7069690986081335,0.2521138456641858,1.225,0.2836807875923326,0.2854353598926416,0.032776634944341146,0.535
2026-10-08 12:23:57,1.7004373308804448,1.663787899550827,1.9303856077845167,2.97,0.6741270922927128,0.7244013374052335,0.2598383744395861,1.26,0.2836807875923326,0.2854353598926416,0.032776634944341146,0.535
2026-10-08 12:38:57,1.7389730158239625,1.7081707045928418,1.9749315436890902,3.045,0.6837046772666447,0.7377146107061715,0.2649507327785698,1.285,0.2858069995677638,0.2863031997811422,0.03315284408691125,0.54
2026-10-08 12:53:57,1.7389730158239625,1.7081707045928418,1.9749315436890902,3.045,0.6837046772666447,0.7377146107061715,0.2649507327785698,1.285,0.2858069995677638,0.2863031997811422,0.03315284408691125,0.54
2026-10-08 13:08:57,1.7389730158239625,1.7081707045928418,1.9749315436890902,3.045,0.6837046772666447,0.7377146107061715,0.2649507327785698,1.285,0.2858069995677638,0.2863031997811422,0.03315284408691125,0.54
2026-10-08 13:23:57,1.7868743853705729,1.7554352950771999,2.0395365775278176,3.14,0.7063726837330853,0.753282306048525,0.27240264018297944,1.325,0.29003783326542953,0.28799324191475467,0.03376972524185748,0.55
2026-10-08 13:38:57,1.8333226166223926,1.8058006169656577,2.0914921172332597,3.22,0.7250957037057123,0.775356285468911,0.28021036966327223,1.365,0.2991180328434379,0.29858469400542387,0.03558883157748731,0.57
2026-10-08 13:53:57,1.873607680987362,1.8598701749117181,2.1520989739944736,3.31,0.7443546178456945,0.795377477471317,0.28819708217132833,1.4,0.3073577124436629,0.30996047348531114,0.03664995175512474,0.585
2026-10-08 14:08:57,1.9050327541091923,1.8922673178906027,2.189068426260548,3.37,0.7694708636447665,0.8240171716141539,0.29752541566176244,1.445,0.3073577124436629,0.30996047348531114,0.03664995175512474,0.585
2026-10-08 14:23:57,1.9854546346500574,1.9674836768084099,2.2766613985916,3.5,0.8009615920689591,0.8530184782958631,0.30750334818618175,1.5,0.31383451574703297,0.3160229162729716,0.037934015584356585,0.6
2026-10-08 14:38:57,1.9854546346500574,1.9674836768084099,2.2766613985916,3.5,0.8009615920689591,0.8530184782958631,0.30750334818618175,1.5,0.31383451574703297,0.3160229162729716,0.037934015584356585,0.6
2026-10-08 14:53:57,2.054036741641259,2.036471385313035,2.3506278026654517,3.61,0.8175726001769684,0.8759180756061065,0.3144117687315126,1.535,0.3186370395543064,0.3209357857971258,0.03857364113023082,0.61
2026-10-08 15:08:57,2.1135469360337824,2.0907039590030223,2.4172258595992204,3.71,0.8297688261310824,0.8948035565296601,0.32116114268320606,1.565,0.32834778847708845,0.3303977970602575,0.039585754860259635,0.625
2026-10-08 15:23:57,2.1589281450911577,2.138077143223121,2.4782466653539363,3.8,0.8434968828361407,0.9107699135062464,0.32658557848357056,1.59,0.3377729206189257,0.33522375976799024,0.040338785894366944,0.635
2026-10-08 15:38:57,2.238406595689607,2.211127107169433,2.5628243303708946,3.925,0.861015525316844,0.937198885043224,0.3339979735074608,1.63,0.3461348968629606,0.34161298890552155,0.04064548807933262,0.645
2026-10-08 15:53:57,2.324955965798581,2.2990515460557184,2.661946058906143,4.085,0.8675834726770455,0.942808595161963,0.3355377620155763,1.64,0.3528402080033921,0.3457538997948287,0.04148566415451118,0.655
2026-10-08 16:08:57,2.4234390513642325,2.4018199521909414,2.778508747958017,4.26,0.9119689076697484,0.9885316710188766,0.3545519993711541,1.735,0.37166900164488204,0.3608064298553246,0.043237473543443726,0.685
2026-10-08 16:23:57,2.4723099291796844,2.454214032714108,2.831572620216315,4.355,0.9238542866706521,1.004053761261098,0.3585907944481014,1.755,0.37385844560511095,0.36504220904902346,0.043385679595896384,0.69
2026-10-08 16:38:57,2.5285872247239864,2.5070640908769604,2.8939279485134084,4.465,0.9426626805930783,1.0272677459408286,0.36355247125264384,1.785,0.37732677898842315,0.3659136785369723,0.0436371228076828,0.695
2026-10-08 16:53:57,2.578663089613055,2.5577579276686664,2.9552533019570264,4.56,0.9492146956180326,1.0449176444161257,0.36795819070984603,1.805,0.380141788712768,0.3717440216103559,0.044152428619157795,0.705
2026-10-08 17:08:57,2.6577936030348055,2.633047760684342,3.0409412218094154,4.685,0.975380294685969,1.0658480634465264,0.3779002640935766,1.845,0.3884512494923079,0.3828733199187383,0.0449616981692661,0.725
2026-10-08 17:23:57,2.714611714532895,2.696921568441209,3.1041546767908104,4.795,1.002244283287929,1.0886472977365853,0.38592936742628586,1.885,0.3972351377956279,0.38942906822408224,0.04585065247380137,0.74
2026-10-08 17:38:57,2.7587836668446917,2.748891841484275,3.157606657714842,4.885,1.0277528869388803,1.1208311696370807,0.39675723646674693,1.94,0.39836676640930185,0.39392777441811005,0.046132890755292894,0.745
2026-10-08 17:53:57,2.80596741701894,2.804217428645736,3.218534360880829,4.98,1.041151995041678,1.1338378442031698,0.4012257241864781,1.965,0.39836676640930185,0.39392777441811005,0.046132890755292894,0.745
2026-10-08 18:08:57,2.8748633848434695,2.875304341101792,3.300470708788775,5.105,1.0561673235917426,1.1487984160954758,0.40639824956673337,1.995,0.4004121887065193,0.39874015491596937,0.04640055644390862,0.75
2026-10-08 18:23:57,3.0327968124521116,3.0315075399100704,3.4930061006030746,5.4,1.145704138891322,1.2190537762058216,0.43814271515897724,2.145,0.4349035228207109,0.4375982451304199,0.0503345559318628,0.81
2026-10-08 18:38:57,3.0327968124521116,3.0315075399100704,3.4930061006030746,5.4,1.145704138891322,1.2190537762058216,0.43814271515897724,2.145,0.4349035228207109,0.4375982451304199,0.0503345559318628,0.81
2026-10-08 18:53:57,3.1935749972286223,3.2032735285617906,3.677671456477516,5.685,1.1870666290152103,1.2763365394249764,0.45743426175861235,2.235,0.465507350991012,0.4706049192932308,0.05382054595714368,0.875
2026-10-08 19:08:57,3.459132735117658,3.4690710072317135,3.9867378776407194,6.16,1.3257245213822304,1.4069803644262129,0.510657816661123,2.49,0.5313308503010515,0.5348877197719416,0.060558702495243505,0.99
2026-10-08 19:23:57,3.6544197972779515,3.6733207318763594,4.239945210147063,6.535,1.4230576937297996,1.490767176673033,0.544371796898893,2.645,0.5660659630964116,0.572033200934696,0.06407690202990847,1.04
2026-10-08 19:38:57,3.863264187318087,3.880181382416246,4.481595048320855,6.89,1.5006364304395376,1.5693024212526632,0.5688049217769422,2.78,0.6029710051904424,0.6252366066355041,0.0697781615941757,1.125
2026-10-08 19:53:57,4.069258228866282,4.086518081536729,4.72074107727211,7.255,1.5924162632000902,1.6649208116277927,0.6041454714669963,2.955,0.6332006248020655,0.6546229886077903,0.07356639618854723,1.175
2026-10-08 20:08:57,4.298588046058928,4.315032389206108,4.978494062766258,7.66,1.7029594815100653,1.7795881198104933,0.6484589175034008,3.175,0.6666009460036433,0.6932933222192583,0.07782372460109305,1.245
2026-10-08 20:23:57,4.574091917589764,4.5495728152179655,5.285224368115916,8.125,1.838835407299019,1.9028066699428299,0.6919663900997158,3.41,0.7246831824259833,0.7457279516721408,0.08400374906414537,1.35
2026-10-08 20:38:57,4.871808987255615,4.85541502022382,5.611477357543112,8.64,1.9664770034155117,2.0371724902337394,0.743590669365981,3.66,0.778833221525774,0.7898622852402977,0.09080549088588785,1.445
2026-10-08 20:53:57,5.1192423342982325,5.119357637617559,5.93421913561435,9.145,2.085166159951164,2.1537684687609135,0.7875500632474234,3.875,0.8134579160113768,0.8247161769168186,0.09429252999467716,1.515
2026-10-08 21:08:57,5.2907526746956535,5.3046898183527595,6.141714257914877,9.46,2.151318463205332,2.2270511362111485,0.8100113629171615,4.0,0.8716300011458307,0.8766285038717846,0.10074354220959829,1.61
2026-10-08 21:23:57,5.776250093003051,5.7871874720259155,6.734404212123224,10.325,2.454528880045807,2.512892416777148,0.9197567212880282,4.54,1.0207767624980992,1.00385324760994,0.11702121482272596,1.865
2026-10-08 21:38:57,5.931831901780692,5.93907610932415,6.907971558542516,10.61,2.5998869066894255,2.6436965671646213,0.9650317587451261,4.77,1.0686556120956798,1.052566715320538,0.12243982721174813,1.945
2026-10-08 21:53:57,5.931831901780692,5.93907610932415,6.907971558542516,10.61,2.5998869066894255,2.6436965671646213,0.9650317587451261,4.77,1.0686556120956798,1.052566715320538,0.12243982721174813,1.945
2026-10-08 22:08:57,5.931831901780692,5.93907610932415,6.907971558542516,10.61,2.603904848013156,2.6481280313944255,0.9664955154855265,4.775,1.0686556120956798,1.052566715320538,0.12243982721174813,1.945
2026-10-08 22:23:57,5.931831901780692,5.93907610932415,6.907971558542516,10.61,2.603904848013156,2.6481280313944255,0.9664955154855265,4.775,1.0686556120956798,1.052566715320538,0.12243982721174813,1.945
2026-10-08 22:38:57,5.931831901780692,5.93907610932415,6.907971558542516,10.61,2.603904848013156,2.6481280313944255,0.9664955154855265,4.775,1.0686556120956798,1.052566715320538,0.12243982721174813,1.945
2026-10-08 22:53:57,5.931831901780692,5.93907610932415,6.907971558542516,10.61,2.603904848013156,2.6481280313944255,0.9664955154855265,4.775,1.0686556120956798,1.052566715320538,0.12243982721174813,1.945
2026-10-08 23:08:57,5.931831901780692,5.93907610932415,6.907971558542516,10.61,2.603904848013156,2.6481280313944255,0.9664955154855265,4.775,1.0686556120956798,1.052566715320538,0.12243982721174813,1.945
2026-10-08 23:23:57,5.931831901780692,5.93907610932415,6.907971558542516,10.61,2.6084391480751647,2.6529118726237826,0.9675467149005252,4.78,1.0686556120956798,1.052566715320538,0.12243982721174813,1.945
2026-10-08 23:38:57,5.931831901780692,5.93907610932415,6.907971558542516,10.61,2.6084391480751647,2.6529118726237826,0.9675467149005252,4.78,1.0686556120956798,1.052566715320538,0.12243982721174813,1.945
2026-10-08 23:53:57,5.931831901780692,5.93907610932415,6.907971558542516,10.61,2.6084391480751647,2.6529118726237826,0.9675467149005252,4.78,1.0686556120956798,1.052566715320538,0.12243982721174813,1.945
2026-10-09 00:08:57,5.931831901780692,5.93907610932415,6.907971558542516,10.61,2.6084391480751647,2.6529118726237826,0.9675467149005252,4.78,1.0686556120956798,1.052566715320538,0.12243982721174813,1.945
2026-10-09 00:23:57,5.931831901780692,5.93907610932415,6.907971558542516,10.61,2.6084391480751647,2.6529118726237826,0.9675467149005252,4.78,1.0686556120956798,1.052566715320538,0.12243982721174813,1.945
2026-10-09 00:38:57,5.931831901780692,5.93907610932415,6.907971558542516,10.61,2.610887423548566,2.6554895814963797,0.9687986508350462,4.785,1.0686556120956798,1.052566715320538,0.12243982721174813,1.945
2026-10-09 00:53:57,5.931831901780692,5.93907610932415,6.907971558542516,10.61,2.610887423548566,2.6554895814963797,0.9687986508350462,4.785,1.0686556120956798,1.052566715320538,0.12243982721174813,1.945
2026-10-09 01:08:57,5.931831901780692,5.93907610932415,6.907971558542516,10.61,2.610887423548566,2.6554895814963797,0.9687986508350462,4.785,1.0686556120956798,1.052566715320538,0.12243982721174813,1.945
2026-10-09 01:23:57,5.931831901780692,5.93907610932415,6.907971558542516,10.61,2.610887423548566,2.6554895814963797,0.9687986508350462,4.785,1.0686556120956798,1.052566715320538,0.12243982721174813,1.945
2026-10-09 01:38:57,5.931831901780692,5.93907610932415,6.907971558542516,10.61,2.6132098444561698,2.657563019147928,0.9695903351692662,4.79,1.0686556120956798,1.052566715320538,0.12243982721174813,1.945
2026-10-09 01:53:57,5.931831901780692,5.93907610932415,6.907971558542516,10.61,2.6132098444561698,2.657563019147928,0.9695903351692662,4.79,1.069427005805318,1.055220066856761,0.1228006082093591,1.95
2026-10-09 02:08:57,5.931831901780692,5.93907610932415,6.907971558542516,10.61,2.6132098444561698,2.657563019147928,0.9695903351692662,4.79,1.069427005805318,1.055220066856761,0.1228006082093591,1.95
2026-10-09 02:23:57,5.931831901780692,5.93907610932415,6.907971558542516,10.61,2.6132098444561698,2.657563019147928,0.9695903351692662,4.79,1.069427005805318,1.055220066856761,0.1228006082093591,1.95
2026-10-09 02:38:57,5.931831901780692,5.93907610932415,6.907971558542516,10.61,2.6132098444561698,2.657563019147928,0.9695903351692662,4.79,1.069427005805318,1.055220066856761,0.1228006082093591,1.95
2026-10-09 02:53:57,5.931831901780692,5.93907610932415,6.907971558542516,10.61,2.6132098444561698,2.657563019147928,0.9695903351692662,4.79,1.069427005805318,1.055220066856761,0.1228006082093591,1.95
2026-10-09 03:08:57,5.931831901780692,5.93907610932415,6.907971558542516,10.61,2.6132098444561698,2.657563019147928,0.9695903351692662,4.79,1.069427005805318,1.055220066856761,0.1228006082093591,1.95
2026-10-09 03:23:57,5.933073976476744,5.941645224624664,6.910215795695512,10.615,2.6132098444561698,2.657563019147928,0.9695903351692662,4.79,1.069427005805318,1.055220066856761,0.1228006082093591,1.95
2026-10-09 03:38:57,5.933073976476744,5.941645224624664,6.910215795695512,10.615,2.6156526818767762,2.6619695098397407,0.9705573276335443,4.795,1.069427005805318,1.055220066856761,0.1228006082093591,1.95
2026-10-09 03:53:57,5.933073976476744,5.941645224624664,6.910215795695512,10.615,2.6156526818767762,2.6619695098397407,0.9705573276335443,4.795,1.069427005805318,1.055220066856761,0.1228006082093591,1.95
2026-10-09 04:08:57,5.933073976476744,5.941645224624664,6.910215795695512,10.615,2.6156526818767762,2.6619695098397407,0.9705573276335443,4.795,1.069427005805318,1.055220066856761,0.1228006082093591,1.95
2026-10-09 04:23:57,5.933073976476744,5.941645224624664,6.910215795695512,10.615,2.6156526818767762,2.6619695098397407,0.9705573276335443,4.795,1.069427005805318,1.055220066856761,0.1228006082093591,1.95
2026-10-09 04:38:57,5.933073976476744,5.941645224624664,6.910215795695512,10.615,2.6156526818767762,2.6619695098397407,0.9705573276335443,4.795,1.069427005805318,1.055220066856761,0.1228006082093591,1.95
2026-10-09 04:53:57,5.955569285244311,5.960394221934237,6.928897383198339,10.655,2.6196085189508227,2.671645812137728,0.973023733477063,4.81,1.087271177154741,1.0766596008950886,0.1253329254041195,1.985
2026-10-09 05:08:57,5.955569285244311,5.960394221934237,6.928897383198339,10.655,2.6196085189508227,2.671645812137728,0.973023733477063,4.81,1.087271177154741,1.0766596008950886,0.1253329254041195,1.985
2026-10-09 05:23:57,5.955569285244311,5.960394221934237,6.928897383198339,10.655,2.6196085189508227,2.671645812137728,0.973023733477063,4.81,1.087271177154741,1.0766596008950886,0.1253329254041195,1.985
2026-10-09 05:38:57,5.955569285244311,5.960394221934237,6.928897383198339,10.655,2.6196085189508227,2.671645812137728,0.973023733477063,4.81,1.087271177154741,1.0766596008950886,0.1253329254041195,1.985
2026-10-09 05:53:57,5.955569285244311,5.960394221934237,6.928897383198339,10.655,2.6196085189508227,2.671645812137728,0.973023733477063,4.81,1.087271177154741,1.0766596008950886,0.1253329254041195,1.985
2026-10-09 06:08:57,5.955569285244311,5.960394221934237,6.928897383198339,10.655,2.6196085189508227,2.671645812137728,0.973023733477063,4.81,1.087271177154741,1.0766596008950886,0.1253329254041195,1.985
2026-10-09 06:23:57,5.955569285244311,5.960394221934237,6.928897383198339,10.655,2.62331920865752,2.674772882447998,0.9743448900599767,4.815,1.087271177154741,1.0766596008950886,0.1253329254041195,1.985
2026-10-09 06:38:57,5.955569285244311,5.960394221934237,6.928897383198339,10.655,2.62331920865752,2.674772882447998,0.9743448900599767,4.815,1.087271177154741,1.0766596008950886,0.1253329254041195,1.985
2026-10-09 06:53:57,5.955569285244311,5.960394221934237,6.928897383198339,10.655,2.6262810785301856,2.678725073130275,0.9750988436542795,4.82,1.087271177154741,1.0766596008950886,0.1253329254041195,1.985
2026-10-09 07:08:57,5.955569285244311,5.960394221934237,6.928897383198339,10.655,2.6262810785301856,2.678725073130275,0.9750988436542795,4.82,1.087271177154741,1.0766596008950886,0.1253329254041195,1.985
2026-10-09 07:23:57,5.955569285244311,5.960394221934237,6.928897383198339,10.655,2.6262810785301856,2.678725073130275,0.9750988436542795,4.82,1.087271177154741,1.0766596008950886,0.1253329254041195,1.985
2026-10-09 07:38:57,5.955569285244311,5.960394221934237,6.928897383198339,10.655,2.6262810785301856,2.678725073130275,0.9750988436542795,4.82,1.087271177154741,1.0766596008950886,0.1253329254041195,1.985
2026-10-09 07:53:57,5.955569285244311,5.960394221934237,6.928897383198339,10.655,2.6262810785301856,2.678725073130275,0.9750988436542795,4.82,1.087271177154741,1.0766596008950886,0.1253329254041195,1.985
2026-10-09 08:08:57,5.955569285244311,5.960394221934237,6.928897383198339,10.655,2.6262810785301856,2.678725073130275,0.9750988436542795,4.82,1.087271177154741,1.0766596008950886,0.1253329254041195,1.985
2026-10-09 08:23:57,5.955569285244311,5.960394221934237,6.928897383198339,10.655,2.6262810785301856,2.678725073130275,0.9750988436542795,4.82,1.087271177154741,1.0766596008950886,0.1253329254041195,1.985
2026-10-09 08:38:57,5.955569285244311,5.960394221934237,6.928897383198339,10.655,2.6262810785301856,2.678725073130275,0.9750988436542795,4.82,1.087271177154741,1.0766596008950886,0.1253329254041195,1.985
2026-10-09 08:53:57,5.955569285244311,5.960394221934237,6.928897383198339,10.655,2.6262810785301856,2.678725073130275,0.9750988436542795,4.82,1.087271177154741,1.0766596008950886,0.1253329254041195,1.985
2026-10-09 09:08:57,5.955569285244311,5.960394221934237,6.928897383198339,10.655,2.6262810785301856,2.678725073130275,0.9750988436542795,4.82,1.087271177154741,1.0766596008950886,0.1253329254041195,1.985
2026-10-09 09:23:57,5.955569285244311,5.960394221934237,6.928897383198339,10.655,2.6262810785301856,2.678725073130275,0.9750988436542795,4.82,1.087271177154741,1.0766596008950886,0.1253329254041195,1.985
2026-10-09 09:38:57,5.955569285244311,5.960394221934237,6.928897383198339,10.655,2.6262810785301856,2.678725073130275,0.9750988436542795,4.82,1.087271177154741,1.0766596008950886,0.1253329254041195,1.985
2026-10-09 09:53:57,5.955569285244311,5.960394221934237,6.928897383198339,10.655,2.6262810785301856,2.678725073130275,0.9750988436542795,4.82,1.087271177154741,1.0766596008950886,0.1253329254041195,1.985
2026-10-09 10:08:57,5.955569285244311,5.960394221934237,6.928897383198339,10.655,2.6262810785301856,2.678725073130275,0.9750988436542795,4.82,1.087271177154741,1.0766596008950886,0.1253329254041195,1.985
2026-10-09 10:23:57,5.955569285244311,5.960394221934237,6.928897383198339,10.655,2.6262810785301856,2.678725073130275,0.9750988436542795,4.82,1.087271177154741,1.0766596008950886,0.1253329254041195,1.985
2026-10-09 10:38:57,5.955569285244311,5.960394221934237,6.928897383198339,10.655,2.6262810785301856,2.678725073130275,0.9750988436542795,4.82,1.087271177154741,1.0766596008950886,0.1253329254041195,1.985
2026-10-09 10:53:57,5.955569285244311,5.960394221934237,6.928897383198339,10.655,2.6262810785301856,2.678725073130275,0.9750988436542795,4.82,1.087271177154741,1.0766596008950886,0.1253329254041195,1.985
2026-10-09 11:08:57,5.955569285244311,5.960394221934237,6.928897383198339,10.655,2.6262810785301856,2.678725073130275,0.9750988436542795,4.82,1.087271177154741,1.0766596008950886,0.1253329254041195,1.985
2026-10-09 11:23:57,5.955569285244311,5.960394221934237,6.928897383198339,10.655,2.6262810785301856,2.678725073130275,0.9750988436542795,4.82,1.087271177154741,1.0766596008950886,0.1253329254041195,1.985
2026-10-09 11:38:57,5.955569285244311,5.960394221934237,6.928897383198339,10.655,2.6262810785301856,2.678725073130275,0.9750988436542795,4.82,1.087271177154741,1.0766596008950886,0.1253329254041195,1.985
2026-10-09 11:53:57,5.955569285244311,5.960394221934237,6.928897383198339,10.655,2.6262810785301856,2.678725073130275,0.9750988436542795,4.82,1.087271177154741,1.0766596008950886,0.1253329254041195,1.985
2026-10-09 12:08:57,6.066877526601014,6.059303420582035,7.051808183676894,10.85,2.6653828721550537,2.709577045233754,0.9859953838733116,4.88,1.1085803952483022,1.0942512825185584,0.12652015323406343,2.02
2026-10-09 12:23:57,6.0875221606317895,6.083070250325612,7.080787057306224,10.895,2.68053809699716,2.722346347487453,0.9910958773076852,4.905,1.1104628105202223,1.0976090853549412,0.12719615333057968,2.03
2026-10-09 12:38:57,6.0875221606317895,6.083070250325612,7.080787057306224,10.895,2.68053809699716,2.722346347487453,0.9910958773076852,4.905,1.1104628105202223,1.0976090853549412,0.12719615333057968,2.03
2026-10-09 12:53:57,6.125871890054965,6.133610910050268,7.143154479845375,10.98,2.6858845168505807,2.7298951895664083,0.9946487012331404,4.92,1.1157870985446239,1.1064906304106656,0.12795400600854406,2.045
2026-10-09 13:08:57,6.125871890054965,6.133610910050268,7.143154479845375,10.98,2.6858845168505807,2.7298951895664083,0.9946487012331404,4.92,1.1157870985446239,1.1064906304106656,0.12795400600854406,2.045
2026-10-09 13:23:57,6.125871890054965,6.133610910050268,7.143154479845375,10.98,2.6858845168505807,2.7298951895664083,0.9946487012331404,4.92,1.1157870985446239,1.1064906304106656,0.12795400600854406,2.045
2026-10-09 13:38:57,6.187496330787016,6.1957185735597085,7.214380142188579,11.09,2.6967739209653043,2.7447739762960666,1.0006490405920654,4.95,1.1191206461430951,1.110351218197253,0.1284001876799583,2.055
2026-10-09 13:53:57,6.251183469284132,6.260859193279291,7.291088784023681,11.21,2.71749404334592,2.764669385548807,1.0054569704848302,4.98,1.1268813365742636,1.1167467936963749,0.1294196149295552,2.07
2026-10-09 14:08:57,6.251183469284132,6.260859193279291,7.291088784023681,11.21,2.71749404334592,2.764669385548807,1.0054569704848302,4.98,1.1268813365742636,1.1167467936963749,0.1294196149295552,2.07
2026-10-09 14:23:57,6.282145789344796,6.285396218674509,7.316646656932488,11.255,2.7223655494474133,2.7729436947098964,1.0082723975976748,4.995,1.1268813365742636,1.1167467936963749,0.1294196149295552,2.07
2026-10-09 14:38:57,6.282145789344796,6.285396218674509,7.316646656932488,11.255,2.7223655494474133,2.7729436947098964,1.0082723975976748,4.995,1.1268813365742636,1.1167467936963749,0.1294196149295552,2.07
2026-10-09 14:53:57,6.282145789344796,6.285396218674509,7.316646656932488,11.255,2.7223655494474133,2.7729436947098964,1.0082723975976748,4.995,1.1268813365742636,1.1167467936963749,0.1294196149295552,2.07
2026-10-09 15:08:57,6.361443790527144,6.344000134647711,7.388910384631796,11.37,2.727646011173159,2.783459444399299,1.0114360013150747,5.01,1.1337915883539957,1.126330718272537,0.13015313450624735,2.085
2026-10-09 15:23:57,6.361443790527144,6.344000134647711,7.388910384631796,11.37,2.727646011173159,2.783459444399299,1.0114360013150747,5.01,1.1337915883539957,1.126330718272537,0.13015313450624735,2.085
2026-10-09 15:38:57,6.411439630240865,6.402745191688162,7.4455754698828445,11.47,2.7422831388223465,2.7988702285493767,1.0184161133760687,5.04,1.1595820805159818,1.146498285049722,0.13245071026893512,2.125
2026-10-09 15:53:57,6.467179966949062,6.451736938109138,7.502107255870216,11.56,2.764989655248735,2.831518884346932,1.028379726907153,5.085,1.1737865647153858,1.1612778144105136,0.13392582448135518,2.15
2026-10-09 16:08:57,6.515399632026655,6.4903149170924825,7.556220348455586,11.64,2.777805552851802,2.843013683147772,1.0346177222331732,5.11,1.1774392646263816,1.162718668354693,0.13427687441224642,2.155
2026-10-09 16:23:57,6.515399632026655,6.4903149170924825,7.556220348455586,11.64,2.777805552851802,2.843013683147772,1.0346177222331732,5.11,1.1774392646263816,1.162718668354693,0.13427687441224642,2.155
2026-10-09 16:38:57,6.515399632026655,6.4903149170924825,7.556220348455586,11.64,2.777805552851802,2.843013683147772,1.0346177222331732,5.11,1.1774392646263816,1.162718668354693,0.13427687441224642,2.155
2026-10-09 16:53:57,6.515399632026655,6.4903149170924825,7.556220348455586,11.64,2.777805552851802,2.843013683147772,1.0346177222331732,5.11,1.1774392646263816,1.162718668354693,0.13427687441224642,2.155
2026-10-09 17:08:57,6.515399632026655,6.4903149170924825,7.556220348455586,11.64,2.777805552851802,2.843013683147772,1.0346177222331732,5.11,1.1774392646263816,1.162718668354693,0.13427687441224642,2.155
2026-10-09 17:23:57,6.515399632026655,6.4903149170924825,7.556220348455586,11.64,2.777805552851802,2.843013683147772,1.0346177222331732,5.11,1.1774392646263816,1.162718668354693,0.13427687441224642,2.155
2026-10-09 17:38:57,6.515399632026655,6.4903149170924825,7.556220348455586,11.64,2.777805552851802,2.843013683147772,1.0346177222331732,5.11,1.1774392646263816,1.162718668354693,0.13427687441224642,2.155
2026-10-09 17:53:57,6.5202629051422765,6.491890200518921,7.559374823616772,11.645,2.777805552851802,2.843013683147772,1.0346177222331732,5.11,1.1774392646263816,1.162718668354693,0.13427687441224642,2.155
2026-10-09 18:08:57,6.5202629051422765,6.491890200518921,7.559374823616772,11.645,2.777805552851802,2.843013683147772,1.0346177222331732,5.11,1.1774392646263816,1.162718668354693,0.13427687441224642,2.155
2026-10-09 18:23:57,6.5837504299084575,6.541949757962138,7.624516882952171,11.745,2.8010186712426193,2.877256733996529,1.0461804764475884,5.17,1.1858328752924516,1.1760769481112556,0.13526231487364315,2.17
2026-10-09 18:38:57,6.5837504299084575,6.541949757962138,7.624516882952171,11.745,2.8010186712426193,2.877256733996529,1.0461804764475884,5.17,1.1858328752924516,1.1760769481112556,0.13526231487364315,2.17
2026-10-09 18:53:57,6.77413058711209,6.723167535912756,7.855908290889902,12.085,2.884916732858796,2.987505721660013,1.0810913786131024,5.345,1.2271509495612656,1.2134093757904678,0.14031947507851752,2.245
2026-10-09 19:08:57,7.016667626176711,6.9712262610373505,8.162617001753178,12.555,3.0395375045270066,3.1274140503856174,1.136474850427086,5.615,1.27622501869179,1.2563722581144325,0.14516641419032578,2.325
2026-10-09 19:23:57,7.097902125088926,7.05853632073043,8.264684551957487,12.71,3.0610772215061246,3.1510666517427195,1.1466873726594036,5.66,1.2936591132897417,1.2687595036679225,0.1468512483169366,2.35
2026-10-09 19:38:57,7.097902125088926,7.05853632073043,8.264684551957487,12.71,3.0610772215061246,3.1510666517427195,1.1466873726594036,5.66,1.2936591132897417,1.2687595036679225,0.1468512483169366,2.35
2026-10-09 19:53:57,7.097902125088926,7.05853632073043,8.264684551957487,12.71,3.0610772215061246,3.1510666517427195,1.1466873726594036,5.66,1.2936591132897417,1.2687595036679225,0.1468512483169366,2.35
2026-10-09 20:08:57,7.097902125088926,7.05853632073043,8.264684551957487,12.71,3.0610772215061246,3.1510666517427195,1.1466873726594036,5.66,1.2936591132897417,1.2687595036679225,0.1468512483169366,2.35
2026-10-09 20:23:57,7.097902125088926,7.05853632073043,8.264684551957487,12.71,3.0610772215061246,3.1510666517427195,1.1466873726594036,5.66,1.2936591132897417,1.2687595036679225,0.1468512483169366,2.35
2026-10-09 20:38:57,7.097902125088926,7.05853632073043,8.264684551957487,12.71,3.0610772215061246,3.1510666517427195,1.1466873726594036,5.66,1.2936591132897417,1.2687595036679225,0.1468512483169366,2.35
2026-10-09 20:53:57,7.097902125088926,7.05853632073043,8.264684551957487,12.71,3.0610772215061246,3.1510666517427195,1.1466873726594036,5.66,1.2936591132897417,1.2687595036679225,0.1468512483169366,2.35
2026-10-09 21:08:57,7.427561103544916,7.389108560978645,8.648515062016894,13.3,3.2344456629715914,3.330100719518518,1.2060187264077136,5.965,1.3668231346435262,1.3418022891180692,0.15518101898672296,2.48
2026-10-09 21:23:57,8.268900547631539,8.216111246563836,9.587320326952742,14.765,3.6765463251281325,3.7648003096898046,1.370716142346719,6.745,1.5764690144815479,1.577173289859364,0.17811441190240904,2.87
2026-10-09 21:38:57,8.83485177155625,8.794310445693743,10.286311896096532,15.825,3.9993786342001107,4.106373259090165,1.4865433192846083,7.32,1.79020923574595,1.8010671704867087,0.20056695637741231,3.25
2026-10-09 21:53:57,9.104182343849752,9.068522817578774,10.611592689610088,16.34,4.153766760112922,4.272837889327799,1.5450125686439184,7.615,1.897174574175241,1.8757322118522584,0.2097292268541649,3.405
2026-10-09 22:08:57,9.104182343849752,9.068522817578774,10.611592689610088,16.34,4.153766760112922,4.272837889327799,1.5450125686439184,7.615,1.897174574175241,1.8757322118522584,0.2097292268541649,3.405
2026-10-09 22:23:57,9.104182343849752,9.068522817578774,10.611592689610088,16.34,4.153766760112922,4.272837889327799,1.5450125686439184,7.615,1.897174574175241,1.8757322118522584,0.2097292268541649,3.405
2026-10-09 22:38:57,9.104182343849752,9.068522817578774,10.611592689610088,16.34,4.153766760112922,4.272837889327799,1.5450125686439184,7.615,1.897174574175241,1.8757322118522584,0.2097292268541649,3.405
2026-10-09 22:53:57,9.104182343849752,9.068522817578774,10.611592689610088,16.34,4.153766760112922,4.272837889327799,1.5450125686439184,7.615,1.897174574175241,1.8757322118522584,0.2097292268541649,3.405
2026-10-09 23:08:57,9.104182343849752,9.068522817578774,10.611592689610088,16.34,4.153766760112922,4.272837889327799,1.5450125686439184,7.615,1.897174574175241,1.8757322118522584,0.2097292268541649,3.405
2026-10-09 23:23:57,9.104182343849752,9.068522817578774,10.611592689610088,16.34,4.153766760112922,4.272837889327799,1.5450125686439184,7.615,1.897174574175241,1.8757322118522584,0.2097292268541649,3.405
2026-10-09 23:38:57,9.218618900878063,9.181649861425665,10.734951481677998,16.54,4.244241545078228,4.353482963619562,1.5706069841042505,7.75,1.9273630037326823,1.9022404622870122,0.21286186611735103,3.455
2026-10-09 23:53:57,9.391904307899734,9.345257533913767,10.924008398000877,16.835,4.370626846777578,4.476320568713992,1.6164413858427356,7.965,1.9763183496241186,1.9571313838508952,0.21972661276797542,3.555
2026-10-10 00:08:57,9.496100203313848,9.449131714412603,11.026954731231719,17.005,4.42647848581433,4.54364964910742,1.6375414324979114,8.08,2.0032152172520368,1.9780636015390156,0.22195791573947402,3.595
2026-10-10 00:23:57,9.496100203313848,9.449131714412603,11.026954731231719,17.005,4.42647848581433,4.54364964910742,1.6375414324979114,8.08,2.0032152172520368,1.9780636015390156,0.22195791573947402,3.595
2026-10-10 00:38:57,9.583010480971636,9.539126334895053,11.145686590679377,17.18,4.5360047033961735,4.64610023541185,1.6722652328384002,8.265,2.030912871987773,2.008064454640285,0.22553850544312531,3.65
2026-10-10 00:53:57,9.690277939479365,9.63679490714739,11.270169992039936,17.37,4.590396961995684,4.693631266808462,1.6887813127605051,8.35,2.065170434799802,2.0424218702448744,0.22915252310565304,3.71
2026-10-10 01:08:57,9.807936601155493,9.756702399578343,11.403684593953344,17.58,4.659566204377378,4.7698831904337915,1.714177109922311,8.475,2.085569621957689,2.07437019012453,0.23237096504199956,3.76
2026-10-10 01:23:57,9.883351264847985,9.836610791064917,11.49090585616856,17.72,4.704994065395309,4.814390794395364,1.730376478661141,8.555,2.093036149346181,2.081539175601488,0.2330143674517596,3.77
2026-10-10 01:38:57,9.922903402271231,9.880847597436059,11.532451382886967,17.79,4.772403314386748,4.874532899567002,1.7517756924664556,8.67,2.1250120878265517,2.103675962136753,0.23597625201340156,3.815
2026-10-10 01:53:57,10.01533681428204,9.974747677029978,11.638369042768957,17.95,4.80576895376414,4.915213885265302,1.7656526687496648,8.735,2.150610010047264,2.1278171209771584,0.2388780311258203,3.86
2026-10-10 02:08:57,10.053077152601956,10.006959569164422,11.680938472832878,18.015,4.837022187855934,4.949326239581789,1.7780140740335721,8.795,2.1629323948060146,2.145947614814025,0.24026032241530126,3.885
2026-10-10 02:23:57,10.135810402093686,10.079194613707417,11.770685901366512,18.15,4.88335156608189,4.986890269999747,1.7923701275372188,8.865,2.183595749834908,2.1600528842633975,0.242305123454714,3.915
2026-10-10 02:38:57,10.202844614987805,10.145211354206003,11.855445247382708,18.275,4.906317330753302,5.010228972468713,1.800291917091691,8.9,2.2058680111370426,2.1799109445705436,0.24373197236726923,3.945
2026-10-10 02:53:57,10.202844614987805,10.145211354206003,11.855445247382708,18.275,4.906317330753302,5.010228972468713,1.800291917091691,8.9,2.2058680111370426,2.1799109445705436,0.24373197236726923,3.945
2026-10-10 03:08:57,10.20466133262639,10.147752417938614,11.858895620424898,18.28,4.906317330753302,5.010228972468713,1.800291917091691,8.9,2.2058680111370426,2.1799109445705436,0.24373197236726923,3.945
2026-10-10 03:23:57,10.20466133262639,10.147752417938614,11.858895620424898,18.28,4.906317330753302,5.010228972468713,1.800291917091691,8.9,2.2058680111370426,2.1799109445705436,0.24373197236726923,3.945
2026-10-10 03:38:57,10.20466133262639,10.147752417938614,11.858895620424898,18.28,4.906317330753302,5.010228972468713,1.800291917091691,8.9,2.2058680111370426,2.1799109445705436,0.24373197236726923,3.945
2026-10-10 03:53:57,10.279579148331045,10.224986404517944,11.933615575847115,18.405,4.93548008662313,5.034847427685033,1.8116012558267924,8.95,2.228453608792576,2.195482013386257,0.2455283709215002,3.975
2026-10-10 04:08:57,10.34096138051712,10.281857064340972,11.9953101250037,18.505,4.956026655789726,5.053280454514145,1.8179389928488296,8.985,2.2460817883865665,2.212124075815453,0.24712424995579382,4.01
2026-10-10 04:23:57,10.38687675956785,10.322915955550894,12.054770902424305,18.585,4.994274141154243,5.096623081517117,1.8312319206573677,9.055,2.256702171026839,2.2210239702657955,0.24795595999951622,4.025
2026-10-10 04:38:57,10.38687675956785,10.322915955550894,12.054770902424305,18.585,4.994274141154243,5.096623081517117,1.8312319206573677,9.055,2.256702171026839,2.2210239702657955,0.24795595999951622,4.025
2026-10-10 04:53:57,10.38687675956785,10.322915955550894,12.054770902424305,18.585,4.994274141154243,5.096623081517117,1.8312319206573677,9.055,2.256702171026839,2.2210239702657955,0.24795595999951622,4.025
2026-10-10 05:08:57,10.38687675956785,10.322915955550894,12.054770902424305,18.585,4.994274141154243,5.096623081517117,1.8312319206573677,9.055,2.256702171026839,2.2210239702657955,0.24795595999951622,4.025
2026-10-10 05:23:57,10.38687675956785,10.322915955550894,12.054770902424305,18.585,4.994274141154243,5.096623081517117,1.8312319206573677,9.055,2.256702171026839,2.2210239702657955,0.24795595999951622,4.025
2026-10-10 05:38:57,10.38687675956785,10.322915955550894,12.054770902424305,18.585,4.994274141154243,5.096623081517117,1.8312319206573677,9.055,2.256702171026839,2.2210239702657955,0.24795595999951622,4.025
2026-10-10 05:53:57,10.38955326222837,10.324397611379267,12.056939493282686,18.59,4.994274141154243,5.096623081517117,1.8312319206573677,9.055,2.256702171026839,2.2210239702657955,0.24795595999951622,4.025
2026-10-10 06:08:57,10.38955326222837,10.324397611379267,12.056939493282686,18.59,4.994274141154243,5.096623081517117,1.8312319206573677,9.055,2.256702171026839,2.2210239702657955,0.24795595999951622,4.025
2026-10-10 06:23:57,10.38955326222837,10.324397611379267,12.056939493282686,18.59,4.994274141154243,5.096623081517117,1.8312319206573677,9.055,2.256702171026839,2.2210239702657955,0.24795595999951622,4.025
2026-10-10 06:38:57,10.38955326222837,10.324397611379267,12.056939493282686,18.59,4.994274141154243,5.096623081517117,1.8312319206573677,9.055,2.256702171026839,2.2210239702657955,0.24795595999951622,4.025
2026-10-10 06:53:57,10.38955326222837,10.324397611379267,12.056939493282686,18.59,4.994274141154243,5.096623081517117,1.8312319206573677,9.055,2.256702171026839,2.2210239702657955,0.24795595999951622,4.025
2026-10-10 07:08:57,10.38955326222837,10.324397611379267,12.056939493282686,18.59,4.994274141154243,5.096623081517117,1.8312319206573677,9.055,2.256702171026839,2.2210239702657955,0.24795595999951622,4.025
2026-10-10 07:23:57,10.38955326222837,10.324397611379267,12.056939493282686,18.59,4.994274141154243,5.096623081517117,1.8312319206573677,9.055,2.256702171026839,2.2210239702657955,0.24795595999951622,4.025
2026-10-10 07:38:57,10.38955326222837,10.324397611379267,12.056939493282686,18.59,4.994274141154243,5.096623081517117,1.8312319206573677,9.055,2.256702171026839,2.2210239702657955,0.24795595999951622,4.025
2026-10-10 07:53:57,10.38955326222837,10.324397611379267,12.056939493282686,18.59,4.994274141154243,5.096623081517117,1.8312319206573677,9.055,2.256702171026839,2.2210239702657955,0.24795595999951622,4.025
2026-10-10 08:08:57,10.38955326222837,10.324397611379267,12.056939493282686,18.59,4.994274141154243,5.096623081517117,1.8312319206573677,9.055,2.256702171026839,2.2210239702657955,0.24795595999951622,4.025
2026-10-10 08:23:57,10.38955326222837,10.324397611379267,12.056939493282686,18.59,4.994274141154243,5.096623081517117,1.8312319206573677,9.055,2.256702171026839,2.2210239702657955,0.24795595999951622,4.025
2026-10-10 08:38:57,10.391020089822742,10.328593067308695,12.060090929035578,18.595,4.997014272095184,5.097358990238021,1.8320701395882497,9.06,2.256702171026839,2.2210239702657955,0.24795595999951622,4.025
2026-10-10 08:53:57,10.391020089822742,10.328593067308695,12.060090929035578,18.595,4.997014272095184,5.097358990238021,1.8320701395882497,9.06,2.256702171026839,2.2210239702657955,0.24795595999951622,4.025
2026-10-10 09:08:57,10.391020089822742,10.328593067308695,12.060090929035578,18.595,4.997014272095184,5.097358990238021,1.8320701395882497,9.06,2.256702171026839,2.2210239702657955,0.24795595999951622,4.025
2026-10-10 09:23:57,10.391020089822742,10.328593067308695,12.060090929035578,18.595,4.997014272095184,5.097358990238021,1.8320701395882497,9.06,2.256702171026839,2.2210239702657955,0.24795595999951622,4.025
2026-10-10 09:38:57,10.391020089822742,10.328593067308695,12.060090929035578,18.595,4.997014272095184,5.097358990238021,1.8320701395882497,9.06,2.256702171026839,2.2210239702657955,0.24795595999951622,4.025
2026-10-10 09:53:57,10.391020089822742,10.328593067308695,12.060090929035578,18.595,4.997014272095184,5.097358990238021,1.8320701395882497,9.06,2.256702171026839,2.2210239702657955,0.24795595999951622,4.025
2026-10-10 10:08:57,10.391020089822742,10.328593067308695,12.060090929035578,18.595,4.997014272095184,5.097358990238021,1.8320701395882497,9.06,2.256702171026839,2.2210239702657955,0.24795595999951622,4.025
2026-10-10 10:23:57,10.391020089822742,10.328593067308695,12.060090929035578,18.595,4.997014272095184,5.097358990238021,1.8320701395882497,9.06,2.256702171026839,2.2210239702657955,0.24795595999951622,4.025
2026-10-10 10:38:57,10.391020089822742,10.328593067308695,12.060090929035578,18.595,4.997014272095184,5.097358990238021,1.8320701395882497,9.06,2.256702171026839,2.2210239702657955,0.24795595999951622,4.025
2026-10-10 10:53:57,10.391020089822742,10.328593067308695,12.060090929035578,18.595,4.997014272095184,5.097358990238021,1.8320701395882497,9.06,2.256702171026839,2.2210239702657955,0.24795595999951622,4.025
2026-10-10 11:08:57,10.391020089822742,10.328593067308695,12.060090929035578,18.595,4.997014272095184,5.097358990238021,1.8320701395882497,9.06,2.256702171026839,2.2210239702657955,0.24795595999951622,4.025
2026-10-10 11:23:57,10.391020089822742,10.328593067308695,12.060090929035578,18.595,4.997014272095184,5.097358990238021,1.8320701395882497,9.06,2.256702171026839,2.2210239702657955,0.24795595999951622,4.025
2026-10-10 11:38:57,10.391020089822742,10.328593067308695,12.060090929035578,18.595,4.997014272095184,5.097358990238021,1.8320701395882497,9.06,2.256702171026839,2.2210239702657955,0.24795595999951622,4.025
2026-10-10 11:53:57,10.391020089822742,10.328593067308695,12.060090929035578,18.595,4.997014272095184,5.097358990238021,1.8320701395882497,9.06,2.256702171026839,2.2210239702657955,0.24795595999951622,4.025
2026-10-10 12:08:57,10.567712134822404,10.50753071206119,12.251265526024719,18.905,5.046056992754833,5.150714535129909,1.8522492978973863,9.15,2.2788394016394675,2.242230571682272,0.25045469069166626,4.07
2026-10-10 12:23:57,10.676699866037303,10.628385808253245,12.381799531032756,19.115,5.0928147601807146,5.199729548765344,1.8680762892153446,9.23,2.297300121851075,2.251443883466565,0.2519713939950277,4.095
2026-10-10 12:38:57,10.676699866037303,10.628385808253245,12.381799531032756,19.115,5.0928147601807146,5.199729548765344,1.8680762892153446,9.23,2.297300121851075,2.251443883466565,0.2519713939950277,4.095
2026-10-10 12:53:57,10.676699866037303,10.628385808253245,12.381799531032756,19.115,5.0928147601807146,5.199729548765344,1.8680762892153446,9.23,2.297300121851075,2.251443883466565,0.2519713939950277,4.095
2026-10-10 13:08:57,10.717844620660735,10.670271776908752,12.434106754756598,19.19,5.108437713408225,5.2191967236685795,1.8741078637984403,9.26,2.306968274435691,2.257515477839818,0.25289849716477114,4.115
2026-10-10 13:23:57,10.751503880637365,10.705219142941985,12.484051517101879,19.265,5.124104513746571,5.2402240790090495,1.8813523290632266,9.295,2.3203509858284357,2.2685075798971783,0.25418499989684784,4.135
2026-10-10 13:38:57,10.875743023463915,10.835027072236581,12.644141911852122,19.5,5.152976141901448,5.266952386298428,1.8915458881708083,9.345,2.3450214739108035,2.286925662147355,0.25638385337802816,4.17
2026-10-10 13:53:57,10.875743023463915,10.835027072236581,12.644141911852122,19.5,5.152976141901448,5.266952386298428,1.8915458881708083,9.345,2.3450214739108035,2.286925662147355,0.25638385337802816,4.17
2026-10-10 14:08:57,10.875743023463915,10.835027072236581,12.644141911852122,19.5,5.152976141901448,5.266952386298428,1.8915458881708083,9.345,2.3450214739108035,2.286925662147355,0.25638385337802816,4.17
2026-10-10 14:23:57,10.939656443516123,10.901100757131863,12.724129120270426,19.615,5.178771283708634,5.285142915143493,1.899505179265223,9.385,2.3567596601888785,2.293799287474124,0.2575152256253505,4.19
2026-10-10 14:38:57,11.032988660151037,11.00351663102356,12.8432645911371,19.79,5.210865602125468,5.313850559648331,1.9116027678014949,9.44,2.3655841735416194,2.3017072844075264,0.2583166845593557,4.205
2026-10-10 14:53:57,11.03965359287688,11.01550300635683,12.85411137651916,19.81,5.213960349401885,5.316241803922848,1.9125709452489121,9.445,2.3677922177599573,2.305749058975035,0.2585299531929711,4.21
2026-10-10 15:08:57,11.086332528969171,11.071294147823481,12.909769468965207,19.9,5.230951713419546,5.332564281835137,1.9198872432979384,9.48,2.3737905304892655,2.314431580297962,0.2592877322494027,4.22
2026-10-10 15:23:57,11.14399097772531,11.129616997852944,12.969721175024485,19.99,5.264070315350172,5.365438502919722,1.9302326342229201,9.535,2.379274603791065,2.321939233595142,0.26008493073292266,4.23
2026-10-10 15:38:57,11.227338328716238,11.221420073683852,13.076619322619678,20.15,5.283879261062678,5.377716972436573,1.9362341531968457,9.565,2.3943373676554502,2.337145275424873,0.26165035992694935,4.255
2026-10-10 15:53:57,11.227338328716238,11.221420073683852,13.076619322619678,20.15,5.283879261062678,5.377716972436573,1.9362341531968457,9.565,2.3943373676554502,2.337145275424873,0.26165035992694935,4.255
2026-10-10 16:08:57,11.227338328716238,11.221420073683852,13.076619322619678,20.15,5.283879261062678,5.377716972436573,1.9362341531968457,9.565,2.3943373676554502,2.337145275424873,0.26165035992694935,4.255
2026-10-10 16:23:57,11.227338328716238,11.221420073683852,13.076619322619678,20.15,5.288012794371921,5.381869675644517,1.9379676018095997,9.575,2.3965747606231433,2.3419543307330732,0.2619184843343311,4.26
2026-10-10 16:38:57,11.255004276295463,11.244672155200062,13.10598812433249,20.195,5.293269918005228,5.391121487721057,1.9399447235076057,9.585,2.3965747606231433,2.3419543307330732,0.2619184843343311,4.26
2026-10-10 16:53:57,11.255004276295463,11.244672155200062,13.10598812433249,20.195,5.293269918005228,5.391121487721057,1.9399447235076057,9.585,2.3965747606231433,2.3419543307330732,0.2619184843343311,4.26
2026-10-10 17:08:57,11.255004276295463,11.244672155200062,13.10598812433249,20.195,5.293269918005228,5.391121487721057,1.9399447235076057,9.585,2.3965747606231433,2.3419543307330732,0.2619184843343311,4.26
2026-10-10 17:23:57,11.3201263304681,11.299569917546394,13.174271139785843,20.3,5.313873839709633,5.416868674654028,1.9474935968535516,9.62,2.398274088757654,2.3464039835488304,0.26240122985354775,4.265
2026-10-10 17:38:57,11.382306653699583,11.362103769292283,13.255792137272355,20.42,5.334915474524747,5.4376800305140405,1.9541529257243828,9.66,2.404302678366972,2.351627777847044,0.26287613580836894,4.275
2026-10-10 17:53:57,11.382306653699583,11.362103769292283,13.255792137272355,20.42,5.334915474524747,5.4376800305140405,1.9541529257243828,9.66,2.404302678366972,2.351627777847044,0.26287613580836894,4.275
2026-10-10 18:08:57,11.382306653699583,11.362103769292283,13.255792137272355,20.42,5.334915474524747,5.4376800305140405,1.9541529257243828,9.66,2.404302678366972,2.351627777847044,0.26287613580836894,4.275
2026-10-10 18:23:57,11.482244692939831,11.454240130114453,13.364453292157132,20.585,5.377922355960317,5.473842095616205,1.9678312137039786,9.735,2.418988849767344,2.364862262262198,0.26419419766028884,4.3
2026-10-10 18:38:57,11.482244692939831,11.454240130114453,13.364453292157132,20.585,5.377922355960317,5.473842095616205,1.9678312137039786,9.735,2.418988849767344,2.364862262262198,0.26419419766028884,4.3
2026-10-10 18:53:57,11.482244692939831,11.454240130114453,13.364453292157132,20.585,5.377922355960317,5.473842095616205,1.9678312137039786,9.735,2.418988849767344,2.364862262262198,0.26419419766028884,4.3
2026-10-10 19:08:57,11.482244692939831,11.454240130114453,13.364453292157132,20.585,5.378593934292256,5.476160399361206,1.9690764281439748,9.74,2.418988849767344,2.364862262262198,0.26419419766028884,4.3
2026-10-10 19:23:57,11.482244692939831,11.454240130114453,13.364453292157132,20.585,5.378593934292256,5.476160399361206,1.9690764281439748,9.74,2.418988849767344,2.364862262262198,0.26419419766028884,4.3
2026-10-10 19:38:57,11.65437611929635,11.636525806810408,13.57150653999245,20.895,5.467613641525196,5.570964837340556,2.0023841909960582,9.9,2.4609617384453744,2.4175090425585766,0.26965953029421336,4.38
2026-10-10 19:53:57,11.65437611929635,11.636525806810408,13.57150653999245,20.895,5.467613641525196,5.570964837340556,2.0023841909960582,9.9,2.4609617384453744,2.4175090425585766,0.26965953029421336,4.38
2026-10-10 20:08:57,11.65437611929635,11.636525806810408,13.57150653999245,20.895,5.467613641525196,5.570964837340556,2.0023841909960582,9.9,2.4609617384453744,2.4175090425585766,0.26965953029421336,4.38
2026-10-10 20:23:57,11.65437611929635,11.636525806810408,13.57150653999245,20.895,5.467613641525196,5.570964837340556,2.0023841909960582,9.9,2.4609617384453744,2.4175090425585766,0.26965953029421336,4.38
2026-10-10 20:38:57,11.6579780893911,11.637536310295799,13.574179481835294,20.9,5.467613641525196,5.570964837340556,2.0023841909960582,9.9,2.4609617384453744,2.4175090425585766,0.26965953029421336,4.38
2026-10-10 20:53:57,11.6579780893911,11.637536310295799,13.574179481835294,20.9,5.467613641525196,5.570964837340556,2.0023841909960582,9.9,2.4609617384453744,2.4175090425585766,0.26965953029421336,4.38
2026-10-10 21:08:57,11.761605817031148,11.737981305397403,13.680796470756123,21.06,5.494700852913811,5.596899519447288,2.011093959423582,9.945,2.4647051353309117,2.422314844195841,0.2699436904413978,4.385
2026-10-10 21:23:57,11.9481388788776,11.930640816880501,13.909934539018257,21.42,5.605483274140411,5.70332896178409,2.0502672798034074,10.14,2.567818286445645,2.506500561285125,0.2796552438615607,4.545
2026-10-10 21:38:57,12.261825198050847,12.217992324980129,14.25786450846357,21.96,5.772365498986369,5.882575498086561,2.1141557082204825,10.445,2.69993447703472,2.619369629023056,0.29434980845356185,4.765
2026-10-10 21:53:57,12.545077055501604,12.51376597925275,14.587343874227496,22.465,5.8905710605386945,6.006090589128972,2.1634627735970864,10.68,2.7858442789982987,2.703248070823001,0.30342394988718735,4.9
2026-10-10 22:08:57,12.819584205205278,12.788683912248533,14.900363185113896,22.945,6.051244519728144,6.172620089635813,2.2223918279636865,10.975,2.8649339770174826,2.7677927651465857,0.31067409164869114,5.015
2026-10-10 22:23:57,12.819584205205278,12.788683912248533,14.900363185113896,22.945,6.051244519728144,6.172620089635813,2.2223918279636865,10.975,2.8649339770174826,2.7677927651465857,0.31067409164869114,5.015
2026-10-10 22:38:57,12.82165630349853,12.793575099811116,14.904836455189615,22.95,6.051244519728144,6.172620089635813,2.2223918279636865,10.975,2.8649339770174826,2.7677927651465857,0.31067409164869114,5.015
2026-10-10 22:53:57,12.824024800944361,12.796021568654266,14.907562660089395,22.955,6.053012704603505,6.173556812251693,2.2236160984029865,10.98,2.8649339770174826,2.7677927651465857,0.31067409164869114,5.015
2026-10-10 23:08:57,12.82526918011344,12.80089698166744,14.909782689483356,22.96,6.053012704603505,6.173556812251693,2.2236160984029865,10.98,2.8649339770174826,2.7677927651465857,0.31067409164869114,5.015
2026-10-10 23:23:57,12.82526918011344,12.80089698166744,14.909782689483356,22.96,6.053012704603505,6.173556812251693,2.2236160984029865,10.98,2.8649339770174826,2.7677927651465857,0.31067409164869114,5.015
2026-10-10 23:38:57,12.828791709876386,12.803509553290171,14.912225881414672,22.965,6.053012704603505,6.173556812251693,2.2236160984029865,10.98,2.8649339770174826,2.7677927651465857,0.31067409164869114,5.015
2026-10-10 23:53:57,12.828791709876386,12.803509553290171,14.912225881414672,22.965,6.053012704603505,6.173556812251693,2.2236160984029865,10.98,2.8649339770174826,2.7677927651465857,0.31067409164869114,5.015
2026-10-11 00:08:57,12.831560877859499,12.805737659862753,14.916248803517998,22.97,6.055617760119184,6.175029648002385,2.22434586312559,10.985,2.8649339770174826,2.7677927651465857,0.31067409164869114,5.015
2026-10-11 00:23:57,12.831560877859499,12.805737659862753,14.916248803517998,22.97,6.055617760119184,6.175029648002385,2.22434586312559,10.985,2.8649339770174826,2.7677927651465857,0.31067409164869114,5.015
2026-10-11 00:38:57,12.831560877859499,12.805737659862753,14.916248803517998,22.97,6.055617760119184,6.175029648002385,2.22434586312559,10.985,2.8649339770174826,2.7677927651465857,0.31067409164869114,5.015
2026-10-11 00:53:57,12.831560877859499,12.805737659862753,14.916248803517998,22.97,6.055617760119184,6.175029648002385,2.22434586312559,10.985,2.8649339770174826,2.7677927651465857,0.31067409164869114,5.015
2026-10-11 01:08:57,12.831560877859499,12.805737659862753,14.916248803517998,22.97,6.055617760119184,6.175029648002385,2.22434586312559,10.985,2.8649339770174826,2.7677927651465857,0.31067409164869114,5.015
2026-10-11 01:23:57,12.905390920266775,12.885007999381633,14.996109399458211,23.1,6.094955181270251,6.210066766109439,2.238352861128397,11.055,2.88189720703697,2.7820138172404856,0.31203724427681256,5.04
2026-10-11 01:38:57,12.905390920266775,12.885007999381633,14.996109399458211,23.1,6.094955181270251,6.210066766109439,2.238352861128397,11.055,2.88189720703697,2.7820138172404856,0.31203724427681256,5.04
2026-10-11 01:53:57,12.905390920266775,12.885007999381633,14.996109399458211,23.1,6.094955181270251,6.210066766109439,2.238352861128397,11.055,2.88189720703697,2.7820138172404856,0.31203724427681256,5.04
2026-10-11 02:08:57,12.950381683867493,12.921380475860873,15.03803214265763,23.17,6.112011827500731,6.225948978037202,2.2470152263924,11.095,2.8983311182434877,2.800735443342047,0.31342458972929493,5.065
2026-10-11 02:23:57,12.950381683867493,12.921380475860873,15.03803214265763,23.17,6.112011827500731,6.225948978037202,2.2470152263924,11.095,2.8983311182434877,2.800735443342047,0.31342458972929493,5.065
2026-10-11 02:38:57,12.950381683867493,12.921380475860873,15.03803214265763,23.17,6.112011827500731,6.225948978037202,2.2470152263924,11.095,2.8983311182434877,2.800735443342047,0.31342458972929493,5.065
2026-10-11 02:53:57,12.950381683867493,12.921380475860873,15.03803214265763,23.17,6.114672046984017,6.230422537283002,2.248166671913893,11.1,2.8983311182434877,2.800735443342047,0.31342458972929493,5.065
2026-10-11 03:08:57,12.950381683867493,12.921380475860873,15.03803214265763,23.17,6.114672046984017,6.230422537283002,2.248166671913893,11.1,2.9010192846450122,2.803815193095785,0.31361351286168593,5.07
2026-10-11 03:23:57,12.950381683867493,12.921380475860873,15.03803214265763,23.17,6.114672046984017,6.230422537283002,2.248166671913893,11.1,2.9010192846450122,2.803815193095785,0.31361351286168593,5.07
2026-10-11 03:38:57,12.950381683867493,12.921380475860873,15.03803214265763,23.17,6.115856157180358,6.232925522014294,2.2495726252066826,11.105,2.9010192846450122,2.803815193095785,0.31361351286168593,5.07
2026-10-11 03:53:57,12.950381683867493,12.921380475860873,15.03803214265763,23.17,6.115856157180358,6.232925522014294,2.2495726252066826,11.105,2.9010192846450122,2.803815193095785,0.31361351286168593,5.07
2026-10-11 04:08:57,12.950381683867493,12.921380475860873,15.03803214265763,23.17,6.115856157180358,6.232925522014294,2.2495726252066826,11.105,2.9010192846450122,2.803815193095785,0.31361351286168593,5.07
2026-10-11 04:23:57,12.950381683867493,12.921380475860873,15.03803214265763,23.17,6.115856157180358,6.232925522014294,2.2495726252066826,11.105,2.9010192846450122,2.803815193095785,0.31361351286168593,5.07
2026-10-11 04:38:57,12.950381683867493,12.921380475860873,15.03803214265763,23.17,6.115856157180358,6.232925522014294,2.2495726252066826,11.105,2.9010192846450122,2.803815193095785,0.31361351286168593,5.07
2026-10-11 04:53:57,12.950381683867493,12.921380475860873,15.03803214265763,23.17,6.115856157180358,6.232925522014294,2.2495726252066826,11.105,2.9010192846450122,2.803815193095785,0.31361351286168593,5.07
2026-10-11 05:08:57,12.950381683867493,12.921380475860873,15.03803214265763,23.17,6.115856157180358,6.232925522014294,2.2495726252066826,11.105,2.9010192846450122,2.803815193095785,0.31361351286168593,5.07
2026-10-11 05:23:57,12.950381683867493,12.921380475860873,15.03803214265763,23.17,6.115856157180358,6.232925522014294,2.2495726252066826,11.105,2.9010192846450122,2.803815193095785,0.31361351286168593,5.07
2026-10-11 05:38:57,12.950381683867493,12.921380475860873,15.03803214265763,23.17,6.115856157180358,6.232925522014294,2.2495726252066826,11.105,2.9010192846450122,2.803815193095785,0.31361351286168593,5.07
2026-10-11 05:53:57,12.950381683867493,12.921380475860873,15.03803214265763,23.17,6.115856157180358,6.232925522014294,2.2495726252066826,11.105,2.9010192846450122,2.803815193095785,0.31361351286168593,5.07
2026-10-11 06:08:57,12.950381683867493,12.921380475860873,15.03803214265763,23.17,6.115856157180358,6.232925522014294,2.2495726252066826,11.105,2.9010192846450122,2.803815193095785,0.31361351286168593,5.07
2026-10-11 06:23:57,12.950381683867493,12.921380475860873,15.03803214265763,23.17,6.115856157180358,6.232925522014294,2.2495726252066826,11.105,2.9010192846450122,2.803815193095785,0.31361351286168593,5.07
2026-10-11 06:38:57,12.950381683867493,12.921380475860873,15.03803214265763,23.17,6.115856157180358,6.232925522014294,2.2495726252066826,11.105,2.9010192846450122,2.803815193095785,0.31361351286168593,5.07
2026-10-11 06:53:57,12.950381683867493,12.921380475860873,15.03803214265763,23.17,6.115856157180358,6.232925522014294,2.2495726252066826,11.105,2.9010192846450122,2.803815193095785,0.31361351286168593,5.07
2026-10-11 07:08:57,12.950381683867493,12.921380475860873,15.03803214265763,23.17,6.115856157180358,6.232925522014294,2.2495726252066826,11.105,2.9010192846450122,2.803815193095785,0.31361351286168593,5.07
2026-10-11 07:23:57,12.950381683867493,12.921380475860873,15.03803214265763,23.17,6.115856157180358,6.232925522014294,2.2495726252066826,11.105,2.9010192846450122,2.803815193095785,0.31361351286168593,5.07
2026-10-11 07:38:57,12.950381683867493,12.921380475860873,15.03803214265763,23.17,6.115856157180358,6.232925522014294,2.2495726252066826,11.105,2.9010192846450122,2.803815193095785,0.31361351286168593,5.07
2026-10-11 07:53:57,12.950381683867493,12.921380475860873,15.03803214265763,23.17,6.115856157180358,6.232925522014294,2.2495726252066826,11.105,2.9010192846450122,2.803815193095785,0.31361351286168593,5.07
2026-10-11 08:08:57,12.954445079021156,12.923130795062924,15.039835203053793,23.175,6.115856157180358,6.232925522014294,2.2495726252066826,11.105,2.9010192846450122,2.803815193095785,0.31361351286168593,5.07
2026-10-11 08:23:57,12.954445079021156,12.923130795062924,15.039835203053793,23.175,6.115856157180358,6.232925522014294,2.2495726252066826,11.105,2.9010192846450122,2.803815193095785,0.31361351286168593,5.07
2026-10-11 08:38:57,12.954445079021156,12.923130795062924,15.039835203053793,23.175,6.115856157180358,6.232925522014294,2.2495726252066826,11.105,2.9010192846450122,2.803815193095785,0.31361351286168593,5.07
2026-10-11 08:53:57,12.954445079021156,12.923130795062924,15.039835203053793,23.175,6.120280831947412,6.234386566597845,2.2506121303302113,11.11,2.9010192846450122,2.803815193095785,0.31361351286168593,5.07
2026-10-11 09:08:57,12.956921749026003,12.926717798263715,15.042508791661692,23.18,6.120280831947412,6.234386566597845,2.2506121303302113,11.11,2.9010192846450122,2.803815193095785,0.31361351286168593,5.07
2026-10-11 09:23:57,12.956921749026003,12.926717798263715,15.042508791661692,23.18,6.120280831947412,6.234386566597845,2.2506121303302113,11.11,2.9018111859321203,2.8059012030319606,0.3140600344714565,5.075
2026-10-11 09:38:57,12.956921749026003,12.926717798263715,15.042508791661692,23.18,6.120280831947412,6.234386566597845,2.2506121303302113,11.11,2.9018111859321203,2.8059012030319606,0.3140600344714565,5.075
2026-10-11 09:53:57,12.957658585581404,12.930843477897191,15.044975885665403,23.185,6.120280831947412,6.234386566597845,2.2506121303302113,11.11,2.9018111859321203,2.8059012030319606,0.3140600344714565,5.075
2026-10-11 10:08:57,12.957658585581404,12.930843477897191,15.044975885665403,23.185,6.120280831947412,6.234386566597845,2.2506121303302113,11.11,2.9018111859321203,2.8059012030319606,0.3140600344714565,5.075
2026-10-11 10:23:57,12.957658585581404,12.930843477897191,15.044975885665403,23.185,6.120280831947412,6.234386566597845,2.2506121303302113,11.11,2.9018111859321203,2.8059012030319606,0.3140600344714565,5.075
2026-10-11 10:38:57,12.957658585581404,12.930843477897191,15.044975885665403,23.185,6.120280831947412,6.234386566597845,2.2506121303302113,11.11,2.9018111859321203,2.8059012030319606,0.3140600344714565,5.075
2026-10-11 10:53:57,12.957658585581404,12.930843477897191,15.044975885665403,23.185,6.120280831947412,6.234386566597845,2.2506121303302113,11.11,2.9018111859321203,2.8059012030319606,0.3140600344714565,5.075
2026-10-11 11:08:57,13.054145756925667,13.026501792463295,15.161756086413947,23.35,6.145238040398951,6.260169405658119,2.2614576290134716,11.16,2.927132411584933,2.832279849353812,0.31698972680697035,5.115
2026-10-11 11:23:57,13.054145756925667,13.026501792463295,15.161756086413947,23.35,6.145238040398951,6.260169405658119,2.2614576290134716,11.16,2.927132411584933,2.832279849353812,0.31698972680697035,5.115
2026-10-11 11:38:57,13.054145756925667,13.026501792463295,15.161756086413947,23.35,6.145238040398951,6.260169405658119,2.2614576290134716,11.16,2.927132411584933,2.832279849353812,0.31698972680697035,5.115
2026-10-11 11:53:57,13.054145756925667,13.026501792463295,15.161756086413947,23.35,6.145238040398951,6.260169405658119,2.2614576290134716,11.16,2.927132411584933,2.832279849353812,0.31698972680697035,5.115
2026-10-11 12:08:57,13.151627516131041,13.126219212567012,15.284707905541238,23.535,6.172664377065447,6.282930520502292,2.2712900684920116,11.215,2.954002979337441,2.854477488305448,0.3193499835679148,5.155
2026-10-11 12:23:57,13.198271257986976,13.170442105767819,15.332351653119431,23.615,6.178267143520949,6.287023988131084,2.2738544065619966,11.225,2.9575771671510296,2.857942375847911,0.31974775043113046,5.16
2026-10-11 12:38:57,13.198271257986976,13.170442105767819,15.332351653119431,23.615,6.178267143520949,6.287023988131084,2.2738544065619966,11.225,2.9575771671510296,2.857942375847911,0.31974775043113046,5.16
2026-10-11 12:53:57,13.210421571726789,13.188877157700965,15.353630903237837,23.645,6.178267143520949,6.287023988131084,2.2738544065619966,11.225,2.9575771671510296,2.857942375847911,0.31974775043113046,5.16
2026-10-11 13:08:57,13.210421571726789,13.188877157700965,15.353630903237837,23.645,6.178267143520949,6.287023988131084,2.2738544065619966,11.225,2.9575771671510296,2.857942375847911,0.31974775043113046,5.16
2026-10-11 13:23:57,13.27006043447372,13.247574591264144,15.425024289747503,23.755,6.197373145169031,6.305926276687143,2.280209535658786,11.255,2.9650930452455744,2.867857402953657,0.32095210973135546,5.175
2026-10-11 13:38:57,13.27006043447372,13.247574591264144,15.425024289747503,23.755,6.197373145169031,6.305926276687143,2.280209535658786,11.255,2.9650930452455744,2.867857402953657,0.32095210973135546,5.175
2026-10-11 13:53:57,13.27006043447372,13.247574591264144,15.425024289747503,23.755,6.197373145169031,6.305926276687143,2.280209535658786,11.255,2.9650930452455744,2.867857402953657,0.32095210973135546,5.175
2026-10-11 14:08:57,13.27006043447372,13.247574591264144,15.425024289747503,23.755,6.197373145169031,6.305926276687143,2.280209535658786,11.255,2.9650930452455744,2.867857402953657,0.32095210973135546,5.175
2026-10-11 14:23:57,13.27006043447372,13.247574591264144,15.425024289747503,23.755,6.197373145169031,6.305926276687143,2.280209535658786,11.255,2.9650930452455744,2.867857402953657,0.32095210973135546,5.175
2026-10-11 14:38:57,13.27006043447372,13.247574591264144,15.425024289747503,23.755,6.197373145169031,6.305926276687143,2.280209535658786,11.255,2.9650930452455744,2.867857402953657,0.32095210973135546,5.175
2026-10-11 14:53:57,13.27006043447372,13.247574591264144,15.425024289747503,23.755,6.197373145169031,6.305926276687143,2.280209535658786,11.255,2.9650930452455744,2.867857402953657,0.32095210973135546,5.175
2026-10-11 15:08:57,13.27006043447372,13.247574591264144,15.425024289747503,23.755,6.197373145169031,6.305926276687143,2.280209535658786,11.255,2.9650930452455744,2.867857402953657,0.32095210973135546,5.175
2026-10-11 15:23:57,13.27006043447372,13.247574591264144,15.425024289747503,23.755,6.197373145169031,6.305926276687143,2.280209535658786,11.255,2.9650930452455744,2.867857402953657,0.32095210973135546,5.175
2026-10-11 15:38:57,13.27006043447372,13.247574591264144,15.425024289747503,23.755,6.197373145169031,6.305926276687143,2.280209535658786,11.255,2.9650930452455744,2.867857402953657,0.32095210973135546,5.175
2026-10-11 15:53:57,13.27006043447372,13.247574591264144,15.425024289747503,23.755,6.197373145169031,6.305926276687143,2.280209535658786,11.255,2.9650930452455744,2.867857402953657,0.32095210973135546,5.175
2026-10-11 16:08:57,13.27006043447372,13.247574591264144,15.425024289747503,23.755,6.197373145169031,6.305926276687143,2.280209535658786,11.255,2.9650930452455744,2.867857402953657,0.32095210973135546,5.175
2026-10-11 16:23:57,13.27006043447372,13.247574591264144,15.425024289747503,23.755,6.197373145169031,6.305926276687143,2.280209535658786,11.255,2.9650930452455744,2.867857402953657,0.32095210973135546,5.175
2026-10-11 16:38:57,13.27006043447372,13.247574591264144,15.425024289747503,23.755,6.197373145169031,6.305926276687143,2.280209535658786,11.255,2.9650930452455744,2.867857402953657,0.32095210973135546,5.175
2026-10-11 16:53:57,13.27006043447372,13.247574591264144,15.425024289747503,23.755,6.197373145169031,6.305926276687143,2.280209535658786,11.255,2.9650930452455744,2.867857402953657,0.32095210973135546,5.175
2026-10-11 17:08:57,13.273319695963988,13.251472651720407,15.429638134962566,23.76,6.197373145169031,6.305926276687143,2.280209535658786,11.255,2.9650930452455744,2.867857402953657,0.32095210973135546,5.175
2026-10-11 17:23:57,13.295105897729252,13.271617052612823,15.458528249230067,23.805,6.210417029807589,6.3144503158479655,2.2837272000313615,11.27,2.969724509654196,2.8727063260164027,0.32111864217552255,5.18
2026-10-11 17:38:57,13.296300243437715,13.275066439580462,15.462444576776642,23.81,6.210417029807589,6.3144503158479655,2.2837272000313615,11.27,2.969724509654196,2.8727063260164027,0.32111864217552255,5.18
2026-10-11 17:53:57,13.305079547554728,13.281261525325837,15.468784632420054,23.82,6.219672213676979,6.322204633702189,2.285219696752423,11.28,2.969724509654196,2.8727063260164027,0.32111864217552255,5.18
2026-10-11 18:08:57,13.305079547554728,13.281261525325837,15.468784632420054,23.82,6.219672213676979,6.322204633702189,2.285219696752423,11.28,2.969724509654196,2.8727063260164027,0.32111864217552255,5.18
2026-10-11 18:23:57,13.41863208910511,13.400306492190122,15.588750974946564,24.015,6.269988724973117,6.377339767118284,2.3039555285822564,11.375,2.992211558120768,2.8873918247631587,0.3232522626611686,5.21
2026-10-11 18:38:57,13.48248931225628,13.468812976280262,15.6587168081289,24.13,6.31389323044169,6.420171253301977,2.3203461263451013,11.46,2.9948866657860598,2.893393875128121,0.3236640811523107,5.22
2026-10-11 18:53:57,13.561935262848552,13.541689147686863,15.735269356314037,24.26,6.332197505118167,6.435622373870635,2.327206260649151,11.495,3.003324867129904,2.9073264805399504,0.3264410044734159,5.255
2026-10-11 19:08:57,13.561935262848552,13.541689147686863,15.735269356314037,24.26,6.332197505118167,6.435622373870635,2.327206260649151,11.495,3.003324867129904,2.9073264805399504,0.3264410044734159,5.255
2026-10-11 19:23:57,13.588276782455047,13.562743278743428,15.765513646131508,24.3,6.332197505118167,6.435622373870635,2.327206260649151,11.495,3.010014411068681,2.916016404432529,0.3269777813805155,5.265
2026-10-11 19:38:57,13.588276782455047,13.562743278743428,15.765513646131508,24.3,6.332197505118167,6.435622373870635,2.327206260649151,11.495,3.010014411068681,2.916016404432529,0.3269777813805155,5.265
2026-10-11 19:53:57,13.588276782455047,13.562743278743428,15.765513646131508,24.3,6.332197505118167,6.435622373870635,2.327206260649151,11.495,3.010014411068681,2.916016404432529,0.3269777813805155,5.265
2026-10-11 20:08:57,13.588276782455047,13.562743278743428,15.765513646131508,24.3,6.332197505118167,6.435622373870635,2.327206260649151,11.495,3.010014411068681,2.916016404432529,0.3269777813805155,5.265
2026-10-11 20:23:57,13.588276782455047,13.562743278743428,15.765513646131508,24.3,6.332197505118167,6.435622373870635,2.327206260649151,11.495,3.010014411068681,2.916016404432529,0.3269777813805155,5.265
2026-10-11 20:38:57,13.588276782455047,13.562743278743428,15.765513646131508,24.3,6.332197505118167,6.435622373870635,2.327206260649151,11.495,3.010014411068681,2.916016404432529,0.3269777813805155,5.265
2026-10-11 20:53:57,13.588276782455047,13.562743278743428,15.765513646131508,24.3,6.332197505118167,6.435622373870635,2.327206260649151,11.495,3.010014411068681,2.916016404432529,0.3269777813805155,5.265
2026-10-11 21:08:57,13.65837984067467,13.628108619428819,15.842624906745808,24.415,6.375704093262071,6.469526263620543,2.339702064517886,11.56,3.022132871129719,2.9293392205275106,0.32826040680082513,5.285
2026-10-11 21:23:57,13.915619920071917,13.857505800862993,16.108824893845636,24.845,6.566026050373406,6.641621257742205,2.4061292594329444,11.885,3.0859260859340196,3.004194977663796,0.3359197828271179,5.415
2026-10-11 21:38:57,14.09248324163222,14.017564211913824,16.287717021956315,25.125,6.661408406038111,6.739311560710782,2.438015526243451,12.055,3.153750179734924,3.07800397275203,0.34345223670580205,5.53
2026-10-11 21:53:57,14.09248324163222,14.017564211913824,16.287717021956315,25.125,6.661408406038111,6.739311560710782,2.438015526243451,12.055,3.153750179734924,3.07800397275203,0.34345223670580205,5.53
2026-10-11 22:08:57,14.228432865626203,14.130180131410368,16.429832596373906,25.33,6.71167432703758,6.817010426788713,2.4626274711535086,12.175,3.1876608800989708,3.1103851290483964,0.3470488446239623,5.58
2026-10-11 22:23:57,14.228432865626203,14.130180131410368,16.429832596373906,25.33,6.71167432703758,6.817010426788713,2.4626274711535086,12.175,3.1876608800989708,3.1103851290483964,0.3470488446239623,5.58
2026-10-11 22:38:57,14.230346999667795,14.131703394357702,16.43263927027895,25.335,6.71167432703758,6.817010426788713,2.4626274711535086,12.175,3.1876608800989708,3.1103851290483964,0.3470488446239623,5.58
2026-10-11 22:53:57,14.230346999667795,14.131703394357702,16.43263927027895,25.335,6.71167432703758,6.817010426788713,2.4626274711535086,12.175,3.1876608800989708,3.1103851290483964,0.3470488446239623,5.58
2026-10-11 23:08:57,14.230346999667795,14.131703394357702,16.43263927027895,25.335,6.71167432703758,6.817010426788713,2.4626274711535086,12.175,3.1876608800989708,3.1103851290483964,0.3470488446239623,5.58
2026-10-11 23:23:57,14.230346999667795,14.131703394357702,16.43263927027895,25.335,6.71167432703758,6.817010426788713,2.4626274711535086,12.175,3.1888831396788557,3.1146991964416824,0.34734471453424764,5.585
2026-10-11 23:38:57,14.453247291172364,14.359406339935529,16.680432037019525,25.725,6.812916383525249,6.909094560072208,2.494993274093458,12.345,3.2279966516562797,3.1550612835063108,0.35151601672370064,5.655
2026-10-11 23:53:57,14.631051542656092,14.549161309925573,16.8761192911786,26.055,6.9402538782784635,7.043561792799524,2.5389013404346503,12.56,3.2872249546580568,3.2111256379497037,0.35765604208470875,5.765
2026-10-12 00:08:57,14.631051542656092,14.549161309925573,16.8761192911786,26.055,6.9402538782784635,7.043561792799524,2.5389013404346503,12.56,3.2872249546580568,3.2111256379497037,0.35765604208470875,5.765
2026-10-12 00:23:57,14.631051542656092,14.549161309925573,16.8761192911786,26.055,6.9402538782784635,7.043561792799524,2.5389013404346503,12.56,3.2872249546580568,3.2111256379497037,0.35765604208470875,5.765
2026-10-12 00:38:57,14.631051542656092,14.549161309925573,16.8761192911786,26.055,6.9402538782784635,7.043561792799524,2.5389013404346503,12.56,3.2872249546580568,3.2111256379497037,0.35765604208470875,5.765
2026-10-12 00:53:57,14.631051542656092,14.549161309925573,16.8761192911786,26.055,6.9402538782784635,7.043561792799524,2.5389013404346503,12.56,3.2872249546580568,3.2111256379497037,0.35765604208470875,5.765
2026-10-12 01:08:57,14.631051542656092,14.549161309925573,16.8761192911786,26.055,6.9402538782784635,7.043561792799524,2.5389013404346503,12.56,3.2872249546580568,3.2111256379497037,0.35765604208470875,5.765
2026-10-12 01:23:57,14.631051542656092,14.549161309925573,16.8761192911786,26.055,6.9402538782784635,7.043561792799524,2.5389013404346503,12.56,3.2872249546580568,3.2111256379497037,0.35765604208470875,5.765
2026-10-12 01:38:57,14.735471067628113,14.629034122119958,17.00300933166335,26.225,6.978230427620052,7.085791823367971,2.5530831969706504,12.625,3.3007193451486416,3.229272421335849,0.3592411840769426,5.79
2026-10-12 01:53:57,14.86003249321477,14.77053444965487,17.157053860822458,26.47,7.0914509706254245,7.181671469853793,2.588564121133781,12.805,3.342945745285608,3.271457418650972,0.3628645043611634,5.85
2026-10-12 02:08:57,15.002272764559073,14.890370027499905,17.306658390999292,26.715,7.179634852514043,7.267435362637697,2.6207934026958974,12.965,3.425800853931776,3.3429034219768456,0.3708948122374333,5.975
2026-10-12 02:23:57,15.053337060454732,14.944397898537499,17.365298831188312,26.81,7.204029975967294,7.283307261175857,2.6296785064993897,13.005,3.443522100826254,3.3568317825007687,0.3728645562750492,6.005
2026-10-12 02:38:57,15.130527953466302,15.013269371250756,17.450223609652262,26.935,7.2605340967158805,7.3305243582015915,2.6475836100019965,13.09,3.4552911103057755,3.37291920149557,0.37447067853694155,6.03
2026-10-12 02:53:57,15.207656445994376,15.094794329930183,17.544120601176274,27.075,7.2977725296453055,7.358198692393281,2.6579689666149227,13.145,3.474026422936909,3.395065332357127,0.3773297319848824,6.07
2026-10-12 03:08:57,15.290887935255784,15.190907112556129,17.645187418278486,27.23,7.34461416732796,7.406177461570295,2.6723697297175644,13.22,3.502326808728228,3.4172893890739453,0.3806755197044836,6.12
2026-10-12 03:23:57,15.343136060967378,15.242679938099299,17.69831376208282,27.325,7.383423330901674,7.440358491702722,2.684511913123107,13.28,3.5216763612087534,3.4278535267634895,0.38296650309257746,6.155
2026-10-12 03:38:57,15.52466060416355,15.436885554340758,17.90349837424932,27.67,7.467926082290644,7.527486209894797,2.7125851100249627,13.42,3.5550758214776748,3.4597784142672525,0.38677108852445646,6.21
2026-10-12 03:53:57,15.528026681313582,15.440648095553554,17.90711261347535,27.675,7.467926082290644,7.527486209894797,2.7125851100249627,13.42,3.5550758214776748,3.4597784142672525,0.38677108852445646,6.21
2026-10-12 04:08:57,15.620004059254404,15.524036981340908,18.00526085875008,27.83,7.50745103881128,7.561846536542118,2.725473502286219,13.485,3.5684889939388276,3.4699468959436985,0.38765956987675704,6.235
2026-10-12 04:23:57,15.68456936054075,15.598068281842828,18.08891036080289,27.955,7.540636907463993,7.590966435537645,2.7353528761828274,13.53,3.577632087660414,3.47589024860563,0.3889311659961531,6.255
2026-10-12 04:38:57,15.72444250475799,15.638887558880723,18.149246756306763,28.04,7.570827188871401,7.621292486889746,2.745403699299489,13.59,3.5931188484985395,3.4903680271990476,0.3908413006378124,6.28
2026-10-12 04:53:57,15.80813928478197,15.71420266649781,18.25366169408805,28.19,7.601964343598952,7.647249501042554,2.7549746077295505,13.635,3.620494321573875,3.5123561844773197,0.3936520491887205,6.325
2026-10-12 05:08:57,15.862459696418572,15.764751839620097,18.316628362643925,28.28,7.62149231902986,7.670412273691945,2.763578733064766,13.675,3.6331761481253415,3.5240861524491165,0.3952110875958468,6.345
2026-10-12 05:23:57,15.935084594681012,15.830100409972522,18.397559226874105,28.405,7.6628634251129455,7.705792839180433,2.7768578484839117,13.74,3.6552520817258345,3.5491004188550295,0.3976014122028824,6.385
2026-10-12 05:38:57,16.03120854086395,15.927709184145138,18.514996396169675,28.58,7.708340809799759,7.749015987606189,2.7895153580614287,13.81,3.6726799138342954,3.564813043090651,0.39947940750009286,6.415
2026-10-12 05:53:57,16.140434731059052,16.033319181200234,18.63975869971375,28.755,7.773760773008697,7.808266746860115,2.807855236028831,13.91,3.6859517004888307,3.5873649772271055,0.40191330692589805,6.45
2026-10-12 06:08:57,16.140434731059052,16.033319181200234,18.63975869971375,28.755,7.773760773008697,7.808266746860115,2.807855236028831,13.91,3.6859517004888307,3.5873649772271055,0.40191330692589805,6.45
2026-10-12 06:23:57,16.425261902896715,16.287732011311533,18.963075958404122,29.235,7.892147877999069,7.941286754728035,2.852216432793341,14.13,3.7580281018717825,3.654272239055367,0.40925220636077947,6.57
2026-10-12 06:38:57,16.51836422299095,16.39176328189848,19.07119095018824,29.405,7.934129696991642,7.981273559133725,2.865556181976894,14.195,3.7708668067307296,3.668224256643219,0.410495491854604,6.595
2026-10-12 06:53:57,16.581291424249553,16.461484068713624,19.147311549273944,29.52,7.985026616862665,8.01787093152982,2.878293790042797,14.265,3.791304076396003,3.6788655112475643,0.41266962780274274,6.625
2026-10-12 07:08:57,16.664965948835032,16.569491599428776,19.24515314290718,29.675,8.010368171653159,8.043270041654543,2.886192167723348,14.305,3.79835455150791,3.686815816911346,0.41389620331365445,6.64
2026-10-12 07:23:57,16.737801493272237,16.63028382178654,19.32091914837888,29.795,8.051475744871775,8.077698714691577,2.9001309398904622,14.375,3.8247850515825577,3.7166657437398523,0.41738969866678244,6.695
2026-10-12 07:38:57,16.80655233010041,16.705131695571577,19.386211062106113,29.905,8.102352735806654,8.14150301360674,2.9196563273906553,14.47,3.835664825459693,3.7272565875577306,0.4187197683313572,6.715
2026-10-12 07:53:57,16.91643886254144,16.803051606099046,19.50605797853251,30.095,8.145704118710622,8.184945619789493,2.9355994614603604,14.545,3.84332275063141,3.7358173923661875,0.4198666518640719,6.73
2026-10-12 08:08:57,16.91643886254144,16.803051606099046,19.50605797853251,30.095,8.145704118710622,8.184945619789493,2.9355994614603604,14.545,3.84332275063141,3.7358173923661875,0.4198666518640719,6.73
2026-10-12 08:23:57,16.91643886254144,16.803051606099046,19.50605797853251,30.095,8.145704118710622,8.184945619789493,2.9355994614603604,14.545,3.84332275063141,3.7358173923661875,0.4198666518640719,6.73
2026-10-12 08:38:57,16.91643886254144,16.803051606099046,19.50605797853251,30.095,8.145704118710622,8.184945619789493,2.9355994614603604,14.545,3.84332275063141,3.7358173923661875,0.4198666518640719,6.73
2026-10-12 08:53:57,16.91643886254144,16.803051606099046,19.50605797853251,30.095,8.145704118710622,8.184945619789493,2.9355994614603604,14.545,3.84332275063141,3.7358173923661875,0.4198666518640719,6.73
2026-10-12 09:08:57,16.91643886254144,16.803051606099046,19.50605797853251,30.095,8.148538591948634,8.18906361052206,2.936889756871713,14.55,3.84332275063141,3.7358173923661875,0.4198666518640719,6.73
2026-10-12 09:23:57,16.91643886254144,16.803051606099046,19.50605797853251,30.095,8.148538591948634,8.18906361052206,2.936889756871713,14.55,3.845219373728153,3.7388623165388006,0.42014393916130227,6.735
2026-10-12 09:38:57,16.91643886254144,16.803051606099046,19.50605797853251,30.095,8.148538591948634,8.18906361052206,2.936889756871713,14.55,3.845219373728153,3.7388623165388006,0.42014393916130227,6.735
2026-10-12 09:53:57,16.91643886254144,16.803051606099046,19.50605797853251,30.095,8.148538591948634,8.18906361052206,2.936889756871713,14.55,3.845219373728153,3.7388623165388006,0.42014393916130227,6.735
2026-10-12 10:08:57,16.91643886254144,16.803051606099046,19.50605797853251,30.095,8.148538591948634,8.18906361052206,2.936889756871713,14.55,3.845219373728153,3.7388623165388006,0.42014393916130227,6.735
2026-10-12 10:23:57,16.91643886254144,16.803051606099046,19.50605797853251,30.095,8.148538591948634,8.18906361052206,2.936889756871713,14.55,3.845219373728153,3.7388623165388006,0.42014393916130227,6.735
2026-10-12 10:38:57,16.91643886254144,16.803051606099046,19.50605797853251,30.095,8.148538591948634,8.18906361052206,2.936889756871713,14.55,3.845219373728153,3.7388623165388006,0.42014393916130227,6.735
2026-10-12 10:53:57,16.91643886254144,16.803051606099046,19.50605797853251,30.095,8.148538591948634,8.18906361052206,2.936889756871713,14.55,3.845219373728153,3.7388623165388006,0.42014393916130227,6.735
2026-10-12 11:08:57,16.91643886254144,16.803051606099046,19.50605797853251,30.095,8.148538591948634,8.18906361052206,2.936889756871713,14.55,3.845219373728153,3.7388623165388006,0.42014393916130227,6.735
2026-10-12 11:23:57,16.91643886254144,16.803051606099046,19.50605797853251,30.095,8.148538591948634,8.18906361052206,2.936889756871713,14.55,3.845219373728153,3.7388623165388006,0.42014393916130227,6.735
2026-10-12 11:38:57,16.91643886254144,16.803051606099046,19.50605797853251,30.095,8.148538591948634,8.18906361052206,2.936889756871713,14.55,3.845219373728153,3.7388623165388006,0.42014393916130227,6.735
2026-10-12 11:53:57,16.91643886254144,16.803051606099046,19.50605797853251,30.095,8.148538591948634,8.18906361052206,2.936889756871713,14.55,3.845219373728153,3.7388623165388006,0.42014393916130227,6.735
2026-10-12 12:08:57,17.016264171773482,16.90894578382988,19.62644653609117,30.285,8.175946937199262,8.206395549029823,2.944646280001932,14.59,3.8488187742012805,3.744480281241279,0.4204884846153487,6.745
2026-10-12 12:23:57,17.067174483878553,16.947623510247556,19.68301237312002,30.365,8.185261101091276,8.213614315946977,2.9495400860557632,14.61,3.8510473211463236,3.7459475494811123,0.42080422531619976,6.75
2026-10-12 12:38:57,17.067174483878553,16.947623510247556,19.68301237312002,30.365,8.185261101091276,8.213614315946977,2.9495400860557632,14.61,3.8510473211463236,3.7459475494811123,0.42080422531619976,6.75
2026-10-12 12:53:57,17.067174483878553,16.947623510247556,19.68301237312002,30.365,8.185261101091276,8.213614315946977,2.9495400860557632,14.61,3.8510473211463236,3.7459475494811123,0.42080422531619976,6.75
2026-10-12 13:08:57,17.067174483878553,16.947623510247556,19.68301237312002,30.365,8.185261101091276,8.213614315946977,2.9495400860557632,14.61,3.8510473211463236,3.7459475494811123,0.42080422531619976,6.75
2026-10-12 13:23:57,17.067174483878553,16.947623510247556,19.68301237312002,30.365,8.185261101091276,8.213614315946977,2.9495400860557632,14.61,3.8510473211463236,3.7459475494811123,0.42080422531619976,6.75
2026-10-12 13:38:57,17.067174483878553,16.947623510247556,19.68301237312002,30.365,8.185261101091276,8.213614315946977,2.9495400860557632,14.61,3.8510473211463236,3.7459475494811123,0.42080422531619976,6.75
2026-10-12 13:53:57,17.067174483878553,16.947623510247556,19.68301237312002,30.365,8.185261101091276,8.213614315946977,2.9495400860557632,14.61,3.8510473211463236,3.7459475494811123,0.42080422531619976,6.75
2026-10-12 14:08:57,17.067174483878553,16.947623510247556,19.68301237312002,30.365,8.185261101091276,8.213614315946977,2.9495400860557632,14.61,3.8510473211463236,3.7459475494811123,0.42080422531619976,6.75
2026-10-12 14:23:57,17.06885646213756,16.950001554983576,19.685449035294667,30.37,8.185261101091276,8.213614315946977,2.9495400860557632,14.61,3.8510473211463236,3.7459475494811123,0.42080422531619976,6.75
2026-10-12 14:38:57,17.06885646213756,16.950001554983576,19.685449035294667,30.37,8.185261101091276,8.213614315946977,2.9495400860557632,14.61,3.8510473211463236,3.7459475494811123,0.42080422531619976,6.75
2026-10-12 14:53:57,17.06885646213756,16.950001554983576,19.685449035294667,30.37,8.185261101091276,8.213614315946977,2.9495400860557632,14.61,3.8510473211463236,3.7459475494811123,0.42080422531619976,6.75
2026-10-12 15:08:57,17.06885646213756,16.950001554983576,19.685449035294667,30.37,8.185261101091276,8.213614315946977,2.9495400860557632,14.61,3.8510473211463236,3.7459475494811123,0.42080422531619976,6.75
2026-10-12 15:23:57,17.06885646213756,16.950001554983576,19.685449035294667,30.37,8.185261101091276,8.213614315946977,2.9495400860557632,14.61,3.8510473211463236,3.7459475494811123,0.42080422531619976,6.75
2026-10-12 15:38:57,17.06885646213756,16.950001554983576,19.685449035294667,30.37,8.185261101091276,8.213614315946977,2.9495400860557632,14.61,3.8510473211463236,3.7459475494811123,0.42080422531619976,6.75
2026-10-12 15:53:57,17.06885646213756,16.950001554983576,19.685449035294667,30.37,8.185261101091276,8.213614315946977,2.9495400860557632,14.61,3.8510473211463236,3.7459475494811123,0.42080422531619976,6.75
2026-10-12 16:08:57,17.06885646213756,16.950001554983576,19.685449035294667,30.37,8.185261101091276,8.213614315946977,2.9495400860557632,14.61,3.8510473211463236,3.7459475494811123,0.42080422531619976,6.75
2026-10-12 16:23:57,17.06885646213756,16.950001554983576,19.685449035294667,30.37,8.185261101091276,8.213614315946977,2.9495400860557632,14.61,3.8510473211463236,3.7459475494811123,0.42080422531619976,6.75
2026-10-12 16:38:57,17.06885646213756,16.950001554983576,19.685449035294667,30.37,8.185261101091276,8.213614315946977,2.9495400860557632,14.61,3.8510473211463236,3.7459475494811123,0.42080422531619976,6.75
2026-10-12 16:53:57,17.09234384259774,16.97237131384782,19.708320222381335,30.405,8.19290614519079,8.223089398221425,2.9544213136947066,14.63,3.8510473211463236,3.7459475494811123,0.42080422531619976,6.75
2026-10-12 17:08:57,17.09234384259774,16.97237131384782,19.708320222381335,30.405,8.19290614519079,8.223089398221425,2.9544213136947066,14.63,3.8510473211463236,3.7459475494811123,0.42080422531619976,6.75
2026-10-12 17:23:57,17.09234384259774,16.97237131384782,19.708320222381335,30.405,8.19290614519079,8.223089398221425,2.9544213136947066,14.63,3.8510473211463236,3.7459475494811123,0.42080422531619976,6.75
2026-10-12 17:38:57,17.10731106008198,16.989172191725206,19.72360010559155,30.43,8.206474305756672,8.233100302838759,2.958644764095556,14.65,3.869113384058514,3.7603063775818995,0.4220479733122167,6.775
2026-10-12 17:53:57,17.13071333447618,17.015769669976752,19.751475518759598,30.475,8.212036457222313,8.243877571585099,2.9612551891816197,14.665,3.8701706809647263,3.761433621618728,0.4223747908364616,6.78
2026-10-12 18:08:57,17.13071333447618,17.015769669976752,19.751475518759598,30.475,8.212036457222313,8.243877571585099,2.9612551891816197,14.665,3.8701706809647263,3.761433621618728,0.4223747908364616,6.78
2026-10-12 18:23:57,17.13071333447618,17.015769669976752,19.751475518759598,30.475,8.212036457222313,8.243877571585099,2.9612551891816197,14.665,3.8701706809647263,3.761433621618728,0.4223747908364616,6.78
2026-10-12 18:38:57,17.450565991995603,17.35935851510539,20.139820926600787,31.08,8.34263903780215,8.39803290768661,3.009699227048528,14.915,3.9193067340540746,3.812408926847581,0.4284649281546775,6.875
2026-10-12 18:53:57,17.754697507744655,17.669826953851953,20.514447446189727,31.63,8.48210391907947,8.528400417264063,3.0572691329692248,15.15,3.9765934343463134,3.866743807427271,0.4345514734946871,6.97
2026-10-12 19:08:57,18.140583580963774,18.056915359976955,20.959397438314063,32.3,8.639223290810614,8.694953495414866,3.1135085983542226,15.425,4.030604469326623,3.9161164681091494,0.44088031700761654,7.07
2026-10-12 19:23:57,18.266931289363182,18.18355819367105,21.11767062141692,32.535,8.720463421018867,8.76553731838316,3.1383256551203518,15.555,4.064020017605319,3.957381906955937,0.4447545146100182,7.135
2026-10-12 19:38:57,18.39650222464042,18.301303395072882,21.268949342067856,32.755,8.777501677589582,8.82302923553723,3.1583451280998918,15.66,4.080958317650205,3.9799296911373077,0.4470687765241387,7.165
2026-10-12 19:53:57,18.564900668136847,18.472657570491084,21.48827104115461,33.075,8.866983411301792,8.910982604849409,3.1913169936471553,15.83,4.121230448354948,4.013101375149478,0.4507960953507803,7.225
2026-10-12 20:08:57,18.786025114491157,18.666908122429994,21.725512538285788,33.44,8.93646187478712,8.982730011377168,3.2164594422997888,15.96,4.170336137639162,4.059246820587725,0.4551219895465364,7.3
2026-10-12 20:23:57,18.99431950607534,18.85726522694904,21.96723964681738,33.8,9.045423662768364,9.09018845418579,3.2538025790392866,16.145,4.219563624128931,4.101239615816142,0.4606562685819266,7.38
2026-10-12 20:38:57,19.179145065565056,19.053824732797324,22.16814424206922,34.13,9.144614889034063,9.186201857951607,3.2855472767863727,16.3,4.234713923890008,4.111468895120565,0.46172500504003205,7.4
2026-10-12 20:53:57,19.179145065565056,19.053824732797324,22.16814424206922,34.13,9.144614889034063,9.186201857951607,3.2855472767863727,16.3,4.234713923890008,4.111468895120565,0.46172500504003205,7.4
2026-10-12 21:08:57,19.368284329595348,19.25468429176654,22.40367308144514,34.48,9.24123200357623,9.264946220256292,3.313850982894902,16.46,4.2623305712211685,4.130761753379107,0.46383889841720033,7.44
2026-10-12 21:23:57,19.861397087435304,19.69628400019424,22.966987751339843,35.33,9.542303088763695,9.54159262263026,3.4189713752606923,16.97,4.391792576409276,4.252160387542656,0.4776669746944995,7.665
2026-10-12 21:38:57,20.345890181290837,20.177788784619953,23.53708242483763,36.185,9.826629549452644,9.830506933879432,3.515084088448659,17.46,4.587132980219855,4.431243912370365,0.4985503225506775,8.0
2026-10-12 21:53:57,20.5327827765081,20.35942798669447,23.739036373398488,36.505,9.923422791892957,9.931807585383481,3.549617698913325,17.625,4.652093109879276,4.494859667160776,0.5044401646892801,8.11
2026-10-12 22:08:57,20.5327827765081,20.35942798669447,23.739036373398488,36.505,9.923422791892957,9.931807585383481,3.549617698913325,17.625,4.652093109879276,4.494859667160776,0.5044401646892801,8.11
2026-10-12 22:23:57,20.536577827222395,20.36183687224847,23.742666137674263,36.51,9.923422791892957,9.931807585383481,3.549617698913325,17.625,4.652093109879276,4.494859667160776,0.5044401646892801,8.11
2026-10-12 22:38:57,20.536577827222395,20.36183687224847,23.742666137674263,36.51,9.923422791892957,9.931807585383481,3.549617698913325,17.625,4.652093109879276,4.494859667160776,0.5044401646892801,8.11
2026-10-12 22:53:57,20.536577827222395,20.36183687224847,23.742666137674263,36.51,9.923422791892957,9.931807585383481,3.549617698913325,17.625,4.652093109879276,4.494859667160776,0.5044401646892801,8.11
2026-10-12 23:08:57,20.536577827222395,20.36183687224847,23.742666137674263,36.51,9.923422791892957,9.931807585383481,3.549617698913325,17.625,4.652093109879276,4.494859667160776,0.5044401646892801,8.11
2026-10-12 23:23:57,20.56250256076098,20.385924561602764,23.77217889933987,36.555,9.943841301959056,9.949423502822263,3.556525813178323,17.66,4.657573247435515,4.502930235893746,0.5053840240401622,8.125
2026-10-12 23:38:57,20.56250256076098,20.385924561602764,23.77217889933987,36.555,9.943841301959056,9.949423502822263,3.556525813178323,17.66,4.657573247435515,4.502930235893746,0.5053840240401622,8.125
2026-10-12 23:53:57,20.56250256076098,20.385924561602764,23.77217889933987,36.555,9.943841301959056,9.949423502822263,3.556525813178323,17.66,4.657573247435515,4.502930235893746,0.5053840240401622,8.125
2026-10-13 00:08:57,20.56250256076098,20.385924561602764,23.77217889933987,36.555,9.943841301959056,9.949423502822263,3.556525813178323,17.66,4.657573247435515,4.502930235893746,0.5053840240401622,8.125
2026-10-13 00:23:57,20.56250256076098,20.385924561602764,23.77217889933987,36.555,9.944706017089027,9.954134813084405,3.557567006137008,17.665,4.657573247435515,4.502930235893746,0.5053840240401622,8.125
2026-10-13 00:38:57,20.56250256076098,20.385924561602764,23.77217889933987,36.555,9.944706017089027,9.954134813084405,3.557567006137008,17.665,4.657573247435515,4.502930235893746,0.5053840240401622,8.125
2026-10-13 00:53:57,20.56524385390573,20.387075987066076,23.773704123864455,36.56,9.944706017089027,9.954134813084405,3.557567006137008,17.665,4.657573247435515,4.502930235893746,0.5053840240401622,8.125
2026-10-13 01:08:57,20.56524385390573,20.387075987066076,23.773704123864455,36.56,9.944706017089027,9.954134813084405,3.557567006137008,17.665,4.657573247435515,4.502930235893746,0.5053840240401622,8.125
2026-10-13 01:23:57,20.56524385390573,20.387075987066076,23.773704123864455,36.56,9.944706017089027,9.954134813084405,3.557567006137008,17.665,4.657573247435515,4.502930235893746,0.5053840240401622,8.125
2026-10-13 01:38:57,20.56524385390573,20.387075987066076,23.773704123864455,36.56,9.948453776242006,9.955548896246986,3.558588570550493,17.67,4.657573247435515,4.502930235893746,0.5053840240401622,8.125
2026-10-13 01:53:57,20.56524385390573,20.387075987066076,23.773704123864455,36.56,9.948453776242006,9.955548896246986,3.558588570550493,17.67,4.657573247435515,4.502930235893746,0.5053840240401622,8.125
2026-10-13 02:08:57,20.56524385390573,20.387075987066076,23.773704123864455,36.56,9.948453776242006,9.955548896246986,3.558588570550493,17.67,4.657573247435515,4.502930235893746,0.5053840240401622,8.125
2026-10-13 02:23:57,20.56524385390573,20.387075987066076,23.773704123864455,36.56,9.948453776242006,9.955548896246986,3.558588570550493,17.67,4.657573247435515,4.502930235893746,0.5053840240401622,8.125
2026-10-13 02:38:57,20.56524385390573,20.387075987066076,23.773704123864455,36.56,9.950611721136074,9.956367633833485,3.5594180417317687,17.675,4.657573247435515,4.502930235893746,0.5053840240401622,8.125
2026-10-13 02:53:57,20.56524385390573,20.387075987066076,23.773704123864455,36.56,9.950611721136074,9.956367633833485,3.5594180417317687,17.675,4.657573247435515,4.502930235893746,0.5053840240401622,8.125
2026-10-13 03:08:57,20.56524385390573,20.387075987066076,23.773704123864455,36.56,9.954359963708795,9.959224941734758,3.560842640349892,17.68,4.657573247435515,4.502930235893746,0.5053840240401622,8.125
2026-10-13 03:23:57,20.56524385390573,20.387075987066076,23.773704123864455,36.56,9.954359963708795,9.959224941734758,3.560842640349892,17.68,4.657573247435515,4.502930235893746,0.5053840240401622,8.125
2026-10-13 03:38:57,20.570125633047702,20.389684747031634,23.77773375560163,36.565,9.954359963708795,9.959224941734758,3.560842640349892,17.68,4.657573247435515,4.502930235893746,0.5053840240401622,8.125
2026-10-13 03:53:57,20.570125633047702,20.389684747031634,23.77773375560163,36.565,9.954359963708795,9.959224941734758,3.560842640349892,17.68,4.657573247435515,4.502930235893746,0.5053840240401622,8.125
2026-10-13 04:08:57,20.570125633047702,20.389684747031634,23.77773375560163,36.565,9.954359963708795,9.959224941734758,3.560842640349892,17.68,4.657573247435515,4.502930235893746,0.5053840240401622,8.125
2026-10-13 04:23:57,20.570125633047702,20.389684747031634,23.77773375560163,36.565,9.954359963708795,9.959224941734758,3.560842640349892,17.68,4.657573247435515,4.502930235893746,0.5053840240401622,8.125
2026-10-13 04:38:57,20.658764246801724,20.483553680879,23.876288549954957,36.73,10.034499038056834,10.045285083599657,3.587043188961065,17.82,4.692127997710843,4.534124369490458,0.5090259569566001,8.175
2026-10-13 04:53:57,20.658764246801724,20.483553680879,23.876288549954957,36.73,10.034499038056834,10.045285083599657,3.587043188961065,17.82,4.692127997710843,4.534124369490458,0.5090259569566001,8.175
2026-10-13 05:08:57,20.792382328792204,20.613424136276382,24.026344336931956,36.975,10.101394497193775,10.115234234883939,3.608100612288886,17.94,4.73658396255492,4.571886471291507,0.5132700665835666,8.245
2026-10-13 05:23:57,20.79302717198524,20.61426657471621,24.028590770052816,36.98,10.101394497193775,10.115234234883939,3.608100612288886,17.94,4.73658396255492,4.571886471291507,0.5132700665835666,8.245
2026-10-13 05:38:57,20.794568908323345,20.6173463417888,24.03154387036412,36.985,10.101394497193775,10.115234234883939,3.608100612288886,17.94,4.73658396255492,4.571886471291507,0.5132700665835666,8.245
2026-10-13 05:53:57,20.794568908323345,20.6173463417888,24.03154387036412,36.985,10.101394497193775,10.115234234883939,3.608100612288886,17.94,4.73658396255492,4.571886471291507,0.5132700665835666,8.245
2026-10-13 06:08:57,20.798023974497443,20.620707853575333,24.034353863697124,36.99,10.101394497193775,10.115234234883939,3.608100612288886,17.94,4.73658396255492,4.571886471291507,0.5132700665835666,8.245
2026-10-13 06:23:57,20.798023974497443,20.620707853575333,24.034353863697124,36.99,10.101394497193775,10.115234234883939,3.608100612288886,17.94,4.73658396255492,4.571886471291507,0.5132700665835666,8.245
2026-10-13 06:38:57,20.798023974497443,20.620707853575333,24.034353863697124,36.99,10.101394497193775,10.115234234883939,3.608100612288886,17.94,4.73658396255492,4.571886471291507,0.5132700665835666,8.245
2026-10-13 06:53:57,20.799839998017756,20.621525053651375,24.03633068831098,36.995,10.104966473023776,10.116182267859386,3.6088655407243144,17.945,4.73658396255492,4.571886471291507,0.5132700665835666,8.245
2026-10-13 07:08:57,20.799839998017756,20.621525053651375,24.03633068831098,36.995,10.104966473023776,10.116182267859386,3.6088655407243144,17.945,4.73658396255492,4.571886471291507,0.5132700665835666,8.245
2026-10-13 07:23:57,20.799839998017756,20.621525053651375,24.03633068831098,36.995,10.104966473023776,10.116182267859386,3.6088655407243144,17.945,4.73658396255492,4.571886471291507,0.5132700665835666,8.245
2026-10-13 07:38:57,20.799839998017756,20.621525053651375,24.03633068831098,36.995,10.108954383668534,10.119841484494373,3.610108945943276,17.95,4.73658396255492,4.571886471291507,0.5132700665835666,8.245
2026-10-13 07:53:57,20.799839998017756,20.621525053651375,24.03633068831098,36.995,10.108954383668534,10.119841484494373,3.610108945943276,17.95,4.73658396255492,4.571886471291507,0.5132700665835666,8.245
2026-10-13 08:08:57,20.799839998017756,20.621525053651375,24.03633068831098,36.995,10.108954383668534,10.119841484494373,3.610108945943276,17.95,4.73658396255492,4.571886471291507,0.5132700665835666,8.245
2026-10-13 08:23:57,20.799839998017756,20.621525053651375,24.03633068831098,36.995,10.108954383668534,10.119841484494373,3.610108945943276,17.95,4.73658396255492,4.571886471291507,0.5132700665835666,8.245
2026-10-13 08:38:57,20.799839998017756,20.621525053651375,24.03633068831098,36.995,10.108954383668534,10.119841484494373,3.610108945943276,17.95,4.73658396255492,4.571886471291507,0.5132700665835666,8.245
2026-10-13 08:53:57,20.80267768335741,20.623371511235625,24.038186910173128,37.0,10.108954383668534,10.119841484494373,3.610108945943276,17.95,4.73658396255492,4.571886471291507,0.5132700665835666,8.245
2026-10-13 09:08:57,20.80267768335741,20.623371511235625,24.038186910173128,37.0,10.108954383668534,10.119841484494373,3.610108945943276,17.95,4.73658396255492,4.571886471291507,0.5132700665835666,8.245
2026-10-13 09:23:57,20.80267768335741,20.623371511235625,24.038186910173128,37.0,10.108954383668534,10.119841484494373,3.610108945943276,17.95,4.73658396255492,4.571886471291507,0.5132700665835666,8.245
2026-10-13 09:38:57,20.811498955810247,20.63072865066955,24.04445905419564,37.01,10.108954383668534,10.119841484494373,3.610108945943276,17.95,4.73658396255492,4.571886471291507,0.5132700665835666,8.245
2026-10-13 09:53:57,20.811498955810247,20.63072865066955,24.04445905419564,37.01,10.110678721242554,10.122801533258823,3.6112440537693558,17.955,4.73658396255492,4.571886471291507,0.5132700665835666,8.245
2026-10-13 10:08:57,20.812698571045033,20.633432050674426,24.04608781520659,37.015,10.110678721242554,10.122801533258823,3.6112440537693558,17.955,4.73658396255492,4.571886471291507,0.5132700665835666,8.245
2026-10-13 10:23:57,20.812698571045033,20.633432050674426,24.04608781520659,37.015,10.110678721242554,10.122801533258823,3.6112440537693558,17.955,4.73658396255492,4.571886471291507,0.5132700665835666,8.245
2026-10-13 10:38:57,20.812698571045033,20.633432050674426,24.04608781520659,37.015,10.110678721242554,10.122801533258823,3.6112440537693558,17.955,4.73658396255492,4.571886471291507,0.5132700665835666,8.245
2026-10-13 10:53:57,20.812698571045033,20.633432050674426,24.04608781520659,37.015,10.110678721242554,10.122801533258823,3.6112440537693558,17.955,4.73658396255492,4.571886471291507,0.5132700665835666,8.245
2026-10-13 11:08:57,20.812698571045033,20.633432050674426,24.04608781520659,37.015,10.110678721242554,10.122801533258823,3.6112440537693558,17.955,4.73658396255492,4.571886471291507,0.5132700665835666,8.245
2026-10-13 11:23:57,20.812698571045033,20.633432050674426,24.04608781520659,37.015,10.110678721242554,10.122801533258823,3.6112440537693558,17.955,4.73658396255492,4.571886471291507,0.5132700665835666,8.245
2026-10-13 11:38:57,20.81697579073543,20.63681412889666,24.0493666299209,37.02,10.110678721242554,10.122801533258823,3.6112440537693558,17.955,4.73658396255492,4.571886471291507,0.5132700665835666,8.245
2026-10-13 11:53:57,20.81697579073543,20.63681412889666,24.0493666299209,37.02,10.110678721242554,10.122801533258823,3.6112440537693558,17.955,4.73658396255492,4.571886471291507,0.5132700665835666,8.245
2026-10-13 12:08:57,20.81697579073543,20.63681412889666,24.0493666299209,37.02,10.110678721242554,10.122801533258823,3.6112440537693558,17.955,4.73658396255492,4.571886471291507,0.5132700665835666,8.245
2026-10-13 12:23:57,20.833187247381364,20.659323979191765,24.081949929491724,37.07,10.121698436049392,10.142258402023822,3.616804854485756,17.98,4.73658396255492,4.571886471291507,0.5132700665835666,8.245
2026-10-13 12:38:57,20.833187247381364,20.659323979191765,24.081949929491724,37.07,10.121698436049392,10.142258402023822,3.616804854485756,17.98,4.73658396255492,4.571886471291507,0.5132700665835666,8.245
2026-10-13 12:53:57,20.833187247381364,20.659323979191765,24.081949929491724,37.07,10.121698436049392,10.142258402023822,3.616804854485756,17.98,4.73658396255492,4.571886471291507,0.5132700665835666,8.245
2026-10-13 13:08:57,20.833187247381364,20.659323979191765,24.081949929491724,37.07,10.121698436049392,10.142258402023822,3.616804854485756,17.98,4.73658396255492,4.571886471291507,0.5132700665835666,8.245
2026-10-13 13:23:57,20.833187247381364,20.659323979191765,24.081949929491724,37.07,10.121698436049392,10.142258402023822,3.616804854485756,17.98,4.73658396255492,4.571886471291507,0.5132700665835666,8.245
2026-10-13 13:38:57,20.833187247381364,20.659323979191765,24.081949929491724,37.07,10.121698436049392,10.142258402023822,3.616804854485756,17.98,4.73658396255492,4.571886471291507,0.5132700665835666,8.245
2026-10-13 13:53:57,20.833187247381364,20.659323979191765,24.081949929491724,37.07,10.121698436049392,10.142258402023822,3.616804854485756,17.98,4.73658396255492,4.571886471291507,0.5132700665835666,8.245
2026-10-13 14:08:57,20.833187247381364,20.659323979191765,24.081949929491724,37.07,10.121698436049392,10.142258402023822,3.616804854485756,17.98,4.73658396255492,4.571886471291507,0.5132700665835666,8.245
2026-10-13 14:23:57,20.833187247381364,20.659323979191765,24.081949929491724,37.07,10.121698436049392,10.142258402023822,3.616804854485756,17.98,4.73658396255492,4.571886471291507,0.5132700665835666,8.245
2026-10-13 14:38:57,20.833187247381364,20.659323979191765,24.081949929491724,37.07,10.121698436049392,10.142258402023822,3.616804854485756,17.98,4.73658396255492,4.571886471291507,0.5132700665835666,8.245
2026-10-13 14:53:57,20.833187247381364,20.659323979191765,24.081949929491724,37.07,10.121698436049392,10.142258402023822,3.616804854485756,17.98,4.73658396255492,4.571886471291507,0.5132700665835666,8.245
2026-10-13 15:08:57,20.833187247381364,20.659323979191765,24.081949929491724,37.07,10.121698436049392,10.142258402023822,3.616804854485756,17.98,4.73658396255492,4.571886471291507,0.5132700665835666,8.245
2026-10-13 15:23:57,20.833187247381364,20.659323979191765,24.081949929491724,37.07,10.121698436049392,10.142258402023822,3.616804854485756,17.98,4.73658396255492,4.571886471291507,0.5132700665835666,8.245
2026-10-13 15:38:57,20.874502083493766,20.70226561935807,24.134570680494672,37.145,10.131929125570187,10.159529787849348,3.6221323394903395,18.005,4.745454787584991,4.578060321079597,0.5137346961733761,8.255
2026-10-13 15:53:57,20.874502083493766,20.70226561935807,24.134570680494672,37.145,10.131929125570187,10.159529787849348,3.6221323394903395,18.005,4.745454787584991,4.578060321079597,0.5137346961733761,8.255
2026-10-13 16:08:57,20.874502083493766,20.70226561935807,24.134570680494672,37.145,10.131929125570187,10.159529787849348,3.6221323394903395,18.005,4.745454787584991,4.578060321079597,0.5137346961733761,8.255
2026-10-13 16:23:57,20.907413779212234,20.726290751767525,24.161667077078494,37.195,10.136075101825147,10.162136196709803,3.623668340045358,18.015,4.760463361022178,4.589582681299631,0.5155615103059007,8.28
2026-10-13 16:38:57,20.955432368600135,20.77688040450834,24.223945580029945,37.29,10.143420628028265,10.174569573224444,3.6261016837009103,18.03,4.763912689168533,4.593800528142438,0.515872559080922,8.285
2026-10-13 16:53:57,20.955432368600135,20.77688040450834,24.223945580029945,37.29,10.143420628028265,10.174569573224444,3.6261016837009103,18.03,4.763912689168533,4.593800528142438,0.515872559080922,8.285
2026-10-13 17:08:57,20.955432368600135,20.77688040450834,24.223945580029945,37.29,10.143420628028265,10.174569573224444,3.6261016837009103,18.03,4.763912689168533,4.593800528142438,0.515872559080922,8.285
2026-10-13 17:23:57,20.955432368600135,20.77688040450834,24.223945580029945,37.29,10.143420628028265,10.174569573224444,3.6261016837009103,18.03,4.763912689168533,4.593800528142438,0.515872559080922,8.285
2026-10-13 17:38:57,20.955432368600135,20.77688040450834,24.223945580029945,37.29,10.143420628028265,10.174569573224444,3.6261016837009103,18.03,4.763912689168533,4.593800528142438,0.515872559080922,8.285
2026-10-13 17:53:57,20.955432368600135,20.77688040450834,24.223945580029945,37.29,10.143420628028265,10.174569573224444,3.6261016837009103,18.03,4.763912689168533,4.593800528142438,0.515872559080922,8.285
2026-10-13 18:08:57,20.980764751999747,20.80519183844873,24.255111911974474,37.345,10.155543144491698,10.188050595231006,3.630242720002642,18.05,4.767299864328426,4.596812149336846,0.5161696674122622,8.29
2026-10-13 18:23:57,20.980764751999747,20.80519183844873,24.255111911974474,37.345,10.155543144491698,10.188050595231006,3.630242720002642,18.05,4.767299864328426,4.596812149336846,0.5161696674122622,8.29
2026-10-13 18:38:57,20.980764751999747,20.80519183844873,24.255111911974474,37.345,10.155543144491698,10.188050595231006,3.630242720002642,18.05,4.767299864328426,4.596812149336846,0.5161696674122622,8.29
2026-10-13 18:53:57,21.033743337098244,20.856865392154436,24.32231529205948,37.445,10.18056608880483,10.224049888278602,3.6399213334312646,18.1,4.793778360138771,4.614150904447364,0.5185403862199883,8.325
2026-10-13 19:08:57,21.033743337098244,20.856865392154436,24.32231529205948,37.445,10.18056608880483,10.224049888278602,3.6399213334312646,18.1,4.793778360138771,4.614150904447364,0.5185403862199883,8.325
2026-10-13 19:23:57,21.033743337098244,20.856865392154436,24.32231529205948,37.445,10.18056608880483,10.224049888278602,3.6399213334312646,18.1,4.793778360138771,4.614150904447364,0.5185403862199883,8.325
2026-10-13 19:38:57,21.033743337098244,20.856865392154436,24.32231529205948,37.445,10.18056608880483,10.224049888278602,3.6399213334312646,18.1,4.793778360138771,4.614150904447364,0.5185403862199883,8.325
2026-10-13 19:53:57,21.033743337098244,20.856865392154436,24.32231529205948,37.445,10.18056608880483,10.224049888278602,3.6399213334312646,18.1,4.793778360138771,4.614150904447364,0.5185403862199883,8.325
2026-10-13 20:08:57,21.033743337098244,20.856865392154436,24.32231529205948,37.445,10.18056608880483,10.224049888278602,3.6399213334312646,18.1,4.793778360138771,4.614150904447364,0.5185403862199883,8.325
2026-10-13 20:23:57,21.033743337098244,20.856865392154436,24.32231529205948,37.445,10.18056608880483,10.224049888278602,3.6399213334312646,18.1,4.793778360138771,4.614150904447364,0.5185403862199883,8.325
2026-10-13 20:38:57,21.033743337098244,20.856865392154436,24.32231529205948,37.445,10.18056608880483,10.224049888278602,3.6399213334312646,18.1,4.793778360138771,4.614150904447364,0.5185403862199883,8.325
2026-10-13 20:53:57,21.2196611391733,21.052512129240373,24.557560239063335,37.795,10.257157019390192,10.318724717184075,3.667589321961213,18.25,4.822385497931535,4.644606506557191,0.521432286226481,8.38
2026-10-13 21:08:57,21.2196611391733,21.052512129240373,24.557560239063335,37.795,10.257157019390192,10.318724717184075,3.667589321961213,18.25,4.822385497931535,4.644606506557191,0.521432286226481,8.38
2026-10-13 21:23:57,21.2196611391733,21.052512129240373,24.557560239063335,37.795,10.257157019390192,10.318724717184075,3.667589321961213,18.25,4.822385497931535,4.644606506557191,0.521432286226481,8.38
2026-10-13 21:38:57,21.2196611391733,21.052512129240373,24.557560239063335,37.795,10.257157019390192,10.318724717184075,3.667589321961213,18.25,4.822385497931535,4.644606506557191,0.521432286226481,8.38
2026-10-13 21:53:57,21.2196611391733,21.052512129240373,24.557560239063335,37.795,10.257157019390192,10.318724717184075,3.667589321961213,18.25,4.823503074233558,4.646424686946054,0.521601328003761,8.385
2026-10-13 22:08:57,21.2196611391733,21.052512129240373,24.557560239063335,37.795,10.257157019390192,10.318724717184075,3.667589321961213,18.25,4.823503074233558,4.646424686946054,0.521601328003761,8.385
2026-10-13 22:23:57,21.2196611391733,21.052512129240373,24.557560239063335,37.795,10.257157019390192,10.318724717184075,3.667589321961213,18.25,4.823503074233558,4.646424686946054,0.521601328003761,8.385
2026-10-13 22:38:57,21.2196611391733,21.052512129240373,24.557560239063335,37.795,10.257157019390192,10.318724717184075,3.667589321961213,18.25,4.823503074233558,4.646424686946054,0.521601328003761,8.385
2026-10-13 22:53:57,21.2196611391733,21.052512129240373,24.557560239063335,37.795,10.257157019390192,10.318724717184075,3.667589321961213,18.25,4.823503074233558,4.646424686946054,0.521601328003761,8.385
2026-10-13 23:08:57,21.2196611391733,21.052512129240373,24.557560239063335,37.795,10.257157019390192,10.318724717184075,3.667589321961213,18.25,4.823503074233558,4.646424686946054,0.521601328003761,8.385
2026-10-13 23:23:57,21.305274060203413,21.1289235568777,24.650610692625207,37.93,10.277602878681863,10.339524245113367,3.6740361388585097,18.28,4.830981416149078,4.652762693886008,0.5226934732943093,8.4
2026-10-13 23:38:57,21.306661396825454,21.130247323448025,24.654666695622517,37.935,10.277602878681863,10.339524245113367,3.6740361388585097,18.28,4.830981416149078,4.652762693886008,0.5226934732943093,8.4
2026-10-13 23:53:57,21.5712118623559,21.392191635254964,24.966982104223877,38.415,10.405818123475774,10.446808611579526,3.7199738173059016,18.5,4.900728626533393,4.715890063336715,0.5298743688156109,8.515
2026-10-14 00:08:57,21.580013338151453,21.39777886020925,24.974711154303478,38.425,10.405818123475774,10.446808611579526,3.7199738173059016,18.5,4.900728626533393,4.715890063336715,0.5298743688156109,8.515
2026-10-14 00:23:57,21.580013338151453,21.39777886020925,24.974711154303478,38.425,10.405818123475774,10.446808611579526,3.7199738173059016,18.5,4.900728626533393,4.715890063336715,0.5298743688156109,8.515
2026-10-14 00:38:57,21.580013338151453,21.39777886020925,24.974711154303478,38.425,10.405818123475774,10.446808611579526,3.7199738173059016,18.5,4.900728626533393,4.715890063336715,0.5298743688156109,8.515
2026-10-14 00:53:57,21.580013338151453,21.39777886020925,24.974711154303478,38.425,10.405818123475774,10.446808611579526,3.7199738173059016,18.5,4.900728626533393,4.715890063336715,0.5298743688156109,8.515
2026-10-14 01:08:57,21.580013338151453,21.39777886020925,24.974711154303478,38.425,10.405818123475774,10.446808611579526,3.7199738173059016,18.5,4.900728626533393,4.715890063336715,0.5298743688156109,8.515
2026-10-14 01:23:57,21.580013338151453,21.39777886020925,24.974711154303478,38.425,10.405818123475774,10.446808611579526,3.7199738173059016,18.5,4.900728626533393,4.715890063336715,0.5298743688156109,8.515
2026-10-14 01:38:57,21.580013338151453,21.39777886020925,24.974711154303478,38.425,10.405818123475774,10.446808611579526,3.7199738173059016,18.5,4.900728626533393,4.715890063336715,0.5298743688156109,8.515
2026-10-14 01:53:57,21.580013338151453,21.39777886020925,24.974711154303478,38.425,10.405818123475774,10.446808611579526,3.7199738173059016,18.5,4.900728626533393,4.715890063336715,0.5298743688156109,8.515
2026-10-14 02:08:57,21.580013338151453,21.39777886020925,24.974711154303478,38.425,10.405818123475774,10.446808611579526,3.7199738173059016,18.5,4.900728626533393,4.715890063336715,0.5298743688156109,8.515
2026-10-14 02:23:57,21.580013338151453,21.39777886020925,24.974711154303478,38.425,10.405818123475774,10.446808611579526,3.7199738173059016,18.5,4.900728626533393,4.715890063336715,0.5298743688156109,8.515
2026-10-14 02:38:57,21.580013338151453,21.39777886020925,24.974711154303478,38.425,10.405818123475774,10.446808611579526,3.7199738173059016,18.5,4.900728626533393,4.715890063336715,0.5298743688156109,8.515
2026-10-14 02:53:57,21.58328627228475,21.398790742959235,24.976976057296472,38.43,10.405818123475774,10.446808611579526,3.7199738173059016,18.5,4.900728626533393,4.715890063336715,0.5298743688156109,8.515
2026-10-14 03:08:57,21.58328627228475,21.398790742959235,24.976976057296472,38.43,10.405818123475774,10.446808611579526,3.7199738173059016,18.5,4.900728626533393,4.715890063336715,0.5298743688156109,8.515
2026-10-14 03:23:57,21.58328627228475,21.398790742959235,24.976976057296472,38.43,10.405818123475774,10.446808611579526,3.7199738173059016,18.5,4.900728626533393,4.715890063336715,0.5298743688156109,8.515
2026-10-14 03:38:57,21.58328627228475,21.398790742959235,24.976976057296472,38.43,10.405818123475774,10.446808611579526,3.7199738173059016,18.5,4.900728626533393,4.715890063336715,0.5298743688156109,8.515
2026-10-14 03:53:57,21.58328627228475,21.398790742959235,24.976976057296472,38.43,10.405818123475774,10.446808611579526,3.7199738173059016,18.5,4.900728626533393,4.715890063336715,0.5298743688156109,8.515
2026-10-14 04:08:57,21.58328627228475,21.398790742959235,24.976976057296472,38.43,10.405818123475774,10.446808611579526,3.7199738173059016,18.5,4.900728626533393,4.715890063336715,0.5298743688156109,8.515
2026-10-14 04:23:57,21.58328627228475,21.398790742959235,24.976976057296472,38.43,10.405818123475774,10.446808611579526,3.7199738173059016,18.5,4.900728626533393,4.715890063336715,0.5298743688156109,8.515
2026-10-14 04:38:57,21.58328627228475,21.398790742959235,24.976976057296472,38.43,10.405818123475774,10.446808611579526,3.7199738173059016,18.5,4.900728626533393,4.715890063336715,0.5298743688156109,8.515
2026-10-14 04:53:57,21.58328627228475,21.398790742959235,24.976976057296472,38.43,10.405818123475774,10.446808611579526,3.7199738173059016,18.5,4.900728626533393,4.715890063336715,0.5298743688156109,8.515
2026-10-14 05:08:57,21.585879101968196,21.40060194450008,24.980428669403693,38.435,10.405818123475774,10.446808611579526,3.7199738173059016,18.5,4.900728626533393,4.715890063336715,0.5298743688156109,8.515
2026-10-14 05:23:57,21.585879101968196,21.40060194450008,24.980428669403693,38.435,10.405818123475774,10.446808611579526,3.7199738173059016,18.5,4.900728626533393,4.715890063336715,0.5298743688156109,8.515
2026-10-14 05:38:57,21.588632398601792,21.401446728722977,24.983024689273005,38.44,10.405818123475774,10.446808611579526,3.7199738173059016,18.5,4.900728626533393,4.715890063336715,0.5298743688156109,8.515
2026-10-14 05:53:57,21.588632398601792,21.401446728722977,24.983024689273005,38.44,10.405818123475774,10.446808611579526,3.7199738173059016,18.5,4.900728626533393,4.715890063336715,0.5298743688156109,8.515
2026-10-14 06:08:57,21.588632398601792,21.401446728722977,24.983024689273005,38.44,10.405818123475774,10.446808611579526,3.7199738173059016,18.5,4.900728626533393,4.715890063336715,0.5298743688156109,8.515
2026-10-14 06:23:57,21.588632398601792,21.401446728722977,24.983024689273005,38.44,10.405818123475774,10.446808611579526,3.7199738173059016,18.5,4.900728626533393,4.715890063336715,0.5298743688156109,8.515
2026-10-14 06:38:57,21.588632398601792,21.401446728722977,24.983024689273005,38.44,10.405818123475774,10.446808611579526,3.7199738173059016,18.5,4.900728626533393,4.715890063336715,0.5298743688156109,8.515
2026-10-14 06:53:57,21.588632398601792,21.401446728722977,24.983024689273005,38.44,10.405818123475774,10.446808611579526,3.7199738173059016,18.5,4.900728626533393,4.715890063336715,0.5298743688156109,8.515
2026-10-14 07:08:57,21.588632398601792,21.401446728722977,24.983024689273005,38.44,10.405818123475774,10.446808611579526,3.7199738173059016,18.5,4.900728626533393,4.715890063336715,0.5298743688156109,8.515
2026-10-14 07:23:57,21.588632398601792,21.401446728722977,24.983024689273005,38.44,10.405818123475774,10.446808611579526,3.7199738173059016,18.5,4.900728626533393,4.715890063336715,0.5298743688156109,8.515
2026-10-14 07:38:57,21.588632398601792,21.401446728722977,24.983024689273005,38.44,10.405818123475774,10.446808611579526,3.7199738173059016,18.5,4.900728626533393,4.715890063336715,0.5298743688156109,8.515
2026-10-14 07:53:57,21.588632398601792,21.401446728722977,24.983024689273005,38.44,10.407759294456488,10.447772849261248,3.7205811900297867,18.505,4.900728626533393,4.715890063336715,0.5298743688156109,8.515
2026-10-14 08:08:57,21.588632398601792,21.401446728722977,24.983024689273005,38.44,10.407759294456488,10.447772849261248,3.7205811900297867,18.505,4.900728626533393,4.715890063336715,0.5298743688156109,8.515
2026-10-14 08:23:57,21.588632398601792,21.401446728722977,24.983024689273005,38.44,10.407759294456488,10.447772849261248,3.7205811900297867,18.505,4.900728626533393,4.715890063336715,0.5298743688156109,8.515
2026-10-14 08:38:57,21.588632398601792,21.401446728722977,24.983024689273005,38.44,10.407759294456488,10.447772849261248,3.7205811900297867,18.505,4.900728626533393,4.715890063336715,0.5298743688156109,8.515
2026-10-14 08:53:57,21.59339235098191,21.404745467419147,24.987791888268468,38.445,10.407759294456488,10.447772849261248,3.7205811900297867,18.505,4.900728626533393,4.715890063336715,0.5298743688156109,8.515
2026-10-14 09:08:57,21.59339235098191,21.404745467419147,24.987791888268468,38.445,10.407759294456488,10.447772849261248,3.7205811900297867,18.505,4.900728626533393,4.715890063336715,0.5298743688156109,8.515
2026-10-14 09:23:57,21.59339235098191,21.404745467419147,24.987791888268468,38.445,10.407759294456488,10.447772849261248,3.7205811900297867,18.505,4.900728626533393,4.715890063336715,0.5298743688156109,8.515
2026-10-14 09:38:57,21.59339235098191,21.404745467419147,24.987791888268468,38.445,10.407759294456488,10.447772849261248,3.7205811900297867,18.505,4.900728626533393,4.715890063336715,0.5298743688156109,8.515
2026-10-14 09:53:57,21.806644868105284,21.619202460594202,25.234763064506414,38.835,10.540687506573876,10.550292580102935,3.765280820442244,18.725,4.938378856338531,4.751065084977023,0.5346673637217053,8.58
2026-10-14 10:08:57,21.806644868105284,21.619202460594202,25.234763064506414,38.835,10.540687506573876,10.550292580102935,3.765280820442244,18.725,4.938378856338531,4.751065084977023,0.5346673637217053,8.58
2026-10-14 10:23:57,21.90665083868717,21.719557599534678,25.35228291752467,39.025,10.60055752247992,10.609918302937075,3.78531484559854,18.815,4.95475698772259,4.7667412914983,0.5367216734847357,8.605
2026-10-14 10:38:57,22.036373194825373,21.868466763687607,25.50437157939601,39.27,10.631381279867673,10.642229719417651,3.7962402551606473,18.865,4.965291201251251,4.779129466911547,0.5383434421241963,8.625
2026-10-14 10:53:57,22.036373194825373,21.868466763687607,25.50437157939601,39.27,10.631381279867673,10.642229719417651,3.7962402551606473,18.865,4.965291201251251,4.779129466911547,0.5383434421241963,8.625
2026-10-14 11:08:57,22.036373194825373,21.868466763687607,25.50437157939601,39.27,10.631381279867673,10.642229719417651,3.7962402551606473,18.865,4.965291201251251,4.779129466911547,0.5383434421241963,8.625
2026-10-14 11:23:57,22.036373194825373,21.868466763687607,25.50437157939601,39.27,10.631381279867673,10.642229719417651,3.7962402551606473,18.865,4.965291201251251,4.779129466911547,0.5383434421241963,8.625
2026-10-14 11:38:57,22.036373194825373,21.868466763687607,25.50437157939601,39.27,10.631381279867673,10.642229719417651,3.7962402551606473,18.865,4.965291201251251,4.779129466911547,0.5383434421241963,8.625
2026-10-14 11:53:57,22.036373194825373,21.868466763687607,25.50437157939601,39.27,10.631381279867673,10.642229719417651,3.7962402551606473,18.865,4.965291201251251,4.779129466911547,0.5383434421241963,8.625
2026-10-14 12:08:57,22.036373194825373,21.868466763687607,25.50437157939601,39.27,10.631381279867673,10.642229719417651,3.7962402551606473,18.865,4.965291201251251,4.779129466911547,0.5383434421241963,8.625
2026-10-14 12:23:57,22.036373194825373,21.868466763687607,25.50437157939601,39.27,10.631381279867673,10.642229719417651,3.7962402551606473,18.865,4.965291201251251,4.779129466911547,0.5383434421241963,8.625
2026-10-14 12:38:57,22.036373194825373,21.868466763687607,25.50437157939601,39.27,10.631381279867673,10.642229719417651,3.7962402551606473,18.865,4.965291201251251,4.779129466911547,0.5383434421241963,8.625
2026-10-14 12:53:57,22.038039978423484,21.873463474193414,25.508297046492256,39.275,10.631381279867673,10.642229719417651,3.7962402551606473,18.865,4.965291201251251,4.779129466911547,0.5383434421241963,8.625
2026-10-14 13:08:57,22.038039978423484,21.873463474193414,25.508297046492256,39.275,10.631381279867673,10.642229719417651,3.7962402551606473,18.865,4.965291201251251,4.779129466911547,0.5383434421241963,8.625
2026-10-14 13:23:57,22.038039978423484,21.873463474193414,25.508297046492256,39.275,10.631381279867673,10.642229719417651,3.7962402551606473,18.865,4.965291201251251,4.779129466911547,0.5383434421241963,8.625
2026-10-14 13:38:57,22.038039978423484,21.873463474193414,25.508297046492256,39.275,10.631381279867673,10.642229719417651,3.7962402551606473,18.865,4.965291201251251,4.779129466911547,0.5383434421241963,8.625
2026-10-14 13:53:57,22.038039978423484,21.873463474193414,25.508297046492256,39.275,10.631381279867673,10.642229719417651,3.7962402551606473,18.865,4.965291201251251,4.779129466911547,0.5383434421241963,8.625
2026-10-14 14:08:57,22.038039978423484,21.873463474193414,25.508297046492256,39.275,10.631381279867673,10.642229719417651,3.7962402551606473,18.865,4.965291201251251,4.779129466911547,0.5383434421241963,8.625
2026-10-14 14:23:57,22.038039978423484,21.873463474193414,25.508297046492256,39.275,10.631381279867673,10.642229719417651,3.7962402551606473,18.865,4.965291201251251,4.779129466911547,0.5383434421241963,8.625
2026-10-14 14:38:57,22.038039978423484,21.873463474193414,25.508297046492256,39.275,10.631381279867673,10.642229719417651,3.7962402551606473,18.865,4.965291201251251,4.779129466911547,0.5383434421241963,8.625
2026-10-14 14:53:57,22.038039978423484,21.873463474193414,25.508297046492256,39.275,10.631381279867673,10.642229719417651,3.7962402551606473,18.865,4.965291201251251,4.779129466911547,0.5383434421241963,8.625
2026-10-14 15:08:57,22.038039978423484,21.873463474193414,25.508297046492256,39.275,10.631381279867673,10.642229719417651,3.7962402551606473,18.865,4.965291201251251,4.779129466911547,0.5383434421241963,8.625
2026-10-14 15:23:57,22.038039978423484,21.873463474193414,25.508297046492256,39.275,10.631381279867673,10.642229719417651,3.7962402551606473,18.865,4.965291201251251,4.779129466911547,0.5383434421241963,8.625
2026-10-14 15:38:57,22.038039978423484,21.873463474193414,25.508297046492256,39.275,10.631381279867673,10.642229719417651,3.7962402551606473,18.865,4.965291201251251,4.779129466911547,0.5383434421241963,8.625
2026-10-14 15:53:57,22.038039978423484,21.873463474193414,25.508297046492256,39.275,10.631381279867673,10.642229719417651,3.7962402551606473,18.865,4.965291201251251,4.779129466911547,0.5383434421241963,8.625
2026-10-14 16:08:57,22.038039978423484,21.873463474193414,25.508297046492256,39.275,10.631381279867673,10.642229719417651,3.7962402551606473,18.865,4.965291201251251,4.779129466911547,0.5383434421241963,8.625
2026-10-14 16:23:57,22.038039978423484,21.873463474193414,25.508297046492256,39.275,10.631381279867673,10.642229719417651,3.7962402551606473,18.865,4.965291201251251,4.779129466911547,0.5383434421241963,8.625
2026-10-14 16:38:57,22.06376338924117,21.896388324095703,25.535791243315106,39.32,10.635940628167054,10.650529998086357,3.7979661771315207,18.875,4.965291201251251,4.779129466911547,0.5383434421241963,8.625
2026-10-14 16:53:57,22.06376338924117,21.896388324095703,25.535791243315106,39.32,10.635940628167054,10.650529998086357,3.7979661771315207,18.875,4.965291201251251,4.779129466911547,0.5383434421241963,8.625
2026-10-14 17:08:57,22.06376338924117,21.896388324095703,25.535791243315106,39.32,10.635940628167054,10.650529998086357,3.7979661771315207,18.875,4.965291201251251,4.779129466911547,0.5383434421241963,8.625
2026-10-14 17:23:57,22.06376338924117,21.896388324095703,25.535791243315106,39.32,10.635940628167054,10.650529998086357,3.7979661771315207,18.875,4.965291201251251,4.779129466911547,0.5383434421241963,8.625
2026-10-14 17:38:57,22.06376338924117,21.896388324095703,25.535791243315106,39.32,10.635940628167054,10.650529998086357,3.7979661771315207,18.875,4.965291201251251,4.779129466911547,0.5383434421241963,8.625
2026-10-14 17:53:57,22.06376338924117,21.896388324095703,25.535791243315106,39.32,10.635940628167054,10.650529998086357,3.7979661771315207,18.875,4.965291201251251,4.779129466911547,0.5383434421241963,8.625
2026-10-14 18:08:57,22.06376338924117,21.896388324095703,25.535791243315106,39.32,10.635940628167054,10.650529998086357,3.7979661771315207,18.875,4.965291201251251,4.779129466911547,0.5383434421241963,8.625
2026-10-14 18:23:57,22.06376338924117,21.896388324095703,25.535791243315106,39.32,10.636604789987908,10.651464592966303,3.7986083941999405,18.88,4.965291201251251,4.779129466911547,0.5383434421241963,8.625
2026-10-14 18:38:57,22.06376338924117,21.896388324095703,25.535791243315106,39.32,10.636604789987908,10.651464592966303,3.7986083941999405,18.88,4.965291201251251,4.779129466911547,0.5383434421241963,8.625
2026-10-14 18:53:57,22.14036838652553,21.959615112134312,25.61571527119559,39.44,10.663292036853663,10.682154289458621,3.8084316389916295,18.925,4.971650041171748,4.784108406871999,0.5389370689196439,8.635
2026-10-14 19:08:57,22.14036838652553,21.959615112134312,25.61571527119559,39.44,10.663292036853663,10.682154289458621,3.8084316389916295,18.925,4.971650041171748,4.784108406871999,0.5389370689196439,8.635
2026-10-14 19:23:57,22.14036838652553,21.959615112134312,25.61571527119559,39.44,10.663292036853663,10.682154289458621,3.8084316389916295,18.925,4.971650041171748,4.784108406871999,0.5389370689196439,8.635
2026-10-14 19:38:57,22.14036838652553,21.959615112134312,25.61571527119559,39.44,10.663292036853663,10.682154289458621,3.8084316389916295,18.925,4.971650041171748,4.784108406871999,0.5389370689196439,8.635
2026-10-14 19:53:57,22.14036838652553,21.959615112134312,25.61571527119559,39.44,10.663292036853663,10.682154289458621,3.8084316389916295,18.925,4.971650041171748,4.784108406871999,0.5389370689196439,8.635
2026-10-14 20:08:57,22.14036838652553,21.959615112134312,25.61571527119559,39.44,10.663292036853663,10.682154289458621,3.8084316389916295,18.925,4.971650041171748,4.784108406871999,0.5389370689196439,8.635
2026-10-14 20:23:57,22.14036838652553,21.959615112134312,25.61571527119559,39.44,10.663292036853663,10.682154289458621,3.8084316389916295,18.925,4.971650041171748,4.784108406871999,0.5389370689196439,8.635
2026-10-14 20:38:57,22.14036838652553,21.959615112134312,25.61571527119559,39.44,10.663292036853663,10.682154289458621,3.8084316389916295,18.925,4.971650041171748,4.784108406871999,0.5389370689196439,8.635
2026-10-14 20:53:57,22.200691588334397,22.023803543356202,25.699184303047268,39.555,10.68476303518202,10.703006382751587,3.816813510120255,18.965,4.980647046323877,4.805453520167281,0.540663689795947,8.67
2026-10-14 21:08:57,22.200691588334397,22.023803543356202,25.699184303047268,39.555,10.68476303518202,10.703006382751587,3.816813510120255,18.965,4.980647046323877,4.805453520167281,0.540663689795947,8.67
2026-10-14 21:23:57,22.391768285912647,22.23679118228125,25.916860865798082,39.895,10.76379618516202,10.769197852305062,3.8424324181832077,19.09,5.0091262764353495,4.8317671846994275,0.543741858151028,8.715
2026-10-14 21:38:57,22.391768285912647,22.23679118228125,25.916860865798082,39.895,10.76379618516202,10.769197852305062,3.8424324181832077,19.09,5.0091262764353495,4.8317671846994275,0.543741858151028,8.715
2026-10-14 21:53:57,22.391768285912647,22.23679118228125,25.916860865798082,39.895,10.76379618516202,10.769197852305062,3.8424324181832077,19.09,5.0091262764353495,4.8317671846994275,0.543741858151028,8.715
2026-10-14 22:08:57,22.391768285912647,22.23679118228125,25.916860865798082,39.895,10.76379618516202,10.769197852305062,3.8424324181832077,19.09,5.0091262764353495,4.8317671846994275,0.543741858151028,8.715
2026-10-14 22:23:57,22.581254756121723,22.421929492652662,26.117866793478324,40.2,10.866674327593975,10.858799744187268,3.8800820600644155,19.27,5.044126476845201,4.867668930133883,0.5480393411733779,8.785
2026-10-14 22:38:57,22.763207832233316,22.61666234029025,26.344246553705588,40.545,10.949141023976264,10.948910254947629,3.912791565068729,19.44,5.086502689347809,4.910158002778922,0.5537598996671763,8.865
2026-10-14 22:53:57,22.99298696472672,22.866843474019046,26.63573108279667,40.985,11.081121824170811,11.064359642098774,3.9503241269278666,19.64,5.143653361388796,4.980650313180183,0.561355476034505,8.98
2026-10-14 23:08:57,22.996159787724963,22.86864784773323,26.639600470188697,40.99,11.081121824170811,11.064359642098774,3.9503241269278666,19.64,5.143653361388796,4.980650313180183,0.561355476034505,8.98
2026-10-14 23:23:57,22.996159787724963,22.86864784773323,26.639600470188697,40.99,11.081121824170811,11.064359642098774,3.9503241269278666,19.64,5.143653361388796,4.980650313180183,0.561355476034505,8.98
2026-10-14 23:38:57,22.996159787724963,22.86864784773323,26.639600470188697,40.99,11.081121824170811,11.064359642098774,3.9503241269278666,19.64,5.143653361388796,4.980650313180183,0.561355476034505,8.98
2026-10-14 23:53:57,22.996159787724963,22.86864784773323,26.639600470188697,40.99,11.081121824170811,11.064359642098774,3.9503241269278666,19.64,5.143653361388796,4.980650313180183,0.561355476034505,8.98
2026-10-15 00:08:57,22.996159787724963,22.86864784773323,26.639600470188697,40.99,11.081121824170811,11.064359642098774,3.9503241269278666,19.64,5.143653361388796,4.980650313180183,0.561355476034505,8.98
2026-10-15 00:23:57,22.996159787724963,22.86864784773323,26.639600470188697,40.99,11.081121824170811,11.064359642098774,3.9503241269278666,19.64,5.143653361388796,4.980650313180183,0.561355476034505,8.98
2026-10-15 00:38:57,22.996159787724963,22.86864784773323,26.639600470188697,40.99,11.081121824170811,11.064359642098774,3.9503241269278666,19.64,5.143653361388796,4.980650313180183,0.561355476034505,8.98
2026-10-15 00:53:57,22.996159787724963,22.86864784773323,26.639600470188697,40.99,11.081121824170811,11.064359642098774,3.9503241269278666,19.64,5.143653361388796,4.980650313180183,0.561355476034505,8.98
2026-10-15 01:08:57,23.0003757441175,22.871130026853983,26.64259514131391,40.995,11.081121824170811,11.064359642098774,3.9503241269278666,19.64,5.143653361388796,4.980650313180183,0.561355476034505,8.98
2026-10-15 01:23:57,23.0003757441175,22.871130026853983,26.64259514131391,40.995,11.081121824170811,11.064359642098774,3.9503241269278666,19.64,5.143653361388796,4.980650313180183,0.561355476034505,8.98
2026-10-15 01:38:57,23.0003757441175,22.871130026853983,26.64259514131391,40.995,11.081121824170811,11.064359642098774,3.9503241269278666,19.64,5.143653361388796,4.980650313180183,0.561355476034505,8.98
2026-10-15 01:53:57,23.0003757441175,22.871130026853983,26.64259514131391,40.995,11.081121824170811,11.064359642098774,3.9503241269278666,19.64,5.14492300176347,4.981296820143567,0.5615936978866032,8.985
2026-10-15 02:08:57,23.0003757441175,22.871130026853983,26.64259514131391,40.995,11.082324844776704,11.066336766207185,3.9516341112200593,19.645,5.14492300176347,4.981296820143567,0.5615936978866032,8.985
2026-10-15 02:23:57,23.0003757441175,22.871130026853983,26.64259514131391,40.995,11.082324844776704,11.066336766207185,3.9516341112200593,19.645,5.14492300176347,4.981296820143567,0.5615936978866032,8.985
2026-10-15 02:38:57,23.0003757441175,22.871130026853983,26.64259514131391,40.995,11.082324844776704,11.066336766207185,3.9516341112200593,19.645,5.14492300176347,4.981296820143567,0.5615936978866032,8.985
2026-10-15 02:53:57,23.0003757441175,22.871130026853983,26.64259514131391,40.995,11.082324844776704,11.066336766207185,3.9516341112200593,19.645,5.14492300176347,4.981296820143567,0.5615936978866032,8.985
2026-10-15 03:08:57,23.0003757441175,22.871130026853983,26.64259514131391,40.995,11.082324844776704,11.066336766207185,3.9516341112200593,19.645,5.14492300176347,4.981296820143567,0.5615936978866032,8.985
2026-10-15 03:23:57,23.0003757441175,22.871130026853983,26.64259514131391,40.995,11.082324844776704,11.066336766207185,3.9516341112200593,19.645,5.14492300176347,4.981296820143567,0.5615936978866032,8.985
2026-10-15 03:38:57,23.0003757441175,22.871130026853983,26.64259514131391,40.995,11.082324844776704,11.066336766207185,3.9516341112200593,19.645,5.14492300176347,4.981296820143567,0.5615936978866032,8.985
2026-10-15 03:53:57,23.0003757441175,22.871130026853983,26.64259514131391,40.995,11.082324844776704,11.066336766207185,3.9516341112200593,19.645,5.14492300176347,4.981296820143567,0.5615936978866032,8.985
2026-10-15 04:08:57,23.0003757441175,22.871130026853983,26.64259514131391,40.995,11.082324844776704,11.066336766207185,3.9516341112200593,19.645,5.14492300176347,4.981296820143567,0.5615936978866032,8.985
2026-10-15 04:23:57,23.0003757441175,22.871130026853983,26.64259514131391,40.995,11.082324844776704,11.066336766207185,3.9516341112200593,19.645,5.14492300176347,4.981296820143567,0.5615936978866032,8.985
2026-10-15 04:38:57,23.0003757441175,22.871130026853983,26.64259514131391,40.995,11.082324844776704,11.066336766207185,3.9516341112200593,19.645,5.14492300176347,4.981296820143567,0.5615936978866032,8.985
2026-10-15 04:53:57,23.0003757441175,22.871130026853983,26.64259514131391,40.995,11.082324844776704,11.066336766207185,3.9516341112200593,19.645,5.14492300176347,4.981296820143567,0.5615936978866032,8.985
2026-10-15 05:08:57,23.004775630363746,22.87581918518136,26.645750714634772,41.0,11.082324844776704,11.066336766207185,3.9516341112200593,19.645,5.14492300176347,4.981296820143567,0.5615936978866032,8.985
2026-10-15 05:23:57,23.004775630363746,22.87581918518136,26.645750714634772,41.0,11.082324844776704,11.066336766207185,3.9516341112200593,19.645,5.14492300176347,4.981296820143567,0.5615936978866032,8.985
2026-10-15 05:38:57,23.004775630363746,22.87581918518136,26.645750714634772,41.0,11.082324844776704,11.066336766207185,3.9516341112200593,19.645,5.14492300176347,4.981296820143567,0.5615936978866032,8.985
2026-10-15 05:53:57,23.004775630363746,22.87581918518136,26.645750714634772,41.0,11.082324844776704,11.066336766207185,3.9516341112200593,19.645,5.14492300176347,4.981296820143567,0.5615936978866032,8.985
2026-10-15 06:08:57,23.004775630363746,22.87581918518136,26.645750714634772,41.0,11.082324844776704,11.066336766207185,3.9516341112200593,19.645,5.14492300176347,4.981296820143567,0.5615936978866032,8.985
2026-10-15 06:23:57,23.004775630363746,22.87581918518136,26.645750714634772,41.0,11.082324844776704,11.066336766207185,3.9516341112200593,19.645,5.14492300176347,4.981296820143567,0.5615936978866032,8.985
2026-10-15 06:38:57,23.004775630363746,22.87581918518136,26.645750714634772,41.0,11.082324844776704,11.066336766207185,3.9516341112200593,19.645,5.14492300176347,4.981296820143567,0.5615936978866032,8.985
2026-10-15 06:53:57,23.004775630363746,22.87581918518136,26.645750714634772,41.0,11.082324844776704,11.066336766207185,3.9516341112200593,19.645,5.14492300176347,4.981296820143567,0.5615936978866032,8.985
2026-10-15 07:08:57,23.004775630363746,22.87581918518136,26.645750714634772,41.0,11.082324844776704,11.066336766207185,3.9516341112200593,19.645,5.14492300176347,4.981296820143567,0.5615936978866032,8.985
2026-10-15 07:23:57,23.004775630363746,22.87581918518136,26.645750714634772,41.0,11.082324844776704,11.066336766207185,3.9516341112200593,19.645,5.14492300176347,4.981296820143567,0.5615936978866032,8.985
2026-10-15 07:38:57,23.004775630363746,22.87581918518136,26.645750714634772,41.0,11.082324844776704,11.066336766207185,3.9516341112200593,19.645,5.14492300176347,4.981296820143567,0.5615936978866032,8.985
2026-10-15 07:53:57,23.004775630363746,22.87581918518136,26.645750714634772,41.0,11.082324844776704,11.066336766207185,3.9516341112200593,19.645,5.14492300176347,4.981296820143567,0.5615936978866032,8.985
2026-10-15 08:08:57,23.004775630363746,22.87581918518136,26.645750714634772,41.0,11.082324844776704,11.066336766207185,3.9516341112200593,19.645,5.14492300176347,4.981296820143567,0.5615936978866032,8.985
2026-10-15 08:23:57,23.004775630363746,22.87581918518136,26.645750714634772,41.0,11.082324844776704,11.066336766207185,3.9516341112200593,19.645,5.14492300176347,4.981296820143567,0.5615936978866032,8.985
2026-10-15 08:38:57,23.007424632331976,22.878349104038477,26.649295386000983,41.005,11.082324844776704,11.066336766207185,3.9516341112200593,19.645,5.14492300176347,4.981296820143567,0.5615936978866032,8.985
2026-10-15 08:53:57,23.009735486693888,22.879603684370807,26.651133784441836,41.01,11.082324844776704,11.066336766207185,3.9516341112200593,19.645,5.14492300176347,4.981296820143567,0.5615936978866032,8.985
2026-10-15 09:08:57,23.009735486693888,22.879603684370807,26.651133784441836,41.01,11.082324844776704,11.066336766207185,3.9516341112200593,19.645,5.14492300176347,4.981296820143567,0.5615936978866032,8.985
2026-10-15 09:23:57,23.009735486693888,22.879603684370807,26.651133784441836,41.01,11.082324844776704,11.066336766207185,3.9516341112200593,19.645,5.14492300176347,4.981296820143567,0.5615936978866032,8.985
2026-10-15 09:38:57,23.009735486693888,22.879603684370807,26.651133784441836,41.01,11.082324844776704,11.066336766207185,3.9516341112200593,19.645,5.14492300176347,4.981296820143567,0.5615936978866032,8.985
2026-10-15 09:53:57,23.009735486693888,22.879603684370807,26.651133784441836,41.01,11.082324844776704,11.066336766207185,3.9516341112200593,19.645,5.14492300176347,4.981296820143567,0.5615936978866032,8.985
2026-10-15 10:08:57,23.009735486693888,22.879603684370807,26.651133784441836,41.01,11.082324844776704,11.066336766207185,3.9516341112200593,19.645,5.14492300176347,4.981296820143567,0.5615936978866032,8.985
2026-10-15 10:23:57,23.009735486693888,22.879603684370807,26.651133784441836,41.01,11.082324844776704,11.066336766207185,3.9516341112200593,19.645,5.1456727763016215,4.984906915747937,0.5618534346838487,8.99
2026-10-15 10:38:57,23.009735486693888,22.879603684370807,26.651133784441836,41.01,11.082324844776704,11.066336766207185,3.9516341112200593,19.645,5.1456727763016215,4.984906915747937,0.5618534346838487,8.99
2026-10-15 10:53:57,23.009735486693888,22.879603684370807,26.651133784441836,41.01,11.082324844776704,11.066336766207185,3.9516341112200593,19.645,5.1456727763016215,4.984906915747937,0.5618534346838487,8.99
2026-10-15 11:08:57,23.009735486693888,22.879603684370807,26.651133784441836,41.01,11.082324844776704,11.066336766207185,3.9516341112200593,19.645,5.1456727763016215,4.984906915747937,0.5618534346838487,8.99
2026-10-15 11:23:57,23.009735486693888,22.879603684370807,26.651133784441836,41.01,11.082324844776704,11.066336766207185,3.9516341112200593,19.645,5.1456727763016215,4.984906915747937,0.5618534346838487,8.99
2026-10-15 11:38:57,23.009735486693888,22.879603684370807,26.651133784441836,41.01,11.082324844776704,11.066336766207185,3.9516341112200593,19.645,5.1456727763016215,4.984906915747937,0.5618534346838487,8.99
2026-10-15 11:53:57,23.009735486693888,22.879603684370807,26.651133784441836,41.01,11.082324844776704,11.066336766207185,3.9516341112200593,19.645,5.1456727763016215,4.984906915747937,0.5618534346838487,8.99
2026-10-15 12:08:57,23.096386540456663,22.976302100780593,26.752400104378072,41.175,11.13097243283155,11.10357376875097,3.96737658290887,19.725,5.160602700172438,4.991282656502598,0.5629155803429756,9.01
2026-10-15 12:23:57,23.13383658232187,23.01630751519231,26.80210298583486,41.25,11.134319803798714,11.106265284115072,3.9692038975461013,19.735,5.162623168484311,4.991951340685096,0.56332424724763,9.015
2026-10-15 12:38:57,23.255314899682915,23.156615745667057,26.95091682855245,41.48,11.192506016225474,11.157175264340346,3.986716237627673,19.825,5.170806767282561,5.001896604455273,0.5644936303466955,9.035
2026-10-15 12:53:57,23.276892219716128,23.17626291685369,26.975606164039924,41.515,11.205505909094274,11.17124839764494,3.991206606709526,19.85,5.177714990500466,5.005826732301869,0.5651109586169089,9.045
2026-10-15 13:08:57,23.276892219716128,23.17626291685369,26.975606164039924,41.515,11.205505909094274,11.17124839764494,3.991206606709526,19.85,5.177714990500466,5.005826732301869,0.5651109586169089,9.045
2026-10-15 13:23:57,23.276892219716128,23.17626291685369,26.975606164039924,41.515,11.205505909094274,11.17124839764494,3.991206606709526,19.85,5.177714990500466,5.005826732301869,0.5651109586169089,9.045
2026-10-15 13:38:57,23.371220769332773,23.272857080919863,27.073731290822217,41.675,11.220406058789548,11.191631628496792,3.9995863183793303,19.895,5.182401264759501,5.01171950379232,0.5660434811585842,9.055
2026-10-15 13:53:57,23.445730488868197,23.33690246600184,27.15669559538989,41.81,11.22408705292075,11.19896346448224,4.001912115865938,19.905,5.186708945402576,5.014269052163137,0.5665268367420967,9.06
2026-10-15 14:08:57,23.486378959797115,23.37877531388413,27.2111816439593,41.89,11.242118138800327,11.21883886396344,4.007785376695977,19.935,5.189543671403843,5.0173486434577885,0.566746297379093,9.065
2026-10-15 14:23:57,23.535223230735994,23.438110029148447,27.280247174118408,42.0,11.263071410048996,11.234259435133502,4.013003857118617,19.965,5.193764601747306,5.019974938958762,0.5671205783808285,9.07
2026-10-15 14:38:57,23.539051682205194,23.441067160242067,27.28383505969691,42.005,11.263071410048996,11.234259435133502,4.013003857118617,19.965,5.193764601747306,5.019974938958762,0.5671205783808285,9.07
2026-10-15 14:53:57,23.586376234152834,23.498941840760853,27.333044174302845,42.095,11.283028686892429,11.250937412089836,4.019789847266254,20.0,5.193764601747306,5.019974938958762,0.5671205783808285,9.07
2026-10-15 15:08:57,23.61376824433742,23.529702123185967,27.3631073764771,42.145,11.293118064343346,11.263353388483502,4.025658142567373,20.025,5.2020079578605465,5.022385745663998,0.5680117286872152,9.08
2026-10-15 15:23:57,23.668345545183534,23.587862897439692,27.423167922123852,42.24,11.308985402293278,11.286147415676547,4.032146132745655,20.055,5.21210562160679,5.029529757819268,0.568989459572432,9.095
2026-10-15 15:38:57,23.724823667524806,23.641577642866316,27.485425911584738,42.335,11.325672029989416,11.308672854857825,4.038747158600992,20.09,5.21620347192319,5.030694804849969,0.5692131665878,9.1
2026-10-15 15:53:57,23.800668546561283,23.706947877432196,27.553154918301455,42.45,11.345185318080627,11.323373773401332,4.043520300067966,20.12,5.220736463196799,5.033842739288638,0.5695742847922579,9.105
2026-10-15 16:08:57,23.897246776810015,23.801329096238035,27.679244333960558,42.63,11.38790905260119,11.37049994124095,4.056188813829904,20.19,5.232516437838376,5.044741162638392,0.5707018600793974,9.125
2026-10-15 16:23:57,23.965884069146448,23.873196161346314,27.760890534695463,42.76,11.408537551164414,11.390250025122498,4.0631024578815325,20.22,5.237186515852833,5.0533457363134495,0.5710387091361611,9.135
2026-10-15 16:38:57,24.02066506225936,23.92388145411275,27.82695396850573,42.865,11.430069095750474,11.41468530580368,4.071658808362203,20.26,5.242267313524173,5.06010270282174,0.5717218066197709,9.145
2026-10-15 16:53:57,24.08128865948925,23.991006942624235,27.904705654347968,42.985,11.433113000809723,11.420318302400608,4.074222839447308,20.27,5.2459208562211055,5.063717195246757,0.572251544102509,9.155
2026-10-15 17:08:57,24.16691139726295,24.07038645624527,27.988277409358936,43.13,11.468669188529924,11.456494540367524,4.088702175763442,20.34,5.251347842668368,5.071935140316484,0.5727968420781346,9.17
2026-10-15 17:23:57,24.242232965468887,24.15322331039848,28.07887760914716,43.27,11.491276187650582,11.483816678402082,4.098695457507985,20.385,5.25591710807671,5.0783762799342895,0.573254392386736,9.18
2026-10-15 17:38:57,24.290021822873257,24.217041831272056,28.147500905851988,43.365,11.502549537634568,11.49808888967605,4.104244516667331,20.41,5.259882618158327,5.081072909790364,0.5740726045419183,9.19
2026-10-15 17:53:57,24.458787493347188,24.355255868405916,28.338280102379414,43.655,11.544610722381233,11.547824182004753,4.121385828799969,20.49,5.272351612875297,5.099450563366505,0.5754332700987767,9.215
2026-10-15 18:08:57,24.540040285497067,24.444280544689025,28.42132142066853,43.8,11.580997150656742,11.584865614964253,4.133770578998469,20.55,5.281059934273654,5.107557854182591,0.5764832137245038,9.23
2026-10-15 18:23:57,24.752203639972176,24.650428162478278,28.678166789160056,44.18,11.67901029302181,11.670158479043888,4.167534203941593,20.715,5.324708282597289,5.149243630183425,0.5810739234722367,9.305
2026-10-15 18:38:57,24.7561876938526,24.651927086388397,28.682000989811968,44.185,11.67901029302181,11.670158479043888,4.167534203941593,20.715,5.324708282597289,5.149243630183425,0.5810739234722367,9.305
2026-10-15 18:53:57,24.91732295539431,24.810004168510275,28.868436512818462,44.475,11.754778907403184,11.747614128040144,4.1976197777832915,20.86,5.353835739259857,5.184029983902706,0.5846838976089368,9.36
2026-10-15 19:08:57,25.17559293665422,25.085268759327036,29.140296343263806,44.935,11.855560957890445,11.859818192298722,4.234548514801334,21.045,5.413303201762131,5.241591507000529,0.5906707278669991,9.465
2026-10-15 19:23:57,25.454459943810658,25.37154327601332,29.4691103182091,45.44,11.985040435896211,11.98370976483727,4.28366929592585,21.275,5.47471728496667,5.297907202251739,0.5964043509267273,9.57
2026-10-15 19:38:57,25.676618540849745,25.579421589597807,29.70879364529061,45.81,12.069123107224447,12.064170238385305,4.311930472940059,21.415,5.519261897872556,5.347169048456655,0.6019642137384841,9.65
2026-10-15 19:53:57,25.887064833004587,25.788679120083724,29.959124124287687,46.195,12.113844620874255,12.121303313621873,4.3305924602509265,21.51,5.551913331512401,5.391216190083937,0.6065309507775152,9.725
2026-10-15 20:08:57,26.061533810851703,25.9696330991184,30.16935658249181,46.51,12.209585469867072,12.226424819461089,4.368399046997424,21.705,5.584765735596755,5.4318938532771295,0.6109535108925727,9.79
2026-10-15 20:23:57,26.332205565969122,26.23174353809075,30.481245072381842,46.98,12.345123905193129,12.376068570834299,4.420063721981352,21.96,5.654559459877693,5.477893730762418,0.6169472607576719,9.89
2026-10-15 20:38:57,26.668356672775673,26.567826729868692,30.876994423957527,47.58,12.493347443636821,12.52801550322967,4.470679585339571,22.21,5.698329393028091,5.528136562119591,0.6224997392855919,9.975
2026-10-15 20:53:57,26.99128185631876,26.877510249571106,31.212479851483177,48.12,12.622678370148765,12.65249038949583,4.517098920503214,22.435,5.746132380552852,5.565771789646153,0.6281543403872897,10.055
2026-10-15 21:08:57,27.187203763471636,27.061345051032205,31.41156156500484,48.445,12.72053686366642,12.755719891037533,4.551880983699471,22.615,5.798120028447404,5.623270491057488,0.6350700295522055,10.16
2026-10-15 21:23:57,27.71042303407528,27.568091331476168,32.014364682650545,49.375,13.01360502442311,13.050478789730636,4.65597044173348,23.125,5.930507118690241,5.760713893328446,0.6493929505901267,10.39
2026-10-15 21:38:57,27.928819431193634,27.800860565290925,32.27487740611946,49.775,13.124258087287519,13.149752980489591,4.69843410564985,23.325,5.958544527120227,5.795691539520777,0.6528572379843277,10.455
2026-10-15 21:53:57,27.928819431193634,27.800860565290925,32.27487740611946,49.775,13.124258087287519,13.149752980489591,4.69843410564985,23.325,5.958544527120227,5.795691539520777,0.6528572379843277,10.455
2026-10-15 22:08:57,27.928819431193634,27.800860565290925,32.27487740611946,49.775,13.124258087287519,13.149752980489591,4.69843410564985,23.325,5.958544527120227,5.795691539520777,0.6528572379843277,10.455
2026-10-15 22:23:57,27.928819431193634,27.800860565290925,32.27487740611946,49.775,13.124258087287519,13.149752980489591,4.69843410564985,23.325,5.958544527120227,5.795691539520777,0.6528572379843277,10.455
2026-10-15 22:38:57,27.928819431193634,27.800860565290925,32.27487740611946,49.775,13.124258087287519,13.149752980489591,4.69843410564985,23.325,5.958544527120227,5.795691539520777,0.6528572379843277,10.455
2026-10-15 22:53:57,27.928819431193634,27.800860565290925,32.27487740611946,49.775,13.124258087287519,13.149752980489591,4.69843410564985,23.325,5.958544527120227,5.795691539520777,0.6528572379843277,10.455
2026-10-15 23:08:57,27.928819431193634,27.800860565290925,32.27487740611946,49.775,13.124258087287519,13.149752980489591,4.69843410564985,23.325,5.958544527120227,5.795691539520777,0.6528572379843277,10.455
2026-10-15 23:23:57,27.928819431193634,27.800860565290925,32.27487740611946,49.775,13.124258087287519,13.149752980489591,4.69843410564985,23.325,5.958544527120227,5.795691539520777,0.6528572379843277,10.455
2026-10-15 23:38:57,27.928819431193634,27.800860565290925,32.27487740611946,49.775,13.124258087287519,13.149752980489591,4.69843410564985,23.325,5.958544527120227,5.795691539520777,0.6528572379843277,10.455
2026-10-15 23:53:57,27.928819431193634,27.800860565290925,32.27487740611946,49.775,13.124258087287519,13.149752980489591,4.69843410564985,23.325,5.958544527120227,5.795691539520777,0.6528572379843277,10.455
2026-10-16 00:08:57,27.928819431193634,27.800860565290925,32.27487740611946,49.775,13.124258087287519,13.149752980489591,4.69843410564985,23.325,5.958544527120227,5.795691539520777,0.6528572379843277,10.455
2026-10-16 00:23:57,27.928819431193634,27.800860565290925,32.27487740611946,49.775,13.124258087287519,13.149752980489591,4.69843410564985,23.325,5.958544527120227,5.795691539520777,0.6528572379843277,10.455
2026-10-16 00:38:57,27.928819431193634,27.800860565290925,32.27487740611946,49.775,13.124258087287519,13.149752980489591,4.69843410564985,23.325,5.958544527120227,5.795691539520777,0.6528572379843277,10.455
2026-10-16 00:53:57,27.928819431193634,27.800860565290925,32.27487740611946,49.775,13.124258087287519,13.149752980489591,4.69843410564985,23.325,5.958544527120227,5.795691539520777,0.6528572379843277,10.455
2026-10-16 01:08:57,27.928819431193634,27.800860565290925,32.27487740611946,49.775,13.124258087287519,13.149752980489591,4.69843410564985,23.325,5.958544527120227,5.795691539520777,0.6528572379843277,10.455
2026-10-16 01:23:57,27.928819431193634,27.800860565290925,32.27487740611946,49.775,13.124258087287519,13.149752980489591,4.69843410564985,23.325,5.958544527120227,5.795691539520777,0.6528572379843277,10.455
2026-10-16 01:38:57,27.928819431193634,27.800860565290925,32.27487740611946,49.775,13.124258087287519,13.149752980489591,4.69843410564985,23.325,5.958544527120227,5.795691539520777,0.6528572379843277,10.455
2026-10-16 01:53:57,27.928819431193634,27.800860565290925,32.27487740611946,49.775,13.127521785737134,13.151818492896263,4.699932696317464,23.33,5.958544527120227,5.795691539520777,0.6528572379843277,10.455
2026-10-16 02:08:57,27.928819431193634,27.800860565290925,32.27487740611946,49.775,13.127521785737134,13.151818492896263,4.699932696317464,23.33,5.958544527120227,5.795691539520777,0.6528572379843277,10.455
2026-10-16 02:23:57,27.928819431193634,27.800860565290925,32.27487740611946,49.775,13.127521785737134,13.151818492896263,4.699932696317464,23.33,5.958544527120227,5.795691539520777,0.6528572379843277,10.455
2026-10-16 02:38:57,28.0400744777247,27.911451721154826,32.40928567527897,49.985,13.183718556228449,13.204068976248202,4.720422740527604,23.43,5.98165273149492,5.822662355908585,0.6555231649144823,10.495
2026-10-16 02:53:57,28.04289201786174,27.914793174109093,32.411773026606035,49.99,13.183718556228449,13.204068976248202,4.720422740527604,23.43,5.98165273149492,5.822662355908585,0.6555231649144823,10.495
2026-10-16 03:08:57,28.04289201786174,27.914793174109093,32.411773026606035,49.99,13.183718556228449,13.204068976248202,4.720422740527604,23.43,5.98165273149492,5.822662355908585,0.6555231649144823,10.495
2026-10-16 03:23:57,28.04289201786174,27.914793174109093,32.411773026606035,49.99,13.183718556228449,13.204068976248202,4.720422740527604,23.43,5.98165273149492,5.822662355908585,0.6555231649144823,10.495
2026-10-16 03:38:57,28.04289201786174,27.914793174109093,32.411773026606035,49.99,13.183718556228449,13.204068976248202,4.720422740527604,23.43,5.98165273149492,5.822662355908585,0.6555231649144823,10.495
2026-10-16 03:53:57,28.04289201786174,27.914793174109093,32.411773026606035,49.99,13.183718556228449,13.204068976248202,4.720422740527604,23.43,5.98165273149492,5.822662355908585,0.6555231649144823,10.495
2026-10-16 04:08:57,28.04289201786174,27.914793174109093,32.411773026606035,49.99,13.187785005694149,13.205096701942681,4.721277126496955,23.435,5.98165273149492,5.822662355908585,0.6555231649144823,10.495
2026-10-16 04:23:57,28.04289201786174,27.914793174109093,32.411773026606035,49.99,13.187785005694149,13.205096701942681,4.721277126496955,23.435,5.98165273149492,5.822662355908585,0.6555231649144823,10.495
2026-10-16 04:38:57,28.04390448070448,27.915715612923904,32.41572208691133,49.995,13.187785005694149,13.205096701942681,4.721277126496955,23.435,5.98165273149492,5.822662355908585,0.6555231649144823,10.495
2026-10-16 04:53:57,28.04390448070448,27.915715612923904,32.41572208691133,49.995,13.187785005694149,13.205096701942681,4.721277126496955,23.435,5.98165273149492,5.822662355908585,0.6555231649144823,10.495
2026-10-16 05:08:57,28.048226027350555,27.920566105385987,32.41778195059828,50.0,13.19188441176832,13.206935509947606,4.7219363735636595,23.44,5.98165273149492,5.822662355908585,0.6555231649144823,10.495
2026-10-16 05:23:57,28.048226027350555,27.920566105385987,32.41778195059828,50.0,13.19188441176832,13.206935509947606,4.7219363735636595,23.44,5.98165273149492,5.822662355908585,0.6555231649144823,10.495
2026-10-16 05:38:57,28.048226027350555,27.920566105385987,32.41778195059828,50.0,13.19188441176832,13.206935509947606,4.7219363735636595,23.44,5.98165273149492,5.822662355908585,0.6555231649144823,10.495
2026-10-16 05:53:57,28.048226027350555,27.920566105385987,32.41778195059828,50.0,13.19188441176832,13.206935509947606,4.7219363735636595,23.44,5.98165273149492,5.822662355908585,0.6555231649144823,10.495
2026-10-16 06:08:57,28.052619045977096,27.922127353017096,32.42034523402334,50.005,13.19188441176832,13.206935509947606,4.7219363735636595,23.44,5.98165273149492,5.822662355908585,0.6555231649144823,10.495
2026-10-16 06:23:57,28.052619045977096,27.922127353017096,32.42034523402334,50.005,13.19188441176832,13.206935509947606,4.7219363735636595,23.44,5.98165273149492,5.822662355908585,0.6555231649144823,10.495
2026-10-16 06:38:57,28.052619045977096,27.922127353017096,32.42034523402334,50.005,13.19188441176832,13.206935509947606,4.7219363735636595,23.44,5.98165273149492,5.822662355908585,0.6555231649144823,10.495
2026-10-16 06:53:57,28.055530446563886,27.92594108767647,32.42202384881198,50.01,13.19188441176832,13.206935509947606,4.7219363735636595,23.44,5.98165273149492,5.822662355908585,0.6555231649144823,10.495
2026-10-16 07:08:57,28.055530446563886,27.92594108767647,32.42202384881198,50.01,13.19188441176832,13.206935509947606,4.7219363735636595,23.44,5.98165273149492,5.822662355908585,0.6555231649144823,10.495
2026-10-16 07:23:57,28.055530446563886,27.92594108767647,32.42202384881198,50.01,13.19188441176832,13.206935509947606,4.7219363735636595,23.44,5.98165273149492,5.822662355908585,0.6555231649144823,10.495
2026-10-16 07:38:57,28.055530446563886,27.92594108767647,32.42202384881198,50.01,13.19188441176832,13.206935509947606,4.7219363735636595,23.44,5.98165273149492,5.822662355908585,0.6555231649144823,10.495
2026-10-16 07:53:57,28.055530446563886,27.92594108767647,32.42202384881198,50.01,13.19188441176832,13.206935509947606,4.7219363735636595,23.44,5.98165273149492,5.822662355908585,0.6555231649144823,10.495
2026-10-16 08:08:57,28.055530446563886,27.92594108767647,32.42202384881198,50.01,13.194578307096117,13.21100790379669,4.722697437662834,23.445,5.98165273149492,5.822662355908585,0.6555231649144823,10.495
2026-10-16 08:23:57,28.055530446563886,27.92594108767647,32.42202384881198,50.01,13.194578307096117,13.21100790379669,4.722697437662834,23.445,5.98165273149492,5.822662355908585,0.6555231649144823,10.495
2026-10-16 08:38:57,28.055530446563886,27.92594108767647,32.42202384881198,50.01,13.195665217989816,13.21372511222044,4.723540718839316,23.45,5.98165273149492,5.822662355908585,0.6555231649144823,10.495
2026-10-16 08:53:57,28.055530446563886,27.92594108767647,32.42202384881198,50.01,13.197951990626311,13.215889494549529,4.724889823035934,23.455,5.98165273149492,5.822662355908585,0.6555231649144823,10.495
2026-10-16 09:08:57,28.055530446563886,27.92594108767647,32.42202384881198,50.01,13.197951990626311,13.215889494549529,4.724889823035934,23.455,5.98165273149492,5.822662355908585,0.6555231649144823,10.495
2026-10-16 09:23:57,28.055530446563886,27.92594108767647,32.42202384881198,50.01,13.197951990626311,13.215889494549529,4.724889823035934,23.455,5.98165273149492,5.822662355908585,0.6555231649144823,10.495
2026-10-16 09:38:57,28.056366274232523,27.927696145344942,32.42568711209952,50.015,13.197951990626311,13.215889494549529,4.724889823035934,23.455,5.98165273149492,5.822662355908585,0.6555231649144823,10.495
2026-10-16 09:53:57,28.056366274232523,27.927696145344942,32.42568711209952,50.015,13.198594913131114,13.219468879797642,4.7254114915015295,23.46,5.98165273149492,5.822662355908585,0.6555231649144823,10.495
2026-10-16 10:08:57,28.056366274232523,27.927696145344942,32.42568711209952,50.015,13.203514893773349,13.223014160886839,4.726391437522024,23.465,5.98165273149492,5.822662355908585,0.6555231649144823,10.495
2026-10-16 10:23:57,28.056366274232523,27.927696145344942,32.42568711209952,50.015,13.203514893773349,13.223014160886839,4.726391437522024,23.465,5.98165273149492,5.822662355908585,0.6555231649144823,10.495
2026-10-16 10:38:57,28.056366274232523,27.927696145344942,32.42568711209952,50.015,13.203514893773349,13.223014160886839,4.726391437522024,23.465,5.98165273149492,5.822662355908585,0.6555231649144823,10.495
2026-10-16 10:53:57,28.056366274232523,27.927696145344942,32.42568711209952,50.015,13.203514893773349,13.223014160886839,4.726391437522024,23.465,5.98165273149492,5.822662355908585,0.6555231649144823,10.495
2026-10-16 11:08:57,28.056366274232523,27.927696145344942,32.42568711209952,50.015,13.203514893773349,13.223014160886839,4.726391437522024,23.465,5.98165273149492,5.822662355908585,0.6555231649144823,10.495
2026-10-16 11:23:57,28.056366274232523,27.927696145344942,32.42568711209952,50.015,13.203514893773349,13.223014160886839,4.726391437522024,23.465,5.98165273149492,5.822662355908585,0.6555231649144823,10.495
2026-10-16 11:38:57,28.056366274232523,27.927696145344942,32.42568711209952,50.015,13.203514893773349,13.223014160886839,4.726391437522024,23.465,5.98165273149492,5.822662355908585,0.6555231649144823,10.495
2026-10-16 11:53:57,28.056366274232523,27.927696145344942,32.42568711209952,50.015,13.203514893773349,13.223014160886839,4.726391437522024,23.465,5.98165273149492,5.822662355908585,0.6555231649144823,10.495
2026-10-16 12:08:57,28.056366274232523,27.927696145344942,32.42568711209952,50.015,13.203514893773349,13.223014160886839,4.726391437522024,23.465,5.98165273149492,5.822662355908585,0.6555231649144823,10.495
2026-10-16 12:23:57,28.08905185019923,27.964964171607317,32.460426823900484,50.07,13.213109696813326,13.229893976253955,4.730051182220799,23.48,5.98165273149492,5.822662355908585,0.6555231649144823,10.495
2026-10-16 12:38:57,28.08905185019923,27.964964171607317,32.460426823900484,50.07,13.213109696813326,13.229893976253955,4.730051182220799,23.48,5.98165273149492,5.822662355908585,0.6555231649144823,10.495
2026-10-16 12:53:57,28.138781694576984,28.013525866415172,32.50508759440076,50.15,13.223900232262965,13.24142002100933,4.734643050246946,23.505,5.98165273149492,5.822662355908585,0.6555231649144823,10.495
2026-10-16 13:08:57,28.138781694576984,28.013525866415172,32.50508759440076,50.15,13.223900232262965,13.24142002100933,4.734643050246946,23.505,5.98165273149492,5.822662355908585,0.6555231649144823,10.495
2026-10-16 13:23:57,28.15059040843611,28.027769178920455,32.52454004486101,50.18,13.231554988292455,13.246395462655197,4.737296105162977,23.515,5.9832655856037364,5.825435270494389,0.6558328023387368,10.5
2026-10-16 13:38:57,28.198481130319742,28.071133910949644,32.579412291389104,50.265,13.248322110292536,13.262734273855243,4.742879499073381,23.55,5.991795424770961,5.841135154736857,0.6571284406366529,10.52
2026-10-16 13:53:57,28.245436915063962,28.11648932327502,32.63671523811064,50.35,13.273114985202762,13.291347210011207,4.750825980388495,23.59,5.999502446002515,5.8468137994603895,0.6578325356024697,10.53
2026-10-16 14:08:57,28.245436915063962,28.11648932327502,32.63671523811064,50.35,13.273114985202762,13.291347210011207,4.750825980388495,23.59,5.999502446002515,5.8468137994603895,0.6578325356024697,10.53
2026-10-16 14:23:57,28.245436915063962,28.11648932327502,32.63671523811064,50.35,13.273114985202762,13.291347210011207,4.750825980388495,23.59,5.999502446002515,5.8468137994603895,0.6578325356024697,10.53
2026-10-16 14:38:57,28.245436915063962,28.11648932327502,32.63671523811064,50.35,13.273114985202762,13.291347210011207,4.750825980388495,23.59,5.999502446002515,5.8468137994603895,0.6578325356024697,10.53
2026-10-16 14:53:57,28.245436915063962,28.11648932327502,32.63671523811064,50.35,13.273114985202762,13.291347210011207,4.750825980388495,23.59,5.999502446002515,5.8468137994603895,0.6578325356024697,10.53
2026-10-16 15:08:57,28.292618546991584,28.18283648719212,32.7067405364741,50.46,13.279505959135273,13.29506792112055,4.753396245138517,23.6,6.002389519709688,5.855600936660666,0.6587995987615489,10.545
2026-10-16 15:23:57,28.347373767196622,28.25095462962286,32.772196597550284,50.565,13.30097662050305,13.318087969770707,4.76198012789724,23.64,6.002389519709688,5.855600936660666,0.6587995987615489,10.545
2026-10-16 15:38:57,28.42515963144726,28.317796645860504,32.84601964221613,50.685,13.31846917832901,13.333545602248684,4.766723199536966,23.67,6.013479569801772,5.86823127243152,0.6598697603600726,10.565
2026-10-16 15:53:57,28.48164305640557,28.385121090607075,32.92238371819242,50.795,13.32887137105553,13.34872139208699,4.7721429662411525,23.695,6.0167929297157405,5.869098104810239,0.6601834909594734,10.57
2026-10-16 16:08:57,28.54890705558487,28.454141113607278,32.99763290212363,50.92,13.350661270100982,13.36808520045484,4.779050931356918,23.73,6.0167929297157405,5.869098104810239,0.6601834909594734,10.57
2026-10-16 16:23:57,28.593012978932983,28.50581765628785,33.05903934007719,51.01,13.368044195502883,13.392229652249117,4.787330246887053,23.77,6.02151501090445,5.875903301044619,0.6608044766075624,10.58
2026-10-16 16:38:57,28.634010508350823,28.55020602178819,33.100207866545425,51.085,13.380679360225418,13.41007760469232,4.794126660646,23.8,6.031093199628272,5.87876830160505,0.6615779705686977,10.59
2026-10-16 16:53:57,28.634010508350823,28.55020602178819,33.100207866545425,51.085,13.380679360225418,13.41007760469232,4.794126660646,23.8,6.031093199628272,5.87876830160505,0.6615779705686977,10.59
2026-10-16 17:08:57,28.66038374589392,28.57872340877518,33.13292619762434,51.13,13.386742747961026,13.417078317833056,4.797628365871973,23.815,6.035665957060105,5.881153744737001,0.6617811603082592,10.595
2026-10-16 17:23:57,28.66038374589392,28.57872340877518,33.13292619762434,51.13,13.386742747961026,13.417078317833056,4.797628365871973,23.815,6.035665957060105,5.881153744737001,0.6617811603082592,10.595
2026-10-16 17:38:57,28.66038374589392,28.57872340877518,33.13292619762434,51.13,13.386742747961026,13.417078317833056,4.797628365871973,23.815,6.035665957060105,5.881153744737001,0.6617811603082592,10.595
2026-10-16 17:53:57,28.66038374589392,28.57872340877518,33.13292619762434,51.13,13.386742747961026,13.417078317833056,4.797628365871973,23.815,6.035665957060105,5.881153744737001,0.6617811603082592,10.595
2026-10-16 18:08:57,28.707541829069584,28.633425611157584,33.196400728145214,51.22,13.41131547239866,13.44407556331175,4.806195363555799,23.86,6.038598141304497,5.882978570117775,0.6619680296518464,10.6
2026-10-16 18:23:57,28.76742242584302,28.69647135681674,33.279045316110924,51.34,13.450432197002616,13.488090595442484,4.822733702459145,23.935,6.06883827338578,5.91331708625311,0.6657242991588291,10.655
2026-10-16 18:38:57,28.999700479477486,28.923034534886437,33.55342026231736,51.755,13.552356878870688,13.595164857745209,4.862510404569809,24.125,6.124846337898009,5.9649016893636775,0.6708231185294344,10.745
2026-10-16 18:53:57,29.32148382290087,29.22725768728913,33.87301176893361,52.28,13.67498358960802,13.725187576188118,4.901530462704568,24.33,6.174520458476798,6.010551564173268,0.6758317871089381,10.825
2026-10-16 19:08:57,29.438850756421733,29.327232659297643,33.993466687089594,52.47,13.700421172636522,13.742345528549153,4.91072463359892,24.375,6.180949087487394,6.023726952206646,0.6772518681114467,10.845
2026-10-16 19:23:57,29.48627454479565,29.392571984391722,34.059508607914765,52.565,13.736411563602816,13.772888396014794,4.923959367823908,24.435,6.190176784217239,6.033898923877602,0.6783444597465479,10.86
2026-10-16 19:38:57,29.48627454479565,29.392571984391722,34.059508607914765,52.565,13.736411563602816,13.772888396014794,4.923959367823908,24.435,6.190176784217239,6.033898923877602,0.6783444597465479,10.86
2026-10-16 19:53:57,29.69973022221016,29.611953546597167,34.30207126816184,52.93,13.82236410915467,13.85546267910422,4.956296661997427,24.585,6.241482810552551,6.075926943839881,0.6830003609920842,10.935
2026-10-16 20:08:57,29.69973022221016,29.611953546597167,34.30207126816184,52.93,13.82236410915467,13.85546267910422,4.956296661997427,24.585,6.241482810552551,6.075926943839881,0.6830003609920842,10.935
2026-10-16 20:23:57,29.69973022221016,29.611953546597167,34.30207126816184,52.93,13.82236410915467,13.85546267910422,4.956296661997427,24.585,6.241482810552551,6.075926943839881,0.6830003609920842,10.935
2026-10-16 20:38:57,29.69973022221016,29.611953546597167,34.30207126816184,52.93,13.82236410915467,13.85546267910422,4.956296661997427,24.585,6.241482810552551,6.075926943839881,0.6830003609920842,10.935
2026-10-16 20:53:57,29.70225901343793,29.614273262239514,34.3047580580361,52.935,13.82236410915467,13.85546267910422,4.956296661997427,24.585,6.241482810552551,6.075926943839881,0.6830003609920842,10.935
2026-10-16 21:08:57,30.095326964562513,30.010035736774082,34.75031876751564,53.63,13.977954196837432,14.026978880622163,5.0187257763741275,24.87,6.324660273254813,6.164430055657267,0.6916507386101081,11.085
2026-10-16 21:23:57,30.90823392672912,30.818763548470578,35.683125544956084,55.07,14.390971856436554,14.451601550738326,5.166521669722684,25.605,6.556654241189011,6.388143800791837,0.7142992396906306,11.48
2026-10-16 21:38:57,31.45975356078677,31.350650901392534,36.332004245509964,56.065,14.70157442109836,14.80864873042111,5.284191423071962,26.185,6.715545999544812,6.5790294865418755,0.7347339870563743,11.785
2026-10-16 21:53:57,31.76838141953447,31.655292104671645,36.67120510835531,56.61,14.876081799958197,14.976538653238824,5.349705462551017,26.48,6.795420323040041,6.66264234195159,0.742194794396346,11.915
2026-10-16 22:08:57,31.76838141953447,31.655292104671645,36.67120510835531,56.61,14.876081799958197,14.976538653238824,5.349705462551017,26.48,6.795420323040041,6.66264234195159,0.742194794396346,11.915
2026-10-16 22:23:57,31.76838141953447,31.655292104671645,36.67120510835531,56.61,14.876081799958197,14.976538653238824,5.349705462551017,26.48,6.795420323040041,6.66264234195159,0.742194794396346,11.915
2026-10-16 22:38:57,31.76838141953447,31.655292104671645,36.67120510835531,56.61,14.876081799958197,14.976538653238824,5.349705462551017,26.48,6.795420323040041,6.66264234195159,0.742194794396346,11.915
2026-10-16 22:53:57,31.76838141953447,31.655292104671645,36.67120510835531,56.61,14.876081799958197,14.976538653238824,5.349705462551017,26.48,6.795420323040041,6.66264234195159,0.742194794396346,11.915
2026-10-16 23:08:57,31.76838141953447,31.655292104671645,36.67120510835531,56.61,14.876081799958197,14.976538653238824,5.349705462551017,26.48,6.795420323040041,6.66264234195159,0.742194794396346,11.915
2026-10-16 23:23:57,31.76838141953447,31.655292104671645,36.67120510835531,56.61,14.876081799958197,14.976538653238824,5.349705462551017,26.48,6.795420323040041,6.66264234195159,0.742194794396346,11.915
2026-10-16 23:38:57,31.910531684808333,31.792871911833892,36.83363195801958,56.855,14.956507256076263,15.043289734033703,5.377169226088769,26.615,6.8265073695460305,6.690561551038844,0.7458769313123774,11.97
2026-10-16 23:53:57,32.02057456456768,31.915101525377278,36.955832651142195,57.065,15.02321861929865,15.110663146813865,5.400521967288497,26.73,6.8575654973506905,6.718571739516542,0.748886458830819,12.015
2026-10-17 00:08:57,32.155519222458324,32.04325862353562,37.09300478881405,57.305,15.069243832335925,15.16990477602188,5.421348577430887,26.84,6.905641735027327,6.764282922747047,0.7533548941523295,12.095
2026-10-17 00:23:57,32.155519222458324,32.04325862353562,37.09300478881405,57.305,15.069243832335925,15.16990477602188,5.421348577430887,26.84,6.905641735027327,6.764282922747047,0.7533548941523295,12.095
2026-10-17 00:38:57,32.26554610572084,32.15416944011989,37.23348575160103,57.515,15.12615397635051,15.221797872743977,5.438315501046744,26.93,6.929386201589107,6.801646756176921,0.7563480367924783,12.15
2026-10-17 00:53:57,32.476103590813246,32.35105850460277,37.472431764625426,57.88,15.257813404309257,15.349703661278518,5.4819687580356895,27.155,6.971099494084237,6.843227609048563,0.7610928464872379,12.23
2026-10-17 01:08:57,32.476103590813246,32.35105850460277,37.472431764625426,57.88,15.257813404309257,15.349703661278518,5.4819687580356895,27.155,6.971099494084237,6.843227609048563,0.7610928464872379,12.23
2026-10-17 01:23:57,32.55919283057109,32.42064589131121,37.5726718348971,58.015,15.291691484583147,15.393850753125525,5.493527802807871,27.215,6.993577627726423,6.871083576259042,0.763496431196953,12.27
2026-10-17 01:38:57,32.616747946125685,32.48223218042452,37.639934583503575,58.12,15.320084583357575,15.414744124133644,5.501984793189485,27.255,7.021528228117256,6.8965254034305135,0.7661511531390265,12.315
2026-10-17 01:53:57,32.67482491919538,32.55113437457081,37.71644965411168,58.225,15.361970513413924,15.461737748831291,5.519614051871668,27.335,7.04551406594338,6.913421844135139,0.7681126943631459,12.35
2026-10-17 02:08:57,32.75327298334773,32.61956059976128,37.80092347433683,58.35,15.397510329561268,15.501096999346172,5.5319179564133725,27.395,7.056630459281629,6.922082944620495,0.7695476021120758,12.37
2026-10-17 02:23:57,32.81271644097784,32.6919662770992,37.88637582956661,58.475,15.43826635404165,15.536988352036074,5.546516810154179,27.46,7.087218744742272,6.947819770203943,0.7720767314906126,12.42
2026-10-17 02:38:57,32.878795902688545,32.76289120149161,37.96661766279427,58.6,15.464074307602454,15.554573687147803,5.553800467699224,27.495,7.101861220145748,6.969068622475373,0.774000158251957,12.45
2026-10-17 02:53:57,32.878795902688545,32.76289120149161,37.96661766279427,58.6,15.464074307602454,15.554573687147803,5.553800467699224,27.495,7.101861220145748,6.969068622475373,0.774000158251957,12.45
2026-10-17 03:08:57,32.878795902688545,32.76289120149161,37.96661766279427,58.6,15.464074307602454,15.554573687147803,5.553800467699224,27.495,7.101861220145748,6.969068622475373,0.774000158251957,12.45
2026-10-17 03:23:57,32.878795902688545,32.76289120149161,37.96661766279427,58.6,15.464074307602454,15.554573687147803,5.553800467699224,27.495,7.101861220145748,6.969068622475373,0.774000158251957,12.45
2026-10-17 03:38:57,32.88028974478925,32.7661221804292,37.97151525951557,58.605,15.464074307602454,15.554573687147803,5.553800467699224,27.495,7.101861220145748,6.969068622475373,0.774000158251957,12.45
2026-10-17 03:53:57,32.973657903461984,32.848530462255674,38.06991177579191,58.755,15.501103044063061,15.592551482412924,5.56520984866551,27.56,7.1295585204599226,7.00085592819351,0.7770067876792722,12.495
2026-10-17 04:08:57,33.00924963189777,32.88470822247696,38.11551748546656,58.82,15.533609118101039,15.620824413697605,5.573304182989698,27.61,7.146592433120602,7.026916694344151,0.77837672651208,12.53
2026-10-17 04:23:57,33.05680210013698,32.93287036814609,38.175011407709164,58.915,15.572020625785111,15.654702219879423,5.5856123201295285,27.675,7.148502181695526,7.03148617031782,0.7790181313942426,12.54
2026-10-17 04:38:57,33.05680210013698,32.93287036814609,38.175011407709164,58.915,15.572020625785111,15.654702219879423,5.5856123201295285,27.675,7.148502181695526,7.03148617031782,0.7790181313942426,12.54
2026-10-17 04:53:57,33.06037457585618,32.934017737587084,38.17751997472562,58.92,15.572020625785111,15.654702219879423,5.5856123201295285,27.675,7.148502181695526,7.03148617031782,0.7790181313942426,12.54
2026-10-17 05:08:57,33.06037457585618,32.934017737587084,38.17751997472562,58.92,15.572020625785111,15.654702219879423,5.5856123201295285,27.675,7.148502181695526,7.03148617031782,0.7790181313942426,12.54
2026-10-17 05:23:57,33.06037457585618,32.934017737587084,38.17751997472562,58.92,15.572020625785111,15.654702219879423,5.5856123201295285,27.675,7.148502181695526,7.03148617031782,0.7790181313942426,12.54
2026-10-17 05:38:57,33.06037457585618,32.934017737587084,38.17751997472562,58.92,15.572020625785111,15.654702219879423,5.5856123201295285,27.675,7.148502181695526,7.03148617031782,0.7790181313942426,12.54
2026-10-17 05:53:57,33.06037457585618,32.934017737587084,38.17751997472562,58.92,15.572020625785111,15.654702219879423,5.5856123201295285,27.675,7.148502181695526,7.03148617031782,0.7790181313942426,12.54
2026-10-17 06:08:57,33.06151417760385,32.93725322093804,38.18132328053053,58.925,15.572020625785111,15.654702219879423,5.5856123201295285,27.675,7.148502181695526,7.03148617031782,0.7790181313942426,12.54
2026-10-17 06:23:57,33.07058460423606,32.94250376707131,38.185234800033825,58.935,15.572020625785111,15.654702219879423,5.5856123201295285,27.675,7.148502181695526,7.03148617031782,0.7790181313942426,12.54
2026-10-17 06:38:57,33.07058460423606,32.94250376707131,38.185234800033825,58.935,15.572020625785111,15.654702219879423,5.5856123201295285,27.675,7.148502181695526,7.03148617031782,0.7790181313942426,12.54
2026-10-17 06:53:57,33.07058460423606,32.94250376707131,38.185234800033825,58.935,15.572020625785111,15.654702219879423,5.5856123201295285,27.675,7.148502181695526,7.03148617031782,0.7790181313942426,12.54
2026-10-17 07:08:57,33.07058460423606,32.94250376707131,38.185234800033825,58.935,15.57520973198194,15.658476590156777,5.586561244037803,27.68,7.148502181695526,7.03148617031782,0.7790181313942426,12.54
2026-10-17 07:23:57,33.07058460423606,32.94250376707131,38.185234800033825,58.935,15.57520973198194,15.658476590156777,5.586561244037803,27.68,7.148502181695526,7.03148617031782,0.7790181313942426,12.54
2026-10-17 07:38:57,33.07058460423606,32.94250376707131,38.185234800033825,58.935,15.57520973198194,15.658476590156777,5.586561244037803,27.68,7.148502181695526,7.03148617031782,0.7790181313942426,12.54
2026-10-17 07:53:57,33.07058460423606,32.94250376707131,38.185234800033825,58.935,15.57520973198194,15.658476590156777,5.586561244037803,27.68,7.148502181695526,7.03148617031782,0.7790181313942426,12.54
2026-10-17 08:08:57,33.07345690705237,32.943558075693566,38.187536824731794,58.94,15.57520973198194,15.658476590156777,5.586561244037803,27.68,7.148502181695526,7.03148617031782,0.7790181313942426,12.54
2026-10-17 08:23:57,33.07345690705237,32.943558075693566,38.187536824731794,58.94,15.57520973198194,15.658476590156777,5.586561244037803,27.68,7.148502181695526,7.03148617031782,0.7790181313942426,12.54
2026-10-17 08:38:57,33.07345690705237,32.943558075693566,38.187536824731794,58.94,15.57520973198194,15.658476590156777,5.586561244037803,27.68,7.148502181695526,7.03148617031782,0.7790181313942426,12.54
2026-10-17 08:53:57,33.07345690705237,32.943558075693566,38.187536824731794,58.94,15.57520973198194,15.658476590156777,5.586561244037803,27.68,7.148502181695526,7.03148617031782,0.7790181313942426,12.54
2026-10-17 09:08:57,33.07345690705237,32.943558075693566,38.187536824731794,58.94,15.57520973198194,15.658476590156777,5.586561244037803,27.68,7.148502181695526,7.03148617031782,0.7790181313942426,12.54
2026-10-17 09:23:57,33.07345690705237,32.943558075693566,38.187536824731794,58.94,15.57520973198194,15.658476590156777,5.586561244037803,27.68,7.148502181695526,7.03148617031782,0.7790181313942426,12.54
2026-10-17 09:38:57,33.07345690705237,32.943558075693566,38.187536824731794,58.94,15.57520973198194,15.658476590156777,5.586561244037803,27.68,7.148502181695526,7.03148617031782,0.7790181313942426,12.54
2026-10-17 09:53:57,33.07345690705237,32.943558075693566,38.187536824731794,58.94,15.57520973198194,15.658476590156777,5.586561244037803,27.68,7.148502181695526,7.03148617031782,0.7790181313942426,12.54
2026-10-17 10:08:57,33.07345690705237,32.943558075693566,38.187536824731794,58.94,15.57592665393783,15.659849062679852,5.58756859154813,27.685,7.148502181695526,7.03148617031782,0.7790181313942426,12.54
2026-10-17 10:23:57,33.07345690705237,32.943558075693566,38.187536824731794,58.94,15.57592665393783,15.659849062679852,5.58756859154813,27.685,7.148502181695526,7.03148617031782,0.7790181313942426,12.54
2026-10-17 10:38:57,33.07345690705237,32.943558075693566,38.187536824731794,58.94,15.57592665393783,15.659849062679852,5.58756859154813,27.685,7.148502181695526,7.03148617031782,0.7790181313942426,12.54
2026-10-17 10:53:57,33.07345690705237,32.943558075693566,38.187536824731794,58.94,15.57592665393783,15.659849062679852,5.58756859154813,27.685,7.148502181695526,7.03148617031782,0.7790181313942426,12.54
2026-10-17 11:08:57,33.07345690705237,32.943558075693566,38.187536824731794,58.94,15.57592665393783,15.659849062679852,5.58756859154813,27.685,7.148502181695526,7.03148617031782,0.7790181313942426,12.54
2026-10-17 11:23:57,33.07345690705237,32.943558075693566,38.187536824731794,58.94,15.57592665393783,15.659849062679852,5.58756859154813,27.685,7.148502181695526,7.03148617031782,0.7790181313942426,12.54
2026-10-17 11:38:57,33.07345690705237,32.943558075693566,38.187536824731794,58.94,15.57592665393783,15.659849062679852,5.58756859154813,27.685,7.148502181695526,7.03148617031782,0.7790181313942426,12.54
2026-10-17 11:53:57,33.07345690705237,32.943558075693566,38.187536824731794,58.94,15.57592665393783,15.659849062679852,5.58756859154813,27.685,7.148502181695526,7.03148617031782,0.7790181313942426,12.54
2026-10-17 12:08:57,33.23333296326353,33.11661888566036,38.37315756980839,59.235,15.62284174652105,15.704265717794609,5.606468965591122,27.765,7.163962587531126,7.043979734147443,0.780835528593798,12.565
2026-10-17 12:23:57,33.276584625509116,33.16287881134872,38.43357994266579,59.325,15.632746494994455,15.720006824639842,5.611220389483531,27.785,7.163962587531126,7.043979734147443,0.780835528593798,12.565
2026-10-17 12:38:57,33.276584625509116,33.16287881134872,38.43357994266579,59.325,15.632746494994455,15.720006824639842,5.611220389483531,27.785,7.163962587531126,7.043979734147443,0.780835528593798,12.565
2026-10-17 12:53:57,33.276584625509116,33.16287881134872,38.43357994266579,59.325,15.632746494994455,15.720006824639842,5.611220389483531,27.785,7.163962587531126,7.043979734147443,0.780835528593798,12.565
2026-10-17 13:08:57,33.276584625509116,33.16287881134872,38.43357994266579,59.325,15.632746494994455,15.720006824639842,5.611220389483531,27.785,7.163962587531126,7.043979734147443,0.780835528593798,12.565
2026-10-17 13:23:57,33.30654688724904,33.193833579369866,38.46248957795587,59.375,15.651570205013966,15.743994056662771,5.616711609197953,27.82,7.173521120748089,7.051201193649401,0.7820824817586282,12.585
2026-10-17 13:38:57,33.36218632779826,33.239800988811524,38.513039559243644,59.47,15.660446670887202,15.754732474948465,5.620030785208798,27.835,7.176806294824498,7.051907994433113,0.7823869402440163,12.59
2026-10-17 13:53:57,33.36218632779826,33.239800988811524,38.513039559243644,59.47,15.660446670887202,15.754732474948465,5.620030785208798,27.835,7.176806294824498,7.051907994433113,0.7823869402440163,12.59
2026-10-17 14:08:57,33.407006832440125,33.27122489353409,38.55945536791951,59.545,15.673555223911022,15.771455146358665,5.625556534162198,27.865,7.179943494339216,7.055390067643333,0.7828124440435968,12.595
2026-10-17 14:23:57,33.509625521919325,33.37635020102329,38.67949881528247,59.72,15.70844077105404,15.809779510203024,5.638917406473495,27.93,7.1960887816214445,7.067601998704283,0.784467164296872,12.62
2026-10-17 14:38:57,33.562924520120795,33.42475463118853,38.74394503094172,59.805,15.717940469091966,15.821254942551105,5.642462225902547,27.95,7.201042661231621,7.075437640054612,0.7849635311348201,12.63
2026-10-17 14:53:57,33.562924520120795,33.42475463118853,38.74394503094172,59.805,15.717940469091966,15.821254942551105,5.642462225902547,27.95,7.201042661231621,7.075437640054612,0.7849635311348201,12.63
2026-10-17 15:08:57,33.626023896083744,33.483402613516304,38.813481208658786,59.915,15.732959074284441,15.83660359811389,5.647159545277594,27.98,7.202342175001366,7.080230465174884,0.7851233882566143,12.635
2026-10-17 15:23:57,33.66078899368369,33.529539412383905,38.85918456761084,59.99,15.7574655365763,15.859232465378254,5.654258627341048,28.015,7.209478099212012,7.089177262081708,0.7857068074416115,12.65
2026-10-17 15:38:57,33.70729931911918,33.57873771892038,38.91460332537242,60.07,15.77193427051568,15.883187568086898,5.659618135711698,28.045,7.215756498524367,7.096974768051459,0.7863627385881544,12.66
2026-10-17 15:53:57,33.72189506288911,33.5969146088664,38.93047543329394,60.1,15.776611460501798,15.886953935045563,5.661001267697146,28.05,7.215756498524367,7.096974768051459,0.7863627385881544,12.66
2026-10-17 16:08:57,33.72189506288911,33.5969146088664,38.93047543329394,60.1,15.776611460501798,15.886953935045563,5.661001267697146,28.05,7.215756498524367,7.096974768051459,0.7863627385881544,12.66
2026-10-17 16:23:57,33.78563335862568,33.64916346737084,39.00470276489022,60.21,15.789318187365291,15.893968261151475,5.664312817939764,28.065,7.221862288496862,7.101901390860141,0.7871696630558247,12.675
2026-10-17 16:38:57,33.83833128816161,33.70928758998064,39.076517870476565,60.315,15.806492768103052,15.908621424713472,5.670225900138204,28.09,7.221862288496862,7.101901390860141,0.7871696630558247,12.675
2026-10-17 16:53:57,33.83833128816161,33.70928758998064,39.076517870476565,60.315,15.806492768103052,15.908621424713472,5.670225900138204,28.09,7.221862288496862,7.101901390860141,0.7871696630558247,12.675
2026-10-17 17:08:57,33.902848086439214,33.77088017451975,39.13949615002127,60.425,15.823825897939747,15.92412602932966,5.676963806044053,28.12,7.2235541209944625,7.105191438836419,0.787621566579988,12.68
2026-10-17 17:23:57,33.956385815416965,33.833905352578256,39.197919236510955,60.525,15.843619295319785,15.947265430653268,5.683481459234665,28.155,7.225148232519187,7.109147810492475,0.7880371005709399,12.685
2026-10-17 17:38:57,33.956385815416965,33.833905352578256,39.197919236510955,60.525,15.843619295319785,15.947265430653268,5.683481459234665,28.155,7.225148232519187,7.109147810492475,0.7880371005709399,12.685
2026-10-17 17:53:57,33.956385815416965,33.833905352578256,39.197919236510955,60.525,15.843619295319785,15.947265430653268,5.683481459234665,28.155,7.225148232519187,7.109147810492475,0.7880371005709399,12.685
2026-10-17 18:08:57,34.00522814050441,33.88774537573658,39.256215920597946,60.61,15.85056855472227,15.953121458576277,5.687716556073918,28.175,7.233436453205369,7.115254241038491,0.7888635525147456,12.695
2026-10-17 18:23:57,34.00522814050441,33.88774537573658,39.256215920597946,60.61,15.85056855472227,15.953121458576277,5.687716556073918,28.175,7.233436453205369,7.115254241038491,0.7888635525147456,12.695
2026-10-17 18:38:57,34.01083224534696,33.89443250600369,39.26252203308426,60.62,15.85056855472227,15.953121458576277,5.687716556073918,28.175,7.233436453205369,7.115254241038491,0.7888635525147456,12.695
2026-10-17 18:53:57,34.01083224534696,33.89443250600369,39.26252203308426,60.62,15.85056855472227,15.953121458576277,5.687716556073918,28.175,7.233436453205369,7.115254241038491,0.7888635525147456,12.695
2026-10-17 19:08:57,34.01083224534696,33.89443250600369,39.26252203308426,60.62,15.85056855472227,15.953121458576277,5.687716556073918,28.175,7.233436453205369,7.115254241038491,0.7888635525147456,12.695
2026-10-17 19:23:57,34.17722083729986,34.042503120078784,39.44468927297166,60.895,15.938365327026409,16.041470738686407,5.725001670830868,28.35,7.285050582078858,7.170738803245904,0.7947622794505369,12.79
2026-10-17 19:38:57,34.17722083729986,34.042503120078784,39.44468927297166,60.895,15.938365327026409,16.041470738686407,5.725001670830868,28.35,7.285050582078858,7.170738803245904,0.7947622794505369,12.79
2026-10-17 19:53:57,34.615594591059995,34.51195882715124,39.99130258435432,61.715,16.138114990186747,16.267405240156975,5.799806806709019,28.725,7.363810564862666,7.258028160036293,0.8037916007276958,12.93
2026-10-17 20:08:57,34.615594591059995,34.51195882715124,39.99130258435432,61.715,16.138114990186747,16.267405240156975,5.799806806709019,28.725,7.363810564862666,7.258028160036293,0.8037916007276958,12.93
2026-10-17 20:23:57,34.86678933898257,34.729459950300395,40.2448222688085,62.135,16.220169533993353,16.3503333365261,5.829405827676583,28.865,7.41993260374663,7.291721758034905,0.8100586505689235,13.02
2026-10-17 20:38:57,34.86881858806276,34.733218870634786,40.24930486621684,62.14,16.220169533993353,16.3503333365261,5.829405827676583,28.865,7.41993260374663,7.291721758034905,0.8100586505689235,13.02
2026-10-17 20:53:57,35.07869854834781,34.92798062588262,40.4832894986416,62.495,16.30267614855994,16.430977483432603,5.858817846732303,29.015,7.466989133249176,7.342745795869714,0.8153383367091642,13.1
2026-10-17 21:08:57,35.07869854834781,34.92798062588262,40.4832894986416,62.495,16.30267614855994,16.430977483432603,5.858817846732303,29.015,7.466989133249176,7.342745795869714,0.8153383367091642,13.1
2026-10-17 21:23:57,35.27471346531338,35.12891513234531,40.72831997753961,62.86,16.37912991583142,16.50588855290472,5.8864150485682565,29.155,7.519791899426148,7.393767431250508,0.8210596605019491,13.19
2026-10-17 21:38:57,35.66939681256325,35.56246766983095,41.212842726527285,63.605,16.573798386783892,16.716686898273565,5.962099417476106,29.53,7.6677523940598835,7.517041314023228,0.8362246768441846,13.425
2026-10-17 21:53:57,35.954969454023725,35.82275456967959,41.51879387081646,64.095,16.74324186951512,16.91168172848822,6.024686485518285,29.845,7.764869490427524,7.6268686695531365,0.8472561202091843,13.605
2026-10-17 22:08:57,36.22183929850301,36.08380786362745,41.83208122450339,64.575,16.90539092501423,17.07334206025291,6.078062161468946,30.12,7.860792754916205,7.737157733662178,0.8597848091652398,13.805
2026-10-17 22:23:57,36.22183929850301,36.08380786362745,41.83208122450339,64.575,16.90539092501423,17.07334206025291,6.078062161468946,30.12,7.860792754916205,7.737157733662178,0.8597848091652398,13.805
2026-10-17 22:38:57,36.22183929850301,36.08380786362745,41.83208122450339,64.575,16.90539092501423,17.07334206025291,6.078062161468946,30.12,7.860792754916205,7.737157733662178,0.8597848091652398,13.805
2026-10-17 22:53:57,36.22183929850301,36.08380786362745,41.83208122450339,64.575,16.90539092501423,17.07334206025291,6.078062161468946,30.12,7.860792754916205,7.737157733662178,0.8597848091652398,13.805
2026-10-17 23:08:57,36.224803453036,36.08637847531124,41.83578309974777,64.58,16.90985019619275,17.075659113792316,6.0791037639712275,30.125,7.860792754916205,7.737157733662178,0.8597848091652398,13.805
2026-10-17 23:23:57,36.224803453036,36.08637847531124,41.83578309974777,64.58,16.90985019619275,17.075659113792316,6.0791037639712275,30.125,7.860792754916205,7.737157733662178,0.8597848091652398,13.805
2026-10-17 23:38:57,36.224803453036,36.08637847531124,41.83578309974777,64.58,16.90985019619275,17.075659113792316,6.0791037639712275,30.125,7.860792754916205,7.737157733662178,0.8597848091652398,13.805
2026-10-17 23:53:57,36.224803453036,36.08637847531124,41.83578309974777,64.58,16.90985019619275,17.075659113792316,6.0791037639712275,30.125,7.860792754916205,7.737157733662178,0.8597848091652398,13.805
2026-10-18 00:08:57,36.224803453036,36.08637847531124,41.83578309974777,64.58,16.90985019619275,17.075659113792316,6.0791037639712275,30.125,7.860792754916205,7.737157733662178,0.8597848091652398,13.805
2026-10-18 00:23:57,36.224803453036,36.08637847531124,41.83578309974777,64.58,16.90985019619275,17.075659113792316,6.0791037639712275,30.125,7.860792754916205,7.737157733662178,0.8597848091652398,13.805
2026-10-18 00:38:57,36.224803453036,36.08637847531124,41.83578309974777,64.58,16.90985019619275,17.075659113792316,6.0791037639712275,30.125,7.860792754916205,7.737157733662178,0.8597848091652398,13.805
2026-10-18 00:53:57,36.224803453036,36.08637847531124,41.83578309974777,64.58,16.90985019619275,17.075659113792316,6.0791037639712275,30.125,7.860792754916205,7.737157733662178,0.8597848091652398,13.805
2026-10-18 01:08:57,36.224803453036,36.08637847531124,41.83578309974777,64.58,16.90985019619275,17.075659113792316,6.0791037639712275,30.125,7.860792754916205,7.737157733662178,0.8597848091652398,13.805
2026-10-18 01:23:57,36.28638487595014,36.168260640559545,41.91712889960987,64.715,16.933272893552882,17.104260196981357,6.088398618122541,30.17,7.8657363286355295,7.740834859437461,0.8606536812451415,13.815
2026-10-18 01:38:57,36.28638487595014,36.168260640559545,41.91712889960987,64.715,16.933272893552882,17.104260196981357,6.088398618122541,30.17,7.8657363286355295,7.740834859437461,0.8606536812451415,13.815
2026-10-18 01:53:57,36.28638487595014,36.168260640559545,41.91712889960987,64.715,16.933272893552882,17.104260196981357,6.088398618122541,30.17,7.8657363286355295,7.740834859437461,0.8606536812451415,13.815
2026-10-18 02:08:57,36.28638487595014,36.168260640559545,41.91712889960987,64.715,16.933272893552882,17.104260196981357,6.088398618122541,30.17,7.8657363286355295,7.740834859437461,0.8606536812451415,13.815
2026-10-18 02:23:57,36.28638487595014,36.168260640559545,41.91712889960987,64.715,16.933272893552882,17.104260196981357,6.088398618122541,30.17,7.8657363286355295,7.740834859437461,0.8606536812451415,13.815
2026-10-18 02:38:57,36.28638487595014,36.168260640559545,41.91712889960987,64.715,16.933272893552882,17.104260196981357,6.088398618122541,30.17,7.8657363286355295,7.740834859437461,0.8606536812451415,13.815
2026-10-18 02:53:57,36.29045284986838,36.169997856746754,41.920941511625784,64.72,16.933272893552882,17.104260196981357,6.088398618122541,30.17,7.8657363286355295,7.740834859437461,0.8606536812451415,13.815
2026-10-18 03:08:57,36.29045284986838,36.169997856746754,41.920941511625784,64.72,16.933272893552882,17.104260196981357,6.088398618122541,30.17,7.8657363286355295,7.740834859437461,0.8606536812451415,13.815
2026-10-18 03:23:57,36.29045284986838,36.169997856746754,41.920941511625784,64.72,16.933272893552882,17.104260196981357,6.088398618122541,30.17,7.8657363286355295,7.740834859437461,0.8606536812451415,13.815
2026-10-18 03:38:57,36.29045284986838,36.169997856746754,41.920941511625784,64.72,16.933272893552882,17.104260196981357,6.088398618122541,30.17,7.8657363286355295,7.740834859437461,0.8606536812451415,13.815
2026-10-18 03:53:57,36.29045284986838,36.169997856746754,41.920941511625784,64.72,16.933272893552882,17.104260196981357,6.088398618122541,30.17,7.8657363286355295,7.740834859437461,0.8606536812451415,13.815
2026-10-18 04:08:57,36.29045284986838,36.169997856746754,41.920941511625784,64.72,16.933272893552882,17.104260196981357,6.088398618122541,30.17,7.8657363286355295,7.740834859437461,0.8606536812451415,13.815
2026-10-18 04:23:57,36.29045284986838,36.169997856746754,41.920941511625784,64.72,16.933272893552882,17.104260196981357,6.088398618122541,30.17,7.8657363286355295,7.740834859437461,0.8606536812451415,13.815
2026-10-18 04:38:57,36.29045284986838,36.169997856746754,41.920941511625784,64.72,16.933272893552882,17.104260196981357,6.088398618122541,30.17,7.8657363286355295,7.740834859437461,0.8606536812451415,13.815
2026-10-18 04:53:57,36.29151304509956,36.17410315982666,41.92380888871109,64.725,16.933272893552882,17.104260196981357,6.088398618122541,30.17,7.8657363286355295,7.740834859437461,0.8606536812451415,13.815
2026-10-18 05:08:57,36.29151304509956,36.17410315982666,41.92380888871109,64.725,16.933272893552882,17.104260196981357,6.088398618122541,30.17,7.8657363286355295,7.740834859437461,0.8606536812451415,13.815
2026-10-18 05:23:57,36.29151304509956,36.17410315982666,41.92380888871109,64.725,16.933272893552882,17.104260196981357,6.088398618122541,30.17,7.8677373788073215,7.741636678195984,0.8608666731273821,13.82
2026-10-18 05:38:57,36.29151304509956,36.17410315982666,41.92380888871109,64.725,16.933272893552882,17.104260196981357,6.088398618122541,30.17,7.8677373788073215,7.741636678195984,0.8608666731273821,13.82
2026-10-18 05:53:57,36.29151304509956,36.17410315982666,41.92380888871109,64.725,16.933272893552882,17.104260196981357,6.088398618122541,30.17,7.8677373788073215,7.741636678195984,0.8608666731273821,13.82
2026-10-18 06:08:57,36.29151304509956,36.17410315982666,41.92380888871109,64.725,16.933272893552882,17.104260196981357,6.088398618122541,30.17,7.8677373788073215,7.741636678195984,0.8608666731273821,13.82
2026-10-18 06:23:57,36.29151304509956,36.17410315982666,41.92380888871109,64.725,16.933272893552882,17.104260196981357,6.088398618122541,30.17,7.8677373788073215,7.741636678195984,0.8608666731273821,13.82
2026-10-18 06:38:57,36.29151304509956,36.17410315982666,41.92380888871109,64.725,16.936201185303062,17.107710786034446,6.089599679546393,30.175,7.8677373788073215,7.741636678195984,0.8608666731273821,13.82
2026-10-18 06:53:57,36.29151304509956,36.17410315982666,41.92380888871109,64.725,16.936201185303062,17.107710786034446,6.089599679546393,30.175,7.8677373788073215,7.741636678195984,0.8608666731273821,13.82
2026-10-18 07:08:57,36.29151304509956,36.17410315982666,41.92380888871109,64.725,16.936201185303062,17.107710786034446,6.089599679546393,30.175,7.8677373788073215,7.741636678195984,0.8608666731273821,13.82
2026-10-18 07:23:57,36.29151304509956,36.17410315982666,41.92380888871109,64.725,16.936201185303062,17.107710786034446,6.089599679546393,30.175,7.8677373788073215,7.741636678195984,0.8608666731273821,13.82
2026-10-18 07:38:57,36.292733282335995,36.17661007817276,41.9285186547384,64.73,16.936201185303062,17.107710786034446,6.089599679546393,30.175,7.8677373788073215,7.741636678195984,0.8608666731273821,13.82
2026-10-18 07:53:57,36.292733282335995,36.17661007817276,41.9285186547384,64.73,16.94004917765435,17.110315637170334,6.09046554341392,30.18,7.8677373788073215,7.741636678195984,0.8608666731273821,13.82
2026-10-18 08:08:57,36.292733282335995,36.17661007817276,41.9285186547384,64.73,16.94004917765435,17.110315637170334,6.09046554341392,30.18,7.8677373788073215,7.741636678195984,0.8608666731273821,13.82
2026-10-18 08:23:57,36.292733282335995,36.17661007817276,41.9285186547384,64.73,16.94004917765435,17.110315637170334,6.09046554341392,30.18,7.8677373788073215,7.741636678195984,0.8608666731273821,13.82
2026-10-18 08:38:57,36.292733282335995,36.17661007817276,41.9285186547384,64.73,16.94004917765435,17.110315637170334,6.09046554341392,30.18,7.8677373788073215,7.741636678195984,0.8608666731273821,13.82
2026-10-18 08:53:57,36.29572540041443,36.17752360806731,41.931992735122776,64.735,16.944113786828165,17.11205808184797,6.0916146919217065,30.185,7.8677373788073215,7.741636678195984,0.8608666731273821,13.82
2026-10-18 09:08:57,36.29572540041443,36.17752360806731,41.931992735122776,64.735,16.944113786828165,17.11205808184797,6.0916146919217065,30.185,7.8677373788073215,7.741636678195984,0.8608666731273821,13.82
2026-10-18 09:23:57,36.29572540041443,36.17752360806731,41.931992735122776,64.735,16.944113786828165,17.11205808184797,6.0916146919217065,30.185,7.8677373788073215,7.741636678195984,0.8608666731273821,13.82
2026-10-18 09:38:57,36.29677874203679,36.17974268859587,41.93394898955198,64.74,16.944113786828165,17.11205808184797,6.0916146919217065,30.185,7.8677373788073215,7.741636678195984,0.8608666731273821,13.82
2026-10-18 09:53:57,36.29677874203679,36.17974268859587,41.93394898955198,64.74,16.944113786828165,17.11205808184797,6.0916146919217065,30.185,7.8677373788073215,7.741636678195984,0.8608666731273821,13.82
2026-10-18 10:08:57,36.29677874203679,36.17974268859587,41.93394898955198,64.74,16.944113786828165,17.11205808184797,6.0916146919217065,30.185,7.8677373788073215,7.741636678195984,0.8608666731273821,13.82
2026-10-18 10:23:57,36.29677874203679,36.17974268859587,41.93394898955198,64.74,16.944113786828165,17.11205808184797,6.0916146919217065,30.185,7.8677373788073215,7.741636678195984,0.8608666731273821,13.82
2026-10-18 10:38:57,36.29677874203679,36.17974268859587,41.93394898955198,64.74,16.944113786828165,17.11205808184797,6.0916146919217065,30.185,7.8677373788073215,7.741636678195984,0.8608666731273821,13.82
2026-10-18 10:53:57,36.29677874203679,36.17974268859587,41.93394898955198,64.74,16.944113786828165,17.11205808184797,6.0916146919217065,30.185,7.8677373788073215,7.741636678195984,0.8608666731273821,13.82
2026-10-18 11:08:57,36.29677874203679,36.17974268859587,41.93394898955198,64.74,16.944113786828165,17.11205808184797,6.0916146919217065,30.185,7.870361404057521,7.745278634427232,0.8612633935232914,13.825
2026-10-18 11:23:57,36.29677874203679,36.17974268859587,41.93394898955198,64.74,16.944113786828165,17.11205808184797,6.0916146919217065,30.185,7.870361404057521,7.745278634427232,0.8612633935232914,13.825
2026-10-18 11:38:57,36.29677874203679,36.17974268859587,41.93394898955198,64.74,16.944113786828165,17.11205808184797,6.0916146919217065,30.185,7.870361404057521,7.745278634427232,0.8612633935232914,13.825
2026-10-18 11:53:57,36.29677874203679,36.17974268859587,41.93394898955198,64.74,16.944113786828165,17.11205808184797,6.0916146919217065,30.185,7.870361404057521,7.745278634427232,0.8612633935232914,13.825
2026-10-18 12:08:57,36.3810207143105,36.25988529142878,42.03675860127915,64.89,16.97331915171534,17.14514550407998,6.101302996277812,30.24,7.896112401101697,7.769096255934195,0.8637811558876599,13.86
2026-10-18 12:23:57,36.418454645456805,36.30509295496818,42.092295708195095,64.97,16.979860833369145,17.15314446352173,6.105145914952729,30.26,7.899147684950441,7.772051207450794,0.864101270280239,13.865
2026-10-18 12:38:57,36.418454645456805,36.30509295496818,42.092295708195095,64.97,16.979860833369145,17.15314446352173,6.105145914952729,30.26,7.899147684950441,7.772051207450794,0.864101270280239,13.865
2026-10-18 12:53:57,36.421963713689195,36.309555848529854,42.09428340796647,64.975,16.979860833369145,17.15314446352173,6.105145914952729,30.26,7.899147684950441,7.772051207450794,0.864101270280239,13.865
2026-10-18 13:08:57,36.421963713689195,36.309555848529854,42.09428340796647,64.975,16.979860833369145,17.15314446352173,6.105145914952729,30.26,7.899147684950441,7.772051207450794,0.864101270280239,13.865
2026-10-18 13:23:57,36.472729973663775,36.36951067609018,42.15325621313231,65.065,16.994220353226293,17.165947331815694,6.109532611247142,30.285,7.903052632154452,7.775450292388483,0.8644363603300824,13.87
2026-10-18 13:38:57,36.472729973663775,36.36951067609018,42.15325621313231,65.065,16.994220353226293,17.165947331815694,6.109532611247142,30.285,7.903052632154452,7.775450292388483,0.8644363603300824,13.87
2026-10-18 13:53:57,36.472729973663775,36.36951067609018,42.15325621313231,65.065,16.994220353226293,17.165947331815694,6.109532611247142,30.285,7.903052632154452,7.775450292388483,0.8644363603300824,13.87
2026-10-18 14:08:57,36.472729973663775,36.36951067609018,42.15325621313231,65.065,16.994220353226293,17.165947331815694,6.109532611247142,30.285,7.903052632154452,7.775450292388483,0.8644363603300824,13.87
2026-10-18 14:23:57,36.472729973663775,36.36951067609018,42.15325621313231,65.065,16.994220353226293,17.165947331815694,6.109532611247142,30.285,7.903052632154452,7.775450292388483,0.8644363603300824,13.87
2026-10-18 14:38:57,36.472729973663775,36.36951067609018,42.15325621313231,65.065,16.994220353226293,17.165947331815694,6.109532611247142,30.285,7.903052632154452,7.775450292388483,0.8644363603300824,13.87
2026-10-18 14:53:57,36.472729973663775,36.36951067609018,42.15325621313231,65.065,16.994220353226293,17.165947331815694,6.109532611247142,30.285,7.903052632154452,7.775450292388483,0.8644363603300824,13.87
2026-10-18 15:08:57,36.472729973663775,36.36951067609018,42.15325621313231,65.065,16.994220353226293,17.165947331815694,6.109532611247142,30.285,7.903052632154452,7.775450292388483,0.8644363603300824,13.87
2026-10-18 15:23:57,36.472729973663775,36.36951067609018,42.15325621313231,65.065,16.994220353226293,17.165947331815694,6.109532611247142,30.285,7.903052632154452,7.775450292388483,0.8644363603300824,13.87
2026-10-18 15:38:57,36.472729973663775,36.36951067609018,42.15325621313231,65.065,16.994220353226293,17.165947331815694,6.109532611247142,30.285,7.903052632154452,7.775450292388483,0.8644363603300824,13.87
2026-10-18 15:53:57,36.472729973663775,36.36951067609018,42.15325621313231,65.065,16.994220353226293,17.165947331815694,6.109532611247142,30.285,7.903052632154452,7.775450292388483,0.8644363603300824,13.87
2026-10-18 16:08:57,36.472729973663775,36.36951067609018,42.15325621313231,65.065,16.994220353226293,17.165947331815694,6.109532611247142,30.285,7.903052632154452,7.775450292388483,0.8644363603300824,13.87
2026-10-18 16:23:57,36.472729973663775,36.36951067609018,42.15325621313231,65.065,16.994220353226293,17.165947331815694,6.109532611247142,30.285,7.903052632154452,7.775450292388483,0.8644363603300824,13.87
2026-10-18 16:38:57,36.472729973663775,36.36951067609018,42.15325621313231,65.065,16.994220353226293,17.165947331815694,6.109532611247142,30.285,7.903052632154452,7.775450292388483,0.8644363603300824,13.87
2026-10-18 16:53:57,36.472729973663775,36.36951067609018,42.15325621313231,65.065,16.994220353226293,17.165947331815694,6.109532611247142,30.285,7.903052632154452,7.775450292388483,0.8644363603300824,13.87
2026-10-18 17:08:57,36.472729973663775,36.36951067609018,42.15325621313231,65.065,16.994220353226293,17.165947331815694,6.109532611247142,30.285,7.903052632154452,7.775450292388483,0.8644363603300824,13.87
2026-10-18 17:23:57,36.502147001318,36.3984868474652,42.19272465535267,65.12,16.999005310777,17.16848554413997,6.110449110622945,30.29,7.903052632154452,7.775450292388483,0.8644363603300824,13.87
2026-10-18 17:38:57,36.502147001318,36.3984868474652,42.19272465535267,65.12,16.999005310777,17.16848554413997,6.110449110622945,30.29,7.903052632154452,7.775450292388483,0.8644363603300824,13.87
2026-10-18 17:53:57,36.502147001318,36.3984868474652,42.19272465535267,65.12,16.999005310777,17.16848554413997,6.110449110622945,30.29,7.903052632154452,7.775450292388483,0.8644363603300824,13.87
2026-10-18 18:08:57,36.52215309530247,36.41957560999341,42.219528974561975,65.16,17.009428284968653,17.17644525937205,6.1148442808874055,30.31,7.905915018790744,7.778901992246675,0.8645646840436071,13.875
2026-10-18 18:23:57,36.58772942319756,36.46920083488074,42.29377611796683,65.265,17.038695995173526,17.204519913476958,6.125213679820449,30.365,7.921053432211676,7.788965618415721,0.8657966802682386,13.895
2026-10-18 18:38:57,36.66229788947761,36.533146439171894,42.37587550573978,65.39,17.078546755414397,17.249673003751944,6.141266847079125,30.44,7.934727210153201,7.801078396773538,0.8670200124314542,13.915
2026-10-18 18:53:57,36.73681900705112,36.61478218864941,42.47496315867978,65.535,17.11100800037666,17.280108108459658,6.152646569051106,30.495,7.954904891186628,7.813981168604323,0.8686066152763607,13.945
2026-10-18 19:08:57,36.811366757036446,36.698438357984934,42.57712758049101,65.68,17.154909353963223,17.321720065179083,6.17038131752463,30.58,7.975295035351246,7.834496991840207,0.8706712573606572,13.98
2026-10-18 19:23:57,36.811366757036446,36.698438357984934,42.57712758049101,65.68,17.154909353963223,17.321720065179083,6.17038131752463,30.58,7.975295035351246,7.834496991840207,0.8706712573606572,13.98
2026-10-18 19:38:57,36.88545753312876,36.77049079776327,42.666976878062584,65.82,17.205245262464963,17.374864850375875,6.191434988851718,30.67,7.999474641956985,7.859498081535936,0.8734074827336759,14.015
2026-10-18 19:53:57,36.97610537245053,36.86152319156192,42.77144094531542,65.975,17.218273565434412,17.383503615244383,6.199383965066524,30.7,8.01304370720858,7.874404695789328,0.8747762958526425,14.04
2026-10-18 20:08:57,36.97610537245053,36.86152319156192,42.77144094531542,65.975,17.218273565434412,17.383503615244383,6.199383965066524,30.7,8.01304370720858,7.874404695789328,0.8747762958526425,14.04
2026-10-18 20:23:57,36.97610537245053,36.86152319156192,42.77144094531542,65.975,17.218273565434412,17.383503615244383,6.199383965066524,30.7,8.01304370720858,7.874404695789328,0.8747762958526425,14.04
2026-10-18 20:38:57,36.97610537245053,36.86152319156192,42.77144094531542,65.975,17.218273565434412,17.383503615244383,6.199383965066524,30.7,8.01304370720858,7.874404695789328,0.8747762958526425,14.04
2026-10-18 20:53:57,36.97610537245053,36.86152319156192,42.77144094531542,65.975,17.218273565434412,17.383503615244383,6.199383965066524,30.7,8.01304370720858,7.874404695789328,0.8747762958526425,14.04
2026-10-18 21:08:57,36.97610537245053,36.86152319156192,42.77144094531542,65.975,17.218273565434412,17.383503615244383,6.199383965066524,30.7,8.01304370720858,7.874404695789328,0.8747762958526425,14.04
2026-10-18 21:23:57,37.253048784230984,37.114321151461304,43.05608071504608,66.415,17.363924095158826,17.50330743045204,6.24647745656678,30.935,8.068609874721844,7.9237872208225175,0.8816046128970074,14.145
2026-10-18 21:38:57,37.253048784230984,37.114321151461304,43.05608071504608,66.415,17.363924095158826,17.50330743045204,6.24647745656678,30.935,8.068609874721844,7.9237872208225175,0.8816046128970074,14.145
2026-10-18 21:53:57,37.253048784230984,37.114321151461304,43.05608071504608,66.415,17.363924095158826,17.50330743045204,6.24647745656678,30.935,8.068609874721844,7.9237872208225175,0.8816046128970074,14.145
2026-10-18 22:08:57,37.35360462780967,37.22100262088077,43.176726408596075,66.61,17.431551806489313,17.567191354009374,6.273029124995588,31.06,8.106866967225006,7.964474524259854,0.8852366890664084,14.215
2026-10-18 22:23:57,37.35360462780967,37.22100262088077,43.176726408596075,66.61,17.431551806489313,17.567191354009374,6.273029124995588,31.06,8.106866967225006,7.964474524259854,0.8852366890664084,14.215
2026-10-18 22:38:57,37.35360462780967,37.22100262088077,43.176726408596075,66.61,17.431551806489313,17.567191354009374,6.273029124995588,31.06,8.106866967225006,7.964474524259854,0.8852366890664084,14.215
2026-10-18 22:53:57,37.35360462780967,37.22100262088077,43.176726408596075,66.61,17.431551806489313,17.567191354009374,6.273029124995588,31.06,8.106866967225006,7.964474524259854,0.8852366890664084,14.215
2026-10-18 23:08:57,37.35360462780967,37.22100262088077,43.176726408596075,66.61,17.431551806489313,17.567191354009374,6.273029124995588,31.06,8.106866967225006,7.964474524259854,0.8852366890664084,14.215
2026-10-18 23:23:57,37.35360462780967,37.22100262088077,43.176726408596075,66.61,17.431551806489313,17.567191354009374,6.273029124995588,31.06,8.106866967225006,7.964474524259854,0.8852366890664084,14.215
2026-10-18 23:38:57,37.58479877653906,37.43458544618248,43.442253623302015,67.01,17.535022030979754,17.675647789153142,6.311315286515799,31.25,8.146192130779099,7.995339800788725,0.8896477727920776,14.28
2026-10-18 23:53:57,37.58479877653906,37.43458544618248,43.442253623302015,67.01,17.53761319768423,17.679707110550783,6.312009359464159,31.255,8.146192130779099,7.995339800788725,0.8896477727920776,14.28
2026-10-19 00:08:57,37.58479877653906,37.43458544618248,43.442253623302015,67.01,17.53761319768423,17.679707110550783,6.312009359464159,31.255,8.146192130779099,7.995339800788725,0.8896477727920776,14.28
2026-10-19 00:23:57,37.58479877653906,37.43458544618248,43.442253623302015,67.01,17.53761319768423,17.679707110550783,6.312009359464159,31.255,8.146192130779099,7.995339800788725,0.8896477727920776,14.28
2026-10-19 00:38:57,37.58479877653906,37.43458544618248,43.442253623302015,67.01,17.53761319768423,17.679707110550783,6.312009359464159,31.255,8.146192130779099,7.995339800788725,0.8896477727920776,14.28
2026-10-19 00:53:57,37.58479877653906,37.43458544618248,43.442253623302015,67.01,17.540860269509,17.68200794986272,6.313008066212891,31.26,8.146192130779099,7.995339800788725,0.8896477727920776,14.28
2026-10-19 01:08:57,37.58479877653906,37.43458544618248,43.442253623302015,67.01,17.540860269509,17.68200794986272,6.313008066212891,31.26,8.150733749906278,7.997760718682641,0.8897848091072653,14.285
2026-10-19 01:23:57,37.58698102167112,37.435767262528046,43.44695787490116,67.015,17.540860269509,17.68200794986272,6.313008066212891,31.26,8.150733749906278,7.997760718682641,0.8897848091072653,14.285
2026-10-19 01:38:57,37.654814921009574,37.482099750080245,43.52393700808131,67.125,17.570765525351582,17.708033242925683,6.324350887692976,31.31,8.178356641336086,8.024572946870892,0.8922209004751369,14.325
2026-10-19 01:53:57,37.70419590789624,37.54153604673117,43.57650407366791,67.21,17.600459585119946,17.74845736486467,6.33638635728255,31.37,8.19220855245943,8.04292382501312,0.89370845404068,14.355
2026-10-19 02:08:57,37.82930819003178,37.66505280778012,43.72175302333857,67.43,17.661912935914497,17.808237389037522,6.357395035372726,31.48,8.236960241123445,8.084952510835322,0.8983109438553448,14.44
2026-10-19 02:23:57,37.90741197932528,37.741743730474596,43.820690295578245,67.58,17.703641471483877,17.848306507140606,6.373802028702462,31.555,8.266122074742508,8.110505559313244,0.9009099661702615,14.485
2026-10-19 02:38:57,37.963217400421435,37.79394176304338,43.88524364540107,67.68,17.740016162779696,17.891820635147955,6.391193396691533,31.63,8.294728985427614,8.134552051626464,0.9035863310454004,14.53
2026-10-19 02:53:57,38.00304086824071,37.82845910120339,43.93541542644399,67.75,17.76609653630072,17.914106782575086,6.401903328567552,31.69,8.31240634903012,8.153614094415188,0.905287058519988,14.56
2026-10-19 03:08:57,38.078605059834665,37.91105215961353,44.02866106525073,67.885,17.79779601771962,17.949090409003396,6.413631573077415,31.75,8.340994796189145,8.180177050732397,0.9084660449558205,14.605
2026-10-19 03:23:57,38.15446310032738,37.99759128485257,44.119482326539774,68.03,17.83001261566535,17.97982596593045,6.42324362039523,31.795,8.3686064176739,8.206013236439402,0.9112408130446463,14.655
2026-10-19 03:38:57,38.30343194623515,38.14091026754785,44.29176396180532,68.285,17.938481859621426,18.083780115338453,6.458900557599448,31.97,8.428924431488594,8.267247741508926,0.9192744027493036,14.78
2026-10-19 03:53:57,38.30343194623515,38.14091026754785,44.29176396180532,68.285,17.938481859621426,18.083780115338453,6.458900557599448,31.97,8.428924431488594,8.267247741508926,0.9192744027493036,14.78
2026-10-19 04:08:57,38.33898604561968,38.17612289248231,44.33130932885365,68.345,17.961193952285097,18.10322920656604,6.46637126884694,32.01,8.437911556382101,8.27972059777601,0.920810903023147,14.8
2026-10-19 04:23:57,38.41505826341265,38.24295760225881,44.41458982959086,68.465,18.004396875307396,18.14663071156708,6.481029198156097,32.085,8.457738015523287,8.303273704519043,0.9234965576270199,14.84
2026-10-19 04:38:57,38.47239367112154,38.29359109670557,44.47636036080486,68.565,18.036318299408105,18.16653537228268,6.491407736338829,32.135,8.486938664101771,8.334225787537084,0.926862117043918,14.89
2026-10-19 04:53:57,38.54710003289309,38.362391337340505,44.551009850771614,68.675,18.071088310333746,18.193507968850472,6.501721329566049,32.185,8.498158077318383,8.340009745407658,0.9277263125873618,14.905
2026-10-19 05:08:57,38.635703397673026,38.44615916675659,44.63084254433034,68.815,18.09436219909852,18.2089927032566,6.5095556849669425,32.22,8.528824312127002,8.368495535730078,0.9306900629560053,14.95
2026-10-19 05:23:57,38.72171421803713,38.52943113484542,44.72972733739788,68.96,18.140464674201574,18.261713610429616,6.524716743583087,32.305,8.552026086617982,8.400859153430508,0.934074096025231,15.0
2026-10-19 05:38:57,38.790084601361954,38.60984837284219,44.835020702041334,69.12,18.185842850135174,18.295487114763596,6.5374322603893305,32.37,8.560993007749511,8.40424597049866,0.9348965386855435,15.01
2026-10-19 05:53:57,38.87608969900383,38.70536022528032,44.94639470564687,69.285,18.229180101489945,18.338018409513637,6.553251895100259,32.45,8.5860728106988,8.42398990938588,0.9375900407510733,15.055
2026-10-19 06:08:57,38.87608969900383,38.70536022528032,44.94639470564687,69.285,18.229180101489945,18.338018409513637,6.553251895100259,32.45,8.5860728106988,8.42398990938588,0.9375900407510733,15.055
2026-10-19 06:23:57,39.16810538977615,38.99640273891269,45.28895992299147,69.815,18.35430316411005,18.478269444470634,6.598892661391705,32.675,8.629693238539625,8.470743224332802,0.9429746117889705,15.135
2026-10-19 06:38:57,39.249948816700666,39.075940000701365,45.39850997741105,69.965,18.415602765470968,18.557158275796056,6.62399311828265,32.795,8.643169898621116,8.4774064343024,0.9435633903913008,15.15
2026-10-19 06:53:57,39.37863518476923,39.19219394789051,45.52486346779366,70.165,18.46725838936931,18.609194539585133,6.644302524698334,32.885,8.651783929449971,8.48977130151669,0.9446375034450304,15.17
2026-10-19 07:08:57,39.485368595006044,39.294706220027884,45.6495250045782,70.355,18.51588540280791,18.65338676251778,6.659953059570928,32.965,8.673425988061526,8.516340733365173,0.9472784437769389,15.21
2026-10-19 07:23:57,39.55033561514309,39.35665947886526,45.72145999718361,70.485,18.539633515266754,18.67534305242485,6.668120901581109,33.01,8.702853772262458,8.543668967401418,0.9504740588606885,15.26
2026-10-19 07:38:57,39.64264451065896,39.452495402431985,45.83845286344052,70.665,18.57227300575427,18.70927167120092,6.678800759939777,33.065,8.726235236595537,8.566250578315195,0.9524257111766442,15.295
2026-10-19 07:53:57,39.727338625845164,39.53517509620844,45.92069933487189,70.795,18.6216069790088,18.756888305379473,6.6934732546696605,33.145,8.745953177612412,8.592276600334923,0.9548958735410659,15.335
2026-10-19 08:08:57,39.8178449154639,39.64722779636037,46.03903712208988,70.975,18.67345751280255,18.823804868322206,6.711531472725995,33.245,8.755908268611883,8.608182550480784,0.9561827404008203,15.355
2026-10-19 08:23:57,39.8178449154639,39.64722779636037,46.03903712208988,70.975,18.67345751280255,18.823804868322206,6.711531472725995,33.245,8.755908268611883,8.608182550480784,0.9561827404008203,15.355
2026-10-19 08:38:57,39.8178449154639,39.64722779636037,46.03903712208988,70.975,18.67430257059582,18.827152993851055,6.712157376963581,33.25,8.755908268611883,8.608182550480784,0.9561827404008203,15.355
2026-10-19 08:53:57,39.8178449154639,39.64722779636037,46.03903712208988,70.975,18.67430257059582,18.827152993851055,6.712157376963581,33.25,8.755908268611883,8.608182550480784,0.9561827404008203,15.355
2026-10-19 09:08:57,39.82121079947471,39.650302074127424,46.043272067920604,70.98,18.67430257059582,18.827152993851055,6.712157376963581,33.25,8.755908268611883,8.608182550480784,0.9561827404008203,15.355
2026-10-19 09:23:57,39.82121079947471,39.650302074127424,46.043272067920604,70.98,18.67430257059582,18.827152993851055,6.712157376963581,33.25,8.755908268611883,8.608182550480784,0.9561827404008203,15.355
2026-10-19 09:38:57,39.82448355836785,39.652569907874174,46.04598123369026,70.985,18.67430257059582,18.827152993851055,6.712157376963581,33.25,8.755908268611883,8.608182550480784,0.9561827404008203,15.355
2026-10-19 09:53:57,39.828090467492665,39.65652609260581,46.053268419795266,70.995,18.67430257059582,18.827152993851055,6.712157376963581,33.25,8.755908268611883,8.608182550480784,0.9561827404008203,15.355
2026-10-19 10:08:57,39.83082490147714,39.661118488198014,46.05604578329781,71.0,18.67430257059582,18.827152993851055,6.712157376963581,33.25,8.755908268611883,8.608182550480784,0.9561827404008203,15.355
2026-10-19 10:23:57,39.83082490147714,39.661118488198014,46.05604578329781,71.0,18.67430257059582,18.827152993851055,6.712157376963581,33.25,8.755908268611883,8.608182550480784,0.9561827404008203,15.355
2026-10-19 10:38:57,39.83082490147714,39.661118488198014,46.05604578329781,71.0,18.67430257059582,18.827152993851055,6.712157376963581,33.25,8.755908268611883,8.608182550480784,0.9561827404008203,15.355
2026-10-19 10:53:57,39.83082490147714,39.661118488198014,46.05604578329781,71.0,18.67430257059582,18.827152993851055,6.712157376963581,33.25,8.755908268611883,8.608182550480784,0.9561827404008203,15.355
2026-10-19 11:08:57,39.835090391071724,39.662581056467594,46.05928047024675,71.005,18.67430257059582,18.827152993851055,6.712157376963581,33.25,8.755908268611883,8.608182550480784,0.9561827404008203,15.355
2026-10-19 11:23:57,39.835090391071724,39.662581056467594,46.05928047024675,71.005,18.67430257059582,18.827152993851055,6.712157376963581,33.25,8.755908268611883,8.608182550480784,0.9561827404008203,15.355
2026-10-19 11:38:57,39.835090391071724,39.662581056467594,46.05928047024675,71.005,18.67430257059582,18.827152993851055,6.712157376963581,33.25,8.755908268611883,8.608182550480784,0.9561827404008203,15.355
2026-10-19 11:53:57,39.835090391071724,39.662581056467594,46.05928047024675,71.005,18.67430257059582,18.827152993851055,6.712157376963581,33.25,8.755908268611883,8.608182550480784,0.9561827404008203,15.355
2026-10-19 12:08:57,39.95285965979203,39.77791523806296,46.190724812303706,71.21,18.716690663618827,18.856254901624723,6.72209059377349,33.305,8.771697379013608,8.619538756156317,0.9571901074439707,15.375
2026-10-19 12:23:57,39.994668759655674,39.81459004819758,46.23522496739722,71.28,18.72580262510219,18.870495429442755,6.726176906386568,33.325,8.77374686979626,8.62454748628867,0.9578548645431315,15.385
2026-10-19 12:38:57,39.994668759655674,39.81459004819758,46.23522496739722,71.28,18.72580262510219,18.870495429442755,6.726176906386568,33.325,8.77374686979626,8.62454748628867,0.9578548645431315,15.385
2026-10-19 12:53:57,39.994668759655674,39.81459004819758,46.23522496739722,71.28,18.72580262510219,18.870495429442755,6.726176906386568,33.325,8.77374686979626,8.62454748628867,0.9578548645431315,15.385
2026-10-19 13:08:57,39.994668759655674,39.81459004819758,46.23522496739722,71.28,18.72580262510219,18.870495429442755,6.726176906386568,33.325,8.77374686979626,8.62454748628867,0.9578548645431315,15.385
2026-10-19 13:23:57,39.994668759655674,39.81459004819758,46.23522496739722,71.28,18.72580262510219,18.870495429442755,6.726176906386568,33.325,8.77374686979626,8.62454748628867,0.9578548645431315,15.385
2026-10-19 13:38:57,39.994668759655674,39.81459004819758,46.23522496739722,71.28,18.72580262510219,18.870495429442755,6.726176906386568,33.325,8.77374686979626,8.62454748628867,0.9578548645431315,15.385
2026-10-19 13:53:57,39.994668759655674,39.81459004819758,46.23522496739722,71.28,18.72580262510219,18.870495429442755,6.726176906386568,33.325,8.77374686979626,8.62454748628867,0.9578548645431315,15.385
2026-10-19 14:08:57,39.994668759655674,39.81459004819758,46.23522496739722,71.28,18.72580262510219,18.870495429442755,6.726176906386568,33.325,8.77374686979626,8.62454748628867,0.9578548645431315,15.385
2026-10-19 14:23:57,39.994668759655674,39.81459004819758,46.23522496739722,71.28,18.72580262510219,18.870495429442755,6.726176906386568,33.325,8.77374686979626,8.62454748628867,0.9578548645431315,15.385
2026-10-19 14:38:57,39.994668759655674,39.81459004819758,46.23522496739722,71.28,18.72580262510219,18.870495429442755,6.726176906386568,33.325,8.77374686979626,8.62454748628867,0.9578548645431315,15.385
2026-10-19 14:53:57,39.994668759655674,39.81459004819758,46.23522496739722,71.28,18.72580262510219,18.870495429442755,6.726176906386568,33.325,8.77374686979626,8.62454748628867,0.9578548645431315,15.385
2026-10-19 15:08:57,39.994668759655674,39.81459004819758,46.23522496739722,71.28,18.72580262510219,18.870495429442755,6.726176906386568,33.325,8.77374686979626,8.62454748628867,0.9578548645431315,15.385
2026-10-19 15:23:57,39.994668759655674,39.81459004819758,46.23522496739722,71.28,18.72580262510219,18.870495429442755,6.726176906386568,33.325,8.77374686979626,8.62454748628867,0.9578548645431315,15.385
2026-10-19 15:38:57,39.994668759655674,39.81459004819758,46.23522496739722,71.28,18.72580262510219,18.870495429442755,6.726176906386568,33.325,8.77374686979626,8.62454748628867,0.9578548645431315,15.385
2026-10-19 15:53:57,39.994668759655674,39.81459004819758,46.23522496739722,71.28,18.72580262510219,18.870495429442755,6.726176906386568,33.325,8.77374686979626,8.62454748628867,0.9578548645431315,15.385
2026-10-19 16:08:57,39.994668759655674,39.81459004819758,46.23522496739722,71.28,18.72580262510219,18.870495429442755,6.726176906386568,33.325,8.77374686979626,8.62454748628867,0.9578548645431315,15.385
2026-10-19 16:23:57,39.994668759655674,39.81459004819758,46.23522496739722,71.28,18.72580262510219,18.870495429442755,6.726176906386568,33.325,8.77374686979626,8.62454748628867,0.9578548645431315,15.385
2026-10-19 16:38:57,39.99643771039494,39.81713442034711,46.23864874340241,71.285,18.72580262510219,18.870495429442755,6.726176906386568,33.325,8.77374686979626,8.62454748628867,0.9578548645431315,15.385
2026-10-19 16:53:57,39.99643771039494,39.81713442034711,46.23864874340241,71.285,18.72580262510219,18.870495429442755,6.726176906386568,33.325,8.77374686979626,8.62454748628867,0.9578548645431315,15.385
2026-10-19 17:08:57,40.02449285522537,39.83745876182444,46.273201313712256,71.33,18.73389287170547,18.87633259280903,6.728381276008766,33.335,8.77374686979626,8.62454748628867,0.9578548645431315,15.385
2026-10-19 17:23:57,40.02757800865341,39.83900660073461,46.27490821326967,71.335,18.73389287170547,18.87633259280903,6.728381276008766,33.335,8.77374686979626,8.62454748628867,0.9578548645431315,15.385
2026-10-19 17:38:57,40.08984510126355,39.91519068828808,46.3446647670805,71.455,18.739474116588795,18.880843335899257,6.729953686007704,33.345,8.77374686979626,8.62454748628867,0.9578548645431315,15.385
2026-10-19 17:53:57,40.12440433552998,39.94839723155297,46.376823030981164,71.51,18.750320902087775,18.893335949080942,6.736097686778868,33.375,8.77374686979626,8.62454748628867,0.9578548645431315,15.385
2026-10-19 18:08:57,40.12440433552998,39.94839723155297,46.376823030981164,71.51,18.750320902087775,18.893335949080942,6.736097686778868,33.375,8.77374686979626,8.62454748628867,0.9578548645431315,15.385
2026-10-19 18:23:57,40.12917972729129,39.952789385605335,46.378562589726606,71.515,18.750320902087775,18.893335949080942,6.736097686778868,33.375,8.77374686979626,8.62454748628867,0.9578548645431315,15.385
2026-10-19 18:38:57,40.283985182639356,40.10580580638718,46.56252441384603,71.785,18.824729611471724,18.962822612165606,6.757799111064727,33.485,8.795132369903131,8.640888942519242,0.9603915107194129,15.425
2026-10-19 18:53:57,40.66386425092768,40.48291237644813,46.985343367619684,72.445,18.964805149541487,19.10272806317486,6.805509610574721,33.73,8.873342595937057,8.70727583426597,0.9685824058921384,15.565
2026-10-19 19:08:57,41.01054403448081,40.80016263031252,47.356302716873984,73.025,19.076093663039124,19.22351087640093,6.844844466735255,33.925,8.921208217445397,8.761008677062126,0.9742580395520279,15.655
2026-10-19 19:23:57,41.19452886175981,40.99143791418592,47.57087987808895,73.36,19.14578358877003,19.29115352119843,6.8714941817053665,34.055,8.936191507841821,8.780233069678507,0.9770691955286411,15.695
2026-10-19 19:38:57,41.515287071259635,41.33864583226301,47.94250478839577,73.925,19.286173738477512,19.419256973410505,6.921792651094817,34.3,8.999204344538853,8.828902858654756,0.9829071145301471,15.785
2026-10-19 19:53:57,41.71572210600758,41.564468218855254,48.205400919174224,74.31,19.362160768475086,19.492589911189604,6.947505176109485,34.44,9.038011987864806,8.866149542376583,0.987488887237717,15.86
2026-10-19 20:08:57,41.910646770483545,41.761176592987674,48.42305830783699,74.655,19.476878483025246,19.59805887908286,6.991581436082244,34.65,9.082090289887768,8.909790744928545,0.9917385255523276,15.93
2026-10-19 20:23:57,42.16711716283501,42.01498332189867,48.712412990197656,75.095,19.596189383477476,19.722266438950193,7.034742924094251,34.855,9.147413223012729,8.968793500657005,0.9972477158320838,16.02
2026-10-19 20:38:57,42.34544911009922,42.171973549502,48.92558092903017,75.42,19.710689247500735,19.834703991159852,7.075988127977609,35.065,9.16623186326773,8.991930401505819,0.9994439534812073,16.06
2026-10-19 20:53:57,42.4065399655083,42.22452200015762,48.99613608035259,75.515,19.7355077831701,19.853638117450632,7.08498087814562,35.105,9.168872803647062,8.998937674715838,0.9999060607464405,16.07
2026-10-19 21:08:57,42.61489036773336,42.43122702590571,49.22056979717144,75.875,19.835194308852266,19.958603610249764,7.121021416119934,35.285,9.209368946734704,9.040847550982292,1.0041807877814752,16.145
2026-10-19 21:23:57,43.079601881187074,42.90366757656766,49.76585591131904,76.73,20.16298376678192,20.298471475348638,7.244364513683799,35.87,9.33360043226664,9.176425135065237,1.0170825303115543,16.355
2026-10-19 21:38:57,43.24583562748917,43.058248226730555,49.93591677881434,77.0,20.25209383880647,20.401938961615908,7.277094158679847,36.045,9.381320330825474,9.235276209403333,1.023263910996675,16.45
2026-10-19 21:53:57,43.24583562748917,43.058248226730555,49.93591677881434,77.0,20.25209383880647,20.401938961615908,7.277094158679847,36.045,9.381320330825474,9.235276209403333,1.023263910996675,16.45
2026-10-19 22:08:57,43.24583562748917,43.058248226730555,49.93591677881434,77.0,20.25209383880647,20.401938961615908,7.277094158679847,36.045,9.381320330825474,9.235276209403333,1.023263910996675,16.45
2026-10-19 22:23:57,43.24583562748917,43.058248226730555,49.93591677881434,77.0,20.25209383880647,20.401938961615908,7.277094158679847,36.045,9.381320330825474,9.235276209403333,1.023263910996675,16.45
2026-10-19 22:38:57,43.24583562748917,43.058248226730555,49.93591677881434,77.0,20.25209383880647,20.401938961615908,7.277094158679847,36.045,9.381320330825474,9.235276209403333,1.023263910996675,16.45
2026-10-19 22:53:57,43.24847348712264,43.058944185771495,49.938744581947745,77.005,20.25209383880647,20.401938961615908,7.277094158679847,36.045,9.381320330825474,9.235276209403333,1.023263910996675,16.45
2026-10-19 23:08:57,43.24847348712264,43.058944185771495,49.938744581947745,77.005,20.25209383880647,20.401938961615908,7.277094158679847,36.045,9.381320330825474,9.235276209403333,1.023263910996675,16.45
2026-10-19 23:23:57,43.24847348712264,43.058944185771495,49.938744581947745,77.005,20.25209383880647,20.401938961615908,7.277094158679847,36.045,9.381320330825474,9.235276209403333,1.023263910996675,16.45
2026-10-19 23:38:57,43.275369129979865,43.09457790731795,49.97467789426502,77.055,20.27248448154714,20.42513531730055,7.285582117211734,36.09,9.401618833829758,9.250038588389069,1.0250961876669518,16.475
2026-10-19 23:53:57,43.275369129979865,43.09457790731795,49.97467789426502,77.055,20.27248448154714,20.42513531730055,7.285582117211734,36.09,9.401618833829758,9.250038588389069,1.0250961876669518,16.475
2026-10-20 00:08:57,43.275369129979865,43.09457790731795,49.97467789426502,77.055,20.27248448154714,20.42513531730055,7.285582117211734,36.09,9.401618833829758,9.250038588389069,1.0250961876669518,16.475
2026-10-20 00:23:57,43.28998273923373,43.10699743245387,49.99627821301438,77.08,20.28274956761694,20.4375288339601,7.290176111482823,36.11,9.401618833829758,9.250038588389069,1.0250961876669518,16.475
2026-10-20 00:38:57,43.28998273923373,43.10699743245387,49.99627821301438,77.08,20.28274956761694,20.4375288339601,7.290176111482823,36.11,9.401618833829758,9.250038588389069,1.0250961876669518,16.475
2026-10-20 00:53:57,43.28998273923373,43.10699743245387,49.99627821301438,77.08,20.28274956761694,20.4375288339601,7.290176111482823,36.11,9.401618833829758,9.250038588389069,1.0250961876669518,16.475
2026-10-20 01:08:57,43.423855459271515,43.237517432385474,50.140491937262276,77.3,20.34704825478366,20.49683305156649,7.313785809920453,36.225,9.430402933684853,9.282858103148323,1.0292635515705415,16.54
2026-10-20 01:23:57,43.423855459271515,43.237517432385474,50.140491937262276,77.3,20.34704825478366,20.49683305156649,7.313785809920453,36.225,9.430402933684853,9.282858103148323,1.0292635515705415,16.54
2026-10-20 01:38:57,43.423855459271515,43.237517432385474,50.140491937262276,77.3,20.34942773384802,20.500989698707368,7.315185668593991,36.23,9.430402933684853,9.282858103148323,1.0292635515705415,16.54
2026-10-20 01:53:57,43.423855459271515,43.237517432385474,50.140491937262276,77.3,20.34942773384802,20.500989698707368,7.315185668593991,36.23,9.430402933684853,9.282858103148323,1.0292635515705415,16.54
2026-10-20 02:08:57,43.423855459271515,43.237517432385474,50.140491937262276,77.3,20.34942773384802,20.500989698707368,7.315185668593991,36.23,9.430402933684853,9.282858103148323,1.0292635515705415,16.54
2026-10-20 02:23:57,43.423855459271515,43.237517432385474,50.140491937262276,77.3,20.34942773384802,20.500989698707368,7.315185668593991,36.23,9.430402933684853,9.282858103148323,1.0292635515705415,16.54
2026-10-20 02:38:57,43.426104958027764,43.24124118311,50.14535006718478,77.305,20.34942773384802,20.500989698707368,7.315185668593991,36.23,9.430402933684853,9.282858103148323,1.0292635515705415,16.54
2026-10-20 02:53:57,43.426104958027764,43.24124118311,50.14535006718478,77.305,20.34942773384802,20.500989698707368,7.315185668593991,36.23,9.430402933684853,9.282858103148323,1.0292635515705415,16.54
2026-10-20 03:08:57,43.426104958027764,43.24124118311,50.14535006718478,77.305,20.34942773384802,20.500989698707368,7.315185668593991,36.23,9.430402933684853,9.282858103148323,1.0292635515705415,16.54
2026-10-20 03:23:57,43.426104958027764,43.24124118311,50.14535006718478,77.305,20.34942773384802,20.500989698707368,7.315185668593991,36.23,9.430402933684853,9.282858103148323,1.0292635515705415,16.54
2026-10-20 03:38:57,43.426104958027764,43.24124118311,50.14535006718478,77.305,20.34942773384802,20.500989698707368,7.315185668593991,36.23,9.430402933684853,9.282858103148323,1.0292635515705415,16.54
2026-10-20 03:53:57,43.426104958027764,43.24124118311,50.14535006718478,77.305,20.34942773384802,20.500989698707368,7.315185668593991,36.23,9.430402933684853,9.282858103148323,1.0292635515705415,16.54
2026-10-20 04:08:57,43.426104958027764,43.24124118311,50.14535006718478,77.305,20.34942773384802,20.500989698707368,7.315185668593991,36.23,9.430402933684853,9.282858103148323,1.0292635515705415,16.54
2026-10-20 04:23:57,43.426104958027764,43.24124118311,50.14535006718478,77.305,20.34942773384802,20.500989698707368,7.315185668593991,36.23,9.430402933684853,9.282858103148323,1.0292635515705415,16.54
2026-10-20 04:38:57,43.42847227835736,43.24419074757313,50.14863970045012,77.31,20.34942773384802,20.500989698707368,7.315185668593991,36.23,9.430402933684853,9.282858103148323,1.0292635515705415,16.54
2026-10-20 04:53:57,43.42847227835736,43.24419074757313,50.14863970045012,77.31,20.34942773384802,20.500989698707368,7.315185668593991,36.23,9.430402933684853,9.282858103148323,1.0292635515705415,16.54
2026-10-20 05:08:57,43.54739201434254,43.36094926007644,50.27746895767067,77.52,20.42471160081486,20.58977959722571,7.3467362422118505,36.38,9.466166846400858,9.318070170766958,1.033133479684632,16.6
2026-10-20 05:23:57,43.54739201434254,43.36094926007644,50.27746895767067,77.52,20.42471160081486,20.58977959722571,7.3467362422118505,36.38,9.466166846400858,9.318070170766958,1.033133479684632,16.6
2026-10-20 05:38:57,43.54739201434254,43.36094926007644,50.27746895767067,77.52,20.42471160081486,20.58977959722571,7.3467362422118505,36.38,9.466166846400858,9.318070170766958,1.033133479684632,16.6
2026-10-20 05:53:57,43.55444524774198,43.36742268366411,50.28517815884677,77.53,20.42471160081486,20.58977959722571,7.3467362422118505,36.38,9.466166846400858,9.318070170766958,1.033133479684632,16.6
2026-10-20 06:08:57,43.55444524774198,43.36742268366411,50.28517815884677,77.53,20.42471160081486,20.58977959722571,7.3467362422118505,36.38,9.466166846400858,9.318070170766958,1.033133479684632,16.6
2026-10-20 06:23:57,43.55444524774198,43.36742268366411,50.28517815884677,77.53,20.42471160081486,20.58977959722571,7.3467362422118505,36.38,9.466166846400858,9.318070170766958,1.033133479684632,16.6
2026-10-20 06:38:57,43.55444524774198,43.36742268366411,50.28517815884677,77.53,20.42471160081486,20.58977959722571,7.3467362422118505,36.38,9.466166846400858,9.318070170766958,1.033133479684632,16.6
2026-10-20 06:53:57,43.56055816993198,43.374189061258704,50.29118264890305,77.54,20.42471160081486,20.58977959722571,7.3467362422118505,36.38,9.466166846400858,9.318070170766958,1.033133479684632,16.6
2026-10-20 07:08:57,43.56055816993198,43.374189061258704,50.29118264890305,77.54,20.42471160081486,20.58977959722571,7.3467362422118505,36.38,9.466166846400858,9.318070170766958,1.033133479684632,16.6
2026-10-20 07:23:57,43.56055816993198,43.374189061258704,50.29118264890305,77.54,20.42471160081486,20.58977959722571,7.3467362422118505,36.38,9.466166846400858,9.318070170766958,1.033133479684632,16.6
2026-10-20 07:38:57,43.56055816993198,43.374189061258704,50.29118264890305,77.54,20.42708270915213,20.59218893978497,7.348208410985121,36.385,9.466166846400858,9.318070170766958,1.033133479684632,16.6
2026-10-20 07:53:57,43.56244558630077,43.3777450958557,50.29327418748045,77.545,20.42708270915213,20.59218893978497,7.348208410985121,36.385,9.466166846400858,9.318070170766958,1.033133479684632,16.6
2026-10-20 08:08:57,43.56361439193214,43.381069963629315,50.29500141117379,77.55,20.42708270915213,20.59218893978497,7.348208410985121,36.385,9.466166846400858,9.318070170766958,1.033133479684632,16.6
2026-10-20 08:23:57,43.56361439193214,43.381069963629315,50.29500141117379,77.55,20.42708270915213,20.59218893978497,7.348208410985121,36.385,9.466166846400858,9.318070170766958,1.033133479684632,16.6
2026-10-20 08:38:57,43.56361439193214,43.381069963629315,50.29500141117379,77.55,20.42708270915213,20.59218893978497,7.348208410985121,36.385,9.466166846400858,9.318070170766958,1.033133479684632,16.6
2026-10-20 08:53:57,43.56361439193214,43.381069963629315,50.29500141117379,77.55,20.42708270915213,20.59218893978497,7.348208410985121,36.385,9.466166846400858,9.318070170766958,1.033133479684632,16.6
2026-10-20 09:08:57,43.56361439193214,43.381069963629315,50.29500141117379,77.55,20.42708270915213,20.59218893978497,7.348208410985121,36.385,9.466166846400858,9.318070170766958,1.033133479684632,16.6
2026-10-20 09:23:57,43.56361439193214,43.381069963629315,50.29500141117379,77.55,20.42708270915213,20.59218893978497,7.348208410985121,36.385,9.466166846400858,9.318070170766958,1.033133479684632,16.6
2026-10-20 09:38:57,43.56361439193214,43.381069963629315,50.29500141117379,77.55,20.42708270915213,20.59218893978497,7.348208410985121,36.385,9.466166846400858,9.318070170766958,1.033133479684632,16.6
2026-10-20 09:53:57,43.56361439193214,43.381069963629315,50.29500141117379,77.55,20.42708270915213,20.59218893978497,7.348208410985121,36.385,9.466166846400858,9.318070170766958,1.033133479684632,16.6
2026-10-20 10:08:57,43.56361439193214,43.381069963629315,50.29500141117379,77.55,20.42708270915213,20.59218893978497,7.348208410985121,36.385,9.466166846400858,9.318070170766958,1.033133479684632,16.6
2026-10-20 10:23:57,43.56361439193214,43.381069963629315,50.29500141117379,77.55,20.42708270915213,20.59218893978497,7.348208410985121,36.385,9.466166846400858,9.318070170766958,1.033133479684632,16.6
2026-10-20 10:38:57,43.56361439193214,43.381069963629315,50.29500141117379,77.55,20.42708270915213,20.59218893978497,7.348208410985121,36.385,9.466166846400858,9.318070170766958,1.033133479684632,16.6
2026-10-20 10:53:57,43.56361439193214,43.381069963629315,50.29500141117379,77.55,20.42708270915213,20.59218893978497,7.348208410985121,36.385,9.466166846400858,9.318070170766958,1.033133479684632,16.6
2026-10-20 11:08:57,43.56361439193214,43.381069963629315,50.29500141117379,77.55,20.42708270915213,20.59218893978497,7.348208410985121,36.385,9.466166846400858,9.318070170766958,1.033133479684632,16.6
2026-10-20 11:23:57,43.56361439193214,43.381069963629315,50.29500141117379,77.55,20.42708270915213,20.59218893978497,7.348208410985121,36.385,9.466166846400858,9.318070170766958,1.033133479684632,16.6
2026-10-20 11:38:57,43.56361439193214,43.381069963629315,50.29500141117379,77.55,20.42708270915213,20.59218893978497,7.348208410985121,36.385,9.466166846400858,9.318070170766958,1.033133479684632,16.6
2026-10-20 11:53:57,43.56361439193214,43.381069963629315,50.29500141117379,77.55,20.42708270915213,20.59218893978497,7.348208410985121,36.385,9.466166846400858,9.318070170766958,1.033133479684632,16.6
2026-10-20 12:08:57,43.595008796947944,43.41542472387846,50.33252515825466,77.61,20.45191254464384,20.614151228492926,7.356142184376873,36.425,9.466166846400858,9.318070170766958,1.033133479684632,16.6
2026-10-20 12:23:57,43.595008796947944,43.41542472387846,50.33252515825466,77.61,20.45191254464384,20.614151228492926,7.356142184376873,36.425,9.466166846400858,9.318070170766958,1.033133479684632,16.6
2026-10-20 12:38:57,43.595008796947944,43.41542472387846,50.33252515825466,77.61,20.45191254464384,20.614151228492926,7.356142184376873,36.425,9.466166846400858,9.318070170766958,1.033133479684632,16.6
2026-10-20 12:53:57,43.59918913024464,43.419395327055625,50.33461363822819,77.615,20.45191254464384,20.614151228492926,7.356142184376873,36.425,9.466166846400858,9.318070170766958,1.033133479684632,16.6
2026-10-20 13:08:57,43.59918913024464,43.419395327055625,50.33461363822819,77.615,20.45191254464384,20.614151228492926,7.356142184376873,36.425,9.466166846400858,9.318070170766958,1.033133479684632,16.6
2026-10-20 13:23:57,43.59918913024464,43.419395327055625,50.33461363822819,77.615,20.45191254464384,20.614151228492926,7.356142184376873,36.425,9.466166846400858,9.318070170766958,1.033133479684632,16.6
2026-10-20 13:38:57,43.59918913024464,43.419395327055625,50.33461363822819,77.615,20.45191254464384,20.614151228492926,7.356142184376873,36.425,9.466166846400858,9.318070170766958,1.033133479684632,16.6
2026-10-20 13:53:57,43.59918913024464,43.419395327055625,50.33461363822819,77.615,20.45191254464384,20.614151228492926,7.356142184376873,36.425,9.466166846400858,9.318070170766958,1.033133479684632,16.6
2026-10-20 14:08:57,43.59918913024464,43.419395327055625,50.33461363822819,77.615,20.45191254464384,20.614151228492926,7.356142184376873,36.425,9.466166846400858,9.318070170766958,1.033133479684632,16.6
2026-10-20 14:23:57,43.59918913024464,43.419395327055625,50.33461363822819,77.615,20.45191254464384,20.614151228492926,7.356142184376873,36.425,9.466166846400858,9.318070170766958,1.033133479684632,16.6
2026-10-20 14:38:57,43.59918913024464,43.419395327055625,50.33461363822819,77.615,20.45191254464384,20.614151228492926,7.356142184376873,36.425,9.466166846400858,9.318070170766958,1.033133479684632,16.6
2026-10-20 14:53:57,43.59918913024464,43.419395327055625,50.33461363822819,77.615,20.45191254464384,20.614151228492926,7.356142184376873,36.425,9.466166846400858,9.318070170766958,1.033133479684632,16.6
2026-10-20 15:08:57,43.59918913024464,43.419395327055625,50.33461363822819,77.615,20.45191254464384,20.614151228492926,7.356142184376873,36.425,9.466166846400858,9.318070170766958,1.033133479684632,16.6
2026-10-20 15:23:57,43.59918913024464,43.419395327055625,50.33461363822819,77.615,20.45191254464384,20.614151228492926,7.356142184376873,36.425,9.466166846400858,9.318070170766958,1.033133479684632,16.6
2026-10-20 15:38:57,43.59918913024464,43.419395327055625,50.33461363822819,77.615,20.45191254464384,20.614151228492926,7.356142184376873,36.425,9.466166846400858,9.318070170766958,1.033133479684632,16.6
2026-10-20 15:53:57,43.59918913024464,43.419395327055625,50.33461363822819,77.615,20.45191254464384,20.614151228492926,7.356142184376873,36.425,9.466166846400858,9.318070170766958,1.033133479684632,16.6
2026-10-20 16:08:57,43.59918913024464,43.419395327055625,50.33461363822819,77.615,20.45191254464384,20.614151228492926,7.356142184376873,36.425,9.466166846400858,9.318070170766958,1.033133479684632,16.6
2026-10-20 16:23:57,43.631653112349625,43.46361139672604,50.37074255020371,77.68,20.46958618513185,20.63265338282879,7.362091346408031,36.455,9.47068450693363,9.322325604664396,1.0333586049898777,16.605
2026-10-20 16:38:57,43.700529193507535,43.528785294406816,50.44315347792902,77.795,20.486032204294794,20.651972199643094,7.367166017764545,36.485,9.48532054352089,9.34507478982084,1.0347406952253886,16.635
2026-10-20 16:53:57,43.700529193507535,43.528785294406816,50.44315347792902,77.795,20.486032204294794,20.651972199643094,7.367166017764545,36.485,9.48532054352089,9.34507478982084,1.0347406952253886,16.635
2026-10-20 17:08:57,43.700529193507535,43.528785294406816,50.44315347792902,77.795,20.486032204294794,20.651972199643094,7.367166017764545,36.485,9.48532054352089,9.34507478982084,1.0347406952253886,16.635
2026-10-20 17:23:57,43.700529193507535,43.528785294406816,50.44315347792902,77.795,20.486032204294794,20.651972199643094,7.367166017764545,36.485,9.48532054352089,9.34507478982084,1.0347406952253886,16.635
2026-10-20 17:38:57,43.700529193507535,43.528785294406816,50.44315347792902,77.795,20.486032204294794,20.651972199643094,7.367166017764545,36.485,9.48532054352089,9.34507478982084,1.0347406952253886,16.635
2026-10-20 17:53:57,43.700529193507535,43.528785294406816,50.44315347792902,77.795,20.486032204294794,20.651972199643094,7.367166017764545,36.485,9.48532054352089,9.34507478982084,1.0347406952253886,16.635
2026-10-20 18:08:57,43.72739829637451,43.55474487787923,50.47489818305058,77.845,20.502752656498743,20.664954050191728,7.373370597555596,36.51,9.487395251995,9.347862209282596,1.0350723514165832,16.64
2026-10-20 18:23:57,43.72739829637451,43.55474487787923,50.47489818305058,77.845,20.502752656498743,20.664954050191728,7.373370597555596,36.51,9.487395251995,9.347862209282596,1.0350723514165832,16.64
2026-10-20 18:38:57,43.89671916215352,43.69881233041071,50.651325892114535,78.115,20.58639646200716,20.749509059437592,7.399538070220503,36.645,9.519155988913932,9.375554543571903,1.0384278653137056,16.7
2026-10-20 18:53:57,44.17595104846556,43.98163385907254,50.954818556807666,78.595,20.681354682248624,20.847006288282998,7.433000210896845,36.815,9.568374762167569,9.419435941640115,1.043129792605475,16.78
2026-10-20 19:08:57,44.17595104846556,43.98163385907254,50.954818556807666,78.595,20.681354682248624,20.847006288282998,7.433000210896845,36.815,9.568374762167569,9.419435941640115,1.043129792605475,16.78
2026-10-20 19:23:57,44.17595104846556,43.98163385907254,50.954818556807666,78.595,20.681354682248624,20.847006288282998,7.433000210896845,36.815,9.568374762167569,9.419435941640115,1.043129792605475,16.78
2026-10-20 19:38:57,44.17595104846556,43.98163385907254,50.954818556807666,78.595,20.681354682248624,20.847006288282998,7.433000210896845,36.815,9.568374762167569,9.419435941640115,1.043129792605475,16.78
2026-10-20 19:53:57,44.17595104846556,43.98163385907254,50.954818556807666,78.595,20.681354682248624,20.847006288282998,7.433000210896845,36.815,9.568374762167569,9.419435941640115,1.043129792605475,16.78
2026-10-20 20:08:57,44.17595104846556,43.98163385907254,50.954818556807666,78.595,20.681354682248624,20.847006288282998,7.433000210896845,36.815,9.568374762167569,9.419435941640115,1.043129792605475,16.78
2026-10-20 20:23:57,44.17595104846556,43.98163385907254,50.954818556807666,78.595,20.681354682248624,20.847006288282998,7.433000210896845,36.815,9.568374762167569,9.419435941640115,1.043129792605475,16.78
2026-10-20 20:38:57,44.17595104846556,43.98163385907254,50.954818556807666,78.595,20.68479823898611,20.84831809765411,7.434133404684281,36.82,9.568374762167569,9.419435941640115,1.043129792605475,16.78
2026-10-20 20:53:57,44.17595104846556,43.98163385907254,50.954818556807666,78.595,20.68479823898611,20.84831809765411,7.434133404684281,36.82,9.568374762167569,9.419435941640115,1.043129792605475,16.78
2026-10-20 21:08:57,44.17595104846556,43.98163385907254,50.954818556807666,78.595,20.68479823898611,20.84831809765411,7.434133404684281,36.82,9.568374762167569,9.419435941640115,1.043129792605475,16.78
2026-10-20 21:23:57,44.17595104846556,43.98163385907254,50.954818556807666,78.595,20.68479823898611,20.84831809765411,7.434133404684281,36.82,9.568374762167569,9.419435941640115,1.043129792605475,16.78
2026-10-20 21:38:57,44.17814988590533,43.984123764213415,50.95891924276089,78.6,20.68479823898611,20.84831809765411,7.434133404684281,36.82,9.568374762167569,9.419435941640115,1.043129792605475,16.78
2026-10-20 21:53:57,44.17814988590533,43.984123764213415,50.95891924276089,78.6,20.68479823898611,20.84831809765411,7.434133404684281,36.82,9.568374762167569,9.419435941640115,1.043129792605475,16.78
2026-10-20 22:08:57,44.17814988590533,43.984123764213415,50.95891924276089,78.6,20.68479823898611,20.84831809765411,7.434133404684281,36.82,9.568374762167569,9.419435941640115,1.043129792605475,16.78
2026-10-20 22:23:57,44.17814988590533,43.984123764213415,50.95891924276089,78.6,20.68479823898611,20.84831809765411,7.434133404684281,36.82,9.568374762167569,9.419435941640115,1.043129792605475,16.78
2026-10-20 22:38:57,44.17814988590533,43.984123764213415,50.95891924276089,78.6,20.68479823898611,20.84831809765411,7.434133404684281,36.82,9.569336324077193,9.421042818432552,1.0433504919768055,16.785
2026-10-20 22:53:57,44.17814988590533,43.984123764213415,50.95891924276089,78.6,20.68479823898611,20.84831809765411,7.434133404684281,36.82,9.569336324077193,9.421042818432552,1.0433504919768055,16.785
2026-10-20 23:08:57,44.17814988590533,43.984123764213415,50.95891924276089,78.6,20.68479823898611,20.84831809765411,7.434133404684281,36.82,9.569336324077193,9.421042818432552,1.0433504919768055,16.785
2026-10-20 23:23:57,44.17814988590533,43.984123764213415,50.95891924276089,78.6,20.68479823898611,20.84831809765411,7.434133404684281,36.82,9.569336324077193,9.421042818432552,1.0433504919768055,16.785
2026-10-20 23:38:57,44.46470665697989,44.27006399340849,51.27360543865979,79.08,20.815790364416358,20.988219296102677,7.482726057779525,37.07,9.64315326982179,9.483854725247292,1.0510398513335508,16.9
2026-10-20 23:53:57,44.75244852040925,44.55821180360273,51.59404193401316,79.58,20.93879102073233,21.115134578909544,7.5271703156380125,37.3,9.6986056003665,9.552885277065315,1.056897424702103,17.005
2026-10-21 00:08:57,44.75244852040925,44.55821180360273,51.59404193401316,79.58,20.93879102073233,21.115134578909544,7.5271703156380125,37.3,9.6986056003665,9.552885277065315,1.056897424702103,17.005
2026-10-21 00:23:57,44.75244852040925,44.55821180360273,51.59404193401316,79.58,20.93879102073233,21.115134578909544,7.5271703156380125,37.3,9.6986056003665,9.552885277065315,1.056897424702103,17.005
2026-10-21 00:38:57,44.75244852040925,44.55821180360273,51.59404193401316,79.58,20.93879102073233,21.115134578909544,7.5271703156380125,37.3,9.6986056003665,9.552885277065315,1.056897424702103,17.005
2026-10-21 00:53:57,44.75244852040925,44.55821180360273,51.59404193401316,79.58,20.93879102073233,21.115134578909544,7.5271703156380125,37.3,9.6986056003665,9.552885277065315,1.056897424702103,17.005
2026-10-21 01:08:57,44.75244852040925,44.55821180360273,51.59404193401316,79.58,20.93879102073233,21.115134578909544,7.5271703156380125,37.3,9.6986056003665,9.552885277065315,1.056897424702103,17.005
2026-10-21 01:23:57,44.75244852040925,44.55821180360273,51.59404193401316,79.58,20.93879102073233,21.115134578909544,7.5271703156380125,37.3,9.6986056003665,9.552885277065315,1.056897424702103,17.005
2026-10-21 01:38:57,44.75244852040925,44.55821180360273,51.59404193401316,79.58,20.93879102073233,21.115134578909544,7.5271703156380125,37.3,9.6986056003665,9.552885277065315,1.056897424702103,17.005
2026-10-21 01:53:57,44.75244852040925,44.55821180360273,51.59404193401316,79.58,20.93879102073233,21.115134578909544,7.5271703156380125,37.3,9.6986056003665,9.552885277065315,1.056897424702103,17.005
2026-10-21 02:08:57,44.75244852040925,44.55821180360273,51.59404193401316,79.58,20.93879102073233,21.115134578909544,7.5271703156380125,37.3,9.6986056003665,9.552885277065315,1.056897424702103,17.005
2026-10-21 02:23:57,44.75244852040925,44.55821180360273,51.59404193401316,79.58,20.93879102073233,21.115134578909544,7.5271703156380125,37.3,9.6986056003665,9.552885277065315,1.056897424702103,17.005
2026-10-21 02:38:57,44.75244852040925,44.55821180360273,51.59404193401316,79.58,20.93879102073233,21.115134578909544,7.5271703156380125,37.3,9.6986056003665,9.552885277065315,1.056897424702103,17.005
2026-10-21 02:53:57,44.75244852040925,44.55821180360273,51.59404193401316,79.58,20.94304010185095,21.117586339718148,7.527945908432807,37.305,9.6986056003665,9.552885277065315,1.056897424702103,17.005
2026-10-21 03:08:57,44.75244852040925,44.55821180360273,51.59404193401316,79.58,20.94304010185095,21.117586339718148,7.527945908432807,37.305,9.6986056003665,9.552885277065315,1.056897424702103,17.005
2026-10-21 03:23:57,44.75244852040925,44.55821180360273,51.59404193401316,79.58,20.94304010185095,21.117586339718148,7.527945908432807,37.305,9.6986056003665,9.552885277065315,1.056897424702103,17.005
2026-10-21 03:38:57,44.85860473670756,44.66294459000599,51.705172339279684,79.76,20.966200596156302,21.14832849104175,7.536051387538089,37.35,9.71223216534899,9.561828519399565,1.0581157896993547,17.025
2026-10-21 03:53:57,44.85860473670756,44.66294459000599,51.705172339279684,79.76,20.966200596156302,21.14832849104175,7.536051387538089,37.35,9.71223216534899,9.561828519399565,1.0581157896993547,17.025
2026-10-21 04:08:57,44.85860473670756,44.66294459000599,51.705172339279684,79.76,20.966200596156302,21.14832849104175,7.536051387538089,37.35,9.715388090916507,9.563050047210783,1.058452518762209,17.03
2026-10-21 04:23:57,44.85860473670756,44.66294459000599,51.705172339279684,79.76,20.966200596156302,21.14832849104175,7.536051387538089,37.35,9.715388090916507,9.563050047210783,1.058452518762209,17.03
2026-10-21 04:38:57,44.85860473670756,44.66294459000599,51.705172339279684,79.76,20.966200596156302,21.14832849104175,7.536051387538089,37.35,9.715388090916507,9.563050047210783,1.058452518762209,17.03
2026-10-21 04:53:57,44.85860473670756,44.66294459000599,51.705172339279684,79.76,20.966200596156302,21.14832849104175,7.536051387538089,37.35,9.715388090916507,9.563050047210783,1.058452518762209,17.03
2026-10-21 05:08:57,44.85860473670756,44.66294459000599,51.705172339279684,79.76,20.966200596156302,21.14832849104175,7.536051387538089,37.35,9.715388090916507,9.563050047210783,1.058452518762209,17.03
2026-10-21 05:23:57,44.85860473670756,44.66294459000599,51.705172339279684,79.76,20.966200596156302,21.14832849104175,7.536051387538089,37.35,9.715388090916507,9.563050047210783,1.058452518762209,17.03
2026-10-21 05:38:57,44.85860473670756,44.66294459000599,51.705172339279684,79.76,20.966200596156302,21.14832849104175,7.536051387538089,37.35,9.715388090916507,9.563050047210783,1.058452518762209,17.03
2026-10-21 05:53:57,44.85860473670756,44.66294459000599,51.705172339279684,79.76,20.966200596156302,21.14832849104175,7.536051387538089,37.35,9.715388090916507,9.563050047210783,1.058452518762209,17.03
2026-10-21 06:08:57,44.85860473670756,44.66294459000599,51.705172339279684,79.76,20.966200596156302,21.14832849104175,7.536051387538089,37.35,9.715388090916507,9.563050047210783,1.058452518762209,17.03
2026-10-21 06:23:57,44.85860473670756,44.66294459000599,51.705172339279684,79.76,20.966200596156302,21.14832849104175,7.536051387538089,37.35,9.715388090916507,9.563050047210783,1.058452518762209,17.03
2026-10-21 06:38:57,44.85860473670756,44.66294459000599,51.705172339279684,79.76,20.966200596156302,21.14832849104175,7.536051387538089,37.35,9.715388090916507,9.563050047210783,1.058452518762209,17.03
2026-10-21 06:53:57,44.85860473670756,44.66294459000599,51.705172339279684,79.76,20.966200596156302,21.14832849104175,7.536051387538089,37.35,9.715388090916507,9.563050047210783,1.058452518762209,17.03
2026-10-21 07:08:57,44.85860473670756,44.66294459000599,51.705172339279684,79.76,20.966200596156302,21.14832849104175,7.536051387538089,37.35,9.715388090916507,9.563050047210783,1.058452518762209,17.03
2026-10-21 07:23:57,44.85860473670756,44.66294459000599,51.705172339279684,79.76,20.966200596156302,21.14832849104175,7.536051387538089,37.35,9.715388090916507,9.563050047210783,1.058452518762209,17.03
2026-10-21 07:38:57,44.85860473670756,44.66294459000599,51.705172339279684,79.76,20.966200596156302,21.14832849104175,7.536051387538089,37.35,9.715388090916507,9.563050047210783,1.058452518762209,17.03
2026-10-21 07:53:57,44.85860473670756,44.66294459000599,51.705172339279684,79.76,20.966200596156302,21.14832849104175,7.536051387538089,37.35,9.715388090916507,9.563050047210783,1.058452518762209,17.03
2026-10-21 08:08:57,44.86171907799176,44.66590235004107,51.70979683627887,79.765,20.966200596156302,21.14832849104175,7.536051387538089,37.35,9.715388090916507,9.563050047210783,1.058452518762209,17.03
2026-10-21 08:23:57,44.86171907799176,44.66590235004107,51.70979683627887,79.765,20.966200596156302,21.14832849104175,7.536051387538089,37.35,9.715388090916507,9.563050047210783,1.058452518762209,17.03
2026-10-21 08:38:57,44.86171907799176,44.66590235004107,51.70979683627887,79.765,20.966200596156302,21.14832849104175,7.536051387538089,37.35,9.715388090916507,9.563050047210783,1.058452518762209,17.03
2026-10-21 08:53:57,44.86171907799176,44.66590235004107,51.70979683627887,79.765,20.966200596156302,21.14832849104175,7.536051387538089,37.35,9.715388090916507,9.563050047210783,1.058452518762209,17.03
2026-10-21 09:08:57,44.86171907799176,44.66590235004107,51.70979683627887,79.765,20.966200596156302,21.14832849104175,7.536051387538089,37.35,9.715388090916507,9.563050047210783,1.058452518762209,17.03
2026-10-21 09:23:57,44.86171907799176,44.66590235004107,51.70979683627887,79.765,20.966200596156302,21.14832849104175,7.536051387538089,37.35,9.715388090916507,9.563050047210783,1.058452518762209,17.03
2026-10-21 09:38:57,44.86171907799176,44.66590235004107,51.70979683627887,79.765,20.966200596156302,21.14832849104175,7.536051387538089,37.35,9.715388090916507,9.563050047210783,1.058452518762209,17.03
2026-10-21 09:53:57,44.86171907799176,44.66590235004107,51.70979683627887,79.765,20.966200596156302,21.14832849104175,7.536051387538089,37.35,9.715388090916507,9.563050047210783,1.058452518762209,17.03
2026-10-21 10:08:57,45.20342712632617,45.012409878690676,52.107380489205234,80.39,21.15344420537194,21.339774345358794,7.597771597562766,37.67,9.774948292916001,9.622038991932747,1.0646149047939293,17.135
2026-10-21 10:23:57,45.20342712632617,45.012409878690676,52.107380489205234,80.39,21.15344420537194,21.339774345358794,7.597771597562766,37.67,9.774948292916001,9.622038991932747,1.0646149047939293,17.135
2026-10-21 10:38:57,45.20342712632617,45.012409878690676,52.107380489205234,80.39,21.15344420537194,21.339774345358794,7.597771597562766,37.67,9.774948292916001,9.622038991932747,1.0646149047939293,17.135
2026-10-21 10:53:57,45.20342712632617,45.012409878690676,52.107380489205234,80.39,21.15344420537194,21.339774345358794,7.597771597562766,37.67,9.774948292916001,9.622038991932747,1.0646149047939293,17.135
2026-10-21 11:08:57,45.207077609104715,45.015026837397194,52.11081411823951,80.395,21.15344420537194,21.339774345358794,7.597771597562766,37.67,9.774948292916001,9.622038991932747,1.0646149047939293,17.135
2026-10-21 11:23:57,45.207077609104715,45.015026837397194,52.11081411823951,80.395,21.15344420537194,21.339774345358794,7.597771597562766,37.67,9.774948292916001,9.622038991932747,1.0646149047939293,17.135
2026-10-21 11:38:57,45.207077609104715,45.015026837397194,52.11081411823951,80.395,21.15344420537194,21.339774345358794,7.597771597562766,37.67,9.774948292916001,9.622038991932747,1.0646149047939293,17.135
2026-10-21 11:53:57,45.207077609104715,45.015026837397194,52.11081411823951,80.395,21.15344420537194,21.339774345358794,7.597771597562766,37.67,9.774948292916001,9.622038991932747,1.0646149047939293,17.135
2026-10-21 12:08:57,45.294622024150726,45.10718090553688,52.20793143615775,80.56,21.180494291605186,21.361698317168212,7.607800324769772,37.72,9.78152170979473,9.628436553134387,1.0653267186261208,17.145
2026-10-21 12:23:57,45.294622024150726,45.10718090553688,52.20793143615775,80.56,21.180494291605186,21.361698317168212,7.607800324769772,37.72,9.78152170979473,9.628436553134387,1.0653267186261208,17.145
2026-10-21 12:38:57,45.294622024150726,45.10718090553688,52.20793143615775,80.56,21.180494291605186,21.361698317168212,7.607800324769772,37.72,9.78152170979473,9.628436553134387,1.0653267186261208,17.145
2026-10-21 12:53:57,45.294622024150726,45.10718090553688,52.20793143615775,80.56,21.180494291605186,21.361698317168212,7.607800324769772,37.72,9.78152170979473,9.628436553134387,1.0653267186261208,17.145
2026-10-21 13:08:57,45.294622024150726,45.10718090553688,52.20793143615775,80.56,21.180494291605186,21.361698317168212,7.607800324769772,37.72,9.78152170979473,9.628436553134387,1.0653267186261208,17.145
2026-10-21 13:23:57,45.294622024150726,45.10718090553688,52.20793143615775,80.56,21.180494291605186,21.361698317168212,7.607800324769772,37.72,9.78152170979473,9.628436553134387,1.0653267186261208,17.145
2026-10-21 13:38:57,45.294622024150726,45.10718090553688,52.20793143615775,80.56,21.180494291605186,21.361698317168212,7.607800324769772,37.72,9.78152170979473,9.628436553134387,1.0653267186261208,17.145
2026-10-21 13:53:57,45.294622024150726,45.10718090553688,52.20793143615775,80.56,21.180494291605186,21.361698317168212,7.607800324769772,37.72,9.78152170979473,9.628436553134387,1.0653267186261208,17.145
2026-10-21 14:08:57,45.294622024150726,45.10718090553688,52.20793143615775,80.56,21.180494291605186,21.361698317168212,7.607800324769772,37.72,9.78152170979473,9.628436553134387,1.0653267186261208,17.145
2026-10-21 14:23:57,45.294622024150726,45.10718090553688,52.20793143615775,80.56,21.180494291605186,21.361698317168212,7.607800324769772,37.72,9.78152170979473,9.628436553134387,1.0653267186261208,17.145
2026-10-21 14:38:57,45.30306767744184,45.11904975300477,52.22223496041917,80.58,21.18891318311638,21.373615549311385,7.611189935341472,37.735,9.78152170979473,9.628436553134387,1.0653267186261208,17.145
2026-10-21 14:53:57,45.30306767744184,45.11904975300477,52.22223496041917,80.58,21.18891318311638,21.373615549311385,7.611189935341472,37.735,9.78152170979473,9.628436553134387,1.0653267186261208,17.145
2026-10-21 15:08:57,45.30306767744184,45.11904975300477,52.22223496041917,80.58,21.18891318311638,21.373615549311385,7.611189935341472,37.735,9.78152170979473,9.628436553134387,1.0653267186261208,17.145
2026-10-21 15:23:57,45.30306767744184,45.11904975300477,52.22223496041917,80.58,21.18891318311638,21.373615549311385,7.611189935341472,37.735,9.78152170979473,9.628436553134387,1.0653267186261208,17.145
2026-10-21 15:38:57,45.30306767744184,45.11904975300477,52.22223496041917,80.58,21.18891318311638,21.373615549311385,7.611189935341472,37.735,9.78152170979473,9.628436553134387,1.0653267186261208,17.145
2026-10-21 15:53:57,45.30306767744184,45.11904975300477,52.22223496041917,80.58,21.18891318311638,21.373615549311385,7.611189935341472,37.735,9.78152170979473,9.628436553134387,1.0653267186261208,17.145
2026-10-21 16:08:57,45.30306767744184,45.11904975300477,52.22223496041917,80.58,21.18891318311638,21.373615549311385,7.611189935341472,37.735,9.78152170979473,9.628436553134387,1.0653267186261208,17.145
2026-10-21 16:23:57,45.30306767744184,45.11904975300477,52.22223496041917,80.58,21.18891318311638,21.373615549311385,7.611189935341472,37.735,9.78152170979473,9.628436553134387,1.0653267186261208,17.145
2026-10-21 16:38:57,45.33909021976684,45.15355274973279,52.25700398135511,80.635,21.201304581702477,21.384084950272122,7.615956375707108,37.755,9.786068144145375,9.63316765579867,1.0655716147901662,17.15
2026-10-21 16:53:57,45.33909021976684,45.15355274973279,52.25700398135511,80.635,21.201304581702477,21.384084950272122,7.615956375707108,37.755,9.786068144145375,9.63316765579867,1.0655716147901662,17.15
2026-10-21 17:08:57,45.33909021976684,45.15355274973279,52.25700398135511,80.635,21.201304581702477,21.384084950272122,7.615956375707108,37.755,9.786068144145375,9.63316765579867,1.0655716147901662,17.15
2026-10-21 17:23:57,45.33909021976684,45.15355274973279,52.25700398135511,80.635,21.201304581702477,21.384084950272122,7.615956375707108,37.755,9.786068144145375,9.63316765579867,1.0655716147901662,17.15
2026-10-21 17:38:57,45.33909021976684,45.15355274973279,52.25700398135511,80.635,21.201304581702477,21.384084950272122,7.615956375707108,37.755,9.786068144145375,9.63316765579867,1.0655716147901662,17.15
2026-10-21 17:53:57,45.33909021976684,45.15355274973279,52.25700398135511,80.635,21.201304581702477,21.384084950272122,7.615956375707108,37.755,9.786068144145375,9.63316765579867,1.0655716147901662,17.15
2026-10-21 18:08:57,45.33909021976684,45.15355274973279,52.25700398135511,80.635,21.201304581702477,21.384084950272122,7.615956375707108,37.755,9.786068144145375,9.63316765579867,1.0655716147901662,17.15
2026-10-21 18:23:57,45.340344942654696,45.154500705869694,52.258637373841346,80.64,21.201304581702477,21.384084950272122,7.615956375707108,37.755,9.786068144145375,9.63316765579867,1.0655716147901662,17.15
2026-10-21 18:38:57,45.4008820255682,45.21946470508826,52.34471113657066,80.76,21.220101897109828,21.4054654253184,7.625180030201177,37.795,9.814602826580979,9.66455882010165,1.0683539094398768,17.195
2026-10-21 18:53:57,45.4008820255682,45.21946470508826,52.34471113657066,80.76,21.220101897109828,21.4054654253184,7.625180030201177,37.795,9.814602826580979,9.66455882010165,1.0683539094398768,17.195
2026-10-21 19:08:57,45.4008820255682,45.21946470508826,52.34471113657066,80.76,21.220101897109828,21.4054654253184,7.625180030201177,37.795,9.814602826580979,9.66455882010165,1.0683539094398768,17.195
2026-10-21 19:23:57,45.4008820255682,45.21946470508826,52.34471113657066,80.76,21.220101897109828,21.4054654253184,7.625180030201177,37.795,9.814602826580979,9.66455882010165,1.0683539094398768,17.195
2026-10-21 19:38:57,45.4008820255682,45.21946470508826,52.34471113657066,80.76,21.220101897109828,21.4054654253184,7.625180030201177,37.795,9.814602826580979,9.66455882010165,1.0683539094398768,17.195
2026-10-21 19:53:57,45.4008820255682,45.21946470508826,52.34471113657066,80.76,21.220101897109828,21.4054654253184,7.625180030201177,37.795,9.814602826580979,9.66455882010165,1.0683539094398768,17.195
2026-10-21 20:08:57,45.44586187790475,45.27031330989487,52.38389006179166,80.84,21.250863481083655,21.45007340856409,7.63937458319553,37.865,9.82371119288361,9.681295772919556,1.0696718878804563,17.22
2026-10-21 20:23:57,45.50739056216826,45.33742383780435,52.45636651801995,80.945,21.267453667933538,21.47114019617343,7.6475198771638695,37.905,9.834996267926646,9.689581280241198,1.0707574187149895,17.24
2026-10-21 20:38:57,45.50739056216826,45.33742383780435,52.45636651801995,80.945,21.267453667933538,21.47114019617343,7.6475198771638695,37.905,9.834996267926646,9.689581280241198,1.0707574187149895,17.24
2026-10-21 20:53:57,45.50739056216826,45.33742383780435,52.45636651801995,80.945,21.267453667933538,21.47114019617343,7.6475198771638695,37.905,9.834996267926646,9.689581280241198,1.0707574187149895,17.24
2026-10-21 21:08:57,45.63148384831819,45.48077227970821,52.61268999682018,81.19,21.31967272669887,21.521008433739823,7.662913915291385,37.995,9.861224714947834,9.713430487974732,1.0742918921650073,17.29
2026-10-21 21:23:57,45.8531901376653,45.68810186732697,52.85159856187677,81.585,21.393365319713446,21.604595684755335,7.690212539040013,38.13,9.89948909771728,9.75663471501581,1.0789602205595903,17.36
2026-10-21 21:38:57,45.8531901376653,45.68810186732697,52.85159856187677,81.585,21.393365319713446,21.604595684755335,7.690212539040013,38.13,9.89948909771728,9.75663471501581,1.0789602205595903,17.36
2026-10-21 21:53:57,45.8531901376653,45.68810186732697,52.85159856187677,81.585,21.393365319713446,21.604595684755335,7.690212539040013,38.13,9.89948909771728,9.75663471501581,1.0789602205595903,17.36
2026-10-21 22:08:57,45.8531901376653,45.68810186732697,52.85159856187677,81.585,21.393365319713446,21.604595684755335,7.690212539040013,38.13,9.89948909771728,9.75663471501581,1.0789602205595903,17.36
2026-10-21 22:23:57,46.065755639455425,45.91436155921895,53.100196059871166,81.975,21.507172457611407,21.72020842789013,7.733520955185502,38.33,9.941520705275117,9.794399495681624,1.082947127291744,17.425
2026-10-21 22:38:57,46.334151254017854,46.18052999164024,53.397413296483684,82.42,21.644706833941445,21.861474358981937,7.777274585734792,38.55,9.983259933344334,9.843899944436709,1.0890999973209035,17.51
2026-10-21 22:53:57,46.639820144474086,46.47177750859682,53.734445680186965,82.965,21.732836943523765,21.962006724714136,7.811476880688882,38.725,10.01348751173488,9.874183908467574,1.0923380468886352,17.57
2026-10-21 23:08:57,46.708780865530564,46.53043287242365,53.80851776748671,83.085,21.7578152667583,21.989915461656103,7.819975018459617,38.765,10.02618001598096,9.885662064609956,1.0935552069637964,17.59
2026-10-21 23:23:57,46.710585688136845,46.535217669907155,53.812757457481176,83.09,21.7578152667583,21.989915461656103,7.819975018459617,38.765,10.02618001598096,9.885662064609956,1.0935552069637964,17.59
2026-10-21 23:38:57,46.710585688136845,46.535217669907155,53.812757457481176,83.09,21.7578152667583,21.989915461656103,7.819975018459617,38.765,10.02618001598096,9.885662064609956,1.0935552069637964,17.59
2026-10-21 23:53:57,46.710585688136845,46.535217669907155,53.812757457481176,83.09,21.7578152667583,21.989915461656103,7.819975018459617,38.765,10.02618001598096,9.885662064609956,1.0935552069637964,17.59
2026-10-22 00:08:57,46.710585688136845,46.535217669907155,53.812757457481176,83.09,21.7578152667583,21.989915461656103,7.819975018459617,38.765,10.02618001598096,9.885662064609956,1.0935552069637964,17.59
2026-10-22 00:23:57,46.715486231552376,46.536962261268336,53.815440887890524,83.095,21.7578152667583,21.989915461656103,7.819975018459617,38.765,10.02618001598096,9.885662064609956,1.0935552069637964,17.59
2026-10-22 00:38:57,46.715486231552376,46.536962261268336,53.815440887890524,83.095,21.7578152667583,21.989915461656103,7.819975018459617,38.765,10.02618001598096,9.885662064609956,1.0935552069637964,17.59
2026-10-22 00:53:57,46.715486231552376,46.536962261268336,53.815440887890524,83.095,21.7578152667583,21.989915461656103,7.819975018459617,38.765,10.02618001598096,9.885662064609956,1.0935552069637964,17.59
2026-10-22 01:08:57,46.715486231552376,46.536962261268336,53.815440887890524,83.095,21.7578152667583,21.989915461656103,7.819975018459617,38.765,10.02618001598096,9.885662064609956,1.0935552069637964,17.59
2026-10-22 01:23:57,46.715486231552376,46.536962261268336,53.815440887890524,83.095,21.7578152667583,21.989915461656103,7.819975018459617,38.765,10.02618001598096,9.885662064609956,1.0935552069637964,17.59
2026-10-22 01:38:57,46.715486231552376,46.536962261268336,53.815440887890524,83.095,21.7578152667583,21.989915461656103,7.819975018459617,38.765,10.02618001598096,9.885662064609956,1.0935552069637964,17.59
2026-10-22 01:53:57,46.717657402198554,46.53837507835198,53.81801222552161,83.1,21.7578152667583,21.989915461656103,7.819975018459617,38.765,10.02618001598096,9.885662064609956,1.0935552069637964,17.59
2026-10-22 02:08:57,46.717657402198554,46.53837507835198,53.81801222552161,83.1,21.7578152667583,21.989915461656103,7.819975018459617,38.765,10.02618001598096,9.885662064609956,1.0935552069637964,17.59
2026-10-22 02:23:57,46.717657402198554,46.53837507835198,53.81801222552161,83.1,21.7578152667583,21.989915461656103,7.819975018459617,38.765,10.02618001598096,9.885662064609956,1.0935552069637964,17.59
2026-10-22 02:38:57,46.717657402198554,46.53837507835198,53.81801222552161,83.1,21.7578152667583,21.989915461656103,7.819975018459617,38.765,10.02618001598096,9.885662064609956,1.0935552069637964,17.59
2026-10-22 02:53:57,46.717657402198554,46.53837507835198,53.81801222552161,83.1,21.7578152667583,21.989915461656103,7.819975018459617,38.765,10.02618001598096,9.885662064609956,1.0935552069637964,17.59
2026-10-22 03:08:57,46.717657402198554,46.53837507835198,53.81801222552161,83.1,21.7578152667583,21.989915461656103,7.819975018459617,38.765,10.02618001598096,9.885662064609956,1.0935552069637964,17.59
2026-10-22 03:23:57,46.717657402198554,46.53837507835198,53.81801222552161,83.1,21.7578152667583,21.989915461656103,7.819975018459617,38.765,10.02618001598096,9.885662064609956,1.0935552069637964,17.59
2026-10-22 03:38:57,46.717657402198554,46.53837507835198,53.81801222552161,83.1,21.7578152667583,21.989915461656103,7.819975018459617,38.765,10.02618001598096,9.885662064609956,1.0935552069637964,17.59
2026-10-22 03:53:57,46.717657402198554,46.53837507835198,53.81801222552161,83.1,21.7578152667583,21.989915461656103,7.819975018459617,38.765,10.02618001598096,9.885662064609956,1.0935552069637964,17.59
2026-10-22 04:08:57,46.717657402198554,46.53837507835198,53.81801222552161,83.1,21.7578152667583,21.989915461656103,7.819975018459617,38.765,10.02618001598096,9.885662064609956,1.0935552069637964,17.59
2026-10-22 04:23:57,46.717657402198554,46.53837507835198,53.81801222552161,83.1,21.7578152667583,21.989915461656103,7.819975018459617,38.765,10.02618001598096,9.885662064609956,1.0935552069637964,17.59
2026-10-22 04:38:57,46.717657402198554,46.53837507835198,53.81801222552161,83.1,21.7578152667583,21.989915461656103,7.819975018459617,38.765,10.02618001598096,9.885662064609956,1.0935552069637964,17.59
2026-10-22 04:53:57,46.717657402198554,46.53837507835198,53.81801222552161,83.1,21.7578152667583,21.989915461656103,7.819975018459617,38.765,10.02618001598096,9.885662064609956,1.0935552069637964,17.59
2026-10-22 05:08:57,46.72139143487152,46.539187523500786,53.821690223929814,83.105,21.7578152667583,21.989915461656103,7.819975018459617,38.765,10.02618001598096,9.885662064609956,1.0935552069637964,17.59
2026-10-22 05:23:57,46.72139143487152,46.539187523500786,53.821690223929814,83.105,21.7578152667583,21.989915461656103,7.819975018459617,38.765,10.02618001598096,9.885662064609956,1.0935552069637964,17.59
2026-10-22 05:38:57,46.72139143487152,46.539187523500786,53.821690223929814,83.105,21.7578152667583,21.989915461656103,7.819975018459617,38.765,10.02618001598096,9.885662064609956,1.0935552069637964,17.59
2026-10-22 05:53:57,46.72139143487152,46.539187523500786,53.821690223929814,83.105,21.7578152667583,21.989915461656103,7.819975018459617,38.765,10.02618001598096,9.885662064609956,1.0935552069637964,17.59
2026-10-22 06:08:57,46.72139143487152,46.539187523500786,53.821690223929814,83.105,21.7578152667583,21.989915461656103,7.819975018459617,38.765,10.02618001598096,9.885662064609956,1.0935552069637964,17.59
2026-10-22 06:23:57,46.72139143487152,46.539187523500786,53.821690223929814,83.105,21.7578152667583,21.989915461656103,7.819975018459617,38.765,10.02618001598096,9.885662064609956,1.0935552069637964,17.59
2026-10-22 06:38:57,46.72139143487152,46.539187523500786,53.821690223929814,83.105,21.7578152667583,21.989915461656103,7.819975018459617,38.765,10.02618001598096,9.885662064609956,1.0935552069637964,17.59
2026-10-22 06:53:57,46.72139143487152,46.539187523500786,53.821690223929814,83.105,21.7578152667583,21.989915461656103,7.819975018459617,38.765,10.02618001598096,9.885662064609956,1.0935552069637964,17.59
2026-10-22 07:08:57,46.72139143487152,46.539187523500786,53.821690223929814,83.105,21.7578152667583,21.989915461656103,7.819975018459617,38.765,10.02618001598096,9.885662064609956,1.0935552069637964,17.59
2026-10-22 07:23:57,46.72139143487152,46.539187523500786,53.821690223929814,83.105,21.7578152667583,21.989915461656103,7.819975018459617,38.765,10.02618001598096,9.885662064609956,1.0935552069637964,17.59
2026-10-22 07:38:57,46.72139143487152,46.539187523500786,53.821690223929814,83.105,21.7578152667583,21.989915461656103,7.819975018459617,38.765,10.02618001598096,9.885662064609956,1.0935552069637964,17.59
2026-10-22 07:53:57,46.72139143487152,46.539187523500786,53.821690223929814,83.105,21.7578152667583,21.989915461656103,7.819975018459617,38.765,10.02618001598096,9.885662064609956,1.0935552069637964,17.59
2026-10-22 08:08:57,46.72139143487152,46.539187523500786,53.821690223929814,83.105,21.7578152667583,21.989915461656103,7.819975018459617,38.765,10.02618001598096,9.885662064609956,1.0935552069637964,17.59
2026-10-22 08:23:57,46.72139143487152,46.539187523500786,53.821690223929814,83.105,21.7578152667583,21.989915461656103,7.819975018459617,38.765,10.02618001598096,9.885662064609956,1.0935552069637964,17.59
2026-10-22 08:38:57,46.72139143487152,46.539187523500786,53.821690223929814,83.105,21.7578152667583,21.989915461656103,7.819975018459617,38.765,10.02618001598096,9.885662064609956,1.0935552069637964,17.59
2026-10-22 08:53:57,46.72139143487152,46.539187523500786,53.821690223929814,83.105,21.76076431808847,21.994069520537856,7.821035026399509,38.77,10.02618001598096,9.885662064609956,1.0935552069637964,17.59
2026-10-22 09:08:57,46.72139143487152,46.539187523500786,53.821690223929814,83.105,21.76076431808847,21.994069520537856,7.821035026399509,38.77,10.02618001598096,9.885662064609956,1.0935552069637964,17.59
2026-10-22 09:23:57,46.72139143487152,46.539187523500786,53.821690223929814,83.105,21.76076431808847,21.994069520537856,7.821035026399509,38.77,10.02618001598096,9.885662064609956,1.0935552069637964,17.59
2026-10-22 09:38:57,46.72139143487152,46.539187523500786,53.821690223929814,83.105,21.76076431808847,21.994069520537856,7.821035026399509,38.77,10.02618001598096,9.885662064609956,1.0935552069637964,17.59
2026-10-22 09:53:57,46.86278366703873,46.6975916296225,53.986354969456684,83.365,21.827351699047096,22.059287342965437,7.8427294849059255,38.89,10.05481117307398,9.91890272760962,1.0970274495999301,17.645
2026-10-22 10:08:57,46.86278366703873,46.6975916296225,53.986354969456684,83.365,21.827351699047096,22.059287342965437,7.8427294849059255,38.89,10.05481117307398,9.91890272760962,1.0970274495999301,17.645
2026-10-22 10:23:57,46.86278366703873,46.6975916296225,53.986354969456684,83.365,21.827351699047096,22.059287342965437,7.8427294849059255,38.89,10.05481117307398,9.91890272760962,1.0970274495999301,17.645
2026-10-22 10:38:57,46.86278366703873,46.6975916296225,53.986354969456684,83.365,21.827351699047096,22.059287342965437,7.8427294849059255,38.89,10.05481117307398,9.91890272760962,1.0970274495999301,17.645
2026-10-22 10:53:57,46.86278366703873,46.6975916296225,53.986354969456684,83.365,21.827351699047096,22.059287342965437,7.8427294849059255,38.89,10.05481117307398,9.91890272760962,1.0970274495999301,17.645
2026-10-22 11:08:57,46.86278366703873,46.6975916296225,53.986354969456684,83.365,21.827351699047096,22.059287342965437,7.8427294849059255,38.89,10.05481117307398,9.91890272760962,1.0970274495999301,17.645
2026-10-22 11:23:57,46.86278366703873,46.6975916296225,53.986354969456684,83.365,21.827351699047096,22.059287342965437,7.8427294849059255,38.89,10.05481117307398,9.91890272760962,1.0970274495999301,17.645
2026-10-22 11:38:57,46.86278366703873,46.6975916296225,53.986354969456684,83.365,21.827351699047096,22.059287342965437,7.8427294849059255,38.89,10.05481117307398,9.91890272760962,1.0970274495999301,17.645
2026-10-22 11:53:57,46.86278366703873,46.6975916296225,53.986354969456684,83.365,21.827351699047096,22.059287342965437,7.8427294849059255,38.89,10.05481117307398,9.91890272760962,1.0970274495999301,17.645
2026-10-22 12:08:57,46.86278366703873,46.6975916296225,53.986354969456684,83.365,21.827351699047096,22.059287342965437,7.8427294849059255,38.89,10.05481117307398,9.91890272760962,1.0970274495999301,17.645
2026-10-22 12:23:57,46.906872368120304,46.74689983159465,54.045886158157124,83.445,21.83883636073927,22.07788107510559,7.847387801665963,38.915,10.061830931322136,9.924589986579901,1.0976346735712506,17.655
2026-10-22 12:38:57,46.94450428352483,46.79346934085796,54.09026060608051,83.515,21.850235600257395,22.090294343234053,7.85262093136234,38.935,10.071327472049118,9.927683245549282,1.0979122607079346,17.665
2026-10-22 12:53:57,46.94450428352483,46.79346934085796,54.09026060608051,83.515,21.850235600257395,22.090294343234053,7.85262093136234,38.935,10.071327472049118,9.927683245549282,1.0979122607079346,17.665
2026-10-22 13:08:57,46.94450428352483,46.79346934085796,54.09026060608051,83.515,21.850235600257395,22.090294343234053,7.85262093136234,38.935,10.071327472049118,9.927683245549282,1.0979122607079346,17.665
2026-10-22 13:23:57,46.94450428352483,46.79346934085796,54.09026060608051,83.515,21.850235600257395,22.090294343234053,7.85262093136234,38.935,10.071327472049118,9.927683245549282,1.0979122607079346,17.665
2026-10-22 13:38:57,46.99356424323945,46.84275769290004,54.14629851553067,83.595,21.86361921520926,22.101798355929365,7.858267778102878,38.96,10.08585919626476,9.942854967636139,1.1000965141229722,17.695
2026-10-22 13:53:57,47.03612002423424,46.895140087287736,54.20679882311251,83.68,21.880909667261843,22.11880956355392,7.864618389445185,38.995,10.093059496338146,9.948657996092377,1.100949751882238,17.705
2026-10-22 14:08:57,47.098410332835584,46.96185217801649,54.28326291271443,83.795,21.929236849383727,22.16196139722104,7.878786625145143,39.065,10.096315630790178,9.950714775377085,1.1013009499039128,17.71
2026-10-22 14:23:57,47.16371990196848,47.0199578362841,54.3643534692376,83.915,21.953094780096418,22.190019129927308,7.887559895540079,39.105,10.105763372914891,9.954372591475858,1.1020294061022131,17.72
2026-10-22 14:38:57,47.16371990196848,47.0199578362841,54.3643534692376,83.915,21.953094780096418,22.190019129927308,7.887559895540079,39.105,10.105763372914891,9.954372591475858,1.1020294061022131,17.72
2026-10-22 14:53:57,47.16371990196848,47.0199578362841,54.3643534692376,83.915,21.953094780096418,22.190019129927308,7.887559895540079,39.105,10.105763372914891,9.954372591475858,1.1020294061022131,17.72
2026-10-22 15:08:57,47.22687486148292,47.07921317446575,54.446073859465876,84.03,21.96506311851185,22.199109731788727,7.891749353696529,39.125,10.110942032758391,9.959775194053261,1.102501765993145,17.73
2026-10-22 15:23:57,47.289618221484766,47.152709656607634,54.52608657509793,84.15,21.989908405814376,22.21493470006193,7.8995072722416815,39.16,10.114342330932084,9.964772802518283,1.1027329379634712,17.735
2026-10-22 15:38:57,47.354087617001525,47.210791835542324,54.59883609963156,84.26,22.0109689261964,22.237139832151172,7.905995525017448,39.195,10.122756421467145,9.972129684589401,1.103142201674978,17.745
2026-10-22 15:53:57,47.41865771875899,47.26428956372753,54.66430664624655,84.365,22.024170350934547,22.25297800052551,7.911087032640101,39.225,10.130330256149971,9.979008128703098,1.1041940036896218,17.765
2026-10-22 16:08:57,47.51532791210433,47.364986515532706,54.77766836327592,84.55,22.06228750136036,22.298601254859165,7.924282862454946,39.295,10.154103976307521,9.998586676313753,1.1063787218463472,17.795
2026-10-22 16:23:57,47.56854974894682,47.43435648144652,54.85710018505162,84.67,22.07598561805884,22.311526978507562,7.931937357561161,39.33,10.164030448188019,10.00741476193679,1.1075027176838808,17.81
2026-10-22 16:38:57,47.62611952265554,47.48725750480621,54.913392318704936,84.76,22.10068338758879,22.33906993907267,7.939566447853305,39.37,10.174420748217145,10.020041198888173,1.1087327945519674,17.83
2026-10-22 16:53:57,47.70012486370827,47.557868215050895,55.00294169721735,84.895,22.127885879144685,22.36825205289277,7.94847307374658,39.415,10.181382157780144,10.028578382043037,1.1091801773627314,17.84
2026-10-22 17:08:57,47.75722093335925,47.613222410688756,55.07869134928014,85.005,22.15080594619015,22.386805948954855,7.955200698553375,39.45,10.194093338176963,10.038885775643822,1.110433454619791,17.86
2026-10-22 17:23:57,47.82681104488144,47.68352413125808,55.16015770129869,85.13,22.167510731114724,22.403638178856713,7.96058614312914,39.48,10.206793230880209,10.050119972893933,1.1114795698201734,17.875
2026-10-22 17:38:57,47.88115588785776,47.74592461167362,55.23571338924195,85.25,22.18690084316775,22.424461289313594,7.966708984877663,39.515,10.214335099503383,10.055942478705559,1.111824115646398,17.885
2026-10-22 17:53:57,47.984535391550864,47.85350532124485,55.355319466487515,85.435,22.234302955526623,22.46732622772383,7.983240636337101,39.59,10.234523136571461,10.076624684383333,1.1138482569529835,17.915
2026-10-22 18:08:57,48.029390406270544,47.894873400918385,55.41839416418446,85.525,22.253355537392384,22.49237525314464,7.990117204600658,39.625,10.23760864910895,10.081151892971697,1.1144368264621427,17.925
2026-10-22 18:23:57,48.228479944009365,48.09593213946625,55.65051361023514,85.875,22.372748582634852,22.59798262062989,8.027006097590277,39.82,10.279058670006311,10.117091000582587,1.1197275620973985,17.995
2026-10-22 18:38:57,48.52085019777173,48.38773818605798,55.98114337977714,86.37,22.512033472647975,22.743562911554562,8.07532882829368,40.055,10.314555868467687,10.152056922733678,1.1233313354939787,18.05
2026-10-22 18:53:57,48.73031890727692,48.612542093669425,56.234010038348906,86.755,22.61515716883657,22.829118780872548,8.104795350143304,40.22,10.350440508074495,10.195657870289104,1.1281441593976311,18.125
2026-10-22 19:08:57,48.912873902731505,48.78699209768181,56.452831910413835,87.085,22.71780672346928,22.94593597842772,8.147204804483849,40.42,10.387754040838248,10.232130605741446,1.1319880198275376,18.195
2026-10-22 19:23:57,49.18521165842322,49.08465146325339,56.761434105790535,87.57,22.81451783105957,23.03788916791993,8.183122795026735,40.605,10.459562067350891,10.290230439429383,1.1402029441363137,18.315
2026-10-22 19:38:57,49.371323908322786,49.289650016617664,56.97456316054505,87.92,22.889646071696138,23.118491355936207,8.210854431585632,40.74,10.484954749714769,10.309867863784536,1.1427561994707631,18.36
2026-10-22 19:53:57,49.544601105727935,49.43893447021109,57.17027378775191,88.215,22.958299898531696,23.208280053564362,8.23644280727531,40.885,10.504588395876796,10.330255018713258,1.1448435596685227,18.395
2026-10-22 20:08:57,49.75626745262866,49.634393695111,57.432979451123636,88.595,23.05205269665395,23.27409773870546,8.266940018469624,41.035,10.551654178069013,10.36629731321947,1.148548334633873,18.475
2026-10-22 20:23:57,49.99995255530384,49.871950125603746,57.70196690515392,89.035,23.179558753764308,23.40357792174067,8.313836573281133,41.275,10.603685055914923,10.413543494726262,1.1540781821645938,18.56
2026-10-22 20:38:57,50.23784774503263,50.12969545538845,57.9719323850277,89.46,23.30419174621181,23.55640901638042,8.360929778709453,41.52,10.654848735693697,10.481170027979559,1.16000333602005,18.655
2026-10-22 20:53:57,50.448039655269326,50.34365625982663,58.223248291464685,89.84,23.420397411998785,23.674724830664026,8.396432620383436,41.71,10.696364492066053,10.534050025773396,1.1667093274017701,18.745
2026-10-22 21:08:57,50.63867352334912,50.56380442253197,58.44998071478413,90.19,23.53448568013482,23.806488378984255,8.441641300234163,41.93,10.730520574344613,10.564469993876658,1.1702985387785063,18.81
2026-10-22 21:23:57,51.376978366956465,51.30849825691328,59.28513704637551,91.515,23.967748742545478,24.287507264132692,8.606608836971393,42.735,10.957451635914772,10.808660238915358,1.1970515006113642,19.23
2026-10-22 21:38:57,51.59582574788376,51.52830218719147,59.55454979570515,91.91,24.076985931076912,24.395488940194543,8.644877035191934,42.925,11.00452859839757,10.858052943241756,1.2024192623005385,19.305
2026-10-22 21:53:57,51.59582574788376,51.52830218719147,59.55454979570515,91.91,24.078860679532635,24.397768275689007,8.645866026260366,42.93,11.00452859839757,10.858052943241756,1.2024192623005385,19.305
2026-10-22 22:08:57,51.59582574788376,51.52830218719147,59.55454979570515,91.91,24.078860679532635,24.397768275689007,8.645866026260366,42.93,11.00452859839757,10.858052943241756,1.2024192623005385,19.305
2026-10-22 22:23:57,51.59582574788376,51.52830218719147,59.55454979570515,91.91,24.078860679532635,24.397768275689007,8.645866026260366,42.93,11.00452859839757,10.858052943241756,1.2024192623005385,19.305
2026-10-22 22:38:57,51.59582574788376,51.52830218719147,59.55454979570515,91.91,24.078860679532635,24.397768275689007,8.645866026260366,42.93,11.00452859839757,10.858052943241756,1.2024192623005385,19.305
2026-10-22 22:53:57,51.862699074279426,51.84048279203117,59.898098723552515,92.425,24.232321542712064,24.55012505339304,8.70391637871105,43.215,11.07255243435428,10.925629055369372,1.2105906658420988,19.43
2026-10-22 23:08:57,51.862699074279426,51.84048279203117,59.898098723552515,92.425,24.232321542712064,24.55012505339304,8.70391637871105,43.215,11.07370150363627,10.927232788638072,1.210823812199802,19.435
2026-10-22 23:23:57,51.862699074279426,51.84048279203117,59.898098723552515,92.425,24.232321542712064,24.55012505339304,8.70391637871105,43.215,11.076761677742578,10.930749849721504,1.2112933150485066,19.44
2026-10-22 23:38:57,51.862699074279426,51.84048279203117,59.898098723552515,92.425,24.232321542712064,24.55012505339304,8.70391637871105,43.215,11.076761677742578,10.930749849721504,1.2112933150485066,19.44
2026-10-22 23:53:57,51.862699074279426,51.84048279203117,59.898098723552515,92.425,24.232321542712064,24.55012505339304,8.70391637871105,43.215,11.076761677742578,10.930749849721504,1.2112933150485066,19.44
2026-10-23 00:08:57,51.862699074279426,51.84048279203117,59.898098723552515,92.425,24.232321542712064,24.55012505339304,8.70391637871105,43.215,11.076761677742578,10.930749849721504,1.2112933150485066,19.44
2026-10-23 00:23:57,51.862699074279426,51.84048279203117,59.898098723552515,92.425,24.232321542712064,24.55012505339304,8.70391637871105,43.215,11.076761677742578,10.930749849721504,1.2112933150485066,19.44
2026-10-23 00:38:57,51.8661083876274,51.843027419142885,59.90173341271939,92.43,24.232321542712064,24.55012505339304,8.70391637871105,43.215,11.080004838058281,10.935156349550933,1.211562664907613,19.445
2026-10-23 00:53:57,51.8661083876274,51.843027419142885,59.90173341271939,92.43,24.232321542712064,24.55012505339304,8.70391637871105,43.215,11.080004838058281,10.935156349550933,1.211562664907613,19.445
2026-10-23 01:08:57,51.8661083876274,51.843027419142885,59.90173341271939,92.43,24.232321542712064,24.55012505339304,8.70391637871105,43.215,11.080004838058281,10.935156349550933,1.211562664907613,19.445
2026-10-23 01:23:57,51.8661083876274,51.843027419142885,59.90173341271939,92.43,24.232321542712064,24.55012505339304,8.70391637871105,43.215,11.080004838058281,10.935156349550933,1.211562664907613,19.445
2026-10-23 01:38:57,51.8661083876274,51.843027419142885,59.90173341271939,92.43,24.232321542712064,24.55012505339304,8.70391637871105,43.215,11.080004838058281,10.935156349550933,1.211562664907613,19.445
2026-10-23 01:53:57,51.8661083876274,51.843027419142885,59.90173341271939,92.43,24.232321542712064,24.55012505339304,8.70391637871105,43.215,11.080004838058281,10.935156349550933,1.211562664907613,19.445
2026-10-23 02:08:57,51.86783330861203,51.84552694233543,59.904226843538225,92.435,24.232321542712064,24.55012505339304,8.70391637871105,43.215,11.080004838058281,10.935156349550933,1.211562664907613,19.445
2026-10-23 02:23:57,51.86783330861203,51.84552694233543,59.904226843538225,92.435,24.232321542712064,24.55012505339304,8.70391637871105,43.215,11.080004838058281,10.935156349550933,1.211562664907613,19.445
2026-10-23 02:38:57,51.86783330861203,51.84552694233543,59.904226843538225,92.435,24.232321542712064,24.55012505339304,8.70391637871105,43.215,11.080004838058281,10.935156349550933,1.211562664907613,19.445
2026-10-23 02:53:57,51.86783330861203,51.84552694233543,59.904226843538225,92.435,24.232321542712064,24.55012505339304,8.70391637871105,43.215,11.080004838058281,10.935156349550933,1.211562664907613,19.445
2026-10-23 03:08:57,51.86783330861203,51.84552694233543,59.904226843538225,92.435,24.232321542712064,24.55012505339304,8.70391637871105,43.215,11.080004838058281,10.935156349550933,1.211562664907613,19.445
2026-10-23 03:23:57,51.870051438349414,51.848440205682216,59.90756466291733,92.44,24.232321542712064,24.55012505339304,8.70391637871105,43.215,11.080004838058281,10.935156349550933,1.211562664907613,19.445
2026-10-23 03:38:57,51.870051438349414,51.848440205682216,59.90756466291733,92.44,24.232321542712064,24.55012505339304,8.70391637871105,43.215,11.080004838058281,10.935156349550933,1.211562664907613,19.445
2026-10-23 03:53:57,51.87612044622578,51.853779027176415,59.9136466474722,92.45,24.254933363047186,24.57850674213472,8.711202885122729,43.25,11.08114116670716,10.937983166728356,1.211704588026122,19.45
2026-10-23 04:08:57,51.87612044622578,51.853779027176415,59.9136466474722,92.45,24.254933363047186,24.57850674213472,8.711202885122729,43.25,11.08114116670716,10.937983166728356,1.211704588026122,19.45
2026-10-23 04:23:57,51.87612044622578,51.853779027176415,59.9136466474722,92.45,24.254933363047186,24.57850674213472,8.711202885122729,43.25,11.08114116670716,10.937983166728356,1.211704588026122,19.45
2026-10-23 04:38:57,51.87612044622578,51.853779027176415,59.9136466474722,92.45,24.254933363047186,24.57850674213472,8.711202885122729,43.25,11.08114116670716,10.937983166728356,1.211704588026122,19.45
2026-10-23 04:53:57,51.88033821000761,51.85811642472479,59.91586930392267,92.455,24.254933363047186,24.57850674213472,8.711202885122729,43.25,11.08114116670716,10.937983166728356,1.211704588026122,19.45
2026-10-23 05:08:57,51.88033821000761,51.85811642472479,59.91586930392267,92.455,24.254933363047186,24.57850674213472,8.711202885122729,43.25,11.08114116670716,10.937983166728356,1.211704588026122,19.45
2026-10-23 05:23:57,51.88033821000761,51.85811642472479,59.91586930392267,92.455,24.254933363047186,24.57850674213472,8.711202885122729,43.25,11.08114116670716,10.937983166728356,1.211704588026122,19.45
2026-10-23 05:38:57,51.88033821000761,51.85811642472479,59.91586930392267,92.455,24.254933363047186,24.57850674213472,8.711202885122729,43.25,11.08114116670716,10.937983166728356,1.211704588026122,19.45
2026-10-23 05:53:57,51.88033821000761,51.85811642472479,59.91586930392267,92.455,24.254933363047186,24.57850674213472,8.711202885122729,43.25,11.08114116670716,10.937983166728356,1.211704588026122,19.45
2026-10-23 06:08:57,51.88033821000761,51.85811642472479,59.91586930392267,92.455,24.254933363047186,24.57850674213472,8.711202885122729,43.25,11.08114116670716,10.937983166728356,1.211704588026122,19.45
2026-10-23 06:23:57,51.88495795020485,51.86144813605787,59.91929413131904,92.46,24.254933363047186,24.57850674213472,8.711202885122729,43.25,11.08114116670716,10.937983166728356,1.211704588026122,19.45
2026-10-23 06:38:57,51.88495795020485,51.86144813605787,59.91929413131904,92.46,24.254933363047186,24.57850674213472,8.711202885122729,43.25,11.08114116670716,10.937983166728356,1.211704588026122,19.45
2026-10-23 06:53:57,51.88495795020485,51.86144813605787,59.91929413131904,92.46,24.254933363047186,24.57850674213472,8.711202885122729,43.25,11.08114116670716,10.937983166728356,1.211704588026122,19.45
2026-10-23 07:08:57,51.88495795020485,51.86144813605787,59.91929413131904,92.46,24.254933363047186,24.57850674213472,8.711202885122729,43.25,11.08114116670716,10.937983166728356,1.211704588026122,19.45
2026-10-23 07:23:57,51.88495795020485,51.86144813605787,59.91929413131904,92.46,24.254933363047186,24.57850674213472,8.711202885122729,43.25,11.08114116670716,10.937983166728356,1.211704588026122,19.45
2026-10-23 07:38:57,51.88495795020485,51.86144813605787,59.91929413131904,92.46,24.254933363047186,24.57850674213472,8.711202885122729,43.25,11.08114116670716,10.937983166728356,1.211704588026122,19.45
2026-10-23 07:53:57,51.88495795020485,51.86144813605787,59.91929413131904,92.46,24.254933363047186,24.57850674213472,8.711202885122729,43.25,11.08114116670716,10.937983166728356,1.211704588026122,19.45
2026-10-23 08:08:57,51.88495795020485,51.86144813605787,59.91929413131904,92.46,24.254933363047186,24.57850674213472,8.711202885122729,43.25,11.08114116670716,10.937983166728356,1.211704588026122,19.45
2026-10-23 08:23:57,51.88495795020485,51.86144813605787,59.91929413131904,92.46,24.254933363047186,24.57850674213472,8.711202885122729,43.25,11.08114116670716,10.937983166728356,1.211704588026122,19.45
2026-10-23 08:38:57,51.88495795020485,51.86144813605787,59.91929413131904,92.46,24.254933363047186,24.57850674213472,8.711202885122729,43.25,11.08114116670716,10.937983166728356,1.211704588026122,19.45
2026-10-23 08:53:57,51.888422454019164,51.862941794725344,59.92211731763243,92.465,24.254933363047186,24.57850674213472,8.711202885122729,43.25,11.08114116670716,10.937983166728356,1.211704588026122,19.45
2026-10-23 09:08:57,51.888422454019164,51.862941794725344,59.92211731763243,92.465,24.258325022288155,24.581143497369442,8.712270953619468,43.255,11.08114116670716,10.937983166728356,1.211704588026122,19.45
2026-10-23 09:23:57,51.888422454019164,51.862941794725344,59.92211731763243,92.465,24.258325022288155,24.581143497369442,8.712270953619468,43.255,11.08114116670716,10.937983166728356,1.211704588026122,19.45
2026-10-23 09:38:57,51.888422454019164,51.862941794725344,59.92211731763243,92.465,24.258325022288155,24.581143497369442,8.712270953619468,43.255,11.08114116670716,10.937983166728356,1.211704588026122,19.45
2026-10-23 09:53:57,51.888422454019164,51.862941794725344,59.92211731763243,92.465,24.258325022288155,24.581143497369442,8.712270953619468,43.255,11.08114116670716,10.937983166728356,1.211704588026122,19.45
2026-10-23 10:08:57,51.888422454019164,51.862941794725344,59.92211731763243,92.465,24.258325022288155,24.581143497369442,8.712270953619468,43.255,11.08114116670716,10.937983166728356,1.211704588026122,19.45
2026-10-23 10:23:57,51.888422454019164,51.862941794725344,59.92211731763243,92.465,24.258325022288155,24.581143497369442,8.712270953619468,43.255,11.08114116670716,10.937983166728356,1.211704588026122,19.45
2026-10-23 10:38:57,51.888422454019164,51.862941794725344,59.92211731763243,92.465,24.258325022288155,24.581143497369442,8.712270953619468,43.255,11.08114116670716,10.937983166728356,1.211704588026122,19.45
2026-10-23 10:53:57,51.888422454019164,51.862941794725344,59.92211731763243,92.465,24.258325022288155,24.581143497369442,8.712270953619468,43.255,11.08114116670716,10.937983166728356,1.211704588026122,19.45
2026-10-23 11:08:57,51.888422454019164,51.862941794725344,59.92211731763243,92.465,24.258325022288155,24.581143497369442,8.712270953619468,43.255,11.08114116670716,10.937983166728356,1.211704588026122,19.45
2026-10-23 11:23:57,51.888422454019164,51.862941794725344,59.92211731763243,92.465,24.258325022288155,24.581143497369442,8.712270953619468,43.255,11.08114116670716,10.937983166728356,1.211704588026122,19.45
2026-10-23 11:38:57,51.888422454019164,51.862941794725344,59.92211731763243,92.465,24.258325022288155,24.581143497369442,8.712270953619468,43.255,11.08114116670716,10.937983166728356,1.211704588026122,19.45
2026-10-23 11:53:57,51.888422454019164,51.862941794725344,59.92211731763243,92.465,24.258325022288155,24.581143497369442,8.712270953619468,43.255,11.08114116670716,10.937983166728356,1.211704588026122,19.45
2026-10-23 12:08:57,51.969084687160304,51.938374337827845,60.01752388300489,92.6,24.291751311597178,24.607667938483107,8.724882903214494,43.315,11.090221980621413,10.94559647581502,1.212820128374567,19.465
2026-10-23 12:23:57,52.01672890127366,51.98829985262318,60.07739738558386,92.685,24.305370096385943,24.623014331769166,8.729133406476526,43.34,11.090221980621413,10.94559647581502,1.212820128374567,19.465
2026-10-23 12:38:57,52.01672890127366,51.98829985262318,60.07739738558386,92.685,24.305370096385943,24.623014331769166,8.729133406476526,43.34,11.090221980621413,10.94559647581502,1.212820128374567,19.465
2026-10-23 12:53:57,52.069062233369195,52.04573842365855,60.14865728048175,92.805,24.32838997614456,24.641778573320767,8.733570183436418,43.37,11.094403984277106,10.946492031993355,1.2132642941851761,19.47
2026-10-23 13:08:57,52.069062233369195,52.04573842365855,60.14865728048175,92.805,24.32838997614456,24.641778573320767,8.733570183436418,43.37,11.094403984277106,10.946492031993355,1.2132642941851761,19.47
2026-10-23 13:23:57,52.13321962053685,52.10939408072407,60.22731254671036,92.93,24.353974767361958,24.671152457541936,8.742698641376732,43.42,11.105540794337992,10.957932707042733,1.214098225004919,19.485
2026-10-23 13:38:57,52.19310693849263,52.16288092573419,60.28998317911937,93.025,24.386487385100377,24.702340836532475,8.752518992887833,43.47,11.115659474492213,10.966780757489655,1.2148611598193968,19.5
2026-10-23 13:53:57,52.23443778083363,52.21288356404482,60.35143325651468,93.115,24.40082885490211,24.717213664513817,8.756899437649416,43.495,11.119765776321358,10.97727008034323,1.2161800023567146,19.52
2026-10-23 14:08:57,52.23443778083363,52.21288356404482,60.35143325651468,93.115,24.40082885490211,24.717213664513817,8.756899437649416,43.495,11.119765776321358,10.97727008034323,1.2161800023567146,19.52
2026-10-23 14:23:57,52.23443778083363,52.21288356404482,60.35143325651468,93.115,24.40082885490211,24.717213664513817,8.756899437649416,43.495,11.119765776321358,10.97727008034323,1.2161800023567146,19.52
2026-10-23 14:38:57,52.23443778083363,52.21288356404482,60.35143325651468,93.115,24.40082885490211,24.717213664513817,8.756899437649416,43.495,11.119765776321358,10.97727008034323,1.2161800023567146,19.52
2026-10-23 14:53:57,52.23443778083363,52.21288356404482,60.35143325651468,93.115,24.40082885490211,24.717213664513817,8.756899437649416,43.495,11.119765776321358,10.97727008034323,1.2161800023567146,19.52
2026-10-23 15:08:57,52.23443778083363,52.21288356404482,60.35143325651468,93.115,24.40082885490211,24.717213664513817,8.756899437649416,43.495,11.119765776321358,10.97727008034323,1.2161800023567146,19.52
2026-10-23 15:23:57,52.29032427120401,52.27622305345385,60.40899217000094,93.21,24.412398597182055,24.72590328514787,8.762071858330277,43.52,11.122648563061414,10.979187265039387,1.2164749189538755,19.525
2026-10-23 15:38:57,52.35533704979403,52.33709471257993,60.482031245377485,93.32,24.42425900951317,24.736077327780244,8.767263593748138,43.54,11.139298080072427,10.989066505481611,1.2175763342198673,19.545
2026-10-23 15:53:57,52.39610291552758,52.37596874682663,60.53067879583007,93.395,24.45603226892083,24.7615747792342,8.777164660203107,43.59,11.139298080072427,10.989066505481611,1.2175763342198673,19.545
2026-10-23 16:08:57,52.456260100209185,52.43424236636626,60.5985052013425,93.5,24.472010750333936,24.77980412808091,8.782832044855537,43.615,11.146836232889054,10.99475165217366,1.2181857788447552,19.555
2026-10-23 16:23:57,52.55956851657475,52.52641612065663,60.712786062014786,93.675,24.488253790252507,24.79664583063394,8.789137465685158,43.64,11.152043342884419,11.002185442878273,1.2187930742532456,19.565
2026-10-23 16:38:57,52.55956851657475,52.52641612065663,60.712786062014786,93.675,24.488253790252507,24.79664583063394,8.789137465685158,43.64,11.152043342884419,11.002185442878273,1.2187930742532456,19.565
2026-10-23 16:53:57,52.573991024416166,52.53422174280483,60.72935500651936,93.7,24.496494386849474,24.80812392699274,8.793230196359312,43.66,11.154892889209327,11.005642011637336,1.2190279611461088,19.57
2026-10-23 17:08:57,52.573991024416166,52.53422174280483,60.72935500651936,93.7,24.496494386849474,24.80812392699274,8.793230196359312,43.66,11.154892889209327,11.005642011637336,1.2190279611461088,19.57
2026-10-23 17:23:57,52.573991024416166,52.53422174280483,60.72935500651936,93.7,24.496494386849474,24.80812392699274,8.793230196359312,43.66,11.154892889209327,11.005642011637336,1.2190279611461088,19.57
2026-10-23 17:38:57,52.573991024416166,52.53422174280483,60.72935500651936,93.7,24.496494386849474,24.80812392699274,8.793230196359312,43.66,11.154892889209327,11.005642011637336,1.2190279611461088,19.57
2026-10-23 17:53:57,52.62902745390776,52.59701331636157,60.801056501065496,93.815,24.510140342674912,24.81869008990733,8.797133676076914,43.685,11.159304244451016,11.00831216258642,1.2191942453422633,19.575
2026-10-23 18:08:57,52.62902745390776,52.59701331636157,60.801056501065496,93.815,24.510140342674912,24.81869008990733,8.797133676076914,43.685,11.159304244451016,11.00831216258642,1.2191942453422633,19.575
2026-10-23 18:23:57,52.62902745390776,52.59701331636157,60.801056501065496,93.815,24.510140342674912,24.81869008990733,8.797133676076914,43.685,11.159304244451016,11.00831216258642,1.2191942453422633,19.575
2026-10-23 18:38:57,52.805765517513805,52.77717789922353,61.022500819129526,94.14,24.613332316790235,24.918951679010025,8.829841470155923,43.855,11.198447711599357,11.047740781411845,1.2232551555501185,19.635
2026-10-23 18:53:57,52.90235220959266,52.87275555665828,61.14380519584207,94.315,24.638060091739586,24.94713817451483,8.841778861244746,43.91,11.216726229111872,11.063292924854085,1.224806303617814,19.665
2026-10-23 19:08:57,53.2020148902619,53.156839391914076,61.480217126251645,94.855,24.760834552153316,25.082416536991147,8.887186870713236,44.14,11.255686640144013,11.103425122234974,1.2304060578111136,19.745
2026-10-23 19:23:57,53.265519918955874,53.22296474060847,61.552603859936305,94.975,24.785943325307333,25.105040493782464,8.895228183439208,44.18,11.287927320458277,11.13036978767164,1.2328602309328864,19.79
2026-10-23 19:38:57,53.33997753235154,53.296131767559935,61.64300168033391,95.105,24.845378178260933,25.158579723704275,8.914960919777908,44.28,11.298478631920887,11.146556059698126,1.2348650768858562,19.82
2026-10-23 19:53:57,53.33997753235154,53.296131767559935,61.64300168033391,95.105,24.845378178260933,25.158579723704275,8.914960919777908,44.28,11.298478631920887,11.146556059698126,1.2348650768858562,19.82
2026-10-23 20:08:57,53.33997753235154,53.296131767559935,61.64300168033391,95.105,24.845378178260933,25.158579723704275,8.914960919777908,44.28,11.298478631920887,11.146556059698126,1.2348650768858562,19.82
2026-10-23 20:23:57,53.33997753235154,53.296131767559935,61.64300168033391,95.105,24.845378178260933,25.158579723704275,8.914960919777908,44.28,11.298478631920887,11.146556059698126,1.2348650768858562,19.82
2026-10-23 20:38:57,53.33997753235154,53.296131767559935,61.64300168033391,95.105,24.845378178260933,25.158579723704275,8.914960919777908,44.28,11.298478631920887,11.146556059698126,1.2348650768858562,19.82
2026-10-23 20:53:57,53.33997753235154,53.296131767559935,61.64300168033391,95.105,24.845378178260933,25.158579723704275,8.914960919777908,44.28,11.298478631920887,11.146556059698126,1.2348650768858562,19.82
2026-10-23 21:08:57,53.75431844382113,53.67121281371514,62.118152345246386,95.82,25.057349499842264,25.357033977732975,8.986139203022898,44.655,11.38891646054399,11.246294525031864,1.2449574243026291,19.975
2026-10-23 21:23:57,54.25195847701204,54.178044869164694,62.69796082692185,96.73,25.312642117218125,25.60156156183837,9.067920204563995,45.075,11.546635066451847,11.39884710696035,1.2618874828337179,20.25
2026-10-23 21:38:57,55.13721999660746,55.074336467146374,63.72587097264849,98.305,25.696750446540094,25.972923830177017,9.206045446896717,45.765,11.744431188748415,11.636215241838327,1.2867862432770074,20.665
2026-10-23 21:53:57,55.427783940811054,55.34192940785554,64.06933481458381,98.82,25.871003780022143,26.143896480469394,9.265958753982089,46.045,11.830391930399896,11.70933789318997,1.2954542285297537,20.8
2026-10-23 22:08:57,55.532003317608016,55.43759898944511,64.18042512951035,98.975,25.948459562471633,26.21733551422492,9.292663925593008,46.175,11.85444544898543,11.74182420196584,1.2991215884252698,20.855
2026-10-23 22:23:57,55.532003317608016,55.43759898944511,64.18042512951035,98.975,25.948459562471633,26.21733551422492,9.292663925593008,46.175,11.85444544898543,11.74182420196584,1.2991215884252698,20.855
2026-10-23 22:38:57,55.532003317608016,55.43759898944511,64.18042512951035,98.975,25.948459562471633,26.21733551422492,9.292663925593008,46.175,11.85444544898543,11.74182420196584,1.2991215884252698,20.855
2026-10-23 22:53:57,55.88752194869171,55.765377146884965,64.53970564992719,99.54,26.10318679789352,26.377867483894278,9.349231646908667,46.455,11.914803734626146,11.801800419994473,1.3056065227893574,20.955
2026-10-23 23:08:57,55.88752194869171,55.765377146884965,64.53970564992719,99.54,26.10318679789352,26.377867483894278,9.349231646908667,46.455,11.914803734626146,11.801800419994473,1.3056065227893574,20.955
2026-10-23 23:23:57,55.88752194869171,55.765377146884965,64.53970564992719,99.54,26.10318679789352,26.377867483894278,9.349231646908667,46.455,11.914803734626146,11.801800419994473,1.3056065227893574,20.955
2026-10-23 23:38:57,55.99110137742343,55.88127331113857,64.67118978837755,99.735,26.142967097700406,26.432490796605553,9.365667708742812,46.54,11.964420928081507,11.844277799737323,1.3111239636120493,21.035
2026-10-23 23:53:57,56.18696171634334,56.09419829306568,64.92733279343818,100.125,26.270887803077365,26.578114521233555,9.4166711786925,46.79,12.008777905666616,11.907432675699491,1.3166588567351716,21.13
2026-10-24 00:08:57,56.286784740503094,56.18124936247719,65.03830973313703,100.285,26.344600513039026,26.65356053665314,9.438750763654069,46.92,12.030362497261287,11.944088788618139,1.3205791975616301,21.185
2026-10-24 00:23:57,56.286784740503094,56.18124936247719,65.03830973313703,100.285,26.344600513039026,26.65356053665314,9.438750763654069,46.92,12.03322915896851,11.944953455235538,1.320865875686251,21.19
2026-10-24 00:38:57,56.41054524008302,56.297706189382744,65.16919129614575,100.49,26.39952183063756,26.706268658908062,9.455960080825118,47.015,12.061088165796379,11.967557503223402,1.3246823947606117,21.235
2026-10-24 00:53:57,56.65084469340988,56.52008397116796,65.42481144090291,100.895,26.509488266912452,26.81436298354767,9.498280996332381,47.22,12.1145458914534,12.029373158134767,1.3306841012838677,21.33
2026-10-24 01:08:57,56.76590877317806,56.6366996522484,65.55994449840782,101.085,26.572692612255477,26.8703945447652,9.521040970212447,47.335,12.131479338605917,12.046486929908852,1.3326354629030532,21.36
2026-10-24 01:23:57,56.92777836931173,56.79739766265434,65.76559410048237,101.39,26.65657264463592,26.949328630899682,9.550794677920459,47.49,12.176535666529364,12.098359959928342,1.3381530630673502,21.45
2026-10-24 01:38:57,56.98796887587517,56.86553696828947,65.83458569400601,101.505,26.689217038247794,26.987091825951012,9.564935188353664,47.555,12.196435214020097,12.117970491265634,1.3400530371695676,21.485
2026-10-24 01:53:57,57.077122154143545,56.951155640723364,65.9256045090365,101.645,26.732750553574935,27.016332120420536,9.577311653545362,47.62,12.228258369028689,12.150629938094546,1.3437188101596929,21.545
2026-10-24 02:08:57,57.130644268309034,57.01759331770634,65.99557082415328,101.75,26.7760689384214,27.065629840458055,9.593154416027861,47.7,12.246715433747479,12.16538885171688,1.3453634055461308,21.575
2026-10-24 02:23:57,57.189256467713655,57.09807353816444,66.07810373508573,101.88,26.80431961986653,27.100868834420513,9.60589506413857,47.76,12.258130054631804,12.182844739407795,1.3465691977217458,21.595
2026-10-24 02:38:57,57.27723303811893,57.19229743460445,66.18520545776855,102.05,26.854657823149964,27.155759736805887,9.62241160130403,47.85,12.265622615466569,12.190070929506703,1.3475840180198315,21.61
2026-10-24 02:53:57,57.27723303811893,57.19229743460445,66.18520545776855,102.05,26.854657823149964,27.155759736805887,9.62241160130403,47.85,12.265622615466569,12.190070929506703,1.3475840180198315,21.61
2026-10-24 03:08:57,57.27723303811893,57.19229743460445,66.18520545776855,102.05,26.854657823149964,27.155759736805887,9.62241160130403,47.85,12.265622615466569,12.190070929506703,1.3475840180198315,21.61
2026-10-24 03:23:57,57.27723303811893,57.19229743460445,66.18520545776855,102.05,26.854657823149964,27.155759736805887,9.62241160130403,47.85,12.265622615466569,12.190070929506703,1.3475840180198315,21.61
2026-10-24 03:38:57,57.27723303811893,57.19229743460445,66.18520545776855,102.05,26.854657823149964,27.155759736805887,9.62241160130403,47.85,12.265622615466569,12.190070929506703,1.3475840180198315,21.61
2026-10-24 03:53:57,57.353544760199036,57.271064171535436,66.2656467110443,102.175,26.909264411570735,27.20149028944356,9.64127761221767,47.94,12.279465049753414,12.209152170730789,1.3491403171615033,21.64
2026-10-24 04:08:57,57.42064199156296,57.32709714929599,66.33630200690845,102.285,26.942319870541695,27.230723451246412,9.652130218958531,47.995,12.30575828724342,12.225357271493229,1.3515946690551928,21.68
2026-10-24 04:23:57,57.483480327807,57.390366575607246,66.39988336955516,102.385,26.967137430603575,27.252353329726738,9.662560290531543,48.045,12.323382717743804,12.240217376610902,1.3529631627708614,21.705
2026-10-24 04:38:57,57.483480327807,57.390366575607246,66.39988336955516,102.385,26.967137430603575,27.252353329726738,9.662560290531543,48.045,12.323382717743804,12.240217376610902,1.3529631627708614,21.705
2026-10-24 04:53:57,57.483480327807,57.390366575607246,66.39988336955516,102.385,26.967137430603575,27.252353329726738,9.662560290531543,48.045,12.323382717743804,12.240217376610902,1.3529631627708614,21.705
2026-10-24 05:08:57,57.483480327807,57.390366575607246,66.39988336955516,102.385,26.967137430603575,27.252353329726738,9.662560290531543,48.045,12.323382717743804,12.240217376610902,1.3529631627708614,21.705
2026-10-24 05:23:57,57.483480327807,57.390366575607246,66.39988336955516,102.385,26.967137430603575,27.252353329726738,9.662560290531543,48.045,12.323382717743804,12.240217376610902,1.3529631627708614,21.705
2026-10-24 05:38:57,57.483480327807,57.390366575607246,66.39988336955516,102.385,26.967137430603575,27.252353329726738,9.662560290531543,48.045,12.323382717743804,12.240217376610902,1.3529631627708614,21.705
2026-10-24 05:53:57,57.483480327807,57.390366575607246,66.39988336955516,102.385,26.967137430603575,27.252353329726738,9.662560290531543,48.045,12.323382717743804,12.240217376610902,1.3529631627708614,21.705
2026-10-24 06:08:57,57.483480327807,57.390366575607246,66.39988336955516,102.385,26.967137430603575,27.252353329726738,9.662560290531543,48.045,12.323382717743804,12.240217376610902,1.3529631627708614,21.705
2026-10-24 06:23:57,57.483480327807,57.390366575607246,66.39988336955516,102.385,26.967137430603575,27.252353329726738,9.662560290531543,48.045,12.323382717743804,12.240217376610902,1.3529631627708614,21.705
2026-10-24 06:38:57,57.48665006826608,57.39232518575437,66.40237883909754,102.39,26.97209559062493,27.253649595582818,9.6637289147218,48.05,12.323382717743804,12.240217376610902,1.3529631627708614,21.705
2026-10-24 06:53:57,57.48665006826608,57.39232518575437,66.40237883909754,102.39,26.97209559062493,27.253649595582818,9.6637289147218,48.05,12.323382717743804,12.240217376610902,1.3529631627708614,21.705
2026-10-24 07:08:57,57.48665006826608,57.39232518575437,66.40237883909754,102.39,26.97209559062493,27.253649595582818,9.6637289147218,48.05,12.323382717743804,12.240217376610902,1.3529631627708614,21.705
2026-10-24 07:23:57,57.48665006826608,57.39232518575437,66.40237883909754,102.39,26.97209559062493,27.253649595582818,9.6637289147218,48.05,12.323382717743804,12.240217376610902,1.3529631627708614,21.705
2026-10-24 07:38:57,57.48665006826608,57.39232518575437,66.40237883909754,102.39,26.97209559062493,27.253649595582818,9.6637289147218,48.05,12.323382717743804,12.240217376610902,1.3529631627708614,21.705
2026-10-24 07:53:57,57.48665006826608,57.39232518575437,66.40237883909754,102.39,26.97209559062493,27.253649595582818,9.6637289147218,48.05,12.323382717743804,12.240217376610902,1.3529631627708614,21.705
2026-10-24 08:08:57,57.48665006826608,57.39232518575437,66.40237883909754,102.39,26.97209559062493,27.253649595582818,9.6637289147218,48.05,12.327897254357712,12.243798285999038,1.3533698446219076,21.71
2026-10-24 08:23:57,57.48665006826608,57.39232518575437,66.40237883909754,102.39,26.97209559062493,27.253649595582818,9.6637289147218,48.05,12.327897254357712,12.243798285999038,1.3533698446219076,21.71
2026-10-24 08:38:57,57.48885068113316,57.39530472548964,66.40452800687886,102.395,26.97209559062493,27.253649595582818,9.6637289147218,48.05,12.327897254357712,12.243798285999038,1.3533698446219076,21.71
2026-10-24 08:53:57,57.48885068113316,57.39530472548964,66.40452800687886,102.395,26.97209559062493,27.253649595582818,9.6637289147218,48.05,12.327897254357712,12.243798285999038,1.3533698446219076,21.71
2026-10-24 09:08:57,57.48885068113316,57.39530472548964,66.40452800687886,102.395,26.97209559062493,27.253649595582818,9.6637289147218,48.05,12.327897254357712,12.243798285999038,1.3533698446219076,21.71
2026-10-24 09:23:57,57.48885068113316,57.39530472548964,66.40452800687886,102.395,26.97209559062493,27.253649595582818,9.6637289147218,48.05,12.327897254357712,12.243798285999038,1.3533698446219076,21.71
2026-10-24 09:38:57,57.48885068113316,57.39530472548964,66.40452800687886,102.395,26.97209559062493,27.253649595582818,9.6637289147218,48.05,12.327897254357712,12.243798285999038,1.3533698446219076,21.71
2026-10-24 09:53:57,57.491666168659975,57.39744461107321,66.40840290864851,102.4,26.97209559062493,27.253649595582818,9.6637289147218,48.05,12.327897254357712,12.243798285999038,1.3533698446219076,21.71
2026-10-24 10:08:57,57.491666168659975,57.39744461107321,66.40840290864851,102.4,26.97209559062493,27.253649595582818,9.6637289147218,48.05,12.327897254357712,12.243798285999038,1.3533698446219076,21.71
2026-10-24 10:23:57,57.491666168659975,57.39744461107321,66.40840290864851,102.4,26.97209559062493,27.253649595582818,9.6637289147218,48.05,12.327897254357712,12.243798285999038,1.3533698446219076,21.71
2026-10-24 10:38:57,57.491666168659975,57.39744461107321,66.40840290864851,102.4,26.97209559062493,27.253649595582818,9.6637289147218,48.05,12.327897254357712,12.243798285999038,1.3533698446219076,21.71
2026-10-24 10:53:57,57.491666168659975,57.39744461107321,66.40840290864851,102.4,26.97209559062493,27.253649595582818,9.6637289147218,48.05,12.327897254357712,12.243798285999038,1.3533698446219076,21.71
2026-10-24 11:08:57,57.491666168659975,57.39744461107321,66.40840290864851,102.4,26.97209559062493,27.253649595582818,9.6637289147218,48.05,12.327897254357712,12.243798285999038,1.3533698446219076,21.71
2026-10-24 11:23:57,57.491666168659975,57.39744461107321,66.40840290864851,102.4,26.97209559062493,27.253649595582818,9.6637289147218,48.05,12.327897254357712,12.243798285999038,1.3533698446219076,21.71
2026-10-24 11:38:57,57.49266737140114,57.3999825402181,66.41001543895322,102.405,26.97209559062493,27.253649595582818,9.6637289147218,48.05,12.327897254357712,12.243798285999038,1.3533698446219076,21.71
2026-10-24 11:53:57,57.49266737140114,57.3999825402181,66.41001543895322,102.405,26.97209559062493,27.253649595582818,9.6637289147218,48.05,12.327897254357712,12.243798285999038,1.3533698446219076,21.71
2026-10-24 12:08:57,57.763285864171465,57.642312033882796,66.68731375571035,102.84,27.037972597733777,27.328578153646173,9.688144353099876,48.17,12.377917548276493,12.288154690139503,1.3586451892605722,21.795
2026-10-24 12:23:57,57.83115108817995,57.69555451681755,66.76269109568071,102.95,27.056420414489693,27.344534997603805,9.69391238053507,48.2,12.382717808156915,12.296728785779994,1.3591281386622265,21.805
2026-10-24 12:38:57,57.83115108817995,57.69555451681755,66.76269109568071,102.95,27.056420414489693,27.344534997603805,9.69391238053507,48.2,12.382717808156915,12.296728785779994,1.3591281386622265,21.805
2026-10-24 12:53:57,57.83115108817995,57.69555451681755,66.76269109568071,102.95,27.056420414489693,27.344534997603805,9.69391238053507,48.2,12.382717808156915,12.296728785779994,1.3591281386622265,21.805
2026-10-24 13:08:57,57.89243007168209,57.758870832856786,66.82297462812475,103.05,27.08862198326368,27.36219790404128,9.703133482721537,48.24,12.386497715796175,12.303697525068905,1.3598801319432172,21.815
2026-10-24 13:23:57,57.9229254868282,57.80214756125362,66.87759984599462,103.13,27.109276421642868,27.38522879479985,9.708779586836211,48.275,12.388377609960404,12.30580873836319,1.3603413614286886,21.82
2026-10-24 13:38:57,57.95202278560303,57.83866466508929,66.91731604055893,103.195,27.156818849130023,27.443114513422532,9.72332646167363,48.35,12.394027103999575,12.314779161882235,1.3608551166386262,21.83
2026-10-24 13:53:57,57.9570158634404,57.842570305177,66.91915462637407,103.2,27.156818849130023,27.443114513422532,9.72332646167363,48.35,12.394027103999575,12.314779161882235,1.3608551166386262,21.83
2026-10-24 14:08:57,57.99613507411996,57.881599177004915,66.9633839664066,103.265,27.177042275027638,27.459024301037882,9.730562129830787,48.39,12.403224810422044,12.321724694254396,1.3618400266290343,21.845
2026-10-24 14:23:57,58.05653413762612,57.93699778279944,67.03423347851776,103.37,27.215023494738855,27.503654990479355,9.744929738627954,48.46,12.414376135178243,12.33240282893983,1.3638371008645649,21.87
2026-10-24 14:38:57,58.05653413762612,57.93699778279944,67.03423347851776,103.37,27.215023494738855,27.503654990479355,9.744929738627954,48.46,12.414376135178243,12.33240282893983,1.3638371008645649,21.87
2026-10-24 14:53:57,58.05653413762612,57.93699778279944,67.03423347851776,103.37,27.215023494738855,27.503654990479355,9.744929738627954,48.46,12.414376135178243,12.33240282893983,1.3638371008645649,21.87
2026-10-24 15:08:57,58.11362990274701,57.99834255306027,67.10247548653707,103.48,27.22578742342494,27.51428794568133,9.748270630351332,48.48,12.43172882940577,12.344525542244458,1.3649152057625866,21.89
2026-10-24 15:23:57,58.15963682771351,58.0504988155473,67.16305269988183,103.575,27.255212501593224,27.553933359905685,9.760629048893188,48.545,12.437998066867529,12.349392902570582,1.3654604277736035,21.9
2026-10-24 15:38:57,58.23354992696162,58.12774233961096,67.26246794238303,103.71,27.27417457195014,27.57010995663357,9.768513722687153,48.58,12.453506471396212,12.364372876408,1.3668382865208932,21.92
2026-10-24 15:53:57,58.24732205790669,58.14508489638996,67.28208702135613,103.735,27.28610681012261,27.57848941346061,9.772978678677577,48.6,12.453506471396212,12.364372876408,1.3668382865208932,21.92
2026-10-24 16:08:57,58.24732205790669,58.14508489638996,67.28208702135613,103.735,27.28610681012261,27.57848941346061,9.772978678677577,48.6,12.453506471396212,12.364372876408,1.3668382865208932,21.92
2026-10-24 16:23:57,58.27143929703609,58.171764483223846,67.31268952443858,103.785,27.292917392261987,27.584660025870367,9.775122330467015,48.61,12.453506471396212,12.364372876408,1.3668382865208932,21.92
2026-10-24 16:38:57,58.336757356114916,58.228859645276444,67.38566008200615,103.89,27.31340633024856,27.61788249129692,9.783616768200107,48.655,12.45587771675881,12.366810488345864,1.3671373141969043,21.925
2026-10-24 16:53:57,58.41223434601725,58.30463333969625,67.46911072983235,104.02,27.330659165695202,27.631145191446024,9.789356309543075,48.685,12.464893137980177,12.378908282275635,1.3681147091691261,21.94
2026-10-24 17:08:57,58.41223434601725,58.30463333969625,67.46911072983235,104.02,27.330659165695202,27.631145191446024,9.789356309543075,48.685,12.464893137980177,12.378908282275635,1.3681147091691261,21.94
2026-10-24 17:23:57,58.41223434601725,58.30463333969625,67.46911072983235,104.02,27.330659165695202,27.631145191446024,9.789356309543075,48.685,12.464893137980177,12.378908282275635,1.3681147091691261,21.94
2026-10-24 17:38:57,58.41223434601725,58.30463333969625,67.46911072983235,104.02,27.330659165695202,27.631145191446024,9.789356309543075,48.685,12.464893137980177,12.378908282275635,1.3681147091691261,21.94
2026-10-24 17:53:57,58.43578572310337,58.328296864322624,67.49589021769016,104.06,27.333082120073772,27.6361509410489,9.79160546084459,48.695,12.467219684406139,12.381311961928496,1.3682866237235207,21.945
2026-10-24 18:08:57,58.43578572310337,58.328296864322624,67.49589021769016,104.06,27.333082120073772,27.6361509410489,9.79160546084459,48.695,12.467219684406139,12.381311961928496,1.3682866237235207,21.945
2026-10-24 18:23:57,58.43730495045873,58.3307465131145,67.49766566662166,104.065,27.333082120073772,27.6361509410489,9.79160546084459,48.695,12.467219684406139,12.381311961928496,1.3682866237235207,21.945
2026-10-24 18:38:57,58.43730495045873,58.3307465131145,67.49766566662166,104.065,27.333082120073772,27.6361509410489,9.79160546084459,48.695,12.467219684406139,12.381311961928496,1.3682866237235207,21.945
2026-10-24 18:53:57,58.43730495045873,58.3307465131145,67.49766566662166,104.065,27.333082120073772,27.6361509410489,9.79160546084459,48.695,12.467219684406139,12.381311961928496,1.3682866237235207,21.945
2026-10-24 19:08:57,58.64748943676096,58.5339272771691,67.75328262305348,104.445,27.39771216982715,27.702647292251665,9.816462790374802,48.825,12.506072027148424,12.423515645766269,1.3729589530071769,22.01
2026-10-24 19:23:57,58.89720018564269,58.75711597554931,68.02887000496752,104.855,27.493867878319936,27.79573111169237,9.847143583184193,48.99,12.534120005955955,12.448265207345866,1.3754828341953798,22.055
2026-10-24 19:38:57,59.15784610253633,58.972184212298686,68.29410257393346,105.255,27.581342564045002,27.87319744364514,9.87348476873561,49.135,12.559707499835024,12.478311744077303,1.3784300907924092,22.105
2026-10-24 19:53:57,59.15784610253633,58.972184212298686,68.29410257393346,105.255,27.581342564045002,27.87319744364514,9.87348476873561,49.135,12.559707499835024,12.478311744077303,1.3784300907924092,22.105
2026-10-24 20:08:57,59.15784610253633,58.972184212298686,68.29410257393346,105.255,27.581342564045002,27.87319744364514,9.87348476873561,49.135,12.559707499835024,12.478311744077303,1.3784300907924092,22.105
2026-10-24 20:23:57,59.16062819937153,58.974837423840576,68.29645782927565,105.26,27.581342564045002,27.87319744364514,9.87348476873561,49.135,12.559707499835024,12.478311744077303,1.3784300907924092,22.105
2026-10-24 20:38:57,59.16403059716595,58.9787513152738,68.3013514822586,105.265,27.581342564045002,27.87319744364514,9.87348476873561,49.135,12.559707499835024,12.478311744077303,1.3784300907924092,22.105
2026-10-24 20:53:57,59.16403059716595,58.9787513152738,68.3013514822586,105.265,27.581342564045002,27.87319744364514,9.87348476873561,49.135,12.559707499835024,12.478311744077303,1.3784300907924092,22.105
2026-10-24 21:08:57,59.16403059716595,58.9787513152738,68.3013514822586,105.265,27.581342564045002,27.87319744364514,9.87348476873561,49.135,12.559707499835024,12.478311744077303,1.3784300907924092,22.105
2026-10-24 21:23:57,59.361307718417095,59.19235543238942,68.51435660517188,105.595,27.663194445518066,27.95098345623882,9.899951761567438,49.27,12.594106061124219,12.502904890332642,1.3822284230454038,22.16
2026-10-24 21:38:57,59.68107319900726,59.478828691658116,68.85801485055114,106.13,27.816919591130954,28.11235991220626,9.955573689275425,49.545,12.659204824020645,12.568918389768314,1.3893784351651255,22.27
2026-10-24 21:53:57,60.00733547961299,59.81559566178457,69.22846088961896,106.705,28.00565851711889,28.292876363258546,10.020055658587928,49.885,12.720451884217386,12.64397427900806,1.3969514148408737,22.385
2026-10-24 22:08:57,60.301383034564076,60.1012588337958,69.56847392596686,107.22,28.156537101730063,28.423066347149284,10.073476506979368,50.145,12.809899119289664,12.738878102756063,1.4071227493831029,22.55
2026-10-24 22:23:57,60.301383034564076,60.1012588337958,69.56847392596686,107.22,28.156537101730063,28.423066347149284,10.073476506979368,50.145,12.809899119289664,12.738878102756063,1.4071227493831029,22.55
2026-10-24 22:38:57,60.301383034564076,60.1012588337958,69.56847392596686,107.22,28.156537101730063,28.423066347149284,10.073476506979368,50.145,12.809899119289664,12.738878102756063,1.4071227493831029,22.55
2026-10-24 22:53:57,60.301383034564076,60.1012588337958,69.56847392596686,107.22,28.156537101730063,28.423066347149284,10.073476506979368,50.145,12.809899119289664,12.738878102756063,1.4071227493831029,22.55
2026-10-24 23:08:57,60.301383034564076,60.1012588337958,69.56847392596686,107.22,28.157164050143642,28.423855001446913,10.074011296272618,50.15,12.809899119289664,12.738878102756063,1.4071227493831029,22.55
2026-10-24 23:23:57,60.301383034564076,60.1012588337958,69.56847392596686,107.22,28.157164050143642,28.423855001446913,10.074011296272618,50.15,12.809899119289664,12.738878102756063,1.4071227493831029,22.55
2026-10-24 23:38:57,60.301383034564076,60.1012588337958,69.56847392596686,107.22,28.157164050143642,28.423855001446913,10.074011296272618,50.15,12.809899119289664,12.738878102756063,1.4071227493831029,22.55
2026-10-24 23:53:57,60.301383034564076,60.1012588337958,69.56847392596686,107.22,28.157164050143642,28.423855001446913,10.074011296272618,50.15,12.809899119289664,12.738878102756063,1.4071227493831029,22.55
2026-10-25 00:08:57,60.301383034564076,60.1012588337958,69.56847392596686,107.22,28.157164050143642,28.423855001446913,10.074011296272618,50.15,12.809899119289664,12.738878102756063,1.4071227493831029,22.55
2026-10-25 00:23:57,60.301383034564076,60.1012588337958,69.56847392596686,107.22,28.157164050143642,28.423855001446913,10.074011296272618,50.15,12.809899119289664,12.738878102756063,1.4071227493831029,22.55
2026-10-25 00:38:57,60.301383034564076,60.1012588337958,69.56847392596686,107.22,28.157164050143642,28.423855001446913,10.074011296272618,50.15,12.809899119289664,12.738878102756063,1.4071227493831029,22.55
2026-10-25 00:53:57,60.301383034564076,60.1012588337958,69.56847392596686,107.22,28.157164050143642,28.423855001446913,10.074011296272618,50.15,12.809899119289664,12.738878102756063,1.4071227493831029,22.55
2026-10-25 01:08:57,60.301383034564076,60.1012588337958,69.56847392596686,107.22,28.157164050143642,28.423855001446913,10.074011296272618,50.15,12.809899119289664,12.738878102756063,1.4071227493831029,22.55
2026-10-25 01:23:57,60.350051337739984,60.150223122476575,69.6307733922508,107.32,28.19149562434481,28.46817645231147,10.08857468920502,50.225,12.841154628171806,12.76761357593694,1.410154109522492,22.6
2026-10-25 01:38:57,60.431824869840995,60.22133230189375,69.70900166586698,107.455,28.222679608543018,28.49545078820492,10.097101589266364,50.27,12.872017361820722,12.789298424245487,1.4133242977476574,22.65
2026-10-25 01:53:57,60.431824869840995,60.22133230189375,69.70900166586698,107.455,28.222679608543018,28.49545078820492,10.097101589266364,50.27,12.872017361820722,12.789298424245487,1.4133242977476574,22.65
2026-10-25 02:08:57,60.431824869840995,60.22133230189375,69.70900166586698,107.455,28.222679608543018,28.49545078820492,10.097101589266364,50.27,12.872017361820722,12.789298424245487,1.4133242977476574,22.65
2026-10-25 02:23:57,60.431824869840995,60.22133230189375,69.70900166586698,107.455,28.222679608543018,28.49545078820492,10.097101589266364,50.27,12.872017361820722,12.789298424245487,1.4133242977476574,22.65
2026-10-25 02:38:57,60.436791232466064,60.223911649865094,69.71360086897765,107.46,28.222679608543018,28.49545078820492,10.097101589266364,50.27,12.872017361820722,12.789298424245487,1.4133242977476574,22.65
2026-10-25 02:53:57,60.436791232466064,60.223911649865094,69.71360086897765,107.46,28.222679608543018,28.49545078820492,10.097101589266364,50.27,12.872017361820722,12.789298424245487,1.4133242977476574,22.65
2026-10-25 03:08:57,60.436791232466064,60.223911649865094,69.71360086897765,107.46,28.222679608543018,28.49545078820492,10.097101589266364,50.27,12.872017361820722,12.789298424245487,1.4133242977476574,22.65
2026-10-25 03:23:57,60.45774179835071,60.248290837371904,69.7445862182714,107.51,28.25799010279655,28.525860868564997,10.106838427671814,50.32,12.878124803359288,12.793077873288304,1.4136447351312094,22.66
2026-10-25 03:38:57,60.46014962377128,60.24976105293476,69.74610557077568,107.515,28.25799010279655,28.525860868564997,10.106838427671814,50.32,12.878124803359288,12.793077873288304,1.4136447351312094,22.66
2026-10-25 03:53:57,60.46014962377128,60.24976105293476,69.74610557077568,107.515,28.258986885829202,28.52739328702903,10.107461370749405,50.325,12.878124803359288,12.793077873288304,1.4136447351312094,22.66
2026-10-25 04:08:57,60.46014962377128,60.24976105293476,69.74610557077568,107.515,28.258986885829202,28.52739328702903,10.107461370749405,50.325,12.878124803359288,12.793077873288304,1.4136447351312094,22.66
2026-10-25 04:23:57,60.52899542361721,60.31570500192936,69.8307073531829,107.64,28.28819866587705,28.55351018739199,10.118346385797382,50.38,12.891676392306872,12.805188650052791,1.4149774236039754,22.685
2026-10-25 04:38:57,60.52899542361721,60.31570500192936,69.8307073531829,107.64,28.29315674347112,28.556028753070557,10.119376546575277,50.385,12.891676392306872,12.805188650052791,1.4149774236039754,22.685
2026-10-25 04:53:57,60.53381235406256,60.317801401195645,69.83444841250362,107.645,28.29315674347112,28.556028753070557,10.119376546575277,50.385,12.891676392306872,12.805188650052791,1.4149774236039754,22.685
2026-10-25 05:08:57,60.53381235406256,60.317801401195645,69.83444841250362,107.645,28.29315674347112,28.556028753070557,10.119376546575277,50.385,12.891676392306872,12.805188650052791,1.4149774236039754,22.685
2026-10-25 05:23:57,60.53381235406256,60.317801401195645,69.83444841250362,107.645,28.29699238900826,28.56046658730902,10.120546737025812,50.39,12.891676392306872,12.805188650052791,1.4149774236039754,22.685
2026-10-25 05:38:57,60.5933012832256,60.37533102128203,69.9044238042199,107.75,28.323439740833763,28.583824404052937,10.131225657744608,50.44,12.902227759069529,12.813135783500346,1.4163582362999836,22.705
2026-10-25 05:53:57,60.5933012832256,60.37533102128203,69.9044238042199,107.75,28.323439740833763,28.583824404052937,10.131225657744608,50.44,12.902227759069529,12.813135783500346,1.4163582362999836,22.705
2026-10-25 06:08:57,60.5933012832256,60.37533102128203,69.9044238042199,107.75,28.323439740833763,28.583824404052937,10.131225657744608,50.44,12.902227759069529,12.813135783500346,1.4163582362999836,22.705
2026-10-25 06:23:57,60.5933012832256,60.37533102128203,69.9044238042199,107.75,28.323439740833763,28.583824404052937,10.131225657744608,50.44,12.902227759069529,12.813135783500346,1.4163582362999836,22.705
2026-10-25 06:38:57,60.5933012832256,60.37533102128203,69.9044238042199,107.75,28.323439740833763,28.583824404052937,10.131225657744608,50.44,12.902227759069529,12.813135783500346,1.4163582362999836,22.705
2026-10-25 06:53:57,60.5933012832256,60.37533102128203,69.9044238042199,107.75,28.323439740833763,28.583824404052937,10.131225657744608,50.44,12.902227759069529,12.813135783500346,1.4163582362999836,22.705
2026-10-25 07:08:57,60.5933012832256,60.37533102128203,69.9044238042199,107.75,28.323439740833763,28.583824404052937,10.131225657744608,50.44,12.902227759069529,12.813135783500346,1.4163582362999836,22.705
2026-10-25 07:23:57,60.594700794617154,60.379096663020796,69.90880352361089,107.755,28.323439740833763,28.583824404052937,10.131225657744608,50.44,12.902227759069529,12.813135783500346,1.4163582362999836,22.705
2026-10-25 07:38:57,60.594700794617154,60.379096663020796,69.90880352361089,107.755,28.323439740833763,28.583824404052937,10.131225657744608,50.44,12.902227759069529,12.813135783500346,1.4163582362999836,22.705
2026-10-25 07:53:57,60.594700794617154,60.379096663020796,69.90880352361089,107.755,28.323439740833763,28.583824404052937,10.131225657744608,50.44,12.902227759069529,12.813135783500346,1.4163582362999836,22.705
2026-10-25 08:08:57,60.594700794617154,60.379096663020796,69.90880352361089,107.755,28.323439740833763,28.583824404052937,10.131225657744608,50.44,12.902227759069529,12.813135783500346,1.4163582362999836,22.705
2026-10-25 08:23:57,60.594700794617154,60.379096663020796,69.90880352361089,107.755,28.323439740833763,28.583824404052937,10.131225657744608,50.44,12.902227759069529,12.813135783500346,1.4163582362999836,22.705
2026-10-25 08:38:57,60.594700794617154,60.379096663020796,69.90880352361089,107.755,28.323439740833763,28.583824404052937,10.131225657744608,50.44,12.902227759069529,12.813135783500346,1.4163582362999836,22.705
2026-10-25 08:53:57,60.594700794617154,60.379096663020796,69.90880352361089,107.755,28.323439740833763,28.583824404052937,10.131225657744608,50.44,12.902227759069529,12.813135783500346,1.4163582362999836,22.705
2026-10-25 09:08:57,60.594700794617154,60.379096663020796,69.90880352361089,107.755,28.323439740833763,28.583824404052937,10.131225657744608,50.44,12.902227759069529,12.813135783500346,1.4163582362999836,22.705
2026-10-25 09:23:57,60.594700794617154,60.379096663020796,69.90880352361089,107.755,28.323439740833763,28.583824404052937,10.131225657744608,50.44,12.902227759069529,12.813135783500346,1.4163582362999836,22.705
2026-10-25 09:38:57,60.594700794617154,60.379096663020796,69.90880352361089,107.755,28.323439740833763,28.583824404052937,10.131225657744608,50.44,12.902227759069529,12.813135783500346,1.4163582362999836,22.705
2026-10-25 09:53:57,60.594700794617154,60.379096663020796,69.90880352361089,107.755,28.323439740833763,28.583824404052937,10.131225657744608,50.44,12.902227759069529,12.813135783500346,1.4163582362999836,22.705
2026-10-25 10:08:57,60.594700794617154,60.379096663020796,69.90880352361089,107.755,28.323439740833763,28.583824404052937,10.131225657744608,50.44,12.902227759069529,12.813135783500346,1.4163582362999836,22.705
2026-10-25 10:23:57,60.594700794617154,60.379096663020796,69.90880352361089,107.755,28.323439740833763,28.583824404052937,10.131225657744608,50.44,12.902227759069529,12.813135783500346,1.4163582362999836,22.705
2026-10-25 10:38:57,60.594700794617154,60.379096663020796,69.90880352361089,107.755,28.323439740833763,28.583824404052937,10.131225657744608,50.44,12.902227759069529,12.813135783500346,1.4163582362999836,22.705
2026-10-25 10:53:57,60.594700794617154,60.379096663020796,69.90880352361089,107.755,28.323439740833763,28.583824404052937,10.131225657744608,50.44,12.902227759069529,12.813135783500346,1.4163582362999836,22.705
2026-10-25 11:08:57,60.594700794617154,60.379096663020796,69.90880352361089,107.755,28.323439740833763,28.583824404052937,10.131225657744608,50.44,12.902227759069529,12.813135783500346,1.4163582362999836,22.705
2026-10-25 11:23:57,60.594700794617154,60.379096663020796,69.90880352361089,107.755,28.323439740833763,28.583824404052937,10.131225657744608,50.44,12.902227759069529,12.813135783500346,1.4163582362999836,22.705
2026-10-25 11:38:57,60.594700794617154,60.379096663020796,69.90880352361089,107.755,28.323439740833763,28.583824404052937,10.131225657744608,50.44,12.902227759069529,12.813135783500346,1.4163582362999836,22.705
2026-10-25 11:53:57,60.594700794617154,60.379096663020796,69.90880352361089,107.755,28.323439740833763,28.583824404052937,10.131225657744608,50.44,12.902227759069529,12.813135783500346,1.4163582362999836,22.705
2026-10-25 12:08:57,60.71916098290193,60.502343369511124,70.0631177741989,107.98,28.356283196382616,28.61859878683969,10.143376019363728,50.5,12.920381386440253,12.8339178968414,1.4186894686826652,22.74
2026-10-25 12:23:57,60.75803407092847,60.53622370780945,70.10867535137089,108.055,28.370520214094288,28.633527235028804,10.148797297535383,50.525,12.923689793582442,12.839481654978146,1.4191044774016515,22.75
2026-10-25 12:38:57,60.75803407092847,60.53622370780945,70.10867535137089,108.055,28.370520214094288,28.633527235028804,10.148797297535383,50.525,12.923689793582442,12.839481654978146,1.4191044774016515,22.75
2026-10-25 12:53:57,60.75803407092847,60.53622370780945,70.10867535137089,108.055,28.370520214094288,28.633527235028804,10.148797297535383,50.525,12.923689793582442,12.839481654978146,1.4191044774016515,22.75
2026-10-25 13:08:57,60.75803407092847,60.53622370780945,70.10867535137089,108.055,28.370520214094288,28.633527235028804,10.148797297535383,50.525,12.923689793582442,12.839481654978146,1.4191044774016515,22.75
2026-10-25 13:23:57,60.75803407092847,60.53622370780945,70.10867535137089,108.055,28.370520214094288,28.633527235028804,10.148797297535383,50.525,12.923689793582442,12.839481654978146,1.4191044774016515,22.75
2026-10-25 13:38:57,60.75803407092847,60.53622370780945,70.10867535137089,108.055,28.370520214094288,28.633527235028804,10.148797297535383,50.525,12.923689793582442,12.839481654978146,1.4191044774016515,22.75
2026-10-25 13:53:57,60.75803407092847,60.53622370780945,70.10867535137089,108.055,28.370520214094288,28.633527235028804,10.148797297535383,50.525,12.923689793582442,12.839481654978146,1.4191044774016515,22.75
2026-10-25 14:08:57,60.75803407092847,60.53622370780945,70.10867535137089,108.055,28.370520214094288,28.633527235028804,10.148797297535383,50.525,12.923689793582442,12.839481654978146,1.4191044774016515,22.75
2026-10-25 14:23:57,60.76197190085023,60.539650229756,70.11019984691892,108.06,28.370520214094288,28.633527235028804,10.148797297535383,50.525,12.923689793582442,12.839481654978146,1.4191044774016515,22.75
2026-10-25 14:38:57,60.76197190085023,60.539650229756,70.11019984691892,108.06,28.370520214094288,28.633527235028804,10.148797297535383,50.525,12.923689793582442,12.839481654978146,1.4191044774016515,22.75
2026-10-25 14:53:57,60.76197190085023,60.539650229756,70.11019984691892,108.06,28.370520214094288,28.633527235028804,10.148797297535383,50.525,12.923689793582442,12.839481654978146,1.4191044774016515,22.75
2026-10-25 15:08:57,60.76197190085023,60.539650229756,70.11019984691892,108.06,28.370520214094288,28.633527235028804,10.148797297535383,50.525,12.923689793582442,12.839481654978146,1.4191044774016515,22.75
2026-10-25 15:23:57,60.76197190085023,60.539650229756,70.11019984691892,108.06,28.370520214094288,28.633527235028804,10.148797297535383,50.525,12.923689793582442,12.839481654978146,1.4191044774016515,22.75
2026-10-25 15:38:57,60.76197190085023,60.539650229756,70.11019984691892,108.06,28.370520214094288,28.633527235028804,10.148797297535383,50.525,12.923689793582442,12.839481654978146,1.4191044774016515,22.75
2026-10-25 15:53:57,60.76197190085023,60.539650229756,70.11019984691892,108.06,28.370520214094288,28.633527235028804,10.148797297535383,50.525,12.923689793582442,12.839481654978146,1.4191044774016515,22.75
2026-10-25 16:08:57,60.76197190085023,60.539650229756,70.11019984691892,108.06,28.370520214094288,28.633527235028804,10.148797297535383,50.525,12.923689793582442,12.839481654978146,1.4191044774016515,22.75
2026-10-25 16:23:57,60.76197190085023,60.539650229756,70.11019984691892,108.06,28.370520214094288,28.633527235028804,10.148797297535383,50.525,12.923689793582442,12.839481654978146,1.4191044774016515,22.75
2026-10-25 16:38:57,60.76197190085023,60.539650229756,70.11019984691892,108.06,28.370520214094288,28.633527235028804,10.148797297535383,50.525,12.923689793582442,12.839481654978146,1.4191044774016515,22.75
2026-10-25 16:53:57,60.77222569625236,60.545668834180766,70.11736183262406,108.075,28.370520214094288,28.633527235028804,10.148797297535383,50.525,12.927648104295857,12.84086107476562,1.4192691563393298,22.755
2026-10-25 17:08:57,60.77222569625236,60.545668834180766,70.11736183262406,108.075,28.370520214094288,28.633527235028804,10.148797297535383,50.525,12.927648104295857,12.84086107476562,1.4192691563393298,22.755
2026-10-25 17:23:57,60.80702236411985,60.57410951182271,70.15303136955512,108.135,28.373481492589647,28.634843367599363,10.150267356378151,50.53,12.941135333334511,12.854502576034017,1.4207768918895896,22.78
2026-10-25 17:38:57,60.80702236411985,60.57410951182271,70.15303136955512,108.135,28.373481492589647,28.634843367599363,10.150267356378151,50.53,12.941135333334511,12.854502576034017,1.4207768918895896,22.78
2026-10-25 17:53:57,60.80702236411985,60.57410951182271,70.15303136955512,108.135,28.373481492589647,28.634843367599363,10.150267356378151,50.53,12.941135333334511,12.854502576034017,1.4207768918895896,22.78
2026-10-25 18:08:57,60.81696351903007,60.583945992277364,70.16327981283786,108.15,28.373481492589647,28.634843367599363,10.150267356378151,50.53,12.941135333334511,12.854502576034017,1.4207768918895896,22.78
2026-10-25 18:23:57,60.88217408049244,60.66050426942449,70.23224883007312,108.27,28.419601160747046,28.67613258374372,10.166144267969178,50.605,12.960632884331524,12.885240501165255,1.4232193747291941,22.82
2026-10-25 18:38:57,60.97320007401388,60.749336860359364,70.33968080880351,108.44,28.45391710886708,28.709034494481184,10.17899962102837,50.665,12.979750813889307,12.90695385181181,1.4253711097588486,22.855
2026-10-25 18:53:57,61.02487399060389,60.8065163732493,70.40713704115335,108.54,28.508045842095722,28.776825783485343,10.198094478315813,50.76,12.99664304237146,12.916842773491103,1.4270125687488453,22.88
2026-10-25 19:08:57,61.098322778138964,60.86711404777943,70.4891485018905,108.66,28.54159958173609,28.81488836556325,10.211205633590065,50.825,13.017734439343773,12.937157854306749,1.4289447800121198,22.915
2026-10-25 19:23:57,61.15386205211991,60.93136642010972,70.56073218047435,108.775,28.5936957938762,28.862043309461658,10.230110652336302,50.91,13.042247253052055,12.962339223143076,1.432019086043981,22.96
2026-10-25 19:38:57,61.15386205211991,60.93136642010972,70.56073218047435,108.775,28.5936957938762,28.862043309461658,10.230110652336302,50.91,13.042247253052055,12.962339223143076,1.432019086043981,22.96
2026-10-25 19:53:57,61.15386205211991,60.93136642010972,70.56073218047435,108.775,28.5936957938762,28.862043309461658,10.230110652336302,50.91,13.042247253052055,12.962339223143076,1.432019086043981,22.96
2026-10-25 20:08:57,61.15386205211991,60.93136642010972,70.56073218047435,108.775,28.5936957938762,28.862043309461658,10.230110652336302,50.91,13.042247253052055,12.962339223143076,1.432019086043981,22.96
2026-10-25 20:23:57,61.15386205211991,60.93136642010972,70.56073218047435,108.775,28.59439154025284,28.866889720140968,10.23124788813969,50.915,13.042247253052055,12.962339223143076,1.432019086043981,22.96
2026-10-25 20:38:57,61.15386205211991,60.93136642010972,70.56073218047435,108.775,28.59439154025284,28.866889720140968,10.23124788813969,50.915,13.042247253052055,12.962339223143076,1.432019086043981,22.96
2026-10-25 20:53:57,61.15386205211991,60.93136642010972,70.56073218047435,108.775,28.59439154025284,28.866889720140968,10.23124788813969,50.915,13.042247253052055,12.962339223143076,1.432019086043981,22.96
2026-10-25 21:08:57,61.22638909092795,60.99047776775551,70.63599844706769,108.89,28.63428008466939,28.892540362953902,10.245139629987401,50.98,13.067796711258277,12.990347825624701,1.434983444158312,23.005
2026-10-25 21:23:57,61.49829496309276,61.259826643673804,70.98021737237482,109.385,28.782388351828217,29.025560018224493,10.295808113725007,51.25,13.145072404969804,13.057578424402248,1.4432332187057015,23.14
2026-10-25 21:38:57,61.69749331141449,61.45071200996288,71.21400050698087,109.735,28.869359101080864,29.121792135080508,10.32937179562708,51.42,13.203249475581403,13.111727669681555,1.4506734354993052,23.25
2026-10-25 21:53:57,61.69749331141449,61.45071200996288,71.21400050698087,109.735,28.869359101080864,29.121792135080508,10.32937179562708,51.42,13.203249475581403,13.111727669681555,1.4506734354993052,23.25
2026-10-25 22:08:57,61.69749331141449,61.45071200996288,71.21400050698087,109.735,28.869359101080864,29.121792135080508,10.32937179562708,51.42,13.203249475581403,13.111727669681555,1.4506734354993052,23.25
2026-10-25 22:23:57,61.69749331141449,61.45071200996288,71.21400050698087,109.735,28.869359101080864,29.121792135080508,10.32937179562708,51.42,13.203249475581403,13.111727669681555,1.4506734354993052,23.25
2026-10-25 22:38:57,61.69749331141449,61.45071200996288,71.21400050698087,109.735,28.869359101080864,29.121792135080508,10.32937179562708,51.42,13.203249475581403,13.111727669681555,1.4506734354993052,23.25
2026-10-25 22:53:57,61.69749331141449,61.45071200996288,71.21400050698087,109.735,28.869359101080864,29.121792135080508,10.32937179562708,51.42,13.203249475581403,13.111727669681555,1.4506734354993052,23.25
2026-10-25 23:08:57,61.69749331141449,61.45071200996288,71.21400050698087,109.735,28.869359101080864,29.121792135080508,10.32937179562708,51.42,13.203249475581403,13.111727669681555,1.4506734354993052,23.25
2026-10-25 23:23:57,61.69749331141449,61.45071200996288,71.21400050698087,109.735,28.869359101080864,29.121792135080508,10.32937179562708,51.42,13.203249475581403,13.111727669681555,1.4506734354993052,23.25
2026-10-25 23:38:57,61.885872460944654,61.62147620781438,71.42804791758888,110.065,28.973465000912206,29.225499416942846,10.368468093062715,51.62,13.25949725308064,13.16741466812693,1.4567225478956805,23.345
2026-10-25 23:53:57,62.12864753120025,61.85920090323059,71.69618566084247,110.495,29.057251137860888,29.31586387485196,10.400904549303553,51.775,13.318924188208838,13.219507788075244,1.462796227705472,23.445
2026-10-26 00:08:57,62.12864753120025,61.85920090323059,71.69618566084247,110.495,29.057251137860888,29.31586387485196,10.400904549303553,51.775,13.318924188208838,13.219507788075244,1.462796227705472,23.445
2026-10-26 00:23:57,62.12864753120025,61.85920090323059,71.69618566084247,110.495,29.057251137860888,29.31586387485196,10.400904549303553,51.775,13.318924188208838,13.219507788075244,1.462796227705472,23.445
2026-10-26 00:38:57,62.12864753120025,61.85920090323059,71.69618566084247,110.495,29.057251137860888,29.31586387485196,10.400904549303553,51.775,13.318924188208838,13.219507788075244,1.462796227705472,23.445
2026-10-26 00:53:57,62.12864753120025,61.85920090323059,71.69618566084247,110.495,29.057251137860888,29.31586387485196,10.400904549303553,51.775,13.318924188208838,13.219507788075244,1.462796227705472,23.445
2026-10-26 01:08:57,62.12864753120025,61.85920090323059,71.69618566084247,110.495,29.057251137860888,29.31586387485196,10.400904549303553,51.775,13.318924188208838,13.219507788075244,1.462796227705472,23.445
2026-10-26 01:23:57,62.12864753120025,61.85920090323059,71.69618566084247,110.495,29.057251137860888,29.31586387485196,10.400904549303553,51.775,13.318924188208838,13.219507788075244,1.462796227705472,23.445
2026-10-26 01:38:57,62.22027426806358,61.94095489266035,71.78771958418356,110.645,29.077392561125883,29.336653327347392,10.407603102739941,51.81,13.324543123104487,13.23304974058812,1.463411667559675,23.46
2026-10-26 01:53:57,62.28413533377595,61.998810618417544,71.85545232911372,110.75,29.10791547493824,29.360642237864628,10.41853455438869,51.865,13.352262318569704,13.262693717924442,1.466436157653199,23.51
2026-10-26 02:08:57,62.41239293557796,62.12600423417309,71.99554245945133,110.975,29.177884571754255,29.423593781213896,10.441419974115549,51.975,13.379147941531919,13.290244644422483,1.4693578950453683,23.565
2026-10-26 02:23:57,62.46191474624832,62.184810585540994,72.06146808642612,111.075,29.233416683931786,29.471342449821886,10.458673089123343,52.06,13.40108427492238,13.310568208707686,1.4712266566392453,23.595
2026-10-26 02:38:57,62.52736056294901,62.2376616902702,72.1292596398657,111.175,29.271723650001068,29.509179097643024,10.474579880794122,52.13,13.42453348954241,13.334990152499055,1.4737490613060866,23.635
2026-10-26 02:53:57,62.583132223308795,62.29261176404904,72.1954354055075,111.28,29.30516128193897,29.539020865706625,10.486554083425542,52.185,13.44245573437868,13.349560998767037,1.4762749144861662,23.67
2026-10-26 03:08:57,62.61979991725163,62.333606794713724,72.24395352279207,111.355,29.342032388250654,29.57664117497473,10.495961255530004,52.245,13.457628248153235,13.370174683985402,1.4784192250707215,23.7
2026-10-26 03:23:57,62.69519758195707,62.40654756251434,72.34098807591407,111.495,29.398807035111577,29.63645885133558,10.51197162201272,52.33,13.485965472881967,13.390276279077458,1.4813254839982923,23.745
2026-10-26 03:38:57,62.7563960568232,62.463543032073396,72.40341715807425,111.595,29.434066001281288,29.672835329528056,10.52448395900461,52.395,13.497957600635585,13.406626921171085,1.4833831017156467,23.77
2026-10-26 03:53:57,62.7563960568232,62.463543032073396,72.40341715807425,111.595,29.434066001281288,29.672835329528056,10.52448395900461,52.395,13.497957600635585,13.406626921171085,1.4833831017156467,23.77
2026-10-26 04:08:57,62.822323880098324,62.5425692644635,72.48277009768876,111.72,29.473942389439674,29.718437932282125,10.537845149309385,52.465,13.523059953882345,13.424836216182044,1.4852488010040628,23.805
2026-10-26 04:23:57,62.89097103155211,62.60982136283791,72.58070088994279,111.86,29.485927748201956,29.737345323327816,10.543242651967866,52.49,13.544224358963017,13.44771646743771,1.4874037420970716,23.84
2026-10-26 04:38:57,62.9369015984661,62.6590521843501,72.63506330157261,111.95,29.51970898346404,29.776127715408865,10.554135830344354,52.545,13.575929047299013,13.472606750623209,1.490223269805112,23.885
2026-10-26 04:53:57,62.986359497091925,62.71263024482482,72.69600230479055,112.04,29.567941768251334,29.826353731161984,10.572991142836232,52.63,13.588849468534603,13.491391750415477,1.4921682822774334,23.91
2026-10-26 05:08:57,63.0425442814186,62.77354305640499,72.75373676721134,112.13,29.589081800215023,29.845426997464177,10.580905109275472,52.67,13.599012745619222,13.503049932458909,1.4929220091364768,23.925
2026-10-26 05:23:57,63.14915413415383,62.868360567471896,72.87360268076974,112.315,29.630749877845112,29.89379294124408,10.597908154823386,52.755,13.619952221893255,13.521760228618504,1.495800365253705,23.97
2026-10-26 05:38:57,63.562982134526635,63.269946631622766,73.35863199186095,113.045,29.761240215525955,30.03424864584125,10.649016512183259,53.005,13.711631172546127,13.595433420486527,1.5047544439081464,24.125
2026-10-26 05:53:57,63.63819272197214,63.337938425262614,73.44194545281306,113.16,29.81683522323542,30.081950682292852,10.66502774371487,53.09,13.72983814770493,13.612236099218084,1.5065154106459293,24.15
2026-10-26 06:08:57,63.64096869270101,63.34065027349183,73.44458913436135,113.165,29.81683522323542,30.081950682292852,10.66502774371487,53.09,13.72983814770493,13.612236099218084,1.5065154106459293,24.15
2026-10-26 06:23:57,63.74578061159448,63.43805269010734,73.56951715005027,113.36,29.860501657251675,30.127332758374056,10.680341138841266,53.175,13.747593776260661,13.635932301196549,1.5086396953992587,24.185
2026-10-26 06:38:57,63.818722010056675,63.5037340043234,73.66056391310487,113.5,29.92353869042697,30.186386629678594,10.699489269402866,53.275,13.771821537999308,13.656840243127819,1.5110752823302995,24.225
2026-10-26 06:53:57,63.89170400482649,63.58464734995744,73.7541143268601,113.63,29.947901155811067,30.20890327523323,10.707045851355192,53.315,13.800384233148742,13.687939380958658,1.513337268870972,24.27
2026-10-26 07:08:57,63.993500880213766,63.67391604419589,73.86229717419339,113.795,29.998717144677993,30.260689564526544,10.72375701680085,53.395,13.808663497848565,13.696204113258311,1.5139925328378991,24.285
2026-10-26 07:23:57,64.06537730979099,63.747300023246844,73.94094108466098,113.935,30.04667741468374,30.312595143358305,10.739613749057124,53.475,13.815681229976466,13.709369546029619,1.5150524493957886,24.305
2026-10-26 07:38:57,64.19564699134406,63.89260359237743,74.09387228871056,114.17,30.089206247108596,30.364736348709044,10.753228685591104,53.56,13.825387023721213,13.72273991780889,1.5160981410946615,24.325
2026-10-26 07:53:57,64.27211135063224,63.98281418754913,74.18179161284779,114.31,30.11409545387594,30.391630531131057,10.762111206558945,53.61,13.834140839447603,13.734123187704943,1.517065627666522,24.34
2026-10-26 08:08:57,64.27705511539564,63.985877975312405,74.18586379573249,114.315,30.11409545387594,30.391630531131057,10.762111206558945,53.61,13.834140839447603,13.734123187704943,1.517065627666522,24.34
2026-10-26 08:23:57,64.27705511539564,63.985877975312405,74.18586379573249,114.315,30.11409545387594,30.391630531131057,10.762111206558945,53.61,13.834140839447603,13.734123187704943,1.517065627666522,24.34
2026-10-26 08:38:57,64.27705511539564,63.985877975312405,74.18586379573249,114.315,30.11409545387594,30.391630531131057,10.762111206558945,53.61,13.834140839447603,13.734123187704943,1.517065627666522,24.34
2026-10-26 08:53:57,64.27705511539564,63.985877975312405,74.18586379573249,114.315,30.11409545387594,30.391630531131057,10.762111206558945,53.61,13.834140839447603,13.734123187704943,1.517065627666522,24.34
2026-10-26 09:08:57,64.27705511539564,63.985877975312405,74.18586379573249,114.315,30.11409545387594,30.391630531131057,10.762111206558945,53.61,13.834140839447603,13.734123187704943,1.517065627666522,24.34
2026-10-26 09:23:57,64.27705511539564,63.985877975312405,74.18586379573249,114.315,30.11409545387594,30.391630531131057,10.762111206558945,53.61,13.834140839447603,13.734123187704943,1.517065627666522,24.34
2026-10-26 09:38:57,64.27705511539564,63.985877975312405,74.18586379573249,114.315,30.11409545387594,30.391630531131057,10.762111206558945,53.61,13.834140839447603,13.734123187704943,1.517065627666522,24.34
2026-10-26 09:53:57,64.27705511539564,63.985877975312405,74.18586379573249,114.315,30.11409545387594,30.391630531131057,10.762111206558945,53.61,13.834140839447603,13.734123187704943,1.517065627666522,24.34
2026-10-26 10:08:57,64.27705511539564,63.985877975312405,74.18586379573249,114.315,30.11409545387594,30.391630531131057,10.762111206558945,53.61,13.834140839447603,13.734123187704943,1.517065627666522,24.34
2026-10-26 10:23:57,64.27705511539564,63.985877975312405,74.18586379573249,114.315,30.11409545387594,30.391630531131057,10.762111206558945,53.61,13.834140839447603,13.734123187704943,1.517065627666522,24.34
2026-10-26 10:38:57,64.27705511539564,63.985877975312405,74.18586379573249,114.315,30.11409545387594,30.391630531131057,10.762111206558945,53.61,13.834140839447603,13.734123187704943,1.517065627666522,24.34
2026-10-26 10:53:57,64.27705511539564,63.985877975312405,74.18586379573249,114.315,30.11409545387594,30.391630531131057,10.762111206558945,53.61,13.834140839447603,13.734123187704943,1.517065627666522,24.34
2026-10-26 11:08:57,64.27705511539564,63.985877975312405,74.18586379573249,114.315,30.11409545387594,30.391630531131057,10.762111206558945,53.61,13.834140839447603,13.734123187704943,1.517065627666522,24.34
2026-10-26 11:23:57,64.27705511539564,63.985877975312405,74.18586379573249,114.315,30.11409545387594,30.391630531131057,10.762111206558945,53.61,13.834140839447603,13.734123187704943,1.517065627666522,24.34
2026-10-26 11:38:57,64.27705511539564,63.985877975312405,74.18586379573249,114.315,30.11409545387594,30.391630531131057,10.762111206558945,53.61,13.834140839447603,13.734123187704943,1.517065627666522,24.34
2026-10-26 11:53:57,64.27705511539564,63.985877975312405,74.18586379573249,114.315,30.11409545387594,30.391630531131057,10.762111206558945,53.61,13.834140839447603,13.734123187704943,1.517065627666522,24.34
2026-10-26 12:08:57,64.27705511539564,63.985877975312405,74.18586379573249,114.315,30.11409545387594,30.391630531131057,10.762111206558945,53.61,13.834140839447603,13.734123187704943,1.517065627666522,24.34
2026-10-26 12:23:57,64.31694952159064,64.04218890119124,74.24020931208976,114.395,30.121718951506086,30.39508074702072,10.763799569833159,53.62,13.835188821731357,13.738529741354926,1.5172995214048837,24.345
2026-10-26 12:38:57,64.31694952159064,64.04218890119124,74.24020931208976,114.395,30.121718951506086,30.39508074702072,10.763799569833159,53.62,13.835188821731357,13.738529741354926,1.5172995214048837,24.345
2026-10-26 12:53:57,64.31694952159064,64.04218890119124,74.24020931208976,114.395,30.121718951506086,30.39508074702072,10.763799569833159,53.62,13.835188821731357,13.738529741354926,1.5172995214048837,24.345
2026-10-26 13:08:57,64.31694952159064,64.04218890119124,74.24020931208976,114.395,30.121718951506086,30.39508074702072,10.763799569833159,53.62,13.835188821731357,13.738529741354926,1.5172995214048837,24.345
2026-10-26 13:23:57,64.31694952159064,64.04218890119124,74.24020931208976,114.395,30.121718951506086,30.39508074702072,10.763799569833159,53.62,13.835188821731357,13.738529741354926,1.5172995214048837,24.345
2026-10-26 13:38:57,64.31694952159064,64.04218890119124,74.24020931208976,114.395,30.121718951506086,30.39508074702072,10.763799569833159,53.62,13.835188821731357,13.738529741354926,1.5172995214048837,24.345
2026-10-26 13:53:57,64.31694952159064,64.04218890119124,74.24020931208976,114.395,30.121718951506086,30.39508074702072,10.763799569833159,53.62,13.835188821731357,13.738529741354926,1.5172995214048837,24.345
2026-10-26 14:08:57,64.31837430915536,64.0456835665105,74.2444767173255,114.4,30.121718951506086,30.39508074702072,10.763799569833159,53.62,13.835188821731357,13.738529741354926,1.5172995214048837,24.345
2026-10-26 14:23:57,64.31837430915536,64.0456835665105,74.2444767173255,114.4,30.121718951506086,30.39508074702072,10.763799569833159,53.62,13.835188821731357,13.738529741354926,1.5172995214048837,24.345
2026-10-26 14:38:57,64.31837430915536,64.0456835665105,74.2444767173255,114.4,30.121718951506086,30.39508074702072,10.763799569833159,53.62,13.835188821731357,13.738529741354926,1.5172995214048837,24.345
2026-10-26 14:53:57,64.31837430915536,64.0456835665105,74.2444767173255,114.4,30.121718951506086,30.39508074702072,10.763799569833159,53.62,13.835188821731357,13.738529741354926,1.5172995214048837,24.345
2026-10-26 15:08:57,64.31837430915536,64.0456835665105,74.2444767173255,114.4,30.121718951506086,30.39508074702072,10.763799569833159,53.62,13.835188821731357,13.738529741354926,1.5172995214048837,24.345
2026-10-26 15:23:57,64.31837430915536,64.0456835665105,74.2444767173255,114.4,30.121718951506086,30.39508074702072,10.763799569833159,53.62,13.835188821731357,13.738529741354926,1.5172995214048837,24.345
2026-10-26 15:38:57,64.31837430915536,64.0456835665105,74.2444767173255,114.4,30.121718951506086,30.39508074702072,10.763799569833159,53.62,13.835188821731357,13.738529741354926,1.5172995214048837,24.345
2026-10-26 15:53:57,64.31837430915536,64.0456835665105,74.2444767173255,114.4,30.121718951506086,30.39508074702072,10.763799569833159,53.62,13.835188821731357,13.738529741354926,1.5172995214048837,24.345
2026-10-26 16:08:57,64.31837430915536,64.0456835665105,74.2444767173255,114.4,30.121718951506086,30.39508074702072,10.763799569833159,53.62,13.835188821731357,13.738529741354926,1.5172995214048837,24.345
2026-10-26 16:23:57,64.31837430915536,64.0456835665105,74.2444767173255,114.4,30.121718951506086,30.39508074702072,10.763799569833159,53.62,13.835188821731357,13.738529741354926,1.5172995214048837,24.345
2026-10-26 16:38:57,64.31837430915536,64.0456835665105,74.2444767173255,114.4,30.121718951506086,30.39508074702072,10.763799569833159,53.62,13.835188821731357,13.738529741354926,1.5172995214048837,24.345
2026-10-26 16:53:57,64.31837430915536,64.0456835665105,74.2444767173255,114.4,30.121718951506086,30.39508074702072,10.763799569833159,53.62,13.835188821731357,13.738529741354926,1.5172995214048837,24.345
2026-10-26 17:08:57,64.31837430915536,64.0456835665105,74.2444767173255,114.4,30.121718951506086,30.39508074702072,10.763799569833159,53.62,13.835188821731357,13.738529741354926,1.5172995214048837,24.345
2026-10-26 17:23:57,64.31837430915536,64.0456835665105,74.2444767173255,114.4,30.121718951506086,30.39508074702072,10.763799569833159,53.62,13.835188821731357,13.738529741354926,1.5172995214048837,24.345
2026-10-26 17:38:57,64.33169471748357,64.06496461284604,74.26171989857032,114.43,30.131169695220073,30.407339744544707,10.768154809750992,53.64,13.835188821731357,13.738529741354926,1.5172995214048837,24.345
2026-10-26 17:53:57,64.37055566989748,64.10415340891099,74.29869201748983,114.49,30.14914535039945,30.423304989064803,10.772744741209168,53.665,13.835188821731357,13.738529741354926,1.5172995214048837,24.345
2026-10-26 18:08:57,64.38756709243391,64.12038594824737,74.31677950446341,114.525,30.154659598532277,30.427210385810902,10.77494072504685,53.675,13.835188821731357,13.738529741354926,1.5172995214048837,24.345
2026-10-26 18:23:57,64.38756709243391,64.12038594824737,74.31677950446341,114.525,30.154659598532277,30.427210385810902,10.77494072504685,53.675,13.835188821731357,13.738529741354926,1.5172995214048837,24.345
2026-10-26 18:38:57,64.51799041297721,64.2543785891908,74.46384238626206,114.76,30.247445131255674,30.492720026877517,10.804919108393804,53.825,13.848673334668817,13.753165640976132,1.5189897049048942,24.37
2026-10-26 18:53:57,64.8433900429105,64.5999352612808,74.83716921869585,115.35,30.432190584000473,30.689193616750817,10.876532861408428,54.185,13.894636175104509,13.798893439755076,1.5244641726878492,24.45
2026-10-26 19:08:57,65.14244907252078,64.91486135447312,75.19447654288636,115.875,30.586520832109297,30.835207482758793,10.934504188189763,54.465,13.96538383795857,13.873061815111937,1.531869798274698,24.575
2026-10-26 19:23:57,65.53567081421474,65.30416887289944,75.62687064186703,116.55,30.769369056577673,31.03419244527726,11.004208757264234,54.815,14.073397718773077,13.982859721634945,1.5435271523062442,24.765
2026-10-26 19:38:57,65.66361453412514,65.43478200323652,75.75930172968413,116.755,30.831500607976317,31.10293689168291,11.027010094845405,54.92,14.109499814585249,14.011815044100539,1.5474595021087136,24.82
2026-10-26 19:53:57,65.66361453412514,65.43478200323652,75.75930172968413,116.755,30.831500607976317,31.10293689168291,11.027010094845405,54.92,14.109499814585249,14.011815044100539,1.5474595021087136,24.82
2026-10-26 20:08:57,65.84324846948833,65.63625566141359,75.98302869783475,117.115,30.92349608385856,31.194458993606844,11.060311531296277,55.08,14.152424712633143,14.046126859518342,1.5526482463172904,24.89
2026-10-26 20:23:57,66.01045946793245,65.81768180044232,76.17164078064947,117.42,31.00500601245237,31.26507512294893,11.089797384078006,55.22,14.187257888042266,14.078399121057899,1.556629178005834,24.95
2026-10-26 20:38:57,66.21972701329706,66.02841235541385,76.42472510995587,117.8,31.122536982964935,31.35657447250126,11.128790654403398,55.41,14.241668397431825,14.124528462522264,1.5624334933981496,25.045
2026-10-26 20:53:57,66.44817015938284,66.22588636589137,76.68158074640691,118.17,31.226030277771393,31.450011911733036,11.163621716267953,55.59,14.271842377417652,14.152991933178503,1.5650749120003766,25.09
2026-10-26 21:08:57,66.66348695267382,66.43300997798062,76.91676379949227,118.545,31.32941364180983,31.558902772752642,11.202642742903992,55.785,14.320199252211545,14.200937018563273,1.5703779187423208,25.175
2026-10-26 21:23:57,67.17724183682606,66.99952175985317,77.52700088697188,119.485,31.536053055168054,31.755641586766956,11.280333889219609,56.175,14.461659802966471,14.33125612237619,1.5870585234665922,25.425
2026-10-26 21:38:57,67.17724183682606,66.99952175985317,77.52700088697188,119.485,31.536053055168054,31.755641586766956,11.280333889219609,56.175,14.461659802966471,14.33125612237619,1.5870585234665922,25.425
2026-10-26 21:53:57,67.17724183682606,66.99952175985317,77.52700088697188,119.485,31.536053055168054,31.755641586766956,11.280333889219609,56.175,14.461659802966471,14.33125612237619,1.5870585234665922,25.425
2026-10-26 22:08:57,67.17724183682606,66.99952175985317,77.52700088697188,119.485,31.536053055168054,31.755641586766956,11.280333889219609,56.175,14.461659802966471,14.33125612237619,1.5870585234665922,25.425
2026-10-26 22:23:57,67.17724183682606,66.99952175985317,77.52700088697188,119.485,31.536053055168054,31.755641586766956,11.280333889219609,56.175,14.461659802966471,14.33125612237619,1.5870585234665922,25.425
2026-10-26 22:38:57,67.17724183682606,66.99952175985317,77.52700088697188,119.485,31.536053055168054,31.755641586766956,11.280333889219609,56.175,14.461659802966471,14.33125612237619,1.5870585234665922,25.425
2026-10-26 22:53:57,67.17724183682606,66.99952175985317,77.52700088697188,119.485,31.536053055168054,31.755641586766956,11.280333889219609,56.175,14.461659802966471,14.33125612237619,1.5870585234665922,25.425
2026-10-26 23:08:57,67.17724183682606,66.99952175985317,77.52700088697188,119.485,31.536053055168054,31.755641586766956,11.280333889219609,56.175,14.461659802966471,14.33125612237619,1.5870585234665922,25.425
2026-10-26 23:23:57,67.18011552707756,67.00556235974523,77.53654090401008,119.495,31.536053055168054,31.755641586766956,11.280333889219609,56.175,14.461659802966471,14.33125612237619,1.5870585234665922,25.425
2026-10-26 23:38:57,67.18011552707756,67.00556235974523,77.53654090401008,119.495,31.536053055168054,31.755641586766956,11.280333889219609,56.175,14.461659802966471,14.33125612237619,1.5870585234665922,25.425
2026-10-26 23:53:57,67.18265512678285,67.00721109570866,77.54127569164663,119.5,31.536053055168054,31.755641586766956,11.280333889219609,56.175,14.461659802966471,14.33125612237619,1.5870585234665922,25.425
2026-10-27 00:08:57,67.18265512678285,67.00721109570866,77.54127569164663,119.5,31.536053055168054,31.755641586766956,11.280333889219609,56.175,14.461659802966471,14.33125612237619,1.5870585234665922,25.425
2026-10-27 00:23:57,67.18265512678285,67.00721109570866,77.54127569164663,119.5,31.536053055168054,31.755641586766956,11.280333889219609,56.175,14.461659802966471,14.33125612237619,1.5870585234665922,25.425
2026-10-27 00:38:57,67.18265512678285,67.00721109570866,77.54127569164663,119.5,31.536053055168054,31.755641586766956,11.280333889219609,56.175,14.461659802966471,14.33125612237619,1.5870585234665922,25.425
2026-10-27 00:53:57,67.18265512678285,67.00721109570866,77.54127569164663,119.5,31.536053055168054,31.755641586766956,11.280333889219609,56.175,14.461659802966471,14.33125612237619,1.5870585234665922,25.425
2026-10-27 01:08:57,67.18265512678285,67.00721109570866,77.54127569164663,119.5,31.536053055168054,31.755641586766956,11.280333889219609,56.175,14.461659802966471,14.33125612237619,1.5870585234665922,25.425
2026-10-27 01:23:57,67.18265512678285,67.00721109570866,77.54127569164663,119.5,31.536053055168054,31.755641586766956,11.280333889219609,56.175,14.461659802966471,14.33125612237619,1.5870585234665922,25.425
2026-10-27 01:38:57,67.18265512678285,67.00721109570866,77.54127569164663,119.5,31.536053055168054,31.755641586766956,11.280333889219609,56.175,14.461659802966471,14.33125612237619,1.5870585234665922,25.425
2026-10-27 01:53:57,67.18265512678285,67.00721109570866,77.54127569164663,119.5,31.536053055168054,31.755641586766956,11.280333889219609,56.175,14.461659802966471,14.33125612237619,1.5870585234665922,25.425
2026-10-27 02:08:57,67.18265512678285,67.00721109570866,77.54127569164663,119.5,31.536053055168054,31.755641586766956,11.280333889219609,56.175,14.461659802966471,14.33125612237619,1.5870585234665922,25.425
2026-10-27 02:23:57,67.18265512678285,67.00721109570866,77.54127569164663,119.5,31.536053055168054,31.755641586766956,11.280333889219609,56.175,14.461659802966471,14.33125612237619,1.5870585234665922,25.425
2026-10-27 02:38:57,67.18265512678285,67.00721109570866,77.54127569164663,119.5,31.536053055168054,31.755641586766956,11.280333889219609,56.175,14.461659802966471,14.33125612237619,1.5870585234665922,25.425
2026-10-27 02:53:57,67.18265512678285,67.00721109570866,77.54127569164663,119.5,31.536053055168054,31.755641586766956,11.280333889219609,56.175,14.461659802966471,14.33125612237619,1.5870585234665922,25.425
2026-10-27 03:08:57,67.1835662488072,67.00805788184411,77.54428009936987,119.505,31.536053055168054,31.755641586766956,11.280333889219609,56.175,14.461659802966471,14.33125612237619,1.5870585234665922,25.425
2026-10-27 03:23:57,67.1835662488072,67.00805788184411,77.54428009936987,119.505,31.536053055168054,31.755641586766956,11.280333889219609,56.175,14.461659802966471,14.33125612237619,1.5870585234665922,25.425
2026-10-27 03:38:57,67.1835662488072,67.00805788184411,77.54428009936987,119.505,31.536053055168054,31.755641586766956,11.280333889219609,56.175,14.461659802966471,14.33125612237619,1.5870585234665922,25.425
2026-10-27 03:53:57,67.1835662488072,67.00805788184411,77.54428009936987,119.505,31.536053055168054,31.755641586766956,11.280333889219609,56.175,14.461659802966471,14.33125612237619,1.5870585234665922,25.425
2026-10-27 04:08:57,67.1835662488072,67.00805788184411,77.54428009936987,119.505,31.536053055168054,31.755641586766956,11.280333889219609,56.175,14.461659802966471,14.33125612237619,1.5870585234665922,25.425
2026-10-27 04:23:57,67.18794558237019,67.01191730490564,77.54643467724901,119.51,31.536053055168054,31.755641586766956,11.280333889219609,56.175,14.461659802966471,14.33125612237619,1.5870585234665922,25.425
2026-10-27 04:38:57,67.28046862491713,67.09620684613303,77.65435566207465,119.67,31.64221469464588,31.854894595638832,11.316035340089904,56.355,14.487558102062108,14.354488306678757,1.589612215160105,25.47
2026-10-27 04:53:57,67.28046862491713,67.09620684613303,77.65435566207465,119.67,31.64221469464588,31.854894595638832,11.316035340089904,56.355,14.487558102062108,14.354488306678757,1.589612215160105,25.47
2026-10-27 05:08:57,67.28046862491713,67.09620684613303,77.65435566207465,119.67,31.64221469464588,31.854894595638832,11.316035340089904,56.355,14.487558102062108,14.354488306678757,1.589612215160105,25.47
2026-10-27 05:23:57,67.28046862491713,67.09620684613303,77.65435566207465,119.67,31.64221469464588,31.854894595638832,11.316035340089904,56.355,14.487558102062108,14.354488306678757,1.589612215160105,25.47
2026-10-27 05:38:57,67.28046862491713,67.09620684613303,77.65435566207465,119.67,31.64221469464588,31.854894595638832,11.316035340089904,56.355,14.487558102062108,14.354488306678757,1.589612215160105,25.47
2026-10-27 05:53:57,67.28046862491713,67.09620684613303,77.65435566207465,119.67,31.64221469464588,31.854894595638832,11.316035340089904,56.355,14.487558102062108,14.354488306678757,1.589612215160105,25.47
2026-10-27 06:08:57,67.28046862491713,67.09620684613303,77.65435566207465,119.67,31.64221469464588,31.854894595638832,11.316035340089904,56.355,14.487558102062108,14.354488306678757,1.589612215160105,25.47
2026-10-27 06:23:57,67.28046862491713,67.09620684613303,77.65435566207465,119.67,31.64221469464588,31.854894595638832,11.316035340089904,56.355,14.487558102062108,14.354488306678757,1.589612215160105,25.47
2026-10-27 06:38:57,67.28046862491713,67.09620684613303,77.65435566207465,119.67,31.64221469464588,31.854894595638832,11.316035340089904,56.355,14.487558102062108,14.354488306678757,1.589612215160105,25.47
2026-10-27 06:53:57,67.28046862491713,67.09620684613303,77.65435566207465,119.67,31.64221469464588,31.854894595638832,11.316035340089904,56.355,14.487558102062108,14.354488306678757,1.589612215160105,25.47
2026-10-27 07:08:57,67.28046862491713,67.09620684613303,77.65435566207465,119.67,31.64221469464588,31.854894595638832,11.316035340089904,56.355,14.487558102062108,14.354488306678757,1.589612215160105,25.47
2026-10-27 07:23:57,67.28046862491713,67.09620684613303,77.65435566207465,119.67,31.64221469464588,31.854894595638832,11.316035340089904,56.355,14.487558102062108,14.354488306678757,1.589612215160105,25.47
2026-10-27 07:38:57,67.28046862491713,67.09620684613303,77.65435566207465,119.67,31.64221469464588,31.854894595638832,11.316035340089904,56.355,14.487558102062108,14.354488306678757,1.589612215160105,25.47
2026-10-27 07:53:57,67.28199750480341,67.09972615832848,77.65748221527406,119.675,31.64221469464588,31.854894595638832,11.316035340089904,56.355,14.487558102062108,14.354488306678757,1.589612215160105,25.47
2026-10-27 08:08:57,67.28199750480341,67.09972615832848,77.65748221527406,119.675,31.64221469464588,31.854894595638832,11.316035340089904,56.355,14.487558102062108,14.354488306678757,1.589612215160105,25.47
2026-10-27 08:23:57,67.28199750480341,67.09972615832848,77.65748221527406,119.675,31.64221469464588,31.854894595638832,11.316035340089904,56.355,14.487558102062108,14.354488306678757,1.589612215160105,25.47
2026-10-27 08:38:57,67.28199750480341,67.09972615832848,77.65748221527406,119.675,31.64221469464588,31.854894595638832,11.316035340089904,56.355,14.487558102062108,14.354488306678757,1.589612215160105,25.47
2026-10-27 08:53:57,67.28199750480341,67.09972615832848,77.65748221527406,119.675,31.64221469464588,31.854894595638832,11.316035340089904,56.355,14.487558102062108,14.354488306678757,1.589612215160105,25.47
2026-10-27 09:08:57,67.28432376773743,67.10115062188092,77.65973566670749,119.68,31.64221469464588,31.854894595638832,11.316035340089904,56.355,14.487558102062108,14.354488306678757,1.589612215160105,25.47
2026-10-27 09:23:57,67.28432376773743,67.10115062188092,77.65973566670749,119.68,31.64221469464588,31.854894595638832,11.316035340089904,56.355,14.487558102062108,14.354488306678757,1.589612215160105,25.47
2026-10-27 09:38:57,67.28432376773743,67.10115062188092,77.65973566670749,119.68,31.64221469464588,31.854894595638832,11.316035340089904,56.355,14.487558102062108,14.354488306678757,1.589612215160105,25.47
2026-10-27 09:53:57,67.28432376773743,67.10115062188092,77.65973566670749,119.68,31.64221469464588,31.854894595638832,11.316035340089904,56.355,14.487558102062108,14.354488306678757,1.589612215160105,25.47
2026-10-27 10:08:57,67.28432376773743,67.10115062188092,77.65973566670749,119.68,31.64221469464588,31.854894595638832,11.316035340089904,56.355,14.487558102062108,14.354488306678757,1.589612215160105,25.47
2026-10-27 10:23:57,67.28432376773743,67.10115062188092,77.65973566670749,119.68,31.64221469464588,31.854894595638832,11.316035340089904,56.355,14.487558102062108,14.354488306678757,1.589612215160105,25.47
2026-10-27 10:38:57,67.28432376773743,67.10115062188092,77.65973566670749,119.68,31.64221469464588,31.854894595638832,11.316035340089904,56.355,14.487558102062108,14.354488306678757,1.589612215160105,25.47
2026-10-27 10:53:57,67.28432376773743,67.10115062188092,77.65973566670749,119.68,31.64221469464588,31.854894595638832,11.316035340089904,56.355,14.487558102062108,14.354488306678757,1.589612215160105,25.47
2026-10-27 11:08:57,67.28432376773743,67.10115062188092,77.65973566670749,119.68,31.64221469464588,31.854894595638832,11.316035340089904,56.355,14.487558102062108,14.354488306678757,1.589612215160105,25.47
2026-10-27 11:23:57,67.28432376773743,67.10115062188092,77.65973566670749,119.68,31.64221469464588,31.854894595638832,11.316035340089904,56.355,14.487558102062108,14.354488306678757,1.589612215160105,25.47
2026-10-27 11:38:57,67.28432376773743,67.10115062188092,77.65973566670749,119.68,31.64221469464588,31.854894595638832,11.316035340089904,56.355,14.487558102062108,14.354488306678757,1.589612215160105,25.47
2026-10-27 11:53:57,67.34085038557352,67.15073483466168,77.71737246271242,119.77,31.65248758142482,31.864067111956032,11.319973015448664,56.375,14.491124103797567,14.35690721939104,1.5898745964346153,25.475
2026-10-27 12:08:57,67.34085038557352,67.15073483466168,77.71737246271242,119.77,31.65248758142482,31.864067111956032,11.319973015448664,56.375,14.491124103797567,14.35690721939104,1.5898745964346153,25.475
2026-10-27 12:23:57,67.34382794449701,67.15377850949945,77.72025473333767,119.775,31.657553887046138,31.87049304273578,11.321413656374556,56.385,14.491124103797567,14.35690721939104,1.5898745964346153,25.475
2026-10-27 12:38:57,67.34382794449701,67.15377850949945,77.72025473333767,119.775,31.657553887046138,31.87049304273578,11.321413656374556,56.385,14.491124103797567,14.35690721939104,1.5898745964346153,25.475
2026-10-27 12:53:57,67.34382794449701,67.15377850949945,77.72025473333767,119.775,31.657553887046138,31.87049304273578,11.321413656374556,56.385,14.491124103797567,14.35690721939104,1.5898745964346153,25.475
2026-10-27 13:08:57,67.34382794449701,67.15377850949945,77.72025473333767,119.775,31.657553887046138,31.87049304273578,11.321413656374556,56.385,14.491124103797567,14.35690721939104,1.5898745964346153,25.475
2026-10-27 13:23:57,67.34382794449701,67.15377850949945,77.72025473333767,119.775,31.657553887046138,31.87049304273578,11.321413656374556,56.385,14.491124103797567,14.35690721939104,1.5898745964346153,25.475
2026-10-27 13:38:57,67.34382794449701,67.15377850949945,77.72025473333767,119.775,31.657553887046138,31.87049304273578,11.321413656374556,56.385,14.491124103797567,14.35690721939104,1.5898745964346153,25.475
2026-10-27 13:53:57,67.34382794449701,67.15377850949945,77.72025473333767,119.775,31.657553887046138,31.87049304273578,11.321413656374556,56.385,14.491124103797567,14.35690721939104,1.5898745964346153,25.475
2026-10-27 14:08:57,67.34382794449701,67.15377850949945,77.72025473333767,119.775,31.657553887046138,31.87049304273578,11.321413656374556,56.385,14.491124103797567,14.35690721939104,1.5898745964346153,25.475
2026-10-27 14:23:57,67.34382794449701,67.15377850949945,77.72025473333767,119.775,31.657553887046138,31.87049304273578,11.321413656374556,56.385,14.491124103797567,14.35690721939104,1.5898745964346153,25.475
2026-10-27 14:38:57,67.34382794449701,67.15377850949945,77.72025473333767,119.775,31.657553887046138,31.87049304273578,11.321413656374556,56.385,14.491124103797567,14.35690721939104,1.5898745964346153,25.475
2026-10-27 14:53:57,67.34382794449701,67.15377850949945,77.72025473333767,119.775,31.657553887046138,31.87049304273578,11.321413656374556,56.385,14.491124103797567,14.35690721939104,1.5898745964346153,25.475
2026-10-27 15:08:57,67.34382794449701,67.15377850949945,77.72025473333767,119.775,31.657553887046138,31.87049304273578,11.321413656374556,56.385,14.491124103797567,14.35690721939104,1.5898745964346153,25.475
2026-10-27 15:23:57,67.34382794449701,67.15377850949945,77.72025473333767,119.775,31.657553887046138,31.87049304273578,11.321413656374556,56.385,14.491124103797567,14.35690721939104,1.5898745964346153,25.475
2026-10-27 15:38:57,67.34382794449701,67.15377850949945,77.72025473333767,119.775,31.657553887046138,31.87049304273578,11.321413656374556,56.385,14.491124103797567,14.35690721939104,1.5898745964346153,25.475
2026-10-27 15:53:57,67.34382794449701,67.15377850949945,77.72025473333767,119.775,31.657553887046138,31.87049304273578,11.321413656374556,56.385,14.491124103797567,14.35690721939104,1.5898745964346153,25.475
2026-10-27 16:08:57,67.38700979209383,67.18719830167176,77.76010672901317,119.845,31.66220541963066,31.884361642537577,11.325271358393474,56.405,14.49434187622146,14.360104872245355,1.5900264581767747,25.48
2026-10-27 16:23:57,67.41241792093213,67.21928411711787,77.78963164674728,119.895,31.675901661530357,31.898376514071327,11.3288484618024,56.425,14.49434187622146,14.360104872245355,1.5900264581767747,25.48
2026-10-27 16:38:57,67.46775848682844,67.26994637140315,77.85944250580135,120.005,31.68045849220947,31.905531297686853,11.331331014761995,56.435,14.496923534477576,14.361772184546606,1.5907011923364562,25.49
2026-10-27 16:53:57,67.46775848682844,67.26994637140315,77.85944250580135,120.005,31.68045849220947,31.905531297686853,11.331331014761995,56.435,14.496923534477576,14.361772184546606,1.5907011923364562,25.49
2026-10-27 17:08:57,67.46775848682844,67.26994637140315,77.85944250580135,120.005,31.68045849220947,31.905531297686853,11.331331014761995,56.435,14.496923534477576,14.361772184546606,1.5907011923364562,25.49
2026-10-27 17:23:57,67.46775848682844,67.26994637140315,77.85944250580135,120.005,31.68045849220947,31.905531297686853,11.331331014761995,56.435,14.496923534477576,14.361772184546606,1.5907011923364562,25.49
2026-10-27 17:38:57,67.46775848682844,67.26994637140315,77.85944250580135,120.005,31.68045849220947,31.905531297686853,11.331331014761995,56.435,14.496923534477576,14.361772184546606,1.5907011923364562,25.49
2026-10-27 17:53:57,67.46775848682844,67.26994637140315,77.85944250580135,120.005,31.68045849220947,31.905531297686853,11.331331014761995,56.435,14.496923534477576,14.361772184546606,1.5907011923364562,25.49
2026-10-27 18:08:57,67.52110485795212,67.31301477821886,77.913150031746,120.085,31.69414030530099,31.9181923569399,11.336149381851053,56.46,14.500658319510901,14.364909164829914,1.5911831306748354,25.495
2026-10-27 18:23:57,67.52110485795212,67.31301477821886,77.913150031746,120.085,31.69414030530099,31.9181923569399,11.336149381851053,56.46,14.500658319510901,14.364909164829914,1.5911831306748354,25.495
2026-10-27 18:38:57,67.52110485795212,67.31301477821886,77.913150031746,120.085,31.69414030530099,31.9181923569399,11.336149381851053,56.46,14.500658319510901,14.364909164829914,1.5911831306748354,25.495
2026-10-27 18:53:57,67.52110485795212,67.31301477821886,77.913150031746,120.085,31.69414030530099,31.9181923569399,11.336149381851053,56.46,14.500658319510901,14.364909164829914,1.5911831306748354,25.495
2026-10-27 19:08:57,67.52110485795212,67.31301477821886,77.913150031746,120.085,31.69414030530099,31.9181923569399,11.336149381851053,56.46,14.500658319510901,14.364909164829914,1.5911831306748354,25.495
2026-10-27 19:23:57,67.52110485795212,67.31301477821886,77.913150031746,120.085,31.69414030530099,31.9181923569399,11.336149381851053,56.46,14.500658319510901,14.364909164829914,1.5911831306748354,25.495
2026-10-27 19:38:57,67.52110485795212,67.31301477821886,77.913150031746,120.085,31.69414030530099,31.9181923569399,11.336149381851053,56.46,14.500658319510901,14.364909164829914,1.5911831306748354,25.495
2026-10-27 19:53:57,67.52110485795212,67.31301477821886,77.913150031746,120.085,31.69414030530099,31.9181923569399,11.336149381851053,56.46,14.500658319510901,14.364909164829914,1.5911831306748354,25.495
2026-10-27 20:08:57,67.52110485795212,67.31301477821886,77.913150031746,120.085,31.69414030530099,31.9181923569399,11.336149381851053,56.46,14.500658319510901,14.364909164829914,1.5911831306748354,25.495
2026-10-27 20:23:57,67.58238559142674,67.38001957413368,77.985080906946,120.195,31.729801862556215,31.961257762513235,11.350365870509865,56.53,14.506556859277426,14.3710366701967,1.5917986110716251,25.505
2026-10-27 20:38:57,67.58238559142674,67.38001957413368,77.985080906946,120.195,31.729801862556215,31.961257762513235,11.350365870509865,56.53,14.506556859277426,14.3710366701967,1.5917986110716251,25.505
2026-10-27 20:53:57,67.58238559142674,67.38001957413368,77.985080906946,120.195,31.729801862556215,31.961257762513235,11.350365870509865,56.53,14.506556859277426,14.3710366701967,1.5917986110716251,25.505
2026-10-27 21:08:57,67.58238559142674,67.38001957413368,77.985080906946,120.195,31.729801862556215,31.961257762513235,11.350365870509865,56.53,14.506556859277426,14.3710366701967,1.5917986110716251,25.505
2026-10-27 21:23:57,67.58238559142674,67.38001957413368,77.985080906946,120.195,31.729801862556215,31.961257762513235,11.350365870509865,56.53,14.506556859277426,14.3710366701967,1.5917986110716251,25.505
2026-10-27 21:38:57,67.66728364401231,67.48563385477782,78.09418163723193,120.36,31.78961217139324,32.022415461433525,11.368100343777696,56.625,14.524106181186,14.380376732907768,1.5935178124517198,25.535
2026-10-27 21:53:57,67.66728364401231,67.48563385477782,78.09418163723193,120.36,31.78961217139324,32.022415461433525,11.368100343777696,56.625,14.524106181186,14.380376732907768,1.5935178124517198,25.535
2026-10-27 22:08:57,67.66728364401231,67.48563385477782,78.09418163723193,120.36,31.78961217139324,32.022415461433525,11.368100343777696,56.625,14.524106181186,14.380376732907768,1.5935178124517198,25.535
2026-10-27 22:23:57,67.66728364401231,67.48563385477782,78.09418163723193,120.36,31.78961217139324,32.022415461433525,11.368100343777696,56.625,14.524106181186,14.380376732907768,1.5935178124517198,25.535
2026-10-27 22:38:57,67.66728364401231,67.48563385477782,78.09418163723193,120.36,31.78961217139324,32.022415461433525,11.368100343777696,56.625,14.524106181186,14.380376732907768,1.5935178124517198,25.535
2026-10-27 22:53:57,67.66728364401231,67.48563385477782,78.09418163723193,120.36,31.78961217139324,32.022415461433525,11.368100343777696,56.625,14.524106181186,14.380376732907768,1.5935178124517198,25.535
2026-10-27 23:08:57,67.66728364401231,67.48563385477782,78.09418163723193,120.36,31.78961217139324,32.022415461433525,11.368100343777696,56.625,14.524106181186,14.380376732907768,1.5935178124517198,25.535
2026-10-27 23:23:57,67.66728364401231,67.48563385477782,78.09418163723193,120.36,31.78961217139324,32.022415461433525,11.368100343777696,56.625,14.524106181186,14.380376732907768,1.5935178124517198,25.535
2026-10-27 23:38:57,67.66728364401231,67.48563385477782,78.09418163723193,120.36,31.78961217139324,32.022415461433525,11.368100343777696,56.625,14.524106181186,14.380376732907768,1.5935178124517198,25.535
2026-10-27 23:53:57,67.92916292641958,67.76152618330788,78.37909872662739,120.825,31.940031217491406,32.174069547214934,11.417162402458697,56.88,14.566801385098142,14.43188666715868,1.5980744487985912,25.62
2026-10-28 00:08:57,67.92916292641958,67.76152618330788,78.37909872662739,120.825,31.940031217491406,32.174069547214934,11.417162402458697,56.88,14.566801385098142,14.43188666715868,1.5980744487985912,25.62
2026-10-28 00:23:57,67.92916292641958,67.76152618330788,78.37909872662739,120.825,31.940031217491406,32.174069547214934,11.417162402458697,56.88,14.566801385098142,14.43188666715868,1.5980744487985912,25.62
2026-10-28 00:38:57,67.93508548389187,67.76812628551001,78.38582684868643,120.835,31.940031217491406,32.174069547214934,11.417162402458697,56.88,14.566801385098142,14.43188666715868,1.5980744487985912,25.62
2026-10-28 00:53:57,67.93508548389187,67.76812628551001,78.38582684868643,120.835,31.940031217491406,32.174069547214934,11.417162402458697,56.88,14.566801385098142,14.43188666715868,1.5980744487985912,25.62
2026-10-28 01:08:57,67.93508548389187,67.76812628551001,78.38582684868643,120.835,31.940031217491406,32.174069547214934,11.417162402458697,56.88,14.566801385098142,14.43188666715868,1.5980744487985912,25.62
2026-10-28 01:23:57,67.93508548389187,67.76812628551001,78.38582684868643,120.835,31.940031217491406,32.174069547214934,11.417162402458697,56.88,14.566801385098142,14.43188666715868,1.5980744487985912,25.62
2026-10-28 01:38:57,67.93508548389187,67.76812628551001,78.38582684868643,120.835,31.940031217491406,32.174069547214934,11.417162402458697,56.88,14.566801385098142,14.43188666715868,1.5980744487985912,25.62
2026-10-28 01:53:57,67.93508548389187,67.76812628551001,78.38582684868643,120.835,31.940031217491406,32.174069547214934,11.417162402458697,56.88,14.566801385098142,14.43188666715868,1.5980744487985912,25.62
2026-10-28 02:08:57,67.93649777354902,67.77233112270542,78.39043510910246,120.84,31.940031217491406,32.174069547214934,11.417162402458697,56.88,14.566801385098142,14.43188666715868,1.5980744487985912,25.62
2026-10-28 02:23:57,67.93649777354902,67.77233112270542,78.39043510910246,120.84,31.940031217491406,32.174069547214934,11.417162402458697,56.88,14.566801385098142,14.43188666715868,1.5980744487985912,25.62
2026-10-28 02:38:57,67.93649777354902,67.77233112270542,78.39043510910246,120.84,31.940031217491406,32.174069547214934,11.417162402458697,56.88,14.566801385098142,14.43188666715868,1.5980744487985912,25.62
2026-10-28 02:53:57,67.93649777354902,67.77233112270542,78.39043510910246,120.84,31.940031217491406,32.174069547214934,11.417162402458697,56.88,14.566801385098142,14.43188666715868,1.5980744487985912,25.62
2026-10-28 03:08:57,67.93649777354902,67.77233112270542,78.39043510910246,120.84,31.940031217491406,32.174069547214934,11.417162402458697,56.88,14.566801385098142,14.43188666715868,1.5980744487985912,25.62
2026-10-28 03:23:57,67.93649777354902,67.77233112270542,78.39043510910246,120.84,31.940031217491406,32.174069547214934,11.417162402458697,56.88,14.566801385098142,14.43188666715868,1.5980744487985912,25.62
2026-10-28 03:38:57,68.10837750783315,67.94540130317232,78.61544094554439,121.165,32.010218798918146,32.233280187043,11.443011782532619,57.005,14.612239570823425,14.484015321424533,1.6034814799512156,25.705
2026-10-28 03:53:57,68.10837750783315,67.94540130317232,78.61544094554439,121.165,32.010218798918146,32.233280187043,11.443011782532619,57.005,14.612239570823425,14.484015321424533,1.6034814799512156,25.705
2026-10-28 04:08:57,68.10837750783315,67.94540130317232,78.61544094554439,121.165,32.010218798918146,32.233280187043,11.443011782532619,57.005,14.612239570823425,14.484015321424533,1.6034814799512156,25.705
2026-10-28 04:23:57,68.10837750783315,67.94540130317232,78.61544094554439,121.165,32.010218798918146,32.233280187043,11.443011782532619,57.005,14.612239570823425,14.484015321424533,1.6034814799512156,25.705
2026-10-28 04:38:57,68.10837750783315,67.94540130317232,78.61544094554439,121.165,32.010218798918146,32.233280187043,11.443011782532619,57.005,14.612239570823425,14.484015321424533,1.6034814799512156,25.705
2026-10-28 04:53:57,68.10837750783315,67.94540130317232,78.61544094554439,121.165,32.010218798918146,32.233280187043,11.443011782532619,57.005,14.612239570823425,14.484015321424533,1.6034814799512156,25.705
2026-10-28 05:08:57,68.10837750783315,67.94540130317232,78.61544094554439,121.165,32.010218798918146,32.233280187043,11.443011782532619,57.005,14.612239570823425,14.484015321424533,1.6034814799512156,25.705
2026-10-28 05:23:57,68.11008041226813,67.94767850161003,78.61702418471442,121.17,32.010218798918146,32.233280187043,11.443011782532619,57.005,14.612239570823425,14.484015321424533,1.6034814799512156,25.705
2026-10-28 05:38:57,68.11008041226813,67.94767850161003,78.61702418471442,121.17,32.010218798918146,32.233280187043,11.443011782532619,57.005,14.612239570823425,14.484015321424533,1.6034814799512156,25.705
2026-10-28 05:53:57,68.11008041226813,67.94767850161003,78.61702418471442,121.17,32.010218798918146,32.233280187043,11.443011782532619,57.005,14.612239570823425,14.484015321424533,1.6034814799512156,25.705
2026-10-28 06:08:57,68.11008041226813,67.94767850161003,78.61702418471442,121.17,32.010218798918146,32.233280187043,11.443011782532619,57.005,14.612239570823425,14.484015321424533,1.6034814799512156,25.705
2026-10-28 06:23:57,68.11008041226813,67.94767850161003,78.61702418471442,121.17,32.010218798918146,32.233280187043,11.443011782532619,57.005,14.612239570823425,14.484015321424533,1.6034814799512156,25.705
2026-10-28 06:38:57,68.11008041226813,67.94767850161003,78.61702418471442,121.17,32.010218798918146,32.233280187043,11.443011782532619,57.005,14.612239570823425,14.484015321424533,1.6034814799512156,25.705
2026-10-28 06:53:57,68.11008041226813,67.94767850161003,78.61702418471442,121.17,32.010218798918146,32.233280187043,11.443011782532619,57.005,14.612239570823425,14.484015321424533,1.6034814799512156,25.705
2026-10-28 07:08:57,68.11008041226813,67.94767850161003,78.61702418471442,121.17,32.010218798918146,32.233280187043,11.443011782532619,57.005,14.612239570823425,14.484015321424533,1.6034814799512156,25.705
2026-10-28 07:23:57,68.11008041226813,67.94767850161003,78.61702418471442,121.17,32.010218798918146,32.233280187043,11.443011782532619,57.005,14.612239570823425,14.484015321424533,1.6034814799512156,25.705
2026-10-28 07:38:57,68.11008041226813,67.94767850161003,78.61702418471442,121.17,32.010218798918146,32.233280187043,11.443011782532619,57.005,14.612239570823425,14.484015321424533,1.6034814799512156,25.705
2026-10-28 07:53:57,68.11008041226813,67.94767850161003,78.61702418471442,121.17,32.010218798918146,32.233280187043,11.443011782532619,57.005,14.612239570823425,14.484015321424533,1.6034814799512156,25.705
2026-10-28 08:08:57,68.11189876770942,67.95103754914952,78.62003035264613,121.175,32.010218798918146,32.233280187043,11.443011782532619,57.005,14.612239570823425,14.484015321424533,1.6034814799512156,25.705
2026-10-28 08:23:57,68.11189876770942,67.95103754914952,78.62003035264613,121.175,32.010218798918146,32.233280187043,11.443011782532619,57.005,14.612239570823425,14.484015321424533,1.6034814799512156,25.705
2026-10-28 08:38:57,68.11189876770942,67.95103754914952,78.62003035264613,121.175,32.010218798918146,32.233280187043,11.443011782532619,57.005,14.612239570823425,14.484015321424533,1.6034814799512156,25.705
2026-10-28 08:53:57,68.11189876770942,67.95103754914952,78.62003035264613,121.175,32.010218798918146,32.233280187043,11.443011782532619,57.005,14.612239570823425,14.484015321424533,1.6034814799512156,25.705
2026-10-28 09:08:57,68.11642633780417,67.95280755778438,78.62474134545687,121.18,32.010218798918146,32.233280187043,11.443011782532619,57.005,14.612239570823425,14.484015321424533,1.6034814799512156,25.705
2026-10-28 09:23:57,68.11642633780417,67.95280755778438,78.62474134545687,121.18,32.01429646196423,32.23711397592723,11.443735809424956,57.01,14.612239570823425,14.484015321424533,1.6034814799512156,25.705
2026-10-28 09:38:57,68.46594315346438,68.2838718635146,79.02144695577181,121.79,32.15465231709576,32.39918208730499,11.497599190935388,57.28,14.69153038300887,14.545533602363617,1.6106078528341246,25.835
2026-10-28 09:53:57,68.46594315346438,68.2838718635146,79.02144695577181,121.79,32.15465231709576,32.39918208730499,11.497599190935388,57.28,14.69153038300887,14.545533602363617,1.6106078528341246,25.835
2026-10-28 10:08:57,68.46594315346438,68.2838718635146,79.02144695577181,121.79,32.15465231709576,32.39918208730499,11.497599190935388,57.28,14.69153038300887,14.545533602363617,1.6106078528341246,25.835
2026-10-28 10:23:57,68.46594315346438,68.2838718635146,79.02144695577181,121.79,32.15465231709576,32.39918208730499,11.497599190935388,57.28,14.69153038300887,14.545533602363617,1.6106078528341246,25.835
2026-10-28 10:38:57,68.50340851513053,68.32151256221874,79.06793617932051,121.855,32.15949254073978,32.40752559649328,11.501946879094106,57.3,14.695103246966257,14.54852920454881,1.610746983871193,25.84
2026-10-28 10:53:57,68.50340851513053,68.32151256221874,79.06793617932051,121.855,32.15949254073978,32.40752559649328,11.501946879094106,57.3,14.695103246966257,14.54852920454881,1.610746983871193,25.84
2026-10-28 11:08:57,68.50420969966036,68.32260907363316,79.07080023939915,121.86,32.15949254073978,32.40752559649328,11.501946879094106,57.3,14.695103246966257,14.54852920454881,1.610746983871193,25.84
2026-10-28 11:23:57,68.50420969966036,68.32260907363316,79.07080023939915,121.86,32.15949254073978,32.40752559649328,11.501946879094106,57.3,14.695103246966257,14.54852920454881,1.610746983871193,25.84
2026-10-28 11:38:57,68.50420969966036,68.32260907363316,79.07080023939915,121.86,32.15949254073978,32.40752559649328,11.501946879094106,57.3,14.695103246966257,14.54852920454881,1.610746983871193,25.84
2026-10-28 11:53:57,68.50420969966036,68.32260907363316,79.07080023939915,121.86,32.15949254073978,32.40752559649328,11.501946879094106,57.3,14.695103246966257,14.54852920454881,1.610746983871193,25.84
2026-10-28 12:08:57,68.59971441688842,68.4104275616326,79.18558359073927,122.02,32.181145560055306,32.4310190721469,11.510457266843455,57.345,14.703490381213534,14.5561055347111,1.6117773810307379,25.855
