date,low_cpu,low_mem,low_num,low_ttl,mid_cpu,mid_mem,mid_num,mid_ttl,high_cpu,high_mem,high_num,high_ttl
2026-10-07 12:31:44,0.002649072343190494,0.0008357852433228638,0.004516765853858578,0.005,0.0,0.0,0.0,0.0,0.0,0.0,0.0,0.0
2026-10-07 12:46:44,0.017323022408673176,0.014490436806171281,0.01848574989433703,0.03,0.005688131228774484,0.0031660633533773623,0.0024415152245917103,0.01,0.0,0.0,0.0,0.0
2026-10-07 13:01:44,0.0236542345870963,0.022054262314575853,0.023819202266967404,0.04,0.0067196914574313045,0.007153231997148534,0.0035001561089967703,0.015,0.0,0.0,0.0,0.0
2026-10-07 13:16:44,0.036087670862477515,0.031551853645268815,0.03440962928575677,0.06,0.01420855369313189,0.017515874338904624,0.006867588352901754,0.03,0.0,0.0,0.0,0.0
2026-10-07 13:31:44,0.04794642819706308,0.04448985504485781,0.04706333582034024,0.08,0.02372757947524159,0.027184990435519644,0.010407620749136277,0.05,0.0,0.0,0.0,0.0
2026-10-07 13:46:44,0.06464360135435562,0.06709049964226238,0.0663718160873378,0.11,0.02372757947524159,0.027184990435519644,0.010407620749136277,0.05,0.0,0.0,0.0,0.0
2026-10-07 14:01:44,0.08160213744455462,0.08891600814402124,0.08659346003418007,0.14,0.02468911353382974,0.028154690475410832,0.011549736743166684,0.055,0.0,0.0,0.0,0.0
2026-10-07 14:16:44,0.08756925255841391,0.10369486978852092,0.10268788527504477,0.16,0.02468911353382974,0.028154690475410832,0.011549736743166684,0.055,0.0,0.0,0.0,0.0
2026-10-07 14:31:44,0.09713962707208457,0.12030065476115186,0.11195233659970184,0.18,0.02468911353382974,0.028154690475410832,0.011549736743166684,0.055,0.0,0.0,0.0,0.0
2026-10-07 14:46:44,0.12738768942558643,0.14974922368127586,0.1479128928456003,0.235,0.03770387064028492,0.03425292425301832,0.013776058895573866,0.07,0.004781784094282427,0.00279561231621855,0.00016910171547622198,0.005
2026-10-07 15:01:44,0.1330020629372602,0.1546029122591762,0.1539359432936797,0.245,0.039267286534111615,0.035497925701602026,0.014428091210103995,0.075,0.004781784094282427,0.00279561231621855,0.00016910171547622198,0.005
2026-10-07 15:16:44,0.138070235919884,0.1594193645794524,0.1592699885209696,0.255,0.039267286534111615,0.035497925701602026,0.014428091210103995,0.075,0.004781784094282427,0.00279561231621855,0.00016910171547622198,0.005
2026-10-07 15:31:44,0.14079972442993077,0.16495692956715619,0.1651412698448676,0.265,0.039267286534111615,0.035497925701602026,0.014428091210103995,0.075,0.004781784094282427,0.00279561231621855,0.00016910171547622198,0.005
2026-10-07 15:46:44,0.1645843817844893,0.18336742410313253,0.1869460743354216,0.3,0.04025552893359394,0.03685482276094433,0.015084753854158067,0.08,0.004781784094282427,0.00279561231621855,0.00016910171547622198,0.005
2026-10-07 16:01:44,0.18344073002076144,0.19999362542268076,0.20845777670777274,0.33,0.044516284578930566,0.04214788762403808,0.017085570164272885,0.09,0.004781784094282427,0.00279561231621855,0.00016910171547622198,0.005
2026-10-07 16:16:44,0.1897572033439717,0.20265757336362733,0.21590099350449304,0.34,0.04876330977011453,0.045237503561156925,0.018134246504506315,0.095,0.005459559549201049,0.003885347121607923,0.00037913120251931577,0.01
2026-10-07 16:31:44,0.20302141725266862,0.21222280783288988,0.23433472036450648,0.365,0.0543045852371292,0.05083348215844113,0.019643125854040447,0.105,0.011615432682876738,0.009406096094557028,0.0007608627141666498,0.02
2026-10-07 16:46:44,0.20588884272339356,0.2148240636029771,0.2368859886554501,0.37,0.06798184179160574,0.06298614712703643,0.025266318004267395,0.13,0.011615432682876738,0.009406096094557028,0.0007608627141666498,0.02
2026-10-07 17:01:44,0.21742144998983579,0.22828262929332313,0.2552551215168532,0.4,0.07124101809178407,0.06371431485329539,0.026132603372266573,0.135,0.011615432682876738,0.009406096094557028,0.0007608627141666498,0.02
2026-10-07 17:16:44,0.2226312093753145,0.2345195425597212,0.2620026638922229,0.41,0.07511519617374446,0.06727662367060501,0.026713940281784525,0.14,0.015017804058608131,0.010832824821087725,0.0010751573470289297,0.025
2026-10-07 17:31:44,0.24303097926620304,0.2559702147974826,0.28277045356481906,0.445,0.0766726613663974,0.06903978050680697,0.027520670294356647,0.145,0.01728691950978329,0.014300593175206402,0.0013258090497911843,0.03
2026-10-07 17:46:44,0.26322921998458393,0.2744211045449302,0.3033438965360611,0.475,0.08058160968080869,0.06988798296818077,0.028158374164707033,0.15,0.020887156229142265,0.01902488186429758,0.0014940643848872892,0.035
2026-10-07 18:01:44,0.26711322567342327,0.2750949194036249,0.30588243965834916,0.48,0.08058160968080869,0.06988798296818077,0.028158374164707033,0.15,0.020887156229142265,0.01902488186429758,0.0014940643848872892,0.035
2026-10-07 18:16:44,0.27107310768775,0.28185255175163076,0.31332688122732655,0.49,0.08485806835638598,0.07274105106607574,0.030375350710583213,0.16,0.028599357373112918,0.023811152743715047,0.0027658074985212745,0.05
2026-10-07 18:31:44,0.3133904931390868,0.3163868581527553,0.3656673976472677,0.57,0.10081397072595459,0.09615868133871897,0.0379021800991527,0.195,0.04708595772377662,0.04627289749476884,0.004248367445777442,0.08
2026-10-07 18:46:44,0.381543850424921,0.3779043604811966,0.43202895490305704,0.685,0.11909191335475187,0.12091282878486083,0.0459350280477885,0.235,0.07494324834144464,0.07165506500179299,0.006175409248550682,0.115
2026-10-07 19:01:44,0.42116137650157937,0.42335965189815716,0.48753605627305435,0.765,0.15076319483970618,0.14599770467144307,0.055064784479239536,0.28,0.09370053491774295,0.09389526009462346,0.008587688939814734,0.155
2026-10-07 19:16:44,0.4850395380112978,0.48478928326188775,0.565082218942618,0.88,0.20246047057119365,0.19253338059618016,0.07176140985206389,0.36,0.11821519783117995,0.1150834134117563,0.011403603728998912,0.205
2026-10-07 19:31:44,0.5165979235505327,0.5220697686788374,0.5990840001904563,0.935,0.21647563719188814,0.20613550980141093,0.07564400654201664,0.385,0.12788833517937276,0.1223731218044359,0.012690993431730316,0.22
2026-10-07 19:46:44,0.5537826863508848,0.5536931150337827,0.6448854518239735,1.0,0.23946513953816434,0.2301917842921059,0.08227203549180286,0.42,0.13860940463902213,0.13035853314018694,0.01364499676178486,0.235
2026-10-07 20:01:44,0.5806588661638948,0.5737642924963682,0.6714932007357268,1.04,0.24985026227012108,0.23891250466416714,0.08685102993809007,0.44,0.15043003414162107,0.14153481740732843,0.014604586398679996,0.25
2026-10-07 20:16:44,0.6309107658854592,0.6138281697631053,0.7204496808508285,1.11,0.2600066194331341,0.2534485453612602,0.09138356780487712,0.46,0.16091431376207735,0.1526476549433533,0.01573218836236801,0.265
2026-10-07 20:31:44,0.6416275896470179,0.6260849502455031,0.7377518980881302,1.135,0.27852337106446073,0.27293036695076295,0.09732007138462331,0.49,0.1703765185875426,0.15993888698184516,0.016418037841670598,0.275
2026-10-07 20:46:44,0.6644164723445696,0.647427766714722,0.7621356070739074,1.175,0.28375117908124287,0.2770538308646253,0.09939867845816391,0.5,0.17678413075533492,0.16688007076874528,0.017049168011848283,0.285
2026-10-07 21:01:44,0.7042500052031674,0.6869991765019358,0.819781972590744,1.26,0.2906181583708951,0.2905009011652963,0.1029123214770325,0.525,0.18166150550332877,0.17375071993038785,0.01797922650740476,0.3
2026-10-07 21:16:44,0.7205010208357097,0.7091316351143969,0.8416378764801363,1.295,0.2989543131885732,0.29782560536585057,0.10472955371198173,0.54,0.20342175483951572,0.1865277978807642,0.02005253295608951,0.33
2026-10-07 21:31:44,0.782816553134835,0.7741775295535238,0.9127197428699295,1.4,0.33032919571705005,0.3273994447681764,0.11504760195555036,0.585,0.22141213175486593,0.21275381083771294,0.022316432580940956,0.365
2026-10-07 21:46:44,0.8730172426955017,0.8765928596161671,1.0257923611940205,1.57,0.3585141957144508,0.35441505631744397,0.12540244356923644,0.63,0.23648384614445953,0.22844294411087054,0.024040921350590244,0.395
2026-10-07 22:01:44,0.9888697275863437,1.0010424379826524,1.1693686387982092,1.785,0.3948074509988207,0.39013743514063426,0.14085003053431633,0.7,0.25493497810317095,0.24743600799023488,0.02532756653891941,0.42
2026-10-07 22:16:44,1.045520827465984,1.0553676185595764,1.2275760937958706,1.875,0.42186752369532743,0.41456036981514877,0.14946085230327322,0.74,0.2593610724229141,0.2512710459479188,0.025762375116583892,0.43
2026-10-07 22:31:44,1.0890331637906863,1.0939180837537528,1.2649220275246666,1.94,0.44069737426054517,0.43262195529302117,0.15735830864529743,0.775,0.26998178711226495,0.25721599890613006,0.02690070521090515,0.445
2026-10-07 22:46:44,1.1565538049969828,1.164636958839515,1.3448215023612484,2.06,0.4722591870271824,0.46172886919902273,0.1674015049750808,0.825,0.27209580167426056,0.26283842855623457,0.02764849209029072,0.455
2026-10-07 23:01:44,1.2175293466307657,1.2389033490593193,1.4206672264489997,2.17,0.49570968090767914,0.48833879212114334,0.1747453433593645,0.865,0.27209580167426056,0.26283842855623457,0.02764849209029072,0.455
2026-10-07 23:16:44,1.2879177715823653,1.3087915673586887,1.4934381909413237,2.29,0.5258907808413007,0.5125989815925351,0.18311461095998965,0.91,0.28596853511417053,0.27950533285919726,0.029304833469106655,0.485
2026-10-07 23:31:44,1.342651587819304,1.3767522308279936,1.5776025575824701,2.41,0.5572538010024155,0.5519164822661219,0.19350236670462295,0.97,0.3045129895622911,0.30472409099730435,0.03109460948346076,0.52
2026-10-07 23:46:44,1.4503391485230241,1.4845545114009477,1.7041196254308688,2.595,0.6050818158435347,0.5953203822945772,0.210101478932221,1.045,0.32892119446730556,0.3295730005469929,0.03348962471734549,0.57
2026-10-08 00:01:44,1.5053642252385966,1.545174307011574,1.7785513317846644,2.715,0.6313120243996297,0.6215676410440402,0.2207530429222105,1.095,0.3489467870975147,0.3505876136830492,0.03570168295496,0.6
2026-10-08 00:16:44,1.584154526442291,1.6196101620432517,1.8746413107051045,2.86,0.6644131037071221,0.6593957090790442,0.23137985088834695,1.15,0.3637917711474888,0.3713030311912536,0.038001516897793484,0.635
2026-10-08 00:31:44,1.6138213055140718,1.6517590207863588,1.903266794531785,2.91,0.6756355347292238,0.6710058165522391,0.23488055288199403,1.17,0.37471721433090344,0.38118668394253163,0.03895054324846953,0.65
2026-10-08 00:46:44,1.812910130124933,1.839851834075647,2.1272702030881128,3.25,0.751583165252882,0.7470833702892942,0.258908721854185,1.3,0.3900359445387099,0.3956887086594593,0.0405717332214264,0.68
2026-10-08 01:01:44,1.9343605342078458,1.956417335230318,2.2562150480293717,3.455,0.7971445952702402,0.7897911809776712,0.27375743497281163,1.375,0.4252851931066931,0.4349510738334969,0.04467019015794259,0.745
2026-10-08 01:16:44,1.9928518628579932,2.013988186966174,2.3371272523832074,3.575,0.822059239550179,0.8233260497181061,0.28420776571865725,1.43,0.4399664432649991,0.4568020714240582,0.04685271365387928,0.775
2026-10-08 01:31:44,2.0552860910790827,2.070074559670995,2.40537297646571,3.68,0.8572157055931664,0.8552973707672443,0.2972494935964647,1.495,0.4548314525877115,0.477894992327659,0.048783598211858806,0.81
2026-10-08 01:46:44,2.1123390247866833,2.13413238059818,2.4734879151188256,3.795,0.8807711308973213,0.8682131202110359,0.302611073576445,1.525,0.45915437407721865,0.48138022991739526,0.04918553239695698,0.815
2026-10-08 02:01:44,2.1580837777420983,2.1690626284263748,2.5197648836225994,3.865,0.8932796174406307,0.8802610537809256,0.30739633907787406,1.545,0.4682355749676954,0.4901711740635903,0.05011462476738359,0.83
2026-10-08 02:16:44,2.2151607625554326,2.219236920178041,2.578787723096475,3.955,0.9183254272580444,0.9109803301375099,0.3174122584875597,1.59,0.47600352816943087,0.5004655802043216,0.05121219632545633,0.845
2026-10-08 02:31:44,2.2151607625554326,2.219236920178041,2.578787723096475,3.955,0.9224665713051989,0.9156246305504725,0.3179462438537461,1.595,0.47983990059918813,0.5013969594886434,0.05165699677693182,0.85
2026-10-08 02:46:44,2.2492341397156146,2.2656887596756925,2.6295575459205827,4.035,0.9277926381067527,0.9212073792751536,0.32107836454550137,1.61,0.4841180814594144,0.5040426403336632,0.051801667111703614,0.855
2026-10-08 03:01:44,2.2591232649391713,2.277109523380599,2.6410981411480154,4.055,0.9439741102146669,0.9310882814716303,0.32517983570026815,1.635,0.4841180814594144,0.5040426403336632,0.051801667111703614,0.855
2026-10-08 03:16:44,2.292992079049961,2.315850306856171,2.683965654398436,4.12,0.9671187678328644,0.9503489240664887,0.3315541305676211,1.67,0.48527706159149303,0.5046935953591414,0.05215230577613879,0.86
2026-10-08 03:31:44,2.30455315656497,2.325343242237843,2.6957689726933256,4.14,0.9682098609314618,0.9528383991226327,0.33244088779474973,1.675,0.4874678923085965,0.5090857529000143,0.052435209391774235,0.865
2026-10-08 03:46:44,2.322682010817336,2.3454851232100724,2.7198894489070007,4.175,0.9718147394409674,0.9576327313391975,0.3329709982892364,1.68,0.4923412830302394,0.5167130838833133,0.05360137827600659,0.88
2026-10-08 04:01:44,2.36225438789136,2.3861355082386164,2.7711137010923195,4.255,0.979824165520545,0.9732619500698363,0.33914368611649703,1.71,0.504563936099624,0.5215827800159293,0.05445854038153045,0.895
2026-10-08 04:16:44,2.3655091569499618,2.3928274741943167,2.777798108307498,4.265,0.985664016171315,0.9805086493575194,0.3414445681777583,1.72,0.5090976924054361,0.5258253476724695,0.05465693469861168,0.9
2026-10-08 04:31:44,2.3655091569499618,2.3928274741943167,2.777798108307498,4.265,0.985664016171315,0.9805086493575194,0.3414445681777583,1.72,0.5090976924054361,0.5258253476724695,0.05465693469861168,0.9
2026-10-08 04:46:44,2.379911253351199,2.4161576534607785,2.7964471424166715,4.295,0.9987102790076368,0.9924951500395416,0.3460175187215161,1.74,0.5197126348935587,0.5360911236796864,0.05562085288232989,0.92
2026-10-08 05:01:44,2.417453559289156,2.451936683962472,2.840347053376584,4.365,1.0050782054319067,1.0033396389201044,0.34923312070435014,1.755,0.5239454058253605,0.540277620592641,0.05595802119992552,0.925
2026-10-08 05:16:44,2.440176549667786,2.472540457440659,2.8695970103334245,4.405,1.0050782054319067,1.0033396389201044,0.34923312070435014,1.755,0.5254937354656162,0.5421365746117677,0.05637275554486668,0.93
2026-10-08 05:31:44,2.478884378287038,2.5112298347316786,2.91425146077572,4.465,1.0161236207749762,1.0108896184018992,0.3522544471871617,1.77,0.5254937354656162,0.5421365746117677,0.05637275554486668,0.93
2026-10-08 05:46:44,2.492474188315593,2.522613254699113,2.9303821967334014,4.49,1.0231454644139788,1.0225939761170906,0.3553779096823253,1.785,0.5274471293858926,0.5449388511162586,0.05657547733787178,0.935
2026-10-08 06:01:44,2.503646192458331,2.531576360575156,2.9401594285258756,4.505,1.0240065642377663,1.0256333277654066,0.35610265409648106,1.79,0.5274471293858926,0.5449388511162586,0.05657547733787178,0.935
2026-10-08 06:16:44,2.5286392589044024,2.549779576881413,2.9640405061725836,4.54,1.0401072341987339,1.0415184875639218,0.3630994541878719,1.825,0.5319992387112932,0.5486224902462015,0.056924649697377,0.94
2026-10-08 06:31:44,2.5797259368906293,2.591145499949734,3.0171937324524802,4.62,1.0553224072731775,1.0539505792820927,0.36844650374263593,1.85,0.5319992387112932,0.5486224902462015,0.056924649697377,0.94
2026-10-08 06:46:44,2.6112444675733752,2.622050729767262,3.0613606154938044,4.685,1.081775923354047,1.0782533772327794,0.3764520621533687,1.89,0.5375045962545513,0.5515118759790937,0.05737469750323308,0.95
2026-10-08 07:01:44,2.6521692824604877,2.656988570947294,3.1010495065363872,4.755,1.1003063620738847,1.101109911351719,0.3827108548368785,1.925,0.5462369042815145,0.5580348764206265,0.058451441740564256,0.965
2026-10-08 07:16:44,2.6905617220473834,2.7027020860984137,3.1515438091261245,4.835,1.1222677515667487,1.1227354862247012,0.3904655341910577,1.97,0.5655969632382915,0.5727714934688881,0.06073968199350836,0.995
2026-10-08 07:31:44,2.7209982672370523,2.740251504860944,3.1987818880080843,4.905,1.13520882670605,1.1359866327692636,0.39561788919755286,1.995,0.5698824845071943,0.5750287073440492,0.06140083867301214,1.005
2026-10-08 07:46:44,2.747974311548534,2.7682903244664567,3.231758099779294,4.95,1.1675403082949674,1.16750741743617,0.40528915633927387,2.045,0.5731822386137657,0.5773706281048824,0.06161387590468509,1.01
2026-10-08 08:01:44,2.8471792190721867,2.865966344807507,3.3372600656226052,5.12,1.1840487956994288,1.181446783794471,0.4092577777248444,2.07,0.5827370860700959,0.5885268181521741,0.0630889069000588,1.035
2026-10-08 08:16:44,2.8855508893328956,2.89075497002922,3.371695510779919,5.175,1.200167119879667,1.192713026152334,0.41363233424483076,2.095,0.5827370860700959,0.5885268181521741,0.0630889069000588,1.035
2026-10-08 08:31:44,2.948522213150617,2.954621469175232,3.443394831114157,5.285,1.2351835949761465,1.2225508088866532,0.42540389973596354,2.15,0.6172757677816714,0.6154663899924571,0.06648082014061624,1.085
2026-10-08 08:46:44,2.9862029898216327,2.9905514209161486,3.4888216598282065,5.355,1.2492674179687326,1.2426005425517013,0.4313206941164113,2.18,0.6172757677816714,0.6154663899924571,0.06648082014061624,1.085
2026-10-08 09:01:44,3.000139602640774,3.0031188693482385,3.510222380155857,5.385,1.2596275070224703,1.2520218162112586,0.4343674790557288,2.195,0.6243668698941975,0.6216555996202736,0.06721746699435298,1.095
2026-10-08 09:16:44,3.0283011348331805,3.0326160783682976,3.544117890736696,5.435,1.2713740440977077,1.2627632982055237,0.4367067821967918,2.21,0.6319009559296475,0.6334380781201238,0.06828575202177757,1.11
2026-10-08 09:31:44,3.056953801109753,3.0561092897072584,3.577103215815174,5.48,1.2838425078195532,1.2698022356336955,0.4403118261636217,2.23,0.6326095447215092,0.6367875018184957,0.06864738807474469,1.115
2026-10-08 09:46:44,3.0992533250126817,3.0926652895263422,3.6247915918282096,5.555,1.299115154164131,1.2838192274902764,0.44495944796746545,2.255,0.6424224192775604,0.6486223553542049,0.06976234150479212,1.14
2026-10-08 10:01:44,3.1318625244183136,3.1372786202157044,3.672965270152381,5.63,1.3161243376643286,1.3033121392490619,0.45403964970819594,2.295,0.6626329879463901,0.6625152574166574,0.07171236145643532,1.175
2026-10-08 10:16:44,3.168640743796333,3.186330507152744,3.7187293106737966,5.705,1.3191566815692657,1.3052287991737543,0.45510142409675153,2.3,0.6737875362527878,0.6726188343250592,0.07262863130035802,1.195
2026-10-08 10:31:44,3.180883392786511,3.1995981368650077,3.7386002030133287,5.73,1.3244298653339877,1.3139888564175575,0.4573518611994371,2.31,0.6813896979194619,0.6744964471667154,0.07318676440463108,1.205
2026-10-08 10:46:44,3.2011739000517103,3.2175373595920096,3.7634278883139762,5.765,1.3251923923768074,1.3152448528138456,0.4586831502548413,2.315,0.6813896979194619,0.6744964471667154,0.07318676440463108,1.205
2026-10-08 11:01:44,3.2173573711826915,3.2340442632836433,3.776818505961347,5.79,1.3261774319714126,1.318554727205129,0.45952125020531925,2.32,0.6813896979194619,0.6744964471667154,0.07318676440463108,1.205
2026-10-08 11:16:44,3.223170360969338,3.2383778505656755,3.783751338418976,5.8,1.3280925624412432,1.32134293441633,0.4606694609845638,2.325,0.6813896979194619,0.6744964471667154,0.07318676440463108,1.205
2026-10-08 11:31:44,3.236960908242279,3.250016297388948,3.7941539685428953,5.82,1.3329087754967293,1.3227572312638456,0.46236511860609986,2.335,0.6813896979194619,0.6744964471667154,0.07318676440463108,1.205
2026-10-08 11:46:44,3.2729012662850403,3.283840278723858,3.8331268585384657,5.88,1.341479155045326,1.329029014052352,0.46411770362116933,2.345,0.6824294434466072,0.676108242284281,0.07338699903029555,1.21
2026-10-08 12:01:44,3.2984990682196322,3.3145257204360616,3.863579048732821,5.93,1.3539291920011929,1.3386709226682647,0.4689639207241877,2.37,0.6834881224049926,0.6803749952953573,0.07372466155560217,1.215
2026-10-08 12:16:44,3.340614065599591,3.3569733619635467,3.9066610427545783,6.005,1.3585474295517328,1.340566641868414,0.4711124540081543,2.38,0.6834881224049926,0.6803749952953573,0.07372466155560217,1.215
2026-10-08 12:31:44,3.3699501425623164,3.3827846756339714,3.9349896649278064,6.045,1.366896282215798,1.3539531782127747,0.47537127755358033,2.4,0.6834881224049926,0.6803749952953573,0.07372466155560217,1.215
2026-10-08 12:46:44,3.393001077664808,3.3988348332628435,3.959181262662837,6.08,1.3853368243052029,1.3635889738228546,0.479338241297337,2.425,0.6884040980624554,0.682615593344867,0.07420587659007037,1.22
2026-10-08 13:01:44,3.421114436701153,3.417396091116441,3.988046289815386,6.125,1.3853368243052029,1.3635889738228546,0.479338241297337,2.425,0.6884040980624554,0.682615593344867,0.07420587659007037,1.22
2026-10-08 13:16:44,3.4244358920060307,3.4209152141492623,3.992160083399704,6.13,1.3870745618001605,1.3654111741552324,0.4802357177130289,2.43,0.6927297070907191,0.6847371124661656,0.07457191046588943,1.225
2026-10-08 13:31:44,3.4360716335551023,3.4385134783316724,4.011923806479831,6.155,1.3930556412515658,1.3722155550730282,0.48329193476769655,2.445,0.6927297070907191,0.6847371124661656,0.07457191046588943,1.225
2026-10-08 13:46:44,3.450167813834942,3.4488721169526166,4.029206995944544,6.18,1.396811760319824,1.3749030133480828,0.48519091950025567,2.455,0.6927297070907191,0.6847371124661656,0.07457191046588943,1.225
2026-10-08 14:01:44,3.4620476024284366,3.466919821256472,4.044709811223581,6.205,1.4035028921817962,1.3831062316547933,0.48746553962627215,2.47,0.6927297070907191,0.6847371124661656,0.07457191046588943,1.225
2026-10-08 14:16:44,3.471071985228329,3.4803844551918384,4.06014927551328,6.225,1.4240650465285565,1.4019362105494524,0.4934831792840862,2.5,0.6927297070907191,0.6847371124661656,0.07457191046588943,1.225
2026-10-08 14:31:44,3.491827544017396,3.498042519208043,4.083469886879088,6.26,1.4293054067797286,1.4065421410053798,0.4947731960095488,2.51,0.6927297070907191,0.6847371124661656,0.07457191046588943,1.225
2026-10-08 14:46:44,3.505833434495186,3.5092627204428366,4.096718032151383,6.28,1.4331970729185897,1.4071847788335368,0.4953772833438249,2.515,0.6927297070907191,0.6847371124661656,0.07457191046588943,1.225
2026-10-08 15:01:44,3.505833434495186,3.5092627204428366,4.096718032151383,6.28,1.440735341708866,1.4126881255988135,0.49932605512630984,2.53,0.6927297070907191,0.6847371124661656,0.07457191046588943,1.225
2026-10-08 15:16:44,3.514463457903162,3.5174602420120005,4.104327869694825,6.295,1.4424085621112566,1.4139034603279248,0.5002755924807558,2.535,0.6927297070907191,0.6847371124661656,0.07457191046588943,1.225
2026-10-08 15:31:44,3.5253020235224675,3.5300543993284643,4.1261376829586585,6.32,1.4481662964930242,1.4188193720217293,0.5026866437125658,2.545,0.6985421491775317,0.6922417146610051,0.07526897678009499,1.235
2026-10-08 15:46:44,3.5349591187396574,3.541010691665139,4.137563994127342,6.335,1.4553524316483075,1.4253857251483857,0.5050136671837664,2.555,0.6985421491775317,0.6922417146610051,0.07526897678009499,1.235
2026-10-08 16:01:44,3.537678071516806,3.5503454184758527,4.144312979113469,6.345,1.4597226581327067,1.4318349378037576,0.5070270232831905,2.565,0.6985421491775317,0.6922417146610051,0.07526897678009499,1.235
2026-10-08 16:16:44,3.543625895338511,3.555061438239486,4.149363160758041,6.355,1.4597226581327067,1.4318349378037576,0.5070270232831905,2.565,0.6985421491775317,0.6922417146610051,0.07526897678009499,1.235
2026-10-08 16:31:44,3.557951170861543,3.569022952847287,4.166989613059333,6.38,1.463303201598988,1.4341235811332196,0.5081267893465289,2.57,0.6985421491775317,0.6922417146610051,0.07526897678009499,1.235
2026-10-08 16:46:44,3.569622922204737,3.5806921781578205,4.1800876015771955,6.4,1.463303201598988,1.4341235811332196,0.5081267893465289,2.57,0.7014654927204704,0.6945298079755744,0.07557311943713284,1.24
2026-10-08 17:01:44,3.5737410695632463,3.581738737750124,4.181714434947744,6.405,1.463303201598988,1.4341235811332196,0.5081267893465289,2.57,0.7014654927204704,0.6945298079755744,0.07557311943713284,1.24
2026-10-08 17:16:44,3.583939607079858,3.587168788417846,4.189146745259746,6.42,1.4710198280113496,1.442487885784103,0.5103173696364144,2.58,0.7014654927204704,0.6945298079755744,0.07557311943713284,1.24
2026-10-08 17:31:44,3.609626096121839,3.607156970269464,4.216529416764547,6.46,1.4710198280113496,1.442487885784103,0.5103173696364144,2.58,0.7059772164576303,0.6956616714576201,0.07606510450043283,1.245
2026-10-08 17:46:44,3.618806561973364,3.618329415318806,4.225605348988922,6.48,1.4710198280113496,1.442487885784103,0.5103173696364144,2.58,0.7059772164576303,0.6956616714576201,0.07606510450043283,1.245
2026-10-08 18:01:44,3.624659643473399,3.621055197213693,4.229356728771872,6.49,1.4710198280113496,1.442487885784103,0.5103173696364144,2.58,0.7105653388377713,0.6974236397971953,0.07634847012378655,1.25
2026-10-08 18:16:44,3.642805592090625,3.6365001485941963,4.244016812373662,6.52,1.4716548293567917,1.4436599601937126,0.5116841892545244,2.585,0.7119655888080565,0.6990508199943789,0.07648734928013312,1.255
2026-10-08 18:31:44,3.6962517635045256,3.685246860950948,4.300791924541292,6.61,1.5025991820856661,1.4738407218391905,0.5232234286297596,2.645,0.7199631547172576,0.7082397439159218,0.07740417337623612,1.27
2026-10-08 18:46:44,3.751279721830307,3.740069294620684,4.363885806900904,6.715,1.507783096917729,1.481501317366471,0.528111017820627,2.665,0.7283453996950675,0.7187762275784295,0.07820873440605201,1.285
2026-10-08 19:01:44,3.7888246328566577,3.7787844015765923,4.399618729915248,6.775,1.5219395519678298,1.495686784096709,0.5309866596849895,2.685,0.7366275527647507,0.722383431046784,0.07910494598116259,1.295
2026-10-08 19:16:44,3.8699419965202853,3.8557660478420073,4.490935200980404,6.91,1.5386634928068188,1.5090538072899198,0.5362836911209408,2.71,0.7559971628939973,0.7426825789820329,0.08141675437515877,1.325
2026-10-08 19:31:44,3.909302332583668,3.8998704353557048,4.544225539731634,6.995,1.5588224246322948,1.5276198531360003,0.5431383449447034,2.745,0.7695238207671584,0.7539516933918639,0.0824797305571518,1.345
2026-10-08 19:46:44,3.940290019439658,3.9289839094413064,4.581043803511365,7.05,1.5811590897594794,1.5456334781283607,0.5512061504078837,2.785,0.7723073083135096,0.7555452856052057,0.08273271793756487,1.35
2026-10-08 20:01:44,4.02740243068208,4.005483747663758,4.665524213177583,7.185,1.6030678173085353,1.5705536433760576,0.5621807583854477,2.83,0.7888743805431726,0.771582838436644,0.08425093088434721,1.375
2026-10-08 20:16:44,4.067646453658011,4.033221989327479,4.715841075831694,7.26,1.6148953438278628,1.5782488623709372,0.5667191934221929,2.85,0.7957099683535848,0.7854334142781115,0.08518548280538182,1.395
2026-10-08 20:31:44,4.135395862705449,4.111393724889497,4.806184031599,7.395,1.6305719423227498,1.5918159420436195,0.573796144071164,2.885,0.8083315389352855,0.8008112532059647,0.08717722852626827,1.425
2026-10-08 20:46:44,4.201735632895868,4.182555387350714,4.878028788248515,7.525,1.6606347486284898,1.6210460821881458,0.5828077689662254,2.935,0.8133303163786815,0.8095974221994114,0.08784415011490289,1.435
2026-10-08 21:01:44,4.251179113445347,4.242028092897884,4.946353681956776,7.625,1.6871604911873517,1.645160573506394,0.5919705242068966,2.98,0.8307116835260678,0.8232187935062232,0.0893331046254488,1.46
2026-10-08 21:16:44,4.285617437896397,4.286621539768437,4.991250714374727,7.695,1.6957087043684311,1.6545940226199574,0.5948650699136915,3.0,0.8552823115133656,0.8422002758686685,0.0917372110803397,1.505
2026-10-08 21:31:44,4.3593012496030665,4.345526975412801,5.061486042200755,7.805,1.7291341629417674,1.6762962159940424,0.6041496036611642,3.045,0.8666058832121852,0.855201677199117,0.09346158054506688,1.53
2026-10-08 21:46:44,4.395473288540309,4.379485208332411,5.112479475437874,7.88,1.7713094611940234,1.7138652551413969,0.6180993761817076,3.115,0.8741285263235337,0.8631395100414796,0.09437879367508037,1.545
2026-10-08 22:01:44,4.450361301698015,4.437145641002566,5.173185573356536,7.98,1.7995528156739762,1.742173396034956,0.6269936598331938,3.165,0.8788094730951236,0.8705068294482289,0.0949299465782394,1.555
2026-10-08 22:16:44,4.475840409864113,4.458680809935507,5.1913880041597915,8.015,1.8077921984142307,1.7507196058293049,0.6300996961458598,3.18,0.890059790736414,0.8832508093366392,0.0972369208377321,1.585
2026-10-08 22:31:44,4.51422126449448,4.506570148025198,5.245707989889153,8.095,1.8500515549687215,1.7913262136168877,0.6456960751873959,3.25,0.9105697958393884,0.8949903333030019,0.09908287888993744,1.615
2026-10-08 22:46:44,4.60154228952828,4.602684418496302,5.346330893652806,8.255,1.8924829616466445,1.8295917128942927,0.6603060674326471,3.32,0.9234400765288825,0.909956315496106,0.10017366356789031,1.635
2026-10-08 23:01:44,4.738651196575317,4.73580729842303,5.492666867966475,8.49,1.9686485907310536,1.8992940486093193,0.682066362956542,3.43,0.9575811752707538,0.9476215711036022,0.10445834381174014,1.695
2026-10-08 23:16:44,4.844592007095921,4.863639997217,5.6205292882329045,8.685,2.0288220642924015,1.9483571160039428,0.7028730531815771,3.525,0.9656282317353067,0.9619238664288,0.10559468609412938,1.715
2026-10-08 23:31:44,4.956191323947575,4.974122274362753,5.748541060904002,8.89,2.093155674483095,1.999612301827893,0.7206326933452387,3.62,0.9805156768650369,0.9737281274955137,0.10757979246048578,1.745
2026-10-08 23:46:44,5.024513412654418,5.036408350237827,5.821655076886793,9.005,2.138390220718042,2.047925852945188,0.7356269170789187,3.7,1.0016816566844975,0.9907670350338309,0.10940975344685377,1.775
2026-10-09 00:01:44,5.066017993007478,5.071522408063362,5.868618559768375,9.07,2.1526254058896854,2.0625760323133546,0.7398670794837671,3.725,1.0016816566844975,0.9907670350338309,0.10940975344685377,1.775
2026-10-09 00:16:44,5.17657143075124,5.185876114697546,5.993131416534463,9.27,2.1892616654333366,2.0990328934257714,0.7538398270417388,3.785,1.0383104627016198,1.022674987681405,0.11369570148326844,1.835
2026-10-09 00:31:44,5.241362530325033,5.253870644280027,6.068000219666931,9.385,2.2462411951125345,2.16164160404325,0.7751559520679105,3.895,1.0625973050438682,1.0608334288856966,0.11641118460882714,1.885
2026-10-09 00:46:44,5.319084817523109,5.327998357801883,6.145767466427307,9.52,2.2900604772103774,2.209374070693957,0.7894992994835944,3.97,1.0850975610609823,1.0880983051424014,0.1196087926624433,1.94
2026-10-09 01:01:44,5.3319066557331,5.338670346612061,6.154346698513718,9.535,2.3173908756957107,2.235667387410469,0.7987170844996274,4.01,1.087071461431443,1.089231577566775,0.12006727190768698,1.945
2026-10-09 01:16:44,5.416320954675494,5.434658099231502,6.261196221825639,9.71,2.374047443148356,2.2921453129593754,0.8194436899875434,4.11,1.1140776331819293,1.115678901556009,0.12269580641900181,1.99
2026-10-09 01:31:44,5.504204886857211,5.5205628611218485,6.350416786967108,9.86,2.4218903140718924,2.3406960253055207,0.8354999838786464,4.19,1.1418499513124227,1.1425925446950331,0.12561762852791894,2.03
2026-10-09 01:46:44,5.592400313896269,5.60928258563303,6.445438603019204,10.0,2.489816091983764,2.4101210532333335,0.8575475093573757,4.305,1.1576845216423697,1.1613127984357783,0.12777634536976817,2.065
2026-10-09 02:01:44,5.640868421692215,5.6530333122271195,6.503268521638612,10.085,2.5271580831937794,2.461707746396591,0.8727191715134317,4.38,1.1644387703398023,1.174074918280963,0.12897087577109986,2.085
2026-10-09 02:16:44,5.669976482459036,5.684355271090229,6.543065804060852,10.14,2.550573846037955,2.493279417507567,0.8827401638207223,4.425,1.1660294128277189,1.1750415135900862,0.12946800801684094,2.09
2026-10-09 02:31:44,5.710762808312257,5.730761861381623,6.588068211361026,10.215,2.5720042075245866,2.5144242666643057,0.8901520876455927,4.465,1.1768291706505078,1.1861354276187626,0.13083806587457694,2.11
2026-10-09 02:46:44,5.71715866219075,5.738182905073897,6.597112074790543,10.23,2.576525817359195,2.522338567835283,0.8921854210976337,4.475,1.1768291706505078,1.1861354276187626,0.13083806587457694,2.11
2026-10-09 03:01:44,5.7218994848391835,5.744708072137233,6.601891707983726,10.24,2.586446386801328,2.528852484016306,0.8950381529355572,4.49,1.1793674188726164,1.1908515418991747,0.13120294859909423,2.115
2026-10-09 03:16:44,5.759457586311999,5.777838418650785,6.63606335757331,10.295,2.610741167958247,2.565410692459659,0.9057969833189193,4.54,1.1847081067259708,1.19701202625286,0.13186175795162947,2.125
2026-10-09 03:31:44,5.810372812908961,5.832085335175087,6.687669191460019,10.39,2.643903379259569,2.5887356124474428,0.9162272042353766,4.595,1.2013248958089064,1.2135724253931497,0.1339409642552488,2.16
2026-10-09 03:46:44,5.890350732248432,5.912957654390761,6.770922969930374,10.525,2.66575087306065,2.6245265600783405,0.9270305275026668,4.645,1.2178318528356187,1.231189142867325,0.13589989580019557,2.19
2026-10-09 04:01:44,5.94175298224799,5.961174132455189,6.835264496059535,10.62,2.7239297487552796,2.679928795947638,0.9470470882259866,4.74,1.2320605984834205,1.2506842338306414,0.13811591129315884,2.225
2026-10-09 04:16:44,5.9740408621242445,5.997664069557246,6.871646910186145,10.675,2.7583540381976244,2.706609383403545,0.9591540693279368,4.8,1.2454979638744472,1.267340133796902,0.13992741010346088,2.25
2026-10-09 04:31:44,6.005114601408492,6.016418975342576,6.9006373391228575,10.715,2.773428727487792,2.721613810541551,0.964369886575502,4.825,1.2569776409190687,1.2796266937025254,0.140711027855476,2.265
2026-10-09 04:46:44,6.024983020601289,6.028498381664338,6.915787060052428,10.745,2.785239301094512,2.732649705562472,0.9691817172986057,4.85,1.2641492439171675,1.2847227078941745,0.1412581181998949,2.275
2026-10-09 05:01:44,6.037993358066166,6.038970319949096,6.93029928895597,10.765,2.797889060263106,2.74349604041055,0.9727722818599037,4.875,1.2669470013594826,1.288817202299639,0.14147395316936415,2.28
2026-10-09 05:16:44,6.055182779572316,6.052591352101294,6.9417014280022915,10.79,2.799407957215603,2.745743069725857,0.9740996236119914,4.88,1.2707607968058872,1.2910963553310555,0.14178845848860852,2.285
2026-10-09 05:31:44,6.106103114883491,6.120445288437917,7.005659766913234,10.89,2.814113032410132,2.758061247186148,0.9789676330680693,4.91,1.2899540132437244,1.306663950559249,0.1438371460386147,2.315
2026-10-09 05:46:44,6.125861256513503,6.136270349327065,7.028688691225329,10.92,2.81805000858533,2.7661473817530173,0.9810361336715286,4.92,1.2938260742116645,1.3086603583670922,0.14399820413052766,2.32
2026-10-09 06:01:44,6.158775445089609,6.171307953634256,7.06418009849291,10.97,2.8306879351733194,2.7792317621994083,0.9848653653273006,4.945,1.2938260742116645,1.3086603583670922,0.14399820413052766,2.32
2026-10-09 06:16:44,6.194069215701481,6.215023488776325,7.106515449810155,11.04,2.8534895333007784,2.7960479005750205,0.9921141058507352,4.985,1.2988008517010912,1.3149624762152783,0.14466412488424166,2.33
2026-10-09 06:31:44,6.213389455481122,6.236250450158476,7.126890367522915,11.07,2.86292720014778,2.8033557537221694,0.9941185415688437,4.995,1.2988008517010912,1.3149624762152783,0.14466412488424166,2.33
2026-10-09 06:46:44,6.2401529190234974,6.257911222898074,7.1580659710440555,11.115,2.8779210032324642,2.815567591735105,1.0000615463224822,5.02,1.3026510875629298,1.3172121018315002,0.14490574928839897,2.335
2026-10-09 07:01:44,6.252417699296713,6.269337302631074,7.175888061166475,11.135,2.8915572868308272,2.8261385741737075,1.0050587374115139,5.045,1.3175826729384523,1.3328932963988274,0.14664363279474998,2.365
2026-10-09 07:16:44,6.2738592888399864,6.296235108938428,7.203517849333572,11.175,2.8955070789779165,2.8359865513498135,1.00839177089348,5.06,1.3250195259869504,1.3376894075274415,0.14739148358893317,2.375
2026-10-09 07:31:44,6.283712745382726,6.314832414641005,7.222094222605069,11.2,2.905880890305324,2.8497583228359837,1.0128709038717638,5.08,1.3250195259869504,1.3376894075274415,0.14739148358893317,2.375
2026-10-09 07:46:44,6.30467484822144,6.340154042318661,7.251117927980595,11.24,2.914117999962655,2.857270461550759,1.016304210653985,5.1,1.3250195259869504,1.3376894075274415,0.14739148358893317,2.375
2026-10-09 08:01:44,6.341985869843305,6.380568845270441,7.288177318756528,11.305,2.9351669211227085,2.8772799242634397,1.0216763227276602,5.13,1.3311693437603593,1.3442253256060086,0.1481621077890334,2.385
2026-10-09 08:16:44,6.346587091416039,6.385228064871467,7.291774802128004,11.31,2.9376643056343505,2.879288794532739,1.023167775992922,5.135,1.3382169663080485,1.3499094552272515,0.1487531636416262,2.395
2026-10-09 08:31:44,6.359908527989317,6.395262980665295,7.306506511264886,11.33,2.9430271945101953,2.8842126083869375,1.025062058408426,5.145,1.3382169663080485,1.3499094552272515,0.1487531636416262,2.395
2026-10-09 08:46:44,6.371578714183011,6.405656365149011,7.318588358174185,11.35,2.951127554836437,2.900566398662344,1.0288478449054723,5.165,1.3474269724018355,1.3600045252602777,0.1494010678792864,2.41
2026-10-09 09:01:44,6.375579950345057,6.413681755050663,7.324891662578423,11.36,2.951127554836437,2.900566398662344,1.0288478449054723,5.165,1.349980834021442,1.3620192994005045,0.14965865145758464,2.415
2026-10-09 09:16:44,6.439306159668022,6.496639824851799,7.40906038465301,11.485,2.9745798713709966,2.938591248107352,1.0392714742235365,5.22,1.374208731952813,1.384757131137386,0.15198831101597304,2.465
2026-10-09 09:31:44,6.478332080366354,6.541783902577208,7.461281008962886,11.565,2.9914677175393214,2.9595510149469897,1.047369713025421,5.255,1.3936130066069203,1.3971843052923283,0.15356144304554056,2.495
2026-10-09 09:46:44,6.49603352415104,6.568687136334521,7.489501995255023,11.605,3.0064335110477383,2.9781280995178774,1.0527210805632243,5.285,1.4036704119327896,1.402936021807788,0.1542805980694758,2.51
2026-10-09 10:01:44,6.563149049461443,6.627278203462679,7.548276720593244,11.705,3.018880524185085,2.989739168658545,1.056588029757423,5.305,1.4107432665155248,1.4105017010516052,0.15500825125888482,2.525
2026-10-09 10:16:44,6.610163011139049,6.665977354837526,7.604857027497802,11.79,3.065895832065483,3.0311777334745758,1.0724665305353744,5.375,1.4200916719610994,1.4198978226982442,0.15620763665154772,2.545
2026-10-09 10:31:44,6.623048260943774,6.676570285943258,7.620310410668057,11.81,3.067647217573119,3.0326356460048247,1.073132525200145,5.38,1.4200916719610994,1.4198978226982442,0.15620763665154772,2.545
2026-10-09 10:46:44,6.630553556074179,6.683301497638417,7.6263436545152885,11.82,3.067647217573119,3.0326356460048247,1.073132525200145,5.38,1.4200916719610994,1.4198978226982442,0.15620763665154772,2.545
2026-10-09 11:01:44,6.637291932573082,6.694444937499493,7.638324719329756,11.84,3.079598111806193,3.037173958804273,1.0762855409003327,5.395,1.4200916719610994,1.4198978226982442,0.15620763665154772,2.545
2026-10-09 11:16:44,6.6602468606434675,6.712284844244469,7.656010404579901,11.87,3.0827816176147214,3.039534553956834,1.0773452630104634,5.4,1.425193883522108,1.4258523030427293,0.15685122841317523,2.56
2026-10-09 11:31:44,6.66610694178758,6.715988656165514,7.6636159510863395,11.88,3.0872102396855494,3.0443143773101053,1.0784818113830517,5.405,1.425193883522108,1.4258523030427293,0.15685122841317523,2.56
2026-10-09 11:46:44,6.710918151919727,6.755334921840152,7.715873935950033,11.95,3.099243487072889,3.054532952776931,1.0844426576424395,5.435,1.4373396314274367,1.441393537587789,0.158141588600358,2.58
2026-10-09 12:01:44,6.767276339110186,6.811432312692818,7.783206471596414,12.055,3.112907246286318,3.0691968268573304,1.0893163386539741,5.465,1.4373396314274367,1.441393537587789,0.158141588600358,2.58
2026-10-09 12:16:44,6.789413265366368,6.831926585374328,7.810266936710216,12.095,3.119988124449346,3.0806202430560385,1.0935656268220684,5.485,1.4457950347092932,1.4483539711358793,0.15858509569375281,2.59
2026-10-09 12:31:44,6.805616975840461,6.842456447735743,7.822874662576171,12.115,3.121570030272435,3.083437909028037,1.094987480978861,5.49,1.4494736310637502,1.4510648987267596,0.1590826095351227,2.595
2026-10-09 12:46:44,6.805616975840461,6.842456447735743,7.822874662576171,12.115,3.1256569981611855,3.0865444896294525,1.095543096453933,5.495,1.4494736310637502,1.4510648987267596,0.1590826095351227,2.595
2026-10-09 13:01:44,6.817087845799296,6.8568810784988425,7.833999072704528,12.135,3.1289088555509954,3.087611393710539,1.0964337961284554,5.5,1.4494736310637502,1.4510648987267596,0.1590826095351227,2.595
2026-10-09 13:16:44,6.834366813305453,6.8708789514534185,7.847943528489152,12.155,3.133544002933984,3.090817917453814,1.097577565718074,5.505,1.4494736310637502,1.4510648987267596,0.1590826095351227,2.595
2026-10-09 13:31:44,6.851565404349013,6.881310986571525,7.86505587974221,12.18,3.133544002933984,3.090817917453814,1.097577565718074,5.505,1.4494736310637502,1.4510648987267596,0.1590826095351227,2.595
2026-10-09 13:46:44,6.861271692577317,6.891516919570807,7.884970331470021,12.205,3.136629288064814,3.0944166980624597,1.0981508726324318,5.51,1.4494736310637502,1.4510648987267596,0.1590826095351227,2.595
2026-10-09 14:01:44,6.898530087171235,6.924130880204955,7.919408384981445,12.26,3.144045175878638,3.104627726147989,1.1005054005222754,5.525,1.4537460825180535,1.4554057748727032,0.15953129679480352,2.6
2026-10-09 14:16:44,6.907010356035214,6.934432877551986,7.9300555242426976,12.275,3.1494772524834245,3.1131311378953748,1.1022242635172188,5.535,1.4537460825180535,1.4554057748727032,0.15953129679480352,2.6
2026-10-09 14:31:44,6.910177546080345,6.935980974758519,7.932424490900691,12.28,3.153691172434575,3.115098394269808,1.1034353309382148,5.54,1.4537460825180535,1.4554057748727032,0.15953129679480352,2.6
2026-10-09 14:46:44,6.910177546080345,6.935980974758519,7.932424490900691,12.28,3.153691172434575,3.115098394269808,1.1034353309382148,5.54,1.4537460825180535,1.4554057748727032,0.15953129679480352,2.6
2026-10-09 15:01:44,6.925803296261328,6.94620763698836,7.946497482131991,12.3,3.153691172434575,3.115098394269808,1.1034353309382148,5.54,1.4537460825180535,1.4554057748727032,0.15953129679480352,2.6
2026-10-09 15:16:44,6.942147849159474,6.965392080799367,7.959821619602825,12.325,3.1569446250874273,3.1158103490565034,1.1048888711130063,5.545,1.4544196807476277,1.4567512887621128,0.1598088086797166,2.605
2026-10-09 15:31:44,6.943715829261795,6.968771484161231,7.962410977304385,12.33,3.160045630558368,3.1177286184759714,1.1055217979620442,5.55,1.4544196807476277,1.4567512887621128,0.1598088086797166,2.605
2026-10-09 15:46:44,6.944407501650217,6.971486567598794,7.9668089307906085,12.335,3.160045630558368,3.1177286184759714,1.1055217979620442,5.55,1.4544196807476277,1.4567512887621128,0.1598088086797166,2.605
2026-10-09 16:01:44,6.94939120060654,6.975408609062852,7.973065329614936,12.345,3.164799959664067,3.1249998500052123,1.1075927582107894,5.56,1.4544196807476277,1.4567512887621128,0.1598088086797166,2.605
2026-10-09 16:16:44,6.963278290623786,6.98838611823481,7.991708991257036,12.37,3.169038326296342,3.1257011025686405,1.1086102281238155,5.565,1.4544196807476277,1.4567512887621128,0.1598088086797166,2.605
2026-10-09 16:31:44,6.968128247618072,6.9923772016935235,7.996285790473378,12.375,3.169038326296342,3.1257011025686405,1.1086102281238155,5.565,1.4544196807476277,1.4567512887621128,0.1598088086797166,2.605
2026-10-09 16:46:44,6.982155686716786,7.003336819895911,8.00760727901881,12.395,3.1698358537006848,3.126560993318242,1.1094884570111558,5.57,1.4544196807476277,1.4567512887621128,0.1598088086797166,2.605
2026-10-09 17:01:44,6.982155686716786,7.003336819895911,8.00760727901881,12.395,3.1698358537006848,3.126560993318242,1.1094884570111558,5.57,1.4544196807476277,1.4567512887621128,0.1598088086797166,2.605
2026-10-09 17:16:44,6.983270314441783,7.006162519705936,8.011879685534982,12.4,3.1698358537006848,3.126560993318242,1.1094884570111558,5.57,1.4544196807476277,1.4567512887621128,0.1598088086797166,2.605
2026-10-09 17:31:44,6.988718942960176,7.011445452160599,8.016661534300939,12.41,3.1698358537006848,3.126560993318242,1.1094884570111558,5.57,1.4544196807476277,1.4567512887621128,0.1598088086797166,2.605
2026-10-09 17:46:44,6.994328503717258,7.018889868816392,8.023524170240014,12.42,3.1698358537006848,3.126560993318242,1.1094884570111558,5.57,1.4544196807476277,1.4567512887621128,0.1598088086797166,2.605
2026-10-09 18:01:44,7.0100900132990525,7.030247057503672,8.04195965901274,12.45,3.1744310388851242,3.1285914097441583,1.110052796277031,5.575,1.4544196807476277,1.4567512887621128,0.1598088086797166,2.605
2026-10-09 18:16:44,7.0100900132990525,7.030247057503672,8.04195965901274,12.45,3.1744310388851242,3.1285914097441583,1.110052796277031,5.575,1.4544196807476277,1.4567512887621128,0.1598088086797166,2.605
2026-10-09 18:31:44,7.037752616725068,7.054088386131217,8.074746775637411,12.505,3.183282597222152,3.1379007306752333,1.1138720579718566,5.595,1.4564450794697033,1.4580819423135578,0.1599716650336616,2.61
2026-10-09 18:46:44,7.045321046837665,7.064610958879353,8.082245725770678,12.52,3.1984175042106378,3.1526443624054634,1.119154725204512,5.62,1.4564450794697033,1.4580819423135578,0.1599716650336616,2.61
2026-10-09 19:01:44,7.059580890075004,7.071987501582089,8.093594034932831,12.54,3.2081258952879237,3.1632286290618548,1.1230268526401697,5.64,1.4623521387779945,1.4656698379370525,0.16063258718088286,2.625
2026-10-09 19:16:44,7.073207108710486,7.085408142781806,8.110382810538216,12.565,3.2174171010356734,3.16831637710568,1.124962588632544,5.65,1.4635719915654795,1.4668717610515327,0.16087477920581397,2.63
2026-10-09 19:31:44,7.099915317330301,7.111896428168762,8.142005787320224,12.61,3.22640546104548,3.179905458793433,1.1285550580229704,5.67,1.4635719915654795,1.4668717610515327,0.16087477920581397,2.63
2026-10-09 19:46:44,7.129309843351749,7.139233146242072,8.174509508167837,12.66,3.2295975929584735,3.1846721736339516,1.1295187958352715,5.675,1.4727159781326797,1.477490447129439,0.16160845741109175,2.645
2026-10-09 20:01:44,7.151895239749512,7.161270921421616,8.197254024590993,12.7,3.2319982364864748,3.1866991725574234,1.1309532450492883,5.68,1.4761061282720804,1.4796752503568689,0.16193292163172307,2.65
2026-10-09 20:16:44,7.168051770842633,7.176325853813419,8.218922948383625,12.725,3.240686410759838,3.199053009458184,1.1349496139979365,5.7,1.4933181425795763,1.4963007468215535,0.16335646346193863,2.675
2026-10-09 20:31:44,7.18012623859251,7.186586040127668,8.22933176751976,12.745,3.2478286203949858,3.2048787529114477,1.1369437250438958,5.71,1.5013907234067574,1.5010600460888976,0.16425729753231005,2.69
2026-10-09 20:46:44,7.223677808735458,7.227063590349868,8.275754192903836,12.815,3.270082858890429,3.2255531504707893,1.14632155930257,5.755,1.5108445538182471,1.5127443132246954,0.16553427469113374,2.71
2026-10-09 21:01:44,7.2385657096907945,7.244788764163368,8.298123684411685,12.85,3.2907804450618485,3.2480927186140365,1.1533895142659567,5.795,1.5160175621610654,1.5170328792034609,0.16609415279778886,2.72
2026-10-09 21:16:44,7.27863922287123,7.287277601732309,8.341916448506417,12.92,3.3148187435263985,3.2718317508350174,1.1620142439744812,5.845,1.5173235653445176,1.5184456196958478,0.1662483315130241,2.725
2026-10-09 21:31:44,7.329380000851762,7.333084554745021,8.391066156632057,12.995,3.3316738626577522,3.2924194721563373,1.1707094156808178,5.88,1.5224290808920098,1.5302259779201868,0.1671565726597615,2.74
2026-10-09 21:46:44,7.356654145958274,7.359202135520955,8.422173525112736,13.04,3.3643772491010053,3.3193735384457552,1.1814082742826288,5.935,1.5315088123969962,1.5338832356259178,0.1684047396795209,2.755
2026-10-09 22:01:44,7.4047683682176135,7.402991390682216,8.478211941251836,13.115,3.3920424581158524,3.3479535811100076,1.1911738584915708,5.98,1.5363117264411934,1.5399069197797164,0.1696382101267175,2.77
2026-10-09 22:16:44,7.470128599320073,7.465697618507242,8.551333344758177,13.23,3.4276763914364277,3.374495126322322,1.2024216512227488,6.035,1.542986441367246,1.5453507975655192,0.17047108217345944,2.785
2026-10-09 22:31:44,7.520739350994459,7.518291369261635,8.616572691916495,13.325,3.4557745974204543,3.416485669881577,1.2152222451738792,6.1,1.5598057566921062,1.5609099307473697,0.1724775921417416,2.815
2026-10-09 22:46:44,7.574612923440072,7.5674849437292435,8.666506989517588,13.415,3.4706623535120738,3.4313085178358276,1.224030492733563,6.135,1.5625336971173078,1.5677942070193542,0.1729244316725956,2.825
2026-10-09 23:01:44,7.628374190891885,7.6224563512905155,8.726063666757515,13.51,3.5041160250367764,3.4522113835028403,1.2348475485844332,6.19,1.5793216592893353,1.5861608549631385,0.17516050529251684,2.86
2026-10-09 23:16:44,7.69617949588757,7.695948520187822,8.80737900306686,13.64,3.5567039330768258,3.5092501428804255,1.254423986483802,6.295,1.6160339428122026,1.6284089378076412,0.1792158787269007,2.92
2026-10-09 23:31:44,7.753819517810255,7.762780706504122,8.87787213806064,13.745,3.577712302758018,3.5403233565833725,1.2651533562409087,6.35,1.6384769112439244,1.6509102196094938,0.1814684248037319,2.955
2026-10-09 23:46:44,7.830354350442152,7.82502723728293,8.94782820044397,13.86,3.615750963165997,3.5775009750598343,1.2785786853178658,6.415,1.646717655969974,1.6580593012130336,0.18245552997046877,2.97
2026-10-10 00:01:44,7.951026206149732,7.960966413445895,9.083088625576954,14.065,3.6745731504000707,3.6475301529206186,1.3037965982587114,6.54,1.6865596880792733,1.6954622728128474,0.1865841279515503,3.04
2026-10-10 00:16:44,8.018630321387892,8.021557827589426,9.147529533993184,14.17,3.736646534413842,3.6939913147238426,1.3243053171962513,6.64,1.7192998026951651,1.72049550802755,0.18928476567247002,3.085
2026-10-10 00:31:44,8.09371749176967,8.090711440444986,9.228768827202916,14.29,3.7846501395062386,3.7482099854099333,1.343955070318294,6.735,1.7292140785088355,1.7372168079495631,0.19044332926532492,3.11
2026-10-10 00:46:44,8.155019596506808,8.145636398375721,9.295416027542103,14.39,3.810313411600109,3.783126652748042,1.3552491996070721,6.79,1.7397958767014934,1.746136848953423,0.19144126082316087,3.125
2026-10-10 01:01:44,8.198130354353344,8.181901395678759,9.342100086292549,14.465,3.839113240582971,3.8015510160585495,1.3649385014419377,6.835,1.7531578354052446,1.7585010519009923,0.19244187927298315,3.145
2026-10-10 01:16:44,8.284950860891902,8.254652794515879,9.439423256474557,14.61,3.901511795355633,3.863138741553716,1.3879817540765433,6.95,1.7877795573949713,1.7917845250857831,0.19633688482525466,3.205
2026-10-10 01:31:44,8.338228520434686,8.309459251753983,9.498340529651944,14.705,3.966516882774011,3.922587857246014,1.40888312658459,7.06,1.8127600902521315,1.8175502425320238,0.1988135133190363,3.25
2026-10-10 01:46:44,8.426633567725393,8.377460033459153,9.60151913888791,14.855,4.028181908665324,3.9971562549902075,1.436735013010836,7.19,1.8311760916740227,1.839322104893402,0.20152071963128182,3.29
2026-10-10 02:01:44,8.492911538455894,8.429522145196898,9.678243997488652,14.97,4.0907673620328415,4.070275876860951,1.4594745150707538,7.305,1.8623060845549502,1.8686984285363797,0.20542639575304122,3.345
2026-10-10 02:16:44,8.58747184438433,8.519330456107536,9.784501625609975,15.135,4.125557089046675,4.1138122420947685,1.4802212562589305,7.39,1.8843312003654673,1.8891533176618078,0.20763932972773458,3.38
2026-10-10 02:31:44,8.685460628271654,8.60643747350304,9.894800165044943,15.3,4.165408486594706,4.155103692496604,1.4944550195224202,7.46,1.9147641698342208,1.914267495603811,0.2108470773423592,3.43
2026-10-10 02:46:44,8.746627968525788,8.674001799243237,9.964619960081597,15.405,4.2071824780528715,4.195285234978645,1.5105202195637715,7.54,1.9250397690542356,1.9229838061662565,0.21236146613728935,3.45
2026-10-10 03:01:44,8.799167152809622,8.725457479689187,10.024955689156494,15.505,4.2262930504410186,4.221207831393844,1.5184859257853456,7.58,1.947201427070537,1.940340757338088,0.21473126524980923,3.48
2026-10-10 03:16:44,8.808869980405428,8.737045599867272,10.037252903729431,15.52,4.228008870926816,4.224871497953337,1.5193566987386669,7.585,1.9514210055605636,1.9442217342134016,0.21522568998319344,3.485
2026-10-10 03:31:44,8.83427263984496,8.761662681959633,10.061790171285347,15.565,4.239525664091945,4.235568007866222,1.5220357588361397,7.6,1.9529264887702638,1.9514884195031095,0.2159172084038119,3.495
2026-10-10 03:46:44,8.837898443011682,8.762373035861241,10.06598965383497,15.57,4.239525664091945,4.235568007866222,1.5220357588361397,7.6,1.9529264887702638,1.9514884195031095,0.2159172084038119,3.495
2026-10-10 04:01:44,8.853072765034621,8.780131466981938,10.081907936233032,15.6,4.246144823706287,4.246833947176676,1.5246184212973553,7.615,1.9529264887702638,1.9514884195031095,0.2159172084038119,3.495
2026-10-10 04:16:44,8.856708292842859,8.784710363702407,10.086125050783323,15.605,4.246144823706287,4.246833947176676,1.5246184212973553,7.615,1.953638700814606,1.955604456718751,0.21637809624361645,3.5
2026-10-10 04:31:44,8.866073844571396,8.788777233968718,10.095186046339023,15.62,4.246144823706287,4.246833947176676,1.5246184212973553,7.615,1.956258236298788,1.9620328172599415,0.21699998562266665,3.51
2026-10-10 04:46:44,8.883763243240383,8.807091922673063,10.119799279621555,15.65,4.270003083927909,4.271838944623854,1.5335784118907767,7.65,1.9769473097772197,1.9810541847481684,0.21897235272856488,3.545
2026-10-10 05:01:44,8.920985035838058,8.838162793572447,10.162465466301187,15.715,4.286771536685514,4.286604875306974,1.5386388645138296,7.68,1.981636961563215,1.983280535749786,0.2192933258960519,3.55
2026-10-10 05:16:44,8.940391433967962,8.856376575032694,10.186360345153695,15.755,4.309511309712366,4.30726643743393,1.545726622813224,7.715,1.9968165297806562,1.999942327226763,0.22077720673896686,3.575
2026-10-10 05:31:44,8.981038487337447,8.902850028450835,10.241724444363298,15.84,4.327701367106614,4.320365654757476,1.5507134217978327,7.74,2.007083438170544,2.0082265965963,0.2214468155616445,3.59
2026-10-10 05:46:44,9.002864054457989,8.923320825976209,10.261181499239852,15.875,4.3424621433648,4.332211751678607,1.5562090901337493,7.77,2.007083438170544,2.0082265965963,0.2214468155616445,3.59
2026-10-10 06:01:44,9.01855571128887,8.944795872070895,10.283745149348151,15.905,4.362669927355691,4.351199030169853,1.5625373525586337,7.8,2.013320629088206,2.0160908527998367,0.22190289823599044,3.6
2026-10-10 06:16:44,9.069452119566918,9.00360701494637,10.354123245256405,16.01,4.398491133755894,4.389429243913279,1.5757046419896366,7.865,2.016418421618306,2.019001137735991,0.2223645358015416,3.605
2026-10-10 06:31:44,9.110492570398197,9.040279105522595,10.405240046510068,16.08,4.438484015636078,4.4323529226594385,1.5889295879691445,7.935,2.0173388506595833,2.0227783552939433,0.22257462765869632,3.61
2026-10-10 06:46:44,9.12351066674666,9.05765526852112,10.419757009146071,16.105,4.464670152754609,4.455566665801367,1.5980951680415119,7.975,2.026053922682252,2.0404398022275387,0.22370224350626453,3.63
2026-10-10 07:01:44,9.13338936165581,9.068062740620766,10.431681216328352,16.12,4.464670152754609,4.455566665801367,1.5980951680415119,7.975,2.0304230659662275,2.044302978410081,0.22416894325314934,3.635
2026-10-10 07:16:44,9.145480023263284,9.077022805629777,10.439106287958966,16.135,4.466372401285447,4.456638785955377,1.599492973814899,7.98,2.0304230659662275,2.044302978410081,0.22416894325314934,3.635
2026-10-10 07:31:44,9.148480010662006,9.080510683111845,10.440924516792956,16.14,4.466372401285447,4.456638785955377,1.599492973814899,7.98,2.033556402542117,2.048548089798273,0.22432960158725843,3.64
2026-10-10 07:46:44,9.159229457976167,9.090748850073764,10.451974628348658,16.155,4.466372401285447,4.456638785955377,1.599492973814899,7.98,2.033556402542117,2.048548089798273,0.22432960158725843,3.64
2026-10-10 08:01:44,9.171972268175734,9.10406545898015,10.462239504645185,16.175,4.466372401285447,4.456638785955377,1.599492973814899,7.98,2.033556402542117,2.048548089798273,0.22432960158725843,3.64
2026-10-10 08:16:44,9.178688076345006,9.117053611982824,10.470052124986529,16.19,4.47863506120416,4.464973513343301,1.6023523015427668,7.995,2.033556402542117,2.048548089798273,0.22432960158725843,3.64
2026-10-10 08:31:44,9.197322386055069,9.130036915417005,10.485539558990526,16.215,4.493159331012894,4.477679980961436,1.6062322736328807,8.015,2.0408239519866678,2.0553161849621624,0.22492541093837656,3.65
2026-10-10 08:46:44,9.207070304397707,9.139653579588755,10.501337035947108,16.235,4.497246263408071,4.479765620249399,1.606768641900894,8.02,2.041810345283163,2.059531767507235,0.22530820316422467,3.655
2026-10-10 09:01:44,9.2302401232081,9.16282238601593,10.525988132248107,16.275,4.50332061744663,4.487788078208995,1.6114229707782495,8.04,2.048792095129248,2.066139739772169,0.2261077144875365,3.665
2026-10-10 09:16:44,9.246610467813714,9.180543885099942,10.550484724905683,16.315,4.506241847637288,4.497278737515535,1.6143537522740028,8.055,2.048792095129248,2.066139739772169,0.2261077144875365,3.665
2026-10-10 09:31:44,9.256074359208904,9.18694186113157,10.56195314046697,16.33,4.517564095202771,4.507102730438684,1.6175437470979674,8.07,2.055055048200192,2.0691004467332963,0.22669864072834367,3.675
2026-10-10 09:46:44,9.281820545819489,9.203604543460845,10.587642722841464,16.37,4.527011037146968,4.51553367918643,1.6203972828513333,8.085,2.0656983561285713,2.077705765881671,0.2275448969113282,3.69
2026-10-10 10:01:44,9.281820545819489,9.203604543460845,10.587642722841464,16.37,4.527011037146968,4.51553367918643,1.6203972828513333,8.085,2.0656983561285713,2.077705765881671,0.2275448969113282,3.69
2026-10-10 10:16:44,9.327247911384275,9.239251509988799,10.627825373131916,16.435,4.535228579073502,4.523478231717597,1.6240215611107849,8.1,2.0656983561285713,2.077705765881671,0.2275448969113282,3.69
2026-10-10 10:31:44,9.327247911384275,9.239251509988799,10.627825373131916,16.435,4.535228579073502,4.523478231717597,1.6240215611107849,8.1,2.0656983561285713,2.077705765881671,0.2275448969113282,3.69
2026-10-10 10:46:44,9.327247911384275,9.239251509988799,10.627825373131916,16.435,4.535228579073502,4.523478231717597,1.6240215611107849,8.1,2.0656983561285713,2.077705765881671,0.2275448969113282,3.69
2026-10-10 11:01:44,9.338645145140145,9.251643664566473,10.63936455454022,16.455,4.546197430985932,4.540572333451382,1.629051795001052,8.125,2.0691092194683307,2.0824008853997795,0.22769006228362793,3.695
2026-10-10 11:16:44,9.35537465790117,9.274581874348447,10.661123370056004,16.49,4.551777232456435,4.5462673179762625,1.6314856166333933,8.135,2.0691092194683307,2.0824008853997795,0.22769006228362793,3.695
2026-10-10 11:31:44,9.397884509174297,9.315909365961994,10.711422180719177,16.56,4.560130292767692,4.556879752748951,1.6352673557823225,8.15,2.0721171353598393,2.0849662290151225,0.2279957575647888,3.7
2026-10-10 11:46:44,9.43669262086576,9.3588581121572,10.754517936800141,16.63,4.572422170984802,4.568573790711782,1.639596233673527,8.17,2.0786372093811347,2.092606190336343,0.22860762317259672,3.71
2026-10-10 12:01:44,9.458452803960801,9.374567971732658,10.780077025646607,16.665,4.581237858254159,4.574297372163289,1.6430875299472028,8.185,2.085127927995747,2.1009613196669936,0.22970064087406555,3.725
2026-10-10 12:16:44,9.470909182679012,9.394883478083834,10.799334212274074,16.695,4.583714952426179,4.578279718374061,1.644113829649434,8.19,2.0888050297333804,2.105700679231085,0.23016119378575708,3.73
2026-10-10 12:31:44,9.473442536121194,9.397605642911865,10.801155568481686,16.7,4.583714952426179,4.578279718374061,1.644113829649434,8.19,2.0888050297333804,2.105700679231085,0.23016119378575708,3.73
2026-10-10 12:46:44,9.48162938628629,9.404622255514576,10.813153439082532,16.715,4.592104275119607,4.584226212399414,1.6463676793472137,8.2,2.0913873551527438,2.107896959238465,0.2306576466386832,3.735
2026-10-10 13:01:44,9.490747220052222,9.413062946290745,10.820702987843154,16.73,4.593711163187842,4.587115632326419,1.6471604852705966,8.205,2.0913873551527438,2.107896959238465,0.2306576466386832,3.735
2026-10-10 13:16:44,9.507235648581105,9.430017543725297,10.841188172413748,16.76,4.597358802603939,4.594467820892416,1.6494751901605704,8.215,2.0955515234321553,2.108665902927585,0.2309204325434339,3.74
2026-10-10 13:31:44,9.5228038109809,9.45076979428361,10.859876143942207,16.79,4.599551525529791,4.597095885358572,1.6504792811455986,8.22,2.0955515234321553,2.108665902927585,0.2309204325434339,3.74
2026-10-10 13:46:44,9.527349995299927,9.461647076215938,10.872020072863172,16.805,4.601317002481484,4.602671324036371,1.6515966766428443,8.23,2.0955515234321553,2.108665902927585,0.2309204325434339,3.74
2026-10-10 14:01:44,9.538251916795302,9.480430300225121,10.890466419640951,16.83,4.604642453485722,4.609203451887439,1.6537640055194789,8.24,2.0955515234321553,2.108665902927585,0.2309204325434339,3.74
2026-10-10 14:16:44,9.559247287922338,9.499386787587179,10.910767916670936,16.865,4.607182065364299,4.610667504674375,1.6543159962069014,8.245,2.0955515234321553,2.108665902927585,0.2309204325434339,3.74
2026-10-10 14:31:44,9.589499765040204,9.520990446338157,10.934117485442206,16.905,4.61507287186768,4.618802059530103,1.6569702619370554,8.255,2.0955515234321553,2.108665902927585,0.2309204325434339,3.74
2026-10-10 14:46:44,9.592772516010058,9.524805460275399,10.938521169727847,16.91,4.617186872243327,4.627970013883348,1.658626729665952,8.265,2.0955515234321553,2.108665902927585,0.2309204325434339,3.74
2026-10-10 15:01:44,9.592772516010058,9.524805460275399,10.938521169727847,16.91,4.617186872243327,4.627970013883348,1.658626729665952,8.265,2.1000981034943904,2.1105865986139496,0.23111638223971379,3.745
2026-10-10 15:16:44,9.602448956622863,9.5302146918029,10.947606288780971,16.925,4.626920280281585,4.6338780930135695,1.6611027517456958,8.28,2.1000981034943904,2.1105865986139496,0.23111638223971379,3.745
2026-10-10 15:31:44,9.60703754924162,9.534223630977905,10.95110166940746,16.93,4.626920280281585,4.6338780930135695,1.6611027517456958,8.28,2.1000981034943904,2.1105865986139496,0.23111638223971379,3.745
2026-10-10 15:46:44,9.613168136239763,9.541277391933273,10.961724455193046,16.945,4.626920280281585,4.6338780930135695,1.6611027517456958,8.28,2.1000981034943904,2.1105865986139496,0.23111638223971379,3.745
2026-10-10 16:01:44,9.613168136239763,9.541277391933273,10.961724455193046,16.945,4.626920280281585,4.6338780930135695,1.6611027517456958,8.28,2.1000981034943904,2.1105865986139496,0.23111638223971379,3.745
2026-10-10 16:16:44,9.618144041856697,9.544806803227612,10.964359287890323,16.95,4.6297324020179635,4.636445035768561,1.6617115607439112,8.285,2.1000981034943904,2.1105865986139496,0.23111638223971379,3.745
2026-10-10 16:31:44,9.622182787174973,9.547485788341383,10.969218962032581,16.955,4.6297324020179635,4.636445035768561,1.6617115607439112,8.285,2.1000981034943904,2.1105865986139496,0.23111638223971379,3.745
2026-10-10 16:46:44,9.632982569675221,9.555885340986997,10.980285986947747,16.975,4.634700638825877,4.6428350773916796,1.6632609329370969,8.295,2.1000981034943904,2.1105865986139496,0.23111638223971379,3.745
2026-10-10 17:01:44,9.63720631998508,9.558582642803257,10.982438699589961,16.98,4.637089985843054,4.646392788637685,1.664096360423024,8.3,2.1000981034943904,2.1105865986139496,0.23111638223971379,3.745
2026-10-10 17:16:44,9.638101431774666,9.55988109718985,10.987345596698415,16.985,4.637089985843054,4.646392788637685,1.664096360423024,8.3,2.1000981034943904,2.1105865986139496,0.23111638223971379,3.745
2026-10-10 17:31:44,9.63896444394028,9.562646988171494,10.989440482548266,16.99,4.637089985843054,4.646392788637685,1.664096360423024,8.3,2.1000981034943904,2.1105865986139496,0.23111638223971379,3.745
2026-10-10 17:46:44,9.652919497171833,9.57241682615009,11.004656268932766,17.01,4.637089985843054,4.646392788637685,1.664096360423024,8.3,2.1043536778568925,2.1121289450560408,0.23155795759634046,3.75
2026-10-10 18:01:44,9.656194586733495,9.576103762075507,11.008249494461513,17.015,4.637089985843054,4.646392788637685,1.664096360423024,8.3,2.1043536778568925,2.1121289450560408,0.23155795759634046,3.75
2026-10-10 18:16:44,9.680668979711353,9.601542180794132,11.033644834668495,17.06,4.639861933006073,4.650369108299999,1.6645987976731234,8.305,2.1043536778568925,2.1121289450560408,0.23155795759634046,3.75
2026-10-10 18:31:44,9.705199654650375,9.634685383345136,11.068663507500807,17.115,4.664699925749162,4.6777764733008445,1.6762036165076035,8.355,2.1082627091722954,2.114986463786033,0.23218969464720401,3.76
2026-10-10 18:46:44,9.752776827595861,9.687486691407704,11.12075821679393,17.2,4.683613341419287,4.711468456002615,1.6863230462651966,8.4,2.1261471376643453,2.1315439077811487,0.23430618357341804,3.79
2026-10-10 19:01:44,9.770238578327733,9.709666646035545,11.150201503980876,17.24,4.700864847975847,4.7296327246487015,1.6919577390354992,8.43,2.1344724899825906,2.135752540797312,0.2352467766679249,3.8
2026-10-10 19:16:44,9.77722839781503,9.720597898949816,11.162435317058225,17.26,4.700864847975847,4.7296327246487015,1.6919577390354992,8.43,2.140134234575985,2.1437868534199405,0.2358086531597763,3.81
2026-10-10 19:31:44,9.79232169291161,9.733669617543457,11.182112441839335,17.285,4.709167699573756,4.737492554250275,1.69480503551439,8.445,2.1506678508176553,2.154726037760731,0.23669505329478668,3.83
2026-10-10 19:46:44,9.826037398700771,9.773061070558102,11.220027139831894,17.35,4.719520949082031,4.749178577760428,1.700182089971191,8.47,2.1528438889141563,2.1569131005454074,0.237139111377298,3.835
2026-10-10 20:01:44,9.869055815729103,9.812141139235495,11.265568880129058,17.415,4.747960793776962,4.777112780814178,1.7102574889972184,8.52,2.1544290564484667,2.161514567848919,0.2374302062694105,3.84
2026-10-10 20:16:44,9.89382949551871,9.846608678416617,11.296005730965652,17.47,4.773789535893788,4.797408360486089,1.7162754656638146,8.555,2.174699634359288,2.1818144402745374,0.23922187437081865,3.87
2026-10-10 20:31:44,9.979652184193187,9.921821498371342,11.373089480794235,17.605,4.808147309044752,4.828344158380751,1.7279351419449294,8.61,2.1924524282466638,2.2033430489810932,0.24099110399149476,3.9
2026-10-10 20:46:44,10.064108885596946,9.993828334489228,11.464609519843227,17.74,4.844608951966422,4.861702344596453,1.7394825781598133,8.675,2.197245577776845,2.210636652518729,0.24178064329770776,3.91
2026-10-10 21:01:44,10.131581389021134,10.061287999195251,11.537468852042819,17.86,4.866787231251108,4.886279334798902,1.750329678009014,8.725,2.209206082906697,2.2227825806316517,0.24349555444176024,3.93
2026-10-10 21:16:44,10.194903276120268,10.121824910386152,11.604334610979713,17.965,4.898901325315099,4.922216691686053,1.7623672047694523,8.78,2.2198226456856234,2.2358115091088977,0.24472425477466422,3.955
2026-10-10 21:31:44,10.252135129086492,10.1881168101619,11.664099554856879,18.055,4.944808235658013,4.965054031488399,1.7795655312109326,8.86,2.2277576766141,2.2487632517424476,0.246245632273705,3.975
2026-10-10 21:46:44,10.346012845981,10.26446708405376,11.78257697922518,18.235,4.996622725886285,5.01461926169224,1.7962892846806313,8.95,2.275747371926434,2.289893859702335,0.2511504458286169,4.045
2026-10-10 22:01:44,10.473985889682346,10.37965992360881,11.924606500432326,18.455,5.0689821660488095,5.086982377872736,1.8200701979876288,9.08,2.322556601187112,2.320386336540539,0.25513784750381063,4.115
2026-10-10 22:16:44,10.526715831569366,10.441257087153549,11.99059205244336,18.55,5.098758914021232,5.121755422986769,1.8292655844442554,9.135,2.337425123830449,2.339148018433901,0.25664534784091536,4.145
2026-10-10 22:31:44,10.598329144897262,10.509328560983372,12.08078249380271,18.68,5.131955467023538,5.161990710647455,1.843633516487622,9.205,2.363141404827306,2.367545706091468,0.26029085112735506,4.195
2026-10-10 22:46:44,10.638505477071,10.554391652315255,12.132094855410426,18.755,5.155780759352206,5.1861198862083,1.8504815712863096,9.245,2.386068074537047,2.387421733267633,0.26217900867712773,4.23
2026-10-10 23:01:44,10.751674577514876,10.6727448792566,12.271209832135588,18.97,5.25070606015906,5.283783032358022,1.8836374609541615,9.41,2.4145843886760994,2.420779990422284,0.26567813225759973,4.285
2026-10-10 23:16:44,10.81981417502126,10.748289456194115,12.358599983740215,19.105,5.277684840459615,5.322332196718622,1.8946462516850335,9.47,2.4363874515682924,2.4410005873798797,0.26787224771014556,4.32
2026-10-10 23:31:44,10.891965788926893,10.82496746258321,12.453927023942907,19.235,5.305469239159112,5.341981227904817,1.9029862832475795,9.505,2.4521738276528526,2.4592905619658096,0.26931691490804927,4.345
2026-10-10 23:46:44,10.925737928441468,10.858943564460093,12.501992335393092,19.305,5.3508819114549615,5.389750311427074,1.9183597835556452,9.585,2.4751038505278773,2.4764613144800505,0.27119568964092283,4.375
2026-10-11 00:01:44,10.963743028668429,10.90926528268172,12.55822022772602,19.385,5.362807804248359,5.396279353689016,1.9219487192280142,9.605,2.487739001538467,2.49523770950733,0.2729753550441797,4.4
2026-10-11 00:16:44,11.01228449957191,10.939635622254109,12.596300827642938,19.455,5.409232976557142,5.441690762089802,1.9401717397893525,9.685,2.508580852921547,2.517164844837414,0.27514798687613407,4.435
2026-10-11 00:31:44,11.080064743881309,11.016016624192295,12.679470018163716,19.58,5.459580220387173,5.474792762537191,1.9555889526331325,9.765,2.525340433012671,2.531831528395477,0.2764993210897661,4.455
2026-10-11 00:46:44,11.188136072186145,11.123926133927437,12.789840909910765,19.755,5.500524250665464,5.506141490874346,1.9687403148738802,9.83,2.568790726682407,2.5821821718636713,0.2812126477517764,4.53
2026-10-11 01:01:44,11.320216740510654,11.252441620667419,12.946980157496311,19.99,5.580705817087052,5.599118007221285,1.9972711880128489,9.975,2.59463600420984,2.6129282680467174,0.28424330564688655,4.58
2026-10-11 01:16:44,11.364807622330465,11.294550179712537,12.994539986934884,20.065,5.601051257931341,5.620242947392958,2.0046466445332802,10.015,2.6133247747600477,2.6329006303336984,0.2865351534659816,4.615
2026-10-11 01:31:44,11.390561588624482,11.319080036804477,13.01491486940982,20.11,5.611128367698919,5.628968675426688,2.0081005715690714,10.03,2.6241928740871585,2.6408295386993705,0.28806004748567465,4.635
2026-10-11 01:46:44,11.548478137739055,11.48177840833557,13.196325738563457,20.395,5.700822801120736,5.711973085514291,2.038150221192166,10.175,2.6604571485907895,2.676912548163818,0.29229545533614015,4.7
2026-10-11 02:01:44,11.603681946638233,11.523764874982694,13.255447774427203,20.485,5.7491587615720015,5.755168612300587,2.0558048418621118,10.255,2.681127787598719,2.6943758426749067,0.29434581035498447,4.73
2026-10-11 02:16:44,11.682911518793041,11.62596628327207,13.356452199676518,20.645,5.833643554599722,5.823116526569485,2.083362174767739,10.39,2.7101969194783706,2.7224191770345443,0.29814360697694003,4.785
2026-10-11 02:31:44,11.728054595821318,11.668640571261783,13.407832418914149,20.73,5.8602303848451855,5.863030572244802,2.0965893063833367,10.455,2.723042018560972,2.735321734295287,0.2998443385883917,4.81
2026-10-11 02:46:44,11.80167682872089,11.752796375384042,13.495024332038929,20.865,5.910258052282945,5.92216394751519,2.1171150467796123,10.55,2.7403779396061094,2.750124478510063,0.30235089846525864,4.845
2026-10-11 03:01:44,11.841497711766552,11.794918408172618,13.547392809737703,20.95,5.928752677338801,5.9450962171278965,2.1276872432930065,10.6,2.7465434209515602,2.7534570898323305,0.30327029962472835,4.86
2026-10-11 03:16:44,11.90967233850748,11.864437710170277,13.632484792048071,21.07,5.963437318015873,5.971241527953786,2.139619450204296,10.66,2.762318695847292,2.7730705602946655,0.30566190450585085,4.895
2026-10-11 03:31:44,11.932090430719457,11.885828352060964,13.659299062077693,21.11,5.972870425538493,5.982550755399832,2.144439171930376,10.68,2.7744467914117443,2.784039714075938,0.3069814039484962,4.915
2026-10-11 03:46:44,11.987347276582874,11.943139893819538,13.718350466482262,21.215,6.00442164486993,6.007753168918912,2.15591658123904,10.73,2.7930159100072656,2.7980171266876788,0.30876361090219034,4.945
2026-10-11 04:01:44,12.018497919570525,11.968586501400257,13.74742708253634,21.26,6.021652555637489,6.028414566970671,2.162071847449355,10.765,2.8015250392568207,2.805111319586262,0.3093711390052132,4.955
2026-10-11 04:16:44,12.062103364113653,12.009032273876116,13.800274087731463,21.34,6.037620117061208,6.037972526265217,2.1681196270435272,10.79,2.806911485030742,2.8081424355825493,0.31019194851960347,4.965
2026-10-11 04:31:44,12.101724082188465,12.058837510544636,13.84662094735595,21.415,6.042385430808993,6.044955992000111,2.1699158314126508,10.8,2.8080883019084864,2.8126094913993307,0.3104770687541222,4.97
2026-10-11 04:46:44,12.115579452063624,12.069761976310291,13.857480993723756,21.435,6.048096124348754,6.049664629120909,2.1717553945835433,10.81,2.8080883019084864,2.8126094913993307,0.3104770687541222,4.97
2026-10-11 05:01:44,12.12153284921684,12.077923081352086,13.862693107783462,21.445,6.059991280724199,6.060433194021005,2.1752773564892447,10.83,2.8080883019084864,2.8126094913993307,0.3104770687541222,4.97
2026-10-11 05:16:44,12.124325548586826,12.085844893611734,13.87078839146199,21.455,6.065152074732709,6.07114121321584,2.1788672767110597,10.845,2.812324097344641,2.8144616177243384,0.31085226072872213,4.975
2026-10-11 05:31:44,12.125924479656854,12.087705296770443,13.87309975150181,21.46,6.069909680525897,6.072187227680313,2.1800950270029253,10.85,2.8206588300230595,2.823513113081335,0.311730448382217,4.99
2026-10-11 05:46:44,12.13922043720966,12.096364857022584,13.883667252330032,21.475,6.082450282710496,6.084447181978913,2.1846217609052747,10.875,2.829742047105307,2.835039865807,0.3128296196225115,5.005
2026-10-11 06:01:44,12.161281639319194,12.122685793371573,13.912847500958627,21.52,6.089314301249466,6.091813680165144,2.1863896732212433,10.885,2.829742047105307,2.835039865807,0.3128296196225115,5.005
2026-10-11 06:16:44,12.202452978808612,12.16653117020088,13.962656251498094,21.59,6.098724447963185,6.105599104177271,2.1922103450131276,10.91,2.837959692542681,2.848891602626536,0.3140207935228637,5.025
2026-10-11 06:31:44,12.24197779476341,12.21411221850949,14.011748574198009,21.66,6.1232820192906585,6.132222903479164,2.200128890866495,10.95,2.8400039677196087,2.8505261557095114,0.3143213425089883,5.03
2026-10-11 06:46:44,12.276193602942394,12.254358953550302,14.054354885346022,21.725,6.13105316289041,6.142089201291274,2.202598719083723,10.965,2.8431461879417617,2.8585654388452966,0.3148272697835741,5.04
2026-10-11 07:01:44,12.292073137051558,12.27147425422938,14.072868284617247,21.755,6.146403447176952,6.148275253372369,2.2075839022784396,10.99,2.848646623932662,2.867543226233512,0.31551958866921115,5.05
2026-10-11 07:16:44,12.298186795964826,12.276600070600356,14.081035301193985,21.77,6.148183004191796,6.152253872406657,2.2082907337135884,10.995,2.848646623932662,2.867543226233512,0.31551958866921115,5.05
2026-10-11 07:31:44,12.298186795964826,12.276600070600356,14.081035301193985,21.77,6.148183004191796,6.152253872406657,2.2082907337135884,10.995,2.848646623932662,2.867543226233512,0.31551958866921115,5.05
2026-10-11 07:46:44,12.30891654034252,12.293860052856823,14.09619689634004,21.795,6.148183004191796,6.152253872406657,2.2082907337135884,10.995,2.8510630322449946,2.871903137035121,0.31564863549356703,5.055
2026-10-11 08:01:44,12.343365660297733,12.319208125736266,14.130177428802796,21.85,6.157572288199473,6.158243137272301,2.2104191882612274,11.005,2.8510630322449946,2.871903137035121,0.31564863549356703,5.055
2026-10-11 08:16:44,12.347707549743186,12.330866087264639,14.138534721520228,21.865,6.161678920492045,6.162188388176433,2.2122146082717404,11.015,2.8529233022438736,2.8752034039573124,0.3161377117487938,5.06
2026-10-11 08:31:44,12.352819740680188,12.341870017963977,14.150015968520632,21.885,6.166914346470056,6.168151740158977,2.21407812429291,11.025,2.8557637384187293,2.8758468726099173,0.3164964601726333,5.065
2026-10-11 08:46:44,12.352819740680188,12.341870017963977,14.150015968520632,21.885,6.166914346470056,6.168151740158977,2.21407812429291,11.025,2.8557637384187293,2.8758468726099173,0.3164964601726333,5.065
2026-10-11 09:01:44,12.39834585672802,12.38560184698523,14.197865404430251,21.965,6.1890835873682395,6.19657463543773,2.222765507315405,11.07,2.8622223148300936,2.8835869232623654,0.317009226993076,5.075
2026-10-11 09:16:44,12.430168545901491,12.419865659368744,14.234411929055184,22.015,6.205026773577065,6.21460297787021,2.2289574078614867,11.1,2.8640247053743146,2.8851825820942176,0.3174703333102828,5.08
2026-10-11 09:31:44,12.449340681326218,12.447026145694807,14.257345888236467,22.055,6.2175647538619305,6.226162624868796,2.2337233316327856,11.125,2.869874228922227,2.8877565120397155,0.31818072611036174,5.09
2026-10-11 09:46:44,12.474298964140555,12.484695161931207,14.293393112469023,22.115,6.234355647306029,6.253780776465082,2.2416127984111225,11.16,2.8814009264582627,2.903776905862375,0.31969912690773017,5.11
2026-10-11 10:01:44,12.54904133074216,12.55815725245964,14.391158791674867,22.26,6.268732841170969,6.278876186721726,2.2501751343158705,11.21,2.896936765227137,2.9198725639526555,0.32181839521925676,5.14
2026-10-11 10:16:44,12.577485718262288,12.581067636731742,14.418557795684094,22.3,6.278906830070658,6.285742897381887,2.2534800576613567,11.225,2.896936765227137,2.9198725639526555,0.32181839521925676,5.14
2026-10-11 10:31:44,12.577485718262288,12.581067636731742,14.418557795684094,22.3,6.278906830070658,6.285742897381887,2.2534800576613567,11.225,2.896936765227137,2.9198725639526555,0.32181839521925676,5.14
2026-10-11 10:46:44,12.577485718262288,12.581067636731742,14.418557795684094,22.3,6.278906830070658,6.285742897381887,2.2534800576613567,11.225,2.896936765227137,2.9198725639526555,0.32181839521925676,5.14
2026-10-11 11:01:44,12.613404806575069,12.613704945566148,14.446766673109657,22.35,6.2889192906502975,6.291620536380302,2.2568226419749755,11.24,2.898659736483369,2.923213626294983,0.322205164639413,5.145
2026-10-11 11:16:44,12.613404806575069,12.613704945566148,14.446766673109657,22.35,6.2889192906502975,6.291620536380302,2.2568226419749755,11.24,2.898659736483369,2.923213626294983,0.322205164639413,5.145
2026-10-11 11:31:44,12.636871779396582,12.64655711547463,14.478712458783667,22.4,6.291172868575086,6.295604760059973,2.258822397456103,11.25,2.898659736483369,2.923213626294983,0.322205164639413,5.145
2026-10-11 11:46:44,12.676715873938864,12.690321644269595,14.525294982361698,22.465,6.308818301275617,6.311963751264178,2.264695837194609,11.28,2.898659736483369,2.923213626294983,0.322205164639413,5.145
2026-10-11 12:01:44,12.737432349942175,12.747487326801076,14.59137433634208,22.56,6.320968418604165,6.328028311882563,2.270097701444558,11.31,2.901539244317432,2.925488849658387,0.3223617510846585,5.15
2026-10-11 12:16:44,12.779277740845126,12.789700048243548,14.637560884780559,22.625,6.329170237305229,6.340013486907724,2.2744720349451364,11.33,2.9023809543331005,2.9288130875614478,0.32253676478555904,5.155
2026-10-11 12:31:44,12.79236585575031,12.804208315933458,14.64989035511295,22.65,6.333591299492366,6.346682504940647,2.276367540373437,11.34,2.9023809543331005,2.9288130875614478,0.32253676478555904,5.155
2026-10-11 12:46:44,12.812281802659255,12.82016646683634,14.674389194529775,22.68,6.33673453563603,6.351755316795553,2.2791009158112385,11.35,2.9023809543331005,2.9288130875614478,0.32253676478555904,5.155
2026-10-11 13:01:44,12.831198931597891,12.842243233720582,14.689984168892988,22.71,6.33673453563603,6.351755316795553,2.2791009158112385,11.35,2.9023809543331005,2.9288130875614478,0.32253676478555904,5.155
2026-10-11 13:16:44,12.83483394863871,12.846405476098763,14.693494414282533,22.715,6.337718387623622,6.354373254959561,2.27971579288919,11.355,2.9063956216088065,2.931159097132071,0.32277158297324093,5.16
2026-10-11 13:31:44,12.841308516769331,12.856518248196478,14.701255288059658,22.73,6.337718387623622,6.354373254959561,2.27971579288919,11.355,2.9063956216088065,2.931159097132071,0.32277158297324093,5.16
2026-10-11 13:46:44,12.881648565948987,12.890318099997252,14.739243081100424,22.79,6.340492691732421,6.355024433553332,2.2804542411109083,11.36,2.9091141953822572,2.934748053930022,0.32309380247396113,5.165
2026-10-11 14:01:44,12.887362482733673,12.897191278130544,14.743901115155715,22.8,6.35179145427746,6.369283455350038,2.2836022626405414,11.38,2.9130282144044273,2.9364299760030845,0.32335902399438854,5.17
2026-10-11 14:16:44,12.887362482733673,12.897191278130544,14.743901115155715,22.8,6.35179145427746,6.369283455350038,2.2836022626405414,11.38,2.9130282144044273,2.9364299760030845,0.32335902399438854,5.17
2026-10-11 14:31:44,12.908297238982426,12.917487904562496,14.770602736427143,22.835,6.361239846933579,6.375620615595385,2.286235384059231,11.395,2.9130282144044273,2.9364299760030845,0.32335902399438854,5.17
2026-10-11 14:46:44,12.936765816750182,12.937641959341558,14.794340839513165,22.87,6.3646538177813765,6.376277983538152,2.2873266964284165,11.4,2.9142372143725805,2.9372027744330245,0.32371743495040795,5.175
2026-10-11 15:01:44,12.946101152521848,12.95154255521176,14.807311861869469,22.89,6.3683900789226495,6.3772251154943955,2.288442935765272,11.405,2.9142372143725805,2.9372027744330245,0.32371743495040795,5.175
2026-10-11 15:16:44,12.946101152521848,12.95154255521176,14.807311861869469,22.89,6.3683900789226495,6.3772251154943955,2.288442935765272,11.405,2.9142372143725805,2.9372027744330245,0.32371743495040795,5.175
2026-10-11 15:31:44,12.946101152521848,12.95154255521176,14.807311861869469,22.89,6.369938636718877,6.381643711534284,2.288972004677006,11.41,2.9142372143725805,2.9372027744330245,0.32371743495040795,5.175
2026-10-11 15:46:44,12.964285039830646,12.962576350439198,14.823613725912477,22.915,6.369938636718877,6.381643711534284,2.288972004677006,11.41,2.9142372143725805,2.9372027744330245,0.32371743495040795,5.175
2026-10-11 16:01:44,12.973009501663787,12.968444240296726,14.834687764994724,22.93,6.3727183640254035,6.385033111028925,2.2898624630021,11.415,2.918900553068344,2.9382266888648143,0.3240534003515977,5.18
2026-10-11 16:16:44,12.975580328866506,12.97007726334845,14.838649534770655,22.935,6.3736926599894215,6.3887685909072465,2.2909668988223397,11.42,2.918900553068344,2.9382266888648143,0.3240534003515977,5.18
2026-10-11 16:31:44,12.981306475100258,12.97793285336691,14.843791498178783,22.945,6.375181755065146,6.3914107386632475,2.291777556533208,11.425,2.9199420140793206,2.9408878335584427,0.3242575287235969,5.185
2026-10-11 16:46:44,12.987188874549629,12.982656443195035,14.85250187463431,22.955,6.379502178668449,6.3930870005318745,2.2932278161845674,11.43,2.9199420140793206,2.9408878335584427,0.3242575287235969,5.185
2026-10-11 17:01:44,12.995504964479569,12.991365601123409,14.857922921696481,22.965,6.391249135069108,6.410502619145978,2.296918591618434,11.45,2.9239414011544236,2.942797576092558,0.32458155581236037,5.19
2026-10-11 17:16:44,13.013801658410026,13.016383353845315,14.88426108315821,23.005,6.391249135069108,6.410502619145978,2.296918591618434,11.45,2.9239414011544236,2.942797576092558,0.32458155581236037,5.19
2026-10-11 17:31:44,13.034603657811694,13.035009940049695,14.909504101146544,23.045,6.391249135069108,6.410502619145978,2.296918591618434,11.45,2.929035319156034,2.947640934617825,0.3252834158825215,5.2
2026-10-11 17:46:44,13.05300202950102,13.046969147956743,14.923840385504848,23.07,6.395409978641088,6.415118519015653,2.2996437609597327,11.46,2.929035319156034,2.947640934617825,0.3252834158825215,5.2
2026-10-11 18:01:44,13.057576162474671,13.050323984216133,14.928295378972548,23.08,6.395409978641088,6.415118519015653,2.2996437609597327,11.46,2.929035319156034,2.947640934617825,0.3252834158825215,5.2
2026-10-11 18:16:44,13.067290488667975,13.059086354631642,14.939713912205843,23.095,6.395409978641088,6.415118519015653,2.2996437609597327,11.46,2.929035319156034,2.947640934617825,0.3252834158825215,5.2
2026-10-11 18:31:44,13.108417793969464,13.106096280828485,14.989229598995653,23.175,6.439525216597469,6.453364358768025,2.3126993097827078,11.525,2.939914214212113,2.9642958377389075,0.3265491506274681,5.22
2026-10-11 18:46:44,13.14526421507273,13.14068963024461,15.031416669803194,23.24,6.447413814264636,6.463750456961448,2.3162685849969056,11.54,2.9431599955772447,2.9694448124812287,0.327129222227865,5.23
2026-10-11 19:01:44,13.157869940220307,13.152638545675398,15.05047125111465,23.27,6.469664843053578,6.4918904960359445,2.325999654523931,11.585,2.944721842676448,2.975095148135856,0.3279478746640927,5.24
2026-10-11 19:16:44,13.169645603986478,13.166880520845869,15.066525053419806,23.295,6.479132009640491,6.504883297048816,2.329742459903822,11.605,2.9473021494698974,2.9781809882469585,0.3283360417174327,5.245
2026-10-11 19:31:44,13.181773502137732,13.182816017665084,15.079229710772527,23.32,6.481253741670576,6.507745301686542,2.331041036145397,11.61,2.956976526856918,2.9866793531252442,0.32883679875855537,5.26
2026-10-11 19:46:44,13.242162381328638,13.233615823902076,15.145177460444723,23.42,6.498429477674229,6.533209720810487,2.3399255702369635,11.65,2.962871213672871,2.9946246862437857,0.32916330811633654,5.27
2026-10-11 20:01:44,13.269769882758995,13.254891401933651,15.176681768325379,23.47,6.526988622434256,6.555483874095296,2.3502391576111554,11.7,2.967476994938321,2.9977594437054664,0.329587026809811,5.28
2026-10-11 20:16:44,13.386233726066461,13.375793661540671,15.310856974559814,23.685,6.571780399138906,6.590591311132883,2.36349130685141,11.775,2.9806914571639793,3.0164874437181997,0.33171975228895034,5.31
2026-10-11 20:31:44,13.429310525015751,13.416082410035104,15.360807815837957,23.76,6.596695079337304,6.6061263109588975,2.371677602985743,11.815,2.996497276006666,3.0242776136643545,0.33332568080584124,5.335
2026-10-11 20:46:44,13.493274312997382,13.493042337256838,15.440163641876808,23.885,6.6307149335345485,6.632480100737217,2.382080196284083,11.87,3.003271981636158,3.036415002931022,0.33465567148429737,5.355
2026-10-11 21:01:44,13.557440125123424,13.549397857037182,15.515079509679232,23.985,6.652064246052212,6.658353889774157,2.388145905869667,11.905,3.0111191375267286,3.0430068049419794,0.3357980073525705,5.37
2026-10-11 21:16:44,13.585132826416782,13.574459106940415,15.547776616873405,24.03,6.655212967401316,6.659264989672034,2.389492576246365,11.91,3.012966419552763,3.0478978465655513,0.3361665290945439,5.375
2026-10-11 21:31:44,13.673843588096458,13.66645918718062,15.665832961840257,24.2,6.71313705998784,6.720874951764899,2.4092798868610483,12.02,3.024736463925656,3.0637803919657203,0.33770374385333857,5.4
2026-10-11 21:46:44,13.677742511409049,13.67177375295809,15.673429696003295,24.21,6.719878741513555,6.72768189243245,2.411132513453708,12.03,3.0312901541046062,3.0690440041674107,0.3380216528026457,5.41
2026-10-11 22:01:44,13.714701752580359,13.710832551959353,15.709789409145516,24.27,6.754135214789292,6.754932292566959,2.4226184681774665,12.085,3.045705477686538,3.0786419115551893,0.3396608488291896,5.435
2026-10-11 22:16:44,13.778476457822807,13.779445695591566,15.785888940640834,24.385,6.790751398103299,6.7889735694122475,2.43576325222276,12.145,3.0611430878079045,3.0968052866511746,0.3418242299394272,5.465
2026-10-11 22:31:44,13.83835607366245,13.835524389801312,15.863082924043509,24.495,6.834232615256304,6.82684773201019,2.4499946588486696,12.22,3.0841084088813178,3.11303507349038,0.3436787186724951,5.495
2026-10-11 22:46:44,13.911942010046957,13.91396296226614,15.952912546213911,24.63,6.853966710945929,6.844428875912005,2.4555630396249426,12.25,3.094813830299796,3.123771221362135,0.34461442278112603,5.515
2026-10-11 23:01:44,14.001986092171983,14.008955476122235,16.064445217717385,24.785,6.893600517956294,6.891834914461921,2.4715336721658114,12.33,3.113234266871889,3.14167687370197,0.34665972785996363,5.55
2026-10-11 23:16:44,14.09180591730487,14.107660553574762,16.171326475179175,24.945,6.96998272886442,6.983725763032498,2.4993550632997326,12.475,3.1313212140126496,3.158078709267843,0.3487018859750717,5.58
2026-10-11 23:31:44,14.15911038254965,14.170715404945945,16.239015270768547,25.06,7.025865869885461,7.026535153962249,2.5164028636350664,12.565,3.1529824961316546,3.178306172188522,0.3506067736290123,5.61
2026-10-11 23:46:44,14.198269756395602,14.21700828668238,16.28666111751857,25.13,7.035876090221256,7.035745051622401,2.5187596186918477,12.58,3.1636353750106916,3.189339614639941,0.3521262227590267,5.63
2026-10-12 00:01:44,14.307232913924,14.336716995915516,16.414722784876464,25.335,7.065570504121049,7.077681663202243,2.5301803569212358,12.645,3.197619550759006,3.2239650464387677,0.3566008813859531,5.695
2026-10-12 00:16:44,14.405461126955997,14.439509094287574,16.535461027531863,25.5,7.101457763886207,7.119424799830163,2.5421569408277507,12.715,3.2214248071855875,3.2429892056786604,0.3586868306189502,5.73
2026-10-12 00:31:44,14.534365080319164,14.56211873693003,16.692513966930274,25.73,7.176939112575138,7.202113305996582,2.573194615476379,12.87,3.259171798275027,3.2737087700542826,0.36284336230932923,5.795
2026-10-12 00:46:44,14.639646629169503,14.672290165306203,16.83782547322391,25.93,7.232100586143299,7.266059689182598,2.594271686843166,12.98,3.2815587295173962,3.2986721541837096,0.3657252294380532,5.84
2026-10-12 01:01:44,14.716907491513702,14.768914255435176,16.94279908494988,26.095,7.264477170911469,7.295906402716069,2.604630258811983,13.035,3.3147828655263276,3.326207513884284,0.3692769662718134,5.895
2026-10-12 01:16:44,14.828188640722765,14.86561966239399,17.070429921862445,26.285,7.347549070206183,7.379915664866262,2.6333067061861684,13.18,3.3372627637865717,3.3473214771015076,0.3710554967213232,5.93
2026-10-12 01:31:44,14.89528717295808,14.938186705755683,17.14468679220122,26.405,7.391851744468353,7.4290334185340985,2.648772735081441,13.26,3.3555377067463965,3.3675936904782104,0.3733793574967733,5.97
2026-10-12 01:46:44,14.958528991122009,15.00134390415905,17.211962968223762,26.51,7.425528370463943,7.471014329336711,2.663022535188159,13.33,3.3725437623493346,3.3817908256219216,0.3749647784393748,5.995
2026-10-12 02:01:44,15.036967175144644,15.095829634240701,17.309490297610967,26.66,7.475248785897755,7.524910510235633,2.683480252008021,13.425,3.39131040368768,3.402564253088184,0.3775526744748398,6.03
2026-10-12 02:16:44,15.110023457181315,15.168370305580355,17.38839828006978,26.79,7.530546722354566,7.5955155506066125,2.7050204249702148,13.53,3.4265063014742876,3.433647601115463,0.38165858143882053,6.09
2026-10-12 02:31:44,15.18658470470753,15.254094436722303,17.482615824070045,26.94,7.584529575519044,7.658230257628519,2.72347039421109,13.625,3.447080211680995,3.446172919107364,0.3834625688530868,6.115
2026-10-12 02:46:44,15.240863862846421,15.29639151142185,17.534871910386595,27.015,7.599559617355171,7.674161501954027,2.730050376646556,13.655,3.451097549800644,3.4497052974105733,0.383936232332679,6.125
2026-10-12 03:01:44,15.241681186715963,15.298184094461195,17.538500012264926,27.02,7.599559617355171,7.674161501954027,2.730050376646556,13.655,3.451097549800644,3.4497052974105733,0.383936232332679,6.125
2026-10-12 03:16:44,15.251584774841676,15.308368569957787,17.55376547330541,27.04,7.613355663400578,7.685144924211171,2.734549696322843,13.675,3.451097549800644,3.4497052974105733,0.383936232332679,6.125
2026-10-12 03:31:44,15.27971265664857,15.340642042517446,17.5865816792373,27.09,7.642069419789511,7.720594676452277,2.7457228536124254,13.735,3.451097549800644,3.4497052974105733,0.383936232332679,6.125
2026-10-12 03:46:44,15.307466457415504,15.374842339324692,17.62318951992677,27.145,7.651374881340836,7.729996584144773,2.7503966904497843,13.755,3.457982623030982,3.4554300484609626,0.38484522519736575,6.135
2026-10-12 04:01:44,15.32545796196949,15.396369735120924,17.645432074210184,27.18,7.655057863225105,7.7357020605341,2.7520165898204167,13.765,3.460669328835457,3.4595454711350655,0.38514034648587586,6.14
2026-10-12 04:16:44,15.343613537272624,15.416660840976643,17.668459095226403,27.215,7.661896404035846,7.744577380339695,2.7541416806990924,13.775,3.471908714545527,3.4688822736001996,0.3860160921630292,6.155
2026-10-12 04:31:44,15.358441881708075,15.42831281404231,17.6837676640246,27.24,7.662994868977974,7.7462157051811955,2.7553269565398346,13.78,3.471908714545527,3.4688822736001996,0.3860160921630292,6.155
2026-10-12 04:46:44,15.378524097321993,15.451664313459812,17.70814096736232,27.275,7.676345772942765,7.764000011783078,2.7619798707077865,13.81,3.4890963454370576,3.480865887729073,0.38763335258088455,6.185
2026-10-12 05:01:44,15.400481609909079,15.476402051167833,17.73260872899357,27.32,7.68972876016972,7.775974452864809,2.765824322376127,13.83,3.5092269225373913,3.4987630888484738,0.3895542122097156,6.215
2026-10-12 05:16:44,15.41711914143351,15.490877537320648,17.749091478664134,27.345,7.712782575839441,7.79857597618631,2.77407641919735,13.87,3.517598973398,3.504783654541291,0.39046406149257534,6.23
2026-10-12 05:31:44,15.477046741145477,15.54323165024314,17.812563087685316,27.445,7.74114752289132,7.8296529791521845,2.7825726307086485,13.92,3.531025885363771,3.508876384675391,0.39122809179444534,6.245
2026-10-12 05:46:44,15.490903087440094,15.562098337472856,17.829851039214553,27.475,7.74539967979379,7.836396304593668,2.7841680171954413,13.93,3.5375232888221726,3.514968057228573,0.3917629746301631,6.255
2026-10-12 06:01:44,15.50465461819631,15.580318355295635,17.84880882225663,27.505,7.749289189508882,7.842374237665492,2.7869279968125746,13.945,3.5392383599721495,3.5157635012330797,0.39211283943066616,6.26
2026-10-12 06:16:44,15.529554695591958,15.603147401544891,17.88197617016446,27.55,7.750377580218315,7.846069120977757,2.787485788413684,13.95,3.5392383599721495,3.5157635012330797,0.39211283943066616,6.26
2026-10-12 06:31:44,15.547418157072636,15.621012727182421,17.90154274615574,27.58,7.754645640226093,7.852278653897199,2.7893844777925274,13.96,3.5509785034697874,3.530135513923515,0.39342618921508543,6.28
2026-10-12 06:46:44,15.588479846140686,15.659813307283047,17.950917354960424,27.655,7.775810138598763,7.866623374980657,2.795811418320012,13.995,3.554811831279422,3.532601639013212,0.39390194941188506,6.29
2026-10-12 07:01:44,15.621906303892098,15.704880141786624,17.98793392182849,27.72,7.794794392924412,7.883704338039916,2.8013946069977638,14.03,3.569209637818149,3.5487853803674145,0.3956554761657088,6.315
2026-10-12 07:16:44,15.640448707072599,15.721420344083203,18.003309305761267,27.75,7.800037174200518,7.89171499798326,2.8040511357950884,14.04,3.572081783132851,3.552804627877499,0.39594456225670044,6.32
2026-10-12 07:31:44,15.694124805871166,15.77367236504631,18.06379180885981,27.83,7.821306938150495,7.912210255133146,2.812586578411159,14.08,3.57542729431775,3.5600298251160925,0.39687367821220493,6.33
2026-10-12 07:46:44,15.740251371474717,15.826741527211714,18.122637254387875,27.915,7.843901426305393,7.936871116396524,2.8206079286732058,14.12,3.5859775516772716,3.5709297042804016,0.397547175321428,6.345
2026-10-12 08:01:44,15.772210617007369,15.85424740413928,18.1564904249514,27.965,7.8592869456091545,7.953543230053682,2.8258990779033653,14.145,3.5859775516772716,3.5709297042804016,0.397547175321428,6.345
2026-10-12 08:16:44,15.806572210037434,15.887073757299998,18.194201319689018,28.025,7.8743542615153235,7.9714206457099035,2.83220107490946,14.175,3.5995473656090495,3.580940184876673,0.39884183752622493,6.37
2026-10-12 08:31:44,15.834613722123644,15.919116849108304,18.225930944655172,28.075,7.879056500079904,7.97711423998423,2.834402853631718,14.185,3.6044851173860204,3.584051258957017,0.39957652137872335,6.385
2026-10-12 08:46:44,15.860090013462148,15.941789959508625,18.263319086446828,28.12,7.888584606738963,7.990592196210802,2.8387484971946972,14.205,3.607707323299768,3.592819263023829,0.4000086598929868,6.395
2026-10-12 09:01:44,15.88466826170279,15.965525792541701,18.290483902749695,28.17,7.8995041451225285,8.000906265858186,2.8422686702355446,14.22,3.610747989573439,3.595687620372125,0.4003999880026266,6.4
2026-10-12 09:16:44,15.894827512705941,15.975414840475754,18.301261747777996,28.19,7.925188824495842,8.02322880514394,2.8523317747509345,14.27,3.6178346602181657,3.602126132422747,0.401265198882514,6.415
2026-10-12 09:31:44,15.946311839644476,16.012247469490276,18.352993425312302,28.265,7.947421458465675,8.045984260909266,2.85957412017185,14.31,3.642388105208071,3.6247620975836723,0.4040833526301182,6.455
2026-10-12 09:46:44,15.975335005687409,16.040771088283023,18.388310021719867,28.315,7.952247214931056,8.048947618987452,2.8601417362200428,14.315,3.650048554341791,3.6286754395489162,0.4047114641176875,6.465
2026-10-12 10:01:44,16.008974688675053,16.06154730522026,18.42856080722556,28.37,7.9597887944695795,8.058666053255067,2.862302631904636,14.33,3.6540743784036684,3.6338291515533516,0.40512779305255514,6.475
2026-10-12 10:16:44,16.048351889986122,16.10356157765298,18.47181874310056,28.44,7.99934048675098,8.098269957651677,2.8749187094382465,14.395,3.6640651320852005,3.647466516012681,0.4067409426611161,6.5
2026-10-12 10:31:44,16.07567469001327,16.120463974383597,18.49873703002019,28.48,8.008911316762315,8.106938990379184,2.878335400330658,14.41,3.6720636265246163,3.653540729675641,0.40755985990603577,6.51
2026-10-12 10:46:44,16.100154906387242,16.157950357370172,18.537296224447626,28.53,8.016463976904106,8.115062171839085,2.880711534004263,14.425,3.6720636265246163,3.653540729675641,0.40755985990603577,6.51
2026-10-12 11:01:44,16.12500857317325,16.17777516139393,18.569871608974772,28.58,8.026222289001469,8.1255841484525,2.884873940611777,14.44,3.684160327607431,3.665724301263973,0.4083613365494505,6.525
2026-10-12 11:16:44,16.134486926524964,16.187429346689335,18.584764130092456,28.6,8.030626439124868,8.13135392901299,2.886439258244195,14.45,3.686397537204091,3.6677795515538043,0.4085645174133677,6.53
2026-10-12 11:31:44,16.156703675389146,16.211154783228316,18.611463290707757,28.64,8.036039767358249,8.13639683038688,2.888352166328659,14.46,3.6893850862085094,3.672382397468178,0.4088489849163112,6.535
2026-10-12 11:46:44,16.193947660158212,16.25269017298338,18.65722383664055,28.715,8.055187453426653,8.150584749196794,2.8932662217637484,14.485,3.6988112728431974,3.6779710254110514,0.4101568167106523,6.55
2026-10-12 12:01:44,16.233495974204875,16.298130420355253,18.71229593418888,28.795,8.067813113858588,8.159857503369492,2.8977539344219383,14.505,3.7064858378363663,3.68413894279213,0.4109276967771429,6.565
2026-10-12 12:16:44,16.28016437922544,16.32989673553219,18.762891958189904,28.87,8.073368153323491,8.166843737485266,2.901329582081741,14.52,3.7183973227215437,3.6961181174818947,0.4122951333619825,6.585
2026-10-12 12:31:44,16.28740943174752,16.340062925678776,18.771518860821153,28.885,8.081721985006725,8.176120098185674,2.905832395306448,14.54,3.7337381729254804,3.709024348633532,0.41345352608463587,6.61
2026-10-12 12:46:44,16.308482569182747,16.359980372044827,18.798941049751377,28.925,8.081721985006725,8.176120098185674,2.905832395306448,14.54,3.7337381729254804,3.709024348633532,0.41345352608463587,6.61
2026-10-12 13:01:44,16.322552057952525,16.373404741807594,18.814210011917393,28.95,8.084837848992215,8.184003609875681,2.907483991696513,14.55,3.7437811163846497,3.718727838453054,0.4144842977462143,6.625
2026-10-12 13:16:44,16.33216454345435,16.38132758747655,18.82382047751549,28.965,8.091696966358674,8.188694140964678,2.9093326147986867,14.56,3.748418916396525,3.7230583525721137,0.41485509102412665,6.63
2026-10-12 13:31:44,16.340346603359038,16.394463168616785,18.839393420504436,28.99,8.10372097586786,8.202805032320837,2.915064327031733,14.59,3.751685626543665,3.7279834699172323,0.4151406382132981,6.635
2026-10-12 13:46:44,16.35835880920685,16.404220203855544,18.85931644977703,29.02,8.113992937984138,8.210682584931329,2.91875307374505,14.61,3.751685626543665,3.7279834699172323,0.4151406382132981,6.635
2026-10-12 14:01:44,16.37086124934489,16.41907092879843,18.879754533128327,29.055,8.117516549693269,8.213490771881533,2.919944105375363,14.615,3.751685626543665,3.7279834699172323,0.4151406382132981,6.635
2026-10-12 14:16:44,16.388375513104126,16.435306275676773,18.898571612891867,29.085,8.122421613812763,8.215320609140369,2.920934666298771,14.62,3.754066343692271,3.7296775361999335,0.41529547791262117,6.64
2026-10-12 14:31:44,16.394702284596622,16.443657283346965,18.906088290261035,29.1,8.123760271513797,8.2168320461723,2.921998504456964,14.625,3.754066343692271,3.7296775361999335,0.41529547791262117,6.64
2026-10-12 14:46:44,16.418632940106964,16.463247969194363,18.930750352789303,29.135,8.136379752916458,8.225852834605751,2.924432719868392,14.64,3.754066343692271,3.7296775361999335,0.41529547791262117,6.64
2026-10-12 15:01:44,16.448843842788097,16.50129442524251,18.962807261093825,29.185,8.144031889600722,8.231224773655336,2.9260667982017026,14.65,3.754066343692271,3.7296775361999335,0.41529547791262117,6.64
2026-10-12 15:16:44,16.46347734009465,16.516653773181467,18.982720586879385,29.21,8.151999928286683,8.235673389556537,2.9277654830472493,14.66,3.754066343692271,3.7296775361999335,0.41529547791262117,6.64
2026-10-12 15:31:44,16.478073465567146,16.534558289332526,18.99861658370088,29.235,8.151999928286683,8.235673389556537,2.9277654830472493,14.66,3.754066343692271,3.7296775361999335,0.41529547791262117,6.64
2026-10-12 15:46:44,16.496963352652003,16.551625609039014,19.021536925588016,29.27,8.153519594617027,8.239871477148863,2.9290805474012123,14.665,3.7579109608119667,3.731016108214587,0.41543039217871996,6.645
2026-10-12 16:01:44,16.50103966926196,16.5524463662165,19.025254349799503,29.275,8.153519594617027,8.239871477148863,2.9290805474012123,14.665,3.7579109608119667,3.731016108214587,0.41543039217871996,6.645
2026-10-12 16:16:44,16.528310107397683,16.587893013157565,19.06484008585728,29.335,8.161382608480956,8.249371026241509,2.9313967666980805,14.675,3.7628890835652262,3.7322503911850107,0.4157229757176988,6.65
2026-10-12 16:31:44,16.531842239358916,16.590948439886795,19.06767597342242,29.34,8.16376289441882,8.253488766054017,2.932355217815307,14.68,3.7628890835652262,3.7322503911850107,0.4157229757176988,6.65
2026-10-12 16:46:44,16.536645396671165,16.594457437478003,19.07182443995411,29.35,8.16376289441882,8.253488766054017,2.932355217815307,14.68,3.7628890835652262,3.7322503911850107,0.4157229757176988,6.65
2026-10-12 17:01:44,16.54327079695715,16.606076574185693,19.084269061765873,29.37,8.174056231970164,8.263209981811565,2.935311099868572,14.695,3.769714695112454,3.739603075412066,0.4163276010546618,6.66
2026-10-12 17:16:44,16.553012424969467,16.61626012886644,19.094172141822774,29.385,8.17685717862723,8.267084225577786,2.9363657545198305,14.705,3.769714695112454,3.739603075412066,0.4163276010546618,6.66
2026-10-12 17:31:44,16.554577393116144,16.62333284388271,19.099706388804407,29.395,8.182886464845327,8.272165556804998,2.938927479251681,14.715,3.7711384195869777,3.742513281064641,0.4168027217318816,6.665
2026-10-12 17:46:44,16.56305575503898,16.633913811351018,19.106968819189934,29.41,8.187845531272277,8.273915706465978,2.9398464133085866,14.72,3.772558129626143,3.746612604905727,0.41707493537496154,6.67
2026-10-12 18:01:44,16.574581853941,16.642321111889114,19.12408963093817,29.43,8.191976692661285,8.276384525314176,2.9410115067316296,14.725,3.7750054531759822,3.751505932921517,0.41721402240053046,6.675
2026-10-12 18:16:44,16.579299117767114,16.646215717199546,19.128554773232906,29.435,8.195418709009315,8.278483969684988,2.9424721616280753,14.73,3.7750054531759822,3.751505932921517,0.41721402240053046,6.675
2026-10-12 18:31:44,16.581180028936846,16.64814446998816,19.133172753843674,29.44,8.206932895220925,8.287761063722183,2.9466556390530774,14.75,3.776802952638244,3.755897438773653,0.4176384442515,6.68
2026-10-12 18:46:44,16.638566394182703,16.692209187603698,19.184406453524275,29.525,8.221281975973927,8.303548626650949,2.9520980213491566,14.78,3.7863845977803847,3.761565291014394,0.41849574064773865,6.695
2026-10-12 19:01:44,16.65518505270429,16.71625554064969,19.205815800636795,29.56,8.236388770106105,8.315996060735499,2.9578071442394664,14.81,3.7882568782279864,3.763162486594207,0.41877249312784914,6.7
2026-10-12 19:16:44,16.700218593508392,16.75614354215612,19.24897694687256,29.625,8.259545769700992,8.343364422510879,2.9661284949714393,14.855,3.794146532236415,3.769569573882851,0.4194942426985829,6.71
2026-10-12 19:31:44,16.76237783164524,16.81355561121055,19.319766832457482,29.735,8.2777186064918,8.37127873491363,2.9735318472409595,14.895,3.8019052737265264,3.7755442273802666,0.41995518140096577,6.72
2026-10-12 19:46:44,16.8234775872655,16.87526116760202,19.396028692187052,29.84,8.317626754881623,8.413891600058236,2.984661967319331,14.955,3.8019052737265264,3.7755442273802666,0.41995518140096577,6.72
2026-10-12 20:01:44,16.92159306559927,16.96504199464463,19.49852864470049,30.005,8.356171172530653,8.455483874676851,2.996252859561891,15.02,3.820942260996471,3.7930341240026455,0.4222138887751184,6.755
2026-10-12 20:16:44,16.966133984899354,17.02191992695223,19.558205000136237,30.09,8.37951182783513,8.47756237423432,3.004921098546487,15.06,3.82650550741389,3.800081355119693,0.42321765395514016,6.77
2026-10-12 20:31:44,16.971915724002237,17.030157483597147,19.564408804346126,30.1,8.38472104480805,8.485457525284877,3.0077100354272845,15.07,3.8323100568756967,3.8065072287843815,0.42399361721584466,6.78
2026-10-12 20:46:44,17.00454044339996,17.06111457783852,19.60203890566043,30.155,8.400228877791239,8.501360452594795,3.0132955235971246,15.1,3.8417556555628267,3.8123794266862943,0.42510806579858373,6.795
2026-10-12 21:01:44,17.028303956930795,17.083293215145723,19.624558202915832,30.195,8.4054503217625,8.507124264947825,3.016105639115836,15.115,3.849970811555349,3.818523117762288,0.42592361276560464,6.805
2026-10-12 21:16:44,17.065334047127024,17.12108781286107,19.66305402006533,30.265,8.428971175767952,8.530681107535862,3.0250113586248224,15.16,3.8508167716388084,3.8204740530102343,0.42605557517111753,6.81
2026-10-12 21:31:44,17.146237802454667,17.205877877431952,19.7469843947201,30.405,8.446398565186904,8.544440424451558,3.030700816498302,15.185,3.8564271677452826,3.826252742896467,0.4268301250349884,6.82
2026-10-12 21:46:44,17.18196614250128,17.23538952076249,19.775400241323094,30.46,8.473261354367404,8.566627608938155,3.038672250073903,15.225,3.8599186403689596,3.830641831572315,0.42700651454524535,6.825
2026-10-12 22:01:44,17.256127515632127,17.29299737416161,19.85082915243906,30.57,8.504454674391749,8.591467457335234,3.047987570119028,15.275,3.8775052791142475,3.8500685448143157,0.428529553512925,6.855
2026-10-12 22:16:44,17.284739600528304,17.32587584656253,19.888299509372803,30.625,8.530580419091157,8.614404569651994,3.0555454132872657,15.315,3.884507763113869,3.8608225644033514,0.4296595168984311,6.87
2026-10-12 22:31:44,17.4312148791625,17.469500834242208,20.054174369150164,30.87,8.588955397788007,8.671792984496568,3.077253585742261,15.415,3.902975333380202,3.8894862668568977,0.432219109914933,6.915
2026-10-12 22:46:44,17.510311220597153,17.528765763753864,20.11754207176026,30.985,8.637590317679118,8.708992984662226,3.0933697674949663,15.49,3.902975333380202,3.8894862668568977,0.432219109914933,6.915
2026-10-12 23:01:44,17.549335210962184,17.565469303309705,20.162995442684434,31.055,8.66854560346921,8.743071843646616,3.103053116732197,15.54,3.9194782476374677,3.8986848554139737,0.4334063702331226,6.94
2026-10-12 23:16:44,17.617928381710165,17.64118993539871,20.24464985020253,31.185,8.712592343282521,8.774016863693861,3.1150610769996656,15.6,3.9336499821369935,3.915862638358065,0.4363260920208836,6.98
2026-10-12 23:31:44,17.731233430179984,17.753929241763363,20.379161264621082,31.385,8.785286311449607,8.845767353319816,3.140467391699262,15.725,3.96632228050746,3.9506092096599157,0.44037814853680257,7.04
2026-10-12 23:46:44,17.847319877786198,17.86341019144448,20.492572544320918,31.58,8.867497037203398,8.92891473052531,3.1689545082498434,15.865,3.990644088979229,3.9724825907953223,0.4433354496704791,7.085
2026-10-13 00:01:44,17.922583716432623,17.934670348649956,20.58351881836589,31.71,8.895607604803478,8.964525005760576,3.178669884246728,15.915,4.011508018910834,4.001132337427081,0.4468144203762531,7.135
2026-10-13 00:16:44,18.011702693194607,18.029035968275146,20.694307440680436,31.875,8.933519727421084,9.001880753517035,3.1943560672210385,15.98,4.037217894168677,4.029192228368568,0.44976624494463363,7.185
2026-10-13 00:31:44,18.139570974510246,18.147959413397558,20.827437168682405,32.075,8.968050568878024,9.025533966984165,3.2058865105859304,16.04,4.06579921250022,4.051386848722723,0.45284458693042584,7.23
2026-10-13 00:46:44,18.193649141875873,18.197841133263847,20.90169591246703,32.175,8.993888075143408,9.04335745210772,3.214267828317436,16.085,4.0858535232714726,4.07090275196623,0.4545965210798451,7.26
2026-10-13 01:01:44,18.26881365192436,18.274987468874638,20.98633862786899,32.31,9.059556094782563,9.130353454653969,3.245629085076773,16.23,4.103994930756491,4.083492953190991,0.45608849812126234,7.29
2026-10-13 01:16:44,18.348832076641084,18.358848903250863,21.073016904462705,32.44,9.085470749773563,9.160503276473307,3.2548164129200376,16.28,4.137127626171147,4.118540693477915,0.45988723992386654,7.35
2026-10-13 01:31:44,18.418310420377903,18.42026621231793,21.14430958549608,32.555,9.107114623384543,9.186418371182164,3.2646785544003607,16.325,4.154404220644087,4.137620748948584,0.4619416658710874,7.38
2026-10-13 01:46:44,18.458059725368628,18.45669470571975,21.18704257314335,32.62,9.13324488336097,9.205699333067441,3.2713606747412074,16.36,4.1671549073755125,4.145073840662491,0.463312600769364,7.4
2026-10-13 02:01:44,18.50342977154575,18.500656929899613,21.24942957715874,32.7,9.155314704590248,9.238175428246626,3.2804293678642527,16.41,4.203557589504229,4.180209310072274,0.46723802692103467,7.455
2026-10-13 02:16:44,18.579817625955084,18.57530445797572,21.323520070275997,32.82,9.187525308534088,9.2736749907934,3.293088756272181,16.47,4.207478193865571,4.1828184415962,0.46742248043709556,7.46
2026-10-13 02:31:44,18.624345408397875,18.61023980311369,21.373523837618464,32.895,9.20461587808105,9.29294929525566,3.3021382447208185,16.51,4.218055785436798,4.190824737556568,0.46864329373416985,7.48
2026-10-13 02:46:44,18.732944704015484,18.717476084057328,21.48776908934145,33.085,9.270888343761166,9.355598725011038,3.3206205483105666,16.61,4.249042897442874,4.220802242220581,0.4718170772902567,7.54
2026-10-13 03:01:44,18.8317177514502,18.82205510656497,21.582879867565573,33.255,9.325733699521551,9.412002924320841,3.340162058806451,16.705,4.292019450964156,4.260641525442331,0.47591419128463197,7.605
2026-10-13 03:16:44,18.907612881044994,18.902464255630672,21.672671117654623,33.4,9.367241257226173,9.457101990596803,3.3552251178749932,16.78,4.312132850303107,4.277643562844021,0.47804747709371664,7.64
2026-10-13 03:31:44,18.96093179958218,18.958274369646254,21.738808878450932,33.5,9.411467899382238,9.50548511562351,3.3699699245972465,16.85,4.3415967373220425,4.30152352681875,0.48105591022690286,7.69
2026-10-13 03:46:44,19.043617572531794,19.03549803413721,21.837813978881357,33.655,9.476992203266821,9.561498793786622,3.3917496660837987,16.96,4.355520041929802,4.320505034721084,0.48321384141279417,7.725
2026-10-13 04:01:44,19.088543120556714,19.08324734451595,21.900631293677215,33.745,9.50309520720193,9.580049191848559,3.3976664870617133,17.0,4.3600390168851035,4.328351705750544,0.4839485800069014,7.735
2026-10-13 04:16:44,19.10709959999264,19.10603250880066,21.92245753098637,33.785,9.529240771388054,9.612526532904969,3.404957094530688,17.04,4.3636788586511575,4.330411700251233,0.48440025810163856,7.74
2026-10-13 04:31:44,19.17278891869014,19.182116854413415,21.999494598261983,33.905,9.55456703488669,9.643413940075918,3.4151665543000234,17.09,4.377041777564157,4.342277960426747,0.4861232103978216,7.765
2026-10-13 04:46:44,19.2087603087099,19.22598204103517,22.040172377179495,33.97,9.566763354271883,9.649664754538353,3.418558099822558,17.105,4.390349729570922,4.352659826625386,0.4874717475305105,7.785
2026-10-13 05:01:44,19.259990431917103,19.27303978497579,22.095721339285316,34.05,9.59388327538853,9.682179001820659,3.4303090343500258,17.165,4.40560723530135,4.367930765825212,0.4892035246598004,7.81
2026-10-13 05:16:44,19.29966833613104,19.307080922532542,22.13686022285892,34.11,9.60528821907837,9.695914103086638,3.434262459595235,17.185,4.407605307012735,4.370700257995975,0.48967492949242797,7.815
2026-10-13 05:31:44,19.331377354063548,19.332654137390808,22.16992416540308,34.16,9.619366843992294,9.712887582697306,3.43866888685319,17.21,4.4230857105600485,4.383630429094804,0.49099858290458515,7.835
2026-10-13 05:46:44,19.387170883921993,19.39135757555424,22.23095019484499,34.26,9.645447884001927,9.73381353086267,3.449674770540203,17.255,4.42979327633152,4.390535461219416,0.49163921165520535,7.845
2026-10-13 06:01:44,19.425338688625594,19.43217542425316,22.279994571223565,34.335,9.67487552496337,9.77501768236254,3.4625936801848183,17.32,4.434383832220407,4.397358672281867,0.49270055932341555,7.86
2026-10-13 06:16:44,19.497130534499856,19.50651889077143,22.355512810737793,34.46,9.699978956519008,9.805443931105387,3.4729661402568452,17.365,4.442678416468278,4.408501991581943,0.49408795536162126,7.88
2026-10-13 06:31:44,19.502948505231938,19.513500534327083,22.364181312616978,34.47,9.713030045613806,9.821278072095717,3.4772974467532625,17.385,4.446498464185223,4.410632209297815,0.4943243013028129,7.885
2026-10-13 06:46:44,19.522310386751972,19.537775648742304,22.3865162665556,34.505,9.719087954061944,9.82640674402655,3.4796359808735544,17.395,4.449078426474416,4.4139127723712805,0.4947862493688857,7.89
2026-10-13 07:01:44,19.56294356639053,19.589945180937693,22.436493729672105,34.59,9.75034948432012,9.852465333044949,3.489271811709455,17.44,4.4513607472813455,4.418559302118279,0.4950928449889008,7.9
2026-10-13 07:16:44,19.64587928179346,19.667495804113674,22.537972423479356,34.745,9.787666937462546,9.879707830950128,3.500861853407755,17.495,4.477027439988467,4.434683079464332,0.49672460491632525,7.935
2026-10-13 07:31:44,19.720498073130425,19.744637514744266,22.62049958735077,34.87,9.824851627297425,9.909454109579688,3.511803862044253,17.55,4.497810733919047,4.452178667800989,0.49859050933428717,7.965
2026-10-13 07:46:44,19.732151491105068,19.750966905126003,22.630534887474628,34.885,9.824851627297425,9.909454109579688,3.511803862044253,17.55,4.497810733919047,4.452178667800989,0.49859050933428717,7.965
2026-10-13 08:01:44,19.745219132253126,19.76232508770164,22.642337974473286,34.905,9.825682267113217,9.911294488631682,3.5131402755333068,17.555,4.497810733919047,4.452178667800989,0.49859050933428717,7.965
2026-10-13 08:16:44,19.777770843104534,19.789660299964076,22.679233111395384,34.96,9.834909634361416,9.926784289915918,3.5174008228859064,17.575,4.5021379625204565,4.454898063243194,0.49923230636725024,7.975
2026-10-13 08:31:44,19.84702089938218,19.85477072504256,22.753777640348137,35.085,9.857800149396624,9.942715547127522,3.523414786578357,17.605,4.5021379625204565,4.454898063243194,0.49923230636725024,7.975
2026-10-13 08:46:44,19.890571777634207,19.889780391140295,22.800102487848438,35.155,9.8730069632434,9.95195625808839,3.528001684703819,17.63,4.5021379625204565,4.454898063243194,0.49923230636725024,7.975
2026-10-13 09:01:44,19.956977283195407,19.958812083370763,22.866952559068984,35.27,9.908787070141248,9.983437661911648,3.5420709318577295,17.695,4.510239634147358,4.465093912210766,0.5001299714040229,7.99
2026-10-13 09:16:44,20.040663135285964,20.04450897301007,22.978963933736438,35.435,9.940227004330035,10.013783176217503,3.551347882917466,17.75,4.534738004289872,4.480439912898663,0.5036236895202182,8.035
2026-10-13 09:31:44,20.117027437317557,20.11735429723534,23.05968906972144,35.56,9.960369593466249,10.033477005755568,3.559413407106775,17.79,4.54766826901839,4.495247893127158,0.5050143121579578,8.055
2026-10-13 09:46:44,20.17448635703775,20.163632914981488,23.123868055218914,35.66,9.979551259082225,10.059503165255299,3.5672242949291877,17.835,4.562972439413737,4.511861901588328,0.5063459070635364,8.08
2026-10-13 10:01:44,20.274429191712088,20.25973565058033,23.23397803073679,35.825,10.001335264728725,10.082818447026073,3.5751901816984093,17.875,4.575603821240014,4.520427165740889,0.5078827325312291,8.1
2026-10-13 10:16:44,20.3700853469316,20.351279381127853,23.334140173960815,35.98,10.030682946591382,10.115175914501464,3.586115261756873,17.93,4.582369014677297,4.525399549112506,0.5087650216058293,8.115
2026-10-13 10:31:44,20.377005957879334,20.35939630866411,23.339612924537292,35.99,10.034329985113995,10.118012226938864,3.587185922543876,17.935,4.582369014677297,4.525399549112506,0.5087650216058293,8.115
2026-10-13 10:46:44,20.38403382422321,20.36525463993471,23.345424418561937,36.0,10.038922243246754,10.121876011919491,3.5884913500691975,17.94,4.5860122363807845,4.5270530070773365,0.5089569658414276,8.12
2026-10-13 11:01:44,20.392883204744486,20.37358714681406,23.355721376386526,36.015,10.038922243246754,10.121876011919491,3.5884913500691975,17.94,4.5871042261570505,4.528124895742193,0.5091823715293341,8.125
2026-10-13 11:16:44,20.406929996378896,20.39453841034829,23.374353693225917,36.045,10.038922243246754,10.121876011919491,3.5884913500691975,17.94,4.5871042261570505,4.528124895742193,0.5091823715293341,8.125
2026-10-13 11:31:44,20.43355358069268,20.421901800510504,23.409837467955192,36.095,10.046722065853693,10.129610908139835,3.5917651521738585,17.955,4.588103654212832,4.531312891776276,0.5093265698500554,8.13
2026-10-13 11:46:44,20.454885905591052,20.4360057583685,23.430168812732667,36.125,10.058826723997205,10.136221208896785,3.594482452122985,17.97,4.588103654212832,4.531312891776276,0.5093265698500554,8.13
2026-10-13 12:01:44,20.473162955553036,20.45131153405492,23.452403325528838,36.16,10.061403140963346,10.140270006476976,3.5954562519008557,17.975,4.592208298125733,4.534923109360193,0.5098222718367902,8.135
2026-10-13 12:16:44,20.487089145103855,20.464397208688194,23.47043160632787,36.185,10.065882535325457,10.143357699027202,3.596202719696524,17.98,4.597088858253909,4.536506666862503,0.5102000311498377,8.14
2026-10-13 12:31:44,20.487839329985757,20.465176796787535,23.474313207364734,36.19,10.068585767664612,10.147530400721124,3.597489085370547,17.985,4.597088858253909,4.536506666862503,0.5102000311498377,8.14
2026-10-13 12:46:44,20.50203941618188,20.480444014062645,23.491968225592156,36.215,10.068585767664612,10.147530400721124,3.597489085370547,17.985,4.599861489426662,4.537668863130895,0.5104470644881057,8.145
2026-10-13 13:01:44,20.506088664530676,20.4858451371274,23.496036372856583,36.225,10.068585767664612,10.147530400721124,3.597489085370547,17.985,4.603574585280465,4.5396543989056255,0.5107777995108469,8.15
2026-10-13 13:16:44,20.522938523831073,20.503302962332935,23.51274705319032,36.25,10.075659192118975,10.15576016257607,3.5990030777321973,17.995,4.603574585280465,4.5396543989056255,0.5107777995108469,8.15
2026-10-13 13:31:44,20.527685699703966,20.50665766565266,23.518470683735945,36.26,10.075659192118975,10.15576016257607,3.5990030777321973,17.995,4.603574585280465,4.5396543989056255,0.5107777995108469,8.15
2026-10-13 13:46:44,20.52871186832108,20.5083160232646,23.522050787574095,36.265,10.08065093062055,10.159640336697278,3.599643534440083,18.0,4.603574585280465,4.5396543989056255,0.5107777995108469,8.15
2026-10-13 14:01:44,20.532255008681112,20.51142220083958,23.523870608232876,36.27,10.08501617824053,10.161848913436819,3.6004732504070915,18.005,4.603574585280465,4.5396543989056255,0.5107777995108469,8.15
2026-10-13 14:16:44,20.536875788287016,20.521157615786876,23.53340333910397,36.285,10.087926293102845,10.16395611119045,3.6017849041776238,18.01,4.603574585280465,4.5396543989056255,0.5107777995108469,8.15
2026-10-13 14:31:44,20.545432787507952,20.526720376621707,23.53959713528762,36.295,10.091357629308156,10.167650602696229,3.602728414132914,18.015,4.603574585280465,4.5396543989056255,0.5107777995108469,8.15
2026-10-13 14:46:44,20.557507156578374,20.540404189674195,23.55333431245845,36.315,10.096981890105413,10.175020077564744,3.604238166644926,18.025,4.603574585280465,4.5396543989056255,0.5107777995108469,8.15
2026-10-13 15:01:44,20.579094330769326,20.56055369486002,23.572186099240607,36.345,10.10186437965744,10.17689964955717,3.605563105388009,18.03,4.603574585280465,4.5396543989056255,0.5107777995108469,8.15
2026-10-13 15:16:44,20.59316857675342,20.57486865595454,23.590848918024914,36.37,10.104458053066718,10.180695294761382,3.606611937474151,18.035,4.609898652347673,4.547929088531623,0.5117084150156093,8.16
2026-10-13 15:31:44,20.624911411925947,20.602891934188268,23.61715668361524,36.42,10.116563841975806,10.190818561403983,3.611108509583765,18.055,4.616445154980246,4.551764342840602,0.5119977593877563,8.17
2026-10-13 15:46:44,20.62657261925921,20.610207491033556,23.625914905106292,36.43,10.116563841975806,10.190818561403983,3.611108509583765,18.055,4.619629716098994,4.554974591001931,0.5121681253951197,8.175
2026-10-13 16:01:44,20.6408025413617,20.624805411832764,23.638161037242668,36.45,10.116563841975806,10.190818561403983,3.611108509583765,18.055,4.619629716098994,4.554974591001931,0.5121681253951197,8.175
2026-10-13 16:16:44,20.654977141241396,20.63222228605065,23.647115560478415,36.465,10.122954306872886,10.193721964201977,3.6133639434572378,18.065,4.619629716098994,4.554974591001931,0.5121681253951197,8.175
2026-10-13 16:31:44,20.671427891647486,20.644774750279122,23.6646278863957,36.49,10.125576125102755,10.196140273047863,3.61443358140805,18.07,4.619629716098994,4.554974591001931,0.5121681253951197,8.175
2026-10-13 16:46:44,20.68031100199195,20.654435711037806,23.67347023538301,36.505,10.129742088496005,10.197330751075075,3.6153850735645903,18.075,4.619629716098994,4.554974591001931,0.5121681253951197,8.175
2026-10-13 17:01:44,20.71651888021766,20.692594707248766,23.714980956083714,36.56,10.132655745563726,10.198430776984127,3.616296600811379,18.08,4.619629716098994,4.554974591001931,0.5121681253951197,8.175
2026-10-13 17:16:44,20.728353029307193,20.704661278912535,23.72925654171365,36.58,10.136060244549359,10.200839577031449,3.617201785391405,18.085,4.620597816266708,4.558078632356213,0.5123854749603162,8.18
2026-10-13 17:31:44,20.745326932572535,20.722883397816773,23.75480885403918,36.615,10.139439502692744,10.205980295160838,3.618623444646999,18.095,4.624092392268663,4.562529184505848,0.5126145075594676,8.185
2026-10-13 17:46:44,20.779827541020182,20.75205238918467,23.79247510800455,36.675,10.139439502692744,10.205980295160838,3.618623444646999,18.095,4.624092392268663,4.562529184505848,0.5126145075594676,8.185
2026-10-13 18:01:44,20.796736711139616,20.761777960036653,23.806788280728224,36.695,10.139439502692744,10.205980295160838,3.618623444646999,18.095,4.624092392268663,4.562529184505848,0.5126145075594676,8.185
2026-10-13 18:16:44,20.82447606994581,20.79142420227654,23.846717654921378,36.75,10.144046613491655,10.214231630267975,3.6198897608840492,18.105,4.624092392268663,4.562529184505848,0.5126145075594676,8.185
2026-10-13 18:31:44,20.857065867388005,20.820208535630872,23.87919892741291,36.8,10.153443453944,10.221444245043372,3.622071173086427,18.12,4.630064944442517,4.566970631704788,0.5131003634287145,8.195
2026-10-13 18:46:44,20.869230358464677,20.8348090527457,23.903731700504334,36.83,10.160447516919142,10.229232504346413,3.6248446349990364,18.135,4.640381272370496,4.578691910694441,0.5144315537489472,8.215
2026-10-13 19:01:44,20.93048036214408,20.8936634772472,23.97441766781183,36.935,10.177010458143888,10.252393571510755,3.632014598284821,18.17,4.6482618838429,4.5862952451998735,0.5154228166638963,8.23
2026-10-13 19:16:44,20.959049236904626,20.93813428857113,24.018625271933416,37.0,10.195661019846531,10.267837471475731,3.639526501561473,18.2,4.6482618838429,4.5862952451998735,0.5154228166638963,8.23
2026-10-13 19:31:44,21.027459493926635,20.999854044629135,24.091958068438053,37.115,10.219571780776262,10.288662510405995,3.6475710658009004,18.24,4.65973346783891,4.5986391362963275,0.5171227590116164,8.25
2026-10-13 19:46:44,21.071211885410808,21.044450008439597,24.13950862516781,37.185,10.245481061515198,10.303829417602444,3.655136189844733,18.27,4.663771320573432,4.6001822218853325,0.5173049096909152,8.255
2026-10-13 20:01:44,21.11569094244114,21.092790049570134,24.187587643965326,37.26,10.277340045045628,10.330241488639151,3.665912465145751,18.32,4.672158092070416,4.6075457497395895,0.5178460544425236,8.265
2026-10-13 20:16:44,21.188343586749177,21.16272237111903,24.269160107112526,37.385,10.326395744460784,10.376444012567221,3.6808368811639807,18.4,4.680533281015553,4.619990391354418,0.5190696376820572,8.28
2026-10-13 20:31:44,21.250005245274934,21.211126248259642,24.333321024298808,37.475,10.345492215355076,10.403821160058369,3.6888155678386796,18.44,4.691070520538453,4.636251731858087,0.5209659328528086,8.305
2026-10-13 20:46:44,21.327792656992376,21.29561887550823,24.431883144568314,37.62,10.377061034847285,10.43638792040068,3.698442796083384,18.49,4.70284140700542,4.647682745002526,0.5223457894588235,8.325
2026-10-13 21:01:44,21.37958945386451,21.350358115376345,24.488920643648317,37.71,10.399070322403475,10.456660004994108,3.707264816630481,18.535,4.714170274661395,4.657231509937515,0.5236044376802528,8.345
2026-10-13 21:16:44,21.43869581689555,21.404709015475888,24.563894296095153,37.815,10.427202541388494,10.496144387836992,3.7191039284894303,18.6,4.730050159689262,4.669059896480477,0.5252483005811885,8.37
2026-10-13 21:31:44,21.54768114495706,21.497759554591912,24.681366542185476,37.995,10.469938175452084,10.536662334238034,3.733350014932537,18.67,4.741276877792261,4.674096445734821,0.5262075818040267,8.385
2026-10-13 21:46:44,21.613931405395647,21.573073977677886,24.76982386220691,38.13,10.501269643592307,10.567003028822308,3.7435310597716045,18.725,4.748516680103955,4.684745959223658,0.5273435407124306,8.4
2026-10-13 22:01:44,21.748952871925873,21.698911306297926,24.917693741064564,38.355,10.576109074179072,10.64457456193,3.7680578928611115,18.85,4.751140313093385,4.687536631771414,0.5275660308132977,8.405
2026-10-13 22:16:44,21.87283652449797,21.830950592678047,25.05750087573242,38.575,10.638710403968902,10.70352094005267,3.790573948848419,18.965,4.765787988051946,4.7038406004385696,0.5295822633335696,8.44
2026-10-13 22:31:44,21.9053620652645,21.876188137729674,25.113539576153475,38.66,10.647701085991486,10.711921520512263,3.7968896806644437,18.995,4.77082424394113,4.713367634521067,0.5304079934910894,8.455
2026-10-13 22:46:44,22.067250625614612,22.03602848169818,25.306041307281177,38.945,10.684326857456332,10.761244827412437,3.8115048247823267,19.07,4.795645240217783,4.7335221728442995,0.5324162574389583,8.485
2026-10-13 23:01:44,22.149953252497685,22.117664571944907,25.418360645904812,39.1,10.72417753215107,10.802293344104509,3.8287049491324816,19.145,4.803784622683137,4.744222052248803,0.5333879796190979,8.5
2026-10-13 23:16:44,22.226477394280046,22.185787406634308,25.49340500267641,39.225,10.755760526676617,10.832593740292396,3.839105116762313,19.2,4.822220550396561,4.755222492418556,0.5350932390868105,8.525
2026-10-13 23:31:44,22.266651489739694,22.22548740264818,25.535086726081023,39.295,10.766192530083126,10.85156968644264,3.8442217536702934,19.225,4.832934186741806,4.7607619841872735,0.5362147853741142,8.54
2026-10-13 23:46:44,22.345829152602114,22.3115767622727,25.63983960673763,39.45,10.811633285248517,10.905134439301294,3.8613503210747675,19.31,4.832934186741806,4.7607619841872735,0.5362147853741142,8.54
2026-10-14 00:01:44,22.44504098409032,22.417369461658097,25.76058841714072,39.64,10.85241148237366,10.945689977054727,3.8776580846079267,19.385,4.834924233394282,4.763169502905031,0.5364724360332792,8.545
2026-10-14 00:16:44,22.550577546038017,22.514640956808257,25.88377316693672,39.825,10.896061768173476,10.98126756627979,3.892308898160014,19.46,4.86757567022685,4.795772807033521,0.5403773451209031,8.6
2026-10-14 00:31:44,22.617652105430956,22.580572125251553,25.972255382660972,39.96,10.922315480984121,11.006310843595017,3.903052549230873,19.51,4.8721714313923385,4.803874619227136,0.5412657406131156,8.615
2026-10-14 00:46:44,22.65391823524968,22.61306008450724,26.01410104943335,40.02,10.940870224149153,11.01632510756737,3.9085968124979553,19.535,4.8832897484258195,4.8128317682254895,0.5419704119261384,8.63
2026-10-14 01:01:44,22.738760435139834,22.692258605408764,26.106350163181254,40.17,10.966163319742458,11.049283331912225,3.9178638339415666,19.585,4.911729557282327,4.840102473614736,0.5444706929575651,8.67
2026-10-14 01:16:44,22.809749130370136,22.776245138726516,26.201672643765384,40.32,11.008255438054164,11.089772967792928,3.9363055698924425,19.68,4.941817166983331,4.867666858555535,0.5477534476290773,8.72
2026-10-14 01:31:44,22.899084222550005,22.860335628831592,26.30397400561938,40.48,11.04741733247566,11.130237583915914,3.950295265841732,19.75,4.966690409576949,4.8838564869330146,0.550499834918443,8.76
2026-10-14 01:46:44,22.947980934072106,22.911238694934994,26.358652041149572,40.565,11.070113660326529,11.146216099983654,3.9568067504087634,19.785,4.970216478865137,4.885965175066534,0.5509772216740894,8.765
2026-10-14 02:01:44,22.987358179807877,22.95231168786761,26.407057729043643,40.635,11.093963358486574,11.16195469482585,3.9640134603563726,19.825,4.97715998652697,4.89230945031059,0.5512508765657398,8.775
2026-10-14 02:16:44,23.028496750766497,22.996500611399856,26.450602569557002,40.705,11.135411592886332,11.19956292038854,3.97951518887238,19.905,4.999332005128619,4.908238490832307,0.5536288869617191,8.81
2026-10-14 02:31:44,23.034936996425234,22.999468188287253,26.457229629215693,40.715,11.145369623631652,11.207685839639673,3.9822671294701975,19.92,4.999332005128619,4.908238490832307,0.5536288869617191,8.81
2026-10-14 02:46:44,23.09518831466587,23.054542836372374,26.534255469641025,40.825,11.203624030500954,11.256750921912122,4.002289949118333,20.01,5.007545462958874,4.913649891515723,0.5544267390091394,8.82
2026-10-14 03:01:44,23.158649767811497,23.116115561991688,26.609285972205786,40.935,11.238795978282637,11.296024214449604,4.014819334706092,20.075,5.027032745057778,4.933021388046874,0.555830607022135,8.85
2026-10-14 03:16:44,23.169785308652287,23.126633348860317,26.624267782562136,40.955,11.240648957009915,11.297164900545772,4.015884177781323,20.08,5.027032745057778,4.933021388046874,0.555830607022135,8.85
2026-10-14 03:31:44,23.21449947284645,23.16998662692362,26.67225990959791,41.025,11.253119397963733,11.310701723631238,4.02102375724664,20.105,5.027032745057778,4.933021388046874,0.555830607022135,8.85
2026-10-14 03:46:44,23.252841416972196,23.207362338695667,26.727240646473245,41.105,11.266583896140206,11.3216552161068,4.0259812228397855,20.13,5.032353638451918,4.938942977152692,0.5563294266275189,8.86
2026-10-14 04:01:44,23.328373122389994,23.2827203163141,26.813299593005073,41.235,11.282116523284602,11.33911080596771,4.035202312117322,20.17,5.040461913087929,4.944384876940757,0.5570887404963333,8.87
2026-10-14 04:16:44,23.358608756532306,23.307598023231716,26.843565516128898,41.28,11.286455197959025,11.342997936826068,4.037350915838494,20.18,5.04153270049874,4.948469516337992,0.5573869981905584,8.875
2026-10-14 04:31:44,23.391307331488928,23.34221239756293,26.885374039864498,41.35,11.305887714011273,11.357293965354792,4.043047591623172,20.205,5.051481959009236,4.956668181956678,0.5583062276135916,8.89
2026-10-14 04:46:44,23.46407664604328,23.402867536687577,26.96250814527932,41.465,11.31785486891389,11.374732014110705,4.049660301776596,20.235,5.059358227037182,4.965239758738631,0.5596941593788405,8.91
2026-10-14 05:01:44,23.50884127729271,23.448437131873675,27.017789402527708,41.545,11.347882925538679,11.412996947323013,4.061319697831102,20.29,5.0772950383845865,4.980192656808182,0.5613264223628008,8.935
2026-10-14 05:16:44,23.525815987652415,23.464290782531577,27.03634766422639,41.575,11.361918012828104,11.427458745700513,4.065912284948066,20.315,5.087410407239071,4.988139789796281,0.5625306670148977,8.95
2026-10-14 05:31:44,23.542822248693742,23.489352378271114,27.058758185449992,41.61,11.366138865638309,11.435309724547587,4.068798842461516,20.33,5.088538555024792,4.989034431784375,0.5628656225893548,8.955
2026-10-14 05:46:44,23.569066066834488,23.518073211140877,27.09289826721724,41.665,11.390379867828686,11.459631569356283,4.078017613097463,20.37,5.093056532219391,4.990794122078796,0.5633287958015252,8.96
2026-10-14 06:01:44,23.604134373491835,23.559037735006385,27.135871465871006,41.74,11.406313044808293,11.472656500100536,4.084234161928292,20.395,5.09428058831069,4.993643974037145,0.56373467370206,8.965
2026-10-14 06:16:44,23.62923146578151,23.591971962069724,27.17732466179749,41.795,11.428786016023135,11.490967976481809,4.092421004146718,20.435,5.104615433680094,5.00542098543401,0.5644927091844877,8.98
2026-10-14 06:31:44,23.65924159227057,23.616435097454417,27.20671941661983,41.845,11.434816568919663,11.494109273753597,4.0953495881635105,20.445,5.109664576655016,5.0085785938525955,0.5651716728286158,8.99
2026-10-14 06:46:44,23.662126634705107,23.61740394671849,27.211508713024323,41.85,11.434816568919663,11.494109273753597,4.0953495881635105,20.445,5.109664576655016,5.0085785938525955,0.5651716728286158,8.99
2026-10-14 07:01:44,23.672310815136857,23.63429325954863,27.231614654157802,41.88,11.436035265268181,11.497922706332131,4.096078526865017,20.45,5.1111018510854125,5.010678623504901,0.5653354703623715,8.995
2026-10-14 07:16:44,23.680760314557673,23.64554541797209,27.239313169955942,41.895,11.44078819790597,11.502344347585577,4.098089863202524,20.46,5.1111018510854125,5.010678623504901,0.5653354703623715,8.995
2026-10-14 07:31:44,23.692416615409716,23.664053326414336,27.255511513050166,41.92,11.45809469847448,11.51462500054765,4.104398214373997,20.49,5.121575581219482,5.020274050785515,0.5663843607591931,9.01
2026-10-14 07:46:44,23.719158353926662,23.696571060493294,27.29074746534798,41.975,11.467077001529757,11.524919347685469,4.10780314585285,20.505,5.141224123717059,5.035588797872182,0.5691890379031344,9.045
2026-10-14 08:01:44,23.73993381692071,23.71625007318263,27.31522623764535,42.015,11.479106322291354,11.542963477944483,4.112422673222542,20.53,5.152377450848661,5.04429940480555,0.5706725810552377,9.065
2026-10-14 08:16:44,23.780497518369934,23.7548164619878,27.35449330317137,42.075,11.488125434800526,11.553198170415438,4.115545511631784,20.545,5.1557156799806645,5.047921857251413,0.5710674721474959,9.07
2026-10-14 08:31:44,23.824549040941836,23.798567310135997,27.402092429433747,42.145,11.497252622103328,11.572389852621754,4.121768103775237,20.57,5.1672898081964505,5.059289906190301,0.5719751523043273,9.085
2026-10-14 08:46:44,23.836985997008654,23.809681540766995,27.421798550348708,42.17,11.522490424684497,11.609364313864459,4.1314247619183,20.62,5.171105099721988,5.062644899326511,0.572230248558978,9.09
2026-10-14 09:01:44,23.874452010303415,23.83902126131479,27.466605990887857,42.235,11.537018030119993,11.625808811737347,4.136881760388439,20.645,5.171105099721988,5.062644899326511,0.572230248558978,9.09
2026-10-14 09:16:44,23.89757571234072,23.855424517923897,27.487495092545586,42.27,11.551478995115758,11.638147498629412,4.142839950195451,20.675,5.171105099721988,5.062644899326511,0.572230248558978,9.09
2026-10-14 09:31:44,23.923069765611384,23.87867581291344,27.511454851050072,42.31,11.55211029259332,11.640701128269992,4.144077319703918,20.68,5.172616069460451,5.065400990944347,0.5724022099566346,9.095
2026-10-14 09:46:44,23.94288257723198,23.896474412556298,27.537264654446226,42.345,11.559608430754341,11.651509181378275,4.148975709351184,20.7,5.172616069460451,5.065400990944347,0.5724022099566346,9.095
2026-10-14 10:01:44,23.971567473504603,23.928027486043685,27.568882622326605,42.395,11.574535392092185,11.667323319535035,4.155056820502248,20.73,5.184435216164839,5.073667287853631,0.5732515234801994,9.11
2026-10-14 10:16:44,24.02137996429525,23.97935451232864,27.630964658074237,42.48,11.608869606742019,11.694205096444755,4.166495560160132,20.785,5.196943242988481,5.084585171542891,0.5750592852052325,9.14
2026-10-14 10:31:44,24.025008861152465,23.986449404687452,27.64153179669705,42.495,11.61199033508559,11.697965009795821,4.1676004926338255,20.79,5.197776149698675,5.0882767155970585,0.5755411127179819,9.145
2026-10-14 10:46:44,24.05505262173108,24.01943714349554,27.685060210892317,42.555,11.619289600552321,11.70817860813847,4.170877044563727,20.805,5.197776149698675,5.0882767155970585,0.5755411127179819,9.145
2026-10-14 11:01:44,24.058658557299246,24.02517390737465,27.693668026135498,42.565,11.619289600552321,11.70817860813847,4.170877044563727,20.805,5.197776149698675,5.0882767155970585,0.5755411127179819,9.145
2026-10-14 11:16:44,24.066994504486704,24.032857263856172,27.703154829353643,42.58,11.622765173820193,11.709012221531623,4.172343178624334,20.81,5.201007217993601,5.093268408645579,0.5757740203946172,9.15
2026-10-14 11:31:44,24.07173386471613,24.042133479911925,27.70964527739491,42.59,11.622765173820193,11.709012221531623,4.172343178624334,20.81,5.201007217993601,5.093268408645579,0.5757740203946172,9.15
2026-10-14 11:46:44,24.09036428276987,24.065274294648827,27.7269141407339,42.62,11.622765173820193,11.709012221531623,4.172343178624334,20.81,5.201007217993601,5.093268408645579,0.5757740203946172,9.15
2026-10-14 12:01:44,24.119617400225636,24.087200624268696,27.753691650100752,42.665,11.622765173820193,11.709012221531623,4.172343178624334,20.81,5.205642309397062,5.0986693770026505,0.5764226902440763,9.16
2026-10-14 12:16:44,24.148805916819477,24.118328035306302,27.78591546789028,42.72,11.630062666861624,11.713707573927662,4.1745068099739635,20.82,5.209122498555522,5.101701752779944,0.5769089238638846,9.17
2026-10-14 12:31:44,24.14947574660989,24.119706980023288,27.787975429715786,42.725,11.630062666861624,11.713707573927662,4.1745068099739635,20.82,5.209122498555522,5.101701752779944,0.5769089238638846,9.17
2026-10-14 12:46:44,24.14947574660989,24.119706980023288,27.787975429715786,42.725,11.630062666861624,11.713707573927662,4.1745068099739635,20.82,5.209122498555522,5.101701752779944,0.5769089238638846,9.17
2026-10-14 13:01:44,24.16744261452365,24.132362282708517,27.809141764654125,42.755,11.639387584800431,11.720975158801476,4.1774964514734005,20.835,5.210065656029681,5.1051264499231594,0.5772331050600147,9.175
2026-10-14 13:16:44,24.180198759038493,24.1430705530147,27.817352171340502,42.77,11.643982880369114,11.72206972467663,4.178598450574718,20.84,5.211985124715158,5.113364196924306,0.5780967407685325,9.185
2026-10-14 13:31:44,24.1950669113754,24.157274333278547,27.83507751230373,42.805,11.646078319194928,11.723245502439974,4.179254915617472,20.845,5.211985124715158,5.113364196924306,0.5780967407685325,9.185
2026-10-14 13:46:44,24.20055790265017,24.163793068145527,27.841836793342406,42.815,11.646078319194928,11.723245502439974,4.179254915617472,20.845,5.211985124715158,5.113364196924306,0.5780967407685325,9.185
2026-10-14 14:01:44,24.21186142026981,24.178066268328703,27.853466651573168,42.835,11.652685487529622,11.726572262852507,4.182262635782762,20.86,5.211985124715158,5.113364196924306,0.5780967407685325,9.185
2026-10-14 14:16:44,24.21506054553187,24.182638718572203,27.861444678708565,42.845,11.654789800183577,11.727288519545247,4.183388230306566,20.865,5.215662961889083,5.115999402701567,0.5785917494312064,9.19
2026-10-14 14:31:44,24.21807196613396,24.18462790524224,27.86527732901984,42.85,11.654789800183577,11.727288519545247,4.183388230306566,20.865,5.215662961889083,5.115999402701567,0.5785917494312064,9.19
2026-10-14 14:46:44,24.22227624961096,24.192131691008502,27.8716222429199,42.86,11.654789800183577,11.727288519545247,4.183388230306566,20.865,5.215662961889083,5.115999402701567,0.5785917494312064,9.19
2026-10-14 15:01:44,24.23075924614732,24.201413244770052,27.877779768285794,42.875,11.654789800183577,11.727288519545247,4.183388230306566,20.865,5.215662961889083,5.115999402701567,0.5785917494312064,9.19
2026-10-14 15:16:44,24.23453655365588,24.20697006271666,27.882321127274654,42.885,11.660665600566377,11.733091752035824,4.185236776336153,20.875,5.215662961889083,5.115999402701567,0.5785917494312064,9.19
2026-10-14 15:31:44,24.24723449113598,24.2165419152889,27.889851200609126,42.9,11.664021672655492,11.737870094364796,4.186102663642595,20.88,5.215662961889083,5.115999402701567,0.5785917494312064,9.19
2026-10-14 15:46:44,24.261834211967567,24.234814552098722,27.90688809362726,42.925,11.674804716195442,11.748212944169387,4.189413364000025,20.895,5.215662961889083,5.115999402701567,0.5785917494312064,9.19
2026-10-14 16:01:44,24.273120483343334,24.2471375535166,27.921091329567457,42.945,11.678285538586954,11.75293867374327,4.190320693031708,20.9,5.215662961889083,5.115999402701567,0.5785917494312064,9.19
2026-10-14 16:16:44,24.28939738717513,24.271599102650995,27.94504444625152,42.98,11.68618116549552,11.755463240030945,4.1915392789516295,20.91,5.215662961889083,5.115999402701567,0.5785917494312064,9.19
2026-10-14 16:31:44,24.296170651657945,24.27941899254558,27.95248537658288,42.995,11.692072076749822,11.761661721564149,4.193629219803764,20.92,5.22449459441236,5.118745659637869,0.5793036486217124,9.2
2026-10-14 16:46:44,24.323560518380532,24.303283006907087,27.97536172588142,43.04,11.695673020154398,11.766123418067597,4.194310023934118,20.925,5.22668630018905,5.123178675523475,0.5795029510049727,9.205
2026-10-14 17:01:44,24.337052190635394,24.313665306268934,27.988830004696467,43.065,11.704311125694453,11.7740387641459,4.196428284666395,20.935,5.227480238722083,5.126119514898561,0.5797904776673212,9.21
2026-10-14 17:16:44,24.341780700657708,24.31855299503898,27.993560467856202,43.07,11.706569556493825,11.776144922837009,4.197500044868873,20.94,5.227480238722083,5.126119514898561,0.5797904776673212,9.21
2026-10-14 17:31:44,24.348290862450277,24.32539586353992,28.00336648919737,43.085,11.706569556493825,11.776144922837009,4.197500044868873,20.94,5.227480238722083,5.126119514898561,0.5797904776673212,9.21
2026-10-14 17:46:44,24.35244357303514,24.330526412474526,28.009960379186197,43.095,11.708241740895858,11.78050612105099,4.198901507771928,20.945,5.227480238722083,5.126119514898561,0.5797904776673212,9.21
2026-10-14 18:01:44,24.36154794582465,24.33973244463872,28.015441435742552,43.105,11.711183123026093,11.783262027834823,4.201408679317323,20.955,5.228269085947653,5.128216743536458,0.580040473994215,9.215
2026-10-14 18:16:44,24.380826791215608,24.35613140116752,28.038166809883588,43.135,11.71209386867617,11.78745478271177,4.202357577884959,20.96,5.2311585243205085,5.13206388338459,0.5803930943190985,9.22
2026-10-14 18:31:44,24.417287614231807,24.388795632350906,28.0792302949395,43.19,11.734865572082656,11.802019683396544,4.209445257858534,20.99,5.2353357698580645,5.142169251791492,0.5812680315532529,9.235
2026-10-14 18:46:44,24.46850124479822,24.437378467826292,28.135703858085343,43.285,11.760434098847975,11.8318323992094,4.218355004228673,21.04,5.241307034451238,5.145304676683538,0.5820290254739033,9.245
2026-10-14 19:01:44,24.53271448189569,24.504723431836386,28.212918390883427,43.41,11.781428067030877,11.857401576904106,4.225350126169668,21.085,5.252488209782602,5.157987385418269,0.5834701617305927,9.265
2026-10-14 19:16:44,24.57180138623552,24.545641917572055,28.256985543231924,43.475,11.804478273299969,11.878781510385208,4.230953203643984,21.115,5.260672005636841,5.165004602300029,0.5844556515998884,9.28
2026-10-14 19:31:44,24.59456979776856,24.559147925574116,28.279334735839566,43.51,11.819366664245335,11.89012616889066,4.234570633907692,21.135,5.269350705694223,5.174595456036175,0.5855877890249448,9.295
2026-10-14 19:46:44,24.61229573522598,24.585819631691322,28.300491026951693,43.545,11.819366664245335,11.89012616889066,4.234570633907692,21.135,5.2715329961376325,5.178405722048932,0.5860314658036441,9.3
2026-10-14 20:01:44,24.65200150005977,24.640165058663545,28.355312949801835,43.625,11.841208242701088,11.912349297156487,4.242088901963746,21.175,5.295896966291119,5.201284323806723,0.5883550459844722,9.335
2026-10-14 20:16:44,24.699175333912645,24.67724164834283,28.40707150494318,43.7,11.859224525385699,11.931343196663343,4.249556646315495,21.215,5.305270089870143,5.208142071315269,0.5889284911881058,9.345
2026-10-14 20:31:44,24.738546183721038,24.721128415039757,28.452766905709826,43.775,11.86957708429419,11.940000272260264,4.252353219395254,21.23,5.313018770194316,5.217319035564955,0.5899500104606992,9.36
2026-10-14 20:46:44,24.752494757501175,24.729759217001305,28.4674427960775,43.795,11.871353312105274,11.944911625120136,4.253389685191229,21.235,5.3160136935398,5.218157582574207,0.5901239899309364,9.365
2026-10-14 21:01:44,24.765822013666263,24.738638388421823,28.48074626084274,43.815,11.873438172611083,11.946422338071097,4.253977977445979,21.24,5.3160136935398,5.218157582574207,0.5901239899309364,9.365
2026-10-14 21:16:44,24.778729607058395,24.751631521444573,28.50005191043409,43.84,11.879733542653577,11.953889513884812,4.2562082672734105,21.25,5.318541721024651,5.220910071611613,0.5902768982919359,9.37
2026-10-14 21:31:44,24.8181769737812,24.79556177475053,28.54600893204372,43.905,11.899679318802512,11.971061560245634,4.262276488536952,21.28,5.328462770695626,5.237457777013205,0.5912443165312468,9.39
2026-10-14 21:46:44,24.895633330697475,24.861393609835346,28.62973749219467,44.03,11.928503765678323,12.003708082868542,4.275041661746284,21.34,5.345934919959029,5.253289463856406,0.5929780407616053,9.42
2026-10-14 22:01:44,24.951402283747505,24.91613354444131,28.690216225649667,44.12,11.956835620530955,12.029415557363148,4.281429976593912,21.38,5.369177662657271,5.287171321348954,0.5959076634172334,9.465
2026-10-14 22:16:44,24.992607037498363,24.957418896123173,28.736772029221328,44.2,11.985922505535287,12.050870268805962,4.289576902254182,21.42,5.369177662657271,5.287171321348954,0.5959076634172334,9.465
2026-10-14 22:31:44,25.042928185813285,25.00355601329249,28.795622317977088,44.285,12.01178422053764,12.078637281034766,4.300854393196118,21.475,5.3780322544880015,5.298082149389183,0.597356959883703,9.485
2026-10-14 22:46:44,25.099310364592522,25.052368773134283,28.85497137083132,44.375,12.036331521770004,12.101942890880073,4.309199069315588,21.52,5.395134686815717,5.311969941332794,0.5989718827368925,9.51
2026-10-14 23:01:44,25.167557422092106,25.128924081622994,28.941014193937644,44.5,12.103415843512423,12.16312241800511,4.33119327615813,21.635,5.413926359744026,5.329948461366369,0.601197729871018,9.54
2026-10-14 23:16:44,25.249896693287788,25.196065949588963,29.030363273562003,44.63,12.129868326220674,12.198226468819351,4.342288466157285,21.685,5.427230847927668,5.3462206960756555,0.6029647384857189,9.565
2026-10-14 23:31:44,25.399877317958858,25.385440881154125,29.22314838661789,44.92,12.222572433771447,12.283954041776745,4.372511758220529,21.835,5.459092783060501,5.381966677283507,0.6070926641211504,9.625
2026-10-14 23:46:44,25.49642372776271,25.476933126693915,29.34177957303367,45.105,12.27890946229979,12.33852039421887,4.388950111640214,21.925,5.485530565938322,5.404361115555537,0.6097309234073586,9.67
2026-10-15 00:01:44,25.557353230283137,25.542388433830986,29.41567281611686,45.215,12.316525312023572,12.368783184601716,4.402219398485807,21.99,5.496252475335534,5.416907641285028,0.6107091242481012,9.69
2026-10-15 00:16:44,25.632835747087604,25.61446985589155,29.49375428025423,45.355,12.347341329892878,12.402375553868692,4.4099765324957,22.035,5.509346105268684,5.43802076746297,0.6130016706401066,9.73
2026-10-15 00:31:44,25.727748900614095,25.70555014787508,29.592908185109827,45.51,12.381527691259093,12.428826952234113,4.419628733428677,22.085,5.530694740517974,5.458466390961388,0.6148405515143371,9.76
2026-10-15 00:46:44,25.912474142076572,25.888497359131268,29.795260761574795,45.835,12.457044852776473,12.498074404592066,4.443849723329775,22.205,5.538970322812197,5.467538097903971,0.6158268446515409,9.775
2026-10-15 01:01:44,26.02413725845105,25.99493979942,29.916837687279738,46.025,12.500642198118948,12.547535880770653,4.46205668542767,22.295,5.5728140012928025,5.497045403502572,0.618751870718077,9.825
2026-10-15 01:16:44,26.077919321169883,26.051925574509852,29.982002956606898,46.115,12.535365769517604,12.579318862707908,4.47268379725823,22.345,5.589278949486576,5.5097981799683255,0.6203582819099366,9.85
2026-10-15 01:31:44,26.1385436695591,26.097151477853387,30.03856732450638,46.215,12.561587854742367,12.604720576623661,4.48238456961849,22.39,5.597220729355849,5.512777845153582,0.6208818538337003,9.86
2026-10-15 01:46:44,26.2296216028204,26.191685798932163,30.142115480312675,46.375,12.603375911918814,12.648078608016771,4.500979083580622,22.475,5.612766286526844,5.5389413631669395,0.6231824157295146,9.895
2026-10-15 02:01:44,26.273169513047186,26.236083372553203,30.1947986100529,46.45,12.616787589214887,12.66385556284794,4.504635098379507,22.5,5.627633748363156,5.5492226175896375,0.6242465681952296,9.915
2026-10-15 02:16:44,26.316485628814306,26.27553331149106,30.24439196131758,46.515,12.645058210994712,12.695444447944704,4.51644493104425,22.555,5.627633748363156,5.5492226175896375,0.6242465681952296,9.915
2026-10-15 02:31:44,26.326531958769397,26.287167227704792,30.25841822240064,46.535,12.645058210994712,12.695444447944704,4.51644493104425,22.555,5.627633748363156,5.5492226175896375,0.6242465681952296,9.915
2026-10-15 02:46:44,26.375313831648405,26.32889212081916,30.315617027202826,46.625,12.657840010254555,12.706903074434743,4.5211558827881575,22.575,5.6395930754687225,5.566761359181868,0.6259509026854889,9.94
2026-10-15 03:01:44,26.397105487707826,26.34772994037045,30.340214505015275,46.665,12.66236022392563,12.712052859583915,4.523986870873315,22.585,5.648870244456733,5.571059640066206,0.626539090731142,9.95
2026-10-15 03:16:44,26.41443801074579,26.362925284919747,30.364108624117094,46.7,12.668061488339076,12.719467298466565,4.526283170822799,22.595,5.66119913089117,5.589086670512842,0.6280040009463901,9.975
2026-10-15 03:31:44,26.440648284673284,26.393798705361444,30.398039166445095,46.745,12.683312331638772,12.733574919935096,4.531436341043153,22.62,5.66119913089117,5.589086670512842,0.6280040009463901,9.975
2026-10-15 03:46:44,26.470199654554087,26.42815205668521,30.431406959072405,46.805,12.691866701391277,12.740418376754922,4.533520360996348,22.63,5.673075890794063,5.602414471738734,0.6291132614307526,9.995
2026-10-15 04:01:44,26.489909759290484,26.44921372810873,30.460131060738536,46.85,12.694686599159882,12.745075892104701,4.535683819603252,22.64,5.673075890794063,5.602414471738734,0.6291132614307526,9.995
2026-10-15 04:16:44,26.5179337573884,26.482393921865512,30.489443249988646,46.9,12.701413468047791,12.750918715804385,4.537691306994413,22.65,5.673075890794063,5.602414471738734,0.6291132614307526,9.995
2026-10-15 04:31:44,26.540848515266102,26.51134691773141,30.51743416212292,46.945,12.706831470592654,12.757327709631676,4.539976350552054,22.66,5.6798692259472086,5.612480606464266,0.6308017038554693,10.02
2026-10-15 04:46:44,26.556069576976732,26.526978619432406,30.533464855621745,46.975,12.710925954668177,12.76355715816789,4.542262845872327,22.675,5.6808432410639025,5.616088615182844,0.6311547165140718,10.025
2026-10-15 05:01:44,26.592836231419312,26.563515076038783,30.573167793641435,47.04,12.729328131899907,12.787399615451871,4.550681084810337,22.71,5.6881360070891445,5.6235106608557475,0.6318877570916606,10.035
2026-10-15 05:16:44,26.611550236227682,26.57701941713465,30.594555747507762,47.07,12.729328131899907,12.787399615451871,4.550681084810337,22.71,5.6881360070891445,5.6235106608557475,0.6318877570916606,10.035
2026-10-15 05:31:44,26.62097679184824,26.58768160538745,30.60547826795733,47.085,12.729328131899907,12.787399615451871,4.550681084810337,22.71,5.692298284141549,5.626890852916988,0.6323493406022133,10.04
2026-10-15 05:46:44,26.63293699103947,26.604461944457558,30.62827254684186,47.12,12.75068244255613,12.812297064549456,4.557329506694754,22.745,5.692298284141549,5.626890852916988,0.6323493406022133,10.04
2026-10-15 06:01:44,26.667496565187136,26.64824933411787,30.674104236354335,47.185,12.758706644066386,12.82274880478199,4.560179464537692,22.76,5.6980312854644,5.636234860279243,0.6331929321750844,10.055
2026-10-15 06:16:44,26.685246503517114,26.668778711622494,30.692761013279565,47.22,12.766579571579433,12.828549422625288,4.562822668333572,22.77,5.710788510147565,5.64628771698271,0.6340206020487499,10.075
2026-10-15 06:31:44,26.734201855203697,26.71310022274574,30.747008551226337,47.295,12.775225173247984,12.838948428214184,4.565977004775491,22.785,5.718083933849323,5.650540400280905,0.6347919108199969,10.085
2026-10-15 06:46:44,26.75309245298647,26.73497466866807,30.768149548515048,47.335,12.803919935111548,12.859484037025231,4.575364186230482,22.835,5.73280940143905,5.661670769748732,0.6358283485767796,10.105
2026-10-15 07:01:44,26.77545881656894,26.75435341747604,30.79924400790282,47.38,12.807713992165572,12.860271483177353,4.576815095815285,22.84,5.739075805597475,5.668507723022804,0.6365132536327691,10.115
2026-10-15 07:16:44,26.815254208378654,26.795826091195714,30.84743849041445,47.46,12.834791154985403,12.878404512620307,4.582945019925319,22.875,5.744913211933402,5.677012565725914,0.6369530053111423,10.125
2026-10-15 07:31:44,26.857727270104657,26.836984294872984,30.893437714530858,47.53,12.842175700310397,12.884624285892546,4.58741514783836,22.9,5.758767472458293,5.685621182897497,0.6387296554523282,10.145
2026-10-15 07:46:44,26.867374046329843,26.84831427635702,30.906011012139654,47.55,12.859363787403039,12.902365131678414,4.594762287997272,22.93,5.763639524790543,5.6903393174915315,0.6393173212617715,10.155
2026-10-15 08:01:44,26.898278856186305,26.8804013535265,30.947305763307753,47.61,12.888943747815249,12.937223064091611,4.6082392456516645,22.99,5.773853338956139,5.699382685302777,0.6402071283568926,10.17
2026-10-15 08:16:44,26.956874602007517,26.931703724764244,31.002536324992704,47.7,12.903499465260916,12.953658443689,4.613932829856415,23.015,5.794611557566761,5.715001168078018,0.6423623092111411,10.205
2026-10-15 08:31:44,27.046457654768314,27.00436840399443,31.093450915981148,47.845,12.942860459254536,13.001777924762878,4.631929687862229,23.1,5.805120404671207,5.723325682419926,0.6431193035124145,10.22
2026-10-15 08:46:44,27.110834432358192,27.06014472661827,31.159151472140948,47.95,12.980113462521826,13.039344534452383,4.644728254643085,23.155,5.807597506866662,5.725643782364747,0.643611433842569,10.225
2026-10-15 09:01:44,27.125578049159778,27.077492076453332,31.1781890141414,47.98,12.987083340182375,13.04403324236016,4.647563116781548,23.17,5.811946202915396,5.729328038804451,0.6440044569355643,10.23
2026-10-15 09:16:44,27.159423729181967,27.110261254978358,31.213144151643018,48.03,12.997046662213087,13.051522889856125,4.649708265817061,23.18,5.816594339184903,5.732225230525181,0.644423363843829,10.235
2026-10-15 09:31:44,27.178444459194544,27.14444526488505,31.245294349199202,48.08,13.016414402440997,13.073268943424848,4.656247861587476,23.215,5.820823193799469,5.739235292526188,0.6451411874660152,10.25
2026-10-15 09:46:44,27.204207143943265,27.169768043442424,31.280949124171073,48.125,13.043850876631865,13.101604464287664,4.665716982428704,23.265,5.82405622888599,5.7456985226051565,0.645853505894291,10.26
2026-10-15 10:01:44,27.258333876757607,27.210093809985793,31.343061120406535,48.215,13.07638489259262,13.125220871773099,4.675538129097523,23.315,5.830370923735057,5.755288769109326,0.6474732513545357,10.285
2026-10-15 10:16:44,27.28801903278237,27.237977953893818,31.378086391515122,48.27,13.087318549809297,13.136889903365574,4.679497265551269,23.335,5.830370923735057,5.755288769109326,0.6474732513545357,10.285
2026-10-15 10:31:44,27.299849272726533,27.248340376905613,31.391115902133656,48.285,13.091938324542358,13.13829045594635,4.680065532933634,23.34,5.8343762830044135,5.759958504590802,0.647930386502346,10.29
2026-10-15 10:46:44,27.314506945491427,27.26241811217571,31.40901116547967,48.32,13.093537834478296,13.142670311520904,4.681562902051847,23.345,5.838456274076724,5.76127015186403,0.6483626372476688,10.295
2026-10-15 11:01:44,27.33405808451003,27.27823413277331,31.42874629089695,48.35,13.100403315029984,13.147704790909797,4.683474514626845,23.355,5.849146194224474,5.767822751380311,0.6491365593111366,10.31
2026-10-15 11:16:44,27.35993733933647,27.307630030888664,31.462301550237775,48.4,13.113098255435515,13.157447292030755,4.686177357592805,23.37,5.849146194224474,5.767822751380311,0.6491365593111366,10.31
2026-10-15 11:31:44,27.385063465475113,27.332536279925364,31.496800265802246,48.45,13.115250549416704,13.159458319297812,4.687290477671356,23.375,5.849146194224474,5.767822751380311,0.6491365593111366,10.31
2026-10-15 11:46:44,27.417992023192074,27.36160470610636,31.52680081909091,48.5,13.122676061161897,13.16991895746314,4.691616349144316,23.395,5.861619342233299,5.7794711208352725,0.6501063181832595,10.325
2026-10-15 12:01:44,27.433481434976745,27.374541610066032,31.54193292561423,48.525,13.134014815927225,13.184144072759779,4.6968795777903445,23.415,5.865591909150173,5.786242200129088,0.6510379941766741,10.335
2026-10-15 12:16:44,27.48081859368858,27.415147443179908,31.590969611572977,48.605,13.161372828456145,13.202241059465742,4.704957505340121,23.455,5.86643214052346,5.788916263978018,0.6512173051991592,10.34
2026-10-15 12:31:44,27.510919549803635,27.44088503211465,31.625710957297244,48.66,13.168382791980827,13.211999602970382,4.708848565062977,23.47,5.86643214052346,5.788916263978018,0.6512173051991592,10.34
2026-10-15 12:46:44,27.531531482155334,27.458913141795826,31.64544918468857,48.69,13.175964436588924,13.22108066808746,4.711499356212825,23.485,5.86643214052346,5.788916263978018,0.6512173051991592,10.34
2026-10-15 13:01:44,27.55006671570372,27.481856324876674,31.666946741981548,48.725,13.185976384424903,13.2337106874157,4.7156213189236444,23.505,5.86643214052346,5.788916263978018,0.6512173051991592,10.34
2026-10-15 13:16:44,27.552869326968207,27.486136340885263,31.671985044056207,48.735,13.185976384424903,13.2337106874157,4.7156213189236444,23.505,5.86643214052346,5.788916263978018,0.6512173051991592,10.34
2026-10-15 13:31:44,27.571301369095558,27.500143209811764,31.68991107920115,48.77,13.185976384424903,13.2337106874157,4.7156213189236444,23.505,5.86643214052346,5.788916263978018,0.6512173051991592,10.34
2026-10-15 13:46:44,27.59178669583622,27.51921642552376,31.7058815429999,48.8,13.18708117654696,13.236651858264533,4.716325186608152,23.51,5.86643214052346,5.788916263978018,0.6512173051991592,10.34
2026-10-15 14:01:44,27.62801105003774,27.548055865542366,31.74482443233746,48.86,13.18708117654696,13.236651858264533,4.716325186608152,23.51,5.86643214052346,5.788916263978018,0.6512173051991592,10.34
2026-10-15 14:16:44,27.643130297099926,27.56625970315987,31.762122780024974,48.89,13.194442414883,13.246201095986082,4.719636861478721,23.525,5.869706643456635,5.790473678330582,0.6513851767995672,10.345
2026-10-15 14:31:44,27.65416594249208,27.57196083054148,31.770128525298777,48.905,13.194442414883,13.246201095986082,4.719636861478721,23.525,5.869706643456635,5.790473678330582,0.6513851767995672,10.345
2026-10-15 14:46:44,27.65949456131674,27.578714861989006,31.777579786867218,48.915,13.198131281338426,13.25154565397772,4.721342007145771,23.535,5.869706643456635,5.790473678330582,0.6513851767995672,10.345
2026-10-15 15:01:44,27.664369360335687,27.584969686099594,31.781861338761015,48.925,13.198131281338426,13.25154565397772,4.721342007145771,23.535,5.869706643456635,5.790473678330582,0.6513851767995672,10.345
2026-10-15 15:16:44,27.677962441207626,27.60202990665806,31.80036902322357,48.955,13.201317214376207,13.254906757287584,4.722563626163516,23.54,5.869706643456635,5.790473678330582,0.6513851767995672,10.345
2026-10-15 15:31:44,27.698074239548983,27.615237429194554,31.819455673347814,48.985,13.202246481889777,13.258153076612583,4.723445853642421,23.545,5.869706643456635,5.790473678330582,0.6513851767995672,10.345
2026-10-15 15:46:44,27.703223584455674,27.62148058365237,31.824565953892012,48.995,13.203313513107565,13.260672933784255,4.724161692857546,23.55,5.869706643456635,5.790473678330582,0.6513851767995672,10.345
2026-10-15 16:01:44,27.712999087910386,27.62619825141278,31.828866103721445,49.005,13.205619303773636,13.263883022310274,4.72548737852197,23.555,5.869706643456635,5.790473678330582,0.6513851767995672,10.345
2026-10-15 16:16:44,27.712999087910386,27.62619825141278,31.828866103721445,49.005,13.205619303773636,13.263883022310274,4.72548737852197,23.555,5.869706643456635,5.790473678330582,0.6513851767995672,10.345
2026-10-15 16:31:44,27.717721804091568,27.636190126826676,31.835817468202574,49.02,13.205619303773636,13.263883022310274,4.72548737852197,23.555,5.869706643456635,5.790473678330582,0.6513851767995672,10.345
2026-10-15 16:46:44,27.72025989528912,27.638971403381372,31.840151928146657,49.025,13.205619303773636,13.263883022310274,4.72548737852197,23.555,5.869706643456635,5.790473678330582,0.6513851767995672,10.345
2026-10-15 17:01:44,27.727248940965314,27.648748407122,31.851305842232428,49.04,13.20824981295617,13.26475858357957,4.726267415110244,23.56,5.8708182385454295,5.79426050454451,0.6515511073582025,10.35
2026-10-15 17:16:44,27.735634967226044,27.658895465658418,31.85887067669752,49.055,13.209760203517314,13.26944569323553,4.72682646027436,23.565,5.879806457438452,5.800084874794425,0.6520211022725253,10.36
2026-10-15 17:31:44,27.7377581940438,27.666175331657186,31.865020391807143,49.065,13.211256123766404,13.27205139215874,4.728199715052976,23.57,5.879806457438452,5.800084874794425,0.6520211022725253,10.36
2026-10-15 17:46:44,27.745123417086017,27.671338784340325,31.872792948216798,49.075,13.211256123766404,13.27205139215874,4.728199715052976,23.57,5.882656793360033,5.8007904922082725,0.6525155514252154,10.365
2026-10-15 18:01:44,27.750848697998798,27.67887374680886,31.877560304612736,49.085,13.2134836407151,13.27327398282717,4.729560660321364,23.575,5.884572769491581,5.805771187144299,0.6530125492976239,10.37
2026-10-15 18:16:44,27.752562202806423,27.682245245466223,31.879958471887456,49.09,13.2134836407151,13.27327398282717,4.729560660321364,23.575,5.884572769491581,5.805771187144299,0.6530125492976239,10.37
2026-10-15 18:31:44,27.780417370291172,27.725685850900025,31.91830687956946,49.15,13.229848064760038,13.285255934619892,4.734685862423575,23.605,5.903854138869016,5.8215778180976105,0.6548904407556345,10.4
2026-10-15 18:46:44,27.837836697662294,27.78415250421386,31.987540936475458,49.26,13.267185036384259,13.317962618792933,4.747238709654514,23.66,5.903854138869016,5.8215778180976105,0.6548904407556345,10.4
2026-10-15 19:01:44,27.862000868717725,27.80592308928151,32.01461051624873,49.3,13.276336543053548,13.33019549008551,4.750826307017912,23.68,5.912679323944578,5.8322075804976174,0.6560280728855092,10.415
2026-10-15 19:16:44,27.911812716152067,27.850304199847198,32.07194814700447,49.375,13.303391674397332,13.360714083739017,4.761403619340841,23.735,5.922674368919961,5.842699036565305,0.6570115694660578,10.43
2026-10-15 19:31:44,27.96829618414594,27.900904065861535,32.13277381741871,49.47,13.33251420619697,13.382673367994178,4.769331565811977,23.775,5.92941334158321,5.848373839071366,0.6576731495853212,10.44
2026-10-15 19:46:44,28.00686499738124,27.942101733825346,32.17993021528031,49.54,13.35611366122583,13.402233233845912,4.775452694540006,23.81,5.93393517945565,5.851845157815362,0.6586471884380392,10.455
2026-10-15 20:01:44,28.0497833775532,27.976536068070274,32.23195210080199,49.61,13.385786916798693,13.434406220605538,4.784729997046833,23.87,5.950352590810754,5.874367235205658,0.6605261699587438,10.49
2026-10-15 20:16:44,28.102337606061155,28.024646200092153,32.288196635423624,49.705,13.419098589104378,13.476088579358306,4.801097728784924,23.945,5.955629693348984,5.881385156007,0.6609970658085786,10.5
2026-10-15 20:31:44,28.15532142849036,28.07330967701854,32.345355526555544,49.79,13.437144421065053,13.500529402819708,4.807464675985606,23.98,5.9741311555921826,5.894474360831531,0.6630484601598192,10.525
2026-10-15 20:46:44,28.187745871290787,28.098499587002483,32.36929388291708,49.835,13.473345966065605,13.530445658608443,4.819572238360411,24.035,5.989040208702266,5.905147562343717,0.6639342944913539,10.545
2026-10-15 21:01:44,28.216376319286333,28.13945410273234,32.415444954069876,49.91,13.497698322240444,13.54749429921807,4.826893708411054,24.075,6.004911196192608,5.927744760291094,0.665638805641611,10.58
2026-10-15 21:16:44,28.276908999705704,28.195486064665086,32.47700962353567,50.01,13.527372777060995,13.584420313313258,4.836899705678553,24.13,6.035377687191248,5.964999174154023,0.6692067330329207,10.635
2026-10-15 21:31:44,28.38888651685395,28.32641190523639,32.60341541628298,50.21,13.585354947672338,13.650274679288133,4.856196275283019,24.23,6.067977864728011,5.9984607590898795,0.6735030160549818,10.7
2026-10-15 21:46:44,28.435358384819562,28.379261094065512,32.66261955277585,50.295,13.609379893280925,13.678594150130676,4.8634215673554895,24.265,6.079423610637163,6.008329275953801,0.6740233607109272,10.715
2026-10-15 22:01:44,28.5053141647691,28.450581629320155,32.752978629675766,50.425,13.632847119632377,13.699305432233286,4.872162323359822,24.315,6.095071423121051,6.025003901978914,0.6763702443436777,10.745
2026-10-15 22:16:44,28.53107548352852,28.478306911132442,32.78422343553879,50.475,13.665656953487511,13.723381643259062,4.881218074547737,24.365,6.108578515374645,6.0443075603079395,0.6775457798778511,10.77
2026-10-15 22:31:44,28.582600797695527,28.529204496338757,32.83701539092859,50.565,13.697014584250283,13.758853785079102,4.891210012669566,24.42,6.1285127333099885,6.056502375622544,0.6793562328115317,10.8
2026-10-15 22:46:44,28.61863624659828,28.564643573898987,32.883107635348,50.635,13.727477134027453,13.7883242614748,4.903047417200868,24.475,6.145464312057767,6.071877702817167,0.6809961543897312,10.825
2026-10-15 23:01:44,28.749353344186304,28.70568521136938,33.03468923531346,50.86,13.787431377066717,13.839843404293946,4.924294752900492,24.58,6.188636892213717,6.110730201868015,0.6858692151295889,10.9
2026-10-15 23:16:44,28.853490452558002,28.82196341546931,33.16315128899071,51.055,13.81864522956533,13.878996074606018,4.9369929106550146,24.64,6.214375372097484,6.136020628417993,0.6886551358409728,10.945
2026-10-15 23:31:44,28.946587463193797,28.928882302511777,33.292165083206456,51.245,13.87890755605701,13.935634448379718,4.958445335029512,24.74,6.231278148078606,6.1471186061414,0.6899795358869858,10.965
2026-10-15 23:46:44,29.034041376483493,29.01915473153555,33.394174533161525,51.395,13.907599678024315,13.970587510497287,4.971751762262205,24.8,6.271711952256465,6.1949712863069255,0.6950488889031463,11.045
2026-10-16 00:01:44,29.075374086991612,29.06027966732709,33.435579823918935,51.465,13.928450502866783,13.992825737986294,4.979269588953169,24.84,6.295104614694295,6.211150214233965,0.697112782629167,11.08
2026-10-16 00:16:44,29.127497792028485,29.128488587436998,33.51326242283847,51.575,13.952048079317265,14.020188473287416,4.9905031635389445,24.89,6.328903184462838,6.239953415099988,0.7004547839492267,11.13
2026-10-16 00:31:44,29.193625542359417,29.19380910816028,33.592338597405615,51.695,13.991472929772948,14.069429658429888,5.003813267449708,24.96,6.340554494768267,6.250195808018214,0.7012314694518521,11.145
2026-10-16 00:46:44,29.238916732496865,29.231786140937757,33.645676811418134,51.77,14.02344084651229,14.103066499077793,5.013952526037127,25.015,6.348801524721186,6.261395745950396,0.7023394094678977,11.16
2026-10-16 01:01:44,29.275318642352186,29.268517432464087,33.68610839893958,51.835,14.043721054939942,14.121973927280647,5.021036870550754,25.05,6.357588110045139,6.273096276595746,0.7040969077924187,11.185
2026-10-16 01:16:44,29.295041055988303,29.28778713081709,33.7114665839144,51.875,14.061015085148039,14.134928951857647,5.026602948452335,25.075,6.360879062290416,6.280789771057168,0.7048655820539799,11.195
2026-10-16 01:31:44,29.360963179808298,29.346084297427176,33.787324929881144,51.985,14.100559241646547,14.163141860032201,5.0402134157751926,25.14,6.381134016988197,6.302942739144208,0.7072624778987912,11.23
2026-10-16 01:46:44,29.440874213617068,29.427950800501424,33.89401581137594,52.14,14.153387359699193,14.209693088904196,5.059892799006796,25.23,6.398586664073389,6.328468557539051,0.7100323762449204,11.27
2026-10-16 02:01:44,29.459081082482925,29.452996619448168,33.928868781945006,52.18,14.164426442133964,14.225159242129884,5.063367135654644,25.255,6.398586664073389,6.328468557539051,0.7100323762449204,11.27
2026-10-16 02:16:44,29.478516865193864,29.47403866237493,33.94920290620919,52.215,14.179141939432022,14.242976612075447,5.068665225160492,25.28,6.403745232086462,6.335135029275783,0.7108734225337263,11.28
2026-10-16 02:31:44,29.523214024375605,29.50936899004157,34.00211917146734,52.3,14.195807036098358,14.259626036535574,5.074802266649247,25.31,6.417944178572398,6.344404690245912,0.7120562474886037,11.3
2026-10-16 02:46:44,29.55573882421413,29.542716700242032,34.04269557379882,52.36,14.222579216079456,14.276776109239519,5.080915852654144,25.345,6.428324049258616,6.353030470600071,0.7133162978277878,11.315
2026-10-16 03:01:44,29.58434326598802,29.56645463183725,34.07830958978567,52.41,14.245584332719101,14.303718438981768,5.090041428397579,25.39,6.441207684592889,6.368961200138747,0.7147143402311733,11.34
2026-10-16 03:16:44,29.591586040401424,29.574312839862902,34.08503531403923,52.42,14.25488914639591,14.313045797969812,5.0927038520056565,25.41,6.441207684592889,6.368961200138747,0.7147143402311733,11.34
2026-10-16 03:31:44,29.623912377353594,29.60530327610994,34.114430502178394,52.47,14.289463816132757,14.350983380858693,5.104385185573323,25.47,6.452364163678147,6.377884760317757,0.7160847399705765,11.36
2026-10-16 03:46:44,29.656295121744872,29.641377263335507,34.14766102941954,52.53,14.305850715360755,14.373250926456974,5.111849293415228,25.51,6.452364163678147,6.377884760317757,0.7160847399705765,11.36
2026-10-16 04:01:44,29.6922980753771,29.67471375858509,34.18632196300303,52.59,14.326711048137618,14.394271994571621,5.120277521038381,25.545,6.466886089116811,6.394002298751656,0.7176684346098563,11.385
2026-10-16 04:16:44,29.717833922781114,29.704811806899336,34.21991814665737,52.64,14.351878707754151,14.42097144325364,5.129900667589949,25.595,6.487935729757168,6.4072678321182375,0.7195476952651676,11.415
2026-10-16 04:31:44,29.732209774087742,29.717541842156177,34.23475311308614,52.66,14.359507437738305,14.426802944894362,5.1342617774953085,25.615,6.490634458806565,6.408102619705454,0.7199166224815481,11.42
2026-10-16 04:46:44,29.734605256537414,29.722610410367775,34.2399784125048,52.67,14.362560600575602,14.428024261992366,5.135666886153201,25.62,6.490634458806565,6.408102619705454,0.7199166224815481,11.42
2026-10-16 05:01:44,29.787352673411586,29.762544624287223,34.30258990348415,52.76,14.378602120907521,14.44625832574982,5.139948690797955,25.645,6.499964954901414,6.416530058850061,0.7209826423226317,11.435
2026-10-16 05:16:44,29.794347136294892,29.768055170162356,34.31014517719307,52.77,14.390841791796904,14.45705347357934,5.1424682843714065,25.66,6.499964954901414,6.416530058850061,0.7209826423226317,11.435
2026-10-16 05:31:44,29.85067071188623,29.820347495441382,34.37887659929743,52.87,14.416708636017065,14.495051250220984,5.153860764231142,25.715,6.5069951096672805,6.426187043495863,0.7221227826537544,11.45
2026-10-16 05:46:44,29.85067071188623,29.820347495441382,34.37887659929743,52.87,14.416708636017065,14.495051250220984,5.153860764231142,25.715,6.5069951096672805,6.426187043495863,0.7221227826537544,11.45
2026-10-16 06:01:44,29.881748814034793,29.85175976770042,34.41527144334661,52.92,14.43086236305994,14.50490432706195,5.1585279741560575,25.735,6.514207964141334,6.4371606885421615,0.7226317093022893,11.465
2026-10-16 06:16:44,29.90155235584089,29.875832035171005,34.44312672960409,52.965,14.441160659328686,14.51167671382422,5.162115683807309,25.75,6.531304728720716,6.454238114848163,0.7243703209531263,11.49
2026-10-16 06:31:44,29.90985222919689,29.884321803665742,34.44969757173492,52.975,14.441160659328686,14.51167671382422,5.162115683807309,25.75,6.531304728720716,6.454238114848163,0.7243703209531263,11.49
2026-10-16 06:46:44,29.965799850465316,29.928403776097312,34.50299505872035,53.065,14.459011489729878,14.527729085475533,5.167266795722487,25.775,6.536493177020908,6.460124211853881,0.7251854408269192,11.5
2026-10-16 07:01:44,29.99513175401265,29.955079847904035,34.533976121949124,53.11,14.483445462402592,14.541768943179813,5.173484432963204,25.81,6.54122244758345,6.464572955584412,0.7254114875024515,11.505
2026-10-16 07:16:44,30.02530184436029,29.988251820465436,34.562374013896225,53.17,14.509747032004695,14.564881547853064,5.181276461421886,25.85,6.551219882058428,6.477039800573039,0.7264970830453955,11.525
2026-10-16 07:31:44,30.033374409176307,29.999556313168846,34.57370897442307,53.19,14.517021268705388,14.570035583528039,5.183629782827589,25.86,6.551219882058428,6.477039800573039,0.7264970830453955,11.525
2026-10-16 07:46:44,30.1178784532549,30.090781234755966,34.6673494218549,53.34,14.545048143446284,14.59724866918941,5.192276116895505,25.9,6.568510630152261,6.492619276938475,0.728350885027157,11.555
2026-10-16 08:01:44,30.13551219553989,30.111131828944078,34.693494954821475,53.38,14.575926004339394,14.626247333654089,5.202690533198978,25.955,6.568510630152261,6.492619276938475,0.728350885027157,11.555
2026-10-16 08:16:44,30.15623361799867,30.124949584737315,34.715424490018144,53.415,14.603237024941826,14.6495453605204,5.211120344892862,26.0,6.570073898875874,6.496038450930735,0.7285784383979288,11.56
2026-10-16 08:31:44,30.164202924849107,30.129056492212605,34.72105780003705,53.425,14.61287830236019,14.651967033871703,5.2128566353404375,26.01,6.571488531103155,6.497463442329989,0.7287704290959739,11.565
2026-10-16 08:46:44,30.189797790435026,30.149832723244362,34.748720979670715,53.47,14.61287830236019,14.651967033871703,5.2128566353404375,26.01,6.57640693613057,6.503216427584441,0.7292029514833857,11.575
2026-10-16 09:01:44,30.21690871102378,30.190618589722582,34.7854812651375,53.535,14.6300722935378,14.66940070980231,5.218956931795385,26.04,6.5821274137436045,6.508222925626609,0.7297191206090784,11.585
2026-10-16 09:16:44,30.332582089864072,30.30120797479502,34.89630990619869,53.715,14.661859193150816,14.713513545592566,5.22921398814297,26.1,6.5974005123731425,6.52156275051714,0.73064882985894,11.605
2026-10-16 09:31:44,30.436578100842695,30.38335144439559,34.99144256729732,53.865,14.693796699664642,14.741500841736041,5.2387201940456345,26.15,6.608950361181093,6.534029501846481,0.7319699968207691,11.625
2026-10-16 09:46:44,30.462838498563936,30.40829247686634,35.02487287587378,53.92,14.694994787028289,14.746231744021811,5.239239068684107,26.155,6.611101925221333,6.537390420941513,0.7321741195983815,11.63
2026-10-16 10:01:44,30.511005372715324,30.468829369835156,35.08384759086,54.01,14.71483383745436,14.76228682217735,5.244264813588731,26.185,6.620798545530992,6.546492397288376,0.732890682554394,11.645
2026-10-16 10:16:44,30.531887273465518,30.486438092326402,35.10817404964261,54.045,14.730295485453722,14.77439273859902,5.248882911890046,26.21,6.622193725010361,6.548503511147005,0.733357724623505,11.65
2026-10-16 10:31:44,30.532719764155875,30.48781841107831,35.110796212769955,54.05,14.73108001879804,14.776088357683788,5.249516877499961,26.215,6.622193725010361,6.548503511147005,0.733357724623505,11.65
2026-10-16 10:46:44,30.545913961269644,30.495293172046946,35.120816021494306,54.065,14.736744004335927,14.788199316734483,5.252757350350219,26.23,6.623326015678433,6.552471145118529,0.7335299792998131,11.655
2026-10-16 11:01:44,30.557854656331884,30.50882802684083,35.13233039003387,54.085,14.738588159403346,14.792282657380644,5.2553725551386075,26.24,6.623326015678433,6.552471145118529,0.7335299792998131,11.655
2026-10-16 11:16:44,30.58734248462137,30.5321567287825,35.16466302548006,54.13,14.739603170979292,14.793847898976061,5.256341549115769,26.245,6.623326015678433,6.552471145118529,0.7335299792998131,11.655
2026-10-16 11:31:44,30.592289371386975,30.538441548242584,35.174432214876006,54.145,14.739603170979292,14.793847898976061,5.256341549115769,26.245,6.627261431710725,6.554387027543974,0.7339476490386949,11.66
2026-10-16 11:46:44,30.61358086047127,30.557806296089133,35.20256216605808,54.185,14.749020348788132,14.798840463299207,5.259503511959649,26.26,6.627261431710725,6.554387027543974,0.7339476490386949,11.66
2026-10-16 12:01:44,30.643812321296814,30.59330359741897,35.23968643121072,54.25,14.75937529794529,14.80800728630812,5.261790628092006,26.275,6.630800951383956,6.558401365446854,0.734438926174395,11.665
2026-10-16 12:16:44,30.6775586833932,30.62396863289887,35.27536579962894,54.305,14.77447351595995,14.822412174591927,5.26772838804033,26.305,6.644146658258277,6.567077510845801,0.7351436633130946,11.68
2026-10-16 12:31:44,30.68351221087364,30.62992107258558,35.281623553107885,54.32,14.776741755974658,14.827080293205952,5.26835613970189,26.31,6.651181731980255,6.571695141581177,0.7355238426731214,11.69
2026-10-16 12:46:44,30.68351221087364,30.62992107258558,35.281623553107885,54.32,14.776741755974658,14.827080293205952,5.26835613970189,26.31,6.651181731980255,6.571695141581177,0.7355238426731214,11.69
2026-10-16 13:01:44,30.68351221087364,30.62992107258558,35.281623553107885,54.32,14.776741755974658,14.827080293205952,5.26835613970189,26.31,6.651181731980255,6.571695141581177,0.7355238426731214,11.69
2026-10-16 13:16:44,30.694675657477262,30.643950332705884,35.29590672206306,54.345,14.781317222609182,14.831879349037228,5.270482708038209,26.32,6.651181731980255,6.571695141581177,0.7355238426731214,11.69
2026-10-16 13:31:44,30.698704993454097,30.653396243114223,35.3011105040011,54.36,14.783957573401667,14.836005071155078,5.271746473863651,26.325,6.658152004008898,6.5827014898997644,0.7365968366713811,11.705
2026-10-16 13:46:44,30.698704993454097,30.653396243114223,35.3011105040011,54.36,14.787255006899008,14.83981898449549,5.27402047058925,26.335,6.658152004008898,6.5827014898997644,0.7365968366713811,11.705
2026-10-16 14:01:44,30.713358178634277,30.671169857393146,35.32171397659654,54.39,14.790510390866945,14.840846489007482,5.274651195265637,26.34,6.658873758255077,6.586571984043232,0.7368267625468486,11.71
2026-10-16 14:16:44,30.724641740577308,30.679171636642277,35.3348708471526,54.41,14.794305192402293,14.844651860217866,5.276145332890299,26.345,6.658873758255077,6.586571984043232,0.7368267625468486,11.71
2026-10-16 14:31:44,30.734183968068645,30.683706980671626,35.34216728917297,54.42,14.794305192402293,14.844651860217866,5.276145332890299,26.345,6.658873758255077,6.586571984043232,0.7368267625468486,11.71
2026-10-16 14:46:44,30.734183968068645,30.683706980671626,35.34216728917297,54.42,14.794305192402293,14.844651860217866,5.276145332890299,26.345,6.658873758255077,6.586571984043232,0.7368267625468486,11.71
2026-10-16 15:01:44,30.737441288310563,30.68852021790199,35.346667566888016,54.425,14.804135359206024,14.851085850460027,5.279310651066643,26.36,6.661290890025254,6.59472552410794,0.7373938100687227,11.72
2026-10-16 15:16:44,30.753575091032328,30.706439255322124,35.368150520759315,54.45,14.804135359206024,14.851085850460027,5.279310651066643,26.36,6.661290890025254,6.59472552410794,0.7373938100687227,11.72
2026-10-16 15:31:44,30.77020822795384,30.733004413729414,35.39484068720189,54.49,14.80899632274381,14.85568433566473,5.280144896398492,26.365,6.661290890025254,6.59472552410794,0.7373938100687227,11.72
2026-10-16 15:46:44,30.792344947940425,30.755998686292283,35.41922416570125,54.53,14.814310781443298,14.861199261864321,5.282229354698855,26.375,6.661290890025254,6.59472552410794,0.7373938100687227,11.72
2026-10-16 16:01:44,30.803979895977054,30.76438566808946,35.42881881251935,54.545,14.814310781443298,14.861199261864321,5.282229354698855,26.375,6.662142993503843,6.596568092747522,0.7378009445747009,11.725
2026-10-16 16:16:44,30.811819505087193,30.769760716944347,35.438468894368825,54.555,14.815576330615716,14.864418135191357,5.282880581952775,26.38,6.662142993503843,6.596568092747522,0.7378009445747009,11.725
2026-10-16 16:31:44,30.811819505087193,30.769760716944347,35.438468894368825,54.555,14.815576330615716,14.864418135191357,5.282880581952775,26.38,6.662142993503843,6.596568092747522,0.7378009445747009,11.725
2026-10-16 16:46:44,30.811819505087193,30.769760716944347,35.438468894368825,54.555,14.815576330615716,14.864418135191357,5.282880581952775,26.38,6.662142993503843,6.596568092747522,0.7378009445747009,11.725
2026-10-16 17:01:44,30.811819505087193,30.769760716944347,35.438468894368825,54.555,14.815576330615716,14.864418135191357,5.282880581952775,26.38,6.662142993503843,6.596568092747522,0.7378009445747009,11.725
2026-10-16 17:16:44,30.83103881676378,30.78512556506786,35.456910679135156,54.59,14.815576330615716,14.864418135191357,5.282880581952775,26.38,6.662142993503843,6.596568092747522,0.7378009445747009,11.725
2026-10-16 17:31:44,30.835767215353197,30.79324997315718,35.46493755243217,54.6,14.817637670187288,14.867245184660124,5.284003646609844,26.385,6.662142993503843,6.596568092747522,0.7378009445747009,11.725
2026-10-16 17:46:44,30.84133923538324,30.800693649879616,35.46927929831283,54.61,14.817637670187288,14.867245184660124,5.284003646609844,26.385,6.662142993503843,6.596568092747522,0.7378009445747009,11.725
2026-10-16 18:01:44,30.842600365940875,30.8040727393518,35.47125667134771,54.615,14.818995768881098,14.87133163910174,5.284938422105677,26.39,6.66306138422545,6.597265220554258,0.7380167489242614,11.73
2026-10-16 18:16:44,30.853799435847638,30.81588450456272,35.48302844617476,54.635,14.818995768881098,14.87133163910174,5.284938422105677,26.39,6.667005472073355,6.597905708896498,0.7384892183076054,11.735
2026-10-16 18:31:44,30.859364531593943,30.82105182179959,35.49113834395411,54.645,14.826207090886733,14.878946586402803,5.286843651772183,26.4,6.667005472073355,6.597905708896498,0.7384892183076054,11.735
2026-10-16 18:46:44,30.881076870725074,30.838123794625044,35.50899279369828,54.68,14.83027318150297,14.883614346466059,5.288745686525562,26.41,6.668260109879912,6.598701040233708,0.7386277686754507,11.74
2026-10-16 19:01:44,30.902444992481847,30.86161968126153,35.53128777093536,54.715,14.836340018719643,14.889095929664126,5.2907646443015635,26.42,6.668260109879912,6.598701040233708,0.7386277686754507,11.74
2026-10-16 19:16:44,30.907945901195728,30.868654898627668,35.53539082035611,54.725,14.837261258976083,14.88993706607703,5.291683142540943,26.425,6.668987183736317,6.602198779777965,0.7389793376948803,11.745
2026-10-16 19:31:44,30.920834657976478,30.880651877134074,35.55305311169873,54.75,14.851479598954889,14.902666699906128,5.295332657499747,26.445,6.677310134627634,6.607135727777338,0.7396519869645402,11.755
2026-10-16 19:46:44,30.923483422423192,30.88508896311358,35.556411477356676,54.755,14.86119459759975,14.913531689730844,5.298649536882066,26.465,6.679138223730213,6.611349159641211,0.7397998622141175,11.76
2026-10-16 20:01:44,30.97927528942372,30.933583660130836,35.61874413225201,54.85,14.87129732978122,14.926014218595556,5.302237004199046,26.485,6.682130490313897,6.615277937445436,0.7399503340982237,11.765
2026-10-16 20:16:44,30.993507065747036,30.947690315227394,35.63754067135148,54.88,14.887982239889498,14.941356646223781,5.307584002287985,26.515,6.687919504005778,6.620385322185829,0.7405554480817209,11.775
2026-10-16 20:31:44,31.013531238082095,30.9733822401691,35.66341805913174,54.92,14.914571410441662,14.966074158144318,5.317070760367958,26.56,6.687919504005778,6.620385322185829,0.7405554480817209,11.775
2026-10-16 20:46:44,31.082879184937074,31.035884982106083,35.74194120793555,55.04,14.939627964901492,14.990307556477296,5.32601592909404,26.6,6.705677988321477,6.643127395166407,0.7423790955046126,11.805
2026-10-16 21:01:44,31.098992526728182,31.046326219994796,35.761360150741275,55.065,14.951182746962143,14.998103791115806,5.33042174939469,26.62,6.71071400651336,6.6500827698481135,0.7430699179223048,11.815
2026-10-16 21:16:44,31.166957542877704,31.109833071927966,35.8406910020532,55.185,14.969857643339267,15.019613434762254,5.3385855019121795,26.655,6.719916910626744,6.655971940467503,0.7435442415652952,11.825
2026-10-16 21:31:44,31.194846630903754,31.14114890237006,35.87284175300583,55.24,14.984892412556016,15.034188981033783,5.343227880760331,26.675,6.725681673389499,6.667491822409081,0.7443076830367157,11.84
2026-10-16 21:46:44,31.239704250762742,31.18826106378289,35.92625225719591,55.32,15.003803712845867,15.057338946793235,5.348726756484068,26.705,6.729284090129053,6.670047755673928,0.7446608073470843,11.845
2026-10-16 22:01:44,31.336579493923832,31.270450147214003,36.02671059068979,55.49,15.038515751219625,15.095715971200129,5.3606171879733795,26.765,6.747028629084975,6.687576166432311,0.7465418650939686,11.875
2026-10-16 22:16:44,31.426116593790653,31.34802415603777,36.119476950031284,55.635,15.06811748020181,15.121186315361374,5.36910430063931,26.82,6.767183662544658,6.708743828447285,0.7484936756342113,11.905
2026-10-16 22:31:44,31.493850379962165,31.410673183686974,36.19289724543502,55.75,15.09721888563468,15.1533992174922,5.37982949724376,26.875,6.78397033369383,6.7240223569207505,0.7503574872593554,11.935
2026-10-16 22:46:44,31.507881110086892,31.424053316662608,36.21039213915935,55.775,15.106902745418095,15.16529807750844,5.38346589382684,26.895,6.7885003256963845,6.730551935459817,0.7510878831394143,11.945
2026-10-16 23:01:44,31.584318072352936,31.499243004562086,36.29297429982635,55.91,15.167292295668119,15.227777286136826,5.405155906408172,27.005,6.806882869620728,6.748328619045489,0.7526236984886536,11.975
2026-10-16 23:16:44,31.65985107970496,31.576533050777584,36.38465026948459,56.04,15.212435348677845,15.26289133930694,5.420345410322049,27.08,6.818537321408209,6.762628124065249,0.7542101231345882,12.0
2026-10-16 23:31:44,31.713756382971123,31.61919792201074,36.44117087380399,56.13,15.237704231035115,15.286663699980565,5.428046937989334,27.12,6.820041557728908,6.766274091265581,0.7544949763488416,12.005
2026-10-16 23:46:44,31.782270252384095,31.677182518146918,36.506170590587494,56.24,15.26285235313205,15.306732804688362,5.4352423854414,27.16,6.827430249289077,6.769255843370365,0.7551557234676589,12.015
2026-10-17 00:01:44,31.961509134974065,31.86108900018498,36.69570939074071,56.545,15.348822188547162,15.398209077674002,5.463997252154435,27.3,6.850180475186248,6.795553033140684,0.7578326635247989,12.06
2026-10-17 00:16:44,32.03205026745497,31.92568802256133,36.77601195973027,56.655,15.39538829033957,15.4418611866638,5.481723407458982,27.38,6.86760222127955,6.811009032065955,0.7597176045979054,12.09
2026-10-17 00:31:44,32.0920373845247,31.980900782013894,36.834242441077976,56.75,15.41017526811436,15.452625212181148,5.486457212604468,27.405,6.877503833679459,6.822390987253135,0.7604871418586684,12.105
2026-10-17 00:46:44,32.126363001522165,32.014191910272075,36.87345415087237,56.805,15.431457680624135,15.471414990287693,5.494409342870235,27.445,6.883542326932708,6.825349438605765,0.7612431318801658,12.115
2026-10-17 01:01:44,32.19470448203361,32.08276243719602,36.95794629910685,56.94,15.469154435335634,15.50827515101391,5.505424049366873,27.51,6.908534473358289,6.851877696080771,0.7640007097702003,12.165
2026-10-17 01:16:44,32.28071215565725,32.167994383821714,37.069824743829805,57.095,15.494289723419902,15.544730740597885,5.515593795722374,27.565,6.947133661767711,6.885779713111294,0.7676822657652143,12.22
2026-10-17 01:31:44,32.31639848596748,32.193904743535,37.10648875609783,57.155,15.532014711804102,15.580383461895432,5.5291667128340505,27.63,6.951251159400636,6.893171288041792,0.7685825450654671,12.235
2026-10-17 01:46:44,32.409021313185235,32.28804300960319,37.204586490385346,57.315,15.571658147293816,15.626905508899636,5.543022169282453,27.705,6.964617068055302,6.910764243524204,0.7706859920049988,12.265
2026-10-17 02:01:44,32.46376281372635,32.3386057132474,37.264843047705185,57.41,15.595305565679176,15.658416663086758,5.55287123294532,27.75,6.975965121380733,6.918783221417433,0.7717489109010429,12.285
2026-10-17 02:16:44,32.50709330297482,32.37684203083175,37.31589965060092,57.485,15.633411362558853,15.691971220346526,5.567976427444467,27.825,6.985159563774283,6.931245880654961,0.7729415314087487,12.3
2026-10-17 02:31:44,32.60513331187064,32.477729722544844,37.43197087332899,57.66,15.69508078564854,15.759575047666573,5.588547328141963,27.935,7.028566731516057,6.975723309987867,0.7777335482242062,12.375
2026-10-17 02:46:44,32.70823489760115,32.595794185870645,37.569739113054496,57.86,15.754264732821165,15.82105448206708,5.610483827453574,28.05,7.037902327347069,6.986198343521895,0.7787293945403453,12.39
2026-10-17 03:01:44,32.73783157105763,32.63267637606863,37.59931683863015,57.91,15.774394055957668,15.843963596585226,5.619419175886463,28.085,7.045150169026124,6.992810184734258,0.7795943551186818,12.405
2026-10-17 03:16:44,32.77296458075483,32.678678482188715,37.64395684875379,57.98,15.791246007775156,15.865434034792926,5.625490032188433,28.115,7.048883776092261,7.001681343311468,0.780374667886919,12.42
2026-10-17 03:31:44,32.80001045729507,32.70070768350709,37.673194019370875,58.02,15.800839131852861,15.874852183632262,5.627545011285319,28.13,7.056809602908314,7.008706953516331,0.7810754196825531,12.43
2026-10-17 03:46:44,32.8210189590571,32.72758171536243,37.69820450883589,58.055,15.806883043269007,15.87948782592729,5.629431176853164,28.14,7.063585369360799,7.015967457763027,0.7822238138451583,12.445
2026-10-17 04:01:44,32.89303112762817,32.793836024848474,37.768614134748475,58.17,15.84000246542376,15.907373926815856,5.64525713754169,28.215,7.0713922931268005,7.025153755486832,0.7835290428039601,12.465
2026-10-17 04:16:44,32.901665336642175,32.803462451320385,37.779233132362165,58.185,15.848477415961153,15.917661242737491,5.64915831092757,28.235,7.072690615153719,7.029518289854006,0.7836664950429223,12.47
2026-10-17 04:31:44,32.913473659505144,32.81453522786603,37.792077384090774,58.205,15.865347210841724,15.929778895735856,5.65601145844313,28.265,7.074176510406979,7.030422061980921,0.7840536405719458,12.475
2026-10-17 04:46:44,32.91578354636428,32.81886451417022,37.7941586868882,58.21,15.874937982882802,15.945385385117586,5.660547863009535,28.285,7.085566166883949,7.038879310300173,0.7851579610435381,12.49
2026-10-17 05:01:44,32.94324218634057,32.84023690521463,37.819568067278524,58.255,15.88961872161111,15.961523395608278,5.666591734254215,28.315,7.087411889913851,7.040789026900574,0.785375418675954,12.495
2026-10-17 05:16:44,32.973763101645034,32.87056833215574,37.84324552858519,58.3,15.901673853667198,15.973027719404428,5.670599195505741,28.335,7.090100913920045,7.044621909364697,0.7855290582491274,12.5
2026-10-17 05:31:44,32.989887399619064,32.884784247539415,37.862066460935516,58.325,15.906915446739445,15.976520939876142,5.672933579064675,28.345,7.0941468634083105,7.04756359176302,0.7859914336609101,12.505
2026-10-17 05:46:44,33.01171248742694,32.906378445820884,37.886440734749314,58.37,15.913602504123832,15.990519592423444,5.6781665937324135,28.365,7.103143451195304,7.060258141004866,0.787274004873352,12.525
2026-10-17 06:01:44,33.05389546012052,32.95049862185618,37.944742183693755,58.45,15.93155850848629,16.005192280391295,5.68360450655639,28.39,7.103143451195304,7.060258141004866,0.787274004873352,12.525
2026-10-17 06:16:44,33.07414518780847,32.97793999264747,37.97218150835358,58.49,15.932646226239973,16.007115887217797,5.6849751373836614,28.395,7.112628468438398,7.069484123951244,0.7883010242978202,12.54
2026-10-17 06:31:44,33.10399407714638,33.0110627618576,38.01220852004565,58.55,15.947513826016966,16.02013728791842,5.689580337891663,28.42,7.121671867956721,7.0794803148140595,0.7891716031686044,12.555
2026-10-17 06:46:44,33.127575153523175,33.037813481712305,38.0458824056655,58.6,15.970255334185998,16.041305826773705,5.69669328195225,28.46,7.13276963900652,7.0867536395521125,0.7902229961488646,12.575
2026-10-17 07:01:44,33.144397785419024,33.05046239338342,38.06062289366805,58.625,15.97197750175016,16.042539271661777,5.697674150636356,28.465,7.136153372784857,7.095161765238694,0.7908918138238837,12.585
2026-10-17 07:16:44,33.151384689580844,33.055069929062064,38.06926164555099,58.635,15.97197750175016,16.042539271661777,5.697674150636356,28.465,7.1446141315401785,7.101871813072863,0.7914462060337832,12.595
2026-10-17 07:31:44,33.160946184419146,33.06737413614775,38.079249760931944,58.655,15.972636031534737,16.04443121764624,5.698553535826995,28.47,7.1446141315401785,7.101871813072863,0.7914462060337832,12.595
2026-10-17 07:46:44,33.17059186672946,33.07420835316949,38.09206885279737,58.67,15.981307542999879,16.05101128679641,5.7005879228123595,28.48,7.146979568491246,7.104102960233026,0.7918549199062435,12.6
2026-10-17 08:01:44,33.180581417723076,33.08442424213215,38.105605308195344,58.69,15.981307542999879,16.05101128679641,5.7005879228123595,28.48,7.150596426364724,7.106082429054209,0.792028534390418,12.605
2026-10-17 08:16:44,33.18711095504928,33.092456354259525,38.11357976727492,58.705,15.981307542999879,16.05101128679641,5.7005879228123595,28.48,7.150596426364724,7.106082429054209,0.792028534390418,12.605
2026-10-17 08:31:44,33.19925715385062,33.10810098545952,38.13135209550124,58.73,15.989668743088702,16.063603664066026,5.703134309204152,28.495,7.150596426364724,7.106082429054209,0.792028534390418,12.605
2026-10-17 08:46:44,33.23816127962682,33.13826750895799,38.17295347051302,58.8,15.998276172577338,16.070135574181023,5.705932157933769,28.505,7.153505387734705,7.110465680756262,0.7921572748476005,12.61
2026-10-17 09:01:44,33.23816127962682,33.13826750895799,38.17295347051302,58.8,15.998276172577338,16.070135574181023,5.705932157933769,28.505,7.153505387734705,7.110465680756262,0.7921572748476005,12.61
2026-10-17 09:16:44,33.26455923476073,33.159210756462244,38.19821105597377,58.835,16.008870498409944,16.07731386205246,5.709657125534283,28.52,7.157688133357767,7.113774280971374,0.7924751293493569,12.615
2026-10-17 09:31:44,33.27510602734476,33.168103069604015,38.21110380396439,58.855,16.02075073859011,16.085376186971423,5.712734446626471,28.535,7.157688133357767,7.113774280971374,0.7924751293493569,12.615
2026-10-17 09:46:44,33.27510602734476,33.168103069604015,38.21110380396439,58.855,16.02075073859011,16.085376186971423,5.712734446626471,28.535,7.157688133357767,7.113774280971374,0.7924751293493569,12.615
2026-10-17 10:01:44,33.27510602734476,33.168103069604015,38.21110380396439,58.855,16.02075073859011,16.085376186971423,5.712734446626471,28.535,7.157688133357767,7.113774280971374,0.7924751293493569,12.615
2026-10-17 10:16:44,33.29529094501838,33.1966280343759,38.23417301655901,58.895,16.024377764313964,16.09034244591326,5.71335989925384,28.54,7.16073140204998,7.114673534759993,0.7926642815473985,12.62
2026-10-17 10:31:44,33.29852734245487,33.20312389245501,38.23867714865708,58.905,16.027933584944428,16.0933756461531,5.714299805091107,28.545,7.163830372473762,7.117695620553092,0.792863520072355,12.625
2026-10-17 10:46:44,33.307215200658206,33.2087894181727,38.246683748062296,58.915,16.027933584944428,16.0933756461531,5.714299805091107,28.545,7.163830372473762,7.117695620553092,0.792863520072355,12.625
2026-10-17 11:01:44,33.307215200658206,33.2087894181727,38.246683748062296,58.915,16.027933584944428,16.0933756461531,5.714299805091107,28.545,7.163830372473762,7.117695620553092,0.792863520072355,12.625
2026-10-17 11:16:44,33.33266182357844,33.227447204182695,38.27102913881673,58.95,16.032041862937575,16.096008770849938,5.714804259978629,28.55,7.163830372473762,7.117695620553092,0.792863520072355,12.625
2026-10-17 11:31:44,33.3642152235448,33.25327570111058,38.30518622059377,58.995,16.032041862937575,16.096008770849938,5.714804259978629,28.55,7.171890821977633,7.1296662248823885,0.7941906220230456,12.64
2026-10-17 11:46:44,33.38674454434598,33.27165188497933,38.32654773657976,59.03,16.037175249156,16.099691336854967,5.717035307643218,28.56,7.171890821977633,7.1296662248823885,0.7941906220230456,12.64
2026-10-17 12:01:44,33.411220547381696,33.29068695154856,38.360474274912036,59.075,16.045493802620864,16.110446952467008,5.719724296525348,28.575,7.178869288294222,7.136441089828112,0.7954496120869557,12.655
2026-10-17 12:16:44,33.43639408060945,33.308572146079044,38.383061902627354,59.11,16.05862903849331,16.123153852497694,5.724734258652706,28.6,7.178869288294222,7.136441089828112,0.7954496120869557,12.655
2026-10-17 12:31:44,33.44606520174697,33.315900529757336,38.38681576740332,59.12,16.05862903849331,16.123153852497694,5.724734258652706,28.6,7.189200964291082,7.143845897708928,0.7964500682182646,12.67
2026-10-17 12:46:44,33.467720112172486,33.3398751087871,38.41759770460183,59.17,16.065332585066198,16.131918720299893,5.7287776738510034,28.62,7.189200964291082,7.143845897708928,0.7964500682182646,12.67
2026-10-17 13:01:44,33.46862607051633,33.341171605288885,38.42095387008242,59.175,16.0833203216981,16.143253423107666,5.732779198299071,28.64,7.1925329284268935,7.14533644379612,0.7966520731366974,12.675
2026-10-17 13:16:44,33.48403332331391,33.35212523027336,38.43313980962493,59.195,16.097911514525922,16.156954043442564,5.738879375837386,28.67,7.1925329284268935,7.14533644379612,0.7966520731366974,12.675
2026-10-17 13:31:44,33.49307749260687,33.361594587720894,38.44575966850573,59.215,16.09999034470472,16.158986888406233,5.740084522754094,28.675,7.1925329284268935,7.14533644379612,0.7966520731366974,12.675
2026-10-17 13:46:44,33.510216800242766,33.37464082646786,38.459156484250606,59.24,16.09999034470472,16.158986888406233,5.740084522754094,28.675,7.193944262739248,7.146779931108435,0.7968657936609911,12.68
2026-10-17 14:01:44,33.52483060657009,33.39426281316992,38.47694375649642,59.265,16.10779157940593,16.16241051372623,5.7432829281785205,28.69,7.196112657674646,7.151337762555174,0.797056025532952,12.685
2026-10-17 14:16:44,33.540287609269846,33.405696137607976,38.48801869563737,59.285,16.10779157940593,16.16241051372623,5.7432829281785205,28.69,7.196112657674646,7.151337762555174,0.797056025532952,12.685
2026-10-17 14:31:44,33.55482308863083,33.41735257671849,38.503653384819394,59.31,16.109362862378564,16.163242784240204,5.74476541368055,28.695,7.198472748193084,7.156017292318398,0.7971816611682092,12.69
2026-10-17 14:46:44,33.56651762823338,33.43043699667859,38.52005757666764,59.33,16.109362862378564,16.163242784240204,5.74476541368055,28.695,7.198472748193084,7.156017292318398,0.7971816611682092,12.69
2026-10-17 15:01:44,33.572177460888774,33.44163206783534,38.53110877986142,59.345,16.109362862378564,16.163242784240204,5.74476541368055,28.695,7.198472748193084,7.156017292318398,0.7971816611682092,12.69
2026-10-17 15:16:44,33.572177460888774,33.44163206783534,38.53110877986142,59.345,16.109362862378564,16.163242784240204,5.74476541368055,28.695,7.198472748193084,7.156017292318398,0.7971816611682092,12.69
2026-10-17 15:31:44,33.572177460888774,33.44163206783534,38.53110877986142,59.345,16.109362862378564,16.163242784240204,5.74476541368055,28.695,7.198472748193084,7.156017292318398,0.7971816611682092,12.69
2026-10-17 15:46:44,33.5841354952877,33.45129351316595,38.54151394113304,59.365,16.109362862378564,16.163242784240204,5.74476541368055,28.695,7.198472748193084,7.156017292318398,0.7971816611682092,12.69
2026-10-17 16:01:44,33.5841354952877,33.45129351316595,38.54151394113304,59.365,16.109362862378564,16.163242784240204,5.74476541368055,28.695,7.198472748193084,7.156017292318398,0.7971816611682092,12.69
2026-10-17 16:16:44,33.5841354952877,33.45129351316595,38.54151394113304,59.365,16.109362862378564,16.163242784240204,5.74476541368055,28.695,7.198472748193084,7.156017292318398,0.7971816611682092,12.69
2026-10-17 16:31:44,33.5841354952877,33.45129351316595,38.54151394113304,59.365,16.109362862378564,16.163242784240204,5.74476541368055,28.695,7.198472748193084,7.156017292318398,0.7971816611682092,12.69
2026-10-17 16:46:44,33.5841354952877,33.45129351316595,38.54151394113304,59.365,16.109362862378564,16.163242784240204,5.74476541368055,28.695,7.198472748193084,7.156017292318398,0.7971816611682092,12.69
2026-10-17 17:01:44,33.59059857166225,33.46148187297422,38.5556820474675,59.385,16.11287706513861,16.16773397068041,5.746195520565204,28.7,7.198472748193084,7.156017292318398,0.7971816611682092,12.69
2026-10-17 17:16:44,33.591535882932575,33.4637419570394,38.55905154571932,59.39,16.11287706513861,16.16773397068041,5.746195520565204,28.7,7.198472748193084,7.156017292318398,0.7971816611682092,12.69
2026-10-17 17:31:44,33.606246760980675,33.47423780422477,38.57086534860268,59.41,16.11287706513861,16.16773397068041,5.746195520565204,28.7,7.198472748193084,7.156017292318398,0.7971816611682092,12.69
2026-10-17 17:46:44,33.606246760980675,33.47423780422477,38.57086534860268,59.41,16.11287706513861,16.16773397068041,5.746195520565204,28.7,7.198472748193084,7.156017292318398,0.7971816611682092,12.69
2026-10-17 18:01:44,33.611755979241416,33.48226163122822,38.57798342519436,59.42,16.11287706513861,16.16773397068041,5.746195520565204,28.7,7.198472748193084,7.156017292318398,0.7971816611682092,12.69
2026-10-17 18:16:44,33.62868243739923,33.50105102463583,38.59564627913029,59.45,16.11707581898923,16.172434836266625,5.747662165992397,28.705,7.20318223945607,7.160764220973736,0.7973832584123983,12.695
2026-10-17 18:31:44,33.66963295840496,33.54249012464438,38.642816090525535,59.515,16.121976376338242,16.176951346032663,5.748851543734761,28.715,7.20318223945607,7.160764220973736,0.7973832584123983,12.695
2026-10-17 18:46:44,33.7048314917725,33.58590029748444,38.68351445891409,59.58,16.15527152923531,16.21041032436192,5.76167631209855,28.775,7.20318223945607,7.160764220973736,0.7973832584123983,12.695
2026-10-17 19:01:44,33.76440928869326,33.63752228817122,38.74898291296308,59.675,16.178269924150495,16.23810801981009,5.772517914377511,28.83,7.210481162935899,7.17263564123973,0.798078284750309,12.71
2026-10-17 19:16:44,33.8413571173874,33.71390051472125,38.83419803900114,59.795,16.198384556708557,16.259254277901253,5.778769434576216,28.865,7.215369070476745,7.17896452235206,0.798643352218214,12.72
2026-10-17 19:31:44,33.8413571173874,33.71390051472125,38.83419803900114,59.795,16.203554054475795,16.26501733606202,5.780792737360736,28.875,7.215369070476745,7.17896452235206,0.798643352218214,12.72
2026-10-17 19:46:44,33.87620991816017,33.74771542013578,38.87299212996498,59.86,16.230356700332525,16.28523607667172,5.787714620745366,28.91,7.22075299813336,7.185664118278927,0.7994998364599217,12.735
2026-10-17 20:01:44,33.91584524269522,33.78412496002138,38.915411701124164,59.93,16.24616091199301,16.30407985785399,5.793345914694836,28.94,7.221547720814266,7.1871448737975285,0.7996473894264747,12.74
2026-10-17 20:16:44,33.93591696016673,33.806945078185,38.93754416342741,59.965,16.254218804213057,16.317142826339605,5.798108352330293,28.96,7.223052666853686,7.190206327237489,0.8000271049230457,12.745
2026-10-17 20:31:44,33.9857411784294,33.8792591555553,39.01386028179739,60.07,16.274143180964433,16.331983510140024,5.807492970842871,29.005,7.223052666853686,7.190206327237489,0.8000271049230457,12.745
2026-10-17 20:46:44,34.047831891987286,33.94115290724151,39.08819492169249,60.185,16.311786731389898,16.364838955507448,5.817690590596574,29.06,7.231585540379149,7.199478787938698,0.8014472926494951,12.765
2026-10-17 21:01:44,34.14676617918102,34.04002658294262,39.193169352784686,60.35,16.328768485645995,16.388241825276822,5.82400480428043,29.1,7.24513664303982,7.211961040905037,0.8029222055152166,12.79
2026-10-17 21:16:44,34.19943678272884,34.09612700526495,39.25266657938707,60.45,16.358868404851453,16.42777307391602,5.833441189031321,29.155,7.255582769665125,7.228929679415295,0.8040935791435022,12.815
2026-10-17 21:31:44,34.322032178967966,34.22625569939073,39.39526492037951,60.67,16.426801391265457,16.499775401577494,5.858794570920505,29.28,7.302555478198889,7.265156526281551,0.8084291546422329,12.885
2026-10-17 21:46:44,34.423511254670885,34.33327790545393,39.51720355385362,60.855,16.460974188352846,16.536454597205655,5.871816644059904,29.345,7.32600968228164,7.2872295948317225,0.8111816572966046,12.93
2026-10-17 22:01:44,34.514515741687724,34.41968315882411,39.61624686862653,61.0,16.485511333648045,16.561813478397905,5.878192418002738,29.385,7.333400366508847,7.296794835818246,0.8123607498836029,12.945
2026-10-17 22:16:44,34.55891249029821,34.4621021990987,39.66263355627199,61.075,16.49517092309167,16.570059228783048,5.881632929691398,29.4,7.343169671965308,7.30801350832526,0.8133977275158926,12.96
2026-10-17 22:31:44,34.60372841442427,34.50978396235861,39.71078525852374,61.15,16.529274159210225,16.59992526936863,5.890578273402012,29.455,7.346874587280202,7.31482409681352,0.8144914150923703,12.975
2026-10-17 22:46:44,34.65610940539855,34.5658875143174,39.768151649709004,61.24,16.56882706486871,16.642259831297995,5.902290042990281,29.52,7.363607032792095,7.333011801104101,0.8165943343427636,13.01
2026-10-17 23:01:44,34.782238723504875,34.68229946877561,39.916182229563816,61.465,16.639854547043377,16.72808935943549,5.933585015822674,29.665,7.390702490161456,7.364956609915453,0.8208445767573758,13.07
2026-10-17 23:16:44,34.85605495491676,34.75678742626797,40.00975534345047,61.605,16.6829365654347,16.76978645560614,5.9457765021176225,29.735,7.4058715438787015,7.384327084066712,0.8234516432554447,13.1
2026-10-17 23:31:44,34.881950500252685,34.78848712375335,40.045906735123864,61.655,16.708933687244336,16.798176312592446,5.958398560708311,29.785,7.411491764594283,7.3887914609179886,0.8244237298224416,13.11
2026-10-17 23:46:44,34.93910354541097,34.85627438736679,40.11083145545983,61.76,16.7321495453944,16.8294954022484,5.967716442117493,29.835,7.43522847701301,7.405601434350109,0.8260763497732714,13.14
2026-10-18 00:01:44,34.98823303521173,34.894540024262405,40.16565781312992,61.845,16.768346978549726,16.856039577490026,5.976185147617191,29.89,7.443289566177824,7.415724552620938,0.8271814263209033,13.155
2026-10-18 00:16:44,35.00114602675599,34.90823311329813,40.185867467431976,61.87,16.78430886882877,16.87789422173121,5.980961613097329,29.92,7.454663716447868,7.430556099901731,0.8291949280958071,13.185
2026-10-18 00:31:44,35.07871220874028,34.982108423803105,40.27569412136784,62.005,16.817779647220476,16.919915089214406,5.995368758626673,29.99,7.46863198270988,7.44108237412989,0.8304078167560751,13.205
2026-10-18 00:46:44,35.1746156630387,35.0749953840203,40.401285027466635,62.18,16.85571846825725,16.94596248598126,6.006855878792154,30.055,7.494670888215673,7.460532784496447,0.8333803920388437,13.245
2026-10-18 01:01:44,35.28671072834263,35.17877265771584,40.51887607889316,62.36,16.898004776070383,16.997817748913906,6.024397973386306,30.14,7.529049304960026,7.501256214060287,0.836722420559637,13.305
2026-10-18 01:16:44,35.33163645326509,35.2188408018686,40.563292030298946,62.43,16.91596982910051,17.01698913570311,6.028249147098597,30.165,7.541929224193994,7.51454061572122,0.8384504132689053,13.335
2026-10-18 01:31:44,35.387115826546484,35.28086272500616,40.627435164734656,62.53,16.948259400034864,17.04585921771671,6.039192463630573,30.22,7.555110894648309,7.535669213210923,0.8408749551646838,13.365
2026-10-18 01:46:44,35.46211172843609,35.36552934187301,40.722158756783436,62.675,17.00445384055627,17.11005373067774,6.057577567300596,30.325,7.578399647850265,7.555492909559744,0.8434607941261265,13.405
2026-10-18 02:01:44,35.49976089890769,35.39884790445904,40.75721174165005,62.74,17.017454788431937,17.126680138339353,6.062099168791123,30.35,7.586968216992103,7.573226808211687,0.8451908688622057,13.43
2026-10-18 02:16:44,35.63983423560645,35.545950839795424,40.91540976561937,63.0,17.101853843707314,17.206146451809897,6.089049806596121,30.49,7.630077265435052,7.621166756334178,0.849405344693343,13.51
2026-10-18 02:31:44,35.65055501299209,35.556485988828264,40.925419959553466,63.015,17.111040648407112,17.215826098717617,6.0932842119548924,30.51,7.630077265435052,7.621166756334178,0.849405344693343,13.51
2026-10-18 02:46:44,35.71574570582137,35.62442026356321,41.00702142156107,63.135,17.138201379530468,17.23379191689672,6.1011387282445915,30.55,7.6397221533936905,7.635961788401781,0.8510853251736119,13.535
2026-10-18 03:01:44,35.78776653403306,35.692164534903235,41.08254828093833,63.25,17.173088411195515,17.279032627179888,6.116604147956566,30.62,7.66939115989437,7.666621925818695,0.8547810354837355,13.595
2026-10-18 03:16:44,35.837621099833754,35.74216749904658,41.14614154701259,63.34,17.189087439571388,17.29779199542916,6.1213769951618024,30.645,7.672131500825408,7.669889420473569,0.8554209984778685,13.605
2026-10-18 03:31:44,35.89885893177712,35.802165220537916,41.211796292366785,63.44,17.226185834172174,17.33990807367668,6.13283338488927,30.705,7.6875481286461085,7.688910347645419,0.8578524665149454,13.64
2026-10-18 03:46:44,35.9366107023482,35.83919136458977,41.25895204956513,63.505,17.233687567732524,17.343661093687405,6.135644865524855,30.72,7.693462709595771,7.699952893066385,0.8588128774823363,13.655
2026-10-18 04:01:44,36.00739802901769,35.88660989134116,41.32438556576104,63.61,17.248781470493224,17.35923668408518,6.142709477161782,30.755,7.695761766970885,7.705469801675034,0.8594438530867363,13.665
2026-10-18 04:16:44,36.0380606323418,35.91450987578326,41.35238013190262,63.655,17.2648621153474,17.371829230556628,6.148060202407597,30.78,7.707446624473356,7.718566709812945,0.8604158227499692,13.685
2026-10-18 04:31:44,36.04300883124996,35.918645547956466,41.35900079585463,63.665,17.273272472235444,17.377764401103068,6.149625709842375,30.79,7.707446624473356,7.718566709812945,0.8604158227499692,13.685
2026-10-18 04:46:44,36.06990397505956,35.9455464913203,41.39221106546687,63.715,17.285373813712194,17.38466872214424,6.152831027127275,30.805,7.713010125101017,7.723355989257292,0.8608815752067907,13.695
2026-10-18 05:01:44,36.095133199681186,35.971520550200204,41.417029238587745,63.755,17.295506421397818,17.398781566043045,6.156913369976006,30.825,7.713010125101017,7.723355989257292,0.8608815752067907,13.695
2026-10-18 05:16:44,36.11158208129339,35.98743149777682,41.43364881432253,63.78,17.301749617894338,17.40448155155419,6.1590837294331555,30.835,7.715271742012306,7.726096292041955,0.86110993942951,13.7
2026-10-18 05:31:44,36.13844912042573,36.01767454810577,41.46790320949799,63.835,17.31453358661057,17.41476709743537,6.162873729881054,30.855,7.727053921218771,7.735219810943868,0.8623881651491309,13.72
2026-10-18 05:46:44,36.162074905016745,36.03277964672666,41.48854875161352,63.865,17.319764137749516,17.42060534143446,6.164760214011873,30.865,7.732139573193634,7.740052361176593,0.8629117054932409,13.73
2026-10-18 06:01:44,36.16895352123956,36.041299857892085,41.49611499770579,63.875,17.324695583971522,17.42168221822813,6.165521759881471,30.87,7.732139573193634,7.740052361176593,0.8629117054932409,13.73
2026-10-18 06:16:44,36.192199392920536,36.059647769027244,41.51649361243144,63.91,17.335457406006103,17.430696505755847,6.1690847910036135,30.89,7.733235785489104,7.741531952148794,0.8632449694259641,13.735
2026-10-18 06:31:44,36.22130511112944,36.08859190814343,41.55134360342325,63.965,17.340439425911647,17.44052880687819,6.171269915515044,30.9,7.742617265509784,7.750913259241897,0.864130173330918,13.75
2026-10-18 06:46:44,36.22787835558258,36.09820751213484,41.558117272959905,63.98,17.340439425911647,17.44052880687819,6.171269915515044,30.9,7.7473399522388515,7.755827571480012,0.8644268021524242,13.755
2026-10-18 07:01:44,36.24258668284956,36.112766487791085,41.58009309555485,64.01,17.34504767609035,17.448541037791383,6.174131103282525,30.91,7.7473399522388515,7.755827571480012,0.8644268021524242,13.755
2026-10-18 07:16:44,36.25046103332711,36.12968020996865,41.59556929617962,64.035,17.345691628133327,17.450677945314048,6.174728208440455,30.915,7.750803706271946,7.760541952935232,0.865115546455875,13.765
2026-10-18 07:31:44,36.2851005533846,36.16850724400027,41.631393122407914,64.1,17.35501384429461,17.46467236105175,6.1783985267392305,30.935,7.7565916904830186,7.766654959563548,0.8661443243410476,13.78
2026-10-18 07:46:44,36.304997265291085,36.188311818383156,41.65251649511547,64.135,17.35501384429461,17.46467236105175,6.1783985267392305,30.935,7.758598402131922,7.770141942715469,0.8664103599154913,13.785
2026-10-18 08:01:44,36.32512259722316,36.214268472428294,41.67299064510922,64.165,17.35501384429461,17.46467236105175,6.1783985267392305,30.935,7.7610997092452125,7.7747758495838015,0.8666758060556193,13.79
2026-10-18 08:16:44,36.34363732817021,36.23221066710454,41.700405921067286,64.2,17.36297039554387,17.470738440582696,6.182026488727792,30.95,7.765640540983074,7.780653406879156,0.8675274414242633,13.8
2026-10-18 08:31:44,36.36182479811916,36.256674519525056,41.732352974222444,64.24,17.366550284148452,17.47511878123293,6.182569124906364,30.955,7.765640540983074,7.780653406879156,0.8675274414242633,13.8
2026-10-18 08:46:44,36.37001929480656,36.268451017187964,41.7482785133328,64.26,17.388942714258913,17.493381080174377,6.190100336464898,30.985,7.7666454374066785,7.7814427335503495,0.8679265515911249,13.805
2026-10-18 09:01:44,36.39329305931841,36.28558954070704,41.77672795208465,64.295,17.39127483782511,17.497624463452365,6.190844375580338,30.99,7.768206815571746,7.7821607630591885,0.8680838197088926,13.81
2026-10-18 09:16:44,36.42608759290704,36.32324888454909,41.81073218625267,64.35,17.399162259657526,17.503642695941675,6.192790496452078,31.0,7.768206815571746,7.7821607630591885,0.8680838197088926,13.81
2026-10-18 09:31:44,36.43564133749394,36.33457045463363,41.822896151909724,64.37,17.40014816718724,17.505394782506684,6.1941721615506316,31.005,7.768206815571746,7.7821607630591885,0.8680838197088926,13.81
2026-10-18 09:46:44,36.46139686737956,36.356585241729945,41.85130478879226,64.415,17.408760999962354,17.509934643158306,6.196411559904728,31.015,7.768206815571746,7.7821607630591885,0.8680838197088926,13.81
2026-10-18 10:01:44,36.527438443847686,36.43589652544555,41.93193492556445,64.53,17.44109264244551,17.54034797883568,6.207532001797873,31.07,7.787234079307319,7.798533747997233,0.8701014363695792,13.845
2026-10-18 10:16:44,36.54255604404161,36.452823891008606,41.947654364495534,64.555,17.44109264244551,17.54034797883568,6.207532001797873,31.07,7.796730914985195,7.8078819983658345,0.8713456702387028,13.86
2026-10-18 10:31:44,36.54255604404161,36.452823891008606,41.947654364495534,64.555,17.44109264244551,17.54034797883568,6.207532001797873,31.07,7.796730914985195,7.8078819983658345,0.8713456702387028,13.86
2026-10-18 10:46:44,36.54255604404161,36.452823891008606,41.947654364495534,64.555,17.44109264244551,17.54034797883568,6.207532001797873,31.07,7.796730914985195,7.8078819983658345,0.8713456702387028,13.86
2026-10-18 11:01:44,36.54683741589471,36.45427371137911,41.95229001796037,64.56,17.44109264244551,17.54034797883568,6.207532001797873,31.07,7.796730914985195,7.8078819983658345,0.8713456702387028,13.86
2026-10-18 11:16:44,36.55969609750569,36.47540832410816,41.969414106351714,64.59,17.444354694459015,17.54237651312706,6.208209024239079,31.075,7.796730914985195,7.8078819983658345,0.8713456702387028,13.86
2026-10-18 11:31:44,36.57709455715689,36.499978236479706,41.998723354973116,64.635,17.448410219001694,17.54524787244762,6.209667967937708,31.08,7.796730914985195,7.8078819983658345,0.8713456702387028,13.86
2026-10-18 11:46:44,36.60960504091419,36.52701280590508,42.037081927857265,64.69,17.46528691381145,17.561987854147972,6.21526840116937,31.11,7.809938042708295,7.813877144679226,0.8723832854613618,13.88
2026-10-18 12:01:44,36.650925096392164,36.56867197776632,42.093395414687436,64.775,17.468890507052894,17.566579036375963,6.216745677074614,31.115,7.819132913184229,7.819303526110428,0.8729885660711095,13.89
2026-10-18 12:16:44,36.68035565528301,36.60575285327653,42.13794448683942,64.84,17.468890507052894,17.566579036375963,6.216745677074614,31.115,7.827917217328037,7.829134234097183,0.8738255804063717,13.905
2026-10-18 12:31:44,36.69117581545702,36.61487795060078,42.14659621088848,64.855,17.47374341027757,17.568069501792294,6.217626179006266,31.12,7.827917217328037,7.829134234097183,0.8738255804063717,13.905
2026-10-18 12:46:44,36.70682865368152,36.63080113018985,42.16479160070641,64.885,17.47823752846712,17.572465105726817,6.2185062145430585,31.125,7.831912938121963,7.832007174607257,0.8740108322984294,13.91
2026-10-18 13:01:44,36.72496521741075,36.64846652304025,42.18831137251965,64.92,17.480765402465742,17.573414674224505,6.219487791244786,31.13,7.831912938121963,7.832007174607257,0.8740108322984294,13.91
2026-10-18 13:16:44,36.7479798829916,36.66917184537828,42.21082491430282,64.955,17.485727896201237,17.577444856426307,6.220100100702763,31.135,7.831912938121963,7.832007174607257,0.8740108322984294,13.91
2026-10-18 13:31:44,36.76587895455151,36.69820007295952,42.233734417497715,64.99,17.487934611240718,17.579885599750003,6.220882734675188,31.14,7.831912938121963,7.832007174607257,0.8740108322984294,13.91
2026-10-18 13:46:44,36.78750863196039,36.71480914124355,42.25580626895113,65.025,17.490903272537306,17.582364421629794,6.222147043376326,31.145,7.838731409793049,7.837051091902799,0.8748041287189672,13.92
2026-10-18 14:01:44,36.78750863196039,36.71480914124355,42.25580626895113,65.025,17.492284408653834,17.58560062547276,6.222929821858548,31.15,7.838731409793049,7.837051091902799,0.8748041287189672,13.92
2026-10-18 14:16:44,36.79000767642023,36.71960821761851,42.25906658167185,65.03,17.492284408653834,17.58560062547276,6.222929821858548,31.15,7.838731409793049,7.837051091902799,0.8748041287189672,13.92
2026-10-18 14:31:44,36.804446074830516,36.734419613519414,42.27601851509062,65.055,17.500151764894685,17.594286584926895,6.227097035811728,31.17,7.843575078856213,7.844068163032566,0.875241718837171,13.93
2026-10-18 14:46:44,36.81896987705511,36.74748335103051,42.28998614714041,65.075,17.515573772802657,17.61059965408711,6.2316720389703155,31.19,7.843575078856213,7.844068163032566,0.875241718837171,13.93
2026-10-18 15:01:44,36.82060131253734,36.74961455857122,42.29304894180586,65.08,17.51860952563814,17.61223308984736,6.232691562067006,31.195,7.843575078856213,7.844068163032566,0.875241718837171,13.93
2026-10-18 15:16:44,36.82266693273513,36.75416490611108,42.297896575253716,65.09,17.51860952563814,17.61223308984736,6.232691562067006,31.195,7.843575078856213,7.844068163032566,0.875241718837171,13.93
2026-10-18 15:31:44,36.8257080583852,36.75545940306893,42.300451069308316,65.095,17.51860952563814,17.61223308984736,6.232691562067006,31.195,7.843575078856213,7.844068163032566,0.875241718837171,13.93
2026-10-18 15:46:44,36.834911326333966,36.766700590657884,42.310710549644156,65.11,17.52351393883156,17.615370468119377,6.236595042457827,31.21,7.843575078856213,7.844068163032566,0.875241718837171,13.93
2026-10-18 16:01:44,36.83655298852967,36.76912680074994,42.31221471063742,65.115,17.52523433919393,17.61684252871736,6.2377079018119375,31.215,7.843575078856213,7.844068163032566,0.875241718837171,13.93
2026-10-18 16:16:44,36.837489896002126,36.77316021330305,42.315448852072905,65.12,17.52705596112308,17.620010077452875,6.238243409329699,31.22,7.843575078856213,7.844068163032566,0.875241718837171,13.93
2026-10-18 16:31:44,36.85449087278654,36.78524026356467,42.33751887316008,65.145,17.534975848046283,17.625670251720493,6.241009826093949,31.23,7.847768682454555,7.8465867516817145,0.8756913402885504,13.935
2026-10-18 16:46:44,36.86244345928224,36.787316461041776,42.344420827071175,65.155,17.53882204270698,17.630038399153072,6.242395209879915,31.235,7.8552927509594985,7.851984279134432,0.8763340935692288,13.945
2026-10-18 17:01:44,36.86244345928224,36.787316461041776,42.344420827071175,65.155,17.53882204270698,17.630038399153072,6.242395209879915,31.235,7.858355620040147,7.856822627713657,0.8767663727452737,13.95
2026-10-18 17:16:44,36.874334544211614,36.80710133438923,42.37140807215676,65.195,17.53882204270698,17.630038399153072,6.242395209879915,31.235,7.858355620040147,7.856822627713657,0.8767663727452737,13.95
2026-10-18 17:31:44,36.88152493380745,36.81592836288013,42.38026687442186,65.21,17.545142479262708,17.635752788592516,6.243840154452792,31.245,7.858355620040147,7.856822627713657,0.8767663727452737,13.95
2026-10-18 17:46:44,36.895429886813425,36.83151645639018,42.40071545752957,65.24,17.549734211508177,17.638632630080963,6.2448662639459895,31.25,7.859764547731395,7.85871172461516,0.8770550776531539,13.955
2026-10-18 18:01:44,36.89783952707752,36.83217235095055,42.403683387944206,65.245,17.549734211508177,17.638632630080963,6.2448662639459895,31.25,7.859764547731395,7.85871172461516,0.8770550776531539,13.955
2026-10-18 18:16:44,36.913095523359615,36.84626274353927,42.42067548614058,65.27,17.554143305283297,17.639345950562284,6.2457031094208535,31.255,7.859764547731395,7.85871172461516,0.8770550776531539,13.955
2026-10-18 18:31:44,36.97153784662001,36.91088597765239,42.48833395841176,65.39,17.594354177268762,17.679243804253602,6.258737001044841,31.325,7.862217769525614,7.860959083857113,0.8777880304315338,13.965
2026-10-18 18:46:44,36.99331029494273,36.93497921848016,42.52193492379043,65.435,17.600784857765216,17.68926525837366,6.263393580335234,31.345,7.865608188775861,7.864241600658247,0.8780574723737322,13.97
2026-10-18 19:01:44,37.04353695043178,36.98938510283832,42.58098850780567,65.53,17.621034679731725,17.706312994765458,6.271037022697647,31.39,7.884488832827582,7.883716212928613,0.8800046683544916,14.005
2026-10-18 19:16:44,37.06038973594034,37.00122089279106,42.59773386636093,65.555,17.627734253865444,17.70860644416381,6.2725955209456234,31.4,7.884488832827582,7.883716212928613,0.8800046683544916,14.005
2026-10-18 19:31:44,37.07824688723489,37.02491924176116,42.61798094621052,65.585,17.627734253865444,17.70860644416381,6.2725955209456234,31.4,7.88833404760159,7.884503798301135,0.8804133355282966,14.01
2026-10-18 19:46:44,37.09589262462325,37.04939838281667,42.65734057149241,65.635,17.64499791750085,17.722578899194154,6.278663438187019,31.435,7.902361920506017,7.893951759882974,0.8811841618044803,14.025
2026-10-18 20:01:44,37.203039005431016,37.15862165516692,42.76799908980633,65.815,17.68612903890778,17.764459658160852,6.291795258163646,31.5,7.911566666968624,7.9022949401692415,0.8822106093838433,14.045
2026-10-18 20:16:44,37.30423286418766,37.27090687260966,42.87504129274715,66.0,17.715698050540247,17.793497163955763,6.302461219898085,31.555,7.950249879136083,7.933045175752438,0.8856236985269921,14.105
2026-10-18 20:31:44,37.369612855400135,37.328495497443825,42.95478125453127,66.115,17.746189756320767,17.8174466742352,6.314802864796173,31.61,7.9567625503150285,7.94468811023477,0.8862405082853384,14.12
2026-10-18 20:46:44,37.43259496734279,37.40102800138647,43.032344000780384,66.235,17.791415797333578,17.848951455012767,6.331297495289271,31.68,7.971932806562842,7.968781251114747,0.8882976072928117,14.15
2026-10-18 21:01:44,37.454336809897974,37.42347843585339,43.061477810843655,66.275,17.791415797333578,17.848951455012767,6.331297495289271,31.68,7.9815400143135795,7.977605379336256,0.8896245817343449,14.165
2026-10-18 21:16:44,37.46862864246171,37.43423520724319,43.07724699537515,66.3,17.793559265961974,17.852255653648484,6.332998850330432,31.69,7.9815400143135795,7.977605379336256,0.8896245817343449,14.165
2026-10-18 21:31:44,37.54117996830755,37.498498484166326,43.15581705140737,66.42,17.814149828910825,17.87703645427293,6.340346698609295,31.73,8.00454639993991,7.9992837825768355,0.8920748193727678,14.205
2026-10-18 21:46:44,37.564373036197864,37.52963509051606,43.19152261063809,66.465,17.83614448439573,17.905956858397833,6.3505798584940125,31.78,8.007103923552155,8.004939101464029,0.8927838839371408,14.215
2026-10-18 22:01:44,37.61227631424228,37.57794152452624,43.24159280813582,66.55,17.863709431702937,17.935092637646616,6.358588192259055,31.825,8.020922808118605,8.016840372934956,0.8943586037412347,14.24
2026-10-18 22:16:44,37.663118308927466,37.62760793316373,43.28463816424492,66.625,17.887430857063304,17.952652089590504,6.3659429203711655,31.865,8.030507713476522,8.024116586085231,0.895500846379874,14.255
2026-10-18 22:31:44,37.72059750391782,37.67428716056076,43.344369728789125,66.715,17.9176897467191,17.979599664899265,6.376626042192202,31.915,8.033727599210822,8.031155762750661,0.8961362753007743,14.265
2026-10-18 22:46:44,37.73472615718003,37.692785654919,43.36247399726225,66.745,17.92457196044733,17.990747590023044,6.38100529404161,31.935,8.033727599210822,8.031155762750661,0.8961362753007743,14.265
2026-10-18 23:01:44,37.78808995552015,37.75251297333332,43.43652957186795,66.855,17.96688344232302,18.03348605439773,6.395192650378512,32.01,8.059226482398683,8.05446361175761,0.8994029624240966,14.315
2026-10-18 23:16:44,37.86919401860704,37.83472363897209,43.52935191074299,66.995,18.006832415007114,18.0733579224541,6.40939433611046,32.08,8.080797988739768,8.086191829744994,0.9024226076515562,14.355
2026-10-18 23:31:44,37.929238118060724,37.898377291223404,43.61061537253408,67.115,18.032576657005954,18.10779226204437,6.420357009954137,32.13,8.099840675522746,8.098572532197915,0.9048444369647666,14.395
2026-10-18 23:46:44,38.08266144730656,38.0498890814244,43.805169268348244,67.4,18.095613627953185,18.17659458062993,6.444793294892519,32.25,8.126995837014043,8.128087242924028,0.9066408160697335,14.435
2026-10-19 00:01:44,38.18648497656355,38.174833250843605,43.92960455113384,67.6,18.160519679674472,18.236687930435895,6.4664771525970925,32.35,8.166535206906401,8.16798609945381,0.9107368334842763,14.505
2026-10-19 00:16:44,38.26375447434385,38.2472844302109,44.01796947737395,67.735,18.20087091902151,18.282831513536568,6.482548726613858,32.425,8.197520998646935,8.201097344189746,0.9146743601427619,14.565
2026-10-19 00:31:44,38.42209264946744,38.415681860058925,44.19546513540452,68.0,18.244621469768088,18.32665159372378,6.496781525396734,32.51,8.234411315757058,8.235591380003582,0.9188869710657795,14.635
2026-10-19 00:46:44,38.54782037695563,38.55284940630214,44.341767840130835,68.235,18.319830752082463,18.395865882890877,6.520903670164422,32.635,8.243961735026975,8.243145071133519,0.9199846256703365,14.65
2026-10-19 01:01:44,38.656190266456356,38.66166274797638,44.467677793892264,68.44,18.37720571681624,18.44476975348181,6.54049486730941,32.735,8.274770667152966,8.277927006619858,0.924274022182404,14.71
2026-10-19 01:16:44,38.732623404740565,38.74128671172999,44.54787047868539,68.58,18.4054747541723,18.475489025575346,6.550916238880128,32.785,8.297403999276248,8.300357808747874,0.9268528426783706,14.75
2026-10-19 01:31:44,38.782780228206114,38.80900995833683,44.61580357680248,68.685,18.442734026988347,18.514369448634024,6.56478404546923,32.85,8.3014749673124,8.307384447929168,0.9281694645109836,14.765
2026-10-19 01:46:44,38.80029143397877,38.82934737550614,44.631487515457565,68.71,18.459365743148705,18.536352807544688,6.571510902911466,32.885,8.312682013462272,8.322368118596005,0.929608681831411,14.785
2026-10-19 02:01:44,38.88975502593916,38.92458005455347,44.725079895948134,68.86,18.500685421266482,18.590598171461203,6.588455495153529,32.97,8.33638866997377,8.335849332188369,0.9321804272490156,14.82
2026-10-19 02:16:44,39.01663538243681,39.034456649361154,44.85800718547041,69.07,18.552277413462104,18.635260631272665,6.6057285021953795,33.06,8.364328365237542,8.361214331926224,0.935245714818989,14.87
2026-10-19 02:31:44,39.11227982140544,39.128371470814365,44.97101316942787,69.24,18.620597223590046,18.69804574218872,6.629028112101522,33.17,8.40300168117729,8.399880900067412,0.9401231228902234,14.94
2026-10-19 02:46:44,39.18271962004609,39.196703447745215,45.0515158968084,69.365,18.6465997336605,18.718249795391177,6.6357398258062155,33.21,8.412085212425847,8.408285443554005,0.9410807048196754,14.955
2026-10-19 03:01:44,39.22984481644151,39.24102682667748,45.100314128160484,69.44,18.668426701859214,18.740371431541544,6.643027485437669,33.245,8.418714478012562,8.413296411014905,0.9418062405416342,14.965
2026-10-19 03:16:44,39.25527903221608,39.268125586404985,45.127418291564624,69.48,18.67987375031892,18.754655479449738,6.64808818387624,33.27,8.423059227980819,8.423575574705822,0.9428681142984121,14.98
2026-10-19 03:31:44,39.279173745885664,39.28927879220124,45.15235763377248,69.515,18.692191399046475,18.76502659954996,6.650792312713655,33.29,8.431082978919266,8.4279369178605,0.9437867950509665,14.99
2026-10-19 03:46:44,39.29787254026427,39.314703411402725,45.181981772503825,69.56,18.707295607584616,18.77420763283876,6.6553365810032945,33.315,8.431082978919266,8.4279369178605,0.9437867950509665,14.99
2026-10-19 04:01:44,39.353340743488125,39.369086428197,45.24511865846751,69.66,18.73921361969796,18.811551312226317,6.667526253292097,33.375,8.452446177772133,8.447377791448055,0.9466442211809124,15.03
2026-10-19 04:16:44,39.396993107920245,39.4070074289683,45.28189260443115,69.725,18.76020605753887,18.8291933127535,6.673235560220152,33.405,8.458593917140767,8.457536979067317,0.9479309869737681,15.045
2026-10-19 04:31:44,39.41357693448014,39.42599962915752,45.29807680343145,69.75,18.761021838570933,18.830588843673173,6.674056459806071,33.41,8.458593917140767,8.457536979067317,0.9479309869737681,15.045
2026-10-19 04:46:44,39.439599331362075,39.44443757016035,45.32146889749723,69.785,18.774707108545734,18.839936008687978,6.678350844807841,33.43,8.460805254704189,8.462120510395566,0.9480840422588289,15.05
2026-10-19 05:01:44,39.4635058831236,39.47377641797915,45.35009393666551,69.835,18.79704843163681,18.861720142457926,6.684524762298049,33.465,8.464012126251117,8.46806248139738,0.9486422060775177,15.06
2026-10-19 05:16:44,39.4870046513521,39.49925931327644,45.376671554973726,69.875,18.804444835148153,18.86813928745385,6.686789960892764,33.475,8.464012126251117,8.46806248139738,0.9486422060775177,15.06
2026-10-19 05:31:44,39.52259282689553,39.52571286140079,45.410222296747534,69.93,18.826614604586787,18.89331042024763,6.694582870234652,33.515,8.46841444685092,8.476190288496287,0.9492245196753,15.07
2026-10-19 05:46:44,39.57553004527134,39.57150851767125,45.459316435035966,70.01,18.83380605536341,18.899761151179217,6.69761442931304,33.53,8.475402543354681,8.486377447893624,0.9502171329625333,15.085
2026-10-19 06:01:44,39.59253704638477,39.58761879480752,45.48714145325301,70.045,18.84301268838522,18.907702340857693,6.700465185140678,33.545,8.476452316055841,8.489513207427509,0.9504679015914792,15.09
2026-10-19 06:16:44,39.612803370075426,39.6055323569752,45.511264842656736,70.08,18.843793680998946,18.90961230318778,6.7010846707912,33.55,8.47982225639521,8.495463186047433,0.9510301249025539,15.1
2026-10-19 06:31:44,39.62650589850264,39.626498209901264,45.53414652706548,70.11,18.85443259591811,18.92035345325313,6.70471712771428,33.57,8.486260557639735,8.500636943789479,0.9514516625887343,15.11
2026-10-19 06:46:44,39.65464599244156,39.65546340429096,45.569120810498106,70.16,18.87726187251111,18.944421025022574,6.712941857316223,33.605,8.497167314873552,8.508825808244715,0.9531331906055746,15.13
2026-10-19 07:01:44,39.70865026354707,39.70419192130425,45.63549632859365,70.255,18.892507015422026,18.96381262848312,6.7175755861435125,33.635,8.502135778286862,8.512854238746952,0.9537622991788771,15.14
2026-10-19 07:16:44,39.74777827098749,39.74001132608365,45.67548598519335,70.32,18.907241729699354,18.98097611557433,6.721700333963632,33.66,8.511531611689003,8.521918242251752,0.9551282267306797,15.16
2026-10-19 07:31:44,39.75921983358683,39.74870580331635,45.692975256989854,70.345,18.920296678262936,18.985483574613056,6.726597544963639,33.68,8.516444797886267,8.525368921125134,0.9554702586083629,15.17
2026-10-19 07:46:44,39.77345748367713,39.7617450124754,45.70615908068092,70.37,18.93998984170495,19.000079276348824,6.731546724452761,33.71,8.532463892831645,8.541737438935739,0.9570933517225856,15.195
2026-10-19 08:01:44,39.80012557497075,39.7909782391203,45.742771925127286,70.42,18.953024052981416,19.016471896085843,6.735051267682476,33.735,8.543834234797558,8.555523605100205,0.9587253334223304,15.215
2026-10-19 08:16:44,39.83844561092656,39.81777321270538,45.780049077339214,70.475,18.965315235949653,19.030457725591848,6.739323784824495,33.76,8.560683633158519,8.581582244711656,0.9605627846846794,15.245
2026-10-19 08:31:44,39.849645747224315,39.831414820403815,45.799999867025306,70.5,18.965315235949653,19.030457725591848,6.739323784824495,33.76,8.569779851131091,8.589928887259296,0.9619316982272202,15.265
2026-10-19 08:46:44,39.88037549881478,39.869350294690236,45.83846292905475,70.56,18.994096847865343,19.061930922035504,6.749453604857002,33.81,8.578344281150653,8.597193732602122,0.9631090426400446,15.28
2026-10-19 09:01:44,39.9101861341424,39.9089755408493,45.87647456534197,70.615,19.018713023201105,19.08327032889482,6.7561634126480055,33.845,8.58474449356057,8.60567081747228,0.9635318886971851,15.29
2026-10-19 09:16:44,39.94241048821739,39.94639462821081,45.91004132582381,70.675,19.020786986828053,19.087137155725017,6.757078558106816,33.85,8.585506352924057,8.606595016567177,0.963987521391459,15.295
2026-10-19 09:31:44,39.96352409480314,39.96508264067938,45.93253786741992,70.715,19.041841421309577,19.10934053230093,6.7638564371924685,33.885,8.603726972129213,8.621017594262266,0.9655232546557165,15.325
2026-10-19 09:46:44,39.98514491440492,39.993537307079286,45.9626057694002,70.765,19.050279658550576,19.12236765742158,6.767988723924789,33.905,8.603726972129213,8.621017594262266,0.9655232546557165,15.325
2026-10-19 10:01:44,40.01524137609421,40.02791187760081,46.00631022812873,70.83,19.06199802291069,19.14724664251257,6.775817175393179,33.94,8.6100147229827,8.625774699761765,0.9663565832579221,15.335
2026-10-19 10:16:44,40.095348972181434,40.1099457284492,46.09842586097227,70.975,19.09799317309139,19.18070986906509,6.785900459208448,34.0,8.631113589633134,8.641703824023365,0.9687251594295383,15.37
2026-10-19 10:31:44,40.108791824657175,40.12096742368584,46.10907324629359,70.99,19.11108599708103,19.186622136411803,6.789552865871255,34.02,8.631113589633134,8.641703824023365,0.9687251594295383,15.37
2026-10-19 10:46:44,40.125310598805726,40.14157452004386,46.130331022203,71.03,19.118324780802713,19.195966057293493,6.791850121242037,34.035,8.63410726874492,8.644398074883926,0.9691494710443607,15.375
2026-10-19 11:01:44,40.16496031271639,40.18431942000008,46.18358720740767,71.11,19.119092990984917,19.19776188777123,6.793195251867832,34.04,8.63410726874492,8.644398074883926,0.9691494710443607,15.375
2026-10-19 11:16:44,40.1922537791407,40.20994662854594,46.213739864529366,71.15,19.121432603882987,19.20273228076733,6.793869060337514,34.045,8.639088271960205,8.649107183089244,0.9694915312986887,15.385
2026-10-19 11:31:44,40.23882117263813,40.252787389500185,46.26827795731337,71.225,19.131962324735213,19.217344652343208,6.7973227057560575,34.065,8.643166991140717,8.653588885422899,0.9701590608241532,15.395
2026-10-19 11:46:44,40.24848997279099,40.26473166282229,46.27962842391807,71.245,19.13640876688293,19.224993183261347,6.798741747049092,34.075,8.643166991140717,8.653588885422899,0.9701590608241532,15.395
2026-10-19 12:01:44,40.30080795118304,40.31302621327797,46.343214246582804,71.335,19.158337461097535,19.25050832612961,6.807334083243782,34.115,8.653979819267603,8.663971643263018,0.9711198839109599,15.41
2026-10-19 12:16:44,40.33977007897136,40.34660079649126,46.37875782890394,71.395,19.16739046130119,19.267192198795104,6.811210681541976,34.14,8.662908589331238,8.672338650232847,0.9717219015906975,15.425
2026-10-19 12:31:44,40.354294920481216,40.36441492711789,46.400005323766955,71.425,19.16739046130119,19.267192198795104,6.811210681541976,34.14,8.662908589331238,8.672338650232847,0.9717219015906975,15.425
2026-10-19 12:46:44,40.3674188854342,40.3869574476204,46.41827678900205,71.455,19.169426217040847,19.27038030350041,6.811810661420161,34.145,8.666163843259515,8.67529523004794,0.9721678953969763,15.43
2026-10-19 13:01:44,40.37615982909338,40.393381742081175,46.42841442265738,71.47,19.180647846043012,19.27921915126307,6.815134182680483,34.165,8.666163843259515,8.67529523004794,0.9721678953969763,15.43
2026-10-19 13:16:44,40.391575012390405,40.41984421515309,46.4547768676802,71.51,19.18573293630669,19.287219143770052,6.81675360568908,34.175,8.666163843259515,8.67529523004794,0.9721678953969763,15.43
2026-10-19 13:31:44,40.42046540130631,40.438447470006395,46.475058141104995,71.545,19.1960369737182,19.29669197856617,6.819660495550849,34.19,8.666163843259515,8.67529523004794,0.9721678953969763,15.43
2026-10-19 13:46:44,40.44004077673689,40.455012597761396,46.49868947459064,71.58,19.196777828327917,19.300553047453043,6.820696802681406,34.195,8.668510303196518,8.683339043883006,0.9727584606355552,15.44
2026-10-19 14:01:44,40.45170948627155,40.46830488038945,46.51298004457935,71.6,19.20067545208487,19.30260524712739,6.821340314912368,34.2,8.668510303196518,8.683339043883006,0.9727584606355552,15.44
2026-10-19 14:16:44,40.46855127464208,40.48726770158173,46.53638331816027,71.63,19.205805822464683,19.30742306057926,6.823341831225943,34.21,8.668510303196518,8.683339043883006,0.9727584606355552,15.44
2026-10-19 14:31:44,40.47523720273342,40.4973033704835,46.547769388009264,71.65,19.21263450394325,19.31205873684404,6.825864612413967,34.22,8.668510303196518,8.683339043883006,0.9727584606355552,15.44
2026-10-19 14:46:44,40.48251848993161,40.50109630576075,46.554043499662434,71.66,19.21751721615131,19.316683090187894,6.827166959110783,34.225,8.669319276734978,8.68626248307224,0.9731078002529492,15.445
2026-10-19 15:01:44,40.51488083467805,40.5243272358676,46.58229657809265,71.71,19.2203278885776,19.321627645446398,6.829477230058585,34.235,8.669319276734978,8.68626248307224,0.9731078002529492,15.445
2026-10-19 15:16:44,40.53594663275362,40.543576282542396,46.61038711174875,71.75,19.224191054618373,19.326932078739823,6.83108899135087,34.245,8.669319276734978,8.68626248307224,0.9731078002529492,15.445
2026-10-19 15:31:44,40.53917847408439,40.54699226967697,46.61499605264212,71.755,19.224191054618373,19.326932078739823,6.83108899135087,34.245,8.669319276734978,8.68626248307224,0.9731078002529492,15.445
2026-10-19 15:46:44,40.55281676552728,40.56118407742796,46.63960345366919,71.79,19.224191054618373,19.326932078739823,6.83108899135087,34.245,8.672809370320097,8.691046144830256,0.9734761106747736,15.45
2026-10-19 16:01:44,40.56376547832022,40.571997034376274,46.6496406321869,71.805,19.227895788937424,19.327862297384264,6.831855424589152,34.25,8.672809370320097,8.691046144830256,0.9734761106747736,15.45
2026-10-19 16:16:44,40.57099946861833,40.577723359992945,46.65698904787567,71.815,19.227895788937424,19.327862297384264,6.831855424589152,34.25,8.67756383871786,8.694567162404999,0.9739002062102288,15.455
2026-10-19 16:31:44,40.57202056263161,40.58224571523581,46.66051549267743,71.82,19.227895788937424,19.327862297384264,6.831855424589152,34.25,8.67756383871786,8.694567162404999,0.9739002062102288,15.455
2026-10-19 16:46:44,40.57804066387588,40.59001140551563,46.67080853476835,71.835,19.227895788937424,19.327862297384264,6.831855424589152,34.25,8.67756383871786,8.694567162404999,0.9739002062102288,15.455
2026-10-19 17:01:44,40.59363562862456,40.608305879707814,46.68820239771909,71.86,19.227895788937424,19.327862297384264,6.831855424589152,34.25,8.67756383871786,8.694567162404999,0.9739002062102288,15.455
2026-10-19 17:16:44,40.59363562862456,40.608305879707814,46.68820239771909,71.86,19.23263167631341,19.334234025585964,6.83398973577059,34.26,8.67756383871786,8.694567162404999,0.9739002062102288,15.455
2026-10-19 17:31:44,40.5969906834699,40.60894417699842,46.69039425051788,71.865,19.237433703406072,19.33786697585726,6.834848545813038,34.265,8.67756383871786,8.694567162404999,0.9739002062102288,15.455
2026-10-19 17:46:44,40.61668224769126,40.62259961841413,46.708685426935176,71.895,19.237433703406072,19.33786697585726,6.834848545813038,34.265,8.678904941034823,8.697647478922091,0.9743863746835563,15.46
2026-10-19 18:01:44,40.62990482813407,40.63918956648696,46.727112023925265,71.925,19.23914124266004,19.34265003238977,6.836225804740632,34.27,8.678904941034823,8.697647478922091,0.9743863746835563,15.46
2026-10-19 18:16:44,40.631175582428355,40.641816728254284,46.7318287779475,71.93,19.242678947796136,19.345482473134357,6.837444990830626,34.275,8.678904941034823,8.697647478922091,0.9743863746835563,15.46
2026-10-19 18:31:44,40.657674409714566,40.666728106840736,46.75032746675875,71.965,19.252204924438065,19.35521535741422,6.841826339155279,34.295,8.681864567106178,8.700417022573092,0.9747844442613824,15.465
2026-10-19 18:46:44,40.668022632632734,40.678989786219255,46.76107526693225,71.985,19.255350482887646,19.3588439323432,6.843005109382889,34.3,8.685108535332285,8.705241676732212,0.9751858460482695,15.47
2026-10-19 19:01:44,40.69793981871275,40.712387659230764,46.79772490593973,72.04,19.261093698683446,19.366852138987035,6.845694729086772,34.315,8.687192325356033,8.70761896887512,0.9753423628374963,15.475
2026-10-19 19:16:44,40.72219312040373,40.735634196697646,46.83373148228216,72.085,19.291665121652894,19.398520414797556,6.855935880196937,34.37,8.69750171359522,8.716142154108438,0.9763883761906624,15.49
2026-10-19 19:31:44,40.77569165555297,40.794625936405296,46.90160456004266,72.19,19.31909535676454,19.424825082876975,6.867994418464295,34.42,8.714437133517324,8.727605926355862,0.9783000867548298,15.515
2026-10-19 19:46:44,40.858820615971574,40.86636950911727,46.987111525813326,72.325,19.37042138341928,19.46785706366076,6.881135472418178,34.5,8.737496782327993,8.749550786792756,0.9804119300251549,15.555
2026-10-19 20:01:44,40.94789971966932,40.959629200058686,47.09025880062951,72.5,19.404523839931787,19.502922540470713,6.893149318668962,34.56,8.755858780373202,8.7648058166888,0.982856942577961,15.59
2026-10-19 20:16:44,40.97635672882183,40.99132391708412,47.12754682328763,72.555,19.415690265563327,19.509552744111303,6.896116849885565,34.575,8.765715997219829,8.77208856647272,0.983673454851207,15.605
2026-10-19 20:31:44,41.04710517363329,41.06449878118844,47.20894621297109,72.685,19.448632848223173,19.53231905468161,6.904020143766911,34.62,8.78241844640795,8.792491183033075,0.9864191133356115,15.65
2026-10-19 20:46:44,41.11372437780499,41.12516423232135,47.30557178159557,72.815,19.483137540058884,19.569889222467257,6.915630170951481,34.685,8.795620545634565,8.800903745505973,0.9880822261389044,15.67
2026-10-19 21:01:44,41.120436961260694,41.13594957929749,47.312466244450704,72.83,19.491144575814232,19.575146037858616,6.9188292665165285,34.7,8.79796096641335,8.803307367704138,0.988436066566665,15.675
2026-10-19 21:16:44,41.167522362492285,41.1781340410532,47.356759967634666,72.905,19.495870921557177,19.582313039472464,6.921552878604282,34.71,8.79796096641335,8.803307367704138,0.988436066566665,15.675
2026-10-19 21:31:44,41.236306531975984,41.246137609470026,47.43484015582188,73.025,19.522790315047487,19.608556693782106,6.931087267104107,34.76,8.804163853936645,8.810244634504336,0.9889930358549874,15.685
2026-10-19 21:46:44,41.291129632310636,41.30500616622887,47.498777161364764,73.13,19.544809302456414,19.63716602529834,6.941698842734922,34.815,8.810093907646241,8.815420648852527,0.9897311485571808,15.7
2026-10-19 22:01:44,41.32629633401721,41.33481911538958,47.540371068777084,73.19,19.565314891265857,19.657114131907083,6.948311003573529,34.855,8.826966790896662,8.828527146653558,0.9913743790511197,15.725
2026-10-19 22:16:44,41.40725466374261,41.4272144156961,47.638407055110925,73.34,19.6103421978594,19.68805031175343,6.962411406323809,34.925,8.84938174543275,8.856863123507171,0.9940256786480709,15.76
2026-10-19 22:31:44,41.511490329137075,41.52423176139994,47.76231490830483,73.53,19.678431589186502,19.748941083591806,6.984460983603427,35.035,8.863773870365643,8.875126414834295,0.9961756123029647,15.79
2026-10-19 22:46:44,41.618159619131305,41.62509064069843,47.87720574514624,73.71,19.713827490466304,19.78784400043567,6.995519380249685,35.1,8.891709610772567,8.902445302378535,0.9995321549937701,15.84
2026-10-19 23:01:44,41.685393804473364,41.68391704865716,47.94584611618888,73.82,19.742765161537296,19.8113035843421,7.006562539191154,35.155,8.902681458829207,8.9203140190613,1.0009652582512583,15.865
2026-10-19 23:16:44,41.71777442435187,41.71761652514886,47.984465762349274,73.88,19.75638905183584,19.827913154263868,7.011503590468458,35.18,8.918920838487395,8.938832393765738,1.0033721241070739,15.895
2026-10-19 23:31:44,41.8426534909818,41.84602884187388,48.110728805643596,74.1,19.838119261844295,19.90458128324012,7.03915723197842,35.33,8.947879239975515,8.963146931031797,1.006475709316862,15.95
2026-10-19 23:46:44,41.94004615475258,41.92595031443322,48.20003201730322,74.245,19.877507096875295,19.94592818636544,7.054211176691932,35.4,8.9562603053503,8.976322045718641,1.0076035020227196,15.97
2026-10-20 00:01:44,41.98810360868084,41.976403296430554,48.26228431942766,74.335,19.91751320161865,19.982482714791786,7.066954397190179,35.465,8.967746163451654,8.992231031851004,1.008678507546228,15.99
2026-10-20 00:16:44,42.095578509047826,42.07171242045125,48.37062262633261,74.5,19.97396973068245,20.03388050631877,7.087239317582826,35.565,8.994726074672219,9.01487004293247,1.0107036132759026,16.03
2026-10-20 00:31:44,42.16135072573274,42.11949761121003,48.441127089985216,74.605,20.021343279361126,20.081303541788728,7.102949062006419,35.645,9.009974590402877,9.026934377154687,1.0117555947983954,16.055
2026-10-20 00:46:44,42.273595432780525,42.23388854499643,48.55214930955094,74.795,20.06789437362127,20.129492406031186,7.1227643719053795,35.74,9.029241430290494,9.043255514083672,1.0140899056541066,16.095
2026-10-20 01:01:44,42.34146535617553,42.29858700218891,48.625536269024394,74.91,20.10085470063026,20.157845389011584,7.133769515452297,35.795,9.041175989781573,9.051745529751592,1.015234278349893,16.115
2026-10-20 01:16:44,42.379443747347544,42.332345322160926,48.67233306355888,74.98,20.129623036238,20.188159204356637,7.14389973633047,35.845,9.05599963884644,9.06643751638984,1.0167616045233312,16.14
2026-10-20 01:31:44,42.47925194737306,42.425104768134524,48.78878351091096,75.145,20.179927892798613,20.232832595308953,7.160335039313065,35.93,9.090358112014933,9.107711856284658,1.0208298602334294,16.205
2026-10-20 01:46:44,42.53888424939004,42.47964221522404,48.861174384062096,75.25,20.217921572044183,20.254100478559245,7.175230877197692,35.99,9.097373496274615,9.120419939546414,1.0222730976812826,16.225
2026-10-20 02:01:44,42.61378873313061,42.556744971295245,48.94505627140721,75.38,20.261357506072688,20.29557005580439,7.188969243216104,36.06,9.120549310814607,9.157392583027738,1.025447016376364,16.27
2026-10-20 02:16:44,42.655999322187014,42.59462716807725,48.9932280383596,75.445,20.31146020155196,20.348966046268718,7.206494907339671,36.155,9.132984544210828,9.173307946778845,1.0273240895271032,16.295
2026-10-20 02:31:44,42.78789738511184,42.73429192616528,49.15781096785051,75.68,20.34661502637203,20.38431329529314,7.224138922917964,36.24,9.15635848026744,9.204401854015838,1.0300293819897888,16.335
2026-10-20 02:46:44,42.86958810208661,42.79874550767804,49.24145730933385,75.81,20.399283243626837,20.42682038746521,7.24334509259653,36.335,9.172476880399296,9.225703859414569,1.0324875666006161,16.37
2026-10-20 03:01:44,42.95187280152109,42.886848780954,49.34806471543848,75.96,20.457883016858055,20.47402451714706,7.2597997095782105,36.43,9.190473384951344,9.239168622054084,1.0340198288646811,16.395
2026-10-20 03:16:44,43.01419290800785,42.941877843053426,49.42046867536453,76.075,20.48414765648986,20.505935248481975,7.2710192480043245,36.48,9.213727666282198,9.268403868913182,1.037591690644772,16.45
2026-10-20 03:31:44,43.08301884047011,43.020689207085425,49.50253368494977,76.195,20.512009594202944,20.530230743592913,7.280270782699254,36.525,9.226689965109685,9.278017073250814,1.0389736143787556,16.475
2026-10-20 03:46:44,43.196586195030065,43.136705700357034,49.63127627541655,76.385,20.57264456504604,20.59109770010696,7.3000815316072885,36.625,9.26273494558728,9.316171750341658,1.043720721146563,16.545
2026-10-20 04:01:44,43.220737204032794,43.16376626734796,49.667134610511255,76.44,20.59736964442773,20.61840356487218,7.311127969039767,36.675,9.274087044401751,9.324562393879125,1.0453287359592833,16.565
2026-10-20 04:16:44,43.24810651881799,43.18508879178667,49.69386596993689,76.485,20.601838336307033,20.62472351572572,7.313823048248056,36.685,9.274087044401751,9.324562393879125,1.0453287359592833,16.565
2026-10-20 04:31:44,43.28851348148247,43.23045427054813,49.74040030059851,76.56,20.645885789060316,20.671036506090484,7.3291617271936715,36.76,9.284719436704368,9.331858399857458,1.046240450261529,16.58
2026-10-20 04:46:44,43.299106551954466,43.24796947466192,49.75869839179122,76.585,20.665770248423286,20.69019973528466,7.336257339598299,36.795,9.284719436704368,9.331858399857458,1.046240450261529,16.58
2026-10-20 05:01:44,43.30200274360894,43.25184117983046,49.76316429918687,76.59,20.67036700345937,20.69368296403664,7.336965050986096,36.8,9.28767071130927,9.338518410382557,1.0471846957773594,16.59
2026-10-20 05:16:44,43.31062405478124,43.2588674951342,49.7722897591459,76.605,20.688398423061198,20.715882113733688,7.345060549330201,36.84,9.30610792588962,9.35147789021774,1.048977398352623,16.62
2026-10-20 05:31:44,43.38623187809957,43.31691167346818,49.850388972657825,76.72,20.738405229822153,20.76664305758962,7.362638389935689,36.925,9.322164892641633,9.364814089829736,1.05077666888149,16.65
2026-10-20 05:46:44,43.42571343504451,43.361387502433864,49.90439708484766,76.805,20.763661715926442,20.78456159024794,7.369445809747561,36.96,9.326184052765276,9.36575242158113,1.0509477856965213,16.655
2026-10-20 06:01:44,43.4722022126362,43.40115351767848,49.95626925071163,76.885,20.777524830481013,20.802391376212704,7.375117227234438,36.99,9.333603527373958,9.373691277422777,1.052263493037363,16.67
2026-10-20 06:16:44,43.517704061126025,43.45343055294944,50.01395743426621,76.975,20.786038064526288,20.811671763452505,7.378062770469567,37.005,9.339776964487154,9.38078706782709,1.0533499650323797,16.685
2026-10-20 06:31:44,43.517704061126025,43.45343055294944,50.01395743426621,76.975,20.786038064526288,20.811671763452505,7.378062770469567,37.005,9.339776964487154,9.38078706782709,1.0533499650323797,16.685
2026-10-20 06:46:44,43.52602896195098,43.4628286754465,50.01943242513011,76.99,20.786722337572275,20.81642033189353,7.378721103634737,37.01,9.339776964487154,9.38078706782709,1.0533499650323797,16.685
2026-10-20 07:01:44,43.53421627103602,43.47264458666304,50.02910256600141,77.005,20.793192573550147,20.8211182512366,7.380155229101015,37.02,9.343555131579699,9.3853364757458,1.0536530342102084,16.69
2026-10-20 07:16:44,43.60262579899431,43.5469465984772,50.117897626959284,77.14,20.81380857305786,20.845018243112342,7.388478007869478,37.065,9.356455251540732,9.401561739454019,1.0553859668632004,16.715
2026-10-20 07:31:44,43.663960814965215,43.61800169550379,50.19985902575768,77.265,20.85347614765097,20.88922539540268,7.405092952211903,37.14,9.378849722441178,9.423720725736732,1.057851434730949,16.755
2026-10-20 07:46:44,43.68798341282376,43.64470713325621,50.2330186305984,77.31,20.859498883547484,20.894622333988753,7.407482298141077,37.15,9.381917736654488,9.42642487084068,1.058067142975499,16.76
2026-10-20 08:01:44,43.699605670460286,43.652031753696455,50.241583484585384,77.325,20.86827305571647,20.904911988430296,7.410518797098969,37.165,9.385483676259085,9.43033481918438,1.0583374447169125,16.765
2026-10-20 08:16:44,43.73592993827069,43.678060343854916,50.280014774926215,77.38,20.878565107686796,20.91452226882925,7.414169161269139,37.185,9.39428975322344,9.43536655204158,1.0594301724585877,16.78
2026-10-20 08:31:44,43.769973900210815,43.70252859869315,50.310843752191495,77.425,20.896287967383255,20.92842364202836,7.420261902882949,37.21,9.400786481565179,9.441059870538334,1.060109280687136,16.79
2026-10-20 08:46:44,43.788893703207336,43.722701109347256,50.33558385436581,77.46,20.90385073797397,20.934720411236633,7.423336149305103,37.225,9.404911410161246,9.445057876452196,1.0606014710843195,16.795
2026-10-20 09:01:44,43.83750040153596,43.78590612581489,50.399425252401144,77.555,20.92361691313589,20.954173231836506,7.431441559567882,37.27,9.404911410161246,9.445057876452196,1.0606014710843195,16.795
2026-10-20 09:16:44,43.96361380247453,43.92156188566039,50.5494826204398,77.775,20.97297661055157,21.007342531509146,7.449151407568111,37.355,9.423352044240609,9.458588391628536,1.0624958644520628,16.82
2026-10-20 09:31:44,44.0206590018571,43.97148806539674,50.6208106102727,77.875,21.008178756148563,21.04229829933551,7.461792630029745,37.415,9.45208439750051,9.480342838704702,1.0651249887205332,16.86
2026-10-20 09:46:44,44.07201658641956,44.024356123273854,50.67914560063732,77.97,21.02640037360478,21.06429048279133,7.469709592367629,37.455,9.470227049192717,9.490485111428015,1.0666195292778515,16.885
2026-10-20 10:01:44,44.153087794974574,44.112933798642516,50.764370710618735,78.115,21.051921762417788,21.103671117730592,7.48219271973014,37.515,9.483364005457016,9.49987274624746,1.0677955095671994,16.905
2026-10-20 10:16:44,44.246775331993284,44.21080620219687,50.888033465210285,78.295,21.091786900316784,21.146137378405957,7.495501964533977,37.59,9.489826922312764,9.50259415888819,1.0688793333609132,16.92
2026-10-20 10:31:44,44.25494842967482,44.21977140184726,50.89795896592203,78.31,21.09644004540373,21.149815642727578,7.496141650793926,37.595,9.489826922312764,9.50259415888819,1.0688793333609132,16.92
2026-10-20 10:46:44,44.25494842967482,44.21977140184726,50.89795896592203,78.31,21.09941601847598,21.15288510572268,7.497211452479747,37.6,9.489826922312764,9.50259415888819,1.0688793333609132,16.92
2026-10-20 11:01:44,44.25494842967482,44.21977140184726,50.89795896592203,78.31,21.09941601847598,21.15288510572268,7.497211452479747,37.6,9.489826922312764,9.50259415888819,1.0688793333609132,16.92
2026-10-20 11:16:44,44.25494842967482,44.21977140184726,50.89795896592203,78.31,21.106646558337374,21.157923982435317,7.499747907284391,37.61,9.489826922312764,9.50259415888819,1.0688793333609132,16.92
2026-10-20 11:31:44,44.29330342788505,44.26057498016759,50.951782723234984,78.39,21.106646558337374,21.157923982435317,7.499747907284391,37.61,9.499973081294902,9.51061789343569,1.0695819677170824,16.935
2026-10-20 11:46:44,44.31366557553647,44.27532053013734,50.97304265412471,78.42,21.11899254471219,21.165289720301992,7.502685853190088,37.625,9.501593665265853,9.511874026320728,1.0700732191473767,16.94
2026-10-20 12:01:44,44.3258763200536,44.29021948358441,50.99033668550298,78.445,21.11899254471219,21.165289720301992,7.502685853190088,37.625,9.501593665265853,9.511874026320728,1.0700732191473767,16.94
2026-10-20 12:16:44,44.331763140506126,44.3013487846198,51.0012755809324,78.46,21.121089881761915,21.168404775955615,7.503378018534537,37.63,9.504839055608828,9.515593129424726,1.0703893063630878,16.945
2026-10-20 12:31:44,44.333741405436186,44.30415416632732,51.00297403831031,78.465,21.125119989343045,21.173067502426576,7.50456199380629,37.635,9.504839055608828,9.515593129424726,1.0703893063630878,16.945
2026-10-20 12:46:44,44.33707330499781,44.304961173518265,51.004652420638706,78.47,21.125119989343045,21.173067502426576,7.50456199380629,37.635,9.504839055608828,9.515593129424726,1.0703893063630878,16.945
2026-10-20 13:01:44,44.35934555379331,44.329699792210725,51.03286913359173,78.51,21.125119989343045,21.173067502426576,7.50456199380629,37.635,9.504839055608828,9.515593129424726,1.0703893063630878,16.945
2026-10-20 13:16:44,44.37254093681,44.34521240606549,51.04612078078584,78.53,21.12871296402539,21.175379703101218,7.505768982769686,37.64,9.504839055608828,9.515593129424726,1.0703893063630878,16.945
2026-10-20 13:31:44,44.37644558415712,44.34775757429564,51.0510739070006,78.535,21.133039170264578,21.17811345103095,7.508202473698801,37.65,9.504839055608828,9.515593129424726,1.0703893063630878,16.945
2026-10-20 13:46:44,44.37644558415712,44.34775757429564,51.0510739070006,78.535,21.133039170264578,21.17811345103095,7.508202473698801,37.65,9.50635031492218,9.519663184862788,1.0707046455895546,16.95
2026-10-20 14:01:44,44.39748081029015,44.36929166889682,51.07927431064128,78.58,21.1404250474506,21.184889971098066,7.510594792588381,37.66,9.510293317960816,9.527422159377585,1.0714083928133522,16.96
2026-10-20 14:16:44,44.405431005435766,44.37779256026979,51.08401282780032,78.59,21.144362966705195,21.18701186041757,7.511550638041796,37.665,9.510293317960816,9.527422159377585,1.0714083928133522,16.96
2026-10-20 14:31:44,44.41235951878998,44.3845360586383,51.08742527597496,78.6,21.144362966705195,21.18701186041757,7.511550638041796,37.665,9.510293317960816,9.527422159377585,1.0714083928133522,16.96
2026-10-20 14:46:44,44.42508567941162,44.39730386764083,51.10248297089551,78.62,21.144362966705195,21.18701186041757,7.511550638041796,37.665,9.510293317960816,9.527422159377585,1.0714083928133522,16.96
2026-10-20 15:01:44,44.42823681380435,44.40538447270784,51.110075879579995,78.63,21.144362966705195,21.18701186041757,7.511550638041796,37.665,9.510293317960816,9.527422159377585,1.0714083928133522,16.96
2026-10-20 15:16:44,44.431324875066274,44.409686084632085,51.11476729817784,78.635,21.145336213884523,21.19094001641876,7.512409078338499,37.67,9.510293317960816,9.527422159377585,1.0714083928133522,16.96
2026-10-20 15:31:44,44.43755217287836,44.41422367639759,51.121481135113186,78.645,21.149855803400246,21.193399236914708,7.513843178062598,37.675,9.510293317960816,9.527422159377585,1.0714083928133522,16.96
2026-10-20 15:46:44,44.46307202068517,44.433196168294444,51.15006784008983,78.69,21.15955913434053,21.197397012833356,7.515135294174128,37.685,9.515212356021653,9.530252916631287,1.0716635181941425,16.965
2026-10-20 16:01:44,44.46964307287186,44.437362439400516,51.15633737209551,78.7,21.15955913434053,21.197397012833356,7.515135294174128,37.685,9.515212356021653,9.530252916631287,1.0716635181941425,16.965
2026-10-20 16:16:44,44.48548306544426,44.45618165438653,51.181285136416555,78.74,21.170291729290053,21.212579184265294,7.519583256835344,37.705,9.515212356021653,9.530252916631287,1.0716635181941425,16.965
2026-10-20 16:31:44,44.52464642005556,44.4929290651065,51.22276846454625,78.805,21.175725967284762,21.21795467177032,7.521227145946692,37.715,9.515212356021653,9.530252916631287,1.0716635181941425,16.965
2026-10-20 16:46:44,44.53118219076236,44.49980336834919,51.229069310260236,78.815,21.175725967284762,21.21795467177032,7.521227145946692,37.715,9.515212356021653,9.530252916631287,1.0716635181941425,16.965
2026-10-20 17:01:44,44.533097633454,44.50467881094086,51.23287532682766,78.82,21.183319486483644,21.22572312076297,7.52441718211569,37.73,9.518209321218364,9.534215122153972,1.072059736453465,16.97
2026-10-20 17:16:44,44.543853639986025,44.513519275592344,51.247211053954956,78.84,21.183319486483644,21.22572312076297,7.52441718211569,37.73,9.518209321218364,9.534215122153972,1.072059736453465,16.97
2026-10-20 17:31:44,44.55175024978718,44.52093827348023,51.25546117672126,78.85,21.190060642655297,21.232560161409054,7.526580533692359,37.74,9.519757664401741,9.536733254515092,1.0721909035114212,16.975
2026-10-20 17:46:44,44.55794979276068,44.52291350501735,51.26268629532164,78.86,21.190060642655297,21.232560161409054,7.526580533692359,37.74,9.520569198928143,9.538091645656946,1.0723468367232174,16.98
2026-10-20 18:01:44,44.5593128245425,44.52572016032254,51.264298114323644,78.865,21.1953256291835,21.238481886481477,7.528444994756957,37.75,9.520569198928143,9.538091645656946,1.0723468367232174,16.98
2026-10-20 18:16:44,44.56799624544361,44.53690184181394,51.2727398102365,78.88,21.19793303280922,21.243189331988994,7.530456220697055,37.76,9.520569198928143,9.538091645656946,1.0723468367232174,16.98
2026-10-20 18:31:44,44.59330015605983,44.5638016996869,51.304172082810155,78.93,21.212583605633345,21.252452613364866,7.536314947046506,37.78,9.528308502580474,9.547393620048329,1.0731309856282503,16.99
2026-10-20 18:46:44,44.61620634481731,44.59688939514706,51.33453640182978,78.98,21.224370511177533,21.26873472410113,7.542141631990387,37.81,9.530717010847916,9.552864007310646,1.0735692900880018,17.0
2026-10-20 19:01:44,44.64828624234589,44.630392934663064,51.370431570618564,79.04,21.23310085491339,21.280717438162938,7.545095267580572,37.825,9.533594093165409,9.555176907295161,1.0738743553824068,17.005
2026-10-20 19:16:44,44.67896671078975,44.6564974479742,51.407441146435595,79.09,21.2413558535555,21.293141772409264,7.549112924477729,37.845,9.543299681180674,9.55992076908861,1.074764791280881,17.02
2026-10-20 19:31:44,44.74628582844667,44.7212047983409,51.489895425792525,79.21,21.284511117694834,21.331935258067286,7.564115859187884,37.91,9.550021385838717,9.566518269503835,1.0753397124051318,17.03
2026-10-20 19:46:44,44.82750653207909,44.80242315757607,51.58930338556851,79.365,21.32511363430978,21.37383268652977,7.579536326005132,37.985,9.554350378311314,9.57228628620937,1.0760063992073743,17.04
2026-10-20 20:01:44,44.873248936055774,44.853816094468044,51.63693439684752,79.45,21.366513171663403,21.412229793747592,7.593680623209388,38.055,9.560795982589477,9.58010163805517,1.0768230669480452,17.05
2026-10-20 20:16:44,44.9085790313392,44.89601826620342,51.693532906269205,79.53,21.40644333476066,21.449557874883844,7.607677273161705,38.125,9.570156580803154,9.590016029256548,1.0779329181700097,17.07
2026-10-20 20:31:44,44.94603187609469,44.93859511468956,51.741216897076576,79.61,21.440934462839575,21.475317019368397,7.619094150165324,38.17,9.576505163550227,9.599583811659565,1.078931568007301,17.085
2026-10-20 20:46:44,45.00486940897834,44.99389376209831,51.816765010948586,79.73,21.464242355911747,21.50373181960854,7.627137234757431,38.21,9.590913109561923,9.608604786003118,1.0800982943253552,17.105
2026-10-20 21:01:44,45.05667779943453,45.05038933616261,51.86907290380957,79.82,21.48475254663442,21.524517461504036,7.633990056087569,38.245,9.610641903266643,9.629801377112724,1.081688455770847,17.135
2026-10-20 21:16:44,45.09731194512237,45.10532932842886,51.93419611718465,79.91,21.4993443156595,21.537826984605022,7.637927460613081,38.27,9.614251595849389,9.633605893074597,1.0824032668042711,17.145
2026-10-20 21:31:44,45.17733832424694,45.18646387217869,52.024538437375995,80.055,21.541171655648444,21.576438705393056,7.650279573443532,38.34,9.630397734733844,9.656604170098097,1.0846980759315017,17.18
2026-10-20 21:46:44,45.279862994013364,45.293916647753534,52.15205798547809,80.255,21.58281629215911,21.615226910935327,7.666079128856637,38.42,9.651510715737565,9.678342405547866,1.0867997206116413,17.215
2026-10-20 22:01:44,45.391019484340006,45.413743902245585,52.27082823310071,80.46,21.635633411139327,21.67329967282733,7.68588054641848,38.515,9.679237635346372,9.714651997144212,1.0900776251686424,17.27
2026-10-20 22:16:44,45.48669935085074,45.49381408877142,52.363031178102794,80.6,21.67249408218681,21.704031158412683,7.697641856674132,38.57,9.691705565733614,9.730390929939071,1.091354043026491,17.29
2026-10-20 22:31:44,45.548452326952834,45.54913742247091,52.44288661084451,80.715,21.688942249462126,21.72098863551849,7.70362058896245,38.6,9.69750109801476,9.735810045427225,1.0917791717077154,17.3
2026-10-20 22:46:44,45.68121715733002,45.698626059406465,52.59369115554361,80.96,21.746015985815706,21.782147019999094,7.726177971800901,38.71,9.729826001707334,9.764672885341234,1.0948636824835665,17.355
2026-10-20 23:01:44,45.77699661851233,45.78732556875001,52.69421526275615,81.115,21.79803033289299,21.840749654747384,7.7425940813686145,38.8,9.74940064595532,9.788018483378135,1.0967760139770257,17.39
2026-10-20 23:16:44,45.849669074025655,45.86697365474659,52.78257662655795,81.255,21.828688489421413,21.86728682712869,7.75274384840903,38.85,9.74940064595532,9.788018483378135,1.0967760139770257,17.39
2026-10-20 23:31:44,45.91814799438358,45.929767823264385,52.853955593521384,81.36,21.85446990625137,21.896474397207673,7.762287771750607,38.9,9.758257916277334,9.7972163392863,1.0978740451467313,17.405
2026-10-20 23:46:44,45.957134322100146,45.977229951213914,52.90184805041402,81.435,21.867733388942234,21.912654425660186,7.769006645773077,38.93,9.766579795063882,9.806487789664951,1.099125517416244,17.42
2026-10-21 00:01:44,46.03136180602505,46.053741039331484,52.98062343905513,81.56,21.89282511996574,21.937639728688936,7.777739410766677,38.98,9.781133332034702,9.818317362529937,1.1007079713371255,17.445
2026-10-21 00:16:44,46.12329544333673,46.1459751659027,53.0941298969695,81.72,21.92376720579675,21.966716694217936,7.792329336599902,39.05,9.796327884928987,9.833383649366631,1.1015251083803406,17.465
2026-10-21 00:31:44,46.20503571461716,46.23687684237258,53.1981983333783,81.875,21.962535153897164,21.993171383862936,7.802278438779208,39.105,9.812436707099552,9.84854932436859,1.1035614103917095,17.495
2026-10-21 00:46:44,46.259143668000185,46.288055205211236,53.24907792603155,81.96,22.00989395657424,22.043072853896717,7.820051551535293,39.19,9.825817231287454,9.86061933951126,1.1045210868988626,17.51
2026-10-21 01:01:44,46.327538653914814,46.35941291626857,53.331962771310025,82.09,22.0489686929819,22.091338121713516,7.834258434738657,39.265,9.852442517450571,9.887499324186596,1.1078072210034027,17.555
2026-10-21 01:16:44,46.45170489290454,46.46612593820969,53.466771261051385,82.295,22.10795975638766,22.143218485639537,7.852337233665963,39.355,9.883074688582537,9.91874394232766,1.1107350707521713,17.6
2026-10-21 01:31:44,46.51430669170988,46.52812094123371,53.54144474408137,82.41,22.12372901600996,22.158245919672147,7.85598222860059,39.375,9.887357268255851,9.925010326425845,1.1115793578706976,17.615
2026-10-21 01:46:44,46.54087639546083,46.55842241745696,53.57860791052369,82.46,22.147072448602692,22.176395025630406,7.864464111893358,39.415,9.894711571222315,9.930218943834332,1.1120609305306348,17.625
2026-10-21 02:01:44,46.55993532796131,46.577128692403235,53.60305749208385,82.495,22.151300235828852,22.180183068685015,7.866374896879171,39.425,9.899398529745941,9.935069903105603,1.112420522805828,17.635
2026-10-21 02:16:44,46.60979770770755,46.61815589633099,53.64414180999507,82.57,22.17236679562713,22.201039479181834,7.873846929916391,39.465,9.91940316216384,9.948654141142075,1.1141685520705922,17.66
2026-10-21 02:31:44,46.68244949052674,46.692829197877074,53.74011087777528,82.71,22.209516329839143,22.239733021902836,7.885217573795846,39.525,9.925384525130825,9.953478997836573,1.114745522458467,17.67
2026-10-21 02:46:44,46.7466123180752,46.75623108513069,53.81666368184858,82.82,22.23738299686545,22.26911598127395,7.896722930203424,39.58,9.930795568529073,9.96773323944824,1.1160495662929637,17.69
2026-10-21 03:01:44,46.82214473525523,46.83160734281925,53.89697787243106,82.955,22.26413275709198,22.310428220018252,7.906527140097518,39.635,9.938537787206641,9.9733245334122,1.116420040439852,17.7
2026-10-21 03:16:44,46.842360577173274,46.85378280397283,53.92643533465688,82.995,22.273721225142335,22.319109454019724,7.910281559787834,39.655,9.941035429935932,9.975753196497607,1.1168760663047148,17.705
2026-10-21 03:31:44,46.94509862773731,46.94442040891748,54.03647234652682,83.165,22.304080927948974,22.338152012529427,7.919630505992815,39.7,9.958595223570402,9.989300700997976,1.1189025971204387,17.735
2026-10-21 03:46:44,46.983355461492124,46.99286852597114,54.08364995906111,83.24,22.320583955244306,22.35545679770309,7.925227468493614,39.735,9.96597526711089,9.994879478534306,1.1195835591674617,17.745
2026-10-21 04:01:44,47.04681655990106,47.05822147666012,54.16349057083226,83.365,22.3377608226453,22.3717324899754,7.93123799830022,39.77,9.978643907055245,10.010228091861716,1.1215852964632262,17.775
2026-10-21 04:16:44,47.07057124206804,47.094277611852,54.194425856604745,83.415,22.34800739908617,22.381813548505047,7.936594692071069,39.795,9.981900937425518,10.013013103982164,1.1220041998523882,17.78
2026-10-21 04:31:44,47.09642808003898,47.11951834946699,54.22323480638708,83.465,22.36640020636665,22.39822074868884,7.943015377437439,39.83,9.98691459546447,10.021511511032369,1.122599506175136,17.79
2026-10-21 04:46:44,47.14046470588899,47.1499268025664,54.27029746638365,83.535,22.379107857274494,22.41087491808457,7.946029528249081,39.85,9.994241349288016,10.027771850109207,1.1230082121693588,17.8
2026-10-21 05:01:44,47.15559851997897,47.168621719458386,54.29140921890548,83.57,22.385666578365758,22.424453746841106,7.950035954397272,39.87,9.994241349288016,10.027771850109207,1.1230082121693588,17.8
2026-10-21 05:16:44,47.18866307762041,47.200369802163834,54.32212664109066,83.62,22.39825533269419,22.43587348834723,7.955020441228785,39.895,10.003981762948651,10.033278708122488,1.1239647924585936,17.815
2026-10-21 05:31:44,47.20504301529695,47.210117044282875,54.33449025254877,83.645,22.39890286399012,22.438580036192914,7.955708298835912,39.9,10.003981762948651,10.033278708122488,1.1239647924585936,17.815
2026-10-21 05:46:44,47.223142494723845,47.22978943252285,54.36606091399718,83.685,22.40229976957467,22.442108532981543,7.956532107178098,39.905,10.006379631366817,10.040424701502722,1.1246074625284777,17.825
2026-10-21 06:01:44,47.25397142065855,47.2610190335673,54.402255748659066,83.74,22.423159145670066,22.46254417626825,7.966059766643331,39.95,10.010885221699997,10.0425533963977,1.1252284920539126,17.835
2026-10-21 06:16:44,47.31227157766517,47.31742596067212,54.46136494232506,83.835,22.45070405195847,22.483287002851423,7.973932482353602,39.99,10.021891459849536,10.049972733878004,1.1262027402006902,17.85
2026-10-21 06:31:44,47.324379154487445,47.333760499222294,54.47603052294908,83.86,22.4564391016891,22.491256902269555,7.975340959627839,40.0,10.021891459849536,10.049972733878004,1.1262027402006902,17.85
2026-10-21 06:46:44,47.33228813787759,47.35063273371546,54.491082084787536,83.885,22.478455300418737,22.516948368838722,7.980616608146706,40.035,10.021891459849536,10.049972733878004,1.1262027402006902,17.85
2026-10-21 07:01:44,47.33228813787759,47.35063273371546,54.491082084787536,83.885,22.484041999369786,22.523511010922174,7.98357439276042,40.05,10.021891459849536,10.049972733878004,1.1262027402006902,17.85
2026-10-21 07:16:44,47.33651703741535,47.35336882203079,54.49585373719701,83.89,22.48774293881933,22.525217353419063,7.984678234275927,40.055,10.02686583034651,10.053666514574967,1.1265816723469737,17.855
2026-10-21 07:31:44,47.36561416890081,47.38975896323357,54.53126885103257,83.94,22.5032652326,22.531311046880855,7.989684492387579,40.08,10.031992516795862,10.058843811562213,1.1273233296257965,17.865
2026-10-21 07:46:44,47.391557651839456,47.416473178767355,54.56576369730924,83.995,22.52371694655093,22.539009690121492,7.995196989186748,40.105,10.031992516795862,10.058843811562213,1.1273233296257965,17.865
2026-10-21 08:01:44,47.40142557484787,47.43100114829439,54.57878119298717,84.015,22.53369964272411,22.55062828556765,7.999512960380637,40.125,10.037120697455311,10.0639472031318,1.1279906156071113,17.875
2026-10-21 08:16:44,47.439669139419316,47.459760023093175,54.61660119150361,84.08,22.549763886165543,22.570479532147093,8.006758891771705,40.16,10.043985378499501,10.069663545256727,1.1286981483706804,17.885
2026-10-21 08:31:44,47.482711083916485,47.502857932633624,54.66194659590509,84.155,22.5622956992737,22.589420810397232,8.011191279244942,40.185,10.047129326176846,10.0723459960092,1.1290950839634928,17.89
2026-10-21 08:46:44,47.5193049342045,47.53767750933676,54.7066496641016,84.22,22.580256569957463,22.607082932970503,8.017228860251507,40.215,10.050386899729801,10.077288078892225,1.1293394455593562,17.895
2026-10-21 09:01:44,47.548697069658296,47.56783365136785,54.743722819687214,84.27,22.59003203683565,22.621087259592624,8.021927615710606,40.235,10.050386899729801,10.077288078892225,1.1293394455593562,17.895
2026-10-21 09:16:44,47.57879078616911,47.5939320069778,54.771225141203,84.32,22.604793744999256,22.63576672643319,8.026241824208835,40.255,10.054494221284646,10.086684672961821,1.1301368288539122,17.91
2026-10-21 09:31:44,47.616355690403324,47.62578917226567,54.81882241761652,84.39,22.619878728453752,22.644086791716482,8.030045569092577,40.275,10.054494221284646,10.086684672961821,1.1301368288539122,17.91
2026-10-21 09:46:44,47.62281495512052,47.640534886559905,54.83456168464657,84.41,22.624822043597817,22.654215441003466,8.032689538839206,40.29,10.061668974420844,10.092282450544104,1.1309644617934183,17.92
2026-10-21 10:01:44,47.6684396703071,47.67928649481477,54.883140395491196,84.485,22.64049269651646,22.670772470988126,8.03847010749889,40.325,10.071468130318262,10.100462808655505,1.1317406532659018,17.935
2026-10-21 10:16:44,47.74035587756311,47.73714869411948,54.9555333155526,84.605,22.671725805142444,22.71326242432842,8.050458868767244,40.385,10.077242787541502,10.109580911426727,1.1322081786977853,17.945
2026-10-21 10:31:44,47.746292242204596,47.7434383303382,54.959225005626166,84.615,22.675066192574533,22.716618869113173,8.05098361083055,40.39,10.077242787541502,10.109580911426727,1.1322081786977853,17.945
2026-10-21 10:46:44,47.77259960193391,47.76194912857893,54.98510008223187,84.655,22.684104976063658,22.733173504610342,8.055718641801066,40.415,10.077242787541502,10.109580911426727,1.1322081786977853,17.945
2026-10-21 11:01:44,47.77322977917679,47.765314081452395,54.98872192008475,84.66,22.6910958645074,22.738802940414022,8.057314718754439,40.425,10.077242787541502,10.109580911426727,1.1322081786977853,17.945
2026-10-21 11:16:44,47.78101552846744,47.7753852765458,54.99628653935907,84.675,22.6910958645074,22.738802940414022,8.057314718754439,40.425,10.080325102231605,10.111940460724362,1.132454486948246,17.95
2026-10-21 11:31:44,47.78101552846744,47.7753852765458,54.99628653935907,84.675,22.6910958645074,22.738802940414022,8.057314718754439,40.425,10.080325102231605,10.111940460724362,1.132454486948246,17.95
2026-10-21 11:46:44,47.79875546404304,47.79831553444377,55.01712380115989,84.705,22.694409596516188,22.74294076188605,8.059520500795854,40.435,10.080325102231605,10.111940460724362,1.132454486948246,17.95
2026-10-21 12:01:44,47.82439719770389,47.82452884451131,55.04770468788777,84.745,22.695870055603052,22.743616601917687,8.060374366790523,40.44,10.080325102231605,10.111940460724362,1.132454486948246,17.95
2026-10-21 12:16:44,47.864603461878886,47.86826072452788,55.0918814500188,84.81,22.70199592302666,22.7482080124198,8.062105627531963,40.45,10.080325102231605,10.111940460724362,1.132454486948246,17.95
2026-10-21 12:31:44,47.867320942361786,47.87383603682364,55.10203088779624,84.825,22.70199592302666,22.7482080124198,8.062105627531963,40.45,10.080325102231605,10.111940460724362,1.132454486948246,17.95
2026-10-21 12:46:44,47.87600188441654,47.87928893629295,55.108720756556146,84.835,22.70496637568276,22.752603418722998,8.062934626267626,40.455,10.080325102231605,10.111940460724362,1.132454486948246,17.95
2026-10-21 13:01:44,47.895893260794594,47.892227656303255,55.12643280017909,84.865,22.70931635523904,22.7553106079455,8.063651203452382,40.46,10.080325102231605,10.111940460724362,1.132454486948246,17.95
2026-10-21 13:16:44,47.900706605506464,47.89925444466544,55.13145963048768,84.875,22.70931635523904,22.7553106079455,8.063651203452382,40.46,10.080325102231605,10.111940460724362,1.132454486948246,17.95
2026-10-21 13:31:44,47.91551703435203,47.91577982429263,55.15095335703172,84.9,22.70931635523904,22.7553106079455,8.063651203452382,40.46,10.080325102231605,10.111940460724362,1.132454486948246,17.95
2026-10-21 13:46:44,47.942493256507454,47.94553288578129,55.18190754209417,84.945,22.715589515739126,22.76273369923188,8.065364268147514,40.47,10.081259489802306,10.116764171753431,1.1327804136946307,17.955
2026-10-21 14:01:44,47.95541941261528,47.955949594938886,55.19564881473133,84.965,22.715589515739126,22.76273369923188,8.065364268147514,40.47,10.081259489802306,10.116764171753431,1.1327804136946307,17.955
2026-10-21 14:16:44,47.964431685108316,47.96288093209993,55.207459867842154,84.98,22.72034331042802,22.765323614552525,8.066853019398977,40.475,10.081259489802306,10.116764171753431,1.1327804136946307,17.955
2026-10-21 14:31:44,47.966338301241144,47.967243401470824,55.2124024331027,84.985,22.72034331042802,22.765323614552525,8.066853019398977,40.475,10.081259489802306,10.116764171753431,1.1327804136946307,17.955
2026-10-21 14:46:44,47.97264972131644,47.97709653379549,55.22491371049235,85.005,22.72034331042802,22.765323614552525,8.066853019398977,40.475,10.085518295403498,10.118953193276578,1.1330741678827498,17.96
2026-10-21 15:01:44,47.98611459484304,47.99064809142957,55.24246318560182,85.03,22.723395571830036,22.767659256985365,8.067759263349652,40.48,10.085518295403498,10.118953193276578,1.1330741678827498,17.96
2026-10-21 15:16:44,47.997161025721105,48.002068903206776,55.25302522521237,85.05,22.723395571830036,22.767659256985365,8.067759263349652,40.48,10.085518295403498,10.118953193276578,1.1330741678827498,17.96
2026-10-21 15:31:44,48.00344857260572,48.01206953411097,55.26239073538879,85.065,22.725129968442626,22.772388403892066,8.06849407851346,40.485,10.085518295403498,10.118953193276578,1.1330741678827498,17.96
2026-10-21 15:46:44,48.01515457417991,48.01963441518637,55.27288580172313,85.08,22.733480054178077,22.775704462781725,8.070526785337048,40.495,10.086487345864043,10.123630178656654,1.133558684073114,17.965
2026-10-21 16:01:44,48.023310052707345,48.02841829983488,55.28481043371774,85.095,22.740401797653302,22.78418125717553,8.072642696005566,40.505,10.09028979184803,10.126651809715016,1.1340020601827054,17.97
2026-10-21 16:16:44,48.032278142865216,48.037871432777266,55.29879765267501,85.115,22.740401797653302,22.78418125717553,8.072642696005566,40.505,10.09028979184803,10.126651809715016,1.1340020601827054,17.97
2026-10-21 16:31:44,48.040914323426826,48.04865646394686,55.30852375126789,85.13,22.742034654272427,22.78506487732649,8.073573959850224,40.51,10.093455211481208,10.130234239524716,1.134379513775479,17.975
2026-10-21 16:46:44,48.05154107377135,48.057567851788335,55.32112702482174,85.15,22.742034654272427,22.78506487732649,8.073573959850224,40.51,10.095327381215808,10.131835063782221,1.1345056297492806,17.98
2026-10-21 17:01:44,48.06544610269558,48.07039037380063,55.33116335800921,85.17,22.742034654272427,22.78506487732649,8.073573959850224,40.51,10.095327381215808,10.131835063782221,1.1345056297492806,17.98
2026-10-21 17:16:44,48.06974409116968,48.07289695082479,55.335355409907514,85.175,22.742034654272427,22.78506487732649,8.073573959850224,40.51,10.095327381215808,10.131835063782221,1.1345056297492806,17.98
2026-10-21 17:31:44,48.073661675037165,48.076307719760344,55.33896648228786,85.18,22.742034654272427,22.78506487732649,8.073573959850224,40.51,10.095327381215808,10.131835063782221,1.1345056297492806,17.98
2026-10-21 17:46:44,48.07787105251504,48.07765261159105,55.34341603628167,85.185,22.745749840219567,22.79002426739338,8.074274111266762,40.515,10.095327381215808,10.131835063782221,1.1345056297492806,17.98
2026-10-21 18:01:44,48.083671853156574,48.0853937049244,55.34907245984398,85.195,22.745749840219567,22.79002426739338,8.074274111266762,40.515,10.095327381215808,10.131835063782221,1.1345056297492806,17.98
2026-10-21 18:16:44,48.104499800108464,48.10535413615349,55.376858844763056,85.23,22.745749840219567,22.79002426739338,8.074274111266762,40.515,10.095327381215808,10.131835063782221,1.1345056297492806,17.98
2026-10-21 18:31:44,48.12695460317273,48.12929059366195,55.40052273488455,85.27,22.770933976495737,22.820706022067096,8.083545156049174,40.56,10.09893369367418,10.136043681419999,1.1348362370064096,17.985
2026-10-21 18:46:44,48.19130484389358,48.19712957052812,55.473287352141284,85.385,22.78687089763514,22.84616639059127,8.091323163370994,40.605,10.11299049924826,10.151739061740603,1.1367801530856516,18.015
2026-10-21 19:01:44,48.24158220991061,48.25039084511098,55.543651291483336,85.475,22.828485074642938,22.88735389666742,8.107433883577816,40.68,10.118536925385385,10.155579998463484,1.1374494325585986,18.025
2026-10-21 19:16:44,48.27551386909729,48.28597567590074,55.583271347121276,85.54,22.849454649973147,22.91463472071494,8.11641958969447,40.725,10.129406733449626,10.168355286548351,1.1385265002776963,18.045
2026-10-21 19:31:44,48.332879631837514,48.33421364063294,55.64601812153832,85.64,22.8700534284544,22.943555006734474,8.125822716423086,40.77,10.142411558295496,10.177780508422543,1.1390044466160731,18.06
2026-10-21 19:46:44,48.3503029219149,48.34289361283945,55.66307589014844,85.665,22.877796363061567,22.948037871648097,8.127808453501364,40.78,10.146365628750658,10.179587465271988,1.13933483003824,18.065
2026-10-21 20:01:44,48.37625536889494,48.36925849502317,55.68415844114587,85.7,22.890536063916592,22.958193878769613,8.133587893046641,40.805,10.152622616309838,10.185715800745703,1.139926213760289,18.075
2026-10-21 20:16:44,48.41546277319426,48.41445898403596,55.73618749800032,85.78,22.921314508547727,22.985347417715424,8.143739035318728,40.86,10.160598856681538,10.195797921582777,1.1407765588345535,18.09
2026-10-21 20:31:44,48.454023434500336,48.45931390455392,55.780374578189644,85.85,22.959169761772063,23.019285036319936,8.155957294039393,40.925,10.173289747772632,10.206977846047005,1.1415026108544462,18.11
2026-10-21 20:46:44,48.47840693968182,48.48892996542247,55.816550648511026,85.9,22.971923968802525,23.03482238645866,8.161859563871637,40.95,10.180143629725737,10.215653588526443,1.1426148405458127,18.125
2026-10-21 21:01:44,48.511899901452736,48.5175888701661,55.854460262249276,85.96,22.986175189648552,23.046662905267354,8.16686119974834,40.98,10.180143629725737,10.215653588526443,1.1426148405458127,18.125
2026-10-21 21:16:44,48.51608459676932,48.518732605295895,55.85794124991617,85.965,22.99103522014985,23.051851914448317,8.168483853670768,40.99,10.180143629725737,10.215653588526443,1.1426148405458127,18.125
2026-10-21 21:31:44,48.54415428599657,48.55253345760115,55.895697741017116,86.03,23.023006883759432,23.08759164698073,8.18098321278006,41.045,10.189985891223543,10.223232948150722,1.1437724815887236,18.145
2026-10-21 21:46:44,48.631440456125866,48.636923132685965,56.005964583494745,86.195,23.052887166656976,23.115816445878515,8.191073655157519,41.105,10.211137539206133,10.244780725345207,1.1455603606466611,18.18
2026-10-21 22:01:44,48.6701491969337,48.671959470724545,56.05149457299274,86.26,23.062025230442522,23.126080842629083,8.194455170329006,41.125,10.211137539206133,10.244780725345207,1.1455603606466611,18.18
2026-10-21 22:16:44,48.70068262363616,48.71204649383378,56.08957930341065,86.325,23.08134216591074,23.147764911353956,8.205197299709457,41.175,10.229003617880204,10.256585572055792,1.146800221631418,18.2
2026-10-21 22:31:44,48.75876825229542,48.77059187373976,56.15616159584727,86.42,23.116194772294087,23.18762068090536,8.215971492856827,41.23,10.23705579891305,10.26589428558927,1.1477580970289,18.215
2026-10-21 22:46:44,48.78510048283756,48.812168813477086,56.19270646311453,86.48,23.12182589737566,23.19089042063397,8.217374682935224,41.24,10.255617102849351,10.280896280300857,1.14959363748888,18.245
2026-10-21 23:01:44,48.876044606094524,48.90007955469317,56.31070969162664,86.645,23.153237096087082,23.20721915735819,8.225112447979688,41.275,10.267224194594617,10.291053479054252,1.1513169267157202,18.265
2026-10-21 23:16:44,48.89670497373036,48.926313455365985,56.3416670686174,86.685,23.15997946772199,23.214671225932648,8.227092008411338,41.285,10.284918056383301,10.31481036689654,1.1535907552640985,18.3
2026-10-21 23:31:44,48.973430698309386,49.014720452829444,56.43552712993007,86.84,23.20895791608481,23.24435351828911,8.242130475030269,41.355,10.310767341768404,10.338027225363692,1.1558961944637056,18.34
2026-10-21 23:46:44,49.07945923386816,49.10892651857588,56.549323443311785,87.015,23.27692818201615,23.303185441187605,8.266172238752397,41.465,10.330969482145301,10.360708664676459,1.1584397943999558,18.375
2026-10-22 00:01:44,49.141349044004315,49.163941561303965,56.62095427737809,87.12,23.297423826419635,23.320804627067012,8.272748626402624,41.495,10.34340801208285,10.368703253458605,1.1594023548221533,18.395
2026-10-22 00:16:44,49.18501290501203,49.21695701407851,56.67946251863658,87.205,23.31907338315785,23.354779734821566,8.283728121480852,41.55,10.353019567765621,10.374059560388165,1.1600130033230749,18.405
2026-10-22 00:31:44,49.29014664869053,49.32351517400399,56.8110472257612,87.4,23.353470735270847,23.39021683292852,8.299048535388632,41.625,10.376276270347372,10.395292391269223,1.1625338160713554,18.445
2026-10-22 00:46:44,49.44425495842733,49.480875327221675,57.00799763597336,87.675,23.421303351557096,23.451680693130697,8.321108536440843,41.73,10.398854212659883,10.416185786274964,1.1653458088199355,18.485
2026-10-22 01:01:44,49.48428135243649,49.518672563416224,57.05264151652983,87.745,23.447177035576285,23.481474243285398,8.334424202268153,41.79,10.401753605100089,10.4168811700072,1.1657494951338672,18.49
2026-10-22 01:16:44,49.534266879320676,49.56865928205437,57.09880958720463,87.835,23.470697948444112,23.510199026956204,8.343611920939338,41.84,10.413043497452298,10.42551644777753,1.1672948458939862,18.51
2026-10-22 01:31:44,49.576361019192234,49.612194876667395,57.15045064463695,87.91,23.478004668190383,23.521450928626766,8.346468985134516,41.855,10.425110956598887,10.43891816782981,1.1685899556977946,18.53
2026-10-22 01:46:44,49.614017187264245,49.65395808252852,57.194339221647446,87.985,23.493598762810464,23.532196603484287,8.35384661733724,41.885,10.440242512845616,10.451577673943815,1.170002219487641,18.55
2026-10-22 02:01:44,49.64443639709747,49.69677476498745,57.239762789944784,88.05,23.502514662532704,23.54449511619673,8.358189822090774,41.905,10.446345077617147,10.456193843456854,1.1708414195143693,18.56
2026-10-22 02:16:44,49.70456336722362,49.75271013031833,57.31494909927812,88.165,23.536549692415328,23.580985410451053,8.370375186467239,41.975,10.463194703209039,10.471599753128167,1.1721078774455143,18.585
2026-10-22 02:31:44,49.71276104531412,49.75782993545163,57.32163432732879,88.175,23.53752943461646,23.584033740075395,8.371718732394994,41.98,10.463194703209039,10.471599753128167,1.1721078774455143,18.585
2026-10-22 02:46:44,49.78586259767301,49.8518953798147,57.42007794561883,88.32,23.572866527326074,23.621823305741007,8.386670663192675,42.055,10.476688035950602,10.493179879856351,1.174262439101252,18.62
2026-10-22 03:01:44,49.806050831774705,49.87557077216726,57.455821511468415,88.365,23.592901656653066,23.641001905879925,8.392951930379162,42.09,10.481610187422946,10.497366491100406,1.1745429791026767,18.625
2026-10-22 03:16:44,49.85702631529826,49.91673342455592,57.51171310298104,88.45,23.611885641013608,23.65565901598932,8.398322328228211,42.115,10.483123962172131,10.499770777687845,1.1748050946064548,18.63
2026-10-22 03:31:44,49.85702631529826,49.91673342455592,57.51171310298104,88.45,23.61463618409943,23.65990179644716,8.398828897560035,42.12,10.484029241798895,10.501799335185597,1.1751964883832162,18.635
2026-10-22 03:46:44,49.91020463901009,49.973517893161194,57.567227011414055,88.535,23.626787928238766,23.6755955643533,8.40378898741742,42.145,10.500377781053839,10.516434770085963,1.176784072952179,18.66
2026-10-22 04:01:44,49.94793558375431,50.000985790680005,57.612245915016075,88.595,23.649884134899267,23.705515161512718,8.413022629827555,42.19,10.504367374659315,10.518458737797987,1.1771462410636326,18.665
2026-10-22 04:16:44,49.9704751553899,50.023851173936144,57.641703974874076,88.64,23.659957944066857,23.71615125791444,8.41888145474709,42.215,10.504367374659315,10.518458737797987,1.1771462410636326,18.665
2026-10-22 04:31:44,49.9763937615989,50.03491010731899,57.65240584808415,88.655,23.663707986494863,23.71707169097521,8.420215683602246,42.22,10.504367374659315,10.518458737797987,1.1771462410636326,18.665
2026-10-22 04:46:44,49.99706855869163,50.05676655471649,57.67611372872021,88.695,23.672570620310687,23.724721070110927,8.422765923353433,42.235,10.504367374659315,10.518458737797987,1.1771462410636326,18.665
2026-10-22 05:01:44,50.02135473291864,50.07722831652108,57.703066275061836,88.735,23.681346368746933,23.729975987092907,8.425698329451,42.25,10.510570624216548,10.523252957584225,1.178352901785587,18.68
2026-10-22 05:16:44,50.025755143356534,50.08025736276293,57.70956676636056,88.745,23.681346368746933,23.729975987092907,8.425698329451,42.25,10.51508701732154,10.52727677273876,1.1788788914037291,18.69
2026-10-22 05:31:44,50.049479124424884,50.10283556220916,57.730996478528716,88.78,23.69555450802775,23.750281369992443,8.430997251384333,42.28,10.519512695232256,10.532836347966676,1.1793759148609686,18.7
2026-10-22 05:46:44,50.05631140604445,50.1159106919849,57.746506903535874,88.805,23.705946556957056,23.759024145830217,8.43423241513175,42.295,10.521549409148129,10.536796337885018,1.1798103921333092,18.705
2026-10-22 06:01:44,50.06427775903372,50.12320924906573,57.75272220865233,88.815,23.705946556957056,23.759024145830217,8.43423241513175,42.295,10.521549409148129,10.536796337885018,1.1798103921333092,18.705
2026-10-22 06:16:44,50.10330072009099,50.155037885678226,57.79120803908932,88.875,23.737223734063267,23.789477925785153,8.442832387230212,42.345,10.537996077157324,10.552866340562886,1.181925623433889,18.73
2026-10-22 06:31:44,50.13894165642825,50.18778096518246,57.843451167078655,88.945,23.748660839485115,23.801094421621983,8.446300589247391,42.365,10.545163430181638,10.561128913457097,1.1829827975071314,18.745
2026-10-22 06:46:44,50.17503328197654,50.239102679536,57.89574587168125,89.03,23.769816433142644,23.821526207840314,8.45395678095513,42.405,10.558993565034248,10.578479655431044,1.1843974018819499,18.775
2026-10-22 07:01:44,50.18991244444767,50.254139230614264,57.91403616012323,89.055,23.769816433142644,23.821526207840314,8.45395678095513,42.405,10.558993565034248,10.578479655431044,1.1843974018819499,18.775
2026-10-22 07:16:44,50.22177616304614,50.284414913114105,57.9527276870077,89.115,23.782600681373182,23.829911493827446,8.457675304587074,42.42,10.567337591409713,10.590340338998155,1.1849717500254437,18.79
2026-10-22 07:31:44,50.247415028209915,50.30583015013627,57.990206947280626,89.165,23.806699901518893,23.862347227536798,8.467233946574343,42.465,10.572117151893895,10.591872176678061,1.1854075514224098,18.795
2026-10-22 07:46:44,50.28488005402249,50.33978440273274,58.03170409295617,89.23,23.835494028451965,23.89215891765597,8.476691794400374,42.51,10.577589089196618,10.596725200033884,1.1862027993715865,18.805
2026-10-22 08:01:44,50.30995084268788,50.36192256485167,58.054401923002956,89.27,23.85263204466768,23.913616576647147,8.48276414332515,42.54,10.589492651320448,10.606146739924128,1.1869467319173572,18.825
2026-10-22 08:16:44,50.37217367744429,50.42605782357648,58.12890347676645,89.38,23.877248464949815,23.944209091987783,8.491341221370911,42.58,10.599985645373343,10.616560627215803,1.18779112235189,18.84
2026-10-22 08:31:44,50.44006099720287,50.496749504505,58.1970476808458,89.5,23.929936380496045,24.00155954558248,8.509828991498729,42.67,10.607906326922864,10.624292622041363,1.1889760703864536,18.86
2026-10-22 08:46:44,50.493985121109795,50.54163510691218,58.252462086806055,89.585,23.954548055782354,24.02444366726614,8.51817941896951,42.71,10.607906326922864,10.624292622041363,1.1889760703864536,18.86
2026-10-22 09:01:44,50.51694087186541,50.56155230569237,58.27509747959745,89.63,23.96300585171212,24.03270166016429,8.521130221863576,42.73,10.615029123580577,10.627939431966823,1.1895845571580084,18.87
2026-10-22 09:16:44,50.54085101490665,50.587361541495895,58.300513935568304,89.67,23.967377797246797,24.037415171669966,8.523291588295091,42.74,10.62105757397441,10.635438985457732,1.1901711390466951,18.88
2026-10-22 09:31:44,50.57688113992479,50.62248330498669,58.34106496060393,89.73,23.989884676617194,24.05718141290508,8.528968802974365,42.775,10.62105757397441,10.635438985457732,1.1901711390466951,18.88
2026-10-22 09:46:44,50.62206860521507,50.669873357314515,58.39616114639786,89.805,24.004384778343947,24.070941617116922,8.533903401757593,42.8,10.630212042018146,10.645705710141684,1.1912631266168847,18.895
2026-10-22 10:01:44,50.66174748869187,50.70365999951624,58.437807129899085,89.87,24.03478218476615,24.094844678162527,8.54412160275454,42.85,10.635721610789767,10.653681249704514,1.1921609861465987,18.91
2026-10-22 10:16:44,50.69199524582198,50.73495076506226,58.477925880408385,89.925,24.042700906888246,24.10468053231793,8.546585599948479,42.865,10.641940774423922,10.660390383206256,1.1927304894224695,18.92
2026-10-22 10:31:44,50.69490656985317,50.73820557013122,58.48116762815892,89.93,24.050630422023602,24.11277101111155,8.548400961024011,42.875,10.641940774423922,10.660390383206256,1.1927304894224695,18.92
2026-10-22 10:46:44,50.723627524628334,50.773753287827134,58.52081871000307,89.99,24.055182897810347,24.12586595701164,8.55194541550996,42.89,10.648020931250793,10.665903811995737,1.193197311427585,18.93
2026-10-22 11:01:44,50.74436578730579,50.793362096458985,58.557615664842984,90.035,24.055182897810347,24.12586595701164,8.55194541550996,42.89,10.648020931250793,10.665903811995737,1.193197311427585,18.93
2026-10-22 11:16:44,50.75830941673216,50.8028663330779,58.57243836273258,90.06,24.05746805652559,24.127942103592055,8.55259613020442,42.895,10.65285338946223,10.669065258402593,1.1935802483081752,18.935
2026-10-22 11:31:44,50.766161605576656,50.81756995982477,58.58470919538939,90.08,24.059678138883324,24.12972230699547,8.553570561376652,42.9,10.66113624379558,10.671811588700733,1.1942146557174926,18.945
2026-10-22 11:46:44,50.79003179406318,50.84486518156765,58.610970605064296,90.125,24.06921201867636,24.135790205089986,8.556992875938695,42.92,10.668269285779143,10.681239581488438,1.1951782108643876,18.96
2026-10-22 12:01:44,50.80920906384906,50.86210524406369,58.63130857953909,90.16,24.07001357741026,24.137776405703793,8.557677532789276,42.925,10.668269285779143,10.681239581488438,1.1951782108643876,18.96
2026-10-22 12:16:44,50.84097176102275,50.889661290205936,58.66893169238735,90.21,24.080132351894463,24.14811077430181,8.560728365644858,42.945,10.673154285755755,10.687332707873251,1.1956761998024215,18.97
2026-10-22 12:31:44,50.86334802415926,50.912091808193075,58.695534291330894,90.25,24.085182495022416,24.15054829331334,8.562464021518934,42.955,10.678349224863442,10.692893211181458,1.196206156188622,18.98
2026-10-22 12:46:44,50.88725511336957,50.933313974553826,58.72016277229616,90.29,24.090886070430262,24.15799072811484,8.565240249404045,42.97,10.681747416045077,10.695247886486232,1.1963861922941406,18.985
2026-10-22 13:01:44,50.9102683993361,50.950234295756715,58.73828635248563,90.32,24.090886070430262,24.15799072811484,8.565240249404045,42.97,10.685732785873578,10.70111759287543,1.1973376499427102,18.995
2026-10-22 13:16:44,50.93960442380166,50.97544243990939,58.762514885376206,90.36,24.096941233960692,24.16514999110985,8.566758286918974,42.98,10.685732785873578,10.70111759287543,1.1973376499427102,18.995
2026-10-22 13:31:44,50.94986522219817,50.983052552986834,58.77351797458888,90.38,24.096941233960692,24.16514999110985,8.566758286918974,42.98,10.685732785873578,10.70111759287543,1.1973376499427102,18.995
2026-10-22 13:46:44,50.96489981011362,50.99748587128977,58.788698167452374,90.405,24.096941233960692,24.16514999110985,8.566758286918974,42.98,10.685732785873578,10.70111759287543,1.1973376499427102,18.995
2026-10-22 14:01:44,50.984284454847135,51.01973837931509,58.80749387067743,90.44,24.101297261540168,24.16926473953764,8.567339995300715,42.985,10.689276890180613,10.70205848293565,1.197721475204757,19.0
2026-10-22 14:16:44,51.00112795111819,51.03566294933411,58.82556784460041,90.465,24.102184804182496,24.1708625304954,8.568607216335522,42.99,10.689276890180613,10.70205848293565,1.197721475204757,19.0
2026-10-22 14:31:44,51.02847487167549,51.068040096193634,58.85258651762218,90.515,24.110478852271843,24.177680863474976,8.570201578691748,43.0,10.689945026806635,10.706090710355266,1.1981212786064062,19.005
2026-10-22 14:46:44,51.03697249749858,51.07183334155153,58.8605971381396,90.525,24.12126882715204,24.189106331368098,8.57550710148951,43.02,10.689945026806635,10.706090710355266,1.1981212786064062,19.005
2026-10-22 15:01:44,51.03697249749858,51.07183334155153,58.8605971381396,90.525,24.12126882715204,24.189106331368098,8.57550710148951,43.02,10.689945026806635,10.706090710355266,1.1981212786064062,19.005
2026-10-22 15:16:44,51.03697249749858,51.07183334155153,58.8605971381396,90.525,24.12126882715204,24.189106331368098,8.57550710148951,43.02,10.689945026806635,10.706090710355266,1.1981212786064062,19.005
2026-10-22 15:31:44,51.056045312672005,51.09414514893517,58.885676754496124,90.56,24.124553453669073,24.192454064221018,8.576173711075182,43.025,10.69276635022158,10.7097342056477,1.1985741902105012,19.01
2026-10-22 15:46:44,51.06354245448527,51.0961233081468,58.88924730762231,90.57,24.127782803891414,24.196414688549623,8.577579289698201,43.03,10.696687916318044,10.714622848082705,1.199009605622528,19.015
2026-10-22 16:01:44,51.08118701861889,51.107735266701674,58.9033744881075,90.59,24.131401664664377,24.20081880861558,8.578980214517824,43.035,10.696687916318044,10.714622848082705,1.199009605622528,19.015
2026-10-22 16:16:44,51.08208996388367,51.10912942841223,58.90639691786659,90.595,24.131401664664377,24.20081880861558,8.578980214517824,43.035,10.700706306168737,10.718735975446961,1.1994078245226554,19.02
2026-10-22 16:31:44,51.08467604036275,51.11237259588116,58.909586084264106,90.6,24.131401664664377,24.20081880861558,8.578980214517824,43.035,10.700706306168737,10.718735975446961,1.1994078245226554,19.02
2026-10-22 16:46:44,51.08909197608139,51.114573881137154,58.91251539863977,90.605,24.13531274780187,24.20444710092458,8.581763517946719,43.045,10.702213769689198,10.722339716893659,1.1996117411323797,19.025
2026-10-22 17:01:44,51.10477697270305,51.123483879969335,58.921464546034564,90.625,24.13531274780187,24.20444710092458,8.581763517946719,43.045,10.70720925430701,10.724894469382729,1.1999868479231248,19.03
2026-10-22 17:16:44,51.10722969516785,51.13007369902565,58.92977062974294,90.635,24.13795292109622,24.209360960841913,8.582624031943853,43.05,10.715003028353438,10.73053867234654,1.2008075442237027,19.04
2026-10-22 17:31:44,51.11219076677618,51.137959600195266,58.93832302950314,90.645,24.145222323144004,24.216864787332693,8.586495573890257,43.065,10.715003028353438,10.73053867234654,1.2008075442237027,19.04
2026-10-22 17:46:44,51.1267805894873,51.154425079799836,58.958835484476815,90.675,24.14904354739525,24.221025963822708,8.587169824103347,43.07,10.715003028353438,10.73053867234654,1.2008075442237027,19.04
2026-10-22 18:01:44,51.133021054102734,51.16097224092879,58.96574013136617,90.685,24.14904354739525,24.221025963822708,8.587169824103347,43.07,10.715003028353438,10.73053867234654,1.2008075442237027,19.04
2026-10-22 18:16:44,51.14781075695274,51.17540568313576,58.978627281822746,90.71,24.150476181789486,24.224333238735845,8.588055543288487,43.075,10.715003028353438,10.73053867234654,1.2008075442237027,19.04
2026-10-22 18:31:44,51.197140401528515,51.218415933536356,59.023898515369766,90.79,24.16570315208685,24.24058489856133,8.594993672178328,43.11,10.724282597320546,10.737284884781301,1.2017398081867512,19.055
2026-10-22 18:46:44,51.22174075739044,51.24470787206085,59.051778064173945,90.83,24.18944160612343,24.267070985646853,8.603779429786503,43.15,10.73966791606889,10.751106170371498,1.2036349822930477,19.08
2026-10-22 19:01:44,51.25546365729299,51.28466992035753,59.09087526526806,90.895,24.19343864912274,24.275184175499323,8.605369974646097,43.16,10.749834994813346,10.759323626385024,1.2045728029863167,19.095
2026-10-22 19:16:44,51.30441207372028,51.33418859860424,59.1527579265915,90.985,24.20563780235216,24.289693778495977,8.609921912176258,43.185,10.75772089026422,10.771621194006187,1.2056596592658049,19.11
2026-10-22 19:31:44,51.363922040850206,51.38999035236046,59.212956246295214,91.08,24.222849368450746,24.320224947031544,8.618430190563238,43.23,10.76486632772594,10.780429514193331,1.2062750744474253,19.12
2026-10-22 19:46:44,51.40255780661092,51.42085933193944,59.25408229029429,91.14,24.242277218787482,24.336411915773038,8.62399538655467,43.26,10.76601714864781,10.781586971643721,1.2064632527725394,19.125
2026-10-22 20:01:44,51.4476580173773,51.463666089853724,59.3012345578575,91.21,24.261718832847016,24.3532811291485,8.62991722556411,43.29,10.77306148685571,10.793781000673501,1.2071693671300934,19.14
2026-10-22 20:16:44,51.48198126804519,51.51194780328589,59.3502234287714,91.28,24.270353910831314,24.36562755431097,8.633665445807726,43.31,10.780981962545333,10.802882837397542,1.2086041063527282,19.16
2026-10-22 20:31:44,51.54276893110185,51.57615117855886,59.41962011333277,91.39,24.295615516620064,24.391091214372594,8.641349943499746,43.35,10.798378035241088,10.819391820400948,1.2104834976869192,19.195
2026-10-22 20:46:44,51.56311765110961,51.59776929965488,59.435382844715406,91.42,24.29772458811863,24.393768678600154,8.642208169870749,43.355,10.805456357390552,10.826909435011709,1.21095468686901,19.205
2026-10-22 21:01:44,51.628870772859145,51.66135835533459,59.50155141465024,91.525,24.333033588774562,24.428898964874623,8.651821202077784,43.41,10.823068018187245,10.842331098403827,1.2124918908451912,19.235
2026-10-22 21:16:44,51.66311338100149,51.70181738505589,59.5416466802882,91.59,24.341458936992368,24.438969006885646,8.655716775652797,43.43,10.831119990726839,10.850767865961938,1.2133719535832155,19.25
2026-10-22 21:31:44,51.72622331336273,51.762198637054304,59.61004192362426,91.705,24.362993592890312,24.45637305931773,8.664708887013505,43.47,10.860787181629545,10.879599974542826,1.2165343932855142,19.3
2026-10-22 21:46:44,51.75392583033656,51.78914878859972,59.64042839867581,91.755,24.391321545010868,24.47395770051144,8.672221434962669,43.51,10.882920456109185,10.905760752188678,1.2179840888532374,19.33
2026-10-22 22:01:44,51.80888987463887,51.85585621682651,59.71128752004002,91.86,24.447702701802516,24.539469278796357,8.694285498692368,43.625,10.88906267113564,10.913680486411142,1.2195844018181419,19.355
2026-10-22 22:16:44,51.88348002445573,51.92949697129527,59.794787569960654,91.995,24.469032964696115,24.562916356661887,8.699045857561483,43.66,10.901915192520123,10.930118471505885,1.2219610998864316,19.39
2026-10-22 22:31:44,51.96917521927292,52.02061873963825,59.89085549716294,92.14,24.508926928488453,24.588798607549712,8.710603800913049,43.72,10.9302253553222,10.952330558692509,1.2244356621552723,19.435
2026-10-22 22:46:44,52.02288601634826,52.08231697107509,59.95271679042943,92.235,24.53615842348472,24.627161995846226,8.723974267355349,43.78,10.939923362025658,10.96124292726782,1.2255330334216405,19.45
2026-10-22 23:01:44,52.14336947952089,52.19178907440239,60.07949257924372,92.435,24.600596817963677,24.687044233737208,8.745165777144237,43.88,10.98120104876985,10.99082230724862,1.2289235995406211,19.505
2026-10-22 23:16:44,52.195414518663576,52.25400643098239,60.14572315057267,92.54,24.64172925975679,24.728756594760977,8.757595280206106,43.94,10.9920032083537,11.005761712822824,1.2302616199888994,19.525
2026-10-22 23:31:44,52.33808381609478,52.39808058633102,60.31069058019524,92.79,24.736162050045937,24.812002581116477,8.789538693997956,44.105,11.01814806237158,11.026572521338057,1.2335806458851302,19.575
2026-10-22 23:46:44,52.433544002282,52.49321373892731,60.42064013665104,92.955,24.77544990496813,24.843297391493685,8.80016380022436,44.16,11.029844011915284,11.035196464339979,1.2350053851627172,19.595
2026-10-23 00:01:44,52.489044145097886,52.549174715078564,60.4863437464463,93.055,24.801134768063385,24.86811514513459,8.811947773031315,44.21,11.045506976610131,11.057658504883788,1.2368125815446178,19.625
2026-10-23 00:16:44,52.53187739316813,52.58131063981091,60.53668835086598,93.125,24.819793145307766,24.880292578520972,8.819556683642867,44.24,11.056890207111751,11.067793643724677,1.2376256477353413,19.64
2026-10-23 00:31:44,52.623277657745824,52.688510969613354,60.646457461535235,93.31,24.858124004351158,24.91362656384853,8.835764371783096,44.32,11.073486663172812,11.08594684270859,1.239686771876513,19.675
2026-10-23 00:46:44,52.646219686899975,52.71453424360796,60.66880675231774,93.35,24.868064899094904,24.91912201708168,8.83835655737583,44.335,11.076525715886808,11.08993180685711,1.2402644011154682,19.685
2026-10-23 01:01:44,52.67917827854753,52.745671406568015,60.708946384947026,93.405,24.885753184187422,24.937727825617557,8.844917749175039,44.365,11.088955691083411,11.099471446557203,1.2412727976725897,19.7
2026-10-23 01:16:44,52.77819864294306,52.82131208203474,60.80665042876699,93.55,24.898192031629154,24.954376282588058,8.850357424810992,44.395,11.115521633172197,11.132546071566443,1.2439364256628966,19.745
2026-10-23 01:31:44,52.83320868804257,52.86939360639463,60.858538318542216,93.635,24.950106303845267,25.003122056246102,8.865367046246007,44.48,11.129811507015404,11.147583945062939,1.2459853437899926,19.77
2026-10-23 01:46:44,52.881680658299,52.923442289663875,60.9058608938438,93.72,24.974196306813862,25.027548211986424,8.875682890527687,44.53,11.133344343715315,11.152254625067908,1.2465020413190877,19.78
2026-10-23 02:01:44,52.91176161077984,52.953038692917886,60.93742366926023,93.765,24.988922856697595,25.040901167516832,8.879846355575063,44.55,11.14143958007228,11.161038596598615,1.2470373391482044,19.79
2026-10-23 02:16:44,52.96537843884262,53.009512086234665,60.9941903801751,93.855,25.002644198750072,25.057093534428958,8.886267871821309,44.58,11.157219622287087,11.175728719540698,1.2484038011021872,19.815
2026-10-23 02:31:44,53.006294931260385,53.048416175187484,61.05105380616514,93.935,25.027542474161333,25.077310852819924,8.895863553471232,44.62,11.168946745056488,11.191412823533438,1.2498815297530121,19.84
2026-10-23 02:46:44,53.032134282249324,53.07989439143838,61.08684008070094,93.985,25.039383085084502,25.088358089168445,8.90016001638108,44.645,11.178998402436099,11.200682828797877,1.250990830560992,19.855
2026-10-23 03:01:44,53.05645617971884,53.10451745185261,61.10913501011124,94.03,25.057911885450558,25.1034614460805,8.907324660728095,44.68,11.182129211496662,11.202720955322995,1.2512251341052323,19.86
2026-10-23 03:16:44,53.0581648639877,53.1085922974796,61.113305731131526,94.035,25.061539228568048,25.10867544021282,8.909986266645232,44.69,11.186981185136295,11.204143010113306,1.2516663499199914,19.865
2026-10-23 03:31:44,53.13459915683103,53.18883391573163,61.20890293739688,94.18,25.11221272952434,25.154936909819263,8.926278604595925,44.785,11.194092755960675,11.209870163574125,1.252695685931698,19.88
2026-10-23 03:46:44,53.16452465669749,53.21700196436265,61.24273353924058,94.23,25.140565564667348,25.18389757232529,8.935605320828145,44.835,11.203635363555325,11.218263346609154,1.2539154125657421,19.9
2026-10-23 04:01:44,53.190704196433146,53.24190751365219,61.26996013577496,94.27,25.15453978701906,25.20026481044779,8.941447749491681,44.87,11.220110273770873,11.229511274816742,1.2557347582701848,19.925
2026-10-23 04:16:44,53.23815254619172,53.2864056922177,61.3372277763604,94.365,25.164401526969264,25.209826702291984,8.945327998253536,44.89,11.224398651308325,11.232120063347557,1.2561668421746381,19.93
2026-10-23 04:31:44,53.264727787153724,53.31670265365653,61.366187522443134,94.415,25.16546901240475,25.210991188725494,8.946340534124493,44.895,11.231276891608035,11.238184092588968,1.2569848501349519,19.945
2026-10-23 04:46:44,53.309660087665584,53.37136471815761,61.422751219511575,94.505,25.186511400038757,25.22801531219453,8.954001989632532,44.93,11.238050367874319,11.242226569232566,1.257403123756208,19.955
2026-10-23 05:01:44,53.33094021169168,53.39350536458341,61.45090361634242,94.545,25.200930946677932,25.239967040238366,8.958819548437095,44.955,11.260180822029794,11.257135015993724,1.2593108201724184,19.99
2026-10-23 05:16:44,53.35150097105642,53.410757736710316,61.47204944542741,94.575,25.20685416331468,25.248969151841074,8.96239309103591,44.975,11.267600656329588,11.264727612760684,1.2598299169876843,20.0
2026-10-23 05:31:44,53.42343260004728,53.49540268088295,61.56034125565661,94.705,25.217445438504008,25.25650731074443,8.968205039345564,45.0,11.26986152938637,11.26776648168187,1.2600117751686555,20.005
2026-10-23 05:46:44,53.42574389916053,53.49751685980273,61.564618881645956,94.71,25.217445438504008,25.25650731074443,8.968205039345564,45.0,11.26986152938637,11.26776648168187,1.2600117751686555,20.005
2026-10-23 06:01:44,53.43763736038602,53.50586669909926,61.57367391982364,94.725,25.226651615013,25.268714313688115,8.972521971278923,45.025,11.277616844999162,11.272936099688364,1.2607868541382286,20.015
2026-10-23 06:16:44,53.462581130784216,53.53661988938306,61.61021065810129,94.78,25.229092614988925,25.275329551475824,8.974516003024728,45.035,11.278637886223045,11.275506063036623,1.2609691808166061,20.02
2026-10-23 06:31:44,53.46488125643915,53.53980067648273,61.61816499927292,94.79,25.24634006092598,25.29113200682979,8.979270183469984,45.06,11.278637886223045,11.275506063036623,1.2609691808166061,20.02
2026-10-23 06:46:44,53.47835629858871,53.54955230526857,61.634981461112716,94.815,25.262070650248106,25.302232189557145,8.984789972478461,45.085,11.283444482497092,11.284662193949606,1.2615433204448565,20.03
2026-10-23 07:01:44,53.546486078056176,53.61069145909074,61.7079602817989,94.93,25.29392328747918,25.336739898728812,8.996228007121493,45.145,11.298201077780607,11.30724456241887,1.2642057319386044,20.065
2026-10-23 07:16:44,53.60989248948723,53.675267793276234,61.78439266560336,95.05,25.305697241468383,25.347014277741728,9.00117056873579,45.17,11.300873780790821,11.312189927635709,1.264572740016664,20.07
2026-10-23 07:31:44,53.613351238866606,53.68334629605968,61.7879946788635,95.06,25.313518107865047,25.351324672371206,9.002937057680793,45.18,11.301934772781602,11.313373520434997,1.2650198438053135,20.075
2026-10-23 07:46:44,53.65971689624591,53.73216245653471,61.831980320759925,95.135,25.334041022476917,25.3660027710709,9.007477161540328,45.205,11.311399657958857,11.324873550446984,1.2661295230126406,20.095
2026-10-23 08:01:44,53.68516081673097,53.753579747690466,61.856486504682444,95.175,25.34431176815398,25.381439448223606,9.010782662594346,45.225,11.311399657958857,11.324873550446984,1.2661295230126406,20.095
2026-10-23 08:16:44,53.69356761042905,53.76165130510346,61.86679885414445,95.19,25.34431176815398,25.381439448223606,9.010782662594346,45.225,11.311399657958857,11.324873550446984,1.2661295230126406,20.095
2026-10-23 08:31:44,53.7109217224717,53.770784433498676,61.88134177861024,95.215,25.347379252150862,25.38256155542605,9.01208752043561,45.23,11.316134213419923,11.32641045390818,1.266592560805741,20.1
2026-10-23 08:46:44,53.74084327834693,53.80649240823218,61.9162891161645,95.275,25.35711030761364,25.393744362274965,9.01534126221077,45.25,11.325978849082052,11.338080967871946,1.2676216414256407,20.12
2026-10-23 09:01:44,53.75371453144993,53.82414420722943,61.937347481060584,95.3,25.35711030761364,25.393744362274965,9.01534126221077,45.25,11.327041855745852,11.342785004961074,1.2677583564400425,20.125
2026-10-23 09:16:44,53.84287727872781,53.916513785030766,62.06266584901906,95.475,25.402838421791248,25.43918998535197,9.030628097702849,45.32,11.33736231715205,11.35799632481579,1.269354114463996,20.15
2026-10-23 09:31:44,53.90996586790837,53.993034636209146,62.14916577443158,95.61,25.425766765597466,25.46368695269741,9.04101244624036,45.365,11.369007259116918,11.383799516841316,1.272442095119074,20.195
2026-10-23 09:46:44,53.97723881095593,54.05773335451914,62.21944890868957,95.715,25.459477186555166,25.495493403925984,9.051348383970534,45.42,11.376737866545284,11.388128765625902,1.272797860674461,20.205
2026-10-23 10:01:44,54.0386847721184,54.13507590446861,62.305075874826805,95.83,25.48592343233763,25.522515143603826,9.060343788623937,45.47,11.390130463251044,11.399423365125624,1.2740930959454495,20.225
2026-10-23 10:16:44,54.06838591226864,54.160245934640926,62.33718577417795,95.875,25.493619169185646,25.53296388908457,9.063202417120774,45.485,11.390130463251044,11.399423365125624,1.2740930959454495,20.225
2026-10-23 10:31:44,54.122264759165546,54.19973109795374,62.38749091475641,95.95,25.50398563067497,25.546417195942013,9.067936984105923,45.505,11.393251921258296,11.40038580623234,1.274315652235726,20.23
2026-10-23 10:46:44,54.12315226787827,54.204281346242546,62.38929233454327,95.955,25.5095364859802,25.55205115513543,9.069887666505377,45.515,11.393251921258296,11.40038580623234,1.274315652235726,20.23
2026-10-23 11:01:44,54.12315226787827,54.204281346242546,62.38929233454327,95.955,25.513673161394692,25.557589044526516,9.071879982998132,45.525,11.393251921258296,11.40038580623234,1.274315652235726,20.23
2026-10-23 11:16:44,54.14891337104919,54.226788053459,62.423464341426666,96.0,25.513673161394692,25.557589044526516,9.071879982998132,45.525,11.400922021576458,11.402324307354794,1.2748254188016355,20.24
2026-10-23 11:31:44,54.158742827398896,54.233201063958404,62.43496326851517,96.015,25.521361340518574,25.565583555906567,9.074677183863232,45.54,11.400922021576458,11.402324307354794,1.2748254188016355,20.24
2026-10-23 11:46:44,54.18895879541566,54.26119517218799,62.468135153428605,96.065,25.531691782143028,25.579414468334537,9.079895586488181,45.565,11.404075383013298,11.405961513869627,1.275610816774629,20.25
2026-10-23 12:01:44,54.24258165990466,54.324927686833405,62.53818019685632,96.17,25.55816535357164,25.615251940162796,9.091024250179366,45.615,11.405764201379565,11.410046152763067,1.276051369520349,20.255
2026-10-23 12:16:44,54.29336154932583,54.36636749234374,62.58739597304247,96.255,25.559266032988692,25.61956497987004,9.092008626316847,45.62,11.41069393624889,11.4127577412829,1.2766179292887934,20.265
2026-10-23 12:31:44,54.29569369995807,54.36924807272532,62.592335899452756,96.26,25.559266032988692,25.61956497987004,9.092008626316847,45.62,11.41069393624889,11.4127577412829,1.2766179292887934,20.265
2026-10-23 12:46:44,54.29569369995807,54.36924807272532,62.592335899452756,96.26,25.559266032988692,25.61956497987004,9.092008626316847,45.62,11.41069393624889,11.4127577412829,1.2766179292887934,20.265
2026-10-23 13:01:44,54.303123247217144,54.3768920533439,62.59983893741041,96.275,25.559266032988692,25.61956497987004,9.092008626316847,45.62,11.41069393624889,11.4127577412829,1.2766179292887934,20.265
2026-10-23 13:16:44,54.313406328860935,54.38391475528154,62.60829945643201,96.29,25.559266032988692,25.61956497987004,9.092008626316847,45.62,11.41069393624889,11.4127577412829,1.2766179292887934,20.265
2026-10-23 13:31:44,54.33112967468617,54.40293726476323,62.627063725439434,96.315,25.559266032988692,25.61956497987004,9.092008626316847,45.62,11.419807864027396,11.414384291443632,1.2773071607061115,20.275
2026-10-23 13:46:44,54.34094227008411,54.40900058025514,62.63667604946333,96.33,25.561167883532327,25.622947721780456,9.093170899960006,45.625,11.419807864027396,11.414384291443632,1.2773071607061115,20.275
2026-10-23 14:01:44,54.34856031338083,54.415583476213705,62.64675504344052,96.345,25.568404435408475,25.63031731844906,9.094995709858795,45.635,11.420787878870614,11.415307549964398,1.2778021888069278,20.28
2026-10-23 14:16:44,54.34856031338083,54.415583476213705,62.64675504344052,96.345,25.570911982484407,25.63520027790316,9.096358799185694,45.64,11.420787878870614,11.415307549964398,1.2778021888069278,20.28
2026-10-23 14:31:44,54.34985290603611,54.41962967048741,62.649188905988495,96.35,25.570911982484407,25.63520027790316,9.096358799185694,45.64,11.420787878870614,11.415307549964398,1.2778021888069278,20.28
2026-10-23 14:46:44,54.3549787869639,54.4254782610075,62.65640737793861,96.36,25.570911982484407,25.63520027790316,9.096358799185694,45.64,11.42281336594735,11.41620406884441,1.278016690421294,20.285
2026-10-23 15:01:44,54.35645169672533,54.42629573899232,62.65856963924541,96.365,25.570911982484407,25.63520027790316,9.096358799185694,45.64,11.425605153291105,11.417530570077464,1.278346232105306,20.29
2026-10-23 15:16:44,54.365997776250566,54.43959787401729,62.668927191985745,96.385,25.580271750781687,25.645507622904,9.099118029798722,45.655,11.425605153291105,11.417530570077464,1.278346232105306,20.29
2026-10-23 15:31:44,54.37158849083368,54.446277486205155,62.67338607751694,96.395,25.58294780330617,25.648348369062173,9.100330986553463,45.66,11.425605153291105,11.417530570077464,1.278346232105306,20.29
2026-10-23 15:46:44,54.38656430228135,54.4551466654625,62.685199017962915,96.415,25.585979721908014,25.650571858352617,9.101702972464311,45.665,11.425605153291105,11.417530570077464,1.278346232105306,20.29
2026-10-23 16:01:44,54.39936126705731,54.46459311915744,62.69258821923486,96.435,25.585979721908014,25.650571858352617,9.101702972464311,45.665,11.425605153291105,11.417530570077464,1.278346232105306,20.29
2026-10-23 16:16:44,54.40427201174152,54.47045932731978,62.69842530619085,96.445,25.588221401926347,25.655002234541577,9.102942451389032,45.67,11.429547245202897,11.420005167503755,1.2786169186364988,20.295
2026-10-23 16:31:44,54.43427309415115,54.48970520889034,62.71898749570714,96.48,25.59094104700104,25.65713241793677,9.103983284550296,45.675,11.429547245202897,11.420005167503755,1.2786169186364988,20.295
2026-10-23 16:46:44,54.437580403924336,54.492489799906394,62.72234854486735,96.485,25.59094104700104,25.65713241793677,9.103983284550296,45.675,11.429547245202897,11.420005167503755,1.2786169186364988,20.295
2026-10-23 17:01:44,54.44064954829293,54.49531717575666,62.72622963599611,96.49,25.59094104700104,25.65713241793677,9.103983284550296,45.675,11.429547245202897,11.420005167503755,1.2786169186364988,20.295
2026-10-23 17:16:44,54.44148638434562,54.49706397074729,62.730123082867,96.495,25.59094104700104,25.65713241793677,9.103983284550296,45.675,11.429547245202897,11.420005167503755,1.2786169186364988,20.295
2026-10-23 17:31:44,54.44563255918363,54.50171797210901,62.73238744621125,96.5,25.594349921419546,25.65943860861922,9.104747509151474,45.68,11.429547245202897,11.420005167503755,1.2786169186364988,20.295
2026-10-23 17:46:44,54.44987081949085,54.50887613929909,62.73789292421959,96.51,25.597202690273203,25.661225271723637,9.105871607623449,45.685,11.429547245202897,11.420005167503755,1.2786169186364988,20.295
2026-10-23 18:01:44,54.45878958207648,54.517574306603294,62.74857652327539,96.525,25.597202690273203,25.661225271723637,9.105871607623449,45.685,11.429547245202897,11.420005167503755,1.2786169186364988,20.295
2026-10-23 18:16:44,54.463779693347746,54.52108458774085,62.751212125959,96.53,25.597202690273203,25.661225271723637,9.105871607623449,45.685,11.429547245202897,11.420005167503755,1.2786169186364988,20.295
2026-10-23 18:31:44,54.49932721147219,54.55609337009746,62.777137060592224,96.585,25.609233644204956,25.671948458284433,9.109761464800767,45.7,11.429547245202897,11.420005167503755,1.2786169186364988,20.295
2026-10-23 18:46:44,54.49932721147219,54.55609337009746,62.777137060592224,96.585,25.609233644204956,25.671948458284433,9.109761464800767,45.7,11.429547245202897,11.420005167503755,1.2786169186364988,20.295
2026-10-23 19:01:44,54.522644576801426,54.58206099474327,62.80705714254321,96.625,25.61613674967142,25.686826387355445,9.112995659204872,45.72,11.431264760572635,11.423119575077456,1.2788302624472727,20.3
2026-10-23 19:16:44,54.55489973547571,54.60532460167464,62.8349552910322,96.67,25.628278227054114,25.700667226040945,9.117886181736326,45.74,11.431264760572635,11.423119575077456,1.2788302624472727,20.3
2026-10-23 19:31:44,54.56302597899103,54.62040186542992,62.8483015437405,96.695,25.638369767908568,25.71236425140687,9.122456159006925,45.76,11.432236604286905,11.4245687819537,1.2792186074163099,20.305
2026-10-23 19:46:44,54.58404112133718,54.645076095908856,62.86813747755448,96.73,25.657928725341456,25.722088798911287,9.127864639848783,45.785,11.439782569645926,11.430993843769786,1.27968868780011,20.315
2026-10-23 20:01:44,54.62781811022695,54.682020453242195,62.91549893505185,96.8,25.66682800846726,25.734532237944453,9.130095067712684,45.8,11.439782569645926,11.430993843769786,1.27968868780011,20.315
2026-10-23 20:16:44,54.63465675200502,54.689661427385126,62.92135112987241,96.81,25.671148211126166,25.73774650772979,9.130797304101252,45.805,11.439782569645926,11.430993843769786,1.27968868780011,20.315
2026-10-23 20:31:44,54.66790976104926,54.714263578659825,62.94725108095455,96.855,25.68096670901204,25.748443620291667,9.134390877380556,45.82,11.444517826597691,11.442466567352417,1.2805352597759239,20.33
2026-10-23 20:46:44,54.70428097720063,54.747420388470324,62.99093089823113,96.915,25.690147703344028,25.756004515001152,9.136855106076059,45.835,11.449560107495653,11.447625718096099,1.280997204022542,20.34
2026-10-23 21:01:44,54.723885027056355,54.76870865475109,63.017511586455974,96.95,25.69680819640788,25.767426544105227,9.140015258651015,45.855,11.457002830032936,11.451766859059731,1.2814284813490007,20.35
2026-10-23 21:16:44,54.76928881695645,54.81967123036277,63.07051661614351,97.03,25.710896029909133,25.781083452163177,9.145207384550394,45.88,11.461451456970135,11.45293844752321,1.281665168192406,20.355
2026-10-23 21:31:44,54.793317203859644,54.84954876845494,63.09853092123038,97.075,25.723610363871263,25.791680958326868,9.149447264053997,45.905,11.464522979638392,11.459726328548816,1.2821849965494396,20.365
2026-10-23 21:46:44,54.81362528216896,54.87196108675422,63.124225573887266,97.115,25.723610363871263,25.791680958326868,9.149447264053997,45.905,11.468644349823018,11.463068974009724,1.282675094414269,20.37
2026-10-23 22:01:44,54.86620668257397,54.916750116557786,63.187024799671356,97.205,25.761750875563038,25.825410957302406,9.163486935901755,45.97,11.479346883457428,11.478924407849359,1.284481801040173,20.4
2026-10-23 22:16:44,54.96052837340447,55.00671343006929,63.30097697843235,97.375,25.80294860381494,25.868433085295415,9.1766746145229,46.04,11.489078431498003,11.491879811614833,1.285917527477475,20.42
2026-10-23 22:31:44,55.05982634618239,55.11260459924221,63.44332913516653,97.575,25.871884813553663,25.923332887609284,9.195999505309397,46.145,11.540279289758102,11.54174966947564,1.2905295796726275,20.505
2026-10-23 22:46:44,55.126942897619095,55.18024773186241,63.52521261266112,97.695,25.8964452138738,25.943906158152394,9.20329063154121,46.185,11.544116496739692,11.54540004067498,1.2910021816877422,20.51
2026-10-23 23:01:44,55.221032587798554,55.29689468562349,63.639949312826104,97.88,25.954798354563646,26.01885893921733,9.229308920343193,46.32,11.562497042419261,11.57399354855534,1.2937240152900416,20.555
2026-10-23 23:16:44,55.29413933502665,55.376162401956506,63.72659582817842,98.02,26.02176775048637,26.08941484579345,9.252179154102024,46.435,11.597402934594559,11.610336606788312,1.2977396886929184,20.615
2026-10-23 23:31:44,55.35813301948123,55.43373570988103,63.79814983887939,98.125,26.06568489185479,26.130831645958658,9.265253016751295,46.505,11.624122129352498,11.649022015336577,1.3013522475633141,20.67
2026-10-23 23:46:44,55.43647292406626,55.51131220874621,63.86371169130542,98.245,26.081744278212064,26.15033232735928,9.273630457468938,46.545,11.638807614341786,11.665429176605999,1.302500413668169,20.695
2026-10-24 00:01:44,55.526428542701325,55.58539588031786,63.950452478594464,98.39,26.133084423224428,26.2159088398541,9.291162595622213,46.635,11.680335607592584,11.699964104955178,1.3069296580619874,20.76
2026-10-24 00:16:44,55.60365027882871,55.66737761408716,64.04580067686571,98.535,26.186749129457215,26.26883665289173,9.31046404758967,46.735,11.711579039342555,11.729123896254162,1.3094694604483104,20.81
2026-10-24 00:31:44,55.64166056028623,55.71887706390008,64.10522611183835,98.62,26.19837865010093,26.283785633181093,9.316154953210336,46.76,11.724148388314555,11.737391940484327,1.3103259406226915,20.825
2026-10-24 00:46:44,55.69396558935304,55.78574436717399,64.17736714183937,98.73,26.267355909814974,26.352198264739787,9.341200352853583,46.895,11.741127207210198,11.753305997454932,1.3120365810390178,20.85
2026-10-24 01:01:44,55.73150426909584,55.824213988480814,64.2237476197514,98.8,26.29058063804937,26.3782429827467,9.348206403136205,46.93,11.75144100812076,11.76129876472965,1.313026104370985,20.865
2026-10-24 01:16:44,55.80065651886798,55.89455994571914,64.30450329903994,98.915,26.338257251952697,26.42272793847521,9.362418218940777,47.005,11.764465983783875,11.77625448736245,1.3141908872377017,20.89
2026-10-24 01:31:44,55.886796586519466,55.99320840562432,64.42003362942046,99.09,26.37964477312371,26.466676347033808,9.378290085846476,47.075,11.787775071782436,11.794464774673704,1.3163800097074414,20.925
2026-10-24 01:46:44,55.98192535404059,56.07575228700996,64.52113272825403,99.245,26.404079022985712,26.50012702264188,9.389640651163855,47.13,11.806910437996152,11.816494485270903,1.3184845133287977,20.96
2026-10-24 02:01:44,56.07879642305357,56.16483779214074,64.63948466804068,99.425,26.460677385255764,26.555112068921556,9.41123968311202,47.23,11.83255163754974,11.84629220607247,1.3217716995415036,21.005
2026-10-24 02:16:44,56.171470506974195,56.25108899151178,64.7515026070603,99.595,26.534697124825286,26.620710563094196,9.43554111703506,47.35,11.844746693796427,11.85855191014338,1.3231591848981081,21.03
2026-10-24 02:31:44,56.22919305660655,56.29787941894177,64.8129541729305,99.685,26.558521131121847,26.646991006905818,9.446101499186035,47.4,11.854060942076268,11.87020064411106,1.3248846033671253,21.05
2026-10-24 02:46:44,56.32070186177236,56.395692717550176,64.91339690611255,99.855,26.636854177917833,26.71610693984953,9.470868447171917,47.525,11.871273629014748,11.884471044945531,1.3265801013099832,21.08
2026-10-24 03:01:44,56.35811929162568,56.42375090073427,64.94565111411079,99.91,26.663217881928066,26.73861967189254,9.479786320909593,47.57,11.881231983483111,11.89156018873934,1.3272567715346655,21.095
2026-10-24 03:16:44,56.38692251624836,56.45616712642699,64.97330876099463,99.96,26.67344227144789,26.755891514589823,9.485066842145207,47.595,11.886779720770082,11.904154690070209,1.3286995202636627,21.115
2026-10-24 03:31:44,56.40480478531129,56.47160212067285,64.99200277703174,99.99,26.68252565236182,26.7692788305428,9.488287034386442,47.615,11.89816141725524,11.913994148434314,1.3295222458488134,21.13
2026-10-24 03:46:44,56.46126486033767,56.524427147704486,65.06866813970343,100.09,26.691445471460902,26.78412369908335,9.493787542585755,47.64,11.905929888048627,11.928603785774715,1.330648851087589,21.15
2026-10-24 04:01:44,56.51471676789315,56.57359153495111,65.13135734253355,100.185,26.702713936278492,26.79563411366471,9.498098973753198,47.665,11.920840803999925,11.953305949275089,1.3326736733232305,21.18
2026-10-24 04:16:44,56.5224398102692,56.57760316296998,65.13955337855474,100.195,26.71073148024045,26.80119267804383,9.499840459455669,47.675,11.928567447461592,11.95971253210491,1.3335775796367673,21.19
2026-10-24 04:31:44,56.55684246602201,56.61034006672903,65.16952360757782,100.245,26.72009328844567,26.810203529560393,9.503851566548896,47.695,11.928567447461592,11.95971253210491,1.3335775796367673,21.19
2026-10-24 04:46:44,56.565264490354046,56.61514320356655,65.1781564019704,100.26,26.734596615285632,26.82027680944017,9.50824966951601,47.715,11.934305160715029,11.96655126234568,1.33426019855858,21.2
2026-10-24 05:01:44,56.58971712358114,56.65093855942771,65.21800504622392,100.315,26.743731856274792,26.827933199692787,9.510237646930523,47.73,11.957397074113185,11.987666880810917,1.3361634007401233,21.235
2026-10-24 05:16:44,56.6249069932955,56.681044187942426,65.26184204373911,100.38,26.77502433253851,26.854840687329894,9.52062316610895,47.78,11.968670294103253,11.991986676470347,1.3370811967480163,21.25
2026-10-24 05:31:44,56.63468137121696,56.69055630431342,65.27497352204855,100.395,26.77502433253851,26.854840687329894,9.52062316610895,47.78,11.968670294103253,11.991986676470347,1.3370811967480163,21.25
2026-10-24 05:46:44,56.65228764141129,56.712390019979416,65.30132982233636,100.43,26.78935279041513,26.873730395631952,9.525658248088199,47.805,11.973181942708731,11.993728954480884,1.3373006594781636,21.255
2026-10-24 06:01:44,56.66521955298315,56.73120448948531,65.320196057596,100.455,26.812344918523543,26.889366738082675,9.532223091143875,47.84,11.9807031093074,12.000038108213145,1.3378645690656803,21.265
2026-10-24 06:16:44,56.682927805597245,56.74301361933011,65.33364319048111,100.48,26.81700958759212,26.89511679185025,9.533947613863607,47.85,11.9807031093074,12.000038108213145,1.3378645690656803,21.265
2026-10-24 06:31:44,56.71905963524921,56.783460692705326,65.3802411973737,100.55,26.828164153587768,26.90808800292442,9.538545419923187,47.875,11.983480971097254,12.001918835946093,1.338258608755667,21.27
2026-10-24 06:46:44,56.74477187133827,56.81364463827362,65.41393496517767,100.6,26.831420841816417,26.912827283571854,9.539630725245656,47.885,11.990355866317277,12.01184569756832,1.3389562253529217,21.285
2026-10-24 07:01:44,56.760275750789965,56.82913864442126,65.43308323491222,100.625,26.849349184051043,26.930346071147262,9.544134610014817,47.91,11.992467630613339,12.016843024304425,1.3392414521335851,21.29
2026-10-24 07:16:44,56.77658642018024,56.844747765896905,65.44632537799636,100.645,26.857368756818655,26.93921818343236,9.546946371494268,47.93,11.996826424280766,12.020528408618521,1.3394888615497482,21.295
2026-10-24 07:31:44,56.79063317003493,56.85483611228313,65.46309944020057,100.67,26.859621200170587,26.943770386635176,9.547707494208304,47.935,11.999992885061324,12.024521883014355,1.3396676008398236,21.3
2026-10-24 07:46:44,56.803735809951064,56.86829232173116,65.47761341148347,100.695,26.876069776314058,26.951102052815475,9.551551363149946,47.955,12.002052115143245,12.02729740387814,1.3398942789156731,21.305
2026-10-24 08:01:44,56.80635770613912,56.87174115865288,65.47991051645029,100.7,26.877892822510177,26.954417030894756,9.552327578304798,47.96,12.002052115143245,12.02729740387814,1.3398942789156731,21.305
2026-10-24 08:16:44,56.83260806611324,56.89962541179711,65.51006055116201,100.75,26.893534435680863,26.969711853596625,9.557604041654715,47.985,12.009413258014119,12.032666059890094,1.3407224700572982,21.315
2026-10-24 08:31:44,56.83886543805002,56.905578190994845,65.51486819647232,100.76,26.893534435680863,26.969711853596625,9.557604041654715,47.985,12.009413258014119,12.032666059890094,1.3407224700572982,21.315
2026-10-24 08:46:44,56.88260542868874,56.94792867858525,65.57683618611017,100.84,26.91494500037425,26.99164683272443,9.564520574773905,48.02,12.011824438523945,12.033369091857365,1.34106398850649,21.32
2026-10-24 09:01:44,56.88260542868874,56.94792867858525,65.57683618611017,100.84,26.91494500037425,26.99164683272443,9.564520574773905,48.02,12.011824438523945,12.033369091857365,1.34106398850649,21.32
2026-10-24 09:16:44,56.89953675495352,56.96540805766604,65.5948093886846,100.865,26.92438212285068,27.002008737994835,9.568259438751179,48.035,12.016084128382646,12.036424578427138,1.3414467982716727,21.325
2026-10-24 09:31:44,56.90827139055729,56.979311978026935,65.60915595369458,100.885,26.92970891140681,27.008354605263236,9.569494279357254,48.045,12.016084128382646,12.036424578427138,1.3414467982716727,21.325
2026-10-24 09:46:44,56.93133669709889,57.01752664339942,65.64027493341469,100.935,26.940935252988933,27.013406747388306,9.572420330797367,48.06,12.016084128382646,12.036424578427138,1.3414467982716727,21.325
2026-10-24 10:01:44,56.93133669709889,57.01752664339942,65.64027493341469,100.935,26.940935252988933,27.013406747388306,9.572420330797367,48.06,12.016084128382646,12.036424578427138,1.3414467982716727,21.325
2026-10-24 10:16:44,56.981671225243545,57.07137441433661,65.69276934125477,101.02,26.94261344638281,27.019105508316684,9.574621625050488,48.07,12.021243305632963,12.045281096000437,1.3423380065891426,21.34
2026-10-24 10:31:44,56.98830933525129,57.074703473999406,65.6978833721333,101.03,26.94261344638281,27.019105508316684,9.574621625050488,48.07,12.021243305632963,12.045281096000437,1.3423380065891426,21.34
2026-10-24 10:46:44,56.98830933525129,57.074703473999406,65.6978833721333,101.03,26.94261344638281,27.019105508316684,9.574621625050488,48.07,12.021243305632963,12.045281096000437,1.3423380065891426,21.34
2026-10-24 11:01:44,56.98830933525129,57.074703473999406,65.6978833721333,101.03,26.94261344638281,27.019105508316684,9.574621625050488,48.07,12.021243305632963,12.045281096000437,1.3423380065891426,21.34
2026-10-24 11:16:44,56.99396360146828,57.084680636187855,65.70598985973135,101.045,26.94261344638281,27.019105508316684,9.574621625050488,48.07,12.02370397002146,12.049977353781632,1.3425888289278847,21.345
2026-10-24 11:31:44,57.05188043877112,57.14420008373376,65.77269069150418,101.145,26.961716465192964,27.036889396965424,9.581098706555231,48.105,12.024429428367103,12.054661613957245,1.3428490442735674,21.35
2026-10-24 11:46:44,57.0679622328234,57.16538973965544,65.79404123265323,101.175,26.96483427376118,27.03843288226569,9.582465300570188,48.11,12.02580816735265,12.059238173456967,1.343158617437583,21.355
2026-10-24 12:01:44,57.08687943122794,57.18308871714384,65.8084536459041,101.205,26.97419872479194,27.05151120312027,9.58591533732941,48.125,12.029519021168989,12.06355027253055,1.3435582461451245,21.36
2026-10-24 12:16:44,57.11044529534623,57.211918375557296,65.83343605140122,101.25,26.98346119539974,27.05985421427603,9.589215864347754,48.14,12.029519021168989,12.06355027253055,1.3435582461451245,21.36
2026-10-24 12:31:44,57.1231908607251,57.22824428181243,65.85117137173359,101.28,26.987104564021948,27.063907230035987,9.59061793659934,48.145,12.029519021168989,12.06355027253055,1.3435582461451245,21.36
2026-10-24 12:46:44,57.13148011633846,57.242245474990106,65.86293027202383,101.3,26.987104564021948,27.063907230035987,9.59061793659934,48.145,12.029519021168989,12.06355027253055,1.3435582461451245,21.36
2026-10-24 13:01:44,57.13772343249648,57.249378539231266,65.87317834938015,101.315,26.987104564021948,27.063907230035987,9.59061793659934,48.145,12.03138746675406,12.065644753031327,1.3440146207324968,21.365
2026-10-24 13:16:44,57.16105454449146,57.270035087200206,65.9024693537123,101.355,26.99853789344024,27.07254452237389,9.593191171842685,48.16,12.03138746675406,12.065644753031327,1.3440146207324968,21.365
2026-10-24 13:31:44,57.169066882340275,57.27909362033168,65.9165904905966,101.375,27.00353203539877,27.07637160584253,9.593750320015241,48.165,12.03138746675406,12.065644753031327,1.3440146207324968,21.365
2026-10-24 13:46:44,57.18144448538319,57.287928218923,65.93478172716063,101.395,27.00922958655726,27.081734311760584,9.595803126934536,48.175,12.03138746675406,12.065644753031327,1.3440146207324968,21.365
2026-10-24 14:01:44,57.19655417253493,57.30106088482605,65.94843718967675,101.42,27.00922958655726,27.081734311760584,9.595803126934536,48.175,12.036126558924813,12.070003601222941,1.3441587867094544,21.37
2026-10-24 14:16:44,57.19823612174868,57.30976967611224,65.95331768239318,101.43,27.00922958655726,27.081734311760584,9.595803126934536,48.175,12.036126558924813,12.070003601222941,1.3441587867094544,21.37
2026-10-24 14:31:44,57.21243132291372,57.33014374967482,65.97254326168512,101.46,27.019266489352944,27.088903366523283,9.59970071328126,48.19,12.036126558924813,12.070003601222941,1.3441587867094544,21.37
2026-10-24 14:46:44,57.21321650735499,57.334571330272254,65.97436044930535,101.465,27.024154013737043,27.093385327180048,9.60179160452852,48.2,12.037867804816797,12.073486640095805,1.344395267584765,21.375
2026-10-24 15:01:44,57.21321650735499,57.334571330272254,65.97436044930535,101.465,27.024154013737043,27.093385327180048,9.60179160452852,48.2,12.037867804816797,12.073486640095805,1.344395267584765,21.375
2026-10-24 15:16:44,57.218308696354825,57.343144589091374,65.98085497043634,101.475,27.024154013737043,27.093385327180048,9.60179160452852,48.2,12.037867804816797,12.073486640095805,1.344395267584765,21.375
2026-10-24 15:31:44,57.218308696354825,57.343144589091374,65.98085497043634,101.475,27.024154013737043,27.093385327180048,9.60179160452852,48.2,12.037867804816797,12.073486640095805,1.344395267584765,21.375
2026-10-24 15:46:44,57.218308696354825,57.343144589091374,65.98085497043634,101.475,27.025148620930256,27.09748663184136,9.603164253638298,48.205,12.037867804816797,12.073486640095805,1.344395267584765,21.375
2026-10-24 16:01:44,57.22483880262503,57.34785704766596,65.98653679830956,101.485,27.025148620930256,27.09748663184136,9.603164253638298,48.205,12.037867804816797,12.073486640095805,1.344395267584765,21.375
2026-10-24 16:16:44,57.22812839029658,57.35000581428874,65.98860580661474,101.49,27.025148620930256,27.09748663184136,9.603164253638298,48.205,12.037867804816797,12.073486640095805,1.344395267584765,21.375
2026-10-24 16:31:44,57.22904879904811,57.35439591912116,65.99181480401049,101.495,27.027171265879137,27.099430442638248,9.603935527047062,48.21,12.037867804816797,12.073486640095805,1.344395267584765,21.375
2026-10-24 16:46:44,57.23592595228831,57.362306295188716,66.00008627623045,101.505,27.0284464865801,27.100305551159448,9.60469602923911,48.215,12.037867804816797,12.073486640095805,1.344395267584765,21.375
2026-10-24 17:01:44,57.2489447179263,57.37577275564038,66.01562582136926,101.525,27.0284464865801,27.100305551159448,9.60469602923911,48.215,12.042669634828323,12.0741873087545,1.344763049419075,21.38
2026-10-24 17:16:44,57.25358338038486,57.380635845185864,66.01748189599316,101.53,27.031601540884356,27.104551358056902,9.606038802710424,48.22,12.043507004664994,12.074927405137123,1.3449934296494153,21.385
2026-10-24 17:31:44,57.258293783909814,57.392428401589434,66.02826968559803,101.55,27.035398650581204,27.10602855572478,9.606921929688644,48.225,12.043507004664994,12.074927405137123,1.3449934296494153,21.385
2026-10-24 17:46:44,57.258293783909814,57.392428401589434,66.02826968559803,101.55,27.035398650581204,27.10602855572478,9.606921929688644,48.225,12.043507004664994,12.074927405137123,1.3449934296494153,21.385
2026-10-24 18:01:44,57.264863524812405,57.399736884291414,66.03331394682084,101.56,27.037124055116184,27.108038037476007,9.608033533856513,48.23,12.043507004664994,12.074927405137123,1.3449934296494153,21.385
2026-10-24 18:16:44,57.27533639856183,57.41084555575691,66.04484576920163,101.58,27.042132231889052,27.112279975451813,9.60959874060912,48.24,12.043507004664994,12.074927405137123,1.3449934296494153,21.385
2026-10-24 18:31:44,57.29588609158805,57.43631817188107,66.06691656586084,101.615,27.073596321376073,27.135336221626716,9.618218458096923,48.28,12.047880034208616,12.077470262931065,1.3458907892645986,21.395
2026-10-24 18:46:44,57.3634924128337,57.49979760680817,66.128959832942,101.72,27.124410616778622,27.173460494827605,9.63473445239433,48.355,12.058882224279584,12.089512539921781,1.3471031310223218,21.415
2026-10-24 19:01:44,57.40449620807218,57.53538227873715,66.18451174290581,101.795,27.14174537702594,27.189544325632404,9.640445936561981,48.385,12.062291632199761,12.094122850160861,1.3480166130815425,21.425
2026-10-24 19:16:44,57.45071006651777,57.5786310393164,66.23125924823766,101.87,27.15918833138235,27.212079484013266,9.64757507716193,48.42,12.062291632199761,12.094122850160861,1.3480166130815425,21.425
2026-10-24 19:31:44,57.46026245170576,57.59167854128518,66.24803217389118,101.895,27.175196485542735,27.22780918185965,9.654070615235558,48.45,12.064334488677472,12.096937194102722,1.34838755757117,21.43
2026-10-24 19:46:44,57.48170767456121,57.61160928370039,66.26655020153775,101.925,27.179723234156384,27.23237432743812,9.654592276472737,48.455,12.064334488677472,12.096937194102722,1.34838755757117,21.43
2026-10-24 20:01:44,57.531018509236404,57.6650840825604,66.32659025876772,102.02,27.19846599562549,27.256951318779493,9.66131270136586,48.49,12.078582081540478,12.107208556604528,1.349561141373721,21.45
2026-10-24 20:16:44,57.57910232454747,57.717263633187216,66.38546850563122,102.115,27.231694389544245,27.2758834815242,9.671142183423953,48.54,12.081796483564483,12.11025159256304,1.3499905836012107,21.455
2026-10-24 20:31:44,57.61964356892247,57.752949844134896,66.43918814416735,102.185,27.248921501695346,27.29957052082766,9.680266686808782,48.58,12.091238239739974,12.116952556989931,1.3508362067907203,21.47
2026-10-24 20:46:44,57.68694154936868,57.80509752328528,66.50732939893598,102.29,27.27322351335027,27.323138318128446,9.690024744547229,48.625,12.103815719447468,12.140009752111798,1.352464917689507,21.5
2026-10-24 21:01:44,57.77230075995336,57.909400455758146,66.6209931761628,102.45,27.307642642780024,27.355385172264402,9.70324728666622,48.685,12.12376979508069,12.159447725672928,1.3545936018207447,21.535
2026-10-24 21:16:44,57.84859384027887,57.97940548315072,66.71179404179239,102.575,27.337979172282626,27.390704655205482,9.716761400171315,48.75,12.1309062276542,12.167423786267541,1.3556898607756727,21.55
2026-10-24 21:31:44,57.89314093423268,58.0200717334389,66.76033650883976,102.645,27.356277812227844,27.41075027476307,9.725327716046305,48.795,12.151546203169824,12.190902342897127,1.3585193834580778,21.595
2026-10-24 21:46:44,57.97481717830419,58.11653485388654,66.86530605927909,102.81,27.402896588829538,27.450997028682426,9.743060951613339,48.88,12.181560332244329,12.218543540754105,1.36128192794334,21.64
2026-10-24 22:01:44,58.09893049071728,58.238217720308775,67.01282514705554,103.035,27.483019023399542,27.54709253057355,9.774987949732004,49.04,12.213762123158713,12.25718314051215,1.3655255903680665,21.705
2026-10-24 22:16:44,58.19883652371207,58.32446847611396,67.11846756755467,103.19,27.530961721694286,27.588769003517235,9.791622588191316,49.12,12.244162702826326,12.28647661612624,1.3682736262036448,21.755
2026-10-24 22:31:44,58.228706934615204,58.34611313251804,67.14998493516586,103.235,27.54887289896957,27.607326471301192,9.797727433944388,49.155,12.250771117613048,12.292372964689653,1.369052858069753,21.77
2026-10-24 22:46:44,58.323392862481406,58.436952234911544,67.25287543472123,103.395,27.582217077785756,27.637351236620624,9.810077746623486,49.215,12.277553871534563,12.327080908200397,1.3722702557021116,21.825
2026-10-24 23:01:44,58.42522220556215,58.533246575855294,67.36063681748658,103.57,27.63108011158535,27.681177358604,9.824087433398732,49.29,12.31238066758645,12.3534956006082,1.3768602381638564,21.885
2026-10-24 23:16:44,58.52382597294776,58.63094349234384,67.47033481553004,103.73,27.691181832903503,27.72385927749062,9.8443174476237,49.38,12.334352637508298,12.376848666594622,1.3794598642767735,21.925
2026-10-24 23:31:44,58.571614774525365,58.68887241177078,67.53757686984605,103.84,27.713294049581428,27.74941698387246,9.85323281967973,49.42,12.353287945611129,12.391992703414948,1.3812776908945281,21.96
2026-10-24 23:46:44,58.62257474396665,58.73048243944649,67.5917411640898,103.915,27.7445087515414,27.7743971027002,9.862546221170351,49.465,12.361610825534363,12.405292968290047,1.3826817807606229,21.98
2026-10-25 00:01:44,58.672453090442346,58.793184919404894,67.65539275880558,104.02,27.766356231830798,27.7838680575284,9.869730871110173,49.5,12.372489266964921,12.420466377736124,1.3844126087824633,22.01
2026-10-25 00:16:44,58.71779048213817,58.84281978773849,67.71080100874134,104.105,27.802513464118803,27.823129584649465,9.882767684431046,49.565,12.389519053932098,12.432247072918413,1.3863333884139122,22.035
2026-10-25 00:31:44,58.76196460874037,58.8914201151097,67.76556976582377,104.19,27.822292087271464,27.838993666145186,9.887769610499364,49.59,12.39440764277774,12.43903096161934,1.3869150086584496,22.045
2026-10-25 00:46:44,58.80876940825446,58.938371260412865,67.82325302944611,104.28,27.867466188701762,27.88031711395455,9.90274627976109,49.67,12.410561194001787,12.45767128644497,1.3894068170149783,22.085
2026-10-25 01:01:44,58.894422223357104,59.043267037776374,67.92984851779266,104.44,27.920668420174295,27.934567797647727,9.920524597197486,49.76,12.43331999263513,12.491367916326572,1.3930051114299928,22.135
2026-10-25 01:16:44,58.97934691375582,59.10885446906652,68.0238945104865,104.57,27.934173012792094,27.944161482836776,9.923495130134345,49.78,12.440964063764765,12.502309829754338,1.3938208844515076,22.15
2026-10-25 01:31:44,58.990215312660965,59.13236501596752,68.04344143509935,104.6,27.94488125932065,27.960643689705215,9.92895168774047,49.805,12.457481794381215,12.51408864602595,1.3949015779611724,22.17
2026-10-25 01:46:44,59.08862976544237,59.22719340285544,68.16016893756672,104.77,27.98324504827578,28.00639741544752,9.944239716226592,49.88,12.494386278692446,12.561909738612847,1.3999780827239727,22.25
2026-10-25 02:01:44,59.11982606517944,59.25234132627215,68.20050705984288,104.825,28.01484964851771,28.03198932502279,9.955452793444639,49.93,12.508326965548187,12.571741019133635,1.4013213589309363,22.27
2026-10-25 02:16:44,59.25251344047898,59.37706467718595,68.34580272209624,105.045,28.077279236146634,28.098529607792926,9.979139972791996,50.05,12.539292820988234,12.608663487750823,1.4049496648392508,22.33
2026-10-25 02:31:44,59.28436038885452,59.40237913346211,68.38316084621641,105.105,28.07902153355026,28.100280294660987,9.980151991777946,50.055,12.54345678643106,12.611362407826926,1.4052443784607735,22.335
2026-10-25 02:46:44,59.35160210738043,59.463420014488015,68.46284010363765,105.22,28.111456446908267,28.137646811844988,9.99311224610691,50.115,12.561917050522398,12.632386560575496,1.4069475718608009,22.37
2026-10-25 03:01:44,59.40256195623503,59.51235336899208,68.51991704754958,105.315,28.15581616439389,28.18014900155849,10.008958254539095,50.195,12.577736988411651,12.646162788666274,1.4085447811695708,22.39
2026-10-25 03:16:44,59.44078529610138,59.553029119216426,68.56932979510842,105.385,28.17596633451012,28.195570505101028,10.016761308461447,50.225,12.588824193096432,12.664490732294063,1.4102408444040992,22.415
2026-10-25 03:31:44,59.468488340965315,59.58314089948404,68.59680794246401,105.435,28.195555549407526,28.209622190850748,10.022557206010605,50.25,12.588824193096432,12.664490732294063,1.4102408444040992,22.415
2026-10-25 03:46:44,59.49532437760315,59.60914756318942,68.62359160218382,105.475,28.21209171512927,28.222225043286773,10.028719395647956,50.28,12.594152963414889,12.672304187997076,1.4110014168136547,22.425
2026-10-25 04:01:44,59.54401735565399,59.66116705844099,68.67575729468092,105.565,28.22313882113663,28.240064141144842,10.034516791586226,50.31,12.597282096423326,12.677274874181533,1.4111399679516887,22.43
2026-10-25 04:16:44,59.56757211791597,59.6859255197858,68.69505025235163,105.6,28.241453486432988,28.256157178501642,10.040618971660836,50.335,12.605126656962073,12.68547979915424,1.4123234869903196,22.445
2026-10-25 04:31:44,59.586298878186845,59.7084722998386,68.7211367430972,105.635,28.265967419738747,28.26919274506004,10.047795152218793,50.37,12.605126656962073,12.68547979915424,1.4123234869903196,22.445
2026-10-25 04:46:44,59.610908800599596,59.728451585802794,68.74469991296174,105.67,28.273646734942012,28.279694150294976,10.052335769137951,50.39,12.606003208339157,12.690468156949134,1.4126628612635153,22.45
2026-10-25 05:01:44,59.62699826020011,59.73899724540739,68.75893136155777,105.695,28.27513915023624,28.281808532346233,10.053421849343062,50.395,12.615323169530365,12.695431213769798,1.413517076326377,22.46
2026-10-25 05:16:44,59.64348106533049,59.75131868867903,68.77468314123006,105.72,28.28340132426106,28.292714332096622,10.055457084921489,50.41,12.61879720986416,12.698976196919052,1.4139495087842127,22.465
2026-10-25 05:31:44,59.66799900806264,59.778467199961234,68.8069770422651,105.765,28.295381156829137,28.308674728899256,10.059155327981712,50.435,12.621542323892678,12.70013418843441,1.4142801892993981,22.47
2026-10-25 05:46:44,59.67897370307499,59.7976174831415,68.82967430474756,105.8,28.302103081723207,28.313368980942887,10.062330374617243,50.45,12.625683012426409,12.703999991905592,1.4146676511964393,22.475
2026-10-25 06:01:44,59.70978810748004,59.82305443227176,68.85826551897591,105.85,28.302103081723207,28.313368980942887,10.062330374617243,50.45,12.629531199590655,12.706247470249957,1.4149293434735144,22.48
2026-10-25 06:16:44,59.71858227597507,59.82874915174868,68.86639842951598,105.86,28.308115800358568,28.319066646916625,10.06484287993575,50.46,12.629531199590655,12.706247470249957,1.4149293434735144,22.48
2026-10-25 06:31:44,59.739975253971764,59.8483758122518,68.89249830478704,105.9,28.317301784208873,28.331951537371854,10.068537960962413,50.48,12.639060119093587,12.715828764341977,1.4158716504678794,22.5
2026-10-25 06:46:44,59.7593997533982,59.86776865284764,68.91280333882503,105.93,28.32481631360882,28.34188144463445,10.071690857952285,50.495,12.647093559087281,12.721240345332022,1.4165241104722832,22.51
2026-10-25 07:01:44,59.7645939962483,59.87448754683389,68.92628528996565,105.945,28.32975287006142,28.34675966766617,10.072585165543705,50.5,12.650108948846066,12.723093794309962,1.4167076971381192,22.515
2026-10-25 07:16:44,59.7645939962483,59.87448754683389,68.92628528996565,105.945,28.32975287006142,28.34675966766617,10.072585165543705,50.5,12.650108948846066,12.723093794309962,1.4167076971381192,22.515
2026-10-25 07:31:44,59.76798865933206,59.87737064222407,68.92909806713946,105.95,28.337003363839024,28.35952176513404,10.076762413032842,50.52,12.651282981907096,12.726447377042732,1.417062444998538,22.52
2026-10-25 07:46:44,59.79256996375253,59.89314091550446,68.95803640687872,105.99,28.361684252872305,28.37344863813501,10.084519781021562,50.555,12.662500268089616,12.737757185430091,1.418373118481444,22.545
2026-10-25 08:01:44,59.81025777301546,59.90888769635752,68.97373426500121,106.02,28.3777834294158,28.392928385841977,10.090713211575029,50.585,12.662500268089616,12.737757185430091,1.418373118481444,22.545
2026-10-25 08:16:44,59.827863646338955,59.93277311667032,68.99902649359893,106.055,28.392470963330865,28.40190520057595,10.09487281319656,50.605,12.664858886909926,12.74261149776801,1.4188155710961985,22.55
2026-10-25 08:31:44,59.849701026620636,59.95675108321818,69.02511650158327,106.095,28.394725824814948,28.406820013040704,10.096212696397744,50.61,12.667020053290221,12.743825001033029,1.4192651957617448,22.555
2026-10-25 08:46:44,59.865242317058915,59.97544812127411,69.04520019102303,106.13,28.39565872444687,28.407746467574437,10.096752273335825,50.615,12.667020053290221,12.743825001033029,1.4192651957617448,22.555
2026-10-25 09:01:44,59.87352108530831,59.98663976700399,69.0539881090767,106.145,28.409220541682924,28.426878953530768,10.103306283580814,50.65,12.675627382569502,12.747709361810697,1.4197931882810115,22.565
2026-10-25 09:16:44,59.89123861851994,60.00438171881082,69.07619095790464,106.175,28.42035130182198,28.443726455324462,10.10693047253775,50.67,12.686683667318214,12.762041198162704,1.4208287222373772,22.585
2026-10-25 09:31:44,59.936737961956204,60.048223298199126,69.12158894497075,106.255,28.434164531890612,28.452504401113334,10.113011839941242,50.7,12.691009280177957,12.76587326603603,1.4211659612078076,22.59
2026-10-25 09:46:44,59.9723775318689,60.08606405064025,69.16411453828219,106.32,28.448452423479022,28.467141149591473,10.119088505743761,50.73,12.691903576109594,12.768317444212311,1.4216167287664874,22.595
2026-10-25 10:01:44,60.003677237958144,60.11294220910869,69.20098795008342,106.38,28.466757292085713,28.490123199327815,10.12598475191249,50.765,12.698541221073269,12.777910442677134,1.4225736288972721,22.61
2026-10-25 10:16:44,60.003677237958144,60.11294220910869,69.20098795008342,106.38,28.466757292085713,28.490123199327815,10.12598475191249,50.765,12.698541221073269,12.777910442677134,1.4225736288972721,22.61
2026-10-25 10:31:44,60.00821020897866,60.115990854358486,69.2037159983885,106.385,28.466757292085713,28.490123199327815,10.12598475191249,50.765,12.698541221073269,12.777910442677134,1.4225736288972721,22.61
2026-10-25 10:46:44,60.00821020897866,60.115990854358486,69.2037159983885,106.385,28.466757292085713,28.490123199327815,10.12598475191249,50.765,12.698541221073269,12.777910442677134,1.4225736288972721,22.61
2026-10-25 11:01:44,60.01119746125894,60.11689617574191,69.2080433562498,106.39,28.466757292085713,28.490123199327815,10.12598475191249,50.765,12.698541221073269,12.777910442677134,1.4225736288972721,22.61
2026-10-25 11:16:44,60.01425188603239,60.12088519345491,69.21299983431612,106.395,28.47839009103552,28.505874194354874,10.13100719113842,50.79,12.698541221073269,12.777910442677134,1.4225736288972721,22.61
2026-10-25 11:31:44,60.025598694806824,60.13323555663954,69.22488071113737,106.415,28.4814759208297,28.507960472842722,10.13237438100406,50.795,12.703355448679794,12.786515861546954,1.423143110639588,22.62
2026-10-25 11:46:44,60.06246055194105,60.171014133856204,69.27403673621781,106.49,28.502313393504107,28.531528343610635,10.140234648984363,50.835,12.715600601176114,12.796296979830808,1.4238626871565367,22.635
2026-10-25 12:01:44,60.07840515916862,60.187374581289504,69.29210896435143,106.52,28.502313393504107,28.531528343610635,10.140234648984363,50.835,12.715600601176114,12.796296979830808,1.4238626871565367,22.635
2026-10-25 12:16:44,60.119706942981395,60.22344498107581,69.330501899409,106.58,28.51977692772442,28.551516164583386,10.146493299551137,50.865,12.720253668686551,12.800710740033116,1.4243196158703084,22.645
2026-10-25 12:31:44,60.13908841325599,60.23876904383099,69.35564166395005,106.61,28.52335562387774,28.552386786679126,10.147684102255981,50.87,12.720253668686551,12.800710740033116,1.4243196158703084,22.645
2026-10-25 12:46:44,60.14879830573581,60.25175590389419,69.36981637687471,106.63,28.531303406910215,28.557598522764444,10.149702467863847,50.88,12.720253668686551,12.800710740033116,1.4243196158703084,22.645
2026-10-25 13:01:44,60.15680952581035,60.25868427625654,69.38234370034903,106.65,28.534291563440807,28.56152202283227,10.150439304133373,50.885,12.720253668686551,12.800710740033116,1.4243196158703084,22.645
2026-10-25 13:16:44,60.18250193567774,60.283235831293254,69.40943993008129,106.695,28.54386325850165,28.567489409923354,10.152567778411877,50.895,12.720253668686551,12.800710740033116,1.4243196158703084,22.645
2026-10-25 13:31:44,60.18358210827372,60.28765781184902,69.41225805320784,106.7,28.548017707931308,28.56856484045853,10.153879565258594,50.9,12.720253668686551,12.800710740033116,1.4243196158703084,22.645
2026-10-25 13:46:44,60.19130543791685,60.300228843967645,69.42257575510149,106.715,28.548017707931308,28.56856484045853,10.153879565258594,50.9,12.720253668686551,12.800710740033116,1.4243196158703084,22.645
2026-10-25 14:01:44,60.192832873223956,60.30463371878194,69.4264423923123,106.72,28.548017707931308,28.56856484045853,10.153879565258594,50.9,12.720253668686551,12.800710740033116,1.4243196158703084,22.645
2026-10-25 14:16:44,60.192832873223956,60.30463371878194,69.4264423923123,106.72,28.548017707931308,28.56856484045853,10.153879565258594,50.9,12.720253668686551,12.800710740033116,1.4243196158703084,22.645
2026-10-25 14:31:44,60.201516163748195,60.31259529923514,69.43401521191434,106.735,28.549947136194806,28.57004649994903,10.155161615087682,50.905,12.72214730912559,12.805660451955069,1.4245100489247098,22.65
2026-10-25 14:46:44,60.21576371510314,60.32662740638363,69.45341591556448,106.76,28.557970170197464,28.579212070988152,10.159335247193537,50.925,12.72214730912559,12.805660451955069,1.4245100489247098,22.65
2026-10-25 15:01:44,60.227585540011525,60.34294835528173,69.46475661022222,106.78,28.562237326981354,28.580543065985562,10.160588057262379,50.93,12.729724147581992,12.812035775568969,1.4252211831991777,22.66
2026-10-25 15:16:44,60.23616796170695,60.352068890147095,69.4716825125795,106.795,28.562237326981354,28.580543065985562,10.160588057262379,50.93,12.729724147581992,12.812035775568969,1.4252211831991777,22.66
2026-10-25 15:31:44,60.23616796170695,60.352068890147095,69.4716825125795,106.795,28.562237326981354,28.580543065985562,10.160588057262379,50.93,12.729724147581992,12.812035775568969,1.4252211831991777,22.66
2026-10-25 15:46:44,60.23616796170695,60.352068890147095,69.4716825125795,106.795,28.562237326981354,28.580543065985562,10.160588057262379,50.93,12.729724147581992,12.812035775568969,1.4252211831991777,22.66
2026-10-25 16:01:44,60.24321957712131,60.357122603028415,69.47963270116813,106.805,28.568218334255068,28.58340755930488,10.162881502463682,50.94,12.729724147581992,12.812035775568969,1.4252211831991777,22.66
2026-10-25 16:16:44,60.251571990093865,60.36334582842136,69.487241351922,106.82,28.569835452852455,28.587721211352772,10.163795328004916,50.945,12.729724147581992,12.812035775568969,1.4252211831991777,22.66
2026-10-25 16:31:44,60.26778883922121,60.3766582815039,69.49979228180733,106.84,28.578265975944692,28.597930793947455,10.166424661178267,50.96,12.733672900011326,12.813629505920828,1.4254930344211443,22.665
2026-10-25 16:46:44,60.281818914616444,60.39024341306467,69.51162183764593,106.86,28.581866789870027,28.60606210945258,10.168967194872735,50.97,12.735396061509626,12.816075669221016,1.4259109056700536,22.67
2026-10-25 17:01:44,60.29988742300416,60.4134727584835,69.5406451820925,106.905,28.587315987511044,28.61014941281479,10.170677401327332,50.98,12.735396061509626,12.816075669221016,1.4259109056700536,22.67
2026-10-25 17:16:44,60.309027225152754,60.42082333691117,69.55418849116974,106.925,28.587315987511044,28.61014941281479,10.170677401327332,50.98,12.735396061509626,12.816075669221016,1.4259109056700536,22.67
2026-10-25 17:31:44,60.319701611756,60.427904586387434,69.56295535487855,106.94,28.601825850330897,28.62294519040139,10.174087057248968,51.0,12.735396061509626,12.816075669221016,1.4259109056700536,22.67
2026-10-25 17:46:44,60.32929574034675,60.437168110563945,69.58281409291371,106.965,28.606830733303244,28.63032857237021,10.17556816641054,51.01,12.735396061509626,12.816075669221016,1.4259109056700536,22.67
2026-10-25 18:01:44,60.3365917940121,60.44181412806768,69.58911891556343,106.975,28.606830733303244,28.63032857237021,10.17556816641054,51.01,12.738575208214556,12.823438018032656,1.4265091131042553,22.68
2026-10-25 18:16:44,60.34778679750323,60.450635300136575,69.59665563259954,106.99,28.606830733303244,28.63032857237021,10.17556816641054,51.01,12.738575208214556,12.823438018032656,1.4265091131042553,22.68
2026-10-25 18:31:44,60.39070045073042,60.50140534767254,69.66142315364395,107.09,28.617810274413433,28.64160162892078,10.17823579080642,51.025,12.746385140810373,12.826261262607263,1.4270970399981628,22.69
2026-10-25 18:46:44,60.41441965664257,60.53456969590172,69.69934674646409,107.145,28.640856148861744,28.66539153758753,10.1851181612384,51.06,12.751093530690373,12.829833652747826,1.4272760202424566,22.695
2026-10-25 19:01:44,60.450486759231595,60.56988167012611,69.7368445544611,107.21,28.655771999224402,28.68625686212162,10.192817800142265,51.095,12.75352120913199,12.83264339726398,1.4276391599368277,22.7
2026-10-25 19:16:44,60.47251821503933,60.593047623347665,69.7692436171785,107.255,28.660858546543935,28.689959877388993,10.195035990066692,51.105,12.754217530170418,12.833909261483225,1.4279326754265513,22.705
2026-10-25 19:31:44,60.51184068035481,60.630658395005206,69.81184855568998,107.325,28.67830147007646,28.720962627693684,10.203590255995698,51.145,12.764299019260452,12.847515070644638,1.4290218657299152,22.725
2026-10-25 19:46:44,60.55879260527068,60.687931212382416,69.8689746875343,107.415,28.686243755638852,28.734827371413196,10.20747042256411,51.165,12.778611113015007,12.866597204646373,1.4310109339673334,22.755
2026-10-25 20:01:44,60.60666858120262,60.740601731035525,69.9193464200024,107.495,28.73497873242167,28.782037949190283,10.222895451649139,51.24,12.799324588111277,12.884393958149763,1.4330558079351134,22.785
2026-10-25 20:16:44,60.6611894710889,60.79974627661829,69.98169067719024,107.6,28.768418174521344,28.810066204140327,10.23404927542654,51.295,12.809396092033612,12.899708179332132,1.434566907409714,22.805
2026-10-25 20:31:44,60.72118521654014,60.867842469359346,70.05905767344802,107.715,28.805356574276278,28.835858551377356,10.24376869730087,51.345,12.832073136800608,12.921933638356762,1.4371502451404141,22.84
2026-10-25 20:46:44,60.78732305557686,60.931107689787815,70.12566407856892,107.83,28.841650976675403,28.88610677595302,10.261657757519389,51.43,12.846615656834027,12.936221014395821,1.4392468747332547,22.87
2026-10-25 21:01:44,60.81841025044702,60.96440269183139,70.1677439783648,107.895,28.86143888360414,28.90798167465794,10.268549321823855,51.46,12.850081434834081,12.939934398809273,1.4396995766813119,22.875
2026-10-25 21:16:44,60.82961053576351,60.97520082638445,70.17683686030232,107.915,28.865334113146922,28.913223780936143,10.270364216973128,51.47,12.861893076414484,12.945809921424601,1.4407831991499909,22.89
2026-10-25 21:31:44,60.841558110003625,60.99101973126092,70.1929738998161,107.94,28.868577768833863,28.926503041035733,10.273889013080051,51.485,12.867456788285102,12.94934819337056,1.4413546499059828,22.905
2026-10-25 21:46:44,60.87473759300322,61.01636248675557,70.22567226585008,107.995,28.888795333083696,28.951245368650852,10.281064085375121,51.525,12.873075344763015,12.952613859054049,1.4421224936258195,22.915
2026-10-25 22:01:44,60.95734144128391,61.083585569618464,70.30915591638883,108.125,28.91584303123633,28.97405050672196,10.292066707569543,51.575,12.880682258817325,12.960569662040019,1.4430762773448178,22.93
2026-10-25 22:16:44,61.0231537609137,61.15217321244958,70.39008560811276,108.235,28.94672882436028,29.007502951280653,10.304283370873128,51.635,12.891281972087409,12.974853099813801,1.4442486491423252,22.95
2026-10-25 22:31:44,61.09039164058867,61.2269952146609,70.46211471819093,108.345,28.992447989041814,29.03938563546348,10.318391930781699,51.7,12.902231774996359,12.988846112884241,1.4455755528395797,22.97
2026-10-25 22:46:44,61.13280750996341,61.267144881135984,70.5134989819556,108.425,29.005138886527206,29.054399883266882,10.324325203627351,51.725,12.909953116313488,13.005807390425973,1.4469403364499154,22.99
2026-10-25 23:01:44,61.18745844065387,61.33420272775253,70.59279886424783,108.535,29.0464993983515,29.096822967943638,10.337046632167947,51.795,12.936565585399402,13.035995460417155,1.4497208986763557,23.045
2026-10-25 23:16:44,61.24708368700987,61.39723688383299,70.6646706150776,108.64,29.09016218619039,29.133955748387415,10.348553249387878,51.86,12.943548309553135,13.048065982342973,1.45066050012083,23.06
2026-10-25 23:31:44,61.3058652923595,61.463107448285434,70.75142764908392,108.76,29.173124629423636,29.215215143092294,10.377420989180404,52.005,12.969221597963264,13.073047353537088,1.4531390269600482,23.1
2026-10-25 23:46:44,61.35558508074522,61.504869181073424,70.8094932822229,108.84,29.202106863393347,29.239244313940397,10.38782688217583,52.055,12.983731064528454,13.082582370596523,1.4540457402376639,23.115
2026-10-26 00:01:44,61.43828321894146,61.602039390677334,70.90517237908895,109.0,29.248824876833876,29.28851585319616,10.405164930744759,52.15,13.011286970282397,13.10064759671965,1.4569516417227315,23.155
2026-10-26 00:16:44,61.53497836040748,61.700911662258534,71.01664421730216,109.18,29.28655247452378,29.330418539936083,10.417735952649332,52.22,13.024243967005399,13.110620656217197,1.4584398566645536,23.18
2026-10-26 00:31:44,61.62235016068357,61.775542334817004,71.11081009312643,109.315,29.331592385845536,29.383558024051865,10.435554358484447,52.315,13.055954907241258,13.135747693077384,1.461725657576644,23.235
2026-10-26 00:46:44,61.68255137390511,61.83202827769237,71.17406231878688,109.42,29.356216523623505,29.417376587979057,10.444839115340539,52.36,13.067885467434797,13.142659971195357,1.4626294782670664,23.25
2026-10-26 01:01:44,61.75709142607164,61.895465956075,71.2463358539499,109.545,29.39179761143695,29.444583836397882,10.457030414665732,52.425,13.080206547576346,13.163034303816277,1.464771345155637,23.28
2026-10-26 01:16:44,61.86279384204248,62.01780194947502,71.36641610258509,109.74,29.45217197854419,29.5031047437183,10.4768332698826,52.535,13.114032552906883,13.192714033441609,1.4682456906254002,23.335
2026-10-26 01:31:44,61.925531319093544,62.07357108513017,71.43547269935091,109.845,29.475586211352503,29.529695311002936,10.4867750747901,52.585,13.130320619556311,13.204376145572448,1.4696103198483188,23.36
2026-10-26 01:46:44,61.971266010085415,62.12075813573725,71.48540671247675,109.93,29.498320798604855,29.55437981728204,10.496036624221176,52.63,13.151868854148317,13.223514155228479,1.471840436192015,23.395
2026-10-26 02:01:44,62.03045669618305,62.18811308431401,71.55984360234248,110.045,29.521551332983982,29.58199222400404,10.50617280621551,52.675,13.179605375951041,13.255538715435124,1.474542363392203,23.44
2026-10-26 02:16:44,62.17675099650477,62.315848816463586,71.71597658857367,110.295,29.58450200839015,29.644973047319684,10.530013445763185,52.795,13.22635774902197,13.299418336917716,1.4796041637928963,23.525
2026-10-26 02:31:44,62.27076026822028,62.41924949614385,71.84431343657823,110.495,29.6387066356898,29.693750275450917,10.54580823070755,52.885,13.279174618457983,13.341246180328127,1.484882837072499,23.61
2026-10-26 02:46:44,62.338427397424525,62.48733527827535,71.91721795600292,110.61,29.67664006775128,29.733979732608464,10.561901519251093,52.955,13.288224250021145,13.348625103396447,1.485623948948284,23.625
2026-10-26 03:01:44,62.363939295235085,62.51583177851594,71.95095703880483,110.66,29.688802662864415,29.74772722089391,10.565916382646368,52.98,13.298064902979746,13.358031079661352,1.4871682655473057,23.645
2026-10-26 03:16:44,62.391594637006726,62.54075771370073,71.98080159552273,110.7,29.700731712823732,29.757472345981657,10.569936734182848,53.0,13.311462160301359,13.375473472858957,1.4889980148024178,23.675
2026-10-26 03:31:44,62.41267106802784,62.565527166862985,72.01092244265884,110.745,29.716320766121495,29.77224445597262,10.575900877593527,53.03,13.324904538207095,13.383448408488967,1.4897215191739537,23.69
2026-10-26 03:46:44,62.45609153045444,62.611931523028076,72.06712350499575,110.83,29.734179129025176,29.787529769023102,10.582440220805902,53.06,13.334819282978696,13.393880001650173,1.4905250330894089,23.71
2026-10-26 04:01:44,62.48652822821731,62.64068703760108,72.1003088250577,110.885,29.743446973216063,29.797850724342727,10.587250151277587,53.08,13.343660898044481,13.4029095492931,1.4918703038339733,23.73
2026-10-26 04:16:44,62.51149128301688,62.66763083007549,72.12537548728261,110.93,29.760340529754753,29.81401814586879,10.59434276783464,53.115,13.343660898044481,13.4029095492931,1.4918703038339733,23.73
2026-10-26 04:31:44,62.52823372574113,62.68370164495835,72.14567526494831,110.96,29.76405573531057,29.819554710785326,10.597494356064441,53.13,13.348654664983988,13.411020825076868,1.4925447954284543,23.74
2026-10-26 04:46:44,62.56566172830754,62.714320428356345,72.19021115684188,111.025,29.77076802629319,29.82778959562066,10.599606231483014,53.14,13.354662604600449,13.413272830106633,1.4934465884454677,23.75
2026-10-26 05:01:44,62.58365692362846,62.73801230734781,72.21762618744201,111.065,29.78815181497628,29.84301860892339,10.606728494555895,53.17,13.354662604600449,13.413272830106633,1.4934465884454677,23.75
2026-10-26 05:16:44,62.637499006692074,62.80465022549924,72.29341599171256,111.175,29.808908562784858,29.87328539791099,10.616131891868243,53.215,13.365082791222292,13.420913922970032,1.4945817907824126,23.765
2026-10-26 05:31:44,62.658203729932,62.82124421383907,72.31238771055938,111.21,29.822616758889684,29.882572764306232,10.619421626498601,53.235,13.365082791222292,13.420913922970032,1.4945817907824126,23.765
2026-10-26 05:46:44,62.67713912286348,62.842362929480075,72.34013173227912,111.25,29.82921154258517,29.893133227463828,10.622390159082721,53.25,13.368925927410087,13.429276527551385,1.495256142416547,23.775
2026-10-26 06:01:44,62.68340327897132,62.85095028348618,72.35209247590255,111.27,29.832167380634196,29.90018580312776,10.625171364553076,53.265,13.368925927410087,13.429276527551385,1.495256142416547,23.775
2026-10-26 06:16:44,62.68698164390803,62.856688327115755,72.35764366821738,111.28,29.834200046622176,29.902437239416063,10.626648935300615,53.27,13.368925927410087,13.429276527551385,1.495256142416547,23.775
2026-10-26 06:31:44,62.713349562026025,62.884406037521934,72.38009260770312,111.325,29.84064975269356,29.90650326768447,10.62836527086598,53.28,13.368925927410087,13.429276527551385,1.495256142416547,23.775
2026-10-26 06:46:44,62.731729164658226,62.897094894226335,72.39699245119054,111.355,29.849959638041206,29.917737532371437,10.632633881353133,53.3,13.37438840945653,13.433488392902388,1.4959585840269978,23.785
2026-10-26 07:01:44,62.77196333749025,62.93845289789316,72.43792599908495,111.42,29.86787561412626,29.930157602424543,10.639179242384843,53.33,13.378788553832871,13.436174147795862,1.4961158807661252,23.79
2026-10-26 07:16:44,62.81382662170167,62.9881703826882,72.49306569113976,111.5,29.883983409160095,29.944056622088244,10.64329408835526,53.355,13.380740097628266,13.444127723862982,1.4968781862803011,23.8
2026-10-26 07:31:44,62.8524261790755,63.02719968744135,72.5306591003192,111.57,29.902190276072837,29.961712730628765,10.649923695821968,53.385,13.393328632430583,13.455649160587475,1.4983171806085633,23.815
2026-10-26 07:46:44,62.883060424488455,63.05140975307347,72.56869668476496,111.625,29.93581338558389,29.98382334188317,10.657837550087008,53.435,13.413205728169217,13.47141551141734,1.5002414296179558,23.845
2026-10-26 08:01:44,62.89782707900102,63.0666975754839,72.58320144145924,111.655,29.93581338558389,29.98382334188317,10.657837550087008,53.435,13.418899901226105,13.476637552132672,1.5008486887479213,23.855
2026-10-26 08:16:44,62.94696675590867,63.11272511400593,72.6495558916376,111.755,29.95123060478293,29.995128806273094,10.662505745142647,53.46,13.420830290722922,13.47733632001131,1.5011613313125387,23.86
2026-10-26 08:31:44,62.97099439992771,63.14037712877327,72.67273753013393,111.8,29.955342592268387,29.998464333596708,10.663868158662435,53.47,13.420830290722922,13.47733632001131,1.5011613313125387,23.86
2026-10-26 08:46:44,63.01761621125186,63.183907047922574,72.72260539118824,111.875,29.959194097467016,30.00631670294001,10.667325053180344,53.485,13.42791173145032,13.48314874423204,1.5016867956100444,23.87
2026-10-26 09:01:44,63.0477885300557,63.213868818855715,72.76252577869785,111.93,29.979471679895017,30.028981290004296,10.673678134982296,53.52,13.435257851069723,13.487489800324933,1.5028979857236135,23.885
2026-10-26 09:16:44,63.0757686718016,63.250370678213095,72.7920545911823,111.98,29.985158093383166,30.034388073308207,10.675966718495296,53.53,13.436641477127619,13.488857158611621,1.5030580868994605,23.89
2026-10-26 09:31:44,63.12454708677352,63.31260269195043,72.85777341171521,112.07,30.006461737931943,30.05568065227066,10.682931350421041,53.57,13.443168161597885,13.492646197242756,1.5038143734528222,23.9
2026-10-26 09:46:44,63.16088587906823,63.34868667260199,72.89205960446127,112.125,30.030903094702765,30.07115860746717,10.688585195567141,53.605,13.446262124765804,13.496861917562898,1.5044319336786112,23.91
2026-10-26 10:01:44,63.19077194912023,63.389668760081356,72.93640132850219,112.19,30.049091030051734,30.08350362172979,10.695014893899609,53.635,13.457205763019976,13.510209932200171,1.5056252539766952,23.93
2026-10-26 10:16:44,63.28610228144058,63.46790998888805,73.03634524091986,112.34,30.09737818431149,30.136163255305465,10.713119426776986,53.725,13.478878673988419,13.529206494416407,1.5080325394429612,23.97
2026-10-26 10:31:44,63.30385901435602,63.49402995587604,73.06564260560198,112.38,30.101537868837728,30.139593868366934,10.715369939301825,53.74,13.482106010167914,13.533914901753336,1.5082037442579648,23.975
2026-10-26 10:46:44,63.32109864314013,63.521107940691756,73.08753878106005,112.415,30.104237094030633,30.14169961007914,10.7178455730052,53.75,13.49245001600293,13.545044782173832,1.5087837624482483,23.99
2026-10-26 11:01:44,63.35604484117881,63.55628866149553,73.13471945577547,112.48,30.112676127893153,30.14691595906012,10.721550319486951,53.765,13.49867355493605,13.552360756853174,1.5098399930722244,24.005
2026-10-26 11:16:44,63.37602669627941,63.565012939773084,73.14981252173436,112.505,30.121645025571542,30.159063641642653,10.725047983972177,53.78,13.49867355493605,13.552360756853174,1.5098399930722244,24.005
2026-10-26 11:31:44,63.412398618922715,63.61314571663709,73.19188370379159,112.57,30.135907449016308,30.17373844964714,10.72850339216831,53.8,13.501505201477624,13.556856274707112,1.5101890359213297,24.01
2026-10-26 11:46:44,63.4349598403557,63.648172585351965,73.23465803459902,112.625,30.139157826676474,30.17736236094198,10.72977693722103,53.805,13.501505201477624,13.556856274707112,1.5101890359213297,24.01
2026-10-26 12:01:44,63.4744198239372,63.68487305614555,73.28728819765446,112.705,30.150070044805407,30.18949746268051,10.732239144976129,53.82,13.505219658829686,13.559715947210634,1.5106615615309302,24.015
2026-10-26 12:16:44,63.48629593734975,63.70573775466268,73.30121058338368,112.735,30.152863196807346,30.19098009205157,10.733324193227368,53.825,13.512249460515417,13.56652466792332,1.511555629099346,24.025
2026-10-26 12:31:44,63.49773275815013,63.71537941201462,73.31396104682374,112.755,30.152863196807346,30.19098009205157,10.733324193227368,53.825,13.51511601220146,13.570753477620146,1.5120238370005572,24.03
2026-10-26 12:46:44,63.52295689112537,63.744760660683134,73.35586483887865,112.81,30.157183858615127,30.197811756801475,10.736835857743595,53.84,13.528226869634885,13.579123778639186,1.5130863558865497,24.05
2026-10-26 13:01:44,63.548374862890846,63.7760540327729,73.38295181517691,112.855,30.168719592605672,30.20994021310586,10.741318815787867,53.86,13.532398010859147,13.581667205247879,1.5132239888023749,24.055
2026-10-26 13:16:44,63.57156176097115,63.80200766792567,73.40814552079613,112.895,30.168719592605672,30.20994021310586,10.741318815787867,53.86,13.53599688408231,13.582919410255634,1.5135745178299462,24.06
2026-10-26 13:31:44,63.580697380447795,63.825081728563326,73.42823581664841,112.925,30.18069671999025,30.223045338093026,10.74563675066604,53.88,13.5409782217494,13.585123306425333,1.5140246161273754,24.07
2026-10-26 13:46:44,63.590317447915105,63.83889829303109,73.44058111311561,112.945,30.18069671999025,30.223045338093026,10.74563675066604,53.88,13.542437529204083,13.589319583148946,1.5143275053803051,24.075
2026-10-26 14:01:44,63.60376191474408,63.85361427967169,73.46067285280228,112.975,30.189863583845643,30.229539963698393,10.748644198212594,53.895,13.542437529204083,13.589319583148946,1.5143275053803051,24.075
2026-10-26 14:16:44,63.60499779630753,63.85593627555987,73.46454562973526,112.98,30.197001960373925,30.23298881155483,10.75063130235137,53.905,13.542437529204083,13.589319583148946,1.5143275053803051,24.075
2026-10-26 14:31:44,63.621058076984035,63.87712154316678,73.48990681181029,113.015,30.197001960373925,30.23298881155483,10.75063130235137,53.905,13.542437529204083,13.589319583148946,1.5143275053803051,24.075
2026-10-26 14:46:44,63.63389595848103,63.88979783718671,73.50143446443283,113.04,30.197001960373925,30.23298881155483,10.75063130235137,53.905,13.542437529204083,13.589319583148946,1.5143275053803051,24.075
2026-10-26 15:01:44,63.64277471137016,63.89826143615555,73.51380158306375,113.055,30.21014965549549,30.244399788849698,10.75322494355804,53.92,13.542437529204083,13.589319583148946,1.5143275053803051,24.075
2026-10-26 15:16:44,63.66319145911716,63.91628245480423,73.54412757599327,113.095,30.22001765918882,30.250060817881614,10.755280508124011,53.93,13.542437529204083,13.589319583148946,1.5143275053803051,24.075
2026-10-26 15:31:44,63.68363198493264,63.930924738487654,73.56305509715158,113.125,30.22001765918882,30.250060817881614,10.755280508124011,53.93,13.542437529204083,13.589319583148946,1.5143275053803051,24.075
2026-10-26 15:46:44,63.693164879855786,63.93642078553612,73.57062857305037,113.135,30.226331810439383,30.262001082433873,10.758957148379361,53.945,13.54459718525342,13.590492230337373,1.5146146020265348,24.08
2026-10-26 16:01:44,63.693164879855786,63.93642078553612,73.57062857305037,113.135,30.226331810439383,30.262001082433873,10.758957148379361,53.945,13.548913321680601,13.594686619315922,1.5149769841853122,24.085
2026-10-26 16:16:44,63.724612300520306,63.96133278006706,73.60595831538713,113.185,30.2304663354917,30.263048179235504,10.759699972010866,53.95,13.548913321680601,13.594686619315922,1.5149769841853122,24.085
2026-10-26 16:31:44,63.724612300520306,63.96133278006706,73.60595831538713,113.185,30.23485707881652,30.26583603492732,10.761134245458278,53.955,13.549954337121408,13.599013628127167,1.5151776203867873,24.09
2026-10-26 16:46:44,63.724612300520306,63.96133278006706,73.60595831538713,113.185,30.23485707881652,30.26583603492732,10.761134245458278,53.955,13.549954337121408,13.599013628127167,1.5151776203867873,24.09
2026-10-26 17:01:44,63.74479007441831,63.983197083678405,73.624131105907,113.215,30.23485707881652,30.26583603492732,10.761134245458278,53.955,13.553345975664461,13.601464972071485,1.515570397314251,24.095
2026-10-26 17:16:44,63.752427696247594,63.993301795678,73.64047386052597,113.235,30.24253108709256,30.269456827411663,10.763535849609084,53.965,13.553345975664461,13.601464972071485,1.515570397314251,24.095
2026-10-26 17:31:44,63.76571089148811,64.0020246797512,73.65132552098397,113.25,30.24635098073464,30.272480764206442,10.764716107269297,53.97,13.558225815671662,13.604552725365552,1.516036479187243,24.1
2026-10-26 17:46:44,63.77900664958797,64.01655817635631,73.66966759287904,113.28,30.26031565471681,30.28411455605612,10.769711681005322,53.995,13.558225815671662,13.604552725365552,1.516036479187243,24.1
2026-10-26 18:01:44,63.7961448804836,64.03828438396216,73.68949049261803,113.315,30.2632416946637,30.287437940671875,10.770783654524397,54.0,13.558225815671662,13.604552725365552,1.516036479187243,24.1
2026-10-26 18:16:44,63.81142916655565,64.05268550922571,73.7083169835394,113.34,30.266702316619323,30.290112318234375,10.77147485503017,54.005,13.558225815671662,13.604552725365552,1.516036479187243,24.1
2026-10-26 18:31:44,63.848117240277695,64.08850119336302,73.75187331716633,113.405,30.290404778706822,30.31622137694896,10.780414782232226,54.05,13.56997118203193,13.621109294782197,1.5179850807807036,24.125
2026-10-26 18:46:44,63.87886681878579,64.11137280047384,73.7851038089322,113.46,30.299354112251425,30.32589226259787,10.782457435205467,54.065,13.579018404226689,13.62896746418498,1.5193754732036089,24.14
2026-10-26 19:01:44,63.932242394961136,64.15823121955958,73.83982972637453,113.545,30.34186135403198,30.374491190892925,10.797509644848557,54.145,13.58541457106175,13.6359619630198,1.5197789190945135,24.15
2026-10-26 19:16:44,63.95482564812003,64.18366635032702,73.87593323185216,113.595,30.36327841266575,30.392951568006946,10.805386105553508,54.18,13.589729432258075,13.642969481096419,1.5203350595557048,24.165
2026-10-26 19:31:44,64.0122865002608,64.2366953500735,73.95380381318112,113.7,30.38531892185664,30.410457171546746,10.812465836578887,54.215,13.608494903222425,13.656524373296476,1.521436151961755,24.19
2026-10-26 19:46:44,64.09596272603044,64.31670916171895,74.05284383165315,113.855,30.427619174478558,30.447712685649787,10.829273311402767,54.295,13.62911062640024,13.676104280432767,1.5236213487832975,24.225
2026-10-26 20:01:44,64.16203479066989,64.37259082306932,74.13014433615345,113.96,30.446217703841253,30.469510331999626,10.837393758522003,54.33,13.633768549191867,13.678612177512797,1.5237477925934646,24.23
2026-10-26 20:16:44,64.18822457253273,64.3951309858467,74.15579474235079,113.995,30.45692266252035,30.480078323973448,10.841683714411106,54.35,13.638132188452202,13.682381008190188,1.5239048190145912,24.235
2026-10-26 20:31:44,64.1957328217773,64.40569539319631,74.168392475066,114.015,30.478095957285973,30.49173477340161,10.845559556312537,54.375,13.64353058444592,13.688379221899199,1.5245673767317391,24.245
2026-10-26 20:46:44,64.22187256846387,64.43129183969673,74.19705533966713,114.06,30.5039290072917,30.517916970122748,10.852681619754563,54.415,13.647913736680993,13.692160236236365,1.5247223467250606,24.25
2026-10-26 21:01:44,64.26226972045544,64.47164136162799,74.24465833693894,114.13,30.517165388056892,30.53523335011622,10.858184173863615,54.445,13.655564248400474,13.700505294890869,1.525584389878913,24.265
2026-10-26 21:16:44,64.31894919815471,64.5163852481776,74.29697611590083,114.225,30.539977583588687,30.560389822389897,10.86675384226565,54.49,13.669632083442412,13.710067792222414,1.5268036876165254,24.285
2026-10-26 21:31:44,64.37557985271371,64.56191473003155,74.36763591400829,114.325,30.579843874325938,30.59491336844556,10.880229866276439,54.555,13.688621037257862,13.724443544362957,1.528772543755696,24.32
2026-10-26 21:46:44,64.39957529840102,64.58554132727193,74.39653301423179,114.37,30.615617411182207,30.62501870288096,10.890713782673519,54.61,13.688621037257862,13.724443544362957,1.528772543755696,24.32
2026-10-26 22:01:44,64.42063516987875,64.60321693623338,74.42121303368813,114.41,30.6331598090995,30.63898340653374,10.897581868128933,54.64,13.70364651682282,13.736217939737255,1.5303294328923729,24.345
2026-10-26 22:16:44,64.5375273807989,64.71569476264986,74.55163202756498,114.605,30.700679703145653,30.702537670189628,10.921825006669225,54.76,13.731730836516405,13.76255984797722,1.5333459953934896,24.39
2026-10-26 22:31:44,64.6187756703116,64.78782752382719,74.628951620534,114.74,30.724893465956242,30.72594252735272,10.93084563597732,54.805,13.75302112908602,13.781170585626345,1.5352014842877224,24.425
2026-10-26 22:46:44,64.66691956933006,64.84107836730351,74.68966566424025,114.83,30.73926646474943,30.748568916188493,10.937553469358045,54.84,13.754834475833436,13.78582013622279,1.5356963139352426,24.43
2026-10-26 23:01:44,64.75772313571919,64.93557222215547,74.82267429549903,115.015,30.778437309349815,30.78769748274258,10.95034454060339,54.91,13.773887402273145,13.807675968335882,1.5377585026147291,24.465
2026-10-26 23:16:44,64.78719558108317,64.96616807269656,74.86699773631794,115.085,30.833477110434572,30.84161886896267,10.969490803308565,55.005,13.790491064943701,13.82974507421609,1.5399218788056235,24.5
2026-10-26 23:31:44,64.86181818726153,65.03875286239337,74.94989218781336,115.225,30.86523874063809,30.878728630666448,10.981249410101986,55.07,13.805800308292266,13.85287477147648,1.5420648758786972,24.535
2026-10-26 23:46:44,64.89412085478978,65.07407561462705,74.9981916964348,115.3,30.896950638034422,30.902927297349915,10.991001765303638,55.12,13.817015370833426,13.86107790715781,1.5432699936409324,24.555
2026-10-27 00:01:44,64.9801959934653,65.16096608845045,75.1046548207586,115.47,30.944074578858896,30.951736122681787,11.007256412235444,55.21,13.832986120308348,13.876482154146881,1.545749034948307,24.585
2026-10-27 00:16:44,65.0658935390534,65.23969429569776,75.20514884830823,115.625,30.98936234158862,31.000149769530605,11.021834194454826,55.29,13.858796515813543,13.903408335782792,1.5486079772457233,24.63
2026-10-27 00:31:44,65.09223316874902,65.27232861116266,75.24026266734336,115.68,31.0030596953937,31.01520972572537,11.025430541069667,55.315,13.868074715343827,13.913103087377813,1.5497445592266965,24.645
2026-10-27 00:46:44,65.14548486464959,65.33848602903151,75.30733903120522,115.785,31.05210213319485,31.052315699207366,11.040680389489347,55.395,13.880616315551558,13.924664125712207,1.5511930927635906,24.67
2026-10-27 01:01:44,65.24880105127515,65.43950463366964,75.41488527532205,115.95,31.115288229171703,31.11521636115106,11.060952422027956,55.495,13.911507723198625,13.952965027035457,1.5548881360324747,24.73
2026-10-27 01:16:44,65.28228112366983,65.47912346841603,75.46097538196199,116.02,31.133227025666823,31.1353642642879,11.068264168217663,55.53,13.933207401048548,13.964115570302578,1.5568762825675704,24.76
2026-10-27 01:31:44,65.34500599155739,65.54698187270164,75.52668768565869,116.13,31.15958493521363,31.156011217733383,11.077391424006635,55.58,13.936868234635487,13.967649507940344,1.5570629780100056,24.765
2026-10-27 01:46:44,65.37270552710532,65.57306854665686,75.5573650111641,116.175,31.165913495587017,31.164975321131354,11.080611526442993,55.595,13.936868234635487,13.967649507940344,1.5570629780100056,24.765
2026-10-27 02:01:44,65.47574281696397,65.68392294840072,75.67902062192988,116.35,31.232016948108225,31.24272987170314,11.105800588565737,55.715,13.97100491169986,14.00085382522942,1.5607479896683478,24.825
2026-10-27 02:16:44,65.56089043491261,65.75850451222355,75.77834449536836,116.505,31.253833339037122,31.2651203141124,11.112807357357925,55.755,13.980177994400965,14.01039601561884,1.5620436408187184,24.845
2026-10-27 02:31:44,65.7656464892702,65.92532876668614,76.00224086188716,116.81,31.31072345023055,31.31646634105851,11.134904372655264,55.86,14.039402154126806,14.061977612511377,1.566856420853972,24.935
2026-10-27 02:46:44,65.88169437836486,66.02882431848955,76.12484269496242,116.995,31.37354628883412,31.373518894214765,11.157074146486693,55.975,14.066389784509129,14.085196693251138,1.569787765902807,24.98
2026-10-27 03:01:44,65.95902791991774,66.1004797153138,76.20167237133883,117.115,31.403800757790943,31.397121028755596,11.170355707884346,56.035,14.073086520514025,14.092285924066648,1.5702072933410327,24.995
2026-10-27 03:16:44,66.01609763443523,66.15942264613479,76.26707060784805,117.215,31.442078522293876,31.431218807060926,11.183042291762442,56.095,14.086323692646289,14.100625117052504,1.571458425285734,25.015
2026-10-27 03:31:44,66.08196613632414,66.22906559833434,76.34135976271524,117.34,31.47435588523139,31.46575645634327,11.196000204437542,56.16,14.102005731591902,14.122886690319094,1.5739409959672475,25.05
2026-10-27 03:46:44,66.1531815659393,66.30279445013859,76.4313785532032,117.475,31.502518620060915,31.503544922682234,11.208370617219776,56.22,14.12463617111423,14.138275726337696,1.575374024253964,25.08
2026-10-27 04:01:44,66.24140085638584,66.39270776345477,76.52539662403525,117.625,31.53810776169519,31.54205245002981,11.22033783214502,56.28,14.149815236361874,14.163928711321285,1.5778268677945106,25.12
2026-10-27 04:16:44,66.25653278974737,66.4060777517844,76.54405485283935,117.655,31.541811690982716,31.546040661988464,11.22134817007812,56.285,14.162730194901913,14.172663757071582,1.5788596989860928,25.135
2026-10-27 04:31:44,66.28381382238615,66.43369479142055,76.57314889108837,117.7,31.55634329959397,31.55340430007457,11.224376387781588,56.305,14.168823100804326,14.179274064458728,1.5797096077085087,25.15
2026-10-27 04:46:44,66.30695941340153,66.44960354482092,76.59901360861885,117.74,31.573487033584698,31.567806521904824,11.229488276284139,56.33,14.174156982285531,14.184766375149438,1.5805468479950957,25.16
2026-10-27 05:01:44,66.33357841284806,66.47763744645358,76.62642017687801,117.785,31.594092092781572,31.592714300102656,11.237172465726976,56.365,14.17999394465549,14.191908125925378,1.581286754057926,25.17
2026-10-27 05:16:44,66.34842584372618,66.49675200522805,76.64914352937187,117.82,31.601960944605352,31.600155944584607,11.239068606934222,56.38,14.182565892961403,14.192679716605904,1.5816447876047632,25.175
2026-10-27 05:31:44,66.403799505732,66.55259154309029,76.71212267907033,117.92,31.63625567320404,31.622962910289758,11.251802366753038,56.435,14.203299847724464,14.214252004872383,1.5833369588776636,25.205
2026-10-27 05:46:44,66.43816233936322,66.59853699703504,76.75959447387035,117.995,31.659443033469834,31.644136349839062,11.258347744634184,56.47,14.222893662224385,14.231515243130655,1.5851498632175527,25.23
2026-10-27 06:01:44,66.51618186239196,66.67006653273714,76.85485574030426,118.13,31.672520866285506,31.66625258821799,11.264617352542293,56.5,14.23110036836429,14.238304413617868,1.5861483948549004,25.245
2026-10-27 06:16:44,66.57664381025738,66.72241030664915,76.91817733886916,118.23,31.6919309926457,31.682233485496244,11.26971657595438,56.53,14.241984008543914,14.246618832486945,1.5870609097604695,25.26
2026-10-27 06:31:44,66.57664381025738,66.72241030664915,76.91817733886916,118.23,31.6919309926457,31.682233485496244,11.26971657595438,56.53,14.241984008543914,14.246618832486945,1.5870609097604695,25.26
2026-10-27 06:46:44,66.58125266882668,66.727689683547,76.92448485784553,118.24,31.6999976527719,31.688546900592055,11.27188839889869,56.54,14.241984008543914,14.246618832486945,1.5870609097604695,25.26
2026-10-27 07:01:44,66.61612005124397,66.75921557693432,76.95948048712016,118.3,31.709839716838594,31.69920736240409,11.276284076523643,56.56,14.250343599171849,14.253599717434357,1.5878932746127223,25.27
2026-10-27 07:16:44,66.68517969950341,66.81248025456131,77.03203867088074,118.42,31.742312129716023,31.729165658940474,11.28611873191251,56.61,14.265347104189768,14.26520677027505,1.5892624056709321,25.29
2026-10-27 07:31:44,66.77773040210506,66.89033666762415,77.12282294599018,118.565,31.7901675831829,31.782005301929168,11.302883826593716,56.695,14.285119626921174,14.284478576503819,1.5913459074433873,25.325
2026-10-27 07:46:44,66.78971919331569,66.90234588430592,77.13762527713631,118.585,31.80288495583282,31.796948834852163,11.308054952730133,56.715,14.29514481840656,14.29031800410316,1.5919539555829476,25.34
2026-10-27 08:01:44,66.79367004034563,66.90425745895337,77.14031291000772,118.59,31.803818131657202,31.799289604575886,11.308751399340341,56.72,14.29514481840656,14.29031800410316,1.5919539555829476,25.34
2026-10-27 08:16:44,66.83034279106923,66.94676925961342,77.18653995519591,118.665,31.809006553168366,31.80189282756277,11.31057104612407,56.73,14.3059713834764,14.303795305676664,1.5933113522643176,25.36
2026-10-27 08:31:44,66.87717143836836,66.99707954528989,77.23936569835796,118.75,31.818714021478193,31.817044072230093,11.315400421417948,56.75,14.312812154114901,14.308627819852138,1.5940269151481858,25.37
2026-10-27 08:46:44,66.90206905937545,67.02011149725476,77.27039946087761,118.8,31.83225102443751,31.826778099701666,11.320496121415315,56.77,14.319725807945783,14.317070948946904,1.5946355143059365,25.385
2026-10-27 09:01:44,66.94185318445548,67.0576133850503,77.3149524815106,118.865,31.855484021099738,31.845695583530436,11.326184521649047,56.805,14.323988551715859,14.31911938541712,1.594921512761878,25.39
2026-10-27 09:16:44,67.06528551070946,67.18790319414637,77.46822001657286,119.085,31.90959436906248,31.901241060219917,11.342426822987672,56.895,14.360878239498586,14.355227936889973,1.5981103536846213,25.45
2026-10-27 09:31:44,67.15707196443947,67.28282924497104,77.58264717082798,119.25,31.937722197940605,31.93861936235469,11.354290196138653,56.96,14.373262999057074,14.371336245751435,1.5991914316612108,25.47
2026-10-27 09:46:44,67.2329519190852,67.35447755973914,77.6611624110608,119.38,31.966420272469154,31.972452449270314,11.364655504866285,57.015,14.390953509540491,14.386536293210503,1.600347701344453,25.495
2026-10-27 10:01:44,67.27167075289721,67.39387238684597,77.70574716236882,119.45,31.987318210793713,31.99020413354834,11.372308898621037,57.05,14.413719566110752,14.405894808700973,1.6028965752019202,25.535
2026-10-27 10:16:44,67.315523396773,67.44846270019904,77.76269908078704,119.54,31.993524106107714,32.00579649224949,11.376569430405095,57.07,14.42071661635533,14.413272079937347,1.6036849135109836,25.55
2026-10-27 10:31:44,67.33017694734512,67.46297748996562,77.77833105374239,119.565,31.993524106107714,32.00579649224949,11.376569430405095,57.07,14.426667509092992,14.42217874653826,1.604678520274418,25.56
2026-10-27 10:46:44,67.35063390787158,67.47723169664398,77.79838495198291,119.595,31.993524106107714,32.00579649224949,11.376569430405095,57.07,14.426667509092992,14.42217874653826,1.604678520274418,25.56
2026-10-27 11:01:44,67.36150829000955,67.48798822054817,77.81379095317685,119.615,31.995900506763476,32.0099435968308,11.377580437499095,57.075,14.426667509092992,14.42217874653826,1.604678520274418,25.56
2026-10-27 11:16:44,67.36150829000955,67.48798822054817,77.81379095317685,119.615,31.997973536294232,32.012346128319656,11.37839348424753,57.08,14.426667509092992,14.42217874653826,1.604678520274418,25.56
2026-10-27 11:31:44,67.37758234220985,67.50151571156755,77.83242827572712,119.645,32.006858127848375,32.02027739414559,11.381517724080588,57.095,14.428473177812773,14.426743274870317,1.6051273262509504,25.565
2026-10-27 11:46:44,67.39742334996888,67.51584370700371,77.85241721363155,119.675,32.01067408825261,32.02377464895013,11.382598444161138,57.1,14.4292273616363,14.431076494455768,1.605416942447052,25.57
2026-10-27 12:01:44,67.4041079959309,67.51942291205253,77.85671716895708,119.685,32.01500834681497,32.031850555741585,11.384611246789872,57.11,14.4292273616363,14.431076494455768,1.605416942447052,25.57
2026-10-27 12:16:44,67.41350206119058,67.53092504571404,77.87170777083573,119.705,32.02438857307452,32.04036787155798,11.389291714064033,57.13,14.430055173011967,14.432389292670129,1.605860979143448,25.575
2026-10-27 12:31:44,67.41350206119058,67.53092504571404,77.87170777083573,119.705,32.02438857307452,32.04036787155798,11.389291714064033,57.13,14.430055173011967,14.432389292670129,1.605860979143448,25.575
2026-10-27 12:46:44,67.42366554148329,67.5400074197473,77.88203997533087,119.72,32.02929614257245,32.04122714171556,11.389826461953817,57.135,14.430055173011967,14.432389292670129,1.605860979143448,25.575
2026-10-27 13:01:44,67.43715193838219,67.55006082680303,77.90348862921346,119.745,32.02929614257245,32.04122714171556,11.389826461953817,57.135,14.430055173011967,14.432389292670129,1.605860979143448,25.575
2026-10-27 13:16:44,67.44327698453989,67.55759898035443,77.91211264788537,119.76,32.02929614257245,32.04122714171556,11.389826461953817,57.135,14.43085378093492,14.435385526940244,1.605995862859477,25.58
2026-10-27 13:31:44,67.45817158287774,67.57226628957791,77.92373841927869,119.78,32.032777168095265,32.04298163641682,11.391123895959456,57.14,14.43085378093492,14.435385526940244,1.605995862859477,25.58
2026-10-27 13:46:44,67.47154697197199,67.58327412668594,77.93316787995067,119.795,32.032777168095265,32.04298163641682,11.391123895959456,57.14,14.432337675716964,14.439037907614042,1.6064831926835528,25.585
2026-10-27 14:01:44,67.47937856425193,67.59572043917206,77.94190959308864,119.81,32.04732808967778,32.05829526856026,11.395594334181931,57.165,14.43360321761762,14.439861675985306,1.6066425641467872,25.59
2026-10-27 14:16:44,67.48448446244903,67.60110888197934,77.94769214197721,119.82,32.04972360416589,32.062568039230946,11.39631881451584,57.17,14.43360321761762,14.439861675985306,1.6066425641467872,25.59
2026-10-27 14:31:44,67.48808178761256,67.60583637427968,77.95200297318802,119.825,32.052550344156046,32.06595394582056,11.397076460813409,57.175,14.438288343904752,14.440495941779027,1.606873825765694,25.595
2026-10-27 14:46:44,67.49805455385076,67.6152836810991,77.96591990119653,119.84,32.052550344156046,32.06595394582056,11.397076460813409,57.175,14.438288343904752,14.440495941779027,1.606873825765694,25.595
2026-10-27 15:01:44,67.49805455385076,67.6152836810991,77.96591990119653,119.84,32.05674729264268,32.06775042061993,11.398446318498772,57.18,14.438288343904752,14.440495941779027,1.606873825765694,25.595
2026-10-27 15:16:44,67.50496236834492,67.62267442358505,77.97349265197218,119.855,32.05674729264268,32.06775042061993,11.398446318498772,57.18,14.438288343904752,14.440495941779027,1.606873825765694,25.595
2026-10-27 15:31:44,67.5348423669531,67.65322144039767,78.00783607398294,119.91,32.064634048694316,32.072612810752275,11.399688743595812,57.19,14.438288343904752,14.440495941779027,1.606873825765694,25.595
2026-10-27 15:46:44,67.56086464344197,67.67639592763531,78.02676561791422,119.945,32.06673998288554,32.07390396805974,11.400950310510922,57.195,14.442978072280555,14.444350573742891,1.60731735388888,25.6
2026-10-27 16:01:44,67.56399224078909,67.67743029445917,78.03041851245955,119.95,32.06840881684966,32.07777487191962,11.401982519074489,57.2,14.442978072280555,14.444350573742891,1.60731735388888,25.6
2026-10-27 16:16:44,67.58379866097374,67.69251558364842,78.04643997915224,119.98,32.07115622101971,32.07920351543117,11.403327377063347,57.205,14.442978072280555,14.444350573742891,1.60731735388888,25.6
2026-10-27 16:31:44,67.59022996880174,67.70255504811838,78.06051552402175,119.995,32.073566394573334,32.08366230239317,11.403848740384598,57.21,14.445862784195233,14.448791664198305,1.6076924140350097,25.605
2026-10-27 16:46:44,67.61103534225961,67.71176879566647,78.0805091008416,120.025,32.073566394573334,32.08366230239317,11.403848740384598,57.21,14.445862784195233,14.448791664198305,1.6076924140350097,25.605
2026-10-27 17:01:44,67.62716299496847,67.72218442128573,78.098365774794,120.05,32.073566394573334,32.08366230239317,11.403848740384598,57.21,14.449693859253953,14.449433912247716,1.6081106589014489,25.61
2026-10-27 17:16:44,67.64773332215059,67.73729672639234,78.11582276238705,120.08,32.073566394573334,32.08366230239317,11.403848740384598,57.21,14.450793818312203,14.452375176676286,1.6084725394149164,25.615
2026-10-27 17:31:44,67.66109074439072,67.75450068431479,78.13106485704104,120.105,32.078482228961064,32.09257106343181,11.407031175492863,57.225,14.4561108561051,14.463654131977808,1.6093693687403872,25.63
2026-10-27 17:46:44,67.68202762351143,67.78247128468594,78.1557585672235,120.14,32.086756576037644,32.10402737351292,11.409568475446594,57.24,14.4561108561051,14.463654131977808,1.6093693687403872,25.63
2026-10-27 18:01:44,67.68686762720745,67.79113688496021,78.16265427332876,120.15,32.086756576037644,32.10402737351292,11.409568475446594,57.24,14.4561108561051,14.463654131977808,1.6093693687403872,25.63
2026-10-27 18:16:44,67.69086756034453,67.79731522096645,78.1694424348549,120.16,32.086756576037644,32.10402737351292,11.409568475446594,57.24,14.4561108561051,14.463654131977808,1.6093693687403872,25.63
2026-10-27 18:31:44,67.71187619965603,67.81362376247876,78.19473404199918,120.195,32.10360773831141,32.12200799151954,11.414358489997529,57.265,14.4561108561051,14.463654131977808,1.6093693687403872,25.63
2026-10-27 18:46:44,67.75836956307539,67.85300954678206,78.2338589917533,120.26,32.11510940536995,32.127839678246225,11.416891412790225,57.28,14.46508668712495,14.473931956361707,1.6106145246516022,25.65
2026-10-27 19:01:44,67.80373474951601,67.90138452456222,78.28663600399383,120.34,32.1248358574289,32.133590318901,11.419611227457649,57.295,14.469570492804085,14.475600292549581,1.6109179369736786,25.655
2026-10-27 19:16:44,67.84360151539032,67.94004507657111,78.32706478032412,120.405,32.14464551590763,32.14304430001331,11.426805440764975,57.325,14.479983513795297,14.486736645872327,1.6121710599836272,25.675
2026-10-27 19:31:44,67.90164979796987,67.99517897244777,78.38738344772963,120.505,32.16822762017501,32.159543544610365,11.43646085288969,57.365,14.505516786942595,14.506564996136586,1.6142781160408461,25.71
2026-10-27 19:46:44,67.95895961524529,68.04446315540366,78.45773382866639,120.61,32.20444436331427,32.19662588809473,11.449278563697392,57.43,14.514806714305072,14.511132710611845,1.6158191587679989,25.73
2026-10-27 20:01:44,68.01512168238905,68.09864479381648,78.53089767789548,120.71,32.21119082428538,32.20999923318881,11.453440593945938,57.455,14.528852181016195,14.521871178955523,1.6171170443731864,25.75
2026-10-27 20:16:44,68.0761346963331,68.15045550949014,78.59182374219887,120.81,32.23264375429861,32.23605344829535,11.463541788477256,57.505,14.542245536116559,14.532881693964898,1.6187010396221493,25.77
2026-10-27 20:31:44,68.12789374580137,68.19456739203683,78.65395719838564,120.89,32.23880547529584,32.240078952241994,11.466793584694033,57.52,14.543906009460363,14.535799203901563,1.6191189727982769,25.775
2026-10-27 20:46:44,68.15847098483611,68.2190339592263,78.689399064261,120.945,32.26171572970735,32.26480197628014,11.473183458299236,57.55,14.55555413548894,14.549953558172982,1.6200204189354401,25.795
2026-10-27 21:01:44,68.22873493703393,68.29502226592867,78.77443643199825,121.075,32.29032417576599,32.28906915010872,11.485576486270109,57.605,14.565476389896297,14.564424401285757,1.6214180349322849,25.82
2026-10-27 21:16:44,68.26218081175908,68.31915767874933,78.80100122666006,121.13,32.30381804857504,32.30820844609314,11.491065957035802,57.635,14.57512385686176,14.574891071165482,1.6223354367315204,25.835
2026-10-27 21:31:44,68.36457421035806,68.42767756202308,78.94049452217232,121.325,32.34991874985237,32.35546849508404,11.507394867727212,57.72,14.602968060714169,14.604784234862953,1.6254855538566733,25.885
2026-10-27 21:46:44,68.47068619259326,68.53864868770886,79.06281117866956,121.515,32.38004695430464,32.389895492932325,11.520527539455184,57.78,14.627323480371349,14.635800168044161,1.6283048513332998,25.93
2026-10-27 22:01:44,68.6016521720417,68.67610729636829,79.22572866229298,121.74,32.44591193660608,32.45466420716769,11.54571982057908,57.905,14.664192169949828,14.672201356933488,1.6330919612578698,26.0
2026-10-27 22:16:44,68.73874468593817,68.79327689356963,79.37229540999901,121.96,32.48739600100243,32.49986474732393,11.561980662580979,57.98,14.686830378820659,14.688935972209626,1.636248067373827,26.045
2026-10-27 22:31:44,68.77403945190586,68.82544303620556,79.41831104329164,122.025,32.52620595816098,32.53877692925302,11.578419935324366,58.05,14.686830378820659,14.688935972209626,1.636248067373827,26.045
2026-10-27 22:46:44,68.86124268354175,68.8964513895216,79.51042084725265,122.17,32.57771280435978,32.587528845667954,11.59588237438231,58.135,14.710504292530691,14.717679317410939,1.6399245443489494,26.1
2026-10-27 23:01:44,68.96202081444629,68.99150425532761,79.62970384227405,122.345,32.60488988125237,32.6169623610618,11.607502675298347,58.19,14.730770012931924,14.736462902208578,1.6415309202663886,26.135
2026-10-27 23:16:44,69.0435114629137,69.08635991749604,79.72740721337985,122.495,32.62512157810131,32.63758910328241,11.618794589392634,58.24,14.743585130255681,14.753028227517964,1.64320454707197,26.165
2026-10-27 23:31:44,69.07887062808575,69.12219615764978,79.7735724875744,122.565,32.64085493007024,32.6554992959599,11.624163637653687,58.265,14.747358984529859,14.762550964607522,1.6439012919250586,26.18
2026-10-27 23:46:44,69.08393220007908,69.12966396575027,79.7826094340249,122.58,32.64518231641785,32.663555002727065,11.625889316017513,58.275,14.747358984529859,14.762550964607522,1.6439012919250586,26.18
2026-10-28 00:01:44,69.13521651499494,69.17604231855165,79.83857002475412,122.665,32.6719530329688,32.69175523778336,11.636150700191552,58.32,14.753033775801605,14.766109457909788,1.6444868946622027,26.19
2026-10-28 00:16:44,69.26713026949558,69.3048092167115,79.97375740467271,122.885,32.70925577490982,32.7323786210648,11.650421944763664,58.385,14.754704835000778,14.769437887064587,1.6447669861495937,26.195
2026-10-28 00:31:44,69.32827054539914,69.38247352878706,80.05616767252096,123.005,32.7380627361452,32.77477218028371,11.662705091421914,58.445,14.759383870575613,14.774299140656153,1.6453987725887245,26.205
2026-10-28 00:46:44,69.38461735150001,69.44350905042906,80.12745268141192,123.105,32.757468881850734,32.807190388008074,11.671264130104202,58.5,14.764992136545452,14.78035516418301,1.6462386434855956,26.215
2026-10-28 01:01:44,69.46421259518058,69.53262769445247,80.23618200066241,123.26,32.79968918305613,32.856913615420666,11.686954400389913,58.58,14.792736093047468,14.807746558193822,1.6482032233409594,26.255
2026-10-28 01:16:44,69.56042784974541,69.63650584031635,80.34840465942122,123.43,32.85904065735664,32.910953841598584,11.705463888631435,58.68,14.814951069762374,14.830446875947214,1.650273648031615,26.295
2026-10-28 01:31:44,69.6128411595253,69.70138833008284,80.40405366037423,123.525,32.893833572850134,32.9399649637408,11.718365570540314,58.75,14.828271936338144,14.841813940626057,1.651406210874904,26.315
2026-10-28 01:46:44,69.64300707066798,69.73286072357422,80.43942560642525,123.58,32.90730166574159,32.95753980723338,11.724282262638454,58.78,14.834040863325674,14.847675510231355,1.6521685947428204,26.325
2026-10-28 02:01:44,69.69330160523134,69.77546131529094,80.49553319604847,123.66,32.91866772794186,32.96971582813995,11.728142138702209,58.8,14.861568368714895,14.87351017102875,1.655749238649408,26.38
2026-10-28 02:16:44,69.71594668489647,69.80127508755699,80.52241732004164,123.7,32.92442369952716,32.97461987390143,11.731494425707384,58.815,14.869203483772795,14.88047824633845,1.6562051217300162,26.395
2026-10-28 02:31:44,69.72321458456534,69.80891076042523,80.53386902313287,123.715,32.92980960026184,32.979773489322966,11.734016041199018,58.825,14.869203483772795,14.88047824633845,1.6562051217300162,26.395
2026-10-28 02:46:44,69.7475452915193,69.83004761512498,80.55896751707976,123.755,32.950586057666214,33.00407063228217,11.743554283829843,58.87,14.878373172048473,14.890577582786523,1.657480451538612,26.415
2026-10-28 03:01:44,69.83088721486591,69.91009480162505,80.6498843536309,123.9,32.98792310921257,33.03957382584474,11.756519781689283,58.935,14.8847901624406,14.895740699892833,1.6581514500935675,26.425
2026-10-28 03:16:44,69.84306387179647,69.92394342217314,80.66415402900627,123.92,32.98792310921257,33.03957382584474,11.756519781689283,58.935,14.8847901624406,14.895740699892833,1.6581514500935675,26.425
2026-10-28 03:31:44,69.8483427059801,69.92645667697117,80.66965073343434,123.93,32.99566048152207,33.04614499131305,11.75863944993531,58.945,14.889224723250111,14.900151165192092,1.6583387439801955,26.43
2026-10-28 03:46:44,69.882600438782,69.9761782194751,80.72001612383329,124.005,33.02011071008029,33.063171079411156,11.764692757533004,58.98,14.894752350803751,14.905905799134064,1.6591505486111184,26.44
2026-10-28 04:01:44,69.92116460290535,70.01856894489264,80.76021759249157,124.065,33.04060690845386,33.07705225591934,11.770334895605481,59.005,14.903586183302183,14.920859595387586,1.6603365913247132,26.46
2026-10-28 04:16:44,69.94723625069194,70.04935214916391,80.78830648033413,124.11,33.04768471511226,33.080360635382405,11.772663402797988,59.02,14.903586183302183,14.920859595387586,1.6603365913247132,26.46
2026-10-28 04:31:44,69.97761380690002,70.06906679802113,80.82931948852232,124.165,33.0601410717614,33.09604920267348,11.77792596632774,59.05,14.912916756778394,14.928825545457187,1.6609577147757622,26.47
2026-10-28 04:46:44,70.00616494333076,70.10293076702992,80.86463826063002,124.225,33.06502675073539,33.10020369725098,11.778912008730263,59.055,14.919630016162953,14.93787487232455,1.6620574225694744,26.49
2026-10-28 05:01:44,70.05265988766983,70.15469977982684,80.91730406337206,124.31,33.09827986649433,33.133078691776596,11.792875150457892,59.11,14.92757533065407,14.941586762598012,1.6623856165447555,26.5
2026-10-28 05:16:44,70.07213456523692,70.17410859837729,80.93907874364615,124.34,33.10287229353528,33.14052961454276,11.795021880038314,59.12,14.928253141255544,14.946086894903166,1.6627179613222294,26.505
2026-10-28 05:31:44,70.07434469729439,70.17578419244369,80.94296722847353,124.345,33.10287229353528,33.14052961454276,11.795021880038314,59.12,14.928253141255544,14.946086894903166,1.6627179613222294,26.505
2026-10-28 05:46:44,70.09362636450211,70.19018247515318,80.96200180314412,124.375,33.119920955928116,33.153592169823376,11.801448939508957,59.15,14.935637183574528,14.952945784025621,1.6633123561611327,26.515
2026-10-28 06:01:44,70.1505132681287,70.24076598987688,81.02484078752212,124.47,33.14817457284829,33.18240033976956,11.813066517649643,59.205,14.94501282887562,14.960404109338493,1.6648009374044415,26.535
2026-10-28 06:16:44,70.19143988392472,70.27561253690656,81.06599180000417,124.53,33.16467474668736,33.19974117261335,11.817990335180957,59.23,14.948987946986419,14.963310566598315,1.6649869211420352,26.54
2026-10-28 06:31:44,70.21982361845825,70.30813607832646,81.08999299372361,124.575,33.17111178670367,33.20757119481528,11.821011130754114,59.245,14.955914007802289,14.968587174691441,1.6658940726561566,26.55
2026-10-28 06:46:44,70.22672437652662,70.31365120043787,81.10132846943807,124.59,33.176097530645514,33.218935616412615,11.82439312173812,59.26,14.958272536899786,14.969917213116501,1.6663255143592874,26.555
2026-10-28 07:01:44,70.23078935439517,70.31553643609094,81.10629519062459,124.595,33.178961372115,33.22071144327431,11.825635680025465,59.265,14.958272536899786,14.969917213116501,1.6663255143592874,26.555
2026-10-28 07:16:44,70.24294164862299,70.32559782410095,81.11739471374442,124.615,33.18091045844962,33.224002178307934,11.827053687582268,59.27,14.965553328855655,14.977191485600722,1.6672770597697133,26.57
2026-10-28 07:31:44,70.27279932841608,70.36810264324949,81.15120342816948,124.675,33.186433326257344,33.23444589743362,11.830469056860865,59.285,14.973012377849624,14.98666670949305,1.6680243749262456,26.585
2026-10-28 07:46:44,70.29278194114258,70.38419604850813,81.17871032545249,124.715,33.1977552196199,33.2484196370299,11.834326855327248,59.305,14.990919275467396,14.997384037271578,1.6696923911040744,26.615
2026-10-28 08:01:44,70.33589968028906,70.42958239992547,81.22946566921146,124.795,33.22776186299608,33.27659081136934,11.842742699978793,59.35,14.995352092877447,15.006679606742777,1.670526522653443,26.63
2026-10-28 08:16:44,70.35864815862439,70.45027479661248,81.25495959016527,124.835,33.241518481543814,33.29030273240458,11.847375063564815,59.375,14.995352092877447,15.006679606742777,1.670526522653443,26.63
2026-10-28 08:31:44,70.38731887565176,70.48409981630142,81.28700467361315,124.885,33.251600384569386,33.30352917185895,11.851294539500962,59.395,15.001552381810832,15.013980764435656,1.6709198774715994,26.64
2026-10-28 08:46:44,70.43358151621798,70.53304479688533,81.33721464220342,124.965,33.27807512963273,33.3308136230723,11.861684936945807,59.44,15.006956172720281,15.021816385261115,1.671842207849506,26.655
2026-10-28 09:01:44,70.45005474976668,70.55298040085569,81.35986673527978,124.995,33.29396116792285,33.352503426082926,11.866958092388849,59.47,15.020018502139354,15.03720194732658,1.6734319338171693,26.68
2026-10-28 09:16:44,70.48245614017965,70.57997397485188,81.39364336808845,125.05,33.30330292308004,33.361542383250026,11.869814886501494,59.485,15.026029561008333,15.040737901517339,1.674205915091585,26.69
2026-10-28 09:31:44,70.49928138592567,70.60436197752588,81.41271986262156,125.085,33.306971283349036,33.36418649601761,11.870451384628527,59.49,15.031981619720137,15.047088483643526,1.6749209388344286,26.7
2026-10-28 09:46:44,70.5422671141677,70.64278630441045,81.45643313454073,125.16,33.311406529529314,33.3696910726118,11.872410822598852,59.5,15.039537595162953,15.05645622713548,1.6760133657237957,26.715
2026-10-28 10:01:44,70.58883986522135,70.68686987947667,81.5118673335775,125.245,33.32573119138303,33.3834811193601,11.877762009299158,59.53,15.04932297244956,15.067487227637816,1.6768656443052268,26.735
2026-10-28 10:16:44,70.61208491312782,70.71604516884497,81.54217152740897,125.29,33.35197059779907,33.40688286845402,11.885496465392006,59.565,15.063529885986553,15.085496571881794,1.6781971671357834,26.76
2026-10-28 10:31:44,70.61577477003661,70.71970187617237,81.54691839834408,125.3,33.3545638048696,33.41124684659763,11.886028886707953,59.57,15.063529885986553,15.085496571881794,1.6781971671357834,26.76
2026-10-28 10:46:44,70.64214980057453,70.7420936249898,81.57829740312386,125.34,33.36736696528461,33.422185146793794,11.888813191367257,59.585,15.063529885986553,15.085496571881794,1.6781971671357834,26.76
2026-10-28 11:01:44,70.64503643301501,70.74365853268819,81.58043829772916,125.345,33.36736696528461,33.422185146793794,11.888813191367257,59.585,15.063529885986553,15.085496571881794,1.6781971671357834,26.76
2026-10-28 11:16:44,70.65816946724428,70.75519675218588,81.5963171437179,125.365,33.376493507735546,33.433062894065515,11.892269208071555,59.6,15.072113413477055,15.092952344570039,1.6786721124422155,26.77
2026-10-28 11:31:44,70.6608704995803,70.76004059629054,81.5999613487413,125.37,33.3813226095342,33.435429138702816,11.893523683076676,59.605,15.072113413477055,15.092952344570039,1.6786721124422155,26.77
2026-10-28 11:46:44,70.67471278077257,70.77536127866075,81.61042021595523,125.39,33.38535116494142,33.43930846507095,11.896134944923242,59.615,15.072113413477055,15.092952344570039,1.6786721124422155,26.77
2026-10-28 12:01:44,70.69693968510727,70.79871633313715,81.63952154369407,125.43,33.3878613532885,33.44571616588521,11.897599966402803,59.625,15.07926727301973,15.094875813952001,1.6793567971413041,26.78
2026-10-28 12:16:44,70.73623064883503,70.8488759048467,81.68812255179519,125.515,33.39777730696217,33.45339497044276,11.900223676172814,59.64,15.088376208563206,15.104793881213407,1.6808735667266015,26.8
