date,low_cpu,low_mem,low_num,low_ttl,mid_cpu,mid_mem,mid_num,mid_ttl,high_cpu,high_mem,high_num,high_ttl
2026-10-07 12:23:57,0.011787779971213354,0.013145970919039778,0.015324636450733592,0.02,0.0,0.0,0.0,0.0,0.0,0.0,0.0,0.0
2026-10-07 12:38:57,0.017618588292865712,0.019040922646766753,0.025588960405295593,0.035,0.0018728741185082753,0.004764318773722304,0.0014671525236231448,0.005,0.0,0.0,0.0,0.0
2026-10-07 12:53:57,0.04803452761057135,0.04748613185667542,0.058416162009076227,0.08,0.007083813191729491,0.011111014894058772,0.003392091386565785,0.015,0.0,0.0,0.0,0.0
2026-10-07 13:08:57,0.06251581696728443,0.06256328570715244,0.07435911158370939,0.105,0.00998572575720587,0.013709397492213359,0.00473381540738332,0.02,0.0,0.0,0.0,0.0
2026-10-07 13:23:57,0.06251581696728443,0.06256328570715244,0.07435911158370939,0.105,0.00998572575720587,0.013709397492213359,0.00473381540738332,0.02,0.0,0.0,0.0,0.0
2026-10-07 13:38:57,0.07217917334008755,0.07431001000693808,0.09009471391143561,0.13,0.00998572575720587,0.013709397492213359,0.00473381540738332,0.02,0.001314529771859385,0.004663695740009,0.00023117702698793858,0.005
2026-10-07 13:53:57,0.07481413305364314,0.07856539842390525,0.09734564209160035,0.14,0.00998572575720587,0.013709397492213359,0.00473381540738332,0.02,0.001314529771859385,0.004663695740009,0.00023117702698793858,0.005
2026-10-07 14:08:57,0.08373546374605476,0.08997999456155423,0.10499159945761785,0.155,0.01492077274713869,0.02145730288070965,0.006612658888649854,0.03,0.001314529771859385,0.004663695740009,0.00023117702698793858,0.005
2026-10-07 14:23:57,0.09298977580550036,0.09916887581851506,0.11272762484265973,0.17,0.01492077274713869,0.02145730288070965,0.006612658888649854,0.03,0.001314529771859385,0.004663695740009,0.00023117702698793858,0.005
2026-10-07 14:38:57,0.1040978431500293,0.11245227577590994,0.1245189841936884,0.185,0.01492077274713869,0.02145730288070965,0.006612658888649854,0.03,0.001314529771859385,0.004663695740009,0.00023117702698793858,0.005
2026-10-07 14:53:57,0.11288831656216111,0.11839496100529662,0.13072980965079312,0.2,0.01769848520475778,0.02395515647345131,0.007865365749514687,0.035,0.001314529771859385,0.004663695740009,0.00023117702698793858,0.005
2026-10-07 15:08:57,0.12081868415224303,0.12713491535283758,0.14214651212114315,0.215,0.03125022637058118,0.033376024664270275,0.01297977952511828,0.06,0.007399273423651976,0.008495044580846132,0.0010032188826354328,0.015
2026-10-07 15:23:57,0.12081868415224303,0.12713491535283758,0.14214651212114315,0.215,0.03125022637058118,0.033376024664270275,0.01297977952511828,0.06,0.010871509488586995,0.013362659977623105,0.0018373951377820034,0.025
2026-10-07 15:38:57,0.12382273016889635,0.13550399190438772,0.15105458297396848,0.225,0.03437441863031746,0.03644471422945621,0.014255356335933344,0.065,0.010871509488586995,0.013362659977623105,0.0018373951377820034,0.025
2026-10-07 15:53:57,0.13584883345222004,0.14426918923737034,0.16604895051433657,0.245,0.03437441863031746,0.03644471422945621,0.014255356335933344,0.065,0.010871509488586995,0.013362659977623105,0.0018373951377820034,0.025
2026-10-07 16:08:57,0.15501717251541552,0.16445214460255367,0.1847336653291959,0.28,0.0413284650074178,0.04205282175693216,0.016099416630921164,0.08,0.010871509488586995,0.013362659977623105,0.0018373951377820034,0.025
2026-10-07 16:23:57,0.15665153634673612,0.1688574927082673,0.18685311898209647,0.285,0.0413284650074178,0.04205282175693216,0.016099416630921164,0.08,0.010871509488586995,0.013362659977623105,0.0018373951377820034,0.025
2026-10-07 16:38:57,0.16472638332098505,0.18139206403932803,0.19903405348494646,0.31,0.045132215467826794,0.04725744026135419,0.0172254537628666,0.09,0.014224453127674003,0.018229134255101406,0.002064612613604607,0.03
2026-10-07 16:53:57,0.17455604228332994,0.1915942255670285,0.2044440501433367,0.325,0.04921648891545317,0.05016725994755431,0.017892492704609415,0.095,0.01935455352052763,0.02391415418397156,0.0027673581082261482,0.04
2026-10-07 17:08:57,0.18275831036900683,0.19879477219143032,0.21666788891494115,0.34,0.05661900767354802,0.05609600863550834,0.019875542382577324,0.105,0.029365971440677627,0.03287142817179654,0.003535056977032489,0.055
2026-10-07 17:23:57,0.1911623881765862,0.20530554569414003,0.2210697635425672,0.35,0.05661900767354802,0.05609600863550834,0.019875542382577324,0.105,0.029365971440677627,0.03287142817179654,0.003535056977032489,0.055
2026-10-07 17:38:57,0.19367606445350355,0.20810256296157728,0.22537948866061572,0.355,0.05661900767354802,0.05609600863550834,0.019875542382577324,0.105,0.03002369296054372,0.03743632177508546,0.0039677154928186385,0.06
2026-10-07 17:53:57,0.21754639538442802,0.23316528622460142,0.254250132270735,0.395,0.06930969258991186,0.064388187849667,0.023660861190366617,0.12,0.03002369296054372,0.03743632177508546,0.0039677154928186385,0.06
2026-10-07 18:08:57,0.21867081891181847,0.23573312868335483,0.25612224438939485,0.4,0.0741568842259639,0.07199525765831345,0.02568261966722531,0.13,0.03221026092412305,0.04014790100378287,0.004240882233722568,0.065
2026-10-07 18:23:57,0.24229310920294225,0.2553806591992397,0.28727977219353046,0.44,0.08547614248643992,0.08509269870972316,0.02980996106482951,0.15,0.04476728835555771,0.05059412079863466,0.005071911642002114,0.08
2026-10-07 18:38:57,0.275158520222078,0.29291245472142385,0.3259645225011655,0.505,0.09674488562611298,0.09933065844180523,0.03385849709013538,0.175,0.05499361353095,0.05586151229235195,0.006100763567082896,0.095
2026-10-07 18:53:57,0.3180254398008192,0.33852712572151383,0.3768957657257253,0.585,0.12986464516311466,0.12961520458072892,0.046300549496639073,0.235,0.0811352924357379,0.08405412028835454,0.009241982088887036,0.14
2026-10-07 19:08:57,0.3444490035813592,0.36065169673137043,0.4123425177302362,0.63,0.15282502478780477,0.1512266237556049,0.053605771121832284,0.27,0.08185738305467333,0.08900730181690855,0.009541382124724253,0.145
2026-10-07 19:23:57,0.3564938661021032,0.37299508026874356,0.42906295337864625,0.66,0.15722074344271214,0.15634356407193212,0.05554626060558006,0.28,0.0853628280189233,0.09165457200918511,0.009736096469485462,0.15
2026-10-07 19:38:57,0.37972439626819715,0.3980600642031754,0.4499220746051434,0.7,0.17316980163027917,0.16814383947083672,0.06052139488304077,0.305,0.0905508664752412,0.09884704658130329,0.010258116224795463,0.16
2026-10-07 19:53:57,0.43120983204356045,0.4470927322926883,0.510703859166268,0.79,0.18839109160711595,0.19169827439393272,0.06682894497231848,0.335,0.09797909756330274,0.10422811356147652,0.011145255623782498,0.17
2026-10-07 20:08:57,0.45693339969513824,0.4743845066265412,0.5505127823435139,0.845,0.20564983117833385,0.20734519913472055,0.07324951617360916,0.37,0.11525105530364532,0.11697428573103222,0.012260058100152566,0.19
2026-10-07 20:23:57,0.4922290578069403,0.5093031759805522,0.5919366781975118,0.905,0.23505999122541665,0.2288391207228991,0.08082357086137394,0.415,0.11940037505014592,0.12059535276432348,0.012965646812155871,0.2
2026-10-07 20:38:57,0.5160546665869273,0.528932889728499,0.6169801853963872,0.945,0.2536769268243073,0.2465669017204108,0.08909401027304033,0.455,0.12289924637207728,0.12427132510784557,0.013410494277808884,0.205
2026-10-07 20:53:57,0.5707117433306471,0.5863817236977065,0.6692165350391948,1.035,0.2870520031641247,0.27861211738401975,0.09994600885068292,0.515,0.1262870922836302,0.12991771721654416,0.014228416018510779,0.215
2026-10-07 21:08:57,0.5817870564920299,0.6003567474025807,0.6834052500873387,1.06,0.29756329305157997,0.2913482375734739,0.1034340750062154,0.535,0.1297020596963563,0.13113147962823307,0.014725765110595862,0.22
2026-10-07 21:23:57,0.6472074319792221,0.6630057063874063,0.7560765352616858,1.17,0.33437821375827453,0.34862255921928564,0.11833475902126532,0.62,0.14325914651037286,0.14334060868188958,0.015966487793856343,0.24
2026-10-07 21:38:57,0.6745032388244413,0.6844006527326102,0.7823763947609363,1.215,0.3539756843109603,0.36491464377185506,0.12279157245209717,0.645,0.14325914651037286,0.14334060868188958,0.015966487793856343,0.24
2026-10-07 21:53:57,0.707092581603704,0.7139880242196653,0.8123480511820483,1.27,0.36674959611152474,0.37336790293552574,0.1260244059921924,0.665,0.15171988607881717,0.1573020948950298,0.017100579676285196,0.26
2026-10-07 22:08:57,0.7558119555633448,0.7778613193945618,0.8751571901945268,1.375,0.40328675077626136,0.40627333192006576,0.1388958083026945,0.725,0.17568830298069676,0.16891511497315148,0.01896469464299602,0.29
2026-10-07 22:23:57,0.8395366771191342,0.8651447868991877,0.971920806200641,1.535,0.45481628473249697,0.444582845404186,0.15401751042542167,0.805,0.1922115559162842,0.18289187670313314,0.020491531140788406,0.315
2026-10-07 22:38:57,0.8842144875440586,0.9171291363412283,1.022754227848279,1.62,0.4861431226400966,0.47133893643766095,0.16261462875413046,0.855,0.19372791892832786,0.18702822924470971,0.02092543107056195,0.32
2026-10-07 22:53:57,0.9017022935827081,0.9382469308326447,1.0442133872953063,1.655,0.5002023853628994,0.4884360032036673,0.17025416353060402,0.885,0.19372791892832786,0.18702822924470971,0.02092543107056195,0.32
2026-10-07 23:08:57,0.942460138445209,0.9817696557484735,1.0909509556994108,1.72,0.5379967740725269,0.5157622044386884,0.18211855380584055,0.94,0.2031657019929986,0.19774611162534858,0.021908006841419556,0.335
2026-10-07 23:23:57,0.9774096298568301,1.0158600071614479,1.1352198896140677,1.785,0.5531030269136932,0.5278423663796687,0.18840630971762673,0.97,0.22311398766712298,0.21476355481589432,0.023348069936731164,0.36
2026-10-07 23:38:57,1.0358460118650124,1.0750093419869706,1.208238271573508,1.89,0.5915483012915407,0.5666013367881727,0.20382430915980074,1.04,0.23674972799611613,0.2257863473754138,0.024435553818424157,0.385
2026-10-07 23:53:57,1.0845256780891344,1.116352604199927,1.2695848147074915,1.98,0.6105884867985567,0.5764487001823784,0.20870841894520908,1.065,0.23674972799611613,0.2257863473754138,0.024435553818424157,0.385
2026-10-08 00:08:57,1.1423382870421126,1.1828956451633803,1.3446824225134255,2.09,0.6464738732753881,0.6093696027233223,0.2190846387713368,1.12,0.2678459113270455,0.24788672393580047,0.027512523840093263,0.44
2026-10-08 00:23:57,1.206468036793525,1.23846459592793,1.4169194422352813,2.2,0.6618520497610971,0.6221395815064892,0.22618083044827314,1.155,0.27250184097385727,0.25160929384481767,0.028283540319891595,0.455
2026-10-08 00:38:57,1.2679507947747046,1.3038091170528638,1.5013568105406407,2.325,0.6804291122398698,0.6424835308523253,0.23549179775298906,1.195,0.28507161575335355,0.2629855392072587,0.02961610472586992,0.475
2026-10-08 00:53:57,1.3343263678272357,1.3693748535636345,1.5893208834450583,2.45,0.7251034549041607,0.6881859505485702,0.2520037473559198,1.28,0.30837749243537393,0.28145473104848023,0.03137321315822294,0.51
2026-10-08 01:08:57,1.40790819093632,1.446789288301937,1.6882765823855275,2.585,0.7648390942955376,0.72506709672755,0.26179628212677053,1.335,0.31414071987918357,0.294735482972713,0.032431318057233496,0.53
2026-10-08 01:23:57,1.4232621642937506,1.4605769285777297,1.7043579681431715,2.61,0.7772893672888769,0.7455289575205798,0.267303654164504,1.365,0.3190598799715975,0.29944029050148535,0.03255814609913505,0.535
2026-10-08 01:38:57,1.5022291905106646,1.5427357522674272,1.8029498667686805,2.75,0.8144849072374325,0.791993897220996,0.28069187015288527,1.425,0.33747525384774507,0.3191919188148884,0.03433870168013639,0.565
2026-10-08 01:53:57,1.5403363161555936,1.5834309923836931,1.848276827079115,2.82,0.8382038029086788,0.8223663740866649,0.2895109498068255,1.47,0.34222516327823843,0.322165528155426,0.03452732945156734,0.57
2026-10-08 02:08:57,1.5644907629884826,1.6103029039036558,1.8811520760166305,2.87,0.8475964415437899,0.8396634253070486,0.293093276257918,1.49,0.34740147476625777,0.3326612923931972,0.03541011596944179,0.585
2026-10-08 02:23:57,1.585748654343063,1.629208094523387,1.9026462640024033,2.905,0.8566730923326779,0.845028921732456,0.2953455262965751,1.5,0.3530996031749815,0.34059593273137156,0.035998268581222986,0.6
2026-10-08 02:38:57,1.6425768472334035,1.6770088679125932,1.9520135039778796,2.99,0.8830069391365255,0.869062550873429,0.30267780323076043,1.535,0.3678921576255806,0.3532561381040234,0.03730207440659685,0.625
2026-10-08 02:53:57,1.652507619460739,1.685921470479022,1.9650424739669783,3.01,0.9097554668974283,0.894882992380256,0.3112295301999915,1.575,0.3725549973135358,0.3540258138543811,0.03758201603062101,0.63
2026-10-08 03:08:57,1.7006754633504324,1.7412658444336948,2.0215819635854793,3.105,0.9347982824791403,0.9242315439185137,0.3202379993525588,1.62,0.3871378504770455,0.36056368287502283,0.03903436725185508,0.65
2026-10-08 03:23:57,1.7529587266219653,1.7936898997404505,2.090702383816513,3.2,0.9471852497068407,0.9414386686447447,0.3261330365365611,1.65,0.39767668675765705,0.3692645742208849,0.04022563685453947,0.665
2026-10-08 03:38:57,1.7911378283259192,1.8266318093812208,2.134227404737876,3.27,0.9688037795970472,0.9565384301601637,0.33411291569273854,1.685,0.39767668675765705,0.3692645742208849,0.04022563685453947,0.665
2026-10-08 03:53:57,1.808029383848575,1.8507444612640722,2.166840009874523,3.315,0.9818766135876582,0.9668061564818968,0.3377325654859487,1.705,0.4037183223119264,0.37970314683460904,0.041262681367933624,0.68
2026-10-08 04:08:57,1.808029383848575,1.8507444612640722,2.166840009874523,3.315,0.9818766135876582,0.9668061564818968,0.3377325654859487,1.705,0.4037183223119264,0.37970314683460904,0.041262681367933624,0.68
2026-10-08 04:23:57,1.8163573942578415,1.8555553165288166,2.176745189948295,3.33,0.9818766135876582,0.9668061564818968,0.3377325654859487,1.705,0.4085578911314315,0.3848486169885411,0.04238992941817779,0.695
2026-10-08 04:38:57,1.8373849239462692,1.8836713816442114,2.2071219900781616,3.375,0.9860268555951801,0.9675085710106394,0.3385402778547933,1.71,0.40976637591880205,0.3875717288525463,0.042864057731322354,0.7
2026-10-08 04:53:57,1.8823049375912682,1.928693809215909,2.249886944294146,3.44,0.9965057273596127,0.979344255060749,0.3424128755429432,1.735,0.41912343115151396,0.39266340394776944,0.043801716599803184,0.715
2026-10-08 05:08:57,1.8948614312016163,1.9411726357005217,2.265722994748422,3.46,1.0162449380774996,0.9985561250912512,0.3479413014038555,1.765,0.4200644927221199,0.3953050770132545,0.044016609789990356,0.72
2026-10-08 05:23:57,1.9049458401697223,1.9529756801647227,2.282308889406767,3.48,1.0162449380774996,0.9985561250912512,0.3479413014038555,1.765,0.4247656717927991,0.3982981167376936,0.044218293982582896,0.725
2026-10-08 05:38:57,1.9049458401697223,1.9529756801647227,2.282308889406767,3.48,1.0162449380774996,0.9985561250912512,0.3479413014038555,1.765,0.42871030296089,0.4027803651016947,0.04445461643409468,0.73
2026-10-08 05:53:57,1.9082673729387736,1.9552183826028309,2.287009586557337,3.485,1.0204377644071,0.9995616042018008,0.349375246102205,1.77,0.4324718897892143,0.4073566095956596,0.04489247043484185,0.735
2026-10-08 06:08:57,1.9082673729387736,1.9552183826028309,2.287009586557337,3.485,1.0204377644071,0.9995616042018008,0.349375246102205,1.77,0.4324718897892143,0.4073566095956596,0.04489247043484185,0.735
2026-10-08 06:23:57,1.925925669150273,1.9847904709122053,2.313875335127431,3.53,1.0333579620623274,1.0102737145919785,0.35469874479692215,1.795,0.4440705359529917,0.4163867345630358,0.045762648849343675,0.75
2026-10-08 06:38:57,1.9630485633299226,2.0322551023168978,2.3598363877436785,3.605,1.0670726679272111,1.0398567393875773,0.36476851036758473,1.845,0.4548824012364507,0.4299975345531258,0.04695140406635828,0.77
2026-10-08 06:53:57,1.980197548898738,2.0462802886915252,2.3865489852254234,3.64,1.0715743422688944,1.0419068415362664,0.3672816438707535,1.855,0.4548824012364507,0.4299975345531258,0.04695140406635828,0.77
2026-10-08 07:08:57,2.0048519379649608,2.067798488989476,2.417026581341532,3.68,1.085527029441813,1.0531160661097536,0.37249294699210683,1.88,0.45943481858846635,0.43414031730937824,0.047505751707505726,0.78
2026-10-08 07:23:57,2.015206008040453,2.0820224241177434,2.439727525360182,3.71,1.0876878920034432,1.0603756910911186,0.3741531230690284,1.89,0.45943481858846635,0.43414031730937824,0.047505751707505726,0.78
2026-10-08 07:38:57,2.049018040089045,2.1191759420592735,2.4790353023217704,3.775,1.110937918895416,1.0889332008417454,0.3837549606049911,1.93,0.46572012158403286,0.4398576257611431,0.04811009646433154,0.795
2026-10-08 07:53:57,2.1077755458828396,2.18076836837581,2.5550779617826684,3.89,1.1366254065329662,1.1256403682454026,0.3943100222434985,1.99,0.47514890523825465,0.44640964488186224,0.04882379799620938,0.805
2026-10-08 08:08:57,2.1475127694285376,2.215047741709542,2.599926634673481,3.96,1.1532745588647066,1.1388282078170298,0.40141855100988344,2.025,0.48226671117316017,0.45340142601523,0.04930008442447641,0.815
2026-10-08 08:23:57,2.1820340654729615,2.2464424948997728,2.637064180460432,4.02,1.1635498010548893,1.1476755530113836,0.40474435560176086,2.04,0.4874066760415451,0.4586894409848089,0.04983445072500831,0.825
2026-10-08 08:38:57,2.1979098842829887,2.2660769725267857,2.6639868002071982,4.055,1.1653160961370166,1.149766616201377,0.40530371472054305,2.045,0.495833666113561,0.46810351486894447,0.050950793167548594,0.84
2026-10-08 08:53:57,2.2428688400347645,2.301135718149294,2.714822877064543,4.13,1.1764628038581082,1.1631156223551962,0.4094099640984963,2.065,0.518152773413723,0.4928517169805008,0.05305685204586533,0.875
2026-10-08 09:08:57,2.2572546649989977,2.3153542452177867,2.729679003014913,4.155,1.1861235614970156,1.1695654933148645,0.41444194578779164,2.085,0.518152773413723,0.4928517169805008,0.05305685204586533,0.875
2026-10-08 09:23:57,2.261330564097263,2.318421706632126,2.7330541161150137,4.16,1.188595417554349,1.1715877007369664,0.4152286793399851,2.09,0.5299376902805897,0.4991056701138929,0.05434411094346453,0.89
2026-10-08 09:38:57,2.284388381999651,2.3397554055381966,2.7563569040299503,4.195,1.2023463202645706,1.1847284198094408,0.42037078152355134,2.11,0.5299376902805897,0.4991056701138929,0.05434411094346453,0.89
2026-10-08 09:53:57,2.298334565452495,2.3602517693385603,2.7787597002451156,4.23,1.2033288661519188,1.185928524059373,0.4216192023737321,2.115,0.5349172480443467,0.5085505403907153,0.05536228117546407,0.905
2026-10-08 10:08:57,2.3000923026113966,2.3613667701901084,2.7834062218521223,4.235,1.2033288661519188,1.185928524059373,0.4216192023737321,2.115,0.5349172480443467,0.5085505403907153,0.05536228117546407,0.905
2026-10-08 10:23:57,2.3000923026113966,2.3613667701901084,2.7834062218521223,4.235,1.2033288661519188,1.185928524059373,0.4216192023737321,2.115,0.5361455829622342,0.5112263992434349,0.05563806399313594,0.91
2026-10-08 10:38:57,2.318211924612757,2.371976709314431,2.7967853832645835,4.26,1.2042264872585948,1.1899005519890822,0.4221743187321439,2.12,0.5361455829622342,0.5112263992434349,0.05563806399313594,0.91
2026-10-08 10:53:57,2.318211924612757,2.371976709314431,2.7967853832645835,4.26,1.2042264872585948,1.1899005519890822,0.4221743187321439,2.12,0.5368549863028461,0.5119816836500456,0.0557890813402411,0.915
2026-10-08 11:08:57,2.3295427483886018,2.3819026873324334,2.8071233855443727,4.28,1.207073565871047,1.1930172242200805,0.42297353193699727,2.125,0.5368549863028461,0.5119816836500456,0.0557890813402411,0.915
2026-10-08 11:23:57,2.3295427483886018,2.3819026873324334,2.8071233855443727,4.28,1.207073565871047,1.1930172242200805,0.42297353193699727,2.125,0.5368549863028461,0.5119816836500456,0.0557890813402411,0.915
2026-10-08 11:38:57,2.3317627601423925,2.3881717583996243,2.8118746263166345,4.29,1.207073565871047,1.1930172242200805,0.42297353193699727,2.125,0.5382768469818873,0.5168701000741827,0.05591418348232649,0.92
2026-10-08 11:53:57,2.3442781390064096,2.4017303837284336,2.8242559873019206,4.315,1.207073565871047,1.1930172242200805,0.42297353193699727,2.125,0.5382768469818873,0.5168701000741827,0.05591418348232649,0.92
2026-10-08 12:08:57,2.3717527963853198,2.430233302234913,2.860095494835992,4.365,1.2132016512749104,1.1963120186056642,0.4243626497642751,2.135,0.5382768469818873,0.5168701000741827,0.05591418348232649,0.92
2026-10-08 12:23:57,2.399680194806738,2.4586076236207437,2.8975089657384454,4.415,1.2168721553023456,1.2020783316084094,0.4256573634536949,2.145,0.5382768469818873,0.5168701000741827,0.05591418348232649,0.92
2026-10-08 12:38:57,2.4280685130217536,2.4949289191303374,2.9336316673264466,4.465,1.2168721553023456,1.2020783316084094,0.4256573634536949,2.145,0.5382768469818873,0.5168701000741827,0.05591418348232649,0.92
2026-10-08 12:53:57,2.453979801343679,2.522679431320694,2.9637848786342875,4.52,1.2175401676589164,1.2063113231923641,0.4268498613499258,2.15,0.5382768469818873,0.5168701000741827,0.05591418348232649,0.92
2026-10-08 13:08:57,2.4764682161608866,2.540465863453325,2.9889154011786494,4.555,1.2243708510232985,1.2111202412432973,0.4286020955821777,2.16,0.5382768469818873,0.5168701000741827,0.05591418348232649,0.92
2026-10-08 13:23:57,2.4804208080934917,2.5473404741794665,2.993631475408315,4.565,1.2297548252128727,1.215298421867947,0.4301438067538005,2.17,0.5423270865199861,0.5216971929515776,0.05629878095504618,0.925
2026-10-08 13:38:57,2.4842555616811666,2.5526127030908055,3.000622430615914,4.575,1.237463143441613,1.21991131241308,0.43247776741336763,2.18,0.5423270865199861,0.5216971929515776,0.05629878095504618,0.925
2026-10-08 13:53:57,2.4842555616811666,2.5526127030908055,3.000622430615914,4.575,1.237463143441613,1.21991131241308,0.43247776741336763,2.18,0.5423270865199861,0.5216971929515776,0.05629878095504618,0.925
2026-10-08 14:08:57,2.4887257637838758,2.554864612768432,3.003016274083468,4.58,1.2410267885188775,1.2255266162377978,0.4345711789715025,2.19,0.5423270865199861,0.5216971929515776,0.05629878095504618,0.925
2026-10-08 14:23:57,2.505245615991403,2.5673448286754668,3.0190457940276736,4.605,1.2410267885188775,1.2255266162377978,0.4345711789715025,2.19,0.5464837324897621,0.5244136401192456,0.05643591186330079,0.93
2026-10-08 14:38:57,2.5066047254141464,2.5701250318252464,3.021468845657255,4.61,1.2410267885188775,1.2255266162377978,0.4345711789715025,2.19,0.5464837324897621,0.5244136401192456,0.05643591186330079,0.93
2026-10-08 14:53:57,2.5066047254141464,2.5701250318252464,3.021468845657255,4.61,1.2451401749572941,1.2265643217171576,0.4351441494958018,2.195,0.5464837324897621,0.5244136401192456,0.05643591186330079,0.93
2026-10-08 15:08:57,2.5066047254141464,2.5701250318252464,3.021468845657255,4.61,1.2451401749572941,1.2265643217171576,0.4351441494958018,2.195,0.5464837324897621,0.5244136401192456,0.05643591186330079,0.93
2026-10-08 15:23:57,2.5203865775936993,2.5841454145369562,3.0297261909461475,4.63,1.2451401749572941,1.2265643217171576,0.4351441494958018,2.195,0.5464837324897621,0.5244136401192456,0.05643591186330079,0.93
2026-10-08 15:38:57,2.5267555327979405,2.5927326937848485,3.039670414311121,4.645,1.2569154594237955,1.2349310382473966,0.4387248333010219,2.21,0.5464837324897621,0.5244136401192456,0.05643591186330079,0.93
2026-10-08 15:53:57,2.5336642198915245,2.599006444502779,3.04555772243912,4.655,1.2588657905299434,1.2391614288325614,0.43929382489765445,2.215,0.5464837324897621,0.5244136401192456,0.05643591186330079,0.93
2026-10-08 16:08:57,2.5384049045900245,2.601022477793312,3.0477185444165036,4.66,1.2588657905299434,1.2391614288325614,0.43929382489765445,2.215,0.5464837324897621,0.5244136401192456,0.05643591186330079,0.93
2026-10-08 16:23:57,2.5419351354619275,2.605895054332068,3.0499278159630836,4.665,1.2588657905299434,1.2391614288325614,0.43929382489765445,2.215,0.5464837324897621,0.5244136401192456,0.05643591186330079,0.93
2026-10-08 16:38:57,2.5564081253814632,2.6249028295887458,3.068542285405718,4.69,1.2588657905299434,1.2391614288325614,0.43929382489765445,2.215,0.5464837324897621,0.5244136401192456,0.05643591186330079,0.93
2026-10-08 16:53:57,2.5595605957812215,2.626584970937527,3.072011638346717,4.695,1.2588657905299434,1.2391614288325614,0.43929382489765445,2.215,0.5464837324897621,0.5244136401192456,0.05643591186330079,0.93
2026-10-08 17:08:57,2.566903687940755,2.633990835334384,3.080546080593612,4.71,1.261963155833998,1.2414698472373689,0.440243998306069,2.22,0.549982739909449,0.5267619289559888,0.05688560208830651,0.935
2026-10-08 17:23:57,2.5875222252403445,2.652676549626308,3.099244355092699,4.74,1.2632422005125676,1.2425544413046328,0.4409307690709116,2.225,0.5536384860645476,0.527434429403205,0.057306983156849026,0.94
2026-10-08 17:38:57,2.5897579768859416,2.6538883698439495,3.103426611169093,4.745,1.2651903773511717,1.2454754525184297,0.441657077584069,2.23,0.557471321428999,0.5312852808297849,0.05748398437334151,0.945
2026-10-08 17:53:57,2.593620914138939,2.658993437762467,3.1098872000403066,4.755,1.2651903773511717,1.2454754525184297,0.441657077584069,2.23,0.559539063585433,0.5360704188158231,0.057942114996607216,0.95
2026-10-08 18:08:57,2.6013926801347274,2.6652875833378733,3.1163999045709603,4.765,1.2651903773511717,1.2454754525184297,0.441657077584069,2.23,0.559539063585433,0.5360704188158231,0.057942114996607216,0.95
2026-10-08 18:23:57,2.6097477608033857,2.6744250807959813,3.1313628815068464,4.785,1.2658316375378902,1.2483048609732852,0.4425471161382707,2.235,0.5675324862187002,0.5442374368079952,0.05879873257017928,0.965
2026-10-08 18:38:57,2.6097477608033857,2.6744250807959813,3.1313628815068464,4.785,1.2658316375378902,1.2483048609732852,0.4425471161382707,2.235,0.5675324862187002,0.5442374368079952,0.05879873257017928,0.965
2026-10-08 18:53:57,2.624094202004839,2.6897366792774653,3.1459634477205283,4.81,1.2658316375378902,1.2483048609732852,0.4425471161382707,2.235,0.5708097714716158,0.5479398938217627,0.05903962479674161,0.97
2026-10-08 19:08:57,2.6395832125771235,2.707081222582993,3.162935000330858,4.835,1.2658316375378902,1.2483048609732852,0.4425471161382707,2.235,0.5708097714716158,0.5479398938217627,0.05903962479674161,0.97
2026-10-08 19:23:57,2.6441123863933567,2.7191559212578733,3.1724423641482846,4.85,1.2658316375378902,1.2483048609732852,0.4425471161382707,2.235,0.5741800838235391,0.5497668104814083,0.05936383688293543,0.975
2026-10-08 19:38:57,2.6468275117409132,2.723948546594353,3.1769661473959405,4.855,1.2767783267409476,1.2565845322769817,0.44515110741485453,2.25,0.5741800838235391,0.5497668104814083,0.05936383688293543,0.975
2026-10-08 19:53:57,2.6811669940198164,2.77235002363491,3.2319446032232704,4.94,1.293471852960063,1.2692602490745457,0.4512063048344207,2.275,0.5772025506536812,0.5588563551684155,0.06006822393191787,0.985
2026-10-08 20:08:57,2.7155245907747454,2.8041943805535814,3.273011250690718,5.0,1.3126151051284871,1.2826233751544933,0.4572382960945162,2.305,0.5815521818237767,0.5650888047066598,0.060968737483981905,0.995
2026-10-08 20:23:57,2.751997496285071,2.8484808858722768,3.3154986864180978,5.065,1.3280615729062926,1.299235014255523,0.46495559144238197,2.34,0.5932982995687787,0.5732871242317966,0.06206384925695033,1.015
2026-10-08 20:38:57,2.7839371663850785,2.8846570920339714,3.356145528302793,5.12,1.3509842410929598,1.3146962513444609,0.47145042271513726,2.375,0.6044870397888799,0.5856797077077217,0.06325590180995587,1.03
2026-10-08 20:53:57,2.7942958054034728,2.890998329662006,3.367747467030094,5.135,1.358963610285421,1.3249051657590103,0.47505247692365093,2.395,0.6149069055129623,0.6014883215348623,0.06443301206075347,1.05
2026-10-08 21:08:57,2.8139223050602005,2.910497155791131,3.3824322491926,5.165,1.3772287122339057,1.3456041723816905,0.48205338914298557,2.425,0.6225253416784935,0.6124184388030071,0.06558258099988361,1.065
2026-10-08 21:23:57,2.8348458590417183,2.928558037251467,3.4013340502802194,5.195,1.393228702421616,1.3617961902208084,0.48682729140570347,2.45,0.6280753260232207,0.6170163896998453,0.06600288529370248,1.075
2026-10-08 21:38:57,2.8429162486953685,2.9393802233272828,3.4224684021174863,5.22,1.4142809164035175,1.3765526716540695,0.4922393288610612,2.48,0.6329948964724227,0.6178450858549387,0.06649964138131892,1.08
2026-10-08 21:53:57,2.8948490319860447,2.9863913543447693,3.4762965171181492,5.3,1.4375925365539886,1.4008943611490026,0.4982236048140759,2.515,0.6618440511873191,0.6462362063228806,0.06943739997883411,1.125
2026-10-08 22:08:57,2.9231182613359215,3.0136226741375345,3.5127857052911198,5.36,1.4552767031176208,1.4201749757168955,0.5047647613082059,2.55,0.6771499377571225,0.6563445430704362,0.07067002627256146,1.15
2026-10-08 22:23:57,2.9967750247470617,3.0827710969881723,3.5912708525412693,5.485,1.510267482210547,1.4698726350506013,0.5216237931506345,2.635,0.691448381980624,0.6740605025852305,0.07210062548636807,1.175
2026-10-08 22:38:57,3.0494082480192666,3.1276641063165194,3.651835079272859,5.575,1.5225578728992426,1.4909700248249032,0.5279446708452885,2.67,0.7277373429415283,0.7017954403417068,0.07634490282399742,1.23
2026-10-08 22:53:57,3.113718409842087,3.190078526645089,3.7255443747243757,5.69,1.6019049004118664,1.5724713722298251,0.5529440662908673,2.795,0.7460196943673688,0.7122826252569431,0.07796602478739698,1.26
2026-10-08 23:08:57,3.188149377301788,3.2728614150962336,3.82205994180835,5.84,1.623892441634557,1.6082283177365402,0.5627959927766747,2.85,0.757782705304601,0.7243880047408205,0.07923484542490312,1.28
2026-10-08 23:23:57,3.3228339438452568,3.4057099288989403,3.955188740268071,6.05,1.669103137406628,1.647334593463808,0.5793250714718047,2.935,0.7911833445140173,0.7529161888204255,0.08205214463271453,1.33
2026-10-08 23:38:57,3.363019726456796,3.453315263296065,4.011515023649803,6.135,1.7079377989684792,1.6736483530436215,0.5909693370223281,2.995,0.8006895909971168,0.7633458268607073,0.08368472029234014,1.35
2026-10-08 23:53:57,3.4128714645837968,3.5103572753504273,4.067272510351284,6.225,1.7389982561261552,1.7000860223459389,0.60213060464007,3.05,0.8231500038535994,0.7766872658440613,0.08479574746166597,1.375
2026-10-09 00:08:57,3.519738650671818,3.598931093885958,4.181515579369481,6.4,1.7686028288429612,1.7250583553440069,0.6130232817794384,3.105,0.8626078552582834,0.810863733249449,0.08875429744484353,1.445
2026-10-09 00:23:57,3.5601514035297597,3.6361773454354682,4.22830974551307,6.465,1.7845842349283982,1.7466112668074698,0.6200318306944888,3.14,0.8746885317577618,0.8253539326204069,0.0906905993023527,1.475
2026-10-09 00:38:57,3.6435038186797226,3.7330804118918732,4.336208690695481,6.63,1.8223720506749355,1.7793988912443663,0.6340434979948864,3.205,0.9004574405310309,0.8561276039790977,0.09326308106641354,1.52
2026-10-09 00:53:57,3.691168622781594,3.7869828430789707,4.384220910718105,6.72,1.8443983617447548,1.8001023552571105,0.64139301302459,3.24,0.9097904972897287,0.862050245337467,0.09367587768290597,1.53
2026-10-09 01:08:57,3.7639137616430975,3.8640673100880045,4.482195314877339,6.875,1.9026579608727046,1.8678286441831766,0.6625821627347759,3.345,0.9393389724183429,0.8952433390311981,0.09742734848139938,1.59
2026-10-09 01:23:57,3.8308915808401762,3.9089960412760987,4.5275600360774035,6.965,1.9195602623791785,1.8859810936003394,0.6690103129028974,3.375,0.9541283663974902,0.910661444625823,0.09896566735311502,1.615
2026-10-09 01:38:57,3.851356059936968,3.923297784331927,4.542802507634476,6.99,1.9395120815967573,1.9014321928974116,0.6750321912540055,3.41,0.9690208622780657,0.9244446195120902,0.09999000753008241,1.64
2026-10-09 01:53:57,3.9376323359878294,4.020098445197676,4.6496698560922365,7.155,1.999694138008285,1.9590345463122407,0.6959297728750592,3.51,0.9987418210740274,0.9589366306897471,0.10309183115625091,1.695
2026-10-09 02:08:57,3.99874110047846,4.089679380983135,4.72272563025858,7.27,2.041430901551822,1.9927338483447954,0.7077387688921823,3.57,1.0087586953859744,0.9651972197695199,0.10443164637497446,1.71
2026-10-09 02:23:57,4.012662688350487,4.102493856057953,4.743951618231403,7.3,2.046888689168212,1.9972004621274957,0.7098361681387002,3.58,1.0191441549783578,0.9780068469736968,0.10599268665041002,1.73
2026-10-09 02:38:57,4.063068530963859,4.149410995947227,4.801037021598307,7.385,2.0762042730212453,2.0275080836851416,0.7181434021035926,3.625,1.0287916198137514,0.9906090902901278,0.10739698027153396,1.75
2026-10-09 02:53:57,4.114834550858652,4.2016391798228385,4.8602630382495935,7.47,2.0972831850271585,2.0464742060883925,0.7252193658273643,3.66,1.0453432596881942,1.0094097370529804,0.10892807144100146,1.78
2026-10-09 03:08:57,4.184241496885522,4.261841170457912,4.949580728745698,7.6,2.123857853396223,2.0737668315482654,0.7347485053337862,3.705,1.051034983409017,1.016080060311921,0.1093956142614639,1.79
2026-10-09 03:23:57,4.290757099861112,4.363189568063734,5.063777013996133,7.775,2.1782368387019737,2.1365983441854617,0.7555753055398472,3.81,1.0918360313225335,1.0541603856864232,0.1131711885345076,1.855
2026-10-09 03:38:57,4.3836600462292274,4.456180875748954,5.174558752505849,7.94,2.2263643672179114,2.185348326592696,0.7742708998894621,3.895,1.104150051503361,1.064434741978512,0.11395732304058216,1.87
2026-10-09 03:53:57,4.441714747284658,4.514020661555714,5.239517977457846,8.04,2.237314640858242,2.197139986625541,0.7802467684580771,3.925,1.1167087908272233,1.0791556818792591,0.11594908332324828,1.895
2026-10-09 04:08:57,4.494503995738164,4.565152357059598,5.292378964160234,8.13,2.2708341509150043,2.2388269519778214,0.7926239378929346,3.99,1.1311949741570906,1.0894366385847623,0.11720181035728992,1.92
2026-10-09 04:23:57,4.52190875855018,4.596698731592116,5.320672082141654,8.18,2.275357615686756,2.243480847220122,0.7944308403248798,4.0,1.142120915435242,1.1001465766883811,0.11871601254239353,1.94
2026-10-09 04:38:57,4.5575622949207375,4.643491357158883,5.362301370495675,8.255,2.28528393957964,2.257145334221908,0.7984157596279056,4.02,1.1572151017862518,1.1116339104258397,0.12010585676777874,1.965
2026-10-09 04:53:57,4.612645027200183,4.6848697460851705,5.413576803737038,8.335,2.3003321089617987,2.2786370233005155,0.8057628166473227,4.055,1.1706568773972879,1.1193066003043715,0.12100048123519837,1.98
2026-10-09 05:08:57,4.661690628896148,4.73500626734709,5.463985376417278,8.425,2.3405905257732593,2.3095815402331263,0.8188556493653091,4.12,1.1751851842015033,1.1268410309980634,0.12225195293075401,1.995
2026-10-09 05:23:57,4.716228347402959,4.7863838063032835,5.527595302423598,8.525,2.3695739160176874,2.3266064217036693,0.8271265773206885,4.16,1.1802134250955045,1.1303868410435467,0.122762302706594,2.005
2026-10-09 05:38:57,4.83111451988394,4.886882681739884,5.662989790976235,8.73,2.3967419098191622,2.3593338283543455,0.8408796108390858,4.225,1.1939498207679577,1.144349274326683,0.12422879077472475,2.03
2026-10-09 05:53:57,4.902634749539176,4.948911649712811,5.7459768312304,8.85,2.4075978452748203,2.377367768185455,0.8469476048994765,4.255,1.1974469304565447,1.1489506882387317,0.12477723950079928,2.04
2026-10-09 06:08:57,4.966877435372837,5.026473432740279,5.829849218952336,8.985,2.437968014770047,2.408991175681053,0.8571612818661686,4.305,1.2048090735927155,1.1616781168721235,0.1260523315668446,2.06
2026-10-09 06:23:57,5.005133613349934,5.0566491021040605,5.867920186897463,9.05,2.4590807941852524,2.431212745036938,0.867507876118757,4.35,1.214132244786641,1.1772175609726492,0.1271091335820242,2.085
2026-10-09 06:38:57,5.047833444104551,5.102726521583478,5.921499241996982,9.135,2.467609774288272,2.4415721474068466,0.8724013461397822,4.37,1.2181413671567916,1.1843892974110342,0.1277358810181655,2.095
2026-10-09 06:53:57,5.141565165549754,5.183391895532707,6.0246818588168365,9.285,2.506449899815897,2.481141400232354,0.8872456405619603,4.44,1.236477187602041,1.1978525959673583,0.12972943517101185,2.125
2026-10-09 07:08:57,5.215880536966307,5.266485600962473,6.105354874245956,9.41,2.5387425213288246,2.5059602170362085,0.8974210401754698,4.49,1.2438684604398214,1.2028568176417345,0.13056384308085922,2.14
2026-10-09 07:23:57,5.27266981004741,5.317895218110168,6.176554671573924,9.515,2.5646782622065367,2.529772930966604,0.9058308505028124,4.53,1.2630546656779524,1.2128535841569121,0.13291894661975118,2.17
2026-10-09 07:38:57,5.395789957378391,5.454608944246073,6.309639381854384,9.735,2.611553663183705,2.571749805287773,0.9229228326125148,4.615,1.2830956500516741,1.2337879204969957,0.13566405587813174,2.205
2026-10-09 07:53:57,5.510922056989428,5.567414022422157,6.437805327849921,9.935,2.6574128261972536,2.612610473746779,0.9363803494274534,4.695,1.32341897597494,1.2662827821574256,0.1402995595575052,2.275
2026-10-09 08:08:57,5.555200405911707,5.613157210835772,6.4862161082588585,10.015,2.675765693225837,2.63269003348465,0.9433076150633024,4.73,1.3314083574113507,1.2728639051819033,0.14136540080535065,2.29
2026-10-09 08:23:57,5.60491779578893,5.65925274632761,6.549124882705384,10.105,2.709880095118571,2.666677716404577,0.9549633917548712,4.785,1.3472947007054183,1.2936444126167854,0.14341813118029068,2.325
2026-10-09 08:38:57,5.648324058967457,5.6968433254759825,6.596016242018714,10.175,2.7404299077471705,2.699449919688082,0.9691739076799857,4.85,1.3472947007054183,1.2936444126167854,0.14341813118029068,2.325
2026-10-09 08:53:57,5.686904286477171,5.737950147041762,6.645676563975419,10.245,2.7618584173758047,2.7208421706178836,0.9765664795515114,4.89,1.3508146919671544,1.2978154338309025,0.14408804522742097,2.335
2026-10-09 09:08:57,5.745916581938524,5.800022096859465,6.7145359867313035,10.36,2.791644962752123,2.7516467759700958,0.9868355341957911,4.945,1.354632759360247,1.301514879249453,0.14453283362192526,2.345
2026-10-09 09:23:57,5.813080873879683,5.874217495013434,6.80478596819637,10.49,2.8118216767394975,2.7888670956517405,0.9986456096661801,5.0,1.3603458510084823,1.3129597089609988,0.14573679728636113,2.36
2026-10-09 09:38:57,5.8569897194957825,5.920726864027157,6.859124981448043,10.57,2.8254522570653604,2.800681938779885,1.0038283681702351,5.03,1.3679945016954393,1.3234982748793551,0.14704071154097148,2.375
2026-10-09 09:53:57,5.897609377970105,5.958315509708207,6.904988789620537,10.64,2.85199383875832,2.835252426610469,1.0146729054516268,5.085,1.396605914074996,1.3484563675935726,0.14993294109681296,2.42
2026-10-09 10:08:57,5.983595477111021,6.0360754392036755,7.0046141018461325,10.78,2.8888483503910365,2.8805226750667074,1.0301512708123952,5.16,1.4104878001278438,1.3639519220175165,0.15158895614811915,2.45
2026-10-09 10:23:57,6.006109586449718,6.06446771057016,7.037602446022521,10.83,2.8897860942359235,2.8828769356343447,1.0310467382179092,5.165,1.4104878001278438,1.3639519220175165,0.15158895614811915,2.45
2026-10-09 10:38:57,6.028169211936664,6.091805350437712,7.065266006851972,10.875,2.892129872159731,2.8870013509038714,1.031699106807086,5.17,1.4186398447777597,1.3696008655627954,0.1523139005310895,2.46
2026-10-09 10:53:57,6.086637092949762,6.1492783740972525,7.124086231087169,10.97,2.898978524081618,2.896264977684763,1.0331723876560062,5.18,1.4224184379482405,1.3745953145033398,0.1525645191516762,2.465
2026-10-09 11:08:57,6.1204152332665815,6.182022569104059,7.153724478990466,11.025,2.9097497489798068,2.905592186692848,1.0363052738288636,5.2,1.431795836020802,1.3811829582599997,0.15360682427782,2.48
2026-10-09 11:23:57,6.141380548280582,6.195432956133368,7.172149541490494,11.055,2.9097497489798068,2.905592186692848,1.0363052738288636,5.2,1.431795836020802,1.3811829582599997,0.15360682427782,2.48
2026-10-09 11:38:57,6.153839471030872,6.2072213871376665,7.183919352839821,11.075,2.9113266479622437,2.909673345214271,1.0368178239361137,5.205,1.431795836020802,1.3811829582599997,0.15360682427782,2.48
2026-10-09 11:53:57,6.190433269800489,6.2340633787253426,7.225616388260614,11.14,2.9180746235222044,2.91344841873671,1.0385624599661223,5.215,1.431795836020802,1.3811829582599997,0.15360682427782,2.48
2026-10-09 12:08:57,6.234575425237142,6.283735094008914,7.2814836644852505,11.22,2.9465573760442942,2.9328467872359916,1.0475871412470164,5.255,1.4575237521483275,1.403482681932212,0.15621133157531872,2.52
2026-10-09 12:23:57,6.241971472223001,6.287929673096122,7.292476660898777,11.235,2.949882040358185,2.937419339911971,1.048543984971981,5.26,1.4575237521483275,1.403482681932212,0.15621133157531872,2.52
2026-10-09 12:38:57,6.254869903087926,6.306788465302368,7.309548755225738,11.26,2.9635612747083346,2.9472638846100305,1.0515059814623338,5.28,1.4604188771943232,1.404665660334679,0.15638436278369108,2.525
2026-10-09 12:53:57,6.273206973241025,6.322227223177821,7.334571691732275,11.295,2.9657233053881313,2.9498140710518648,1.052661715479903,5.285,1.4604188771943232,1.404665660334679,0.15638436278369108,2.525
2026-10-09 13:08:57,6.273206973241025,6.322227223177821,7.334571691732275,11.295,2.9657233053881313,2.9498140710518648,1.052661715479903,5.285,1.4604188771943232,1.404665660334679,0.15638436278369108,2.525
2026-10-09 13:23:57,6.285084392007326,6.3383914445400515,7.351388720665352,11.32,2.9657233053881313,2.9498140710518648,1.052661715479903,5.285,1.4604188771943232,1.404665660334679,0.15638436278369108,2.525
2026-10-09 13:38:57,6.286935846106143,6.343026914980569,7.353672894899589,11.325,2.967378871589871,2.9545064489690662,1.053244418543727,5.29,1.4604188771943232,1.404665660334679,0.15638436278369108,2.525
2026-10-09 13:53:57,6.29008686411056,6.344299135181347,7.356279423828658,11.33,2.9734061053841896,2.962978775284457,1.054867839648051,5.3,1.4604188771943232,1.404665660334679,0.15638436278369108,2.525
2026-10-09 14:08:57,6.29008686411056,6.344299135181347,7.356279423828658,11.33,2.9734061053841896,2.962978775284457,1.054867839648051,5.3,1.4604188771943232,1.404665660334679,0.15638436278369108,2.525
2026-10-09 14:23:57,6.292480017744487,6.348286128808303,7.359013965654001,11.335,2.9745790954888127,2.9646068434792188,1.0557739978511056,5.305,1.468431409003898,1.4113291478183456,0.15763254092725523,2.54
2026-10-09 14:38:57,6.296370145514753,6.3551343554718445,7.3652851349414075,11.345,2.9813397140277393,2.9691402439385124,1.0569272008364947,5.315,1.468431409003898,1.4113291478183456,0.15763254092725523,2.54
2026-10-09 14:53:57,6.319190496354747,6.371565015597871,7.3852008847446395,11.375,2.985807635299146,2.9735635542596297,1.0574927302184844,5.32,1.4697102168105827,1.4141102519191326,0.15793026625248624,2.545
2026-10-09 15:08:57,6.328074386542646,6.378669942256568,7.395445054475056,11.395,2.985807635299146,2.9735635542596297,1.0574927302184844,5.32,1.4781584506340577,1.4179143018945342,0.15829911053799647,2.555
2026-10-09 15:23:57,6.335966485923106,6.385693342502604,7.405647849023578,11.41,2.985807635299146,2.9735635542596297,1.0574927302184844,5.32,1.4809672700033294,1.4190753104843488,0.15845380690468716,2.56
2026-10-09 15:38:57,6.339355294638377,6.386903557681562,7.410610652269816,11.415,2.985807635299146,2.9735635542596297,1.0574927302184844,5.32,1.484829534304518,1.4226676100648321,0.1588670445020115,2.565
2026-10-09 15:53:57,6.346430235746882,6.393941407624053,7.417633033416087,11.425,2.985807635299146,2.9735635542596297,1.0574927302184844,5.32,1.484829534304518,1.4226676100648321,0.1588670445020115,2.565
2026-10-09 16:08:57,6.366481088765514,6.410026028906388,7.434193785057167,11.455,2.98693714651505,2.9773328600411766,1.0585620091409378,5.325,1.484829534304518,1.4226676100648321,0.1588670445020115,2.565
2026-10-09 16:23:57,6.378636490079607,6.4204488437433085,7.449551700156707,11.475,2.991985267579785,2.984613448983606,1.0601708809428407,5.335,1.484829534304518,1.4226676100648321,0.1588670445020115,2.565
2026-10-09 16:38:57,6.383683009869082,6.423603245252264,7.456648892033598,11.485,2.991985267579785,2.984613448983606,1.0601708809428407,5.335,1.484829534304518,1.4226676100648321,0.1588670445020115,2.565
2026-10-09 16:53:57,6.383683009869082,6.423603245252264,7.456648892033598,11.485,2.991985267579785,2.984613448983606,1.0601708809428407,5.335,1.484829534304518,1.4226676100648321,0.1588670445020115,2.565
2026-10-09 17:08:57,6.399172192530762,6.438597617060677,7.476243517308787,11.515,2.991985267579785,2.984613448983606,1.0601708809428407,5.335,1.484829534304518,1.4226676100648321,0.1588670445020115,2.565
2026-10-09 17:23:57,6.404379625542798,6.44081455537932,7.483075459763156,11.525,2.991985267579785,2.984613448983606,1.0601708809428407,5.335,1.484829534304518,1.4226676100648321,0.1588670445020115,2.565
2026-10-09 17:38:57,6.406384242072525,6.444268699464638,7.485006615999271,11.53,2.991985267579785,2.984613448983606,1.0601708809428407,5.335,1.484829534304518,1.4226676100648321,0.1588670445020115,2.565
2026-10-09 17:53:57,6.416706081324554,6.453871831606734,7.494114926870368,11.545,2.991985267579785,2.984613448983606,1.0601708809428407,5.335,1.484829534304518,1.4226676100648321,0.1588670445020115,2.565
2026-10-09 18:08:57,6.418041686174121,6.456291390507521,7.498865402594737,11.55,2.9937024789166595,2.987972744185148,1.0616134666095514,5.34,1.484829534304518,1.4226676100648321,0.1588670445020115,2.565
2026-10-09 18:23:57,6.426884808584484,6.467202339624969,7.509500094872491,11.565,2.9937024789166595,2.987972744185148,1.0616134666095514,5.34,1.4881099222433571,1.4249927820778567,0.1592609514944574,2.57
2026-10-09 18:38:57,6.440403278914275,6.479248729052011,7.516662466852591,11.58,2.9937024789166595,2.987972744185148,1.0616134666095514,5.34,1.4881099222433571,1.4249927820778567,0.1592609514944574,2.57
2026-10-09 18:53:57,6.447473733332267,6.48849800073907,7.5247466307643025,11.595,2.9974218609037973,2.9918266127562783,1.0635603937834957,5.35,1.4881099222433571,1.4249927820778567,0.1592609514944574,2.57
2026-10-09 19:08:57,6.4549649393497335,6.496543684193736,7.5348817133058414,11.61,3.0075394477787927,3.000417056471531,1.066234948356938,5.365,1.4881099222433571,1.4249927820778567,0.1592609514944574,2.57
2026-10-09 19:23:57,6.491963520831682,6.537547069396079,7.586857484873453,11.69,3.0287286398661535,3.0286993062697367,1.074976859803633,5.41,1.5089450020446178,1.4402659342123008,0.1616133455635079,2.6
2026-10-09 19:38:57,6.499070631421613,6.547742063169452,7.59532594031069,11.705,3.031585488131194,3.0352502882389705,1.0765642089098875,5.42,1.5147286765193042,1.4466267107513024,0.1624169918135004,2.61
2026-10-09 19:53:57,6.512977785359682,6.567491064926736,7.611857051122133,11.73,3.037750203893591,3.0396503570534468,1.078250311106332,5.43,1.5172316462923994,1.451520696407885,0.1625488248325768,2.615
2026-10-09 20:08:57,6.523740532299253,6.579268511722339,7.6224407855326755,11.75,3.057031356335727,3.061371555086749,1.0846289616203775,5.465,1.5216040845373857,1.4548797888582323,0.16302016576428227,2.62
2026-10-09 20:23:57,6.549750669733147,6.598656118992845,7.651123474742523,11.79,3.079004044590662,3.093790200640905,1.0926943524410562,5.51,1.5248800050796523,1.4585391106320669,0.16343824702278206,2.625
2026-10-09 20:38:57,6.560805645492604,6.607973392732036,7.660200057606774,11.81,3.079679078265744,3.0986150118051246,1.0936097788069408,5.515,1.5248800050796523,1.4585391106320669,0.16343824702278206,2.625
2026-10-09 20:53:57,6.567232837755213,6.61536832568094,7.667424453036674,11.82,3.0839975912405797,3.099603505530072,1.0944091908395575,5.52,1.5248800050796523,1.4585391106320669,0.16343824702278206,2.625
2026-10-09 21:08:57,6.601154290630781,6.653906266925716,7.713284823118354,11.89,3.0914401802907086,3.1088123953993896,1.0959780444975014,5.53,1.533952359194096,1.4682055545123354,0.16442493886187518,2.645
2026-10-09 21:23:57,6.649541369711326,6.709945185469261,7.7862037541024876,11.995,3.1019519760769017,3.123717595946273,1.1002980795131878,5.55,1.5652864494648815,1.5092996396669935,0.16814741245971868,2.705
2026-10-09 21:38:57,6.691566660550206,6.74428886350305,7.82457088277121,12.06,3.1187993537849126,3.136913197918034,1.1067308993750873,5.585,1.584393715124238,1.5285336343813534,0.170048854533094,2.735
2026-10-09 21:53:57,6.729881559443428,6.783733489730135,7.879064977184128,12.135,3.1293104301021213,3.144180146354929,1.1099300841741568,5.6,1.5920144256833635,1.5358098805130862,0.17086395132761784,2.745
2026-10-09 22:08:57,6.829553791423502,6.887718701141306,7.9904792271965865,12.3,3.1877852280704637,3.2065072031174293,1.1324934262614166,5.7,1.610632830843953,1.557779669945885,0.17344986029092768,2.785
2026-10-09 22:23:57,6.922181498199262,6.971530885142566,8.096732494946698,12.455,3.2435401592271162,3.2606120838004258,1.1505330018880664,5.79,1.6366305079060564,1.5839105278799475,0.17599856102051437,2.83
2026-10-09 22:38:57,6.941729241663811,6.989106670712297,8.118409186479427,12.49,3.2541376103871538,3.2700235481267863,1.1534286609545539,5.805,1.6366305079060564,1.5839105278799475,0.17599856102051437,2.83
2026-10-09 22:53:57,7.000820311898663,7.044351971434697,8.181377984960093,12.595,3.3198466542674443,3.329509676121167,1.1759041886501047,5.915,1.652617958898308,1.6064617050905032,0.17850720717680252,2.865
2026-10-09 23:08:57,7.062485349401511,7.104666687098055,8.247911289570366,12.71,3.3556974037546996,3.356610302665199,1.1884956362063923,5.975,1.6585812609955393,1.6153111749047546,0.17904083752749073,2.875
2026-10-09 23:23:57,7.0871290765550015,7.12761719313799,8.274625262735038,12.75,3.3764768528187012,3.3779677949110885,1.1949974421374878,6.005,1.6598364975823032,1.6162097753666218,0.17919279330039556,2.88
2026-10-09 23:38:57,7.130667093877346,7.159471045415548,8.32984807685923,12.825,3.3923441543471347,3.392680506593956,1.1995453357294923,6.035,1.6640404469285635,1.6200711818844051,0.18007071318364357,2.895
2026-10-09 23:53:57,7.193677697572055,7.218235562715918,8.409420107576157,12.935,3.4450281231341537,3.4308920397302827,1.2167562781424508,6.125,1.6724700684132505,1.6332515731803554,0.18187245124852786,2.915
2026-10-10 00:08:57,7.223578872278185,7.250809704250717,8.43710771410523,12.985,3.457558976021845,3.4443126330784692,1.2215610447699314,6.15,1.6786107456599277,1.6415875017685455,0.18296692513042997,2.93
2026-10-10 00:23:57,7.26994330071678,7.29694283771707,8.48350152008908,13.07,3.494942712233293,3.478477526670226,1.2350599807134228,6.215,1.6918641005888313,1.6512854268234956,0.1838052601053092,2.95
2026-10-10 00:38:57,7.327912928167853,7.343871731581067,8.546650505174847,13.17,3.5206834072522533,3.513936848294278,1.2472867028983308,6.27,1.7311627446103706,1.6864854553600637,0.1881737224798839,3.025
2026-10-10 00:53:57,7.410002635498473,7.4209788059519495,8.638295681585813,13.315,3.5439998861090847,3.5369540651577025,1.254409064280497,6.315,1.7388374295492386,1.6949470635115118,0.18938764226597396,3.045
2026-10-10 01:08:57,7.440863899483906,7.450502729877335,8.670386872454303,13.365,3.581264582459889,3.573951946940545,1.266639643127897,6.38,1.7563480326787995,1.7147311399329224,0.1917854917853002,3.08
2026-10-10 01:23:57,7.465988815795721,7.4736397588354455,8.699260073476179,13.405,3.60170327460413,3.589927902493494,1.2721266197574088,6.41,1.774795590645565,1.7317892728831024,0.19326537383648967,3.105
2026-10-10 01:38:57,7.474939773142975,7.487964631244382,8.711816611540533,13.43,3.617132936825643,3.612105390425125,1.2785521352888314,6.44,1.7777807285257317,1.736437955036863,0.19374355218228703,3.115
2026-10-10 01:53:57,7.565798896009184,7.582554704706971,8.820646456325592,13.585,3.654965460407807,3.6541391090432835,1.2917341771528037,6.5,1.8021071105043858,1.7579803846224844,0.19586634915851658,3.15
2026-10-10 02:08:57,7.660094185601344,7.6765390810365615,8.927285500365722,13.745,3.7061271828559956,3.721559595570848,1.3123731156730798,6.6,1.8272535624952277,1.7805533099122322,0.19810938067010392,3.19
2026-10-10 02:23:57,7.724753758473349,7.721503255653901,8.996556263652764,13.85,3.7384394707313526,3.7578828028126905,1.3210454517114818,6.655,1.845516995083685,1.794229225417633,0.19979455676131558,3.22
2026-10-10 02:38:57,7.809958883211167,7.796195728572856,9.077822136736811,13.985,3.7664553223583366,3.7825684422932064,1.330871460219142,6.705,1.875909130130345,1.8309233964348106,0.2038522825694645,3.28
2026-10-10 02:53:57,7.8459371336772294,7.836859118332466,9.12067819245916,14.055,3.793846524690308,3.8177677952995333,1.3399961027780394,6.755,1.8905245683387981,1.8466844574764079,0.20590414651474717,3.31
2026-10-10 03:08:57,7.886081057250462,7.869528560773314,9.165948591136964,14.13,3.8318756390623467,3.8608279330152624,1.354057438200026,6.825,1.8939860236188526,1.854576077101491,0.20653548370800773,3.32
2026-10-10 03:23:57,7.936277801366703,7.914861386402144,9.225535571547475,14.22,3.8509849830266285,3.879217484521937,1.3595126733540026,6.855,1.9000274633527061,1.868164389647445,0.20748010360280608,3.335
2026-10-10 03:38:57,7.97312337558838,7.946519943326079,9.259323712390405,14.275,3.865077883755316,3.8949164697438547,1.3641482135344274,6.88,1.911654358766806,1.8776876779802931,0.20802601147027894,3.35
2026-10-10 03:53:57,8.063607162081695,8.050880364245437,9.37046900594128,14.455,3.897859919846187,3.9288457637810277,1.374625452034546,6.935,1.9415263235062659,1.9096289182379842,0.2106883718100165,3.4
2026-10-10 04:08:57,8.108121516451499,8.095504138612128,9.420352454153358,14.53,3.927264644121588,3.9573642096473653,1.381439952177205,6.98,1.9480014314066005,1.917174689603016,0.21176850793321458,3.415
2026-10-10 04:23:57,8.172380896611614,8.167316712537044,9.492115712824281,14.65,3.9529626173573966,3.9794271332126248,1.3904775880369011,7.02,1.9624330930924685,1.9294997293016505,0.21357981195356776,3.44
2026-10-10 04:38:57,8.247015986550114,8.243006947237504,9.577336041588191,14.775,3.9803553947576993,4.01541223044018,1.3999614683118,7.07,1.9696704776233693,1.9385379390882176,0.21434279103626472,3.45
2026-10-10 04:53:57,8.26664460014332,8.27094701062003,9.605710504001664,14.82,4.00278826248602,4.037482763787191,1.4073206707882395,7.11,1.978939333675289,1.95661709482549,0.21561687578477726,3.47
2026-10-10 05:08:57,8.296112698380393,8.307761709273095,9.64815997446411,14.885,4.030284817982591,4.055409654702148,1.4175652305513207,7.155,1.9839515357968869,1.9646151116584156,0.21634282256800302,3.48
2026-10-10 05:23:57,8.374160559520003,8.388365382004084,9.738059186807739,15.03,4.0705344019412495,4.102020420247928,1.4327160123688585,7.24,1.9958864807908567,1.9838296874940284,0.2183626971482751,3.51
2026-10-10 05:38:57,8.425000208412229,8.435327188036819,9.789107713484112,15.115,4.093966102550166,4.131433540788204,1.4414259276615813,7.285,2.0010936767783747,1.9896918567584339,0.21921675264924406,3.525
2026-10-10 05:53:57,8.483156901641406,8.486450995890282,9.850530865864782,15.215,4.115691805864604,4.142763423084874,1.4476725942403283,7.315,2.016724163491826,2.0046816158213705,0.22127750414528505,3.555
2026-10-10 06:08:57,8.529024328041526,8.528256163682126,9.901985558546759,15.29,4.139352625308081,4.164843517748476,1.457971914014795,7.365,2.0262763466197304,2.0150396348337556,0.22275433963002578,3.58
2026-10-10 06:23:57,8.567700316973783,8.570630767801036,9.945470787650018,15.36,4.167614250682853,4.195577981518051,1.468597115990319,7.42,2.0309232102082104,2.0200701732840933,0.22361443720908147,3.59
2026-10-10 06:38:57,8.598123110431711,8.605765161477562,9.987402197186922,15.42,4.18883615605626,4.217054457952791,1.4765038323646622,7.46,2.049766249470307,2.030662179021507,0.22543440015057023,3.615
2026-10-10 06:53:57,8.644344313768276,8.64423854879409,10.032420515879837,15.49,4.214153063797695,4.251173092070132,1.4861271420254079,7.51,2.06180204988425,2.037409763998152,0.2264742326924848,3.63
2026-10-10 07:08:57,8.650186787375745,8.648157695865786,10.036499867622148,15.5,4.219384411081843,4.262913244431422,1.4908006459989847,7.53,2.06180204988425,2.037409763998152,0.2264742326924848,3.63
2026-10-10 07:23:57,8.685356689806223,8.68992967557142,10.080396234586114,15.57,4.237261831460172,4.274255662120428,1.4957829254206014,7.555,2.064728345978108,2.0423439595072934,0.2266586649423816,3.635
2026-10-10 07:38:57,8.705743995257897,8.715930993431888,10.108947892568784,15.61,4.250858373672811,4.293232721977307,1.501593777544792,7.58,2.0729437773726667,2.04762785358004,0.22730491043960332,3.65
2026-10-10 07:53:57,8.726468720232416,8.745096072897727,10.135894786381574,15.655,4.27183229750623,4.315968045883014,1.5080549869007278,7.615,2.078715562586759,2.0498765843986404,0.22807642037150322,3.66
2026-10-10 08:08:57,8.746465484117547,8.767532382261367,10.158646766705548,15.69,4.277815838654129,4.319474300630409,1.509890754132367,7.625,2.083702300334101,2.0578327677267008,0.22856745822176716,3.67
2026-10-10 08:23:57,8.772902908474027,8.796258411455307,10.19031028831666,15.74,4.284673321239758,4.335966631203655,1.5135478026672342,7.645,2.083702300334101,2.0578327677267008,0.22856745822176716,3.67
2026-10-10 08:38:57,8.788293850715776,8.811695452580661,10.212267555276762,15.77,4.2956309365759235,4.345365001275132,1.5170344994688907,7.665,2.0878267194313533,2.0588479347525737,0.22884803861328076,3.675
2026-10-10 08:53:57,8.811435645917967,8.831730866295501,10.233847325215798,15.805,4.2987603698932695,4.346420854719762,1.5178280426092399,7.67,2.0928196268310435,2.0648023065600385,0.22934105460820495,3.685
2026-10-10 09:08:57,8.847304148863007,8.869779086313786,10.270727662719363,15.865,4.309307844104009,4.355911561898104,1.5224029152021759,7.69,2.0951108348600074,2.0675473989709516,0.229729230070108,3.69
2026-10-10 09:23:57,8.873849698436633,8.89951097465116,10.303132986371098,15.915,4.315229410358039,4.363708743185727,1.5257669415546278,7.705,2.098829088494806,2.06951566625794,0.23005528270184236,3.695
2026-10-10 09:38:57,8.894554325761701,8.926684197780046,10.326862039937263,15.96,4.322228769018229,4.372753115052105,1.529509282492433,7.72,2.106513402092359,2.078438670649333,0.23099293908555352,3.71
2026-10-10 09:53:57,8.92164595187547,8.95428947446792,10.36502263066699,16.02,4.33899394929711,4.386737639977812,1.535149471626194,7.745,2.108888489408013,2.080335937538408,0.23113670865234898,3.715
2026-10-10 10:08:57,8.983840174241877,8.999912178127884,10.442011185974486,16.125,4.343736053297305,4.39125010930455,1.537581858237729,7.755,2.1193858373769987,2.0883100719856613,0.23278856465248648,3.74
2026-10-10 10:23:57,9.003112941684982,9.016771444635328,10.46425001383195,16.155,4.353190495760242,4.398532566642496,1.540193640904808,7.77,2.1193858373769987,2.0883100719856613,0.23278856465248648,3.74
2026-10-10 10:38:57,9.006286034001924,9.01954842917135,10.470626800153461,16.165,4.359718984152821,4.402627936086089,1.541782343954028,7.78,2.1239223615895075,2.089077647557913,0.23327702105054282,3.745
2026-10-10 10:53:57,9.024924049377839,9.037133156422803,10.488387966507485,16.195,4.3648097687517735,4.40886646589485,1.543775298445964,7.79,2.126473916973273,2.092925419876943,0.2335031105734737,3.75
2026-10-10 11:08:57,9.028795634431349,9.038772572246959,10.490154247636097,16.2,4.3648097687517735,4.40886646589485,1.543775298445964,7.79,2.1286852543881505,2.0960066629648586,0.23383962670531827,3.755
2026-10-10 11:23:57,9.042817185740194,9.062491719663772,10.515958478440968,16.24,4.377049142169367,4.416776829923445,1.5484441456488,7.81,2.1286852543881505,2.0960066629648586,0.23383962670531827,3.755
2026-10-10 11:38:57,9.044862344871355,9.063213440978688,10.520548912080981,16.245,4.381967702008064,4.4195391640589055,1.549253909964267,7.815,2.1286852543881505,2.0960066629648586,0.23383962670531827,3.755
2026-10-10 11:53:57,9.048426707315624,9.068983337442415,10.530174664620914,16.255,4.381967702008064,4.4195391640589055,1.549253909964267,7.815,2.1351722794897516,2.100511269943217,0.2345073441757286,3.765
2026-10-10 12:08:57,9.077135791638717,9.102749732844233,10.565330979746522,16.305,4.3887082039688154,4.4249120449495045,1.551220598711908,7.825,2.1351722794897516,2.100511269943217,0.2345073441757286,3.765
2026-10-10 12:23:57,9.097312041530456,9.129629071619698,10.594271403633536,16.35,4.3887082039688154,4.4249120449495045,1.551220598711908,7.825,2.142602299297346,2.1046037601875067,0.23490329436890298,3.775
2026-10-10 12:38:57,9.118799520640481,9.146912298970738,10.612731425795777,16.375,4.3955853551024076,4.432710990523586,1.5528092291409548,7.835,2.1436514304331893,2.1088988272577676,0.23514482069217785,3.78
2026-10-10 12:53:57,9.132023859675236,9.157989894399277,10.625600480047378,16.4,4.396592176676216,4.437207155162741,1.5538692571522061,7.84,2.1436514304331893,2.1088988272577676,0.23514482069217785,3.78
2026-10-10 13:08:57,9.142257305512546,9.169081941551884,10.638622632168241,16.42,4.398855993621052,4.438796246376712,1.5547892290582934,7.845,2.145647239214173,2.109968551511875,0.23541091941527165,3.785
2026-10-10 13:23:57,9.145777257394087,9.176774982632871,10.650393213753999,16.435,4.398855993621052,4.438796246376712,1.5547892290582934,7.845,2.145647239214173,2.109968551511875,0.23541091941527165,3.785
2026-10-10 13:38:57,9.149831364640416,9.17805267158383,10.653207251579476,16.44,4.4002955953305705,4.443025094521959,1.5560297418502083,7.85,2.145647239214173,2.109968551511875,0.23541091941527165,3.785
2026-10-10 13:53:57,9.166443326649278,9.19304370463739,10.66539130023688,16.46,4.4002955953305705,4.443025094521959,1.5560297418502083,7.85,2.145647239214173,2.109968551511875,0.23541091941527165,3.785
2026-10-10 14:08:57,9.16994022372932,9.19429341464837,10.667876425658685,16.465,4.405249952183414,4.4460497880821235,1.556803568748438,7.855,2.145647239214173,2.109968551511875,0.23541091941527165,3.785
2026-10-10 14:23:57,9.176893737450182,9.205162123970043,10.67690400397541,16.48,4.410247593525475,4.452304716965731,1.5589898527942287,7.865,2.150990211366111,2.115369456210764,0.23612412918098222,3.795
2026-10-10 14:38:57,9.179962440163715,9.208606949755291,10.680560087778641,16.485,4.410247593525475,4.452304716965731,1.5589898527942287,7.865,2.150990211366111,2.115369456210764,0.23612412918098222,3.795
2026-10-10 14:53:57,9.182447390675689,9.210925775487324,10.684215263796347,16.49,4.410247593525475,4.452304716965731,1.5589898527942287,7.865,2.150990211366111,2.115369456210764,0.23612412918098222,3.795
2026-10-10 15:08:57,9.189013060985818,9.219127171548273,10.690332854814145,16.5,4.410247593525475,4.452304716965731,1.5589898527942287,7.865,2.150990211366111,2.115369456210764,0.23612412918098222,3.795
2026-10-10 15:23:57,9.189013060985818,9.219127171548273,10.690332854814145,16.5,4.410247593525475,4.452304716965731,1.5589898527942287,7.865,2.150990211366111,2.115369456210764,0.23612412918098222,3.795
2026-10-10 15:38:57,9.189013060985818,9.219127171548273,10.690332854814145,16.5,4.410247593525475,4.452304716965731,1.5589898527942287,7.865,2.150990211366111,2.115369456210764,0.23612412918098222,3.795
2026-10-10 15:53:57,9.189013060985818,9.219127171548273,10.690332854814145,16.5,4.410247593525475,4.452304716965731,1.5589898527942287,7.865,2.150990211366111,2.115369456210764,0.23612412918098222,3.795
2026-10-10 16:08:57,9.19731290648989,9.230145725657136,10.69721869654419,16.515,4.41354997539719,4.453294221204983,1.559981057805137,7.87,2.150990211366111,2.115369456210764,0.23612412918098222,3.795
2026-10-10 16:23:57,9.207817646537908,9.243828098740575,10.708970693441165,16.535,4.41354997539719,4.453294221204983,1.559981057805137,7.87,2.150990211366111,2.115369456210764,0.23612412918098222,3.795
2026-10-10 16:38:57,9.211199471158574,9.246981856575607,10.711280303321544,16.54,4.41354997539719,4.453294221204983,1.559981057805137,7.87,2.150990211366111,2.115369456210764,0.23612412918098222,3.795
2026-10-10 16:53:57,9.217182420741233,9.251995086061502,10.717510399857225,16.55,4.418426932769351,4.454185074796367,1.5608232966611162,7.875,2.150990211366111,2.115369456210764,0.23612412918098222,3.795
2026-10-10 17:08:57,9.217182420741233,9.251995086061502,10.717510399857225,16.55,4.418426932769351,4.454185074796367,1.5608232966611162,7.875,2.150990211366111,2.115369456210764,0.23612412918098222,3.795
2026-10-10 17:23:57,9.22078455257023,9.253122286161416,10.719413575242918,16.555,4.418426932769351,4.454185074796367,1.5608232966611162,7.875,2.1545728710449374,2.1163895300873405,0.23624973299779894,3.8
2026-10-10 17:38:57,9.225220394365117,9.255599927081171,10.721836267557082,16.56,4.420864812027185,4.458101418879935,1.5614014016367408,7.88,2.1545728710449374,2.1163895300873405,0.23624973299779894,3.8
2026-10-10 17:53:57,9.225220394365117,9.255599927081171,10.721836267557082,16.56,4.420864812027185,4.458101418879935,1.5614014016367408,7.88,2.1545728710449374,2.1163895300873405,0.23624973299779894,3.8
2026-10-10 18:08:57,9.228609020930058,9.259766009945022,10.725960852693408,16.565,4.420864812027185,4.458101418879935,1.5614014016367408,7.88,2.1545728710449374,2.1163895300873405,0.23624973299779894,3.8
2026-10-10 18:23:57,9.256759868287451,9.293250239719988,10.761166147005847,16.62,4.425827649452886,4.461895028635531,1.562239340666499,7.885,2.1614203823495926,2.1227528586772526,0.23709156788333882,3.81
2026-10-10 18:38:57,9.261737738447021,9.302351660296237,10.770848043882484,16.635,4.4265202609538825,4.466181796711086,1.562849022600444,7.89,2.1614203823495926,2.1227528586772526,0.23709156788333882,3.81
2026-10-10 18:53:57,9.261737738447021,9.302351660296237,10.770848043882484,16.635,4.4265202609538825,4.466181796711086,1.562849022600444,7.89,2.1614203823495926,2.1227528586772526,0.23709156788333882,3.81
2026-10-10 19:08:57,9.28876381934516,9.334539440944802,10.80806673840817,16.685,4.435642908815362,4.474374217470329,1.5645117175813197,7.9,2.1684416277517227,2.1337440121408933,0.23810868440690552,3.825
2026-10-10 19:23:57,9.28876381934516,9.334539440944802,10.80806673840817,16.685,4.435642908815362,4.474374217470329,1.5645117175813197,7.9,2.1684416277517227,2.1337440121408933,0.23810868440690552,3.825
2026-10-10 19:38:57,9.309537364230243,9.348484078733925,10.829936681764227,16.715,4.439673244932146,4.478621782697017,1.5665585968080806,7.91,2.1684416277517227,2.1337440121408933,0.23810868440690552,3.825
2026-10-10 19:53:57,9.349251979526771,9.382480375247903,10.875196663893412,16.785,4.4462668140549075,4.48590608139568,1.5692554736048583,7.925,2.1684416277517227,2.1337440121408933,0.23810868440690552,3.825
2026-10-10 20:08:57,9.364021508590517,9.406709462501391,10.903704618860882,16.825,4.46100168095214,4.502681752240531,1.5739326849865576,7.95,2.1684416277517227,2.1337440121408933,0.23810868440690552,3.825
2026-10-10 20:23:57,9.375260294657389,9.416324290288669,10.915159735959191,16.845,4.46739854179131,4.507656791466021,1.575920271236249,7.96,2.174590654842758,2.1421531000918286,0.23883420302167072,3.835
2026-10-10 20:38:57,9.42191874851487,9.467744824879357,10.974391224849754,16.935,4.491702888917301,4.533952086286006,1.5843642676024952,8.0,2.174590654842758,2.1421531000918286,0.23883420302167072,3.835
2026-10-10 20:53:57,9.443733396401191,9.493876851747231,10.997081880044693,16.975,4.497254094978064,4.541539795623296,1.5856171717330767,8.01,2.175577445908489,2.1450651459965,0.2390117509689232,3.84
2026-10-10 21:08:57,9.48224787832066,9.533823398922202,11.037243019836428,17.035,4.521075781633318,4.565257198626083,1.5923691513003682,8.045,2.185095416253789,2.1592717105887127,0.24005418276427243,3.86
2026-10-10 21:23:57,9.523902542403336,9.58709901411456,11.088769541746055,17.11,4.535683893575408,4.581785432416713,1.5985246712530237,8.08,2.193050394372194,2.165612105521309,0.24083932652431053,3.875
2026-10-10 21:38:57,9.574323966729626,9.637987817732439,11.14104322408537,17.2,4.5737484839981715,4.62457180310505,1.612448803298991,8.15,2.2330084654662916,2.2041105864508492,0.24319135029436578,3.93
2026-10-10 21:53:57,9.599451384840892,9.656265513671203,11.166465149061406,17.235,4.602074416884134,4.647988620545383,1.6207068072279716,8.195,2.251614328597474,2.2142284714493106,0.24471890960430728,3.955
2026-10-10 22:08:57,9.643875023242988,9.697880127388778,11.22090842376525,17.315,4.642151860019703,4.683212906536105,1.630471181338705,8.255,2.257325059856464,2.2214830334784192,0.24521351694708574,3.965
2026-10-10 22:23:57,9.683948130071245,9.739769425275965,11.269170980305912,17.385,4.652762501960716,4.68842702119777,1.63467538987114,8.275,2.2633773482166544,2.2262553266041243,0.24589366261860643,3.975
2026-10-10 22:38:57,9.727270106580077,9.77678812607224,11.314696690677383,17.455,4.674323592563619,4.707828289114209,1.6418230360147765,8.31,2.267657326444948,2.2280505639792407,0.24625730837063753,3.98
2026-10-10 22:53:57,9.7869158535823,9.830846675757963,11.384522596349418,17.555,4.69414331690317,4.729876775302508,1.6510590205725522,8.355,2.2913450857276083,2.2460532471562917,0.24837504326252172,4.02
2026-10-10 23:08:57,9.869272629465154,9.920613642473219,11.486695148930979,17.71,4.762754802882088,4.801969365480047,1.6746720944139204,8.48,2.3207531434004958,2.2726349970312327,0.2503420634923593,4.065
2026-10-10 23:23:57,9.895805096129665,9.958369698838933,11.526655059793367,17.775,4.800524106991972,4.835948676920172,1.6854091654671532,8.53,2.3386313235775913,2.286937336544076,0.25204028120899513,4.095
2026-10-10 23:38:57,9.949424582595254,10.010412268803602,11.598964044857766,17.88,4.819833030791466,4.852964367913347,1.6943009268331486,8.565,2.3574577614006085,2.3001967141041035,0.25419373191324673,4.13
2026-10-10 23:53:57,10.024597523882754,10.087811469688825,11.684024035210271,18.01,4.844193406761217,4.891261599881499,1.7053972955090066,8.625,2.3751199667449816,2.3192717976470045,0.256231684113116,4.16
2026-10-11 00:08:57,10.094529043335772,10.15770137605742,11.771449852851715,18.14,4.882159010902003,4.934542505882063,1.7177962191345577,8.69,2.412304356377036,2.3513372072189314,0.2596260199305221,4.215
2026-10-11 00:23:57,10.134907473868374,10.194091774693499,11.820713990333633,18.215,4.905048064176898,4.956929477169368,1.7271387732036856,8.73,2.4378450606220463,2.369574852901451,0.2612190400979567,4.25
2026-10-11 00:38:57,10.190328566485565,10.250914006812993,11.881474139572395,18.305,4.954977210040805,5.010550145144071,1.7442705589882312,8.82,2.4617916220821607,2.3871782807010136,0.26312662552431143,4.28
2026-10-11 00:53:57,10.304990408149479,10.356905313613352,12.005732250082245,18.5,5.0136114206918485,5.06526131238928,1.7637862094264243,8.925,2.489959780209147,2.4196167290152046,0.2668680238648005,4.34
2026-10-11 01:08:57,10.383323131561037,10.439152517081249,12.085151542580006,18.63,5.050135903928561,5.097263602036919,1.772992907104598,8.975,2.500234830902982,2.436524009283959,0.2684047672159519,4.365
2026-10-11 01:23:57,10.432436371679502,10.487589215057058,12.135887284101454,18.715,5.099831592404151,5.156060099654759,1.7943944191896992,9.08,2.529243444606428,2.4591616082936416,0.27140042214304344,4.41
2026-10-11 01:38:57,10.52285691622663,10.591815987884097,12.239100330884929,18.88,5.126927831691642,5.180336812520735,1.8045004564909857,9.125,2.542432745534371,2.475853314529957,0.2727065456186837,4.435
2026-10-11 01:53:57,10.623541768382498,10.697501888096633,12.35430321831618,19.06,5.154552972615944,5.216617362873377,1.8187021044565062,9.19,2.573959304344187,2.506104318031717,0.27644985054211174,4.49
2026-10-11 02:08:57,10.752814735774809,10.830451057885755,12.503120153057148,19.285,5.221341249888117,5.292745709793255,1.8418425413552317,9.31,2.5899026329756007,2.51949058912583,0.2779508856032078,4.515
2026-10-11 02:23:57,10.799743110582547,10.867846685939789,12.556090550708294,19.365,5.2544984828728944,5.316859080034574,1.8542568115161702,9.365,2.608993143594046,2.537985788979877,0.2804067365292809,4.555
2026-10-11 02:38:57,10.835776950058463,10.914380481607207,12.599728329953718,19.44,5.281745591807989,5.352619446770711,1.8649357973980465,9.42,2.623402027773064,2.554383875903693,0.28308368207316886,4.59
2026-10-11 02:53:57,10.910503554856806,10.998068481444491,12.682216973592784,19.575,5.344063973501833,5.404640172247694,1.8855569051583865,9.52,2.643995481303721,2.5810450207110827,0.28609210665350737,4.63
2026-10-11 03:08:57,10.948619566606222,11.036319937424391,12.732209523880648,19.65,5.367184149551234,5.429049563178095,1.8936748510483943,9.565,2.657205808331185,2.595116020578922,0.2878601026668637,4.66
2026-10-11 03:23:57,10.988029561540213,11.074532528529291,12.779683065791401,19.715,5.395663111849097,5.455910075236033,1.9021904603770254,9.61,2.665394600755803,2.6103358752318138,0.2893258039460563,4.68
2026-10-11 03:38:57,11.060522063600105,11.148302578111476,12.867903146819122,19.85,5.432645866018546,5.490939492041865,1.9156745054291295,9.675,2.686122017473356,2.6389833685357624,0.29201603816399774,4.72
2026-10-11 03:53:57,11.135761229930456,11.238408698774727,12.977498120699481,20.01,5.4538308841044945,5.515116915388308,1.923494343465241,9.715,2.7025846794374853,2.6632741398106408,0.2946461737753084,4.76
2026-10-11 04:08:57,11.209266107774836,11.30942966126352,13.052430069992038,20.135,5.474333952594649,5.535199112706067,1.9296425581722096,9.75,2.716573583431446,2.67874577697321,0.2961368669726646,4.785
2026-10-11 04:23:57,11.300590494088615,11.382261416794664,13.136344917057334,20.265,5.515005437534965,5.565906019665032,1.9416127475549396,9.815,2.7212428175553356,2.684974755041093,0.29676382366274134,4.795
2026-10-11 04:38:57,11.321825174900635,11.40225117734658,13.158903550978641,20.3,5.533935313400327,5.58357861272152,1.9475474272483162,9.845,2.7437369527721907,2.706195073749953,0.29954171298715365,4.83
2026-10-11 04:53:57,11.358512072148198,11.43579700370834,13.20252728776775,20.365,5.560248807230719,5.60165009153596,1.9550623258646371,9.88,2.7578596295625366,2.7191562909586406,0.30132171417785575,4.855
2026-10-11 05:08:57,11.389393128405356,11.48267516446016,13.240384192198995,20.435,5.60688830379723,5.637114909046795,1.9696247669800702,9.95,2.7688029786824053,2.7321283586337453,0.3032417925997108,4.88
2026-10-11 05:23:57,11.476361862194809,11.583782913447886,13.342154064537924,20.6,5.6252210631603905,5.651188055123936,1.975132594414014,9.98,2.7760224836123326,2.7368594511383697,0.3039569146632209,4.895
2026-10-11 05:38:57,11.525214260249648,11.634612567615955,13.39862457619392,20.685,5.632959571129874,5.658083253449412,1.9769834951266345,9.995,2.780492736531035,2.7430860364308405,0.3044723477138836,4.905
2026-10-11 05:53:57,11.586730663598034,11.70080938365559,13.480771718195227,20.81,5.666202053452399,5.689672170179241,1.9866809697779135,10.05,2.8044152495984993,2.7674475257548403,0.3068194848552206,4.94
2026-10-11 06:08:57,11.625888569155508,11.735411466919025,13.521639122508399,20.87,5.668714725295627,5.695166680907584,1.9884905682521459,10.06,2.8044152495984993,2.7674475257548403,0.3068194848552206,4.94
2026-10-11 06:23:57,11.663444020497483,11.778410955551568,13.564747143818328,20.94,5.684777352870821,5.722875203284921,1.9972602022723436,10.1,2.8135871223034,2.7747873950036266,0.30802613805310225,4.955
2026-10-11 06:38:57,11.72318805838267,11.826993530899955,13.643896576552313,21.055,5.717594358754345,5.767303580940886,2.012186614169699,10.165,2.830950295844395,2.7899940135590917,0.30989865099204,4.985
2026-10-11 06:53:57,11.78371814553557,11.890413028175761,13.719895220078735,21.16,5.756846408256681,5.7998103735149495,2.0223754780236924,10.22,2.843383247014936,2.8063338852629256,0.3114804827518984,5.01
2026-10-11 07:08:57,11.88671516429769,11.996896412318595,13.850033658894606,21.35,5.813782911871306,5.85159422910851,2.0413782891980428,10.315,2.8757615787046795,2.843002697699993,0.3158435009224582,5.08
2026-10-11 07:23:57,11.906849061259601,12.016413606849385,13.87159636973174,21.38,5.825239623553916,5.863999844674443,2.044797836193044,10.335,2.8907459518294374,2.865263367897718,0.31720008893700913,5.11
2026-10-11 07:38:57,11.947681212321312,12.063623138529895,13.92497235562069,21.455,5.838092480447721,5.877185994166727,2.0488357622965654,10.355,2.9055548017920936,2.8766320502157914,0.3189435735077886,5.14
2026-10-11 07:53:57,12.00288199214774,12.124496635665448,13.97870534008106,21.55,5.85685979853672,5.898717076085766,2.0576648906317314,10.395,2.915103854833356,2.889338788195512,0.3200174372573487,5.155
2026-10-11 08:08:57,12.063349918558387,12.18134528105274,14.036530947656704,21.645,5.882207722310519,5.932655804301885,2.069654074883271,10.45,2.9200174192969435,2.892380231180854,0.32024681337031136,5.16
2026-10-11 08:23:57,12.115737814956098,12.237897418094466,14.090648942050164,21.74,5.894123440504689,5.946097982395217,2.074292327466955,10.475,2.9221200805808696,2.89662971608089,0.3206527880615635,5.165
2026-10-11 08:38:57,12.158255422364785,12.283975803731138,14.137016002823046,21.815,5.897525624194755,5.950653381010656,2.076377860573041,10.485,2.924241166706616,2.898227050990595,0.3210408712044905,5.17
2026-10-11 08:53:57,12.195788170260524,12.311188966503554,14.182505063560175,21.88,5.932785846293837,5.976060467616565,2.0870618169735837,10.54,2.930269893919519,2.9047415586470713,0.3219989463711596,5.185
2026-10-11 09:08:57,12.252304153432682,12.370450843136066,14.24574488503663,21.985,5.972779386897731,6.0209966182121555,2.1042681249958797,10.62,2.9451674059055604,2.923078443024859,0.32359960348518163,5.215
2026-10-11 09:23:57,12.30006394329484,12.42020014251209,14.300159817604692,22.075,5.997001613245018,6.051275622610139,2.1163894541874675,10.675,2.956486424284657,2.9395418752299634,0.3246397434401801,5.235
2026-10-11 09:38:57,12.320400201172719,12.437969487173998,14.31961370669182,22.105,6.009583455354431,6.065259559158418,2.1203794982899544,10.695,2.9610828562855818,2.9425750997051363,0.3248495806447541,5.24
2026-10-11 09:53:57,12.38128436343085,12.507729416574142,14.397860316898495,22.23,6.049620726806909,6.1055811673153935,2.1336817470562965,10.77,2.976076194461593,2.9578350413982237,0.3264398107432211,5.27
2026-10-11 10:08:57,12.409923450003264,12.536832942793492,14.436677099348348,22.29,6.058014494864018,6.110446063203771,2.136780461227642,10.785,2.978977728938374,2.9584982140275233,0.3266011878224988,5.275
2026-10-11 10:23:57,12.427378257395027,12.561103563676612,14.463538979527282,22.325,6.0625941457683945,6.112862944371038,2.1376044592085512,10.79,2.9805873766448086,2.960367832421403,0.3267799285007824,5.28
2026-10-11 10:38:57,12.441528349840322,12.577314415561421,14.477855291234246,22.35,6.065927602821734,6.11435939253429,2.1385519667864297,10.795,2.9805873766448086,2.960367832421403,0.3267799285007824,5.28
2026-10-11 10:53:57,12.447986390381915,12.58708819089884,14.489720762474462,22.365,6.076490611711739,6.126466573836483,2.1409939048834223,10.81,2.9805873766448086,2.960367832421403,0.3267799285007824,5.28
2026-10-11 11:08:57,12.45558128741609,12.590062585219583,14.501992573710247,22.38,6.076490611711739,6.126466573836483,2.1409939048834223,10.81,2.9854718457395935,2.961912353530946,0.3271700367566762,5.285
2026-10-11 11:23:57,12.472487143137169,12.604009342224142,14.524800004919475,22.415,6.083138744784608,6.133955001859515,2.1441639939375166,10.825,2.98764184266536,2.964465158653082,0.3276459364713757,5.29
2026-10-11 11:38:57,12.47491879324569,12.605291509080711,14.526400224841273,22.42,6.090559742456726,6.140832958184991,2.147652573119932,10.84,2.993470525794072,2.9708941187299174,0.32826925202364193,5.3
2026-10-11 11:53:57,12.502698272410685,12.635302024092274,14.566368156244605,22.475,6.110399567000857,6.157978010123695,2.152327382437494,10.865,2.993470525794072,2.9708941187299174,0.32826925202364193,5.3
2026-10-11 12:08:57,12.54238365723636,12.674971800426098,14.612731149005679,22.545,6.125272631809425,6.177615029930525,2.159662358425716,10.9,3.010364067899826,2.9797804902947207,0.32954065751911754,5.32
2026-10-11 12:23:57,12.554775975528239,12.689102757733398,14.628707986552303,22.565,6.129463202378741,6.180283765314656,2.1605144366611415,10.905,3.010364067899826,2.9797804902947207,0.32954065751911754,5.32
2026-10-11 12:38:57,12.566507634681605,12.699858969615656,14.645478746596487,22.585,6.134954817509957,6.187514603127914,2.1629089333957108,10.915,3.010364067899826,2.9797804902947207,0.32954065751911754,5.32
2026-10-11 12:53:57,12.57728768748499,12.718604050593672,14.66882107934732,22.615,6.13641076602801,6.192052701070272,2.1643548185846826,10.925,3.010364067899826,2.9797804902947207,0.32954065751911754,5.32
2026-10-11 13:08:57,12.595621351507225,12.74274459721144,14.688363447393623,22.65,6.146208016248404,6.197847364855601,2.1667665598122507,10.94,3.010364067899826,2.9797804902947207,0.32954065751911754,5.32
2026-10-11 13:23:57,12.620353910647337,12.776103479496001,14.722719780435233,22.705,6.152713019958666,6.2027683710278705,2.168811168597479,10.95,3.013468126150252,2.9818896507578305,0.33002438559832764,5.325
2026-10-11 13:38:57,12.633531846175332,12.791387558732252,14.739313876250243,22.73,6.159649796942307,6.210892652162162,2.1709031968132226,10.96,3.016638389267932,2.9834249331451037,0.33036938804894916,5.33
2026-10-11 13:53:57,12.651545068221441,12.811248149779441,14.760354193102897,22.76,6.159649796942307,6.210892652162162,2.1709031968132226,10.96,3.0184995482024,2.9882126505303255,0.3307598658875882,5.335
2026-10-11 14:08:57,12.65691766280435,12.819352454552845,14.768391090253393,22.775,6.161074794177071,6.215584085208606,2.171651347530073,10.965,3.0184995482024,2.9882126505303255,0.3307598658875882,5.335
2026-10-11 14:23:57,12.657560816538991,12.821971140953298,14.77057396264889,22.78,6.161074794177071,6.215584085208606,2.171651347530073,10.965,3.0184995482024,2.9882126505303255,0.3307598658875882,5.335
2026-10-11 14:38:57,12.661118112276935,12.825366778923582,14.773667887860276,22.785,6.161074794177071,6.215584085208606,2.171651347530073,10.965,3.0184995482024,2.9882126505303255,0.3307598658875882,5.335
2026-10-11 14:53:57,12.661118112276935,12.825366778923582,14.773667887860276,22.785,6.161074794177071,6.215584085208606,2.171651347530073,10.965,3.0184995482024,2.9882126505303255,0.3307598658875882,5.335
2026-10-11 15:08:57,12.673524795193764,12.839876637363021,14.786612711311149,22.81,6.161074794177071,6.215584085208606,2.171651347530073,10.965,3.0184995482024,2.9882126505303255,0.3307598658875882,5.335
2026-10-11 15:23:57,12.692946526194,12.860518278366154,14.809226284327957,22.85,6.164122610894904,6.216710427058321,2.1726339300012567,10.97,3.020913783509499,2.9905156885152397,0.33090329644584876,5.34
2026-10-11 15:38:57,12.704554751287612,12.867063738106387,14.818401261637012,22.865,6.164122610894904,6.216710427058321,2.1726339300012567,10.97,3.020913783509499,2.9905156885152397,0.33090329644584876,5.34
2026-10-11 15:53:57,12.71283645810413,12.869874951801226,14.824667997100802,22.875,6.164122610894904,6.216710427058321,2.1726339300012567,10.97,3.020913783509499,2.9905156885152397,0.33090329644584876,5.34
2026-10-11 16:08:57,12.71283645810413,12.869874951801226,14.824667997100802,22.875,6.164122610894904,6.216710427058321,2.1726339300012567,10.97,3.020913783509499,2.9905156885152397,0.33090329644584876,5.34
2026-10-11 16:23:57,12.713788877029373,12.870553266777538,14.827232968644148,22.88,6.164122610894904,6.216710427058321,2.1726339300012567,10.97,3.020913783509499,2.9905156885152397,0.33090329644584876,5.34
2026-10-11 16:38:57,12.713788877029373,12.870553266777538,14.827232968644148,22.88,6.164122610894904,6.216710427058321,2.1726339300012567,10.97,3.020913783509499,2.9905156885152397,0.33090329644584876,5.34
2026-10-11 16:53:57,12.722680184998671,12.876035311329037,14.836101070956474,22.895,6.164864922734404,6.21815493295804,2.1738843681402797,10.975,3.020913783509499,2.9905156885152397,0.33090329644584876,5.34
2026-10-11 17:08:57,12.732657883664134,12.883273510744058,14.844639261353363,22.91,6.165868984686985,6.221006406849011,2.17466464251147,10.98,3.020913783509499,2.9905156885152397,0.33090329644584876,5.34
2026-10-11 17:23:57,12.742547707047745,12.894711997368223,14.860135980537246,22.935,6.165868984686985,6.221006406849011,2.17466464251147,10.98,3.020913783509499,2.9905156885152397,0.33090329644584876,5.34
2026-10-11 17:38:57,12.748548383475315,12.901601155308864,14.867493691225162,22.95,6.165868984686985,6.221006406849011,2.17466464251147,10.98,3.020913783509499,2.9905156885152397,0.33090329644584876,5.34
2026-10-11 17:53:57,12.748548383475315,12.901601155308864,14.867493691225162,22.95,6.1687522993628034,6.223761013500842,2.1761341823508595,10.985,3.020913783509499,2.9905156885152397,0.33090329644584876,5.34
2026-10-11 18:08:57,12.750599331932092,12.904444881634157,14.869661196164646,22.955,6.170423366989229,6.2278849111577586,2.1771780475438107,10.99,3.020913783509499,2.9905156885152397,0.33090329644584876,5.34
2026-10-11 18:23:57,12.775809927729858,12.927984188423741,14.900981298413013,23.005,6.174906555838038,6.23677623564858,2.1811529055215906,11.01,3.027666969649196,3.0022814934610857,0.3319470872008431,5.355
2026-10-11 18:38:57,12.80137946849658,12.950919330052555,14.926831188568796,23.05,6.191852561188822,6.2484563656789325,2.186995380519146,11.035,3.0388816229993774,3.012861175054407,0.33331069441052896,5.375
2026-10-11 18:53:57,12.8466856580468,12.986484667548725,14.976705636692515,23.13,6.201862502648128,6.259721530884217,2.1908860567942416,11.055,3.050986452675579,3.021092440198495,0.33450413915571503,5.39
2026-10-11 19:08:57,12.876706170768085,13.013503714013558,15.004743422098757,23.18,6.217284100982753,6.278747078901791,2.196623373297734,11.08,3.0634899297211757,3.0356871274724524,0.336159807314138,5.415
2026-10-11 19:23:57,12.919688162282192,13.058387925152084,15.051461365570415,23.26,6.24259683985419,6.301504404579073,2.2037785955288514,11.12,3.073220352407854,3.0393508284563735,0.3375112113856937,5.43
2026-10-11 19:38:57,12.935608722636584,13.071040545105012,15.062630542697983,23.285,6.2558580540977395,6.3091965029467785,2.2072772458905194,11.14,3.0741817061788494,3.0439685975180426,0.33796546892092283,5.435
2026-10-11 19:53:57,12.935608722636584,13.071040545105012,15.062630542697983,23.285,6.2558580540977395,6.3091965029467785,2.2072772458905194,11.14,3.0741817061788494,3.0439685975180426,0.33796546892092283,5.435
2026-10-11 20:08:57,12.95351581944682,13.09089396377187,15.08390686300395,23.32,6.268575242114999,6.322472292866491,2.211966272770224,11.165,3.0785519373343777,3.0456636606068486,0.33820229434133353,5.44
2026-10-11 20:23:57,12.956542477317276,13.09612901069772,15.089171660928946,23.33,6.268575242114999,6.322472292866491,2.211966272770224,11.165,3.0785519373343777,3.0456636606068486,0.33820229434133353,5.44
2026-10-11 20:38:57,12.960996777531925,13.10552388495965,15.093459955882526,23.34,6.273547723513089,6.328892495126266,2.2135535090556,11.175,3.0897935372355714,3.052958343614096,0.3392541636064305,5.455
2026-10-11 20:53:57,12.996229325896275,13.140864761937552,15.134301269756016,23.405,6.278989917507969,6.334854074123014,2.21572457010234,11.185,3.0897935372355714,3.052958343614096,0.3392541636064305,5.455
2026-10-11 21:08:57,13.016948367818431,13.161077441324013,15.151536641954223,23.44,6.286358688473007,6.341542860395166,2.217060513503776,11.195,3.09439048670622,3.057167442190834,0.33953060389351886,5.46
2026-10-11 21:23:57,13.016948367818431,13.161077441324013,15.151536641954223,23.44,6.286358688473007,6.341542860395166,2.217060513503776,11.195,3.09439048670622,3.057167442190834,0.33953060389351886,5.46
2026-10-11 21:38:57,13.076785772079626,13.211239740167363,15.210599007933649,23.53,6.313034632849186,6.364029910700347,2.2239695881979595,11.235,3.1002544486458237,3.067811025752329,0.3407953753222944,5.475
2026-10-11 21:53:57,13.115273127674325,13.25774380229473,15.27314005341565,23.62,6.354733722983449,6.396613497498685,2.2386794670179033,11.305,3.1091154522019777,3.07749131382548,0.3414817528294057,5.49
2026-10-11 22:08:57,13.147071238959692,13.288493167440619,15.304380539887507,23.67,6.377830017558498,6.413399110262313,2.248135760717819,11.345,3.124013813791691,3.0946838811422106,0.34308882164111576,5.51
2026-10-11 22:23:57,13.20065177688793,13.335985571221288,15.364599731297142,23.765,6.398483284165143,6.426899861695226,2.254915096382174,11.38,3.141683495448476,3.1130701097524165,0.3447956450350874,5.535
2026-10-11 22:38:57,13.225044554399737,13.360051109008532,15.392955642220912,23.81,6.415554754082725,6.443607748883363,2.259852936753954,11.405,3.1521631302751567,3.121004162808715,0.3460544845473611,5.555
2026-10-11 22:53:57,13.268402025859057,13.393317875664433,15.44602657922927,23.885,6.4458458531679765,6.474159668978296,2.2717936643342846,11.46,3.160501625016606,3.1257821566520376,0.3468656962142084,5.565
2026-10-11 23:08:57,13.303141237359453,13.420224196252532,15.477450922453912,23.94,6.478069169863965,6.51726799278533,2.2842298465331115,11.52,3.1875496655023814,3.1489965547793757,0.35010097252253314,5.61
2026-10-11 23:23:57,13.375552113751251,13.48837137479072,15.560399803011371,24.07,6.512770160478966,6.559295180924472,2.2991011946741002,11.59,3.215014890698676,3.175376954483341,0.35219756356305165,5.655
2026-10-11 23:38:57,13.433417918293962,13.550193750041055,15.626911219748962,24.17,6.5504089578834614,6.59430624994958,2.3145061277281087,11.66,3.2305751937513256,3.1886242951180455,0.35416246437682536,5.685
2026-10-11 23:53:57,13.510627324022177,13.634223340556062,15.729131032292097,24.315,6.628768713442157,6.681435762541754,2.3461903726558884,11.81,3.2500269650885687,3.2120014873927376,0.3567119373312883,5.725
2026-10-12 00:08:57,13.62689426298655,13.755451509287328,15.869178766326574,24.51,6.706387506474675,6.740562875173726,2.3703027529789233,11.94,3.2990355237117486,3.2532542299140137,0.3615881223267934,5.805
2026-10-12 00:23:57,13.728370278149157,13.853949474838819,15.976181772941644,24.685,6.747924671203437,6.789372240180724,2.38873481581379,12.03,3.312679176617625,3.2682143469639846,0.36279339605625927,5.825
2026-10-12 00:38:57,13.757431559980175,13.881283621956227,16.020940736692683,24.75,6.775051402013,6.822724004224514,2.3987484740699077,12.08,3.3306587315237612,3.287468775020498,0.36427072362030244,5.855
2026-10-12 00:53:57,13.782051740476128,13.909577300370476,16.053437405441656,24.795,6.794632720785839,6.8471882837210485,2.4080273056285004,12.125,3.349969007035919,3.310628593790313,0.3663942899770026,5.885
2026-10-12 01:08:57,13.836670653662193,13.961313172033268,16.106231603163423,24.88,6.8475057120079255,6.899100357632362,2.428615145334086,12.22,3.3721067284823167,3.33145770321284,0.3690100477514273,5.925
2026-10-12 01:23:57,13.862419355752243,13.98137807378242,16.1328345298625,24.925,6.861707774531124,6.915159834541413,2.4349764505302836,12.255,3.3810996636816717,3.3435193056339982,0.3698386760775557,5.94
2026-10-12 01:38:57,13.940198888013592,14.048406963948914,16.213135152691148,25.04,6.888771429672701,6.944582183098738,2.444007278452681,12.3,3.3886774257854855,3.3524914281930114,0.3705673573956753,5.955
2026-10-12 01:53:57,13.984042227636253,14.094965447621387,16.266162989673564,25.125,6.9068451314832116,6.961519158888756,2.4498882861695948,12.33,3.394491077742651,3.356817973495452,0.3711842625505789,5.965
2026-10-12 02:08:57,14.028659271596775,14.134084721482225,16.311466692246153,25.195,6.926010551323545,6.982555143681288,2.457009771594776,12.365,3.4056535095534732,3.3726335948777066,0.3724386541952509,5.99
2026-10-12 02:23:57,14.12052578382409,14.238059440265694,16.426034600787887,25.38,6.990436088252809,7.058749023933415,2.481740541936442,12.49,3.430739696652371,3.398946233482639,0.37581569970274376,6.035
2026-10-12 02:38:57,14.181237345129585,14.302323523256609,16.505667138525393,25.49,7.032001936684763,7.100890539542548,2.4943477332927544,12.56,3.4371123330008815,3.405382125574388,0.37643293895651514,6.045
2026-10-12 02:53:57,14.218309417434734,14.330534698862822,16.546102374141974,25.545,7.052451019608414,7.121613038709044,2.5010948051075146,12.595,3.446551258976526,3.4170628852430593,0.37758625200195073,6.065
2026-10-12 03:08:57,14.259028287258104,14.374277939273403,16.59363961043978,25.615,7.065866430899332,7.139745892341297,2.5086560291948263,12.625,3.469167489987279,3.4328106757283243,0.3798316893409498,6.1
2026-10-12 03:23:57,14.298393930931347,14.434882252205462,16.657604397495852,25.715,7.079370501822464,7.1553687479380175,2.5161147113933873,12.66,3.4801140910620894,3.4465875047855947,0.38163618094459345,6.125
2026-10-12 03:38:57,14.349060799163418,14.479908149016206,16.712102158335316,25.805,7.114120056545433,7.177102198622543,2.525630022973942,12.705,3.5053620252834703,3.468872515306602,0.3841642790827683,6.165
2026-10-12 03:53:57,14.378732965832489,14.51501217335128,16.750038628418302,25.865,7.15643095922265,7.21646127833853,2.5388711301522195,12.77,3.525610324982922,3.4855151124770467,0.3858598528442199,6.195
2026-10-12 04:08:57,14.425784839008468,14.566393657331169,16.80926784706423,25.95,7.190165616151216,7.262794046920185,2.5537127664811115,12.84,3.5400143118191334,3.503479631192531,0.3878651578843081,6.225
2026-10-12 04:23:57,14.464664238597004,14.594945625034141,16.844351697403553,26.01,7.214716354887081,7.290910213409071,2.562408077524669,12.88,3.5433965652015518,3.5043995434618824,0.38815927715823656,6.23
2026-10-12 04:38:57,14.502835778742723,14.628548897268903,16.884218898591957,26.08,7.24439171529846,7.322862041977916,2.572702955088543,12.935,3.55431942830587,3.5149834570750693,0.38942653508061575,6.25
2026-10-12 04:53:57,14.568025432741557,14.694010206911518,16.949498328847007,26.19,7.277943116466969,7.350386934520912,2.584999888327732,12.995,3.5863500455920394,3.5439618138305318,0.3928073410574171,6.3
2026-10-12 05:08:57,14.611838700573138,14.731162947308958,17.005118860637968,26.27,7.298002903700468,7.3812255888499285,2.594209026363313,13.04,3.6134260321111724,3.5662259096198357,0.3962181312629564,6.345
2026-10-12 05:23:57,14.669137901151823,14.785748591081344,17.07772327988782,26.38,7.317112859330291,7.399943725358745,2.6009546525017395,13.07,3.6277717683591444,3.582835664691766,0.3982604374883015,6.38
2026-10-12 05:38:57,14.76763176344942,14.88878449546722,17.17226519068152,26.525,7.352625972102886,7.428441099508161,2.611889728289856,13.12,3.640354299752133,3.58802295225492,0.3994196697123332,6.4
2026-10-12 05:53:57,14.803084170192934,14.928527109598816,17.214217217751294,26.59,7.374844099818096,7.461174710694461,2.62181716407279,13.175,3.6585885794490607,3.602454277942629,0.400885165352844,6.425
2026-10-12 06:08:57,14.83147429020791,14.961076004152943,17.241155010039463,26.635,7.386998040144502,7.468649622308956,2.6256220997482207,13.195,3.6647913264447203,3.613659924960742,0.4014189536537473,6.44
2026-10-12 06:23:57,14.885264865374257,14.999443987492642,17.285732190303374,26.71,7.418843494414392,7.502718871524352,2.6370159084590123,13.25,3.668311276785787,3.6199663585419244,0.40203354694359117,6.45
2026-10-12 06:38:57,14.921706141633935,15.041518426216166,17.333750004391895,26.78,7.444152681218503,7.529282666753176,2.6475629656893935,13.3,3.681027189777922,3.631678373570492,0.403206197764694,6.47
2026-10-12 06:53:57,14.97187591716405,15.09308163287373,17.390090881849126,26.865,7.46595987472468,7.547475317794738,2.6540154909905045,13.33,3.6827087734137023,3.6327893470019648,0.4035885019938121,6.475
2026-10-12 07:08:57,14.991460500561946,15.112812064864558,17.40800408647401,26.89,7.473631407503116,7.554289669135124,2.6558195099127335,13.34,3.6928647536691055,3.6408492663171663,0.40481991372525805,6.495
2026-10-12 07:23:57,15.02853679391873,15.155414843630098,17.462429741493875,26.975,7.490707614446688,7.5701957921124725,2.660620725060813,13.37,3.6928647536691055,3.6408492663171663,0.40481991372525805,6.495
2026-10-12 07:38:57,15.060657760648535,15.184538571129472,17.502423999635234,27.025,7.501853699181979,7.580826928482227,2.6661503746386668,13.395,3.696073899563946,3.642082156291917,0.4051293174623807,6.5
2026-10-12 07:53:57,15.100797961010464,15.21967225177841,17.546591296116436,27.095,7.535154375914471,7.604081338643399,2.6764754223654514,13.445,3.707114334417711,3.6515240279790846,0.40601432594238085,6.515
2026-10-12 08:08:57,15.169864523513581,15.294190269706194,17.637607685646934,27.23,7.555456571487116,7.623969254425051,2.6859699647488915,13.49,3.720866070952327,3.6614934827582473,0.4075130634073746,6.535
2026-10-12 08:23:57,15.234279976454145,15.3655033308907,17.719298597325594,27.35,7.593963631792901,7.660083679573936,2.69963160585533,13.555,3.7249977291987877,3.6699762061717935,0.40865233618602803,6.55
2026-10-12 08:38:57,15.268627103500194,15.396420176179788,17.763782911225757,27.41,7.6233009228478625,7.680604551626833,2.7078207877640974,13.595,3.727574136751511,3.673960218999011,0.4090519686639636,6.555
2026-10-12 08:53:57,15.294054085443536,15.414335279858987,17.798929041791112,27.455,7.641117126527334,7.699163914791788,2.7152846104845776,13.63,3.7402767308909888,3.6899106383097573,0.41010614036234777,6.58
2026-10-12 09:08:57,15.324539890886204,15.432368540002855,17.829812345670707,27.5,7.658893892362071,7.714733014406323,2.721147086057534,13.66,3.7488660612060514,3.695766610738803,0.4108702323912963,6.595
2026-10-12 09:23:57,15.333090247859927,15.446624821706633,17.83823642218372,27.52,7.661094950032291,7.715646612636836,2.7222170921579183,13.665,3.7488660612060514,3.695766610738803,0.4108702323912963,6.595
2026-10-12 09:38:57,15.343169061330466,15.457030598620872,17.86112416929725,27.55,7.670691262434928,7.725458618154495,2.7261345963724315,13.685,3.7569916607762264,3.707003393640297,0.4120914098878565,6.615
2026-10-12 09:53:57,15.372874687227872,15.479698487491039,17.890360805753335,27.595,7.6806763195080805,7.736788228439182,2.7291611423684277,13.7,3.7569916607762264,3.707003393640297,0.4120914098878565,6.615
2026-10-12 10:08:57,15.39204816796571,15.498251180989438,17.906079357745735,27.625,7.695306099855746,7.748917894004972,2.7335271960878753,13.725,3.7569916607762264,3.707003393640297,0.4120914098878565,6.615
2026-10-12 10:23:57,15.403247087417306,15.517903112343545,17.92507228707386,27.655,7.699839161433321,7.755484327366737,2.7354444743595017,13.735,3.7688721301517334,3.715602896338763,0.41332728598212987,6.635
2026-10-12 10:38:57,15.444530177971432,15.556667355129706,17.962470821347047,27.72,7.699839161433321,7.755484327366737,2.7354444743595017,13.735,3.7720908843847387,3.7173069949681694,0.41381736855461354,6.64
2026-10-12 10:53:57,15.480636947480654,15.584907573656013,17.997505730295476,27.775,7.700942973407933,7.75625222698772,2.7366217888026307,13.74,3.7771020742232397,3.72237202956133,0.4145466144775232,6.65
2026-10-12 11:08:57,15.507730908894091,15.614753977681882,18.02736630866353,27.825,7.700942973407933,7.75625222698772,2.7366217888026307,13.74,3.7830603003082524,3.7298122379300644,0.4151054114970016,6.66
2026-10-12 11:23:57,15.521963081360745,15.63166891804049,18.04608791618565,27.85,7.702224511347668,7.757476998609142,2.7372433440416377,13.745,3.7868630617657772,3.7357469885412726,0.41603958869810115,6.67
2026-10-12 11:38:57,15.543411109515308,15.645727444388847,18.067798225776066,27.88,7.7055375352228825,7.765745859277215,2.739233949433682,13.755,3.7868630617657772,3.7357469885412726,0.41603958869810115,6.67
2026-10-12 11:53:57,15.555437902990134,15.654612156789005,18.0799198354457,27.9,7.711863221870637,7.7691733510852234,2.7417743319647636,13.765,3.7868630617657772,3.7357469885412726,0.41603958869810115,6.67
2026-10-12 12:08:57,15.608995866951949,15.699558499552449,18.13623551716718,27.985,7.742510412018924,7.796254526306221,2.7526529896198877,13.815,3.79296648803204,3.739479182454795,0.4167831612849204,6.68
2026-10-12 12:23:57,15.64021598844968,15.732157285255317,18.1772485355304,28.045,7.748470852558231,7.800265907225184,2.7553781194448437,13.83,3.79296648803204,3.739479182454795,0.4167831612849204,6.68
2026-10-12 12:38:57,15.653664466634343,15.739566819366226,18.193360780510044,28.065,7.751947359867179,7.806205253331997,2.757362295400262,13.84,3.7936816549945864,3.743049347264807,0.417113493206076,6.685
2026-10-12 12:53:57,15.67877425906073,15.75752415258135,18.215210052065924,28.105,7.753975302677284,7.81544267213495,2.75945285889029,13.85,3.797353905145686,3.744277158101008,0.41746579303511944,6.69
2026-10-12 13:08:57,15.68424991323416,15.769851674082418,18.223475865401166,28.12,7.767550696137112,7.828617606383502,2.7635132599342014,13.87,3.797353905145686,3.744277158101008,0.41746579303511944,6.69
2026-10-12 13:23:57,15.701611950123349,15.786483067342022,18.24195414290241,28.15,7.771291370079651,7.833488262524618,2.7650071591563647,13.875,3.7985643494773043,3.7470405616759197,0.41766499767402876,6.695
2026-10-12 13:38:57,15.735629592194801,15.822563623960082,18.288638072560563,28.21,7.771291370079651,7.833488262524618,2.7650071591563647,13.875,3.803926210861758,3.7504320345112916,0.41825647557192486,6.705
2026-10-12 13:53:57,15.739906198542975,15.826900424043842,18.29150871729259,28.215,7.771291370079651,7.833488262524618,2.7650071591563647,13.875,3.803926210861758,3.7504320345112916,0.41825647557192486,6.705
2026-10-12 14:08:57,15.750877069859536,15.848537050453798,18.30827001747518,28.245,7.786548151157101,7.845909930889618,2.768133094095251,13.895,3.803926210861758,3.7504320345112916,0.41825647557192486,6.705
2026-10-12 14:23:57,15.762380096932093,15.856145704734026,18.31743019528653,28.26,7.786548151157101,7.845909930889618,2.768133094095251,13.895,3.808117824940155,3.753532120087721,0.4187121918717035,6.71
2026-10-12 14:38:57,15.766786604708125,15.861836545945415,18.324217574731385,28.27,7.786548151157101,7.845909930889618,2.768133094095251,13.895,3.808117824940155,3.753532120087721,0.4187121918717035,6.71
2026-10-12 14:53:57,15.766786604708125,15.861836545945415,18.324217574731385,28.27,7.788934809514204,7.8470852005615095,2.7689661567329344,13.9,3.808117824940155,3.753532120087721,0.4187121918717035,6.71
2026-10-12 15:08:57,15.77347120169022,15.873504972602525,18.332218853259413,28.285,7.791293944843019,7.851144033084912,2.7700983204318663,13.905,3.808117824940155,3.753532120087721,0.4187121918717035,6.71
2026-10-12 15:23:57,15.776057716892952,15.878862888620075,18.33561630839111,28.295,7.792251333225547,7.855107805741456,2.7709336570392527,13.91,3.808117824940155,3.753532120087721,0.4187121918717035,6.71
2026-10-12 15:38:57,15.79008747193681,15.888800201907024,18.35523572631442,28.32,7.797646769172904,7.861578125337645,2.77260309424723,13.92,3.808117824940155,3.753532120087721,0.4187121918717035,6.71
2026-10-12 15:53:57,15.793741161364023,15.891536685849056,18.359217244419234,28.325,7.800761185116647,7.8654790620959565,2.7732623142187993,13.925,3.808117824940155,3.753532120087721,0.4187121918717035,6.71
2026-10-12 16:08:57,15.799863275642625,15.896458234049176,18.36583073809411,28.335,7.802634817715389,7.868128928608696,2.7746556668221376,13.93,3.808117824940155,3.753532120087721,0.4187121918717035,6.71
2026-10-12 16:23:57,15.810353972264979,15.906840287143257,18.37534865582707,28.35,7.806261386666562,7.873122326670244,2.7761533938658784,13.935,3.8107146979031947,3.7544275911627456,0.4190619856413918,6.715
2026-10-12 16:38:57,15.824390305423961,15.921189599485349,18.39059903657011,28.375,7.811227360807676,7.875677371083064,2.777225587262343,13.94,3.8107146979031947,3.7544275911627456,0.4190619856413918,6.715
2026-10-12 16:53:57,15.824390305423961,15.921189599485349,18.39059903657011,28.375,7.811227360807676,7.875677371083064,2.777225587262343,13.94,3.8107146979031947,3.7544275911627456,0.4190619856413918,6.715
2026-10-12 17:08:57,15.824390305423961,15.921189599485349,18.39059903657011,28.375,7.811227360807676,7.875677371083064,2.777225587262343,13.94,3.8107146979031947,3.7544275911627456,0.4190619856413918,6.715
2026-10-12 17:23:57,15.824390305423961,15.921189599485349,18.39059903657011,28.375,7.811227360807676,7.875677371083064,2.777225587262343,13.94,3.8107146979031947,3.7544275911627456,0.4190619856413918,6.715
2026-10-12 17:38:57,15.835909308325819,15.92993127249299,18.404124507452813,28.395,7.811227360807676,7.875677371083064,2.777225587262343,13.94,3.8107146979031947,3.7544275911627456,0.4190619856413918,6.715
2026-10-12 17:53:57,15.843816994532194,15.938513794570317,18.415125868549097,28.41,7.811227360807676,7.875677371083064,2.777225587262343,13.94,3.818079139453626,3.7597036157306163,0.4197105982040704,6.725
2026-10-12 18:08:57,15.843816994532194,15.938513794570317,18.415125868549097,28.41,7.811227360807676,7.875677371083064,2.777225587262343,13.94,3.818079139453626,3.7597036157306163,0.4197105982040704,6.725
2026-10-12 18:23:57,15.8571297477366,15.94997709250177,18.43158252174122,28.435,7.831477959876582,7.885070471607074,2.782213308376289,13.965,3.8243298793189022,3.7673393333604634,0.42054521573475534,6.74
2026-10-12 18:38:57,15.886114619063905,15.979052808225479,18.46878877460603,28.49,7.849953326519422,7.908234273063291,2.7877045887786704,13.995,3.8299686096336787,3.774301765778949,0.421267676747261,6.75
2026-10-12 18:53:57,15.886114619063905,15.979052808225479,18.46878877460603,28.49,7.849953326519422,7.908234273063291,2.7877045887786704,13.995,3.8299686096336787,3.774301765778949,0.421267676747261,6.75
2026-10-12 19:08:57,15.889126599165762,15.981049376773198,18.470412607521155,28.495,7.849953326519422,7.908234273063291,2.7877045887786704,13.995,3.8299686096336787,3.774301765778949,0.421267676747261,6.75
2026-10-12 19:23:57,15.890257900957742,15.983604557958387,18.472114285029512,28.5,7.849953326519422,7.908234273063291,2.7877045887786704,13.995,3.8299686096336787,3.774301765778949,0.421267676747261,6.75
2026-10-12 19:38:57,15.950712023488576,16.05687994557005,18.54955243162249,28.61,7.879735018050703,7.94575666737145,2.799964751614853,14.055,3.849787082098868,3.79643053484879,0.4227075554743318,6.78
2026-10-12 19:53:57,15.96830113506094,16.077816669565607,18.572393171062895,28.655,7.9146432295633735,7.974753584395226,2.8152171949129237,14.125,3.8553413047816307,3.8027551644354687,0.42336595806766997,6.79
2026-10-12 20:08:57,16.00891359493659,16.119602633384268,18.619089373041916,28.725,7.9241033067465905,7.9892647511396815,2.8196033530603124,14.145,3.8564051022056645,3.805098511086491,0.4236553880040753,6.795
2026-10-12 20:23:57,16.03276442594965,16.148040778391724,18.648060393149137,28.77,7.926715449907375,7.992812776493229,2.8202734389672637,14.15,3.8564051022056645,3.805098511086491,0.4236553880040753,6.795
2026-10-12 20:38:57,16.068676555019046,16.18444615686991,18.68051963843725,28.825,7.926715449907375,7.992812776493229,2.8202734389672637,14.15,3.8564051022056645,3.805098511086491,0.4236553880040753,6.795
2026-10-12 20:53:57,16.10392265329671,16.216755707349584,18.71431244531782,28.885,7.944500098479853,8.00746129265978,2.824170795168811,14.17,3.8656229823797914,3.8122101169446045,0.4246388894838152,6.81
2026-10-12 21:08:57,16.10392265329671,16.216755707349584,18.71431244531782,28.885,7.945774771858804,8.01173950931763,2.8252652526360427,14.175,3.8656229823797914,3.8122101169446045,0.4246388894838152,6.81
2026-10-12 21:23:57,16.156388464779507,16.268366564571593,18.78032199325977,28.98,7.962466881996649,8.032125898811188,2.8318586674939743,14.205,3.8720812497864276,3.815481087782391,0.425582320597041,6.82
2026-10-12 21:38:57,16.177950184156646,16.288864289442568,18.79910378931708,29.015,7.9877653872707,8.062698940056508,2.840957898551199,14.25,3.885003017149436,3.827873393613849,0.4265391278457837,6.84
2026-10-12 21:53:57,16.233819732282015,16.338910793799112,18.855429641000107,29.105,8.011445807958271,8.084514210762205,2.84937656101084,14.29,3.8966147438393124,3.8371487649908604,0.4278632777785786,6.86
2026-10-12 22:08:57,16.291187540504215,16.405542498179187,18.938704662247684,29.225,8.033570897826007,8.098934090057856,2.8561282231659337,14.325,3.928554413259474,3.8669954572261793,0.4307821954086709,6.915
2026-10-12 22:23:57,16.356142408007678,16.463149870526117,19.0014240882438,29.325,8.070113936933236,8.13327754039531,2.86597193222699,14.38,3.95515416241454,3.896439633513006,0.4332681191270068,6.96
2026-10-12 22:38:57,16.407788998750593,16.52620718519281,19.065685842699946,29.425,8.113315629969296,8.17836681080352,2.8830485821852,14.465,3.9634562787443914,3.9102872461272584,0.4352175060721979,6.985
2026-10-12 22:53:57,16.45474413761894,16.57884982575862,19.10761680667648,29.5,8.128188795368075,8.184430558087016,2.8870763078177486,14.485,3.989286974976066,3.930352582946421,0.43672117802836474,7.02
2026-10-12 23:08:57,16.496724889282046,16.62101535811889,19.153479214098148,29.565,8.150818004395333,8.20768760957203,2.8956799167534806,14.525,3.9983098511462893,3.9431397066299456,0.4376578695902646,7.035
2026-10-12 23:23:57,16.51796384765204,16.64229549158418,19.178985781034005,29.605,8.163189986625724,8.217142474714427,2.899188067316048,14.545,4.008177778359031,3.950019802521312,0.4382699738518456,7.05
2026-10-12 23:38:57,16.579003846051577,16.69630708524968,19.24478744911641,29.72,8.191761187554581,8.24390367363834,2.9097443616051404,14.59,4.024190975673351,3.9616183225796835,0.4400640161072616,7.08
2026-10-12 23:53:57,16.642374954298887,16.756331314679006,19.31149344534795,29.835,8.246419182018238,8.293292632375325,2.930362922089058,14.685,4.062238960117003,3.9903071480368286,0.44420236539866004,7.14
2026-10-13 00:08:57,16.72450144377215,16.819829277766328,19.385937177091584,29.96,8.30888896257068,8.3591234072673,2.9540258682476854,14.8,4.091164971532283,4.016527999529004,0.4467157878090184,7.18
2026-10-13 00:23:57,16.812572952192234,16.884081683930276,19.484001925877596,30.105,8.342482352432189,8.39653627394302,2.9648649269309226,14.865,4.125591894685506,4.045646027606788,0.45054263726891386,7.235
2026-10-13 00:38:57,16.94036253589861,16.996461148867045,19.63417354495635,30.34,8.42040230716125,8.46663645954378,2.9919627642886786,14.995,4.13969421340649,4.062125054045342,0.4525488753816708,7.26
2026-10-13 00:53:57,17.032037798788654,17.08907453155567,19.72440949393385,30.49,8.479517381940447,8.521094707130354,3.009480442034979,15.085,4.156007298810677,4.077640917692564,0.45483417186246744,7.295
2026-10-13 01:08:57,17.04637273000331,17.09997265941627,19.738987664594987,30.51,8.480803658798116,8.525289141597844,3.010393007321671,15.09,4.156007298810677,4.077640917692564,0.45483417186246744,7.295
2026-10-13 01:23:57,17.095386850971032,17.159275767201265,19.8033319352828,30.61,8.507607747355221,8.553156064744266,3.021003016391282,15.145,4.171624668762879,4.087619954001545,0.4562724665570102,7.32
2026-10-13 01:38:57,17.161396056642392,17.23694085616922,19.882963519713336,30.74,8.55954429835621,8.589598518599932,3.0354026758162096,15.225,4.185955111124898,4.107163975417343,0.45807663355522066,7.35
2026-10-13 01:53:57,17.175918610233495,17.249555061419155,19.899916961456626,30.765,8.569760764582647,8.595867896959225,3.0391444301640256,15.24,4.194301793654685,4.1134087963307,0.45867300103964026,7.365
2026-10-13 02:08:57,17.2647708997631,17.33979790883594,20.00372628026681,30.93,8.607488195270088,8.628110649008354,3.0541450396960608,15.315,4.214977100166563,4.132681474616259,0.4612411489067819,7.405
2026-10-13 02:23:57,17.3219419365957,17.40858462455418,20.0862196555184,31.045,8.655795439232456,8.662785349978908,3.0703588112927545,15.39,4.241129691836143,4.151522714461626,0.46339389696248584,7.445
2026-10-13 02:38:57,17.39579460906211,17.472373716090594,20.154620731798197,31.155,8.683901469653703,8.691135392119968,3.0793744386515085,15.44,4.249424924619691,4.161101529132017,0.4643081108092188,7.465
2026-10-13 02:53:57,17.42420984054946,17.505820986215678,20.195119879720586,31.21,8.703118263107159,8.720837923823115,3.088808949502344,15.485,4.259101437578559,4.169991227211366,0.46561440520862174,7.485
2026-10-13 03:08:57,17.48091267557166,17.557964452799474,20.253844091631496,31.305,8.743445355435652,8.757425314535675,3.1032914817802095,15.555,4.279649872096353,4.182749511552902,0.4676096037939343,7.515
2026-10-13 03:23:57,17.549057478622696,17.62016693319486,20.333931232985126,31.42,8.773085963224942,8.79122074460068,3.1141045604342823,15.605,4.302094750928053,4.207027575980958,0.4704402244985278,7.56
2026-10-13 03:38:57,17.60722611878319,17.67398375096681,20.409335100921187,31.525,8.811308100133733,8.824543164981495,3.1286594460877706,15.675,4.312617877909337,4.222166046244549,0.4718874544887834,7.58
2026-10-13 03:53:57,17.661092422478728,17.72356148266776,20.469684989408464,31.605,8.829750381907104,8.837037342398249,3.136437354207114,15.705,4.328726733372273,4.2414843466957555,0.47418342180356726,7.615
2026-10-13 04:08:57,17.695187427907065,17.758462663420463,20.514015761610732,31.67,8.854341306823843,8.859454598160513,3.1457263269013875,15.755,4.343939700852331,4.254396751199147,0.47562290894914583,7.64
2026-10-13 04:23:57,17.75251399375345,17.823829470311466,20.592850664293508,31.79,8.896086932872686,8.896865640603412,3.161174733458364,15.83,4.364926522336855,4.281742172350132,0.4782327398542325,7.685
2026-10-13 04:38:57,17.811728600784104,17.887000962522027,20.66040083412139,31.89,8.923428552388048,8.915629286801355,3.1689642825172193,15.875,4.3893131536645695,4.306540342462195,0.4812705743107252,7.725
2026-10-13 04:53:57,17.878603086018224,17.9537884441052,20.738083673905017,32.01,8.9479443689703,8.940569511307768,3.177688791124409,15.92,4.4196298144298325,4.3283429047144235,0.4845796144541205,7.775
2026-10-13 05:08:57,17.894702215005978,17.967685338345632,20.758133937646086,32.04,8.963863204692856,8.950469900574213,3.181863093825901,15.94,4.420311265250733,4.332193431470947,0.4850017676312914,7.78
2026-10-13 05:23:57,17.963246551349563,18.03651015025971,20.839304734815993,32.165,9.001814825927848,8.984115147958304,3.1951217858482477,16.0,4.428216159435347,4.346463037200135,0.4865475468395447,7.805
2026-10-13 05:38:57,18.007411978414115,18.081809772487947,20.88963549302357,32.245,9.03553798458461,9.01593256832411,3.2077715566978258,16.06,4.440939494128364,4.357997617445281,0.4877727481342789,7.825
2026-10-13 05:53:57,18.081144288080207,18.16201589020921,20.97662031855649,32.38,9.066857109525525,9.0433749999396,3.2195308396560054,16.115,4.4690627772188884,4.385044039347297,0.4897073126947981,7.87
2026-10-13 06:08:57,18.18244667786582,18.258234629386674,21.093349264422343,32.56,9.09438972827574,9.0672598456805,3.2272092060270916,16.16,4.48371895369042,4.393468410166877,0.4908685681850814,7.89
2026-10-13 06:23:57,18.229427261716467,18.307184682835512,21.140180075672305,32.65,9.1090504715049,9.088489337489346,3.233975517702708,16.195,4.496108153141786,4.406131730607713,0.4920950695495634,7.915
2026-10-13 06:38:57,18.312696588321568,18.383102880352826,21.238882747282435,32.795,9.143725434199379,9.124214507617518,3.247734167654417,16.26,4.506218259189755,4.414813151772983,0.49322588683284924,7.93
2026-10-13 06:53:57,18.39077183127608,18.457344899842703,21.32097893822993,32.93,9.179100150113939,9.162422040540651,3.2593736318354125,16.32,4.52661575084631,4.429468728272283,0.49518631080708675,7.96
2026-10-13 07:08:57,18.489807524474717,18.54468182155983,21.425184037839667,33.1,9.215850148585675,9.207168061014062,3.273813753920514,16.395,4.551017624710044,4.454504418922804,0.4977749440065565,8.0
2026-10-13 07:23:57,18.611092821069914,18.64450814977179,21.560721432946465,33.295,9.263359936549545,9.25820132593738,3.2909423408754406,16.475,4.5580660256122085,4.463250836380285,0.4984478789129639,8.01
2026-10-13 07:38:57,18.671179308496516,18.70251375655046,21.63643909736755,33.405,9.29466648053507,9.274130758699576,3.3001739290163714,16.525,4.570076002860366,4.478828393304438,0.499868302314925,8.035
2026-10-13 07:53:57,18.751621633876088,18.781162206428043,21.729259554385614,33.555,9.333154208578723,9.30174353334004,3.3137728993436237,16.59,4.588652336959591,4.493262134836121,0.5012748996631868,8.06
2026-10-13 08:08:57,18.832418433531465,18.867711036206273,21.84070005233603,33.715,9.37707513042698,9.340731736477256,3.3291423338929804,16.67,4.59703428569623,4.496709156573592,0.5018556653156414,8.07
2026-10-13 08:23:57,18.92317039077555,18.955069363960735,21.940521559117176,33.875,9.425049142292231,9.388607948721223,3.347667389848371,16.765,4.613946313550541,4.5092606915881595,0.5040881306089343,8.1
2026-10-13 08:38:57,18.974823095858692,19.00413527201295,22.00654732169518,33.985,9.435286624865233,9.399647555747865,3.351129700650227,16.785,4.62229287214902,4.519335032507021,0.5050942441041881,8.115
2026-10-13 08:53:57,19.031118467734654,19.071429377090794,22.080331016785397,34.1,9.475516439603759,9.441262916793852,3.3661355645011697,16.86,4.635536292451257,4.527514772485645,0.5062829242910064,8.135
2026-10-13 09:08:57,19.082225604927828,19.11512724368982,22.12831246373383,34.17,9.486650201345531,9.455004734354798,3.3696847026439314,16.88,4.646842287007979,4.543228694367296,0.5077892333548379,8.16
2026-10-13 09:23:57,19.12073941183794,19.1521537518186,22.174758058286187,34.245,9.498432095886285,9.471428578172308,3.374373401903421,16.905,4.656497205608041,4.5503911322492145,0.5090253723702779,8.175
2026-10-13 09:38:57,19.193799365480015,19.23272437823161,22.256928854053825,34.38,9.566757013032454,9.540693110153532,3.398894468554564,17.025,4.6622931947980515,4.5540279463371975,0.5096015986419479,8.185
2026-10-13 09:53:57,19.269073651591164,19.321739013955483,22.34711473816762,34.52,9.611220058623253,9.587745757709937,3.41372987084297,17.1,4.666363752934926,4.561391350951943,0.5103373981969233,8.195
2026-10-13 10:08:57,19.33935290244736,19.38904076600429,22.422827664500666,34.64,9.641546912585817,9.615457585957584,3.4236362593892777,17.15,4.673523469127117,4.569491065663275,0.5107843018930776,8.205
2026-10-13 10:23:57,19.359308038438893,19.402916291215128,22.443302932388143,34.675,9.643089654330032,9.616787201224787,3.424835335973488,17.155,4.678271118105028,4.575412802588154,0.5116091700695977,8.215
2026-10-13 10:38:57,19.376307442646524,19.416852526112862,22.46546018070229,34.705,9.650679320633829,9.62012846412347,3.4273308695710814,17.165,4.678271118105028,4.575412802588154,0.5116091700695977,8.215
2026-10-13 10:53:57,19.390156361534295,19.4334794121667,22.483180126880075,34.73,9.650679320633829,9.62012846412347,3.4273308695710814,17.165,4.681718611753617,4.57811684208772,0.5119609595824919,8.22
2026-10-13 11:08:57,19.412913285508168,19.45419917592619,22.502856997239864,34.76,9.66517895792555,9.632930400294915,3.43131029119047,17.19,4.682824891701472,4.582016123450479,0.5121307162808394,8.225
2026-10-13 11:23:57,19.445915533563372,19.490457148996672,22.538566838699335,34.82,9.68225931005655,9.651290277759111,3.4388014153910733,17.23,4.684039944342749,4.584525762826981,0.5126296762113108,8.23
2026-10-13 11:38:57,19.46576604825185,19.51348601692593,22.566361276315153,34.86,9.69394087886152,9.660675862946833,3.4422612367480685,17.25,4.6886372862450845,4.585888192915771,0.5131065063717579,8.235
2026-10-13 11:53:57,19.48837480087771,19.53747184619294,22.58953752742295,34.895,9.697375403257801,9.66323084043554,3.443728823248235,17.255,4.697416613072328,4.596301274827128,0.5144679550900736,8.25
2026-10-13 12:08:57,19.530284820494103,19.56758071273484,22.629335367611898,34.96,9.710431258371408,9.684160298246757,3.449057203664841,17.285,4.702848808213618,4.602370619735083,0.5151541332048675,8.26
2026-10-13 12:23:57,19.530284820494103,19.56758071273484,22.629335367611898,34.96,9.71711443745208,9.693123942494285,3.4521976885047625,17.3,4.702848808213618,4.602370619735083,0.5151541332048675,8.26
2026-10-13 12:38:57,19.53260622344537,19.568516740698104,22.632098717606336,34.965,9.71711443745208,9.693123942494285,3.4521976885047625,17.3,4.702848808213618,4.602370619735083,0.5151541332048675,8.26
2026-10-13 12:53:57,19.538889147531766,19.57624263400836,22.638564679407793,34.975,9.721344387500926,9.696376251494897,3.453222336942245,17.305,4.706144858961786,4.6054850796945885,0.5153007317837729,8.265
2026-10-13 13:08:57,19.542235852019207,19.580022023883913,22.645605359361127,34.985,9.721344387500926,9.696376251494897,3.453222336942245,17.305,4.708122896526751,4.6084331730088435,0.515696903961938,8.27
2026-10-13 13:23:57,19.556959037588,19.595766513245206,22.671433696208187,35.02,9.729606985617618,9.702640722956122,3.455086599656468,17.315,4.708122896526751,4.6084331730088435,0.515696903961938,8.27
2026-10-13 13:38:57,19.566870728782522,19.604792187676818,22.685694954860836,35.04,9.729606985617618,9.702640722956122,3.455086599656468,17.315,4.708122896526751,4.6084331730088435,0.515696903961938,8.27
2026-10-13 13:53:57,19.59145242124848,19.623082877146498,22.702553090725242,35.07,9.731793609948484,9.706513967877623,3.4563499742646644,17.32,4.711487827320016,4.614769304568642,0.5160999775010311,8.28
2026-10-13 14:08:57,19.6066213701978,19.63902072371749,22.718204645109637,35.1,9.735513874445537,9.713772147271257,3.4587537483694253,17.33,4.7150476280601925,4.620772683753321,0.5166064122156722,8.29
2026-10-13 14:23:57,19.621265493334427,19.655320757521316,22.73634960227138,35.13,9.735513874445537,9.713772147271257,3.4587537483694253,17.33,4.7150476280601925,4.620772683753321,0.5166064122156722,8.29
2026-10-13 14:38:57,19.648395929493685,19.689658697623923,22.77403258391583,35.19,9.749875663724021,9.722503674560537,3.46423677268885,17.355,4.7150476280601925,4.620772683753321,0.5166064122156722,8.29
2026-10-13 14:53:57,19.660548237143047,19.70063450767581,22.78760779815491,35.21,9.759378737096638,9.728471665614457,3.4661644893744934,17.365,4.719611744432495,4.6235970865787985,0.5167846733219562,8.295
2026-10-13 15:08:57,19.676048509539473,19.715335688539064,22.800506896161966,35.23,9.759378737096638,9.728471665614457,3.4661644893744934,17.365,4.722449276814499,4.625147590946411,0.5169556314317496,8.3
2026-10-13 15:23:57,19.68660991774712,19.722522313862942,22.80813494977833,35.245,9.759378737096638,9.728471665614457,3.4661644893744934,17.365,4.725961133243944,4.626131309990687,0.5173641426969776,8.305
2026-10-13 15:38:57,19.714597361305653,19.750923292692683,22.83428903444721,35.29,9.765314395526525,9.740247332389432,3.4691289941017747,17.38,4.725961133243944,4.626131309990687,0.5173641426969776,8.305
2026-10-13 15:53:57,19.71809096120817,19.757349560652113,22.841668841592032,35.3,9.767780002447264,9.740925638928433,3.470155005872852,17.385,4.725961133243944,4.626131309990687,0.5173641426969776,8.305
2026-10-13 16:08:57,19.724082885491352,19.76230846086262,22.847624033931915,35.31,9.767780002447264,9.740925638928433,3.470155005872852,17.385,4.725961133243944,4.626131309990687,0.5173641426969776,8.305
2026-10-13 16:23:57,19.72685330502276,19.766557473669387,22.84922835364936,35.315,9.767780002447264,9.740925638928433,3.470155005872852,17.385,4.725961133243944,4.626131309990687,0.5173641426969776,8.305
2026-10-13 16:38:57,19.759243061648597,19.80384936665523,22.879568711882243,35.37,9.788783274189239,9.757853076900854,3.4762275481290126,17.42,4.730792270921324,4.627918881684127,0.5178598409192382,8.31
2026-10-13 16:53:57,19.772293171483884,19.811989986340887,22.894388943171478,35.39,9.788783274189239,9.757853076900854,3.4762275481290126,17.42,4.730792270921324,4.627918881684127,0.5178598409192382,8.31
2026-10-13 17:08:57,19.776638923911204,19.817442794702,22.901044793353513,35.4,9.790617288606391,9.75864140949436,3.4769762930490637,17.425,4.730792270921324,4.627918881684127,0.5178598409192382,8.31
2026-10-13 17:23:57,19.7777455934858,19.820027332128603,22.904800262352737,35.405,9.790617288606391,9.75864140949436,3.4769762930490637,17.425,4.730792270921324,4.627918881684127,0.5178598409192382,8.31
2026-10-13 17:38:57,19.791787631398638,19.834938409570277,22.923105544424736,35.43,9.794191359690794,9.761348094808401,3.4781314050686736,17.43,4.73424455367487,4.629569261421268,0.5183369162429532,8.315
2026-10-13 17:53:57,19.795950277432624,19.83800242789275,22.9305986974769,35.44,9.794191359690794,9.761348094808401,3.4781314050686736,17.43,4.73424455367487,4.629569261421268,0.5183369162429532,8.315
2026-10-13 18:08:57,19.795950277432624,19.83800242789275,22.9305986974769,35.44,9.802110516628803,9.770140968026555,3.4816452621855323,17.445,4.735278647139011,4.6308411516303085,0.5188155577436023,8.32
2026-10-13 18:23:57,19.826465712469307,19.866715831849014,22.96735552627242,35.495,9.81655965407926,9.782351543807605,3.4860466671525496,17.465,4.7459730537853035,4.6428199341162,0.5200175948132937,8.34
2026-10-13 18:38:57,19.85339573990336,19.897279245832205,22.992468203794672,35.55,9.829682775141691,9.791362947786414,3.4896325693150736,17.485,4.752556767284334,4.6497845744129185,0.5208753662775373,8.35
2026-10-13 18:53:57,19.876720190815895,19.916513987911937,23.014790869205047,35.585,9.841302475231437,9.800591821396281,3.4930543346947336,17.505,4.752556767284334,4.6497845744129185,0.5208753662775373,8.35
2026-10-13 19:08:57,19.904354956114652,19.94108168530956,23.04417460175109,35.635,9.84545376953071,9.80344616489159,3.494855414146661,17.515,4.7581592082181645,4.655836953673104,0.5219151252570239,8.365
2026-10-13 19:23:57,19.943466405795935,19.973802705490193,23.084636001341647,35.695,9.862220171904545,9.817323020739238,3.500378905108486,17.55,4.766830737256958,4.6624674218736635,0.523366772195051,8.38
2026-10-13 19:38:57,19.99495147654919,20.017236909788448,23.139536474157346,35.775,9.875531616751156,9.830165914898208,3.5048954204888436,17.575,4.772934588623421,4.668131384139418,0.5240740834984496,8.39
2026-10-13 19:53:57,20.06798121466399,20.078509592399232,23.22655635981209,35.895,9.906771306369421,9.854027361056986,3.5154717521710572,17.635,4.779619615706706,4.672959941208372,0.5248739204086422,8.4
2026-10-13 20:08:57,20.09435308949061,20.10771398279699,23.260810557376164,35.945,9.923108844105045,9.87288805371232,3.52025558891978,17.66,4.779619615706706,4.672959941208372,0.5248739204086422,8.4
2026-10-13 20:23:57,20.13613167987801,20.145002076494585,23.300506201312295,36.005,9.94629985673012,9.890133675939614,3.528108560168669,17.69,4.787778453950752,4.68417953856711,0.5258198259648477,8.42
2026-10-13 20:38:57,20.14791772681255,20.157811522265238,23.314271510535093,36.025,9.96408453002027,9.90596808873478,3.5349676069122795,17.73,4.794591828612399,4.687622104284855,0.5264179805958941,8.43
2026-10-13 20:53:57,20.20451222229846,20.213698634419064,23.376556475128325,36.125,9.978311556023076,9.923242402558209,3.541033510741022,17.76,4.80743563845639,4.703761900408067,0.5277500059087509,8.45
2026-10-13 21:08:57,20.23832878188064,20.247157379393922,23.41291850567293,36.185,9.997314704116366,9.939290536861561,3.546800935541376,17.785,4.811967176957185,4.710683007896608,0.5282740569347706,8.46
2026-10-13 21:23:57,20.276789980469218,20.283057585731736,23.45405383232085,36.255,10.005712047583957,9.950385984428149,3.54960274538862,17.8,4.823569394104626,4.717831435056823,0.5295239704638887,8.475
2026-10-13 21:38:57,20.318648558355548,20.322185557793205,23.500131485148174,36.325,10.042417082133914,9.990571363055965,3.5608081331659127,17.865,4.830632804616818,4.723278922490084,0.5305289759868577,8.49
2026-10-13 21:53:57,20.34045152029235,20.354916881286822,23.534157798829725,36.38,10.054591638138458,10.001956177661986,3.5643923228930743,17.885,4.8390118196500405,4.7275951531049865,0.5312096712881093,8.5
2026-10-13 22:08:57,20.387037763042155,20.40019377900167,23.579449870882353,36.455,10.083886315303445,10.025824064617927,3.574749975945009,17.935,4.841105392352126,4.730455786367664,0.531708320127903,8.505
2026-10-13 22:23:57,20.467772831524144,20.47907841998753,23.66989005296838,36.585,10.11872794586575,10.073587548436652,3.589288928804103,18.005,4.853414404768306,4.742157780374087,0.5334383468038308,8.53
2026-10-13 22:38:57,20.513593281938736,20.518380031562057,23.708885698274905,36.65,10.154518556299806,10.107073841968363,3.6029088178658855,18.07,4.860138633193106,4.757753683790974,0.5344316650130289,8.55
2026-10-13 22:53:57,20.538482888022596,20.544140226705252,23.74489435711318,36.7,10.171906564766413,10.117828908180492,3.6086849321959464,18.095,4.869918756986982,4.767648658744265,0.5352893513566404,8.565
2026-10-13 23:08:57,20.5623057538961,20.567982385737206,23.77419150206277,36.74,10.18673171980778,10.133656658979062,3.6129051120401545,18.12,4.874516365199502,4.769944248038385,0.5356822694982619,8.57
2026-10-13 23:23:57,20.586770937884047,20.58869558931307,23.809071868617682,36.79,10.195772728497179,10.142908214862084,3.615701071039585,18.135,4.875828816021389,4.7719464426211635,0.5359451956561392,8.575
2026-10-13 23:38:57,20.600364406706294,20.603512288348337,23.82600654593709,36.82,10.206241697809796,10.154365575330345,3.618886721407416,18.155,4.887532862709917,4.783370794661126,0.5369148865596184,8.59
2026-10-13 23:53:57,20.617470036615302,20.620539274623148,23.84183841531093,36.845,10.218451698920388,10.17095198993713,3.62346864690747,18.18,4.8916381242569695,4.789981496616351,0.5374058582111816,8.6
2026-10-14 00:08:57,20.68574493204727,20.69209697461334,23.934355017998097,36.975,10.269082471112423,10.218645007661337,3.6401165176026677,18.255,4.9132426104446925,4.808505798233365,0.5391665408886352,8.63
2026-10-14 00:23:57,20.732821831870353,20.732652995605395,23.9811551569487,37.045,10.277737842687833,10.224263791454234,3.6420332932222546,18.265,4.919273849701325,4.815618126543003,0.539912243307064,8.64
2026-10-14 00:38:57,20.762572348306296,20.76780586914068,24.010993657414996,37.1,10.28856469249156,10.245252195511195,3.6509835936187196,18.3,4.919273849701325,4.815618126543003,0.539912243307064,8.64
2026-10-14 00:53:57,20.80787648774412,20.82430167912394,24.06899190465352,37.185,10.332891384415223,10.277617722246507,3.6628489212480426,18.36,4.9396217835943945,4.837171108454102,0.542465670853452,8.675
2026-10-14 01:08:57,20.874290859255442,20.89881819262464,24.158999178367413,37.325,10.407633127208806,10.345026577400057,3.693333791862582,18.5,4.957383398882899,4.854580889084526,0.5444059269254937,8.705
2026-10-14 01:23:57,20.949035515461453,20.974409998339468,24.24582729263032,37.455,10.428883784238094,10.387832086113173,3.7073758012729767,18.565,4.967053746447053,4.864733699411616,0.5455430204113829,8.72
2026-10-14 01:38:57,20.992599948458814,21.032206625886236,24.29802722358116,37.545,10.458494473966805,10.424936347109925,3.7191984425696702,18.62,4.973944663374681,4.869908109196972,0.5463137898047903,8.73
2026-10-14 01:53:57,21.024548698390756,21.05928120894371,24.333458581982427,37.6,10.470443699828735,10.438708439226271,3.7240570068012393,18.645,4.9819730008418555,4.875479474396492,0.5470657268718704,8.74
2026-10-14 02:08:57,21.06313357321497,21.092638061730877,24.38086271191961,37.675,10.494408591378795,10.45659250911074,3.732066339724865,18.685,4.990547725327044,4.882320108531971,0.5475538646849587,8.75
2026-10-14 02:23:57,21.09007550068772,21.119856810075426,24.410770956632547,37.725,10.507019096165944,10.474874721629782,3.7385545268634024,18.715,4.991388081215037,4.883364813770504,0.5479718302835778,8.755
2026-10-14 02:38:57,21.20660493230505,21.22238001603454,24.545114112625704,37.925,10.57542586179836,10.537787296259562,3.759874368586858,18.825,5.0209095144906435,4.909380402160019,0.551054990963709,8.81
2026-10-14 02:53:57,21.29178503550892,21.296584016860255,24.64487563390318,38.07,10.59553573415896,10.559396275784046,3.7676504441635945,18.865,5.043625832321481,4.930384152008471,0.55343874825347,8.85
2026-10-14 03:08:57,21.351610376651028,21.348808569547963,24.719024485737734,38.185,10.627485793455117,10.586247561986857,3.775596903309928,18.91,5.05254545713451,4.941036623918721,0.5545960276375109,8.865
2026-10-14 03:23:57,21.391752399335488,21.376559549877225,24.76063869984891,38.25,10.64924224816269,10.603701357074668,3.7839869502639676,18.95,5.067895036400487,4.9577803874696595,0.5566296344321457,8.89
2026-10-14 03:38:57,21.437387832266168,21.422358790473577,24.815716049773847,38.325,10.664071147911969,10.615758205375455,3.7895471657085418,18.98,5.083740448726678,4.970126714721739,0.5588547007323879,8.92
2026-10-14 03:53:57,21.470641715705764,21.453948347654233,24.848721176375143,38.385,10.666262773244288,10.624690169886382,3.791746997988701,18.99,5.099866770141975,4.975833391783795,0.5601464651351774,8.94
2026-10-14 04:08:57,21.496436683332355,21.48450502856083,24.880341633669314,38.435,10.677841367383602,10.63818323063373,3.7952362789611245,19.01,5.100910647302875,4.976667403485422,0.5604318620444224,8.945
2026-10-14 04:23:57,21.509153913767165,21.491923402620106,24.88933939779481,38.45,10.695718430214258,10.651417156284213,3.80168472631045,19.04,5.105490476467434,4.977329846341194,0.5608713186555478,8.95
2026-10-14 04:38:57,21.60091814700669,21.576304106741464,24.972585064017395,38.59,10.711230430238201,10.664477202176156,3.8068919882820778,19.065,5.105490476467434,4.977329846341194,0.5608713186555478,8.95
2026-10-14 04:53:57,21.610074726927124,21.589873285765307,24.986236442035754,38.615,10.71618802264407,10.671227936998154,3.8084398365005225,19.075,5.107285150334051,4.98160818395478,0.5613472704053662,8.955
2026-10-14 05:08:57,21.66170874797125,21.64453156099043,25.04748759670809,38.71,10.74323387766922,10.696917548906937,3.816528370808579,19.12,5.129968123942588,5.006181000769248,0.5634223025617278,8.99
2026-10-14 05:23:57,21.720934983177386,21.70515674416625,25.110105571770323,38.805,10.760905213300866,10.712231600355985,3.82267203020892,19.15,5.133778402502083,5.0148009466102685,0.5643584756339363,9.005
2026-10-14 05:38:57,21.752801055407044,21.737783788013278,25.150985802334475,38.865,10.791159814869822,10.742193175338112,3.830894069281842,19.19,5.135709249946416,5.0186498395454775,0.5649801626328692,9.015
2026-10-14 05:53:57,21.788303491920203,21.765367500810566,25.193384682401412,38.93,10.819054804334748,10.774588183032115,3.839237114648291,19.24,5.13937926707594,5.020835562513343,0.5653038966457413,9.02
2026-10-14 06:08:57,21.81314413114058,21.792871706258293,25.22508902987054,38.975,10.826779923964835,10.781111871951255,3.8407982567576937,19.25,5.142983790381572,5.022845655427347,0.5661809299617702,9.03
2026-10-14 06:23:57,21.83802370193581,21.817752710837674,25.253920472831968,39.02,10.836881001558153,10.791948688993598,3.8443366842701696,19.27,5.146641752550343,5.023723172224403,0.5664403981331231,9.035
2026-10-14 06:38:57,21.892950968170684,21.865640656897845,25.305753422667788,39.105,10.87183494910949,10.82767248730907,3.854911841343148,19.325,5.153146246059266,5.034125978891203,0.5672354537351765,9.05
2026-10-14 06:53:57,21.90591210603468,21.883996582943023,25.32196461947786,39.13,10.882807774604062,10.83941001553034,3.858414111564192,19.345,5.155251768521752,5.039561758712793,0.5675671971756764,9.06
2026-10-14 07:08:57,21.943131055631003,21.92542784342452,25.362165231690398,39.195,10.895160727022285,10.853661463315376,3.8647472733697295,19.375,5.157824313866031,5.046577468713715,0.5680658919365136,9.07
2026-10-14 07:23:57,22.00017657987642,21.97717128821159,25.41969797727439,39.29,10.924352712737132,10.883379262217968,3.8757316070923267,19.43,5.1778408155610185,5.060509625295402,0.5701268955388338,9.1
2026-10-14 07:38:57,22.086008163728323,22.04186939532582,25.500980511092088,39.41,10.942178459175103,10.898424022046143,3.8803261324473706,19.455,5.185560646467779,5.065978252987936,0.5713694084717008,9.115
2026-10-14 07:53:57,22.137094667937944,22.081476740822843,25.55300525073991,39.49,10.958997047883615,10.915215450453786,3.8863303253071995,19.48,5.198374864911109,5.080352412722422,0.5733886236259955,9.14
2026-10-14 08:08:57,22.15413604083167,22.091946436987083,25.579119917882096,39.525,10.976265862010523,10.932790238092599,3.8916710607226808,19.515,5.217722181799543,5.097527978212465,0.5755355594946593,9.17
2026-10-14 08:23:57,22.18147098719521,22.120688176826683,25.61379776756729,39.575,10.993543891436875,10.953017291948052,3.8980852275145486,19.545,5.241441688472372,5.114192500124447,0.5778101470591855,9.205
2026-10-14 08:38:57,22.239597727211834,22.174584504485473,25.678428243433903,39.675,11.038173312938543,10.996026703170653,3.9129025062679657,19.615,5.25784633211579,5.125376498613295,0.5792676031586896,9.225
2026-10-14 08:53:57,22.25512288552122,22.198404172409514,25.701904711836093,39.71,11.041431417943162,10.997300696171374,3.9139158600964827,19.62,5.261810090199309,5.126316043555507,0.5797509336658061,9.23
2026-10-14 09:08:57,22.290251030026518,22.240923278887802,25.739049972206615,39.77,11.059057572642839,11.017512816342604,3.920869553912485,19.65,5.276310716031534,5.142617671878328,0.5808432442558736,9.26
2026-10-14 09:23:57,22.31469740755925,22.26594433559275,25.769088906396522,39.815,11.066196136671788,11.02984103959072,3.923927598031441,19.665,5.287643437230086,5.148856890853087,0.5817733459091439,9.275
2026-10-14 09:38:57,22.350848170055695,22.30255955807453,25.80592983901619,39.88,11.097267707175181,11.058350206965219,3.9361536163801873,19.72,5.2955238553374455,5.15742177403839,0.5823763152747236,9.29
2026-10-14 09:53:57,22.376636765534176,22.334952985208705,25.84724151401713,39.935,11.106783654685172,11.070914589915317,3.939918839928985,19.735,5.302354672004836,5.167098955714373,0.5828708172580707,9.3
2026-10-14 10:08:57,22.42443211941645,22.383275314794254,25.90604164555687,40.02,11.130716625934806,11.095621219200769,3.948263644296896,19.78,5.307874360352269,5.170870105705134,0.5836926930723799,9.31
2026-10-14 10:23:57,22.437732238601413,22.40486447493774,25.92345375420843,40.045,11.130716625934806,11.095621219200769,3.948263644296896,19.78,5.307874360352269,5.170870105705134,0.5836926930723799,9.31
2026-10-14 10:38:57,22.447952283950592,22.413152104708672,25.935922087414017,40.065,11.136340479541238,11.102679426818009,3.9503460866449216,19.79,5.310660799901204,5.175638359915697,0.5841887472699097,9.315
2026-10-14 10:53:57,22.464593085787005,22.429861994429764,25.95582530840005,40.095,11.147000456115084,11.114742880901407,3.9539527408990742,19.81,5.310660799901204,5.175638359915697,0.5841887472699097,9.315
2026-10-14 11:08:57,22.49617690318852,22.456563718776497,25.986095155010453,40.145,11.158391375911133,11.126638591343923,3.9585472465970897,19.83,5.310660799901204,5.175638359915697,0.5841887472699097,9.315
2026-10-14 11:23:57,22.509116682001427,22.468009698088498,26.0041230137168,40.17,11.158391375911133,11.126638591343923,3.9585472465970897,19.83,5.313632353530244,5.17994141646706,0.584680504339498,9.32
2026-10-14 11:38:57,22.514916817191168,22.47310971073852,26.014243948093636,40.185,11.168439148363683,11.132699194348536,3.961123444745898,19.845,5.313632353530244,5.17994141646706,0.584680504339498,9.32
2026-10-14 11:53:57,22.533663499693656,22.48798755685579,26.030836868896344,40.21,11.17469367412132,11.1417143132787,3.9641818945610265,19.86,5.317977559731433,5.183839058345009,0.5851661280128329,9.33
2026-10-14 12:08:57,22.53887009955248,22.49347241810692,26.037459523846714,40.22,11.179301336471955,11.143202042083164,3.9648582064990494,19.865,5.317977559731433,5.183839058345009,0.5851661280128329,9.33
2026-10-14 12:23:57,22.544596696842337,22.494767376629987,26.042561933809203,40.23,11.179301336471955,11.143202042083164,3.9648582064990494,19.865,5.317977559731433,5.183839058345009,0.5851661280128329,9.33
2026-10-14 12:38:57,22.56192089178399,22.513050630139926,26.05993505926683,40.255,11.179301336471955,11.143202042083164,3.9648582064990494,19.865,5.317977559731433,5.183839058345009,0.5851661280128329,9.33
2026-10-14 12:53:57,22.5769527447906,22.529902716722955,26.079224523634526,40.285,11.179301336471955,11.143202042083164,3.9648582064990494,19.865,5.317977559731433,5.183839058345009,0.5851661280128329,9.33
2026-10-14 13:08:57,22.588709261129935,22.542481270518493,26.092249164571665,40.305,11.179301336471955,11.143202042083164,3.9648582064990494,19.865,5.317977559731433,5.183839058345009,0.5851661280128329,9.33
2026-10-14 13:23:57,22.59682304650029,22.5491272136634,26.101490463788164,40.315,11.184421398625796,11.150000723149192,3.9671160462553203,19.875,5.317977559731433,5.183839058345009,0.5851661280128329,9.33
2026-10-14 13:38:57,22.60390740003178,22.55518535479334,26.108987970979502,40.325,11.189282307091796,11.151743228840163,3.9684662789162433,19.88,5.317977559731433,5.183839058345009,0.5851661280128329,9.33
2026-10-14 13:53:57,22.62356298953426,22.574355771055806,26.124747286436588,40.35,11.189282307091796,11.151743228840163,3.9684662789162433,19.88,5.317977559731433,5.183839058345009,0.5851661280128329,9.33
2026-10-14 14:08:57,22.62356298953426,22.574355771055806,26.124747286436588,40.35,11.193839112921923,11.15377174135227,3.9690533537691155,19.885,5.317977559731433,5.183839058345009,0.5851661280128329,9.33
2026-10-14 14:23:57,22.632074751755496,22.583041262562237,26.136388742295296,40.365,11.194972244522903,11.15805010562245,3.9701042266525164,19.89,5.317977559731433,5.183839058345009,0.5851661280128329,9.33
2026-10-14 14:38:57,22.63711606653524,22.590886181518485,26.14236866789947,40.375,11.206803984903393,11.163434738876386,3.972932128449332,19.905,5.317977559731433,5.183839058345009,0.5851661280128329,9.33
2026-10-14 14:53:57,22.63810187763859,22.59278557892084,26.144513528130815,40.38,11.206803984903393,11.163434738876386,3.972932128449332,19.905,5.319148828661149,5.185398383968051,0.5853854057041139,9.335
2026-10-14 15:08:57,22.648317890736802,22.61120449918415,26.15874498958227,40.4,11.206803984903393,11.163434738876386,3.972932128449332,19.905,5.319148828661149,5.185398383968051,0.5853854057041139,9.335
2026-10-14 15:23:57,22.655691105189483,22.618232276613686,26.164327597721968,40.41,11.206803984903393,11.163434738876386,3.972932128449332,19.905,5.319148828661149,5.185398383968051,0.5853854057041139,9.335
2026-10-14 15:38:57,22.655691105189483,22.618232276613686,26.164327597721968,40.41,11.206803984903393,11.163434738876386,3.972932128449332,19.905,5.319148828661149,5.185398383968051,0.5853854057041139,9.335
2026-10-14 15:53:57,22.666574626174718,22.630095672400326,26.180113202889732,40.43,11.21226943725775,11.171025302512758,3.9757722137772853,19.92,5.3235955033882245,5.188954399060165,0.5857315421957021,9.34
2026-10-14 16:08:57,22.673492679988776,22.637826612808343,26.189681229769906,40.445,11.21226943725775,11.171025302512758,3.9757722137772853,19.92,5.328324913972772,5.1904050914972215,0.5859591706981273,9.345
2026-10-14 16:23:57,22.692463878199995,22.65008656794909,26.208319540319035,40.47,11.215740569717974,11.177182668065672,3.9786723333121268,19.93,5.328324913972772,5.1904050914972215,0.5859591706981273,9.345
2026-10-14 16:38:57,22.70897937715244,22.671830785918498,26.232116301323558,40.5,11.225321404359377,11.185721515358063,3.981232631858526,19.95,5.328324913972772,5.1904050914972215,0.5859591706981273,9.345
2026-10-14 16:53:57,22.72755306013406,22.694109288020176,26.258739973293007,40.54,11.225321404359377,11.185721515358063,3.981232631858526,19.95,5.328324913972772,5.1904050914972215,0.5859591706981273,9.345
2026-10-14 17:08:57,22.740430582487903,22.702202486591265,26.27193988934662,40.56,11.22844106126781,11.186830629824195,3.9818209200783925,19.955,5.328324913972772,5.1904050914972215,0.5859591706981273,9.345
2026-10-14 17:23:57,22.748861924324643,22.70957955573776,26.277811199862573,40.57,11.22844106126781,11.186830629824195,3.9818209200783925,19.955,5.328324913972772,5.1904050914972215,0.5859591706981273,9.345
2026-10-14 17:38:57,22.751066759089916,22.712317556121892,26.282085429079135,40.575,11.22844106126781,11.186830629824195,3.9818209200783925,19.955,5.328324913972772,5.1904050914972215,0.5859591706981273,9.345
2026-10-14 17:53:57,22.772826598725462,22.73474175862355,26.304659154460836,40.615,11.237181202188726,11.195831354715413,3.985115376111534,19.97,5.332536745220901,5.192670676817726,0.5863652755325476,9.35
2026-10-14 18:08:57,22.79666963828884,22.75299045006844,26.323813236457095,40.65,11.24585463325289,11.203051221527858,3.988195321685694,19.985,5.337249192187351,5.200108597159754,0.5871287261734612,9.36
2026-10-14 18:23:57,22.856913057644874,22.81770676106296,26.38494153811508,40.75,11.278562610266263,11.227821598830152,3.9998673461921057,20.035,5.346646962133034,5.206111390951328,0.5881286418854138,9.375
2026-10-14 18:38:57,22.90669671571644,22.876797255041627,26.447032678233125,40.845,11.309002991980819,11.262636085841159,4.010151347645912,20.09,5.3560150699416615,5.209758648216466,0.5885484209112216,9.385
2026-10-14 18:53:57,22.968669538204335,22.94719949731789,26.52865305590445,40.955,11.342548574755607,11.304466470617704,4.021408233931839,20.155,5.360128725963485,5.217800128377428,0.5894028800166285,9.4
2026-10-14 19:08:57,23.019320104283967,23.009316486892335,26.596624165648837,41.06,11.3683763950401,11.3341389897893,4.030588083453517,20.2,5.374942163736941,5.2308758777854845,0.5906734978642548,9.42
2026-10-14 19:23:57,23.03761981726979,23.025442880778964,26.618675131073275,41.095,11.379962764583377,11.345931084954536,4.034395342262598,20.22,5.378137961888593,5.233637314451784,0.5909023567589468,9.425
2026-10-14 19:38:57,23.057944573676448,23.054924539454223,26.649223799425613,41.15,11.3963671884241,11.361303716177416,4.0405880947636215,20.245,5.380311200829939,5.235501407916043,0.5912054917656572,9.43
2026-10-14 19:53:57,23.09271656188993,23.08862855129547,26.693672721316542,41.22,11.411094483569459,11.37501872652723,4.044928617891538,20.27,5.382171583889175,5.23906159464435,0.5916088978030875,9.435
2026-10-14 20:08:57,23.144322672011338,23.12400616073374,26.746960313688,41.3,11.443566968961834,11.403976963223785,4.055688966503704,20.33,5.3882010148060555,5.24968014325009,0.5932802743179464,9.455
2026-10-14 20:23:57,23.155399158809995,23.14285193142647,26.75918726394666,41.325,11.453213189721666,11.42098175983861,4.059488390914708,20.35,5.3882010148060555,5.24968014325009,0.5932802743179464,9.455
2026-10-14 20:38:57,23.17282060746605,23.15399580071678,26.777943146560716,41.35,11.461957753506319,11.433487225066926,4.063979305807424,20.37,5.3936522760781385,5.259032612304836,0.5938497159762174,9.465
2026-10-14 20:53:57,23.184487242026034,23.170316280231226,26.792342628962242,41.375,11.472933491658136,11.442456306086784,4.068212551414254,20.39,5.395140342580016,5.261919349881184,0.5941828891115818,9.47
2026-10-14 21:08:57,23.197825841799958,23.185546329358203,26.80345992992834,41.395,11.478595375541,11.447685583289381,4.069592127363345,20.4,5.395140342580016,5.261919349881184,0.5941828891115818,9.47
2026-10-14 21:23:57,23.288040626577725,23.27816307260089,26.89869105411124,41.545,11.527224156627033,11.50557569639039,4.085896126444581,20.485,5.4163999472477045,5.285628437283287,0.5963844677115651,9.505
2026-10-14 21:38:57,23.339401716124048,23.333430577976642,26.953080708344903,41.64,11.551351283365353,11.527285357874927,4.094164492699746,20.525,5.438685476351086,5.3051777792446595,0.5985631624581497,9.545
2026-10-14 21:53:57,23.377619529545477,23.375056813692446,27.00010963154922,41.705,11.554698923290937,11.531661090118694,4.095280116540485,20.53,5.444706416202123,5.316248727475353,0.599271508897728,9.56
2026-10-14 22:08:57,23.400926348190005,23.412081281122482,27.0351639761803,41.765,11.57929366697186,11.54896461241198,4.103474682462681,20.565,5.4591017567655795,5.326855597593242,0.6007400088094897,9.58
2026-10-14 22:23:57,23.44359691070601,23.45699182282788,27.09014895983099,41.85,11.600658319077187,11.571679216292367,4.113382332792285,20.615,5.466907194984387,5.336296303108821,0.6018894064434356,9.595
2026-10-14 22:38:57,23.497644179219034,23.511507063548123,27.14990712777934,41.94,11.616004093881957,11.597409263810961,4.119400848217229,20.65,5.474275918699998,5.349432605369366,0.6028876341151052,9.615
2026-10-14 22:53:57,23.52739171217719,23.542629658960667,27.179820037259987,41.99,11.625380573059807,11.606129127451414,4.122305722756572,20.665,5.474275918699998,5.349432605369366,0.6028876341151052,9.615
2026-10-14 23:08:57,23.55769376733769,23.562590389788454,27.207356620369875,42.035,11.642648655889227,11.629941282002122,4.12874827970967,20.7,5.482870690463932,5.365050605616367,0.6039307131211114,9.635
2026-10-14 23:23:57,23.611728003725187,23.629985566212767,27.271913662069466,42.145,11.665494155663868,11.6508002352317,4.136248924110774,20.735,5.4853523156031825,5.369802589904373,0.6043224180491668,9.64
2026-10-14 23:38:57,23.690294099279516,23.718375605821194,27.373405463608172,42.305,11.731581012049304,11.722823147579502,4.163806173893562,20.87,5.506937565226084,5.399334926305703,0.6069829217722019,9.685
2026-10-14 23:53:57,23.74895495280613,23.780794566209387,27.448353414486608,42.42,11.762662994864387,11.750017747808043,4.175271996180739,20.925,5.513706643863918,5.406086964152837,0.6078244439437652,9.695
2026-10-15 00:08:57,23.776556298929883,23.816181006363884,27.49083599853515,42.48,11.806740508153412,11.791314743202129,4.190150168394071,21.0,5.516910014401386,5.407826683233084,0.6081270555702719,9.7
2026-10-15 00:23:57,23.81724060416838,23.87713372899084,27.55210148221029,42.57,11.821331362249325,11.804877823370367,4.195512553330599,21.025,5.520010875379416,5.4136650857555555,0.6089091962345695,9.71
2026-10-15 00:38:57,23.94057773320212,24.00727590788985,27.689965762163826,42.795,11.863755972712172,11.844880662444515,4.208206082257079,21.095,5.535654612858018,5.4320154802196585,0.6109720958576617,9.74
2026-10-15 00:53:57,23.99563524884023,24.052374071061656,27.75111801192836,42.885,11.898746478124345,11.880142749452535,4.218953650626635,21.155,5.563972332946246,5.456350859821227,0.6132571990453022,9.78
2026-10-15 01:08:57,24.07845291164963,24.14637364776148,27.84347301785488,43.035,11.922737567850255,11.901980349705278,4.226172683787236,21.19,5.589220863759999,5.479623662453974,0.6161635698639185,9.82
2026-10-15 01:23:57,24.125006111647345,24.19195689896745,27.89333630958438,43.11,11.93697603896157,11.930345590587452,4.233762945527244,21.225,5.592258313217873,5.48237281126573,0.616385824855008,9.825
2026-10-15 01:38:57,24.187759688335333,24.26469811433204,27.971468146948574,43.24,11.976939346170674,11.97097895138724,4.248497226961558,21.295,5.61413739547451,5.498020135577999,0.618670250116873,9.865
2026-10-15 01:53:57,24.236981957166776,24.31612711121057,28.03526402128051,43.33,11.996604502067184,11.998314142306192,4.25589835076928,21.33,5.619979999519605,5.502306807725472,0.6192992873284432,9.88
2026-10-15 02:08:57,24.279780786046725,24.358187398545137,28.088952169920624,43.405,12.015836633481893,12.028044750913626,4.265831283952407,21.375,5.6319199161675915,5.51274623053161,0.6207703729057935,9.9
2026-10-15 02:23:57,24.32062128776155,24.416909871898334,28.14920492003385,43.495,12.043947739455653,12.052644445063448,4.2745313028738225,21.42,5.648782533534861,5.5251145022838895,0.6221209946929386,9.92
2026-10-15 02:38:57,24.367042133397476,24.464737717262476,28.196825876374472,43.575,12.05955977113093,12.070324713420044,4.279127886187835,21.445,5.6570840612592885,5.535921152498309,0.6229744858916315,9.935
2026-10-15 02:53:57,24.39524417132981,24.48866042031222,28.226790988506977,43.62,12.06899425961567,12.075930016549966,4.281278399211378,21.46,5.664231336210725,5.54209169398007,0.6236785200696722,9.945
2026-10-15 03:08:57,24.43416050325353,24.518790652824208,28.2682733500844,43.68,12.08615429455172,12.092700939188985,4.288787168291324,21.5,5.669127147840433,5.548242208101159,0.6245300053320042,9.955
2026-10-15 03:23:57,24.52220469033344,24.60149410871333,28.36002356083908,43.835,12.116879148625102,12.127925078735704,4.301757381748987,21.565,5.679517284097359,5.555827606479784,0.6251657103785564,9.97
2026-10-15 03:38:57,24.596165682405996,24.676806146437443,28.447106617904776,43.965,12.128904281611325,12.141756838443872,4.306213090122098,21.59,5.6886776806540045,5.568343398174153,0.6263920997583117,9.99
2026-10-15 03:53:57,24.60464340488501,24.689062045122547,28.46179613289005,43.985,12.145179433313627,12.154025793354455,4.311626427886259,21.615,5.695574719418001,5.577069629985655,0.6273145616305136,10.005
2026-10-15 04:08:57,24.60464340488501,24.689062045122547,28.46179613289005,43.985,12.145179433313627,12.154025793354455,4.311626427886259,21.615,5.695574719418001,5.577069629985655,0.6273145616305136,10.005
2026-10-15 04:23:57,24.61067218989109,24.694763570629284,28.47542975606387,44.005,12.145179433313627,12.154025793354455,4.311626427886259,21.615,5.695574719418001,5.577069629985655,0.6273145616305136,10.005
2026-10-15 04:38:57,24.622035657469592,24.707218078541704,28.486609638265453,44.03,12.145179433313627,12.154025793354455,4.311626427886259,21.615,5.6962561259386275,5.5792733626262345,0.6275556435561221,10.01
2026-10-15 04:53:57,24.664523731969734,24.748299603495987,28.536737360587452,44.105,12.169025814590986,12.179295660760157,4.320175093938438,21.655,5.706523103891149,5.586202873129382,0.6283984221663421,10.025
2026-10-15 05:08:57,24.694976331251798,24.77884270138911,28.56937738804479,44.155,12.183012693380082,12.192418572367743,4.3241383499253,21.675,5.71519012956231,5.597042184223812,0.6292507069036906,10.04
2026-10-15 05:23:57,24.71534138384791,24.79906839121281,28.58766980016091,44.19,12.1983815227291,12.206635237655473,4.328750833608905,21.7,5.721056881004234,5.603765490191524,0.6302750109408303,10.055
2026-10-15 05:38:57,24.721787798782795,24.80597303016326,28.59340371508668,44.2,12.1983815227291,12.206635237655473,4.328750833608905,21.7,5.721056881004234,5.603765490191524,0.6302750109408303,10.055
2026-10-15 05:53:57,24.727543557620255,24.81098784035775,28.59711459298363,44.21,12.199550891506494,12.210654040815424,4.3298594964476855,21.705,5.7259310909234244,5.607667493395001,0.6307501673974426,10.06
2026-10-15 06:08:57,24.751949716451357,24.84104492226022,28.627639244293437,44.255,12.209909070273653,12.221454118571483,4.332198696306151,21.72,5.7259310909234244,5.607667493395001,0.6307501673974426,10.06
2026-10-15 06:23:57,24.762857059388434,24.861062696908593,28.65050856286777,44.29,12.218430368850388,12.225438746563189,4.333937419661579,21.73,5.728365890564913,5.611995297668208,0.6308966374336422,10.065
2026-10-15 06:38:57,24.762857059388434,24.861062696908593,28.65050856286777,44.29,12.218430368850388,12.225438746563189,4.333937419661579,21.73,5.728365890564913,5.611995297668208,0.6308966374336422,10.065
2026-10-15 06:53:57,24.78221938453594,24.876921004693138,28.673474476309742,44.325,12.219287562600707,12.22993516993103,4.33474229279469,21.735,5.731467460247019,5.616537196475912,0.6310940256844235,10.07
2026-10-15 07:08:57,24.787042480689117,24.87967474129412,28.676343837823524,44.33,12.219287562600707,12.22993516993103,4.33474229279469,21.735,5.731467460247019,5.616537196475912,0.6310940256844235,10.07
2026-10-15 07:23:57,24.800139871012693,24.895438812045942,28.697663295392736,44.36,12.227304376731807,12.235243989047165,4.337209190633804,21.75,5.733994472522211,5.620789132285918,0.6312302453968217,10.075
2026-10-15 07:38:57,24.834148132781998,24.930239776250712,28.735059130217586,44.43,12.251412801035334,12.25872778055933,4.344473277704817,21.785,5.733994472522211,5.620789132285918,0.6312302453968217,10.075
2026-10-15 07:53:57,24.877051474665528,24.95874873138164,28.778423680388276,44.495,12.280600792391155,12.28995408610431,4.354265604160743,21.835,5.742584519675378,5.62855109516091,0.6320380698178364,10.09
2026-10-15 08:08:57,24.908826455724217,24.998034512939324,28.826526429583534,44.555,12.301427278412858,12.313546269813008,4.360888600163168,21.87,5.77188697657679,5.650832925055517,0.6348696760434871,10.13
2026-10-15 08:23:57,24.938969712168888,25.023071917951192,28.85679275011528,44.605,12.309433054723355,12.321045836523306,4.364999611849165,21.885,5.779928526398422,5.660363174645793,0.6358244003826018,10.145
2026-10-15 08:38:57,24.946374747463675,25.028014677304103,28.86592802733527,44.62,12.313900562366728,12.322149833046172,4.365954818012589,21.89,5.779928526398422,5.660363174645793,0.6358244003826018,10.145
2026-10-15 08:53:57,24.98843014368525,25.07167074156398,28.91580148041868,44.7,12.329397064800657,12.336004041404415,4.371957296857993,21.92,5.7968370622153875,5.682718557319118,0.6376282997084385,10.18
2026-10-15 09:08:57,25.003889573710463,25.09211485508833,28.93762853831704,44.73,12.34221823201025,12.34991850956946,4.375953373829069,21.94,5.803423411837026,5.6850298745024554,0.6383407776528451,10.19
2026-10-15 09:23:57,25.04640946637636,25.128088082903027,28.978683380677825,44.79,12.363992469662973,12.366225368702395,4.384915511425172,21.98,5.811353248570283,5.69117707029317,0.6394334755056225,10.205
2026-10-15 09:38:57,25.06553111307746,25.14227294940037,28.999181332787487,44.82,12.373680276542107,12.376815946639837,4.389333781450515,22.0,5.811353248570283,5.69117707029317,0.6394334755056225,10.205
2026-10-15 09:53:57,25.09164005038602,25.16022847764421,29.0209817869759,44.855,12.386285446453716,12.394323086155303,4.39326781317258,22.02,5.811353248570283,5.69117707029317,0.6394334755056225,10.205
2026-10-15 10:08:57,25.095608706821956,25.162232001949203,29.02271923204364,44.86,12.389687633297733,12.397019326677789,4.394248499685504,22.025,5.811353248570283,5.69117707029317,0.6394334755056225,10.205
2026-10-15 10:23:57,25.106159488106236,25.1751273669171,29.03730131602579,44.885,12.389687633297733,12.397019326677789,4.394248499685504,22.025,5.811353248570283,5.69117707029317,0.6394334755056225,10.205
2026-10-15 10:38:57,25.118168873910424,25.183352567747676,29.04457525329573,44.9,12.394363803704373,12.398482057657164,4.395722469321054,22.03,5.819274309099254,5.698172283906976,0.6403478724477623,10.215
2026-10-15 10:53:57,25.127890052890187,25.189865448152442,29.056767720088082,44.915,12.397535016105415,12.399514385337051,4.396626464591607,22.035,5.819274309099254,5.698172283906976,0.6403478724477623,10.215
2026-10-15 11:08:57,25.131433189408106,25.194662078124768,29.058667022323565,44.92,12.397535016105415,12.399514385337051,4.396626464591607,22.035,5.819274309099254,5.698172283906976,0.6403478724477623,10.215
2026-10-15 11:23:57,25.131433189408106,25.194662078124768,29.058667022323565,44.92,12.397535016105415,12.399514385337051,4.396626464591607,22.035,5.819274309099254,5.698172283906976,0.6403478724477623,10.215
2026-10-15 11:38:57,25.134801702204925,25.19660598308116,29.061407831631836,44.925,12.39973931928846,12.400414527696636,4.397244310714476,22.04,5.819274309099254,5.698172283906976,0.6403478724477623,10.215
2026-10-15 11:53:57,25.139195353773744,25.200590319330704,29.068843347799984,44.935,12.407186675128157,12.408080686162151,4.3995774661756695,22.05,5.819274309099254,5.698172283906976,0.6403478724477623,10.215
2026-10-15 12:08:57,25.162824531489417,25.21903148511944,29.085386312478207,44.97,12.418299913782008,12.412685515996433,4.403410823071941,22.07,5.823732729207667,5.702143793934049,0.6407717552549456,10.22
2026-10-15 12:23:57,25.18662254010999,25.239120287730124,29.101239866878092,45.0,12.420066381583087,12.417417076618214,4.404845826789533,22.075,5.823732729207667,5.702143793934049,0.6407717552549456,10.22
2026-10-15 12:38:57,25.2266441214796,25.281284505276087,29.148340319662452,45.08,12.424636671080117,12.41939726150729,4.406149519675206,22.08,5.823732729207667,5.702143793934049,0.6407717552549456,10.22
2026-10-15 12:53:57,25.257454841896568,25.320684236797643,29.192276939460104,45.145,12.434418397117739,12.422823014446893,4.408620358710034,22.095,5.827449518613842,5.705086815561697,0.641216802216453,10.225
2026-10-15 13:08:57,25.2668239403591,25.333480047910466,29.205544799604773,45.165,12.434418397117739,12.422823014446893,4.408620358710034,22.095,5.827449518613842,5.705086815561697,0.641216802216453,10.225
2026-10-15 13:23:57,25.270849156820955,25.33793725670315,29.21048467866274,45.17,12.434418397117739,12.422823014446893,4.408620358710034,22.095,5.827449518613842,5.705086815561697,0.641216802216453,10.225
2026-10-15 13:38:57,25.280665676711173,25.3518258182852,29.2230898596862,45.19,12.438596462003034,12.432186833605424,4.410457693225883,22.105,5.828331692939202,5.70782307318677,0.641575004938543,10.23
2026-10-15 13:53:57,25.285754892884185,25.360749993284426,29.23144561796027,45.2,12.438596462003034,12.432186833605424,4.410457693225883,22.105,5.828331692939202,5.70782307318677,0.641575004938543,10.23
2026-10-15 14:08:57,25.294447506542944,25.368655209036582,29.239695644899633,45.21,12.438596462003034,12.432186833605424,4.410457693225883,22.105,5.828331692939202,5.70782307318677,0.641575004938543,10.23
2026-10-15 14:23:57,25.296620537185532,25.37217721633892,29.243848471197055,45.215,12.442749822770326,12.435909354806027,4.411457715469997,22.11,5.828331692939202,5.70782307318677,0.641575004938543,10.23
2026-10-15 14:38:57,25.30342080103001,25.378456352182344,29.25526439601208,45.23,12.442749822770326,12.435909354806027,4.411457715469997,22.11,5.828331692939202,5.70782307318677,0.641575004938543,10.23
2026-10-15 14:53:57,25.30342080103001,25.378456352182344,29.25526439601208,45.23,12.442749822770326,12.435909354806027,4.411457715469997,22.11,5.828331692939202,5.70782307318677,0.641575004938543,10.23
2026-10-15 15:08:57,25.30479762235784,25.380971924136052,29.25958505543997,45.235,12.442749822770326,12.435909354806027,4.411457715469997,22.11,5.828331692939202,5.70782307318677,0.641575004938543,10.23
2026-10-15 15:23:57,25.306999080068195,25.387529057049115,29.267870296867386,45.245,12.442749822770326,12.435909354806027,4.411457715469997,22.11,5.830233950071118,5.710880150621511,0.6418209552588606,10.235
2026-10-15 15:38:57,25.310266984117824,25.39615763047882,29.277649260423196,45.26,12.442749822770326,12.435909354806027,4.411457715469997,22.11,5.830233950071118,5.710880150621511,0.6418209552588606,10.235
2026-10-15 15:53:57,25.310266984117824,25.39615763047882,29.277649260423196,45.26,12.442749822770326,12.435909354806027,4.411457715469997,22.11,5.830233950071118,5.710880150621511,0.6418209552588606,10.235
2026-10-15 16:08:57,25.316650703688335,25.399314853387054,29.282542763889378,45.27,12.442749822770326,12.435909354806027,4.411457715469997,22.11,5.832125844464369,5.711951600248088,0.6420078993508143,10.24
2026-10-15 16:23:57,25.321141167280096,25.41041213328379,29.29456078219627,45.285,12.442749822770326,12.435909354806027,4.411457715469997,22.11,5.832125844464369,5.711951600248088,0.6420078993508143,10.24
2026-10-15 16:38:57,25.322581833791368,25.415609092243038,29.30274399945095,45.295,12.445614954006453,12.44159017280015,4.412834436947585,22.12,5.832125844464369,5.711951600248088,0.6420078993508143,10.24
2026-10-15 16:53:57,25.32891558831187,25.42548673126504,29.312750512956207,45.31,12.445614954006453,12.44159017280015,4.412834436947585,22.12,5.834080346142051,5.715768937322567,0.6422265360546606,10.245
2026-10-15 17:08:57,25.331389883852587,25.42618354452746,29.31713290498616,45.315,12.445614954006453,12.44159017280015,4.412834436947585,22.12,5.834080346142051,5.715768937322567,0.6422265360546606,10.245
2026-10-15 17:23:57,25.331389883852587,25.42618354452746,29.31713290498616,45.315,12.445614954006453,12.44159017280015,4.412834436947585,22.12,5.834080346142051,5.715768937322567,0.6422265360546606,10.245
2026-10-15 17:38:57,25.33892059685581,25.434021710921193,29.325706908064806,45.33,12.445614954006453,12.44159017280015,4.412834436947585,22.12,5.834080346142051,5.715768937322567,0.6422265360546606,10.245
2026-10-15 17:53:57,25.347297311037536,25.443096349684986,29.335008147392276,45.345,12.445614954006453,12.44159017280015,4.412834436947585,22.12,5.834080346142051,5.715768937322567,0.6422265360546606,10.245
2026-10-15 18:08:57,25.34911771065628,25.444659171521174,29.338073482607953,45.35,12.448901563053068,12.442946143659624,4.413545917786127,22.125,5.834080346142051,5.715768937322567,0.6422265360546606,10.245
2026-10-15 18:23:57,25.363119508726783,25.460617154262692,29.350636121791755,45.375,12.456862146204376,12.448501316514601,4.417015640979449,22.14,5.836879620972109,5.719614415981471,0.6426602151543664,10.25
2026-10-15 18:38:57,25.370636062253656,25.4692024109202,29.36111461911133,45.395,12.45805870166827,12.450413792387623,4.418081482494419,22.145,5.836879620972109,5.719614415981471,0.6426602151543664,10.25
2026-10-15 18:53:57,25.38598206416216,25.48832079396147,29.381631907840028,45.43,12.467452304324096,12.456440136637594,4.420113768511927,22.155,5.841321018339405,5.723746901670388,0.642859352256914,10.255
2026-10-15 19:08:57,25.398865121531355,25.50126164163403,29.39256944211793,45.45,12.467452304324096,12.456440136637594,4.420113768511927,22.155,5.85055550995123,5.7339965447627055,0.6436071606443459,10.27
2026-10-15 19:23:57,25.401171215615978,25.502557912966125,29.395897678608495,45.455,12.485461271761645,12.471543343734272,4.426320820163266,22.18,5.85055550995123,5.7339965447627055,0.6436071606443459,10.27
2026-10-15 19:38:57,25.408969733901298,25.51579178169916,29.41030543621979,45.475,12.492020943340163,12.481092284017038,4.428340307814628,22.19,5.85055550995123,5.7339965447627055,0.6436071606443459,10.27
2026-10-15 19:53:57,25.4545437293517,25.564313116212837,29.46566074432122,45.56,12.523936141483716,12.512928757008572,4.440780926195893,22.25,5.866512569967765,5.754645582820232,0.6453889579131046,10.3
2026-10-15 20:08:57,25.47159168315806,25.583601186771507,29.491665587979597,45.595,12.532479970335078,12.526095709722716,4.44426635700948,22.27,5.8675853073246405,5.757768498324487,0.645631818329875,10.305
2026-10-15 20:23:57,25.51709192432825,25.623695137582004,29.53410494912547,45.66,12.549294433359574,12.538042242814758,4.451661056660106,22.305,5.882839178847511,5.770285711722559,0.6473535766952524,10.33
2026-10-15 20:38:57,25.564524575986926,25.688093919991125,29.606076191733194,45.77,12.574458029341557,12.564850900403975,4.460450317811913,22.355,5.902815731404047,5.789722542593861,0.6486905907054608,10.36
2026-10-15 20:53:57,25.579019533374872,25.70807230268976,29.62567591427105,45.8,12.58971043836423,12.584384638010217,4.466167757709342,22.385,5.904257140006456,5.790426151580664,0.6491298722459327,10.365
2026-10-15 21:08:57,25.600537323449267,25.73452122507838,29.657572276047834,45.845,12.606213919104661,12.602744759949681,4.471842496472308,22.415,5.906261857930329,5.79379806434641,0.6493905259556627,10.37
2026-10-15 21:23:57,25.631020396344766,25.760947910759445,29.691018031415584,45.89,12.613060975644292,12.61225056760256,4.474689401129856,22.43,5.916100398412328,5.803346458114717,0.6500681316500835,10.385
2026-10-15 21:38:57,25.702367572426656,25.821768531094776,29.782689669833637,46.02,12.652828276709762,12.644266694918876,4.486512163538646,22.49,5.936928216833591,5.827853373245655,0.6524308973350672,10.425
2026-10-15 21:53:57,25.76879722157181,25.896089715701564,29.87215176558512,46.145,12.710680547912979,12.705197800879585,4.504168829687555,22.585,5.95537550830713,5.848454349779251,0.6551983296818544,10.46
2026-10-15 22:08:57,25.81195363729572,25.938229190724844,29.91785857789595,46.22,12.736206622645316,12.731565784016485,4.511986663781604,22.625,5.962537835157887,5.862896338478337,0.6564662448136191,10.485
2026-10-15 22:23:57,25.85988565587379,25.98475956457468,29.969798864368794,46.305,12.762696668753845,12.763049623628213,4.521070396553813,22.675,5.9818209755398275,5.874978617308694,0.6582636542027653,10.51
2026-10-15 22:38:57,25.924402651710608,26.040103525962692,30.046682881897095,46.42,12.780085941784227,12.787492215675114,4.5268196766937505,22.705,5.985568360598371,5.883167802821742,0.6589771889041747,10.52
2026-10-15 22:53:57,26.05883292001299,26.168514051164383,30.207788229467436,46.67,12.859245706687913,12.865991795988789,4.554558963222483,22.845,6.0081587167533606,5.913284364845607,0.660948470142683,10.56
2026-10-15 23:08:57,26.128218767841755,26.221750388055597,30.27598993831159,46.775,12.90062753541103,12.904137006824554,4.567242313704199,22.905,6.013942618485262,5.919207783969368,0.6619295380490171,10.575
2026-10-15 23:23:57,26.223035790594768,26.301266295166233,30.365339480705472,46.92,12.940330859216841,12.949933278374665,4.5838392733869595,22.98,6.035623968018214,5.940136380911303,0.6645115688629143,10.615
2026-10-15 23:38:57,26.341276020133257,26.4063919334951,30.49785815709433,47.125,12.981844121179671,12.993537113519618,4.598643401861745,23.06,6.045645615533671,5.951597227644389,0.6655182143614261,10.635
2026-10-15 23:53:57,26.418686813122704,26.475681965809866,30.59009125704676,47.26,13.034170753295836,13.05965253126799,4.61575326062656,23.155,6.067680710826016,5.976310954268915,0.6679630739865295,10.675
2026-10-16 00:08:57,26.47954561544774,26.547747026577902,30.656392678036536,47.375,13.078395136990281,13.091898645442033,4.6282499327492514,23.215,6.076257658460639,5.98620723817197,0.6691401131867604,10.69
2026-10-16 00:23:57,26.5573839090198,26.61135550704075,30.740516417530063,47.495,13.134045434945422,13.154045396820594,4.647969144760653,23.315,6.0963866614583715,6.010449131487571,0.6719704378316385,10.735
2026-10-16 00:38:57,26.623976008200277,26.668219704226996,30.825812805147667,47.63,13.16737512391877,13.18563916130606,4.6580477079723375,23.37,6.102913876019352,6.025912122993736,0.6738105541738355,10.76
2026-10-16 00:53:57,26.669076504656594,26.712545656988635,30.877331125904163,47.71,13.181604420368014,13.203179424082196,4.664845889948881,23.405,6.10650678263017,6.029755364257054,0.6747719573627318,10.77
2026-10-16 01:08:57,26.707828421644635,26.76469637254006,30.927913198595252,47.79,13.1999519205184,13.228346168124421,4.6705093654311485,23.44,6.113528930486576,6.033100095155039,0.6755066555767578,10.78
2026-10-16 01:23:57,26.729144136111316,26.788844648002904,30.94971575885991,47.825,13.22255620717657,13.256852853710482,4.678953713099219,23.485,6.119926714452478,6.043139479861816,0.6766791255916424,10.795
2026-10-16 01:38:57,26.7437737210423,26.80347450629432,30.965862285001048,47.85,13.229647594155782,13.259140253234289,4.681251432108644,23.495,6.123986886645691,6.044777287215978,0.6771117329438204,10.8
2026-10-16 01:53:57,26.84688335324291,26.893353183685022,31.06499557383487,48.015,13.245818737885193,13.271277307501306,4.686715152711941,23.525,6.140386838832448,6.064569852530821,0.6796480062317922,10.84
2026-10-16 02:08:57,26.88233235570754,26.92997296393818,31.11649300043271,48.09,13.265634027141829,13.280309141335469,4.691794755211857,23.55,6.145268593994607,6.072726182292528,0.680229499917969,10.85
2026-10-16 02:23:57,26.916261451256307,26.96880123864645,31.16174149920697,48.155,13.291980442187427,13.313912552462732,4.702786290601842,23.6,6.157419328401731,6.078923389733532,0.6810668565691824,10.865
2026-10-16 02:38:57,26.949536907346637,27.004278607602995,31.20361758956384,48.22,13.310163325984666,13.332783045828645,4.708813635774734,23.635,6.166267126777072,6.086974736741389,0.6820500680081907,10.88
2026-10-16 02:53:57,26.956694618837354,27.02047446391864,31.221252492810894,48.245,13.314053404411187,13.337644544877906,4.710915062899961,23.645,6.171541104784028,6.095767851545297,0.6825678077930425,10.89
2026-10-16 03:08:57,27.020532656795634,27.089521042700937,31.30265521448518,48.365,13.33299691689982,13.356581709043668,4.719526279295881,23.69,6.1953160866741355,6.1161818653704625,0.6850240979802298,10.93
2026-10-16 03:23:57,27.09734343007469,27.16392373998842,31.38353025958807,48.495,13.356358932989789,13.381900093306275,4.72771001072875,23.73,6.22676489300349,6.139587675146751,0.6872986422351325,10.97
2026-10-16 03:38:57,27.16327114183065,27.231534973867046,31.454791093374798,48.61,13.390651941359938,13.41650471504872,4.741008394508475,23.795,6.229658817912614,6.149213220386127,0.6885415980073674,10.985
2026-10-16 03:53:57,27.242919237198425,27.322094921306448,31.536533443113647,48.74,13.419295832589953,13.455408649874101,4.753941635365801,23.86,6.23183160671018,6.1525648465963645,0.6888794548783325,10.995
2026-10-16 04:08:57,27.33443939402301,27.4085458287285,31.639105534977357,48.89,13.446957258661735,13.48109308586831,4.765012308302222,23.91,6.252539845498633,6.18046450802247,0.6929513594824048,11.045
2026-10-16 04:23:57,27.351707575035718,27.42450445350247,31.66096086509825,48.92,13.447750509814815,13.484863973675747,4.765997822397702,23.915,6.261482870893615,6.183359811352394,0.6938026203047208,11.06
2026-10-16 04:38:57,27.39993472233167,27.466057415958392,31.710918222772285,49.0,13.486151455574955,13.520590949104507,4.774542388348204,23.97,6.27000395200077,6.191118777930735,0.6950235801360088,11.075
2026-10-16 04:53:57,27.43700240225506,27.5058911495102,31.75499418523314,49.07,13.507264318335405,13.538559885210326,4.782266616753906,24.005,6.280652971321258,6.201237027823891,0.6959987236707561,11.095
2026-10-16 05:08:57,27.488285270313206,27.554223816522633,31.810839300655037,49.155,13.545179675448233,13.57979742267766,4.797074412193224,24.075,6.296990515124352,6.22098722283585,0.6981502863168756,11.13
2026-10-16 05:23:57,27.53611944085821,27.605276005373756,31.872617414704965,49.245,13.553789576756449,13.586602230400688,4.8002569668962725,24.09,6.305302613315894,6.235860292200498,0.6994317258100565,11.15
2026-10-16 05:38:57,27.570724635915628,27.643763758054725,31.923865759343233,49.32,13.571329093117555,13.611810277032522,4.809067591365392,24.13,6.307765400076528,6.240287636896984,0.6998824885647444,11.155
2026-10-16 05:53:57,27.640924041181346,27.716595082276243,32.007955637524944,49.45,13.616716539140917,13.65347857464022,4.826284634462684,24.205,6.324392144117316,6.253715887576552,0.7011298869083943,11.175
2026-10-16 06:08:57,27.695268984242844,27.76888068078816,32.07315206815716,49.54,13.643878000249252,13.688115909202173,4.835191154413277,24.255,6.340057238745969,6.261910377897596,0.7024150028561443,11.195
2026-10-16 06:23:57,27.766080635997206,27.83567915897563,32.15503559858638,49.66,13.671433288550274,13.706358583232026,4.843056309685374,24.3,6.357759885376435,6.287247550525586,0.7048962214591207,11.23
2026-10-16 06:38:57,27.820850855815774,27.89882406602159,32.21832422984045,49.76,13.705031388541668,13.741826778981464,4.854764615867197,24.355,6.366553211897728,6.299521047806962,0.7057198257047251,11.25
2026-10-16 06:53:57,27.896444564922398,27.988005935781214,32.31351634101738,49.905,13.77262720796841,13.800664494096893,4.878348364767354,24.465,6.395029213692881,6.319548596412056,0.7087539218223247,11.29
2026-10-16 07:08:57,27.973113583135735,28.072721230151483,32.40253583908587,50.045,13.808405331835992,13.831732915995154,4.890900513923431,24.525,6.404194149989111,6.335081544991261,0.7099626215680813,11.31
2026-10-16 07:23:57,28.028352262629603,28.126025649765744,32.458624376442025,50.13,13.813331769516354,13.83565638874944,4.893146828957118,24.535,6.42103240975668,6.347198609585637,0.7114604621840401,11.34
2026-10-16 07:38:57,28.18912678920003,28.263978131496035,32.63584266942499,50.395,13.867868582460344,13.884504815030411,4.913252462198786,24.64,6.44227684411765,6.372966659241591,0.7134957619027928,11.385
2026-10-16 07:53:57,28.29420434399764,28.3780517308512,32.750863225790354,50.565,13.925412420912313,13.923477691219983,4.92935212685562,24.725,6.474408614658738,6.395095575958391,0.7173453588757154,11.44
2026-10-16 08:08:57,28.374559201046175,28.457014111718806,32.831869566281405,50.69,13.969852614868623,13.975769051796135,4.945381263325047,24.805,6.493588280561078,6.420466520856685,0.7199026440643344,11.475
2026-10-16 08:23:57,28.412410758349267,28.496719169530742,32.86830773353,50.76,13.978180870736844,13.983867881903487,4.947670697448645,24.82,6.507532417472455,6.426612982429829,0.7210649011772203,11.495
2026-10-16 08:38:57,28.478090411888772,28.558684129013308,32.94421949356597,50.865,14.009010151328765,14.003724573979575,4.957062615152401,24.87,6.519320903418231,6.438032338936566,0.72208130810671,11.515
2026-10-16 08:53:57,28.517972596059824,28.586990715284603,32.99337331915444,50.94,14.023256722266144,14.025710910002845,4.9624221234380395,24.9,6.526057029492269,6.44732341626565,0.7228489125461001,11.525
2026-10-16 09:08:57,28.60124678165916,28.66507791890749,33.079632520302496,51.07,14.04231537547952,14.041314600970999,4.971286208024212,24.94,6.5481225750012815,6.466242489814587,0.7249429164406973,11.56
2026-10-16 09:23:57,28.692771000176773,28.767492878265788,33.194136866498575,51.24,14.078200037278116,14.083813510485665,4.983946430386696,25.005,6.5630970132786555,6.48562849622157,0.7272709642383135,11.59
2026-10-16 09:38:57,28.749725155586304,28.830189008368333,33.26408947774823,51.34,14.11813782069649,14.116829215349973,4.9951444300446335,25.065,6.566112223718685,6.489102349380041,0.7274180038925299,11.595
2026-10-16 09:53:57,28.821535517759873,28.89711131054093,33.34733418260239,51.465,14.159501839959193,14.15197773621472,5.0068233231396295,25.13,6.5802297466017245,6.501524998653489,0.7285460729781422,11.615
2026-10-16 10:08:57,28.924812022848922,28.9992911186707,33.457912464327244,51.64,14.206025429339537,14.194598459766896,5.022214960549834,25.2,6.595429382786871,6.515257314262626,0.7303190003549088,11.64
2026-10-16 10:23:57,28.956192609055872,29.036071819294985,33.49640132353691,51.7,14.225859797060012,14.209869666309244,5.0294415122452465,25.235,6.597877136609209,6.51729857847955,0.7306647486698504,11.645
2026-10-16 10:38:57,28.98551485818913,29.064377863239862,33.53011662007279,51.75,14.234726051380063,14.213672629516422,5.032356477235407,25.25,6.600506017244157,6.519826441723228,0.7313904488802642,11.655
2026-10-16 10:53:57,29.01031228303919,29.095531812126765,33.56764299629383,51.81,14.24843828640557,14.228783264957388,5.036080451566408,25.27,6.608879383145149,6.5242977588982,0.7323340976284981,11.665
2026-10-16 11:08:57,29.035725378586548,29.117694279192754,33.59147437753937,51.845,14.253064532626286,14.23633840650593,5.038846119225444,25.285,6.610775569933066,6.527511979766964,0.7331745478647795,11.675
2026-10-16 11:23:57,29.05544665545523,29.133745469432448,33.609617639352486,51.875,14.257398582862919,14.239197807921716,5.040193828579397,25.29,6.610775569933066,6.527511979766964,0.7331745478647795,11.675
2026-10-16 11:38:57,29.066524090451498,29.141546012246128,33.61908423461832,51.89,14.270431908689728,14.254716475109465,5.044411960566862,25.315,6.612533119889302,6.531172591994171,0.7334059779261328,11.68
2026-10-16 11:53:57,29.088507422808323,29.173126699048844,33.65863893991725,51.945,14.287084598167105,14.26459760336447,5.048824725376566,25.335,6.612533119889302,6.531172591994171,0.7334059779261328,11.68
2026-10-16 12:08:57,29.131601958074235,29.21534418576665,33.70419082756085,52.02,14.305387866954398,14.280195061039077,5.052422578590129,25.355,6.620761219506967,6.5377002666182715,0.7345034955430386,11.695
2026-10-16 12:23:57,29.139844562722107,29.220852124065303,33.716158441027304,52.035,14.305387866954398,14.280195061039077,5.052422578590129,25.355,6.620761219506967,6.5377002666182715,0.7345034955430386,11.695
2026-10-16 12:38:57,29.156872768825504,29.235949625018574,33.735231139684714,52.06,14.314148799501112,14.284316962591925,5.054495746616192,25.365,6.625577217759777,6.539033404671993,0.734826764989786,11.7
2026-10-16 12:53:57,29.164875686823375,29.246431935656354,33.75342335204413,52.08,14.314148799501112,14.284316962591925,5.054495746616192,25.365,6.625577217759777,6.539033404671993,0.734826764989786,11.7
2026-10-16 13:08:57,29.164875686823375,29.246431935656354,33.75342335204413,52.08,14.314148799501112,14.284316962591925,5.054495746616192,25.365,6.625577217759777,6.539033404671993,0.734826764989786,11.7
2026-10-16 13:23:57,29.164875686823375,29.246431935656354,33.75342335204413,52.08,14.314148799501112,14.284316962591925,5.054495746616192,25.365,6.625577217759777,6.539033404671993,0.734826764989786,11.7
2026-10-16 13:38:57,29.16866538076366,29.24748193096644,33.755180570888726,52.085,14.314148799501112,14.284316962591925,5.054495746616192,25.365,6.625577217759777,6.539033404671993,0.734826764989786,11.7
2026-10-16 13:53:57,29.175765490882387,29.254096595213788,33.765531446597905,52.1,14.317542557936088,14.286444095319771,5.055984244269478,25.37,6.629545543322201,6.543394786780077,0.7351953149889744,11.705
2026-10-16 14:08:57,29.183089278091042,29.26031953976029,33.769899554302604,52.11,14.317542557936088,14.286444095319771,5.055984244269478,25.37,6.629545543322201,6.543394786780077,0.7351953149889744,11.705
2026-10-16 14:23:57,29.183089278091042,29.26031953976029,33.769899554302604,52.11,14.323602859724685,14.290634107152746,5.058614071543383,25.385,6.629545543322201,6.543394786780077,0.7351953149889744,11.705
2026-10-16 14:38:57,29.190800560370864,29.2671589316505,33.77456472710217,52.12,14.323602859724685,14.290634107152746,5.058614071543383,25.385,6.629545543322201,6.543394786780077,0.7351953149889744,11.705
2026-10-16 14:53:57,29.205159414738993,29.28223451757276,33.78770209363609,52.145,14.325853256885134,14.294490604840774,5.060598859139533,25.395,6.630397138929199,6.546619467374504,0.735524543975138,11.71
2026-10-16 15:08:57,29.205159414738993,29.28223451757276,33.78770209363609,52.145,14.325853256885134,14.294490604840774,5.060598859139533,25.395,6.630397138929199,6.546619467374504,0.735524543975138,11.71
2026-10-16 15:23:57,29.212510449372832,29.29893061426828,33.80188902683857,52.165,14.328332893918063,14.298658131498792,5.061417450920679,25.4,6.630397138929199,6.546619467374504,0.735524543975138,11.71
2026-10-16 15:38:57,29.213277858751823,29.300098523017237,33.803910415539626,52.17,14.328332893918063,14.298658131498792,5.061417450920679,25.4,6.630397138929199,6.546619467374504,0.735524543975138,11.71
2026-10-16 15:53:57,29.213277858751823,29.300098523017237,33.803910415539626,52.17,14.328332893918063,14.298658131498792,5.061417450920679,25.4,6.630397138929199,6.546619467374504,0.735524543975138,11.71
2026-10-16 16:08:57,29.219234995647913,29.30272180921635,33.81034663360992,52.18,14.3314825095046,14.303395832728357,5.062787272788273,25.405,6.630397138929199,6.546619467374504,0.735524543975138,11.71
2026-10-16 16:23:57,29.228417564052496,29.31587984650189,33.822302178846435,52.195,14.3314825095046,14.303395832728357,5.062787272788273,25.405,6.630397138929199,6.546619467374504,0.735524543975138,11.71
2026-10-16 16:38:57,29.23715709552703,29.3212251672808,33.829904892478865,52.21,14.333405247179249,14.30660353943187,5.063924431932983,25.41,6.630397138929199,6.546619467374504,0.735524543975138,11.71
2026-10-16 16:53:57,29.23902767559359,29.322713009540674,33.831454870936774,52.215,14.333405247179249,14.30660353943187,5.063924431932983,25.41,6.630397138929199,6.546619467374504,0.735524543975138,11.71
2026-10-16 17:08:57,29.240075973063316,29.326593883917333,33.8339733131987,52.22,14.333405247179249,14.30660353943187,5.063924431932983,25.41,6.630397138929199,6.546619467374504,0.735524543975138,11.71
2026-10-16 17:23:57,29.244092854048642,29.330275366339237,33.83746040831159,52.225,14.333405247179249,14.30660353943187,5.063924431932983,25.41,6.630397138929199,6.546619467374504,0.735524543975138,11.71
2026-10-16 17:38:57,29.245211977618546,29.335150753518707,33.83911203244496,52.23,14.333405247179249,14.30660353943187,5.063924431932983,25.41,6.630397138929199,6.546619467374504,0.735524543975138,11.71
2026-10-16 17:53:57,29.251874555800143,29.343987739713345,33.84610753629625,52.245,14.333405247179249,14.30660353943187,5.063924431932983,25.41,6.630397138929199,6.546619467374504,0.735524543975138,11.71
2026-10-16 18:08:57,29.265657484177737,29.36489107255401,33.86674869468386,52.275,14.333405247179249,14.30660353943187,5.063924431932983,25.41,6.630397138929199,6.546619467374504,0.735524543975138,11.71
2026-10-16 18:23:57,29.29096667335299,29.383303765277958,33.89530791926009,52.31,14.341325152314692,14.310935484622108,5.065933799576723,25.425,6.634878495886656,6.551522510791065,0.7358356403789469,11.715
2026-10-16 18:38:57,29.29837546073763,29.391106318987536,33.90750138180563,52.325,14.342555984272469,14.315601820049201,5.067157215731656,25.43,6.634878495886656,6.551522510791065,0.7358356403789469,11.715
2026-10-16 18:53:57,29.30717729886167,29.39652341587806,33.91447524483902,52.335,14.342555984272469,14.315601820049201,5.067157215731656,25.43,6.634878495886656,6.551522510791065,0.7358356403789469,11.715
2026-10-16 19:08:57,29.31712370511357,29.4064643272277,33.92717427893745,52.355,14.345182040938525,14.3169285706069,5.068332684477801,25.435,6.634878495886656,6.551522510791065,0.7358356403789469,11.715
2026-10-16 19:23:57,29.369144758687547,29.459779486477753,33.99473729311617,52.46,14.376879326717319,14.354877839084107,5.078267372307269,25.49,6.644641852897389,6.559872413705359,0.7366153415933463,11.73
2026-10-16 19:38:57,29.38148956197667,29.468076668202677,34.00915724191413,52.48,14.378238544290102,14.358600147841347,5.079275197883204,25.495,6.644641852897389,6.559872413705359,0.7366153415933463,11.73
2026-10-16 19:53:57,29.384794837273322,29.472999588549634,34.01121820113419,52.485,14.378238544290102,14.358600147841347,5.079275197883204,25.495,6.644641852897389,6.559872413705359,0.7366153415933463,11.73
2026-10-16 20:08:57,29.391043882223258,29.48328243055717,34.019625775305876,52.5,14.37985466146768,14.36141764410386,5.080703899817539,25.5,6.644641852897389,6.559872413705359,0.7366153415933463,11.73
2026-10-16 20:23:57,29.40599358335744,29.502360024296266,34.03934306216361,52.535,14.397476967072322,14.376318079406309,5.086026325000023,25.525,6.647971712337896,6.5633348737643455,0.7369350735185887,11.735
2026-10-16 20:38:57,29.42927307862359,29.52201933860932,34.06143726407198,52.57,14.39955688545867,14.37793189327528,5.086781622160357,25.53,6.6513405438927835,6.568202696693165,0.7377084947287216,11.745
2026-10-16 20:53:57,29.432483843791342,29.524828848816814,34.06540656353562,52.575,14.39955688545867,14.37793189327528,5.086781622160357,25.53,6.6513405438927835,6.568202696693165,0.7377084947287216,11.745
2026-10-16 21:08:57,29.43569637476493,29.52592388764309,34.07021793393645,52.58,14.39955688545867,14.37793189327528,5.086781622160357,25.53,6.6513405438927835,6.568202696693165,0.7377084947287216,11.745
2026-10-16 21:23:57,29.45930638572514,29.55495116735992,34.10428722669644,52.625,14.413922224206601,14.393412238898899,5.092682562582849,25.555,6.655864199754325,6.568899424088763,0.7381384924666573,11.75
2026-10-16 21:38:57,29.480861927181024,29.58556856811991,34.13047293496433,52.675,14.422741679651024,14.405590590069698,5.0964535618734725,25.575,6.6618418289660495,6.577220833741415,0.7388077282616492,11.76
2026-10-16 21:53:57,29.515227573259146,29.609884752867483,34.16312379234173,52.725,14.44014632661242,14.423106937654715,5.1009605253121295,25.6,6.673361696425516,6.585627352714893,0.7399416307100751,11.775
2026-10-16 22:08:57,29.588828738992312,29.69215992899161,34.24708416904056,52.86,14.481090445623979,14.46371746957847,5.117868261060592,25.68,6.6872426037508825,6.597431556200621,0.7415265200575071,11.8
2026-10-16 22:23:57,29.680072419305798,29.787455811317148,34.352103624793195,53.025,14.507294427076639,14.483312561667658,5.1295820062171025,25.735,6.716592492551988,6.628655715809499,0.7447591859175585,11.85
2026-10-16 22:38:57,29.73847506247182,29.83442928645587,34.409633095544464,53.11,14.53864261188423,14.50496530432203,5.138655489537782,25.785,6.723306288123558,6.6368358947508534,0.7450953456722731,11.86
2026-10-16 22:53:57,29.803637395510975,29.893357267084827,34.475604903035965,53.22,14.565877245384069,14.527153079406565,5.149239394752416,25.835,6.75107621829391,6.668252299244667,0.747580628169868,11.91
2026-10-16 23:08:57,29.846852841214556,29.941201832920456,34.52704721637908,53.295,14.590396656394171,14.549673072417884,5.158661354645083,25.88,6.761998259629927,6.677287051105623,0.7488477930482167,11.93
2026-10-16 23:23:57,29.866554534580178,29.95804040634062,34.545775833817856,53.32,14.609355545711468,14.559478277619032,5.164265015243715,25.905,6.773029251283909,6.691180974747801,0.7499977048932637,11.95
2026-10-16 23:38:57,29.92424951462809,30.025225202893214,34.62462366737669,53.43,14.63283195136895,14.598105282805706,5.175937886975013,25.96,6.7792008310878495,6.69797978325138,0.7509508929509439,11.965
2026-10-16 23:53:57,30.042630576040054,30.140276134004356,34.75650030556453,53.645,14.71659387275074,14.676521206918451,5.204499000963815,26.1,6.806431593449309,6.725296655424388,0.7540069657846439,12.015
2026-10-17 00:08:57,30.09611502778932,30.193123781341946,34.82140024136421,53.74,14.735762239427697,14.689387670760308,5.209618571295779,26.125,6.8263365515692005,6.746311701321631,0.7561827729130551,12.045
2026-10-17 00:23:57,30.13892437222541,30.235214923324204,34.862295913313844,53.805,14.749139894152062,14.700138425153098,5.215168119938912,26.15,6.832775470428903,6.754895173898775,0.7570352124208034,12.06
2026-10-17 00:38:57,30.249091085568256,30.344538669627735,34.979778919082555,53.995,14.831493582252211,14.76416474412086,5.243333718713715,26.29,6.86009342889459,6.7787916182571815,0.7595114356112511,12.105
2026-10-17 00:53:57,30.344213432510227,30.440003506847244,35.0935382263512,54.165,14.869261983767657,14.814154322441173,5.258867448892272,26.365,6.8705179390708775,6.789457600734294,0.7605401929503607,12.12
2026-10-17 01:08:57,30.44587756442256,30.53811783112323,35.19542652454128,54.34,14.903749655358313,14.852628757332713,5.2725378114858055,26.435,6.897953613121439,6.820513833111889,0.7636299760438487,12.17
2026-10-17 01:23:57,30.489025542348323,30.572048081480744,35.233340259921825,54.4,14.926987191043949,14.887132869993568,5.284239378450784,26.49,6.903351452722113,6.829743821891582,0.7642191729865239,12.18
2026-10-17 01:38:57,30.55333018132585,30.635888787822566,35.308427433804596,54.51,14.969854364828837,14.924229367223921,5.296077523310788,26.555,6.919097079959729,6.848682148774674,0.7662140061332902,12.21
2026-10-17 01:53:57,30.646473576627248,30.735398956576912,35.412122163280564,54.67,14.995842708137186,14.960323965690797,5.304718956609927,26.605,6.939389467039229,6.867761899041667,0.7688198372339269,12.25
2026-10-17 02:08:57,30.72514578880904,30.81296235438174,35.48696690579116,54.805,15.011528911996335,14.98001502954941,5.31140371981911,26.645,6.957436313371545,6.882834967692235,0.7704947813078348,12.28
2026-10-17 02:23:57,30.766881620580186,30.854450385218023,35.540873004014756,54.88,15.047903748841833,15.012155133618242,5.323457302148431,26.705,6.9726632324527325,6.896041214916136,0.7723127335718144,12.305
2026-10-17 02:38:57,30.83625086518732,30.912494717544167,35.6143632556732,54.99,15.080346425494247,15.038657645204184,5.33494972730031,26.76,6.9911797645755085,6.912711971948017,0.7739608694164922,12.335
2026-10-17 02:53:57,30.87001933776333,30.95560995229799,35.67355392362569,55.075,15.111761105092867,15.07121153067177,5.346130948188279,26.815,7.005321204677042,6.928938888701034,0.7750659975536043,12.355
2026-10-17 03:08:57,30.96790806297003,31.05969495580781,35.80025589602904,55.27,15.127963016377539,15.080586254331106,5.352006406040421,26.84,7.014801371043562,6.94332600186054,0.7763921499293971,12.375
2026-10-17 03:23:57,31.023510091435003,31.107058589457736,35.85646091608729,55.36,15.171849852514029,15.125251552868091,5.367524080122458,26.92,7.029096441241337,6.9570047415211596,0.7777597487840272,12.4
2026-10-17 03:38:57,31.075880226012416,31.17069233688052,35.917466501639524,55.46,15.205180177610227,15.164801800398916,5.378966125053147,26.99,7.060012142784545,6.98169277821332,0.7808271814171718,12.45
2026-10-17 03:53:57,31.14214027782086,31.25195397407769,35.99659623487637,55.59,15.223824675826295,15.184054321740462,5.386181068922904,27.025,7.073393139016007,6.99622910865278,0.7832927931686614,12.485
2026-10-17 04:08:57,31.187004325683496,31.28207307383184,36.04000960879503,55.66,15.254301857393209,15.217265808540196,5.397047145228431,27.075,7.108491761241389,7.022424922509135,0.7870764656314779,12.54
2026-10-17 04:23:57,31.25528784095606,31.349997168635404,36.13001384802992,55.795,15.26056169707875,15.22735673218641,5.399755187079608,27.09,7.117900164545462,7.035250042860312,0.7886986756170559,12.56
2026-10-17 04:38:57,31.29124089649928,31.392718835875257,36.17157474496394,55.86,15.284765229653223,15.25759454301462,5.408688466081898,27.145,7.1195843447933935,7.037821366503541,0.7888792475989128,12.565
2026-10-17 04:53:57,31.341615710091805,31.440437974185564,36.22944004530756,55.955,15.321219535814087,15.295714381421536,5.421485754807201,27.205,7.135150690271384,7.058446632477467,0.7909998074808982,12.6
2026-10-17 05:08:57,31.400295731247567,31.48327951755708,36.279002150530076,56.035,15.340219112182737,15.31649610596009,5.430371330446172,27.25,7.154412368327105,7.076574953573088,0.7928877127177276,12.625
2026-10-17 05:23:57,31.467039357244005,31.56550833900403,36.37673153722833,56.185,15.373363204641562,15.348968554218684,5.441778975623961,27.31,7.158746551658255,7.08663700125644,0.793757008703449,12.64
2026-10-17 05:38:57,31.533750328904702,31.634137234808165,36.45559999389931,56.305,15.436329275560452,15.397913372797824,5.461995224451433,27.41,7.177120947346339,7.112121182554651,0.7962950700835121,12.68
2026-10-17 05:53:57,31.60948176430802,31.72272287561224,36.55229635603251,56.445,15.458197493218346,15.418562470102628,5.467590817541195,27.44,7.184570680102233,7.120342299571212,0.7976321925913171,12.7
2026-10-17 06:08:57,31.67814457624879,31.781763524255034,36.62143233442988,56.55,15.482520950690201,15.438634422210065,5.474853678096815,27.47,7.190457782645378,7.130874182641348,0.7983067748667165,12.715
2026-10-17 06:23:57,31.753617308114922,31.858820520910648,36.711743131466285,56.69,15.506441352606654,15.459164359598331,5.483441191456444,27.505,7.200580501170992,7.141714206134407,0.7994305603155649,12.735
2026-10-17 06:38:57,31.8160126549025,31.931265145290357,36.78429892416817,56.81,15.548944612984334,15.49325948205715,5.498628436635202,27.575,7.218507338680076,7.160526860418647,0.8015501622797101,12.77
2026-10-17 06:53:57,31.868589032488014,31.97121337285171,36.845740855269845,56.91,15.56838237700362,15.50729135099199,5.503428045351506,27.6,7.223155387221301,7.168433517814245,0.8021181288310981,12.78
2026-10-17 07:08:57,31.882309963332528,31.987197151555236,36.864487185968784,56.935,15.56838237700362,15.50729135099199,5.503428045351506,27.6,7.227136470435881,7.176108360092599,0.8027462580041312,12.79
2026-10-17 07:23:57,31.92559932973362,32.03084665821589,36.91339828870743,57.01,15.580356464019259,15.512244763547752,5.506075098823851,27.615,7.231539914474568,7.176873019087589,0.8030530281931777,12.795
2026-10-17 07:38:57,31.945748836691717,32.05059501019983,36.941571952148145,57.055,15.59750858427773,15.530263554618893,5.511596324249296,27.645,7.244964537792664,7.187619533476313,0.8042038506290465,12.815
2026-10-17 07:53:57,31.961890747874136,32.063895290025684,36.95720593280662,57.08,15.6020151074571,15.532269755133816,5.512986978583175,27.65,7.244964537792664,7.187619533476313,0.8042038506290465,12.815
2026-10-17 08:08:57,31.970873335800555,32.06945689457783,36.96885469687367,57.095,15.603540811217803,15.534485333901996,5.513778701665943,27.655,7.244964537792664,7.187619533476313,0.8042038506290465,12.815
2026-10-17 08:23:57,32.023636078555846,32.12273342472423,37.02533648830295,57.19,15.609727641769782,15.53878470034748,5.515564453575572,27.665,7.2495387417019534,7.191212849319808,0.8046055674070576,12.82
2026-10-17 08:38:57,32.063836187168505,32.16360408449723,37.08100782182258,57.275,15.645030085247981,15.578312585094597,5.527626659595698,27.73,7.263271597999772,7.200590017578174,0.8058363215604161,12.84
2026-10-17 08:53:57,32.07261173196754,32.17644836111607,37.09165377853162,57.295,15.64837362576067,15.581304424867227,5.528156938390405,27.735,7.263271597999772,7.200590017578174,0.8058363215604161,12.84
2026-10-17 09:08:57,32.08646988918289,32.18806464138971,37.10621580071017,57.315,15.65351270494612,15.588614222086452,5.53103913920015,27.75,7.271353165098416,7.209308258865489,0.8065212776929377,12.85
2026-10-17 09:23:57,32.12713616075709,32.221437846569,37.15640636954755,57.39,15.661945587730134,15.596457224563705,5.534100598328995,27.765,7.279931949240766,7.21558524832847,0.8068597333946902,12.86
2026-10-17 09:38:57,32.13894158087688,32.234069077942905,37.17420506538423,57.415,15.670191524111173,15.603335432548361,5.536828154166361,27.78,7.279931949240766,7.21558524832847,0.8068597333946902,12.86
2026-10-17 09:53:57,32.17872741143532,32.274440670263985,37.2214021852797,57.485,15.678226045435084,15.613868539481018,5.54025711381653,27.795,7.2820059255067715,7.216584469526627,0.8071129517791195,12.865
2026-10-17 10:08:57,32.202004161487146,32.31728928083965,37.26004428505507,57.545,15.70508539361579,15.63773128955325,5.547902706345934,27.84,7.285211234699215,7.221898793567253,0.8077266986773365,12.875
2026-10-17 10:23:57,32.215341244835464,32.32686582101158,37.27594373633953,57.57,15.70508539361579,15.63773128955325,5.547902706345934,27.84,7.29217552162718,7.22509767247446,0.8085674980472664,12.885
2026-10-17 10:38:57,32.239836808936126,32.35957986223602,37.30829187843012,57.62,15.710663005837942,15.642088528392572,5.549336612477631,27.85,7.297094301532146,7.228429990212199,0.8088434072864291,12.89
2026-10-17 10:53:57,32.27735919065642,32.39091422831691,37.35462592143264,57.685,15.710663005837942,15.642088528392572,5.549336612477631,27.85,7.302557371936417,7.233937146092076,0.8092792242486919,12.9
2026-10-17 11:08:57,32.28458765812333,32.39896001253529,37.36357597297978,57.7,15.723079394144353,15.64915059997196,5.552843487300524,27.865,7.302557371936417,7.233937146092076,0.8092792242486919,12.9
2026-10-17 11:23:57,32.304093940093516,32.414604811369635,37.3796786455251,57.73,15.727041195838142,15.655659967281176,5.554861952124782,27.875,7.305499007768867,7.238616812558673,0.8100307371772935,12.91
2026-10-17 11:38:57,32.30859989283827,32.419869699903686,37.386263711183766,57.74,15.727041195838142,15.655659967281176,5.554861952124782,27.875,7.305499007768867,7.238616812558673,0.8100307371772935,12.91
2026-10-17 11:53:57,32.342909792944376,32.44874116036794,37.424557117130654,57.795,15.731535072298184,15.65854952086424,5.557428617088673,27.885,7.307713773950885,7.243237388490237,0.8102414385430505,12.915
2026-10-17 12:08:57,32.358605672809105,32.47363374490509,37.45699422415927,57.84,15.745540208530402,15.665832868469279,5.561172149901063,27.905,7.312485410131803,7.247511396134688,0.8104450841606362,12.92
2026-10-17 12:23:57,32.37476187845374,32.49428848330832,37.477395306669095,57.87,15.75079381466602,15.671227708424308,5.563539309072446,27.915,7.316142197436342,7.251733934682013,0.8105981897449366,12.925
2026-10-17 12:38:57,32.386028506817894,32.51030023690181,37.49824356504027,57.9,15.756501236254023,15.67338219116836,5.56472696940016,27.925,7.322236670238218,7.25834321544674,0.8111946543174662,12.935
2026-10-17 12:53:57,32.40998997442301,32.53347260489053,37.52217521830763,57.94,15.758158613416613,15.677979944172082,5.566089527587551,27.93,7.324193404013931,7.259896271004949,0.8115067983564965,12.945
2026-10-17 13:08:57,32.43181640050141,32.55333207637664,37.5458805668933,57.98,15.770792010739646,15.684308716250133,5.56885111907099,27.945,7.324193404013931,7.259896271004949,0.8115067983564965,12.945
2026-10-17 13:23:57,32.439142283189845,32.561459568865246,37.55417313394432,57.995,15.773972135377692,15.689990123484009,5.5707582525070265,27.955,7.327242937832437,7.261894754583524,0.8116787458394811,12.95
2026-10-17 13:38:57,32.445381297163685,32.5661303959194,37.56279663613864,58.005,15.78262946479716,15.695678751857175,5.572846381047578,27.965,7.328977559123038,7.266128827074411,0.8118846756970978,12.955
2026-10-17 13:53:57,32.451933353941335,32.57010131389768,37.56923835977707,58.015,15.786895891103322,15.70380054786945,5.574376789713479,27.975,7.333257305950415,7.267689597801721,0.8123278938321401,12.96
2026-10-17 14:08:57,32.451933353941335,32.57010131389768,37.56923835977707,58.015,15.790077883562843,15.707376367948932,5.575578642179561,27.98,7.333257305950415,7.267689597801721,0.8123278938321401,12.96
2026-10-17 14:23:57,32.46791979692696,32.58278784730066,37.584217776966526,58.035,15.796012367427226,15.714446615451918,5.577528308080163,27.99,7.336335461549106,7.269372977960432,0.8125051372849679,12.965
2026-10-17 14:38:57,32.46791979692696,32.58278784730066,37.584217776966526,58.035,15.796012367427226,15.714446615451918,5.577528308080163,27.99,7.336335461549106,7.269372977960432,0.8125051372849679,12.965
2026-10-17 14:53:57,32.477097870389784,32.584895819649276,37.590765222990875,58.045,15.796012367427226,15.714446615451918,5.577528308080163,27.99,7.336335461549106,7.269372977960432,0.8125051372849679,12.965
2026-10-17 15:08:57,32.48419702346216,32.591955050267366,37.604006441893446,58.06,15.799322885049758,15.715682222569312,5.578726045714738,27.995,7.337607253310553,7.273693254431524,0.8127996267078859,12.97
2026-10-17 15:23:57,32.48419702346216,32.591955050267366,37.604006441893446,58.06,15.799322885049758,15.715682222569312,5.578726045714738,27.995,7.337607253310553,7.273693254431524,0.8127996267078859,12.97
2026-10-17 15:38:57,32.48419702346216,32.591955050267366,37.604006441893446,58.06,15.799322885049758,15.715682222569312,5.578726045714738,27.995,7.337607253310553,7.273693254431524,0.8127996267078859,12.97
2026-10-17 15:53:57,32.48419702346216,32.591955050267366,37.604006441893446,58.06,15.803261816125229,15.717731281358349,5.57998616605593,28.0,7.338485443125663,7.275721268773352,0.8131048617505863,12.975
2026-10-17 16:08:57,32.48682103541944,32.59550762185617,37.6080126390104,58.065,15.803261816125229,15.717731281358349,5.57998616605593,28.0,7.338485443125663,7.275721268773352,0.8131048617505863,12.975
2026-10-17 16:23:57,32.48790805411961,32.6001663497796,37.611152740866785,58.07,15.806206433658616,15.719938983286179,5.580718002414184,28.005,7.338485443125663,7.275721268773352,0.8131048617505863,12.975
2026-10-17 16:38:57,32.492575849400986,32.60600164640375,37.61703209715537,58.08,15.806206433658616,15.719938983286179,5.580718002414184,28.005,7.338485443125663,7.275721268773352,0.8131048617505863,12.975
2026-10-17 16:53:57,32.497174891877506,32.61411610166445,37.62381266372708,58.09,15.806206433658616,15.719938983286179,5.580718002414184,28.005,7.338485443125663,7.275721268773352,0.8131048617505863,12.975
2026-10-17 17:08:57,32.497174891877506,32.61411610166445,37.62381266372708,58.09,15.806206433658616,15.719938983286179,5.580718002414184,28.005,7.338485443125663,7.275721268773352,0.8131048617505863,12.975
2026-10-17 17:23:57,32.506222537147664,32.620769412579996,37.63081051352127,58.1,15.80784465777145,15.7220526869054,5.581704050621534,28.01,7.338485443125663,7.275721268773352,0.8131048617505863,12.975
2026-10-17 17:38:57,32.506222537147664,32.620769412579996,37.63081051352127,58.1,15.80784465777145,15.7220526869054,5.581704050621534,28.01,7.338485443125663,7.275721268773352,0.8131048617505863,12.975
2026-10-17 17:53:57,32.50913899381886,32.62246633880053,37.632823981596495,58.105,15.80784465777145,15.7220526869054,5.581704050621534,28.01,7.338485443125663,7.275721268773352,0.8131048617505863,12.975
2026-10-17 18:08:57,32.512902823783605,32.62827261670543,37.63947923344323,58.115,15.80784465777145,15.7220526869054,5.581704050621534,28.01,7.340785474875454,7.276946489086542,0.8134274863560912,12.98
2026-10-17 18:23:57,32.53756027663398,32.651558158580386,37.66685182931099,58.155,15.834488857749294,15.750755797780771,5.591088246875706,28.055,7.345779488001499,7.2800873724713355,0.814210228079058,12.99
2026-10-17 18:38:57,32.542256425812155,32.6526473975443,37.67016512627232,58.16,15.835319698252178,15.752881225368599,5.592143006834066,28.06,7.345779488001499,7.2800873724713355,0.814210228079058,12.99
2026-10-17 18:53:57,32.54738193075912,32.65878498695803,37.676584029802385,58.17,15.835319698252178,15.752881225368599,5.592143006834066,28.06,7.345779488001499,7.2800873724713355,0.814210228079058,12.99
2026-10-17 19:08:57,32.54738193075912,32.65878498695803,37.676584029802385,58.17,15.835319698252178,15.752881225368599,5.592143006834066,28.06,7.345779488001499,7.2800873724713355,0.814210228079058,12.99
2026-10-17 19:23:57,32.54738193075912,32.65878498695803,37.676584029802385,58.17,15.835319698252178,15.752881225368599,5.592143006834066,28.06,7.345779488001499,7.2800873724713355,0.814210228079058,12.99
2026-10-17 19:38:57,32.56337503550727,32.67199810753755,37.69359795069702,58.195,15.848516963376563,15.762419230980427,5.595537004260223,28.08,7.345779488001499,7.2800873724713355,0.814210228079058,12.99
2026-10-17 19:53:57,32.570897139164316,32.67648224170821,37.69810077362126,58.205,15.848516963376563,15.762419230980427,5.595537004260223,28.08,7.35230517398145,7.284872647445123,0.8150264639720073,13.0
2026-10-17 20:08:57,32.6209200052863,32.72747825550975,37.75495513385703,58.295,15.87451632400743,15.790566105744821,5.604539288628368,28.13,7.359070446065639,7.290592013913537,0.8157220655200803,13.01
2026-10-17 20:23:57,32.662414661787494,32.76808946015694,37.79466392339593,58.36,15.897540762299018,15.819536090700797,5.612729405830239,28.175,7.362713524571459,7.292584260757912,0.816432577304474,13.02
2026-10-17 20:38:57,32.71923131119935,32.824220340367916,37.875933259167745,58.475,15.924533972012819,15.838303259918046,5.620266018377704,28.21,7.369679731560929,7.299817481372373,0.8169478866853194,13.03
2026-10-17 20:53:57,32.77900285249172,32.89944739159609,37.94686600525169,58.595,15.933126518172198,15.854424613210734,5.625896617652172,28.235,7.381965103478085,7.307741860864128,0.8180661549171862,13.045
2026-10-17 21:08:57,32.826339234221244,32.947515642295514,38.00380586940891,58.68,15.945850395305731,15.860543609677821,5.630891763257459,28.26,7.387493688980597,7.315174195991644,0.8189267130860457,13.055
2026-10-17 21:23:57,32.8633873173628,32.98259336435592,38.0494205742093,58.745,15.980864418331045,15.902494561840161,5.643431271969381,28.32,7.392088729023453,7.322230335359759,0.8194315378285969,13.065
2026-10-17 21:38:57,32.91978871537866,33.0429703069291,38.11364737870414,58.85,16.00829992180871,15.931230450136011,5.654875516465126,28.38,7.406853516932435,7.329808667924155,0.8206764441340938,13.09
2026-10-17 21:53:57,32.97413983827662,33.08504716714057,38.174441220585095,58.94,16.03510188210264,15.963105309917188,5.665952423959628,28.435,7.416021844916827,7.3376717834554475,0.8216604982722997,13.105
2026-10-17 22:08:57,33.00776778263395,33.122920021716816,38.212369993843325,59.0,16.070377465184396,15.985031089916896,5.6762374843636625,28.49,7.417280787565143,7.341483021015219,0.8220456002672735,13.11
2026-10-17 22:23:57,33.06631834026993,33.18530049939637,38.268875016373165,59.105,16.088867980730665,16.00728771710643,5.684027809268564,28.53,7.430089830612546,7.3494194160169775,0.823498490498637,13.135
2026-10-17 22:38:57,33.10102891405522,33.22059963800457,38.30031476962939,59.16,16.105556332468808,16.023370964683597,5.690637252809907,28.56,7.442231865215367,7.3555471729902875,0.8246521115967713,13.15
2026-10-17 22:53:57,33.14487624762611,33.25771385950483,38.348380230742265,59.235,16.137326292625552,16.056584002196796,5.702253115657488,28.62,7.45204395030364,7.363160206372745,0.8259247013894263,13.17
2026-10-17 23:08:57,33.25500818292472,33.38063370194837,38.4848171102953,59.445,16.202619980355372,16.138452376579888,5.723775723506297,28.74,7.477660131454756,7.38984483385813,0.8291030192730106,13.22
2026-10-17 23:23:57,33.2759743006365,33.41322560589262,38.51587337660634,59.49,16.233684996594146,16.163936401661697,5.734181047867636,28.79,7.492650359420775,7.398713434992861,0.83057612279939,13.245
2026-10-17 23:38:57,33.37560810457755,33.50342928351229,38.64250964424463,59.665,16.27265441781656,16.209622101010424,5.748703351046644,28.87,7.521428426647225,7.426852749949476,0.8335330422918692,13.29
2026-10-17 23:53:57,33.472905083949406,33.609167792997795,38.765244229038785,59.84,16.31986346256359,16.26275551116645,5.766530129148363,28.97,7.554024679030917,7.458515029347395,0.8368958572069729,13.345
2026-10-18 00:08:57,33.5419629819181,33.67072447256755,38.84705549221004,59.955,16.356718791454092,16.30142742402553,5.7780072654912455,29.035,7.569601077949051,7.47214146412633,0.838256397859984,13.375
2026-10-18 00:23:57,33.60397949402933,33.72948776354852,38.90966798942089,60.06,16.3765477452015,16.32396091755073,5.784471083234284,29.07,7.580485864035946,7.492089124696384,0.840309519441798,13.405
2026-10-18 00:38:57,33.65388906050478,33.781091283880606,38.97410828573811,60.15,16.41649776815314,16.369078338631187,5.801078705312809,29.15,7.599013072873221,7.513920840816927,0.8424084120747621,13.44
2026-10-18 00:53:57,33.70066157515735,33.83688102404593,39.03346564126949,60.25,16.47901168306378,16.44103132693662,5.824678212364701,29.275,7.608496081396181,7.52019150413064,0.8438418067408346,13.46
2026-10-18 01:08:57,33.7255451521784,33.85760624568639,39.06243032166977,60.29,16.51702090475351,16.46969854108427,5.837897111590904,29.335,7.626022154972922,7.54338638481074,0.8456725655420737,13.495
2026-10-18 01:23:57,33.84525949962253,33.960506537399716,39.176347718195686,60.47,16.561371103061866,16.500803076706127,5.851236821462815,29.405,7.650416406821063,7.558615226680261,0.8483066540551597,13.53
2026-10-18 01:38:57,33.92867587241868,34.05262497541897,39.28309329125498,60.625,16.602921910191956,16.542905073212946,5.865958858680452,29.48,7.67423433479377,7.5861715698233345,0.8514494465522263,13.58
2026-10-18 01:53:57,34.0242117089946,34.162044337222646,39.416701601189146,60.82,16.645663221102165,16.60348463761467,5.887081428240908,29.585,7.702467582892359,7.624021507666199,0.8555287021676143,13.64
2026-10-18 02:08:57,34.1374919700494,34.27351133303314,39.552614756677094,61.025,16.694353615857338,16.642810366379305,5.902996923884592,29.66,7.721708985559899,7.645716093834908,0.8581091994257171,13.68
2026-10-18 02:23:57,34.16105643928801,34.29438282827979,39.57916126013647,61.065,16.7064469977572,16.655776533974294,5.907479073650168,29.68,7.7326848228633915,7.653235669748299,0.8595831240262888,13.7
2026-10-18 02:38:57,34.180376699936964,34.313097643358006,39.60221983766549,61.1,16.724434308930746,16.67359294586856,5.915212487335649,29.71,7.747313481044846,7.663134410735156,0.8614604427021183,13.725
2026-10-18 02:53:57,34.24735181990279,34.38306623357332,39.67859186343907,61.215,16.755325002438283,16.70321545237666,5.924723890576231,29.765,7.75166896308668,7.674179106333478,0.8622501353363915,13.74
2026-10-18 03:08:57,34.31773613816166,34.456160529887725,39.77246160106628,61.36,16.79922942315225,16.7429171769779,5.938038079062505,29.835,7.762781351329719,7.6801231202035884,0.8631193409160042,13.755
2026-10-18 03:23:57,34.38043510735523,34.52568198688409,39.85759059734004,61.485,16.82803045912697,16.761896153715952,5.94484704710499,29.875,7.793874787217584,7.706598657925826,0.8662731326353238,13.81
2026-10-18 03:38:57,34.458884010583034,34.60692526704847,39.95812015988753,61.635,16.866805140165447,16.801715721446424,5.958487130678653,29.945,7.8216433327846655,7.733065160886834,0.8692650873133136,13.85
2026-10-18 03:53:57,34.517694799975004,34.6752994481522,40.02800334474913,61.745,16.89717731673585,16.833229170900932,5.972436791829107,30.01,7.833771376960825,7.744384377052167,0.8704344502036523,13.87
2026-10-18 04:08:57,34.57477479216555,34.72671424487427,40.08813706358383,61.845,16.93403935482157,16.875341772537805,5.987072538242947,30.08,7.846560853374321,7.7592271678436235,0.8713867164917386,13.89
2026-10-18 04:23:57,34.62313610644504,34.78619098491505,40.1456663433698,61.935,16.970570449617295,16.906395790377935,5.996880231179676,30.13,7.869054140045776,7.777057586444597,0.8742051314784335,13.925
2026-10-18 04:38:57,34.67590326633096,34.82897818327176,40.202699452147776,62.025,17.000008957336437,16.939427114536894,6.0074902813232,30.19,7.882858220002985,7.792995269268804,0.8751864018587007,13.945
2026-10-18 04:53:57,34.713515182879775,34.86534354302268,40.24024806183763,62.085,17.010100892173686,16.954918259769563,6.012291839418707,30.215,7.896466784587423,7.803456066349175,0.8761695914777057,13.965
2026-10-18 05:08:57,34.754202041005016,34.90822370779449,40.28068746379588,62.15,17.020450669411783,16.96119760264217,6.016637229186026,30.235,7.905074467044555,7.810553934011037,0.8769506824894217,13.98
2026-10-18 05:23:57,34.81546820417913,34.989030843972294,40.36343355650425,62.275,17.044048009912895,16.9819943253484,6.025428838630342,30.275,7.914793040281752,7.814119040946356,0.8777550982831862,13.99
2026-10-18 05:38:57,34.90257257191326,35.0715303013757,40.45978358513706,62.425,17.09372982646589,17.0290222798613,6.043601254706928,30.355,7.924246312227218,7.824058507349225,0.8790154601728564,14.01
2026-10-18 05:53:57,34.963784974979426,35.137676460556,40.51866564980656,62.525,17.125899134173995,17.062807713367206,6.056221632999031,30.425,7.933446184921831,7.83415925036488,0.8805127822218598,14.03
2026-10-18 06:08:57,34.963784974979426,35.137676460556,40.51866564980656,62.525,17.125899134173995,17.062807713367206,6.056221632999031,30.425,7.933446184921831,7.83415925036488,0.8805127822218598,14.03
2026-10-18 06:23:57,34.99434065303913,35.16839099947905,40.551025594367566,62.575,17.151585943207575,17.091358236118346,6.066054218959229,30.475,7.936328193174386,7.8351947921322225,0.8807132140833523,14.035
2026-10-18 06:38:57,35.06005795538649,35.23497503135179,40.62508865842693,62.69,17.186293019676622,17.123165613528638,6.076619783304532,30.53,7.9458629637094536,7.840415146669147,0.8814434766837822,14.05
2026-10-18 06:53:57,35.10817945214382,35.279670045262236,40.68068804748163,62.775,17.205548648665307,17.142175648436606,6.084176095899842,30.57,7.956715222419631,7.848684565368548,0.8826626254314672,14.075
2026-10-18 07:08:57,35.22030462087872,35.39568467731865,40.79645613998159,62.965,17.271520226008523,17.20295535326236,6.105309306692615,30.68,7.9924540301367735,7.884097550358786,0.885684470509659,14.135
2026-10-18 07:23:57,35.246975323523415,35.425632671556,40.839644441311606,63.02,17.274404065669273,17.209352222819835,6.107158695526116,30.69,8.001951073837166,7.88841197638535,0.8866614193456772,14.15
2026-10-18 07:38:57,35.30939217578282,35.4812236108186,40.913058384369386,63.13,17.298040158962714,17.232902854143582,6.115616018808446,30.73,8.005062168254875,7.892673135598591,0.8868270918939194,14.155
2026-10-18 07:53:57,35.35323014441855,35.5379237314241,40.9699578207689,63.22,17.32459606283085,17.262035947748,6.127533490957607,30.785,8.013568546794685,7.9024559819330245,0.8876198071813852,14.17
2026-10-18 08:08:57,35.37914325867611,35.55646842324715,40.99572404732082,63.26,17.3382376731698,17.270473921747744,6.133084197911064,30.81,8.018973876856819,7.909015180201041,0.8880875429166688,14.18
2026-10-18 08:23:57,35.443172726741565,35.62561361966757,41.08821925416292,63.395,17.358347325797627,17.287049315109613,6.141478753262473,30.845,8.02098334042743,7.9123804024831825,0.888376756223533,14.185
2026-10-18 08:38:57,35.475778422685345,35.6590521918664,41.130086402689024,63.455,17.37285034753201,17.302264853158103,6.147635364641793,30.88,8.031821852748319,7.916849829504364,0.8894629981926235,14.2
2026-10-18 08:53:57,35.49530911421445,35.692341789603,41.16210290105535,63.51,17.393744393367353,17.32229316548615,6.153709934624962,30.91,8.035161141264288,7.926089848896303,0.8905237384837131,14.215
2026-10-18 09:08:57,35.61160026111244,35.78399582790379,41.277179262193734,63.69,17.42782833084274,17.35703975696324,6.166304401304117,30.97,8.060529324050826,7.952685805130118,0.8937453202115139,14.26
2026-10-18 09:23:57,35.619812904694115,35.79954703366755,41.291249378267146,63.71,17.43472964044505,17.366101986900944,6.169402493984,30.99,8.062658392462986,7.9533866681703556,0.8941908273888961,14.265
2026-10-18 09:38:57,35.640805959852656,35.81850901646306,41.30977846278528,63.74,17.449324249746603,17.379056455377885,6.175140881767622,31.015,8.074766117551892,7.965276060024622,0.8950715200717709,14.285
2026-10-18 09:53:57,35.716049282751236,35.89932063061805,41.40930613981969,63.885,17.472710559376768,17.40524959523316,6.183410359915979,31.06,8.077199475511517,7.966596820206091,0.8953063146575292,14.29
2026-10-18 10:08:57,35.75391924134238,35.95401007534376,41.45719483266117,63.965,17.49669524903495,17.433779040685884,6.19183636902393,31.105,8.08633575046023,7.9771075839839325,0.8960957770356878,14.305
2026-10-18 10:23:57,35.76720367296835,35.96552792105303,41.471288612999224,63.985,17.49669524903495,17.433779040685884,6.19183636902393,31.105,8.08633575046023,7.9771075839839325,0.8960957770356878,14.305
2026-10-18 10:38:57,35.76720367296835,35.96552792105303,41.471288612999224,63.985,17.49669524903495,17.433779040685884,6.19183636902393,31.105,8.08633575046023,7.9771075839839325,0.8960957770356878,14.305
2026-10-18 10:53:57,35.78034574525452,35.98159106685618,41.48282723012987,64.005,17.49669524903495,17.433779040685884,6.19183636902393,31.105,8.08633575046023,7.9771075839839325,0.8960957770356878,14.305
2026-10-18 11:08:57,35.78034574525452,35.98159106685618,41.48282723012987,64.005,17.49669524903495,17.433779040685884,6.19183636902393,31.105,8.08633575046023,7.9771075839839325,0.8960957770356878,14.305
2026-10-18 11:23:57,35.79949562037586,36.00185847022471,41.50683340653906,64.04,17.50131813267724,17.43792537960782,6.192836149340645,31.11,8.08633575046023,7.9771075839839325,0.8960957770356878,14.305
2026-10-18 11:38:57,35.826555840746806,36.02876229874735,41.54106808276334,64.09,17.504715803917613,17.441679013224714,6.19363997846857,31.115,8.09303858787646,7.982082011619549,0.896879566415246,14.315
2026-10-18 11:53:57,35.84465943585203,36.049105246451624,41.565977061559714,64.125,17.506080789868626,17.445785218276576,6.194986632346806,31.12,8.09939179540574,7.988899267543101,0.8972905557239907,14.325
2026-10-18 12:08:57,35.90134955358411,36.10889722918466,41.63799528466043,64.24,17.533571052499298,17.47157151688198,6.20367402942987,31.165,8.106041478261607,7.997415108287348,0.8980590547548549,14.335
2026-10-18 12:23:57,35.90471700220782,36.113112982694226,41.64409341608479,64.25,17.533571052499298,17.47157151688198,6.20367402942987,31.165,8.106041478261607,7.997415108287348,0.8980590547548549,14.335
2026-10-18 12:38:57,35.90958150598639,36.121491766343,41.654597677521274,64.265,17.538880903439182,17.47705635703824,6.205844771372111,31.175,8.106041478261607,7.997415108287348,0.8980590547548549,14.335
2026-10-18 12:53:57,35.91462953685103,36.126882842836054,41.65940191816026,64.275,17.540039184288922,17.480858863446862,6.207308535019508,31.18,8.106041478261607,7.997415108287348,0.8980590547548549,14.335
2026-10-18 13:08:57,35.91737073640464,36.13261588780705,41.66588639833335,64.285,17.541958750344353,17.485747071696345,6.207930099835359,31.185,8.106969894508602,8.000690773654679,0.8982373393404417,14.34
2026-10-18 13:23:57,35.92782689695426,36.142013980047146,41.67707890937992,64.3,17.542643863021393,17.48846994571445,6.208593365188717,31.19,8.111910120781294,8.009942593905578,0.8986491347180711,14.35
2026-10-18 13:38:57,35.94077683937249,36.1526096490141,41.688459672495746,64.32,17.55411168578498,17.498536610284045,6.212113581395197,31.205,8.116014750209708,8.013506551868083,0.8988461938430055,14.355
2026-10-18 13:53:57,35.9551877360127,36.16773923684598,41.70248698116123,64.345,17.55411168578498,17.498536610284045,6.212113581395197,31.205,8.120001140072096,8.01706557811855,0.8992314466370299,14.36
2026-10-18 14:08:57,35.96785972135505,36.18589810717899,41.71886798154099,64.37,17.55556607710877,17.500725160301986,6.21283220063257,31.21,8.120001140072096,8.01706557811855,0.8992314466370299,14.36
2026-10-18 14:23:57,35.980944150718926,36.194829783106215,41.736327792146724,64.39,17.55556607710877,17.500725160301986,6.21283220063257,31.21,8.120001140072096,8.01706557811855,0.8992314466370299,14.36
2026-10-18 14:38:57,35.983281144665874,36.19576257297021,41.73788234874651,64.395,17.55556607710877,17.500725160301986,6.21283220063257,31.21,8.120001140072096,8.01706557811855,0.8992314466370299,14.36
2026-10-18 14:53:57,35.984715858094376,36.19919960818699,41.74162625692309,64.4,17.55556607710877,17.500725160301986,6.21283220063257,31.21,8.120001140072096,8.01706557811855,0.8992314466370299,14.36
2026-10-18 15:08:57,35.984715858094376,36.19919960818699,41.74162625692309,64.4,17.55556607710877,17.500725160301986,6.21283220063257,31.21,8.120001140072096,8.01706557811855,0.8992314466370299,14.36
2026-10-18 15:23:57,35.994199201643276,36.20739531916983,41.75099052688343,64.415,17.55656585172348,17.503516161213458,6.214234466740976,31.215,8.120001140072096,8.01706557811855,0.8992314466370299,14.36
2026-10-18 15:38:57,36.00855267587719,36.22599640924286,41.77137119728715,64.445,17.558429541964266,17.50644587094006,6.215574405029947,31.22,8.120001140072096,8.01706557811855,0.8992314466370299,14.36
2026-10-18 15:53:57,36.031201023419015,36.240886431196465,41.795852678777244,64.48,17.558429541964266,17.50644587094006,6.215574405029947,31.22,8.120001140072096,8.01706557811855,0.8992314466370299,14.36
2026-10-18 16:08:57,36.031201023419015,36.240886431196465,41.795852678777244,64.48,17.558429541964266,17.50644587094006,6.215574405029947,31.22,8.120001140072096,8.01706557811855,0.8992314466370299,14.36
2026-10-18 16:23:57,36.031201023419015,36.240886431196465,41.795852678777244,64.48,17.558429541964266,17.50644587094006,6.215574405029947,31.22,8.120001140072096,8.01706557811855,0.8992314466370299,14.36
2026-10-18 16:38:57,36.031201023419015,36.240886431196465,41.795852678777244,64.48,17.558429541964266,17.50644587094006,6.215574405029947,31.22,8.120001140072096,8.01706557811855,0.8992314466370299,14.36
2026-10-18 16:53:57,36.031201023419015,36.240886431196465,41.795852678777244,64.48,17.558429541964266,17.50644587094006,6.215574405029947,31.22,8.120001140072096,8.01706557811855,0.8992314466370299,14.36
2026-10-18 17:08:57,36.03409031113361,36.24388591504873,41.7981344973289,64.485,17.558429541964266,17.50644587094006,6.215574405029947,31.22,8.120001140072096,8.01706557811855,0.8992314466370299,14.36
2026-10-18 17:23:57,36.047074993839004,36.256427970294865,41.81009280503721,64.505,17.558429541964266,17.50644587094006,6.215574405029947,31.22,8.120001140072096,8.01706557811855,0.8992314466370299,14.36
2026-10-18 17:38:57,36.050019117849146,36.25912299976663,41.812991319034964,64.51,17.558429541964266,17.50644587094006,6.215574405029947,31.22,8.123493696014211,8.019503986414318,0.8996995112945229,14.365
2026-10-18 17:53:57,36.061197640854886,36.26993289546821,41.83009721698146,64.535,17.558429541964266,17.50644587094006,6.215574405029947,31.22,8.12608426451678,8.021376746705306,0.8999832965561617,14.37
2026-10-18 18:08:57,36.065674373540205,36.274796655216065,41.83387065968497,64.54,17.558429541964266,17.50644587094006,6.215574405029947,31.22,8.128138918198912,8.026334435143822,0.900372802417302,14.375
2026-10-18 18:23:57,36.10014582522102,36.30756422320507,41.87232107699608,64.6,17.573993263291168,17.517490704134627,6.218894570803209,31.24,8.129585994197011,8.028118330717255,0.9008011158055577,14.38
2026-10-18 18:38:57,36.12889885820735,36.33743315823005,41.91151482680711,64.66,17.577177996787334,17.518935736653148,6.220301080417321,31.245,8.1378152631808,8.038484944127992,0.9019646437778974,14.395
2026-10-18 18:53:57,36.155370064183415,36.365700886180726,41.95219058253548,64.72,17.605066699501407,17.54086430838285,6.2321550032402895,31.3,8.141456890458477,8.040685770027144,0.9022295618893855,14.4
2026-10-18 19:08:57,36.15979777565156,36.372626543234176,41.96074021456176,64.735,17.61052577333032,17.548855020504647,6.2342992776868424,31.31,8.14994947504316,8.050554377523778,0.9034493830155751,14.415
2026-10-18 19:23:57,36.21335775973384,36.425603730064445,42.02168820204748,64.825,17.63249969306302,17.56824451530717,6.242339329554854,31.345,8.163852551251217,8.061624094760788,0.9046452245049976,14.435
2026-10-18 19:38:57,36.22466796137561,36.43755819519137,42.03914761037484,64.855,17.63249969306302,17.56824451530717,6.242339329554854,31.345,8.168117088550165,8.069423776598917,0.9053613758696297,14.445
2026-10-18 19:53:57,36.22466796137561,36.43755819519137,42.03914761037484,64.855,17.63249969306302,17.56824451530717,6.242339329554854,31.345,8.168117088550165,8.069423776598917,0.9053613758696297,14.445
2026-10-18 20:08:57,36.23845836991944,36.448887542679564,42.04889324966348,64.875,17.63532169892586,17.570921640435582,6.243649864868013,31.35,8.168117088550165,8.069423776598917,0.9053613758696297,14.445
2026-10-18 20:23:57,36.287942117299124,36.48984391473517,42.09825915204326,64.95,17.656395230346615,17.59428197690369,6.252115893271186,31.385,8.189231714167867,8.089792313531616,0.9076688913736886,14.48
2026-10-18 20:38:57,36.287942117299124,36.48984391473517,42.09825915204326,64.95,17.656395230346615,17.59428197690369,6.252115893271186,31.385,8.189231714167867,8.089792313531616,0.9076688913736886,14.48
2026-10-18 20:53:57,36.303769113280296,36.50274980940288,42.11456115779779,64.975,17.662845635248658,17.602693026830426,6.2554780245274335,31.4,8.191204343702132,8.094463473750421,0.9081093874299145,14.485
2026-10-18 21:08:57,36.32934821684443,36.527258845851186,42.14577658773003,65.02,17.671927761862168,17.615336319276253,6.25977742645666,31.42,8.191204343702132,8.094463473750421,0.9081093874299145,14.485
2026-10-18 21:23:57,36.34966819882164,36.540127146089155,42.16249623693484,65.05,17.691088430750767,17.63305544909861,6.2656972340717,31.45,8.20196607550901,8.10785705356563,0.9092061550903295,14.505
2026-10-18 21:38:57,36.390957266401884,36.58006264572158,42.20864588831303,65.12,17.72114715004149,17.670046628283803,6.274810991912189,31.505,8.208397966395927,8.11681307060294,0.9098416728891078,14.52
2026-10-18 21:53:57,36.41665911160419,36.60200151422031,42.23549452369588,65.16,17.72270241653132,17.673244875802677,6.275862154225949,31.51,8.215564353126455,8.121657685398175,0.9106288527966276,14.53
2026-10-18 22:08:57,36.47559819898113,36.67372107621585,42.30657871036377,65.275,17.77727231696985,17.729650924164353,6.292697087740179,31.59,8.23003992295929,8.141755252361497,0.9133174193497349,14.56
2026-10-18 22:23:57,36.5111323035538,36.71312500861549,42.34847513821775,65.345,17.793158021091767,17.743655290587917,6.2979816989054065,31.615,8.236783581930583,8.150110785325303,0.9142391917850439,14.575
2026-10-18 22:38:57,36.533097984962666,36.73028683004252,42.372587389467746,65.385,17.80003114513398,17.7534625593997,6.300705638299804,31.63,8.243519906878015,8.16344112145467,0.915155210882469,14.59
2026-10-18 22:53:57,36.610693040661914,36.8055924420461,42.461636014383615,65.515,17.843301678696747,17.78377127232958,6.31360860998782,31.69,8.253742275281967,8.173708559861975,0.9167396153303387,14.615
2026-10-18 23:08:57,36.665732633065296,36.8582730118762,42.52734012528539,65.615,17.855055048996267,17.802625975890845,6.319345950370741,31.72,8.267541018897106,8.188661230118285,0.9189487097411067,14.65
2026-10-18 23:23:57,36.7541139237613,36.93231412122844,42.609721689638114,65.76,17.869196168824377,17.82243691027615,6.3255887641564446,31.75,8.286455131821448,8.209101273251884,0.9203906128942051,14.68
2026-10-18 23:38:57,36.85947269362141,37.025329513799385,42.73019114630369,65.95,17.925553774627268,17.886526284806536,6.345702427319103,31.85,8.312396558831706,8.234752649408119,0.9231036758822878,14.73
2026-10-18 23:53:57,37.00209029998543,37.16565526019924,42.882859158921455,66.19,18.0029244827769,17.959323020854587,6.372293145368637,31.98,8.332045268554484,8.256366334382848,0.9254538405813872,14.77
2026-10-19 00:08:57,37.06324146411036,37.22579995280084,42.955661471705426,66.3,18.031119184298817,17.995186998911525,6.385052167033411,32.045,8.35887182040374,8.275317227251417,0.9277671513887897,14.815
2026-10-19 00:23:57,37.13920750379197,37.310006666598746,43.04567147890378,66.435,18.063588284961885,18.02554654275785,6.39671523693443,32.1,8.375723603477159,8.295142634456964,0.9300547130893763,14.85
2026-10-19 00:38:57,37.20116072492934,37.3684829276959,43.119862086804766,66.545,18.073314645087372,18.038052813779256,6.400540147079595,32.12,8.386165421265755,8.30048884202615,0.9308663244465848,14.865
2026-10-19 00:53:57,37.291566007279556,37.47731805361351,43.22449388289577,66.71,18.117077450897956,18.084125488924393,6.420482273674567,32.205,8.398952794038738,8.316882018083804,0.9325693299213796,14.89
2026-10-19 01:08:57,37.319629886448126,37.505214602142786,43.25857768603682,66.765,18.134218615751077,18.097839724904386,6.425183715750985,32.235,8.417855234765742,8.33707535510069,0.9343779336398864,14.92
2026-10-19 01:23:57,37.34196872475063,37.53381487531229,43.28653917386482,66.81,18.161231867440126,18.12582658440492,6.4334846237924275,32.28,8.43601520431222,8.353272180290082,0.936456428647902,14.95
2026-10-19 01:38:57,37.427225261874185,37.61176047544682,43.37363118660151,66.96,18.19135230072181,18.154882853664542,6.444720420421695,32.335,8.450481086606995,8.368123757868826,0.9379050184645118,14.98
2026-10-19 01:53:57,37.47372282584975,37.65531622716204,43.414496114417446,67.03,18.209509311405164,18.179010883627864,6.452097563824982,32.37,8.472805273317945,8.391410498009911,0.9403408476327426,15.015
2026-10-19 02:08:57,37.51700508752037,37.705092734859875,43.464989840007796,67.11,18.24030699664432,18.21253665508567,6.461745618911975,32.43,8.481810674021874,8.401932183636287,0.9415132690477922,15.03
2026-10-19 02:23:57,37.563634872180685,37.75290307972539,43.52049002271798,67.19,18.268482469875835,18.249460909508525,6.476229362930558,32.495,8.489137234496388,8.413488848974827,0.942618625809178,15.045
2026-10-19 02:38:57,37.648897937427485,37.85770003613147,43.62518966212347,67.355,18.309881914317092,18.29122805882647,6.490129871702459,32.565,8.501662459281023,8.429330006304728,0.9444524894897134,15.07
2026-10-19 02:53:57,37.701867305471005,37.89967603942665,43.66767148365406,67.43,18.346544692020554,18.32742449727394,6.5014707179230085,32.62,8.521702797853175,8.44916333969146,0.9456759288993233,15.095
2026-10-19 03:08:57,37.74352579782754,37.947398979186175,43.71780140071377,67.515,18.373743557586664,18.354186932477315,6.511804282037659,32.67,8.528277375103027,8.457192040887593,0.9468996385704778,15.115
2026-10-19 03:23:57,37.80718334774286,38.0057765901294,43.7960922727836,67.63,18.408149715445976,18.399215917666027,6.52772218493638,32.75,8.544367810634524,8.477323046359055,0.9487886700319185,15.145
2026-10-19 03:38:57,37.868470111139885,38.05366722833365,43.85786124009248,67.72,18.447384700171842,18.437068939538968,6.539372033275303,32.815,8.564692374805063,8.498083023846144,0.9512471719723482,15.18
2026-10-19 03:53:57,37.90630860008941,38.08877671019438,43.90281303967409,67.795,18.480648104811753,18.480140084126152,6.551951143251451,32.875,8.58705155127478,8.514573076772214,0.9536438423599646,15.215
2026-10-19 04:08:57,37.99443666466464,38.1789434257805,43.99633935264791,67.955,18.500972006259612,18.5030819090239,6.558809324100253,32.91,8.596479347781257,8.517685750712799,0.9543472382300573,15.225
2026-10-19 04:23:57,38.032634897130016,38.21447258128538,44.04131435900679,68.02,18.528979171896385,18.539444672639142,6.571053484850645,32.97,8.619806984578386,8.542044302675462,0.9571191762124515,15.265
2026-10-19 04:38:57,38.058747217442395,38.24250142314613,44.07333284435527,68.065,18.549828643983364,18.557320701013907,6.5780943794878,33.005,8.626413172547705,8.552081765339206,0.9580804145786865,15.28
2026-10-19 04:53:57,38.0941811389122,38.273954199125654,44.11039107010713,68.125,18.557200808371995,18.562987139750366,6.579762640442333,33.015,8.634657564451933,8.5570984859919,0.9591218646105901,15.295
2026-10-19 05:08:57,38.15634207974438,38.326079757706545,44.17748923417573,68.225,18.592843182857933,18.602934161938634,6.590848745256839,33.075,8.654729841077074,8.575713637994474,0.9612872728832624,15.33
2026-10-19 05:23:57,38.229716107358406,38.37972332642576,44.26855370681243,68.345,18.607510991634328,18.61989746885721,6.599133159644433,33.115,8.668652822141924,8.594380764628127,0.9630616731513227,15.36
2026-10-19 05:38:57,38.279059253302066,38.42635394009124,44.319249780183895,68.425,18.6227368206817,18.63474242945098,6.606819637053935,33.155,8.687176747408476,8.614007467121894,0.9656488786585855,15.395
2026-10-19 05:53:57,38.335307103421705,38.48173407839644,44.37342666607488,68.525,18.65084284859171,18.66244045299772,6.615711058549481,33.205,8.687176747408476,8.614007467121894,0.9656488786585855,15.395
2026-10-19 06:08:57,38.39616597947992,38.5524000216889,44.45905069278979,68.645,18.672028101566813,18.678028680873744,6.624535131152621,33.245,8.692761839184673,8.622466033566017,0.9668040570512871,15.41
2026-10-19 06:23:57,38.432682362875305,38.586789196456785,44.507932853531265,68.71,18.691397763314864,18.71018984063431,6.632575524123892,33.285,8.702686530947611,8.632604228723517,0.9683298592407784,15.43
2026-10-19 06:38:57,38.4631408276519,38.61103530101239,44.53766967587578,68.755,18.703726995471524,18.725379043668525,6.6380012714850585,33.31,8.708197550393592,8.639889773316836,0.9689907193828956,15.44
2026-10-19 06:53:57,38.50781881208527,38.6558970132003,44.58322637536519,68.825,18.713448773365094,18.73625241378057,6.64164293844231,33.33,8.711012293332303,8.64453485518539,0.9697820117711854,15.45
2026-10-19 07:08:57,38.55295152926484,38.70688825570234,44.63689275862282,68.91,18.748779060745264,18.766029183852634,6.6554912759681,33.39,8.73582369383083,8.674079692428545,0.9723482007348314,15.495
2026-10-19 07:23:57,38.633021317002736,38.79446429148307,44.72563826363478,69.05,18.779407583075912,18.795283772987798,6.6676951366283985,33.445,8.744642424076916,8.679573991436838,0.9735923807292645,15.51
2026-10-19 07:38:57,38.700098266662586,38.84874006662781,44.79924981773807,69.16,18.808466727214057,18.815171320683486,6.677110974169571,33.49,8.745714161067315,8.680663754741913,0.9739966019414482,15.515
2026-10-19 07:53:57,38.72938236289456,38.87869374442539,44.82761940204719,69.21,18.82083226579693,18.83655176302474,6.684243211663791,33.525,8.752815464715727,8.685509363243623,0.9746356578432492,15.525
2026-10-19 08:08:57,38.821977359472626,38.98122763061191,44.9413879584179,69.39,18.849065824821118,18.87638721094934,6.6943385583927295,33.58,8.778785032167999,8.714642810475787,0.9774780106757444,15.57
2026-10-19 08:23:57,38.86411865195511,39.033888039112895,44.99136733442352,69.47,18.88239387093793,18.905922679316827,6.703984297288133,33.63,8.79077269448978,8.726441828877704,0.9789071736629529,15.59
2026-10-19 08:38:57,38.902825385344215,39.078487747953986,45.042998844098065,69.545,18.90527764834694,18.92413646488079,6.712323601914965,33.665,8.803588272433112,8.74151368202427,0.9804188804353345,15.615
2026-10-19 08:53:57,38.93615478264743,39.09818538062428,45.075518773550655,69.59,18.912340004449575,18.932856438774927,6.71585008002134,33.68,8.803588272433112,8.74151368202427,0.9804188804353345,15.615
2026-10-19 09:08:57,38.96070434319748,39.12635641842989,45.103172940486814,69.63,18.924877634558356,18.945942111059264,6.720842772056445,33.705,8.809344298589288,8.747804788868857,0.9809242482646949,15.625
2026-10-19 09:23:57,38.98720885680163,39.15954069256533,45.13922613838286,69.685,18.939578255775384,18.958236046143526,6.726424929568164,33.73,8.809344298589288,8.747804788868857,0.9809242482646949,15.625
2026-10-19 09:38:57,39.03431255858404,39.202911934731624,45.181498970333394,69.755,18.958380250373136,18.98318174119307,6.733143255859922,33.765,8.814238574876745,8.748620193225088,0.9812273535361686,15.63
2026-10-19 09:53:57,39.073451460689775,39.23543073980283,45.22200112086599,69.82,18.961369197548727,18.99022313343781,6.7348631111695365,33.775,8.819937827836117,8.755961678712309,0.9820693217010995,15.64
2026-10-19 10:08:57,39.08128900310293,39.241631314945174,45.231633903626886,69.835,18.97301525980158,19.006827744055844,6.7400752177488155,33.8,8.824651844059616,8.760765563155102,0.9827086135546256,15.65
2026-10-19 10:23:57,39.09537113093676,39.26413293973443,45.257761969890524,69.875,18.975848363995816,19.011728680999838,6.740736041893395,33.805,8.828665719833253,8.7685308575858,0.9834636123760769,15.66
2026-10-19 10:38:57,39.12960377372946,39.28842045594775,45.28635919041227,69.92,18.986366243120315,19.023725326275184,6.745068535536131,33.83,8.828665719833253,8.7685308575858,0.9834636123760769,15.66
2026-10-19 10:53:57,39.15065070931135,39.30956376092684,45.305891739834166,69.95,18.996454480297114,19.031732347900068,6.748586737300913,33.85,8.828665719833253,8.7685308575858,0.9834636123760769,15.66
2026-10-19 11:08:57,39.17242509881105,39.322931364390605,45.322835041474434,69.975,19.003409957000052,19.041306242772876,6.751359535915568,33.865,8.831650780074941,8.772178635034912,0.9839450311691362,15.665
2026-10-19 11:23:57,39.21330972534618,39.36086837938154,45.36618029508381,70.045,19.017291128669537,19.0527131960775,6.756300952486212,33.89,8.834488208476461,8.774875144679772,0.9843242165007229,15.67
2026-10-19 11:38:57,39.24460861598161,39.392496668705235,45.40172931927169,70.1,19.034619514407503,19.068185297021017,6.761272428008672,33.915,8.847510946227858,8.788053437584189,0.9853297131505638,15.69
2026-10-19 11:53:57,39.26406941394502,39.41187239433057,45.4211362657921,70.135,19.038285135558397,19.069524502867683,6.762709468398143,33.92,8.847510946227858,8.788053437584189,0.9853297131505638,15.69
2026-10-19 12:08:57,39.35494901009087,39.503674706898835,45.52304735084808,70.28,19.04690467627514,19.080179344281774,6.766374399775993,33.935,8.847510946227858,8.788053437584189,0.9853297131505638,15.69
2026-10-19 12:23:57,39.37931165765442,39.52995006728029,45.560214865127946,70.335,19.056454403623604,19.085960692191712,6.7703014829946975,33.955,8.85248992198672,8.791025034413599,0.9858947027170016,15.7
2026-10-19 12:38:57,39.41343950998931,39.56984394427993,45.5984294134817,70.395,19.056454403623604,19.085960692191712,6.7703014829946975,33.955,8.855707274701613,8.795573739021862,0.9862557401700867,15.705
2026-10-19 12:53:57,39.43936185812726,39.595887461588845,45.6294925432391,70.44,19.056454403623604,19.085960692191712,6.7703014829946975,33.955,8.85805403731609,8.7971128240148,0.9864635353676714,15.71
2026-10-19 13:08:57,39.452815976285706,39.60608472033252,45.641443556999036,70.46,19.059038599151684,19.088785020900303,6.770911020069127,33.96,8.863565855089815,8.800924847805616,0.9869599881847858,15.72
2026-10-19 13:23:57,39.45600256562546,39.607145850930415,45.64330821369346,70.465,19.062372314512906,19.09260346488301,6.7718479808622645,33.965,8.864603032488242,8.803684344076732,0.9872183278801362,15.725
2026-10-19 13:38:57,39.46260151200478,39.61045638795189,45.65030333822136,70.475,19.062372314512906,19.09260346488301,6.7718479808622645,33.965,8.867063770058916,8.805260445154069,0.9876667624288805,15.73
2026-10-19 13:53:57,39.48303244740125,39.63064727134221,45.674320037854734,70.51,19.062372314512906,19.09260346488301,6.7718479808622645,33.965,8.867743325417756,8.809575644803418,0.9878576046148234,15.735
2026-10-19 14:08:57,39.50098136771475,39.64836121771296,45.69713995228167,70.54,19.062372314512906,19.09260346488301,6.7718479808622645,33.965,8.870243314724885,8.811840121894928,0.9881656061449183,15.74
2026-10-19 14:23:57,39.51368986046719,39.66219460439398,45.70732851667203,70.56,19.067382086974643,19.097778967728956,6.774190471884947,33.975,8.870243314724885,8.811840121894928,0.9881656061449183,15.74
2026-10-19 14:38:57,39.51562867689827,39.66504972696967,45.70930365728685,70.565,19.067382086974643,19.097778967728956,6.774190471884947,33.975,8.876257300202056,8.818407886730068,0.9887276993898545,15.75
2026-10-19 14:53:57,39.51764234880889,39.66800745608135,45.71232319618536,70.57,19.071538876417634,19.099530664344478,6.775576484468547,33.98,8.876257300202056,8.818407886730068,0.9887276993898545,15.75
2026-10-19 15:08:57,39.52348924054604,39.67534713809882,45.719920173863756,70.58,19.071538876417634,19.099530664344478,6.775576484468547,33.98,8.876257300202056,8.818407886730068,0.9887276993898545,15.75
2026-10-19 15:23:57,39.52956420888292,39.67892094423342,45.7257589678636,70.59,19.071538876417634,19.099530664344478,6.775576484468547,33.98,8.87960619031706,8.821366303866277,0.9891706615045471,15.755
2026-10-19 15:38:57,39.52956420888292,39.67892094423342,45.7257589678636,70.59,19.071538876417634,19.099530664344478,6.775576484468547,33.98,8.87960619031706,8.821366303866277,0.9891706615045471,15.755
2026-10-19 15:53:57,39.53887990263031,39.686410692009645,45.733963721687836,70.6,19.071538876417634,19.099530664344478,6.775576484468547,33.98,8.883516200117269,8.825370504956632,0.9893240283888712,15.76
2026-10-19 16:08:57,39.53887990263031,39.686410692009645,45.733963721687836,70.6,19.071538876417634,19.099530664344478,6.775576484468547,33.98,8.883516200117269,8.825370504956632,0.9893240283888712,15.76
2026-10-19 16:23:57,39.54006626223853,39.68851347508787,45.737462800867014,70.605,19.071538876417634,19.099530664344478,6.775576484468547,33.98,8.888129182338231,8.828617438559725,0.9896232052041946,15.765
2026-10-19 16:38:57,39.54006626223853,39.68851347508787,45.737462800867014,70.605,19.071538876417634,19.099530664344478,6.775576484468547,33.98,8.888129182338231,8.828617438559725,0.9896232052041946,15.765
2026-10-19 16:53:57,39.54006626223853,39.68851347508787,45.737462800867014,70.605,19.071538876417634,19.099530664344478,6.775576484468547,33.98,8.888129182338231,8.828617438559725,0.9896232052041946,15.765
2026-10-19 17:08:57,39.5488125715047,39.699128151807315,45.74939452735851,70.62,19.07643324729102,19.10190265547362,6.776800835661911,33.985,8.890629254862535,8.832575582826372,0.9901175937314242,15.77
2026-10-19 17:23:57,39.55206491477184,39.702776836411026,45.75617380241268,70.63,19.080829197481492,19.105605910545176,6.777943124578935,33.99,8.89556699967935,8.834224601921504,0.9905009138179401,15.775
2026-10-19 17:38:57,39.55657076463016,39.71063701722402,45.76632103788725,70.645,19.087951037736286,19.110501634796975,6.780111707608841,34.0,8.89556699967935,8.834224601921504,0.9905009138179401,15.775
2026-10-19 17:53:57,39.56345837647192,39.720764093846725,45.776487569523205,70.66,19.087951037736286,19.110501634796975,6.780111707608841,34.0,8.89556699967935,8.834224601921504,0.9905009138179401,15.775
2026-10-19 18:08:57,39.56788236552581,39.7273494454252,45.784967069773074,70.67,19.093796935979416,19.114624541340643,6.7822518611983,34.01,8.900926651579868,8.839717092091652,0.9909349038811811,15.785
2026-10-19 18:23:57,39.57841172987066,39.73374172113727,45.79528868729038,70.685,19.102758740913576,19.121444860064603,6.784292022172499,34.02,8.900926651579868,8.839717092091652,0.9909349038811811,15.785
2026-10-19 18:38:57,39.57841172987066,39.73374172113727,45.79528868729038,70.685,19.102758740913576,19.121444860064603,6.784292022172499,34.02,8.900926651579868,8.839717092091652,0.9909349038811811,15.785
2026-10-19 18:53:57,39.58249731574263,39.737325881409596,45.798356431094575,70.69,19.102758740913576,19.121444860064603,6.784292022172499,34.02,8.900926651579868,8.839717092091652,0.9909349038811811,15.785
2026-10-19 19:08:57,39.5873333743996,39.74049955197521,45.80219154931285,70.695,19.10610899492131,19.123492539663616,6.785411962635098,34.025,8.900926651579868,8.839717092091652,0.9909349038811811,15.785
2026-10-19 19:23:57,39.59189836665535,39.7426271884156,45.80552278471088,70.7,19.10610899492131,19.123492539663616,6.785411962635098,34.025,8.900926651579868,8.839717092091652,0.9909349038811811,15.785
2026-10-19 19:38:57,39.6599890839967,39.80481029696356,45.88797203108176,70.82,19.13645658503708,19.158628403120233,6.796657330593014,34.085,8.908517868678807,8.84891942235702,0.9921007796730503,15.805
2026-10-19 19:53:57,39.690737755347634,39.842025869375576,45.926870865524045,70.875,19.141825262054105,19.1633396651478,6.7990792403130085,34.095,8.908517868678807,8.84891942235702,0.9921007796730503,15.805
2026-10-19 20:08:57,39.72997298372635,39.87556780510981,45.96927906852801,70.935,19.160508861029957,19.18008483016649,6.8057999927864,34.13,8.909430513393568,8.852177877713109,0.9923872538480153,15.81
2026-10-19 20:23:57,39.77925514372873,39.928829813237925,46.02196965864254,71.015,19.176721061415847,19.193972420245803,6.810041695164953,34.155,8.912046977320315,8.854909632614303,0.992660491294329,15.815
2026-10-19 20:38:57,39.83102420522556,39.98294790845813,46.08824128396022,71.105,19.199023605151655,19.21788904070787,6.819556767398794,34.205,8.92583296889687,8.865331566008896,0.9935883062418308,15.835
2026-10-19 20:53:57,39.871186210920236,40.01785971820422,46.13412146589397,71.175,19.20644462604441,19.22906647246568,6.822067063786703,34.22,8.93571977743301,8.875162840489047,0.9944795595110943,15.85
2026-10-19 21:08:57,39.904246366697194,40.051500954203526,46.17637099780869,71.235,19.222203684627683,19.24631396203892,6.827768453428631,34.245,8.940116908230596,8.876868141938939,0.9949748906338033,15.855
2026-10-19 21:23:57,39.914795191305856,40.06118170917662,46.18545027260516,71.255,19.226667886497882,19.251582939456366,6.830550003256296,34.255,8.9448110431316,8.878408353510576,0.9951212165844406,15.86
2026-10-19 21:38:57,39.947653391213976,40.095615559143106,46.22563109897114,71.315,19.235617481820615,19.260287616961453,6.834495609801346,34.275,8.94723109170792,8.880720925986436,0.9953117504114217,15.865
2026-10-19 21:53:57,39.98412845333817,40.13945207293018,46.270321018220294,71.385,19.26531171439492,19.29130735029518,6.84301236286338,34.33,8.970749838744027,8.89755231253259,0.9967668641526934,15.895
2026-10-19 22:08:57,40.04805146101067,40.2063657414283,46.347829480138756,71.51,19.293062083001363,19.30527022215892,6.849469009827643,34.365,8.97717444703346,8.906862344685605,0.9976740187044242,15.91
2026-10-19 22:23:57,40.098120214103766,40.24966714842819,46.40334901474992,71.59,19.300518570420543,19.31272229761923,6.852571525015073,34.38,8.981071536585244,8.913128737393668,0.9983655622145051,15.92
2026-10-19 22:38:57,40.14983322151665,40.31036512632057,46.474780496228426,71.695,19.319616152071564,19.33726903134405,6.8611697986242515,34.42,8.997292294208084,8.931845705729959,1.0006992016880607,15.955
2026-10-19 22:53:57,40.195017465185124,40.363163414318365,46.52927390132669,71.775,19.366988655548624,19.392750656522118,6.883963861256192,34.525,9.013697864069645,8.946350451505424,1.001854729671197,15.98
2026-10-19 23:08:57,40.23438157085889,40.3964477718418,46.575818754537856,71.84,19.386457194447207,19.415974471682464,6.892087719858761,34.565,9.025436906852127,8.953246362813431,1.0031494483307495,16.0
2026-10-19 23:23:57,40.26197437017648,40.42002474710945,46.614114923491044,71.89,19.39655686014238,19.425756617132894,6.895941006454032,34.58,9.041363270856849,8.965170150023697,1.0043752413717468,16.02
2026-10-19 23:38:57,40.28456648796968,40.44509007800109,46.64361500288565,71.935,19.418227173271198,19.43316171594929,6.900782137652604,34.605,9.046655605958662,8.969025815288353,1.0047703488307977,16.03
2026-10-19 23:53:57,40.360541065959325,40.51102302145745,46.721959988977595,72.055,19.468594843298145,19.492358365299612,6.918852008308462,34.695,9.055330624507276,8.974998773235566,1.0059385298522379,16.045
2026-10-20 00:08:57,40.42772552292246,40.566961324867265,46.80155054922654,72.17,19.509758842816442,19.535244497751005,6.931997523040024,34.77,9.073570104065004,8.993201233016176,1.007654074616504,16.08
2026-10-20 00:23:57,40.48866826363618,40.62561691479483,46.86742373407378,72.275,19.533526711250698,19.558539883036648,6.940536046099557,34.815,9.088392001924666,9.001007062529292,1.0087950328603752,16.105
2026-10-20 00:38:57,40.59582017881792,40.73756878366356,46.9921136281469,72.475,19.605083728775362,19.617666705889004,6.963723097238999,34.93,9.113822950819626,9.027956399833005,1.0120359398916616,16.155
2026-10-20 00:53:57,40.63908683727968,40.77138492515914,47.03451219604721,72.54,19.632997847994975,19.644765337654626,6.974419323900903,34.985,9.12824088874857,9.036033187337399,1.0133032947265772,16.175
2026-10-20 01:08:57,40.69103023482963,40.821376695004574,47.085439035814304,72.615,19.663152793721522,19.673754978186572,6.986410252460807,35.05,9.136999698985836,9.045747634977559,1.0146127369006217,16.195
2026-10-20 01:23:57,40.73193553082416,40.85698022978384,47.12971605795923,72.685,19.684865813154772,19.69757694281141,6.992708062903366,35.085,9.153498233529877,9.067408449993387,1.0171559646554065,16.23
2026-10-20 01:38:57,40.76531090327627,40.88290102687318,47.1609156028974,72.73,19.687933394992303,19.70576824870186,6.994000309081784,35.095,9.168524448857514,9.07778468072848,1.018369323296854,16.25
2026-10-20 01:53:57,40.798898236396674,40.917191018611035,47.20434645179399,72.79,19.706590340381236,19.725209710221733,6.999481005030071,35.125,9.183972979939195,9.089933684865555,1.0197257684888983,16.275
2026-10-20 02:08:57,40.87744609779778,41.024570871154395,47.31622210170157,72.96,19.76184147944195,19.768060009639328,7.01492432795947,35.21,9.21265940067161,9.122048809016308,1.0218803030050152,16.32
2026-10-20 02:23:57,41.00105767884717,41.14969751693541,47.472343031120005,73.195,19.83078024519722,19.848936484504716,7.047077725337425,35.365,9.242866764489152,9.156319506156834,1.0259698084902122,16.38
2026-10-20 02:38:57,41.079001308123644,41.213941974284104,47.540515755786814,73.32,19.864787877165405,19.88339597702476,7.058947906615655,35.425,9.260152984501316,9.176526829393604,1.0273121905408409,16.405
2026-10-20 02:53:57,41.14304910459099,41.27014244767908,47.601090646869494,73.425,19.887644830126774,19.89761796058905,7.063649741784772,35.455,9.272690005242422,9.19324925482371,1.0282903675449628,16.425
2026-10-20 03:08:57,41.167570079630195,41.29834434235679,47.626472934048905,73.47,19.902059884156298,19.92045398027782,7.0701088635756655,35.485,9.283270567149156,9.203504050508512,1.029404584928882,16.445
2026-10-20 03:23:57,41.18189009032876,41.313073344003755,47.643201123769906,73.495,19.919354088296817,19.928923184137556,7.07520233400782,35.51,9.288926874517445,9.211914087740812,1.0302073979303932,16.455
2026-10-20 03:38:57,41.266358434556416,41.399726421937196,47.736733186735826,73.65,19.953482127441983,19.97290864084531,7.089725406620442,35.58,9.317539560070088,9.239635021606732,1.0335922327802294,16.51
2026-10-20 03:53:57,41.32887183552943,41.45499070050055,47.81294309610768,73.76,19.966875982485863,19.99183670098097,7.094600338284969,35.605,9.329829405681815,9.256183877011162,1.0352052466227073,16.535
2026-10-20 04:08:57,41.37064903001005,41.50061303014312,47.86118796973749,73.83,19.978279168002913,20.004540944201622,7.099999168842214,35.63,9.342002596266502,9.26753525243682,1.0366088032599623,16.555
2026-10-20 04:23:57,41.460939687013436,41.5870714913465,47.9559353047905,73.975,20.01490565927036,20.04059299569694,7.112664702477228,35.695,9.358311892663739,9.282702784697495,1.038819348424975,16.59
2026-10-20 04:38:57,41.49362178016752,41.61998413065018,47.98947496455859,74.035,20.02928355799939,20.056302776085623,7.118127193981858,35.72,9.366812061456804,9.295945035902399,1.0405893599253768,16.615
2026-10-20 04:53:57,41.57441769807321,41.71261510992216,48.09037743183502,74.185,20.086586864880513,20.10316183094919,7.13354554069639,35.805,9.38757150819719,9.318471457058525,1.0428371794059677,16.655
2026-10-20 05:08:57,41.607796391649316,41.74260311793366,48.12149861741108,74.24,20.109919758893355,20.127727960359717,7.141909154145806,35.845,9.395472061124615,9.32400800020807,1.0435855805658871,16.665
2026-10-20 05:23:57,41.620380628808604,41.754817301299845,48.138126296688,74.265,20.114043778573432,20.13023301421325,7.142684904569686,35.85,9.395472061124615,9.32400800020807,1.0435855805658871,16.665
2026-10-20 05:38:57,41.69147354958625,41.810834856484654,48.215730878489204,74.39,20.14161253981702,20.1479995787327,7.150189336341222,35.885,9.403783987294057,9.336274241136207,1.0445263307004797,16.685
2026-10-20 05:53:57,41.74459631254175,41.87399012112252,48.28320639335398,74.49,20.18184795098478,20.174225037447076,7.162820180080754,35.945,9.407062760099311,9.341131568095312,1.0449829714825258,16.69
2026-10-20 06:08:57,41.83653889063482,41.97007735534001,48.395682378327734,74.665,20.224853737949324,20.222954035019395,7.176040824526487,36.02,9.419679465894157,9.353719186161435,1.0464771732919231,16.71
2026-10-20 06:23:57,41.92018194578919,42.06260883909873,48.517381585214366,74.82,20.243479631893535,20.237234531970643,7.18189599533883,36.045,9.43428671682771,9.371568586806996,1.0478890969614911,16.735
2026-10-20 06:38:57,41.997682561688585,42.13892058297155,48.59416297550675,74.945,20.29529406589525,20.30107503142212,7.2013581130305875,36.145,9.4496974303534,9.384312529784136,1.0495524163870718,16.76
2026-10-20 06:53:57,42.078207374744515,42.23052436906718,48.69315206751121,75.105,20.350251559215643,20.356097758350426,7.2204392719367885,36.245,9.466123459328877,9.397665783997182,1.0511481139053487,16.785
2026-10-20 07:08:57,42.17809690193479,42.33004990562809,48.80417841713902,75.28,20.391442833212228,20.39942395332342,7.236324908308229,36.325,9.483778019320479,9.412794152724281,1.0527034320894892,16.81
2026-10-20 07:23:57,42.23780805651854,42.40825260928942,48.881508924444496,75.4,20.40731398540351,20.41644419548878,7.243848598447032,36.36,9.495222182980461,9.423126271448702,1.0541274989758016,16.83
2026-10-20 07:38:57,42.34005346089802,42.52070964226545,49.00384982503234,75.59,20.45985173671486,20.465889054168443,7.260294309188756,36.44,9.517089156839434,9.444855369631188,1.0570260063746113,16.87
2026-10-20 07:53:57,42.40030264462247,42.57452540725839,49.07280923389542,75.69,20.492250848735985,20.50842284253167,7.273728760713297,36.505,9.5292219037828,9.459219879907371,1.0583177728026922,16.895
2026-10-20 08:08:57,42.45868049089474,42.63748375730837,49.137083038793214,75.785,20.517211400117105,20.52779741369832,7.282427656935153,36.545,9.535987385556327,9.470622898786528,1.0594764197911828,16.91
2026-10-20 08:23:57,42.493494921106226,42.67169344006267,49.17060016814424,75.85,20.53244929728442,20.54674851110987,7.288907382797233,36.58,9.54855490499625,9.481818686939434,1.0606012668987377,16.93
2026-10-20 08:38:57,42.55276594700622,42.72685627186872,49.24015141060443,75.955,20.57363626225382,20.59222092320886,7.306299109465626,36.66,9.562246454010209,9.494410474712417,1.0622116815407658,16.955
2026-10-20 08:53:57,42.631899841645925,42.82609779493662,49.34325080421834,76.11,20.62463640301652,20.64142340732705,7.321103382430753,36.735,9.566984507352915,9.496287311356033,1.0626435809123804,16.96
2026-10-20 09:08:57,42.69606039510276,42.88654766446504,49.40643272346634,76.215,20.651985372401207,20.663806871613687,7.332617541089667,36.785,9.587096306291754,9.511607905070928,1.0650757508308397,16.995
2026-10-20 09:23:57,42.72199341403618,42.91642158973991,49.44233076458153,76.27,20.66647524312496,20.682032731055635,7.339079134730238,36.82,9.600101428600075,9.530152244172287,1.0666099343035533,17.02
2026-10-20 09:38:57,42.78138002174083,42.99085008392038,49.51944871866169,76.385,20.70215777970898,20.718513196917844,7.350336465604038,36.88,9.617096519549444,9.54328014756274,1.0681355015871006,17.045
2026-10-20 09:53:57,42.864876563753434,43.05347252856396,49.60904490353205,76.52,20.727254820161,20.739171748316842,7.358748505970838,36.92,9.633445574164925,9.554678075689708,1.0698809750268439,17.07
2026-10-20 10:08:57,42.95487582037353,43.15032250284949,49.715943354178336,76.68,20.75544001287693,20.769593069183934,7.369480690828202,36.98,9.655776157887155,9.576105041955762,1.0721834247436457,17.105
2026-10-20 10:23:57,42.97892599263383,43.17337123062148,49.73910448805468,76.725,20.76476909128684,20.782494364144743,7.374415089610383,37.0,9.659206774005014,9.577195329869664,1.0723103855568652,17.11
2026-10-20 10:38:57,43.010203338095614,43.202843098348744,49.77364382290765,76.775,20.76893724497138,20.786151646998487,7.375275433549202,37.005,9.659206774005014,9.577195329869664,1.0723103855568652,17.11
2026-10-20 10:53:57,43.03095942463276,43.22365006706644,49.79908157061685,76.82,20.773036460372992,20.790526505542967,7.375972739320362,37.01,9.659206774005014,9.577195329869664,1.0723103855568652,17.11
2026-10-20 11:08:57,43.048101429244014,43.23634049666005,49.82117177574388,76.85,20.774296587361857,20.794909433519855,7.376606816873632,37.015,9.660386971717834,9.57806185261617,1.072763131898735,17.115
2026-10-20 11:23:57,43.06863515191208,43.258946906646614,49.84505927810153,76.885,20.78741390017635,20.806669476788585,7.3810420727242425,37.035,9.666321249658896,9.585482778512096,1.0735733538802863,17.125
2026-10-20 11:38:57,43.1047259907707,43.296768078176356,49.89121259858035,76.955,20.79036638720113,20.808081518961274,7.381670251630505,37.04,9.671205803744254,9.588790450341307,1.0739919004839469,17.13
2026-10-20 11:53:57,43.13192569991999,43.328314565264016,49.92667219947461,77.015,20.81426000320351,20.830628400540412,7.388600701317428,37.075,9.671205803744254,9.588790450341307,1.0739919004839469,17.13
2026-10-20 12:08:57,43.157863145227644,43.35523225235735,49.95907648792635,77.065,20.825240100940597,20.840525236583694,7.394325317449441,37.1,9.675684041674755,9.589590573615684,1.0743554804967566,17.135
2026-10-20 12:23:57,43.15894670633199,43.355864931035455,49.96395250994735,77.07,20.82709237955046,20.842623864214413,7.3957452771102945,37.105,9.675684041674755,9.589590573615684,1.0743554804967566,17.135
2026-10-20 12:38:57,43.16454122950171,43.36300369970646,49.97262132189238,77.08,20.82709237955046,20.842623864214413,7.3957452771102945,37.105,9.675684041674755,9.589590573615684,1.0743554804967566,17.135
2026-10-20 12:53:57,43.18396458260764,43.37687621277303,49.9940379119583,77.11,20.829785215595713,20.84402099876023,7.396986115347576,37.11,9.678284987785778,9.593154098978873,1.075238994984594,17.145
2026-10-20 13:08:57,43.188535865082486,43.38035311663798,49.99656803827228,77.115,20.829785215595713,20.84402099876023,7.396986115347576,37.11,9.680362761115605,9.595123735352866,1.0756814546182283,17.15
2026-10-20 13:23:57,43.19201346547809,43.38835971164404,50.00480191675209,77.125,20.836326197681775,20.855045408283132,7.399528939112148,37.125,9.680362761115605,9.595123735352866,1.0756814546182283,17.15
2026-10-20 13:38:57,43.20010712774282,43.394204369371415,50.01375364585899,77.135,20.836326197681775,20.855045408283132,7.399528939112148,37.125,9.681291665635582,9.599660662307214,1.0758591877103043,17.155
2026-10-20 13:53:57,43.20613057132261,43.40430045737855,50.02387871210638,77.15,20.839767462608968,20.858021956524997,7.400747418524764,37.13,9.681291665635582,9.599660662307214,1.0758591877103043,17.155
2026-10-20 14:08:57,43.219386455128245,43.417898368689464,50.03406122621984,77.17,20.84215733210077,20.862174528019942,7.401627160700482,37.135,9.681291665635582,9.599660662307214,1.0758591877103043,17.155
2026-10-20 14:23:57,43.228508282589054,43.4276068635449,50.04675128008347,77.185,20.848717290882455,20.86722092893429,7.403721390722008,37.145,9.681291665635582,9.599660662307214,1.0758591877103043,17.155
2026-10-20 14:38:57,43.240288349406,43.44184417929607,50.054531404175926,77.205,20.85751658159807,20.876189276958975,7.406808779124739,37.16,9.682526057325955,9.600393216089454,1.076341915667476,17.16
2026-10-20 14:53:57,43.2638325392608,43.46520426133257,50.078593819723075,77.245,20.859520882430775,20.88104703938031,7.4083022878047595,37.165,9.684071287435152,9.602908012944619,1.0766353444062,17.165
2026-10-20 15:08:57,43.27056912262764,43.47517080488755,50.08977249605413,77.26,20.859520882430775,20.88104703938031,7.4083022878047595,37.165,9.684071287435152,9.602908012944619,1.0766353444062,17.165
2026-10-20 15:23:57,43.276979860439674,43.48247174063459,50.09434811327465,77.27,20.859520882430775,20.88104703938031,7.4083022878047595,37.165,9.684071287435152,9.602908012944619,1.0766353444062,17.165
2026-10-20 15:38:57,43.282509827876524,43.49023901620052,50.09965807713534,77.28,20.862848829416418,20.885072679799087,7.408831106757274,37.17,9.686826405858252,9.607394928547437,1.07685681099476,17.17
2026-10-20 15:53:57,43.290931676574196,43.50316217797351,50.109258378196124,77.295,20.86550034543197,20.888855679014295,7.409805112919452,37.175,9.686826405858252,9.607394928547437,1.07685681099476,17.17
2026-10-20 16:08:57,43.301511677140105,43.51716173993675,50.1199706363284,77.315,20.86550034543197,20.888855679014295,7.409805112919452,37.175,9.686826405858252,9.607394928547437,1.07685681099476,17.17
2026-10-20 16:23:57,43.331188737568326,43.540682692641454,50.14765959935673,77.36,20.86550034543197,20.888855679014295,7.409805112919452,37.175,9.69080228837503,9.610600818913806,1.0769850954337123,17.175
2026-10-20 16:38:57,43.34112684747917,43.547942932874115,50.1577350447651,77.375,20.870485300525345,20.893740177461957,7.41249318772897,37.185,9.692371008581292,9.614054103361912,1.0773122792658476,17.18
2026-10-20 16:53:57,43.34593994334168,43.55581156927934,50.168310925928395,77.39,20.870485300525345,20.893740177461957,7.41249318772897,37.185,9.692371008581292,9.614054103361912,1.0773122792658476,17.18
2026-10-20 17:08:57,43.36139271595314,43.574027723753176,50.184268571521876,77.415,20.87548038211668,20.897113362446667,7.413225918509419,37.19,9.692371008581292,9.614054103361912,1.0773122792658476,17.18
2026-10-20 17:23:57,43.362706959849305,43.57657036393505,50.186813033382904,77.42,20.87548038211668,20.897113362446667,7.413225918509419,37.19,9.692371008581292,9.614054103361912,1.0773122792658476,17.18
2026-10-20 17:38:57,43.37438857781138,43.58402483731357,50.19693758968755,77.435,20.87548038211668,20.897113362446667,7.413225918509419,37.19,9.692371008581292,9.614054103361912,1.0773122792658476,17.18
2026-10-20 17:53:57,43.378033668092336,43.58887025791402,50.200332397779185,77.44,20.87548038211668,20.897113362446667,7.413225918509419,37.19,9.692371008581292,9.614054103361912,1.0773122792658476,17.18
2026-10-20 18:08:57,43.39584473364916,43.60019551541879,50.21885838619928,77.465,20.889955981201894,20.907408101670974,7.418060223908003,37.215,9.692371008581292,9.614054103361912,1.0773122792658476,17.18
2026-10-20 18:23:57,43.46358637981964,43.67570271981403,50.305646802209786,77.59,20.91212412300807,20.933770109722136,7.424432708422505,37.255,9.700701237885722,9.617095897058885,1.0778038697840253,17.19
2026-10-20 18:38:57,43.49496323534942,43.71135638433409,50.348329620927665,77.655,20.91409120714817,20.9401402089267,7.426851750966345,37.265,9.700701237885722,9.617095897058885,1.0778038697840253,17.19
2026-10-20 18:53:57,43.51534995642235,43.735733345992955,50.372050872448824,77.695,20.916708010094595,20.945070573304932,7.429452125289177,37.275,9.704790166306957,9.617927768728222,1.0779989968073007,17.195
2026-10-20 19:08:57,43.53002018229947,43.74923163249868,50.38864886056702,77.72,20.92972009297823,20.960230933258863,7.433932726380385,37.3,9.709780166629647,9.620812639025178,1.0783226866637372,17.2
2026-10-20 19:23:57,43.56970542652801,43.78724243531707,50.425666972932625,77.785,20.948803863058398,20.98165752558569,7.440907127627463,37.33,9.723112344922223,9.631452994317174,1.0790120754023516,17.215
2026-10-20 19:38:57,43.62463270121025,43.82969667801388,50.478329896574245,77.86,20.969974298670316,21.00399664897144,7.447391104709339,37.365,9.730795913116072,9.636881672993976,1.0798157071441774,17.225
2026-10-20 19:53:57,43.67446933764646,43.87425552981168,50.52352986909114,77.93,21.004860064041267,21.04043507609423,7.461569379281311,37.43,9.746319175043801,9.651285495173289,1.0809715135565445,17.245
2026-10-20 20:08:57,43.72797604074227,43.92513071426196,50.592611436341386,78.03,21.036521701791273,21.077028635043657,7.471985536490367,37.485,9.752050320576652,9.656913597004188,1.081365389227402,17.255
2026-10-20 20:23:57,43.76562381785512,43.96745670880561,50.64208101431741,78.1,21.069527440678517,21.108370004696393,7.483451991968097,37.54,9.768835492994244,9.668594603426966,1.0827833420065556,17.28
2026-10-20 20:38:57,43.80061076809191,44.010004239628636,50.69625092190044,78.175,21.08836033678569,21.12872983758847,7.48949921206452,37.575,9.777745821369605,9.677937495234346,1.0843018967224594,17.3
2026-10-20 20:53:57,43.84217436153565,44.057063442811895,50.74856035264385,78.255,21.11018339539963,21.153401066034473,7.496815799893694,37.61,9.78842820479629,9.68926434462239,1.0854519490944758,17.315
2026-10-20 21:08:57,43.88958865818931,44.11181303435026,50.80194233196553,78.345,21.133107878609245,21.167380189927766,7.503706131980931,37.645,9.803396299915724,9.702049054302247,1.0867049897637306,17.335
2026-10-20 21:23:57,44.023739706059146,44.22981549052955,50.95565203041667,78.575,21.184035399519917,21.216630816076588,7.519769042830917,37.735,9.820918046534585,9.71562971726671,1.0886586913715788,17.365
2026-10-20 21:38:57,44.079758304639654,44.29215794568071,51.016796294607126,78.675,21.21309205227699,21.245514909655782,7.529082952284749,37.785,9.82558705042286,9.721182419172564,1.0891740203417062,17.375
2026-10-20 21:53:57,44.11001261009543,44.32516649021279,51.04987179517836,78.725,21.232410071272827,21.2722359199909,7.535433141447238,37.825,9.833108965980351,9.73275791473742,1.0897723069608174,17.39
2026-10-20 22:08:57,44.186205134521835,44.40562381477119,51.14197051378672,78.865,21.25560293019315,21.29532947576887,7.541910420205734,37.865,9.848984679561369,9.750892297548857,1.091374697335762,17.42
2026-10-20 22:23:57,44.20773192779256,44.42472761439942,51.16236147436279,78.895,21.261743773908172,21.297702799916973,7.544548947651009,37.875,9.858234136402746,9.759045544845907,1.0925320733865072,17.44
2026-10-20 22:38:57,44.226338181253226,44.4440139896475,51.183864919147304,78.925,21.261743773908172,21.297702799916973,7.544548947651009,37.875,9.862011885980765,9.760865356623274,1.092823585957512,17.445
2026-10-20 22:53:57,44.26651870176134,44.485276834345946,51.227964513605535,78.995,21.292150279080115,21.325566418198235,7.554656762991581,37.925,9.871668749020944,9.766848035046245,1.0934601304045912,17.455
2026-10-20 23:08:57,44.269209514324594,44.48879131902574,51.230424464007676,79.0,21.29734456315999,21.335473813968566,7.558412235014325,37.94,9.871668749020944,9.766848035046245,1.0934601304045912,17.455
2026-10-20 23:23:57,44.269209514324594,44.48879131902574,51.230424464007676,79.0,21.309202346674866,21.34675890407251,7.561589640387418,37.955,9.871668749020944,9.766848035046245,1.0934601304045912,17.455
2026-10-20 23:38:57,44.34924844125471,44.54998314369886,51.311399402340676,79.115,21.33795153174174,21.37586357098778,7.573403096601356,38.015,9.879710816192134,9.771554385546812,1.0944509796433035,17.47
2026-10-20 23:53:57,44.41195149706546,44.61983128871717,51.37717488391119,79.22,21.381666396853877,21.41617211598287,7.5884242998685565,38.095,9.89064541794028,9.782909187281367,1.095788472343288,17.49
2026-10-21 00:08:57,44.440884691061505,44.642746847389446,51.41381595575348,79.265,21.39060134797054,21.4276224363561,7.591415742983616,38.115,9.898970814706267,9.79436642606107,1.0966307421786947,17.505
2026-10-21 00:23:57,44.508946268965204,44.70449898547453,51.494907317882934,79.375,21.428010362945145,21.459538450146336,7.605587224662308,38.185,9.913892724657236,9.803588446873313,1.0975183157205817,17.525
2026-10-21 00:38:57,44.56742246245401,44.75158169280384,51.559270632829225,79.47,21.44624490755417,21.48036441562882,7.616173074788713,38.225,9.92382003798364,9.818340155525066,1.0988446270451084,17.55
2026-10-21 00:53:57,44.61376139868963,44.79744121873351,51.615935082448594,79.55,21.471136937303584,21.51286043651465,7.627625569799558,38.28,9.93236170846274,9.820597771428794,1.0997349682641713,17.56
2026-10-21 01:08:57,44.689084754467494,44.87530518105884,51.69805403224612,79.69,21.506622752068658,21.56169623986309,7.641201489890759,38.35,9.939465829667075,9.831625332668631,1.1010854840001827,17.58
2026-10-21 01:23:57,44.852338798814806,45.03305019150413,51.87230149294327,79.975,21.55435923763373,21.608377496548137,7.659298725156566,38.44,9.97309133682866,9.85915484978775,1.104034707744741,17.63
2026-10-21 01:38:57,44.91610917976326,45.10012785840308,51.953304462830104,80.09,21.592181891315644,21.651489996100658,7.672895399361506,38.51,9.988040479804312,9.868085078592841,1.105410206098519,17.65
2026-10-21 01:53:57,44.955692091404394,45.14128156246152,52.00418783033589,80.16,21.619162963362015,21.67933631468121,7.681296959107501,38.55,9.993435296921314,9.873340401755442,1.1060878124152285,17.66
2026-10-21 02:08:57,44.999037858199834,45.183477402706316,52.05340844434603,80.235,21.65608204831501,21.71778264125985,7.694612480435974,38.615,10.005241814507674,9.883242905788435,1.1074830275726657,17.68
2026-10-21 02:23:57,45.1164906154376,45.29514810769802,52.205108111677454,80.455,21.70657715615554,21.759894481410043,7.711939177749724,38.7,10.017990024896717,9.905702646495639,1.1095242767941162,17.715
2026-10-21 02:38:57,45.1603897673935,45.34184228070145,52.25825326659748,80.54,21.742760465762995,21.790716722862385,7.722058079292375,38.755,10.03881808000957,9.92279316861486,1.111908196173612,17.75
2026-10-21 02:53:57,45.207118172624924,45.405599655826755,52.320300642642245,80.635,21.775316471481904,21.82349111201101,7.7370000169324555,38.82,10.047718423244525,9.93135451044082,1.1130522214418177,17.77
2026-10-21 03:08:57,45.306932797728344,45.51261665101261,52.442523798123794,80.81,21.806107744536543,21.859603741507474,7.749534459613578,38.88,10.060168166908884,9.941976797803605,1.114482964328703,17.79
2026-10-21 03:23:57,45.35064081923856,45.564412361881935,52.492544449658126,80.885,21.82318585093256,21.88974550177717,7.757776756808007,38.925,10.071223509277727,9.953696830032989,1.1154917015932775,17.81
2026-10-21 03:38:57,45.39526555627982,45.604383501123294,52.541863328720154,80.96,21.85346212558263,21.911874542605446,7.7684110825477575,38.98,10.083589216497861,9.966068874151738,1.1173924425235733,17.835
2026-10-21 03:53:57,45.41854091232943,45.63964642619891,52.58072422453152,81.015,21.85646936517054,21.91872303624812,7.770155621089407,38.99,10.083589216497861,9.966068874151738,1.1173924425235733,17.835
2026-10-21 04:08:57,45.4278987114804,45.651231855478834,52.591271905339774,81.03,21.86073484153023,21.922867940253788,7.770851639405594,38.995,10.0863415183765,9.967060209217891,1.1176170175847275,17.84
2026-10-21 04:23:57,45.470433750818955,45.68594095931385,52.64743836170674,81.105,21.87673072814254,21.93325514193093,7.774324344092727,39.015,10.09503929286936,9.974929291395114,1.1188648758996596,17.855
2026-10-21 04:38:57,45.53576531776511,45.743772024384306,52.71223930277422,81.215,21.923881340868725,21.977378090726557,7.792403358644033,39.095,10.101761882791795,9.98309593674293,1.119366101767714,17.87
2026-10-21 04:53:57,45.56824710527185,45.78335752328661,52.75595361205406,81.285,21.926154447469518,21.98242633886519,7.794245571815845,39.105,10.10241167669894,9.984722693106676,1.1196335714065633,17.875
2026-10-21 05:08:57,45.612138660237164,45.82143823866917,52.80361915779108,81.36,21.941006691730767,21.9983052769813,7.798993495046293,39.13,10.108029094518523,9.996712456208288,1.1205305760048585,17.89
2026-10-21 05:23:57,45.63345428074349,45.835990312727915,52.82727824084756,81.39,21.94621229059911,22.00540385691933,7.801679663958618,39.145,10.119108281313084,10.00401605725277,1.1217163080727746,17.905
2026-10-21 05:38:57,45.66763645680575,45.86271049156095,52.86836336349298,81.445,21.971813254906653,22.03649734681758,7.812613094580463,39.2,10.133628346027903,10.025631866488586,1.1235996750166586,17.935
2026-10-21 05:53:57,45.68476511779436,45.87485393857798,52.887943713736014,81.47,21.97410589101631,22.037480319181142,7.8140785184098185,39.205,10.137210912190728,10.026399615055356,1.123831559169379,17.94
2026-10-21 06:08:57,45.72183955906249,45.90177876779487,52.91985920770653,81.53,21.98161389352708,22.043544275418537,7.817052096792321,39.22,10.149122576044446,10.0342412091162,1.1245055802790427,17.955
2026-10-21 06:23:57,45.756610740857916,45.930974251161075,52.96248345083963,81.59,21.998930028655348,22.059503785014346,7.8231445951340515,39.255,10.149122576044446,10.0342412091162,1.1245055802790427,17.955
2026-10-21 06:38:57,45.831962384242246,46.001734840242605,53.057233991019515,81.73,22.022957128209267,22.08353811278653,7.833263324328946,39.3,10.15790604192782,10.041286981526083,1.1251494543231115,17.965
2026-10-21 06:53:57,45.86218366307959,46.03047117691606,53.09390401507993,81.785,22.033799850762172,22.09620506985417,7.838438459037198,39.325,10.160919583796224,10.044549230127496,1.125351045234251,17.97
2026-10-21 07:08:57,45.90287837679309,46.0685980757057,53.135103984725795,81.855,22.052771007023928,22.11403252082068,7.84872573331272,39.37,10.167334474854217,10.053870178273982,1.126160754028269,17.98
2026-10-21 07:23:57,45.959081910438826,46.11678071961252,53.20606079812097,81.96,22.07041339978049,22.130983279598752,7.854550449497148,39.4,10.17812755522709,10.06282566528063,1.1271031883878644,17.995
2026-10-21 07:38:57,46.001862553367964,46.15251360655311,53.25769681804602,82.035,22.096958763264027,22.1580942092148,7.864143508954697,39.45,10.179062532000607,10.066890786562142,1.1273632561569515,18.0
2026-10-21 07:53:57,46.01120586284262,46.171609305112895,53.27271994128382,82.065,22.10400450590226,22.161422793067434,7.866697844494667,39.46,10.18102169133301,10.071861879928528,1.1278120030519265,18.005
2026-10-21 08:08:57,46.035521649897774,46.20138352085955,53.311486492927315,82.12,22.106905440281693,22.16273723545135,7.867205438342613,39.465,10.189320291573475,10.077627289474506,1.1283652366357169,18.02
2026-10-21 08:23:57,46.0706263293271,46.227728420804226,53.35046446243351,82.185,22.1257484789908,22.174381922582953,7.8726229163991315,39.495,10.205553036399072,10.092181984971141,1.1296809547198494,18.045
2026-10-21 08:38:57,46.12120681407909,46.27964146529097,53.411859443605834,82.275,22.155662222582798,22.200919090402405,7.881318586494344,39.54,10.215290784537219,10.10428413171567,1.1312224470320038,18.065
2026-10-21 08:53:57,46.14066406827021,46.300456418661206,53.43274470029674,82.305,22.165730399500667,22.212550514472635,7.88551641095074,39.56,10.223706786349918,10.118625547340915,1.1323858186023739,18.085
2026-10-21 09:08:57,46.16765847616994,46.32353889558328,53.46283715251181,82.35,22.18288422946147,22.2315165158942,7.891548359175349,39.59,10.229802308533365,10.12381738590758,1.1329855176835204,18.095
2026-10-21 09:23:57,46.194614197139906,46.348928945005696,53.50024160965884,82.4,22.186333253904337,22.23357156153599,7.892330048157342,39.595,10.233879699763762,10.135114574014612,1.1337909185927588,18.11
2026-10-21 09:38:57,46.21565319549789,46.37684178685955,53.523865869756214,82.445,22.197508143065665,22.247329748601167,7.8962421005303005,39.615,10.233879699763762,10.135114574014612,1.1337909185927588,18.11
2026-10-21 09:53:57,46.23714229656468,46.40013757501251,53.55209081012122,82.485,22.22129975868626,22.268671267610916,7.904004482218915,39.65,10.236076825215857,10.135841988231327,1.1341385942362614,18.115
2026-10-21 10:08:57,46.28921668661041,46.44840652038025,53.61326067132737,82.575,22.254299209353082,22.295973251579127,7.915242881214108,39.705,10.243052414192846,10.140337217587211,1.1344959003060187,18.125
2026-10-21 10:23:57,46.30544778294107,46.46424108639513,53.63094409360767,82.605,22.254299209353082,22.295973251579127,7.915242881214108,39.705,10.24642917093572,10.1422907288534,1.1347255855459157,18.13
2026-10-21 10:38:57,46.32538806441589,46.47977089371129,53.644467475218015,82.63,22.254299209353082,22.295973251579127,7.915242881214108,39.705,10.249533062875113,10.146696853628459,1.1352242920373492,18.135
2026-10-21 10:53:57,46.335629735603526,46.49466336278638,53.65816934892138,82.655,22.25770559560985,22.302991726142753,7.916929763005479,39.715,10.249533062875113,10.146696853628459,1.1352242920373492,18.135
2026-10-21 11:08:57,46.336740348280586,46.498110480260586,53.66066415502559,82.66,22.261791365509133,22.304694992998456,7.91839178589881,39.72,10.249533062875113,10.146696853628459,1.1352242920373492,18.135
2026-10-21 11:23:57,46.34174011146089,46.5020627927148,53.665873682707655,82.67,22.265406424749337,22.30857190683887,7.919765222298367,39.725,10.253981208431172,10.14772402850488,1.1356072362005984,18.14
2026-10-21 11:38:57,46.35036535468726,46.51581131836377,53.676805950602535,82.69,22.268441637488113,22.31433926168268,7.921806929948269,39.735,10.253981208431172,10.14772402850488,1.1356072362005984,18.14
2026-10-21 11:53:57,46.35653859586465,46.52531775346943,53.68943082229304,82.705,22.272696786151208,22.322857078825898,7.925018724533371,39.75,10.253981208431172,10.14772402850488,1.1356072362005984,18.14
2026-10-21 12:08:57,46.37753662253612,46.54294893508416,53.71547297322672,82.74,22.282283406133903,22.329866874264717,7.92847827931292,39.765,10.258556013236062,10.150518103829437,1.1360200971103174,18.145
2026-10-21 12:23:57,46.38456860057984,46.55415932310136,53.72694382247436,82.755,22.28698507645789,22.33442955220827,7.92953957125961,39.77,10.258556013236062,10.150518103829437,1.1360200971103174,18.145
2026-10-21 12:38:57,46.40517899442559,46.56799716428044,53.743182451001275,82.785,22.28811965614855,22.335329461193226,7.930081414394809,39.775,10.26078849418399,10.154705975671403,1.1364553082705249,18.15
2026-10-21 12:53:57,46.41906527359562,46.57727987056964,53.75802679560016,82.81,22.29519546206238,22.34262956305235,7.932994121291144,39.79,10.262242019822686,10.15582091795493,1.1366206720544523,18.155
2026-10-21 13:08:57,46.43275006750179,46.584799869100095,53.76994762729608,82.825,22.299335731765023,22.34347373757969,7.934183457973638,39.795,10.262242019822686,10.15582091795493,1.1366206720544523,18.155
2026-10-21 13:23:57,46.45219253535599,46.59743552700197,53.78212517863253,82.85,22.303332013608152,22.34658984534991,7.934882172275776,39.8,10.262242019822686,10.15582091795493,1.1366206720544523,18.155
2026-10-21 13:38:57,46.46417691536124,46.60676094182825,53.793874877540844,82.87,22.30870672640928,22.35480263555736,7.936526458093725,39.81,10.263029570888923,10.157032800972104,1.1370895326121353,18.16
2026-10-21 13:53:57,46.48309144905236,46.62256148394119,53.81352871211782,82.9,22.31191694480712,22.35914074590488,7.937241918686663,39.815,10.263029570888923,10.157032800972104,1.1370895326121353,18.16
2026-10-21 14:08:57,46.49688571799388,46.63013708721434,53.82522583213699,82.92,22.31191694480712,22.35914074590488,7.937241918686663,39.815,10.263029570888923,10.157032800972104,1.1370895326121353,18.16
2026-10-21 14:23:57,46.50204074793572,46.63582145416647,53.83120277956718,82.93,22.3166847956146,22.361484615974206,7.939085245585552,39.825,10.263029570888923,10.157032800972104,1.1370895326121353,18.16
2026-10-21 14:38:57,46.502770157959894,46.63993256065478,53.834865199787025,82.935,22.323393207400297,22.36918517913554,7.941765641472764,39.835,10.263029570888923,10.157032800972104,1.1370895326121353,18.16
2026-10-21 14:53:57,46.503902296108535,46.64294623343841,53.838370372676216,82.94,22.323393207400297,22.36918517913554,7.941765641472764,39.835,10.263029570888923,10.157032800972104,1.1370895326121353,18.16
2026-10-21 15:08:57,46.52125653784832,46.652315160515414,53.8568231670957,82.965,22.326845361497373,22.371884704265206,7.94319884748457,39.845,10.263029570888923,10.157032800972104,1.1370895326121353,18.16
2026-10-21 15:23:57,46.54028471533664,46.67132980811765,53.885422926759034,82.995,22.33786503665444,22.378038511964906,7.945890148993495,39.86,10.263029570888923,10.157032800972104,1.1370895326121353,18.16
2026-10-21 15:38:57,46.54199615292198,46.67277667492053,53.887511166570974,83.0,22.33786503665444,22.378038511964906,7.945890148993495,39.86,10.263029570888923,10.157032800972104,1.1370895326121353,18.16
2026-10-21 15:53:57,46.550592639835585,46.679583870303475,53.89585717548839,83.01,22.33786503665444,22.378038511964906,7.945890148993495,39.86,10.263029570888923,10.157032800972104,1.1370895326121353,18.16
2026-10-21 16:08:57,46.558286068873485,46.6874811501658,53.908387468641166,83.025,22.343902709428487,22.38108813271238,7.948087000623548,39.87,10.263029570888923,10.157032800972104,1.1370895326121353,18.16
2026-10-21 16:23:57,46.56116647177787,46.6908038701965,53.91246943723342,83.03,22.343902709428487,22.38108813271238,7.948087000623548,39.87,10.263029570888923,10.157032800972104,1.1370895326121353,18.16
2026-10-21 16:38:57,46.56667249015702,46.69483586370281,53.92137749489398,83.04,22.35275469490284,22.38513280293174,7.9500610848438855,39.88,10.263029570888923,10.157032800972104,1.1370895326121353,18.16
2026-10-21 16:53:57,46.57911988870303,46.70042382867784,53.9336841548213,83.055,22.353885242135846,22.386550403987705,7.951072733359273,39.885,10.2690168679694,10.163522939827597,1.137657954811184,18.17
2026-10-21 17:08:57,46.59614212242598,46.71400728393396,53.94689043292034,83.085,22.3583966690501,22.38806245086055,7.951699422174767,39.89,10.2690168679694,10.163522939827597,1.137657954811184,18.17
2026-10-21 17:23:57,46.59697638070362,46.71596365707937,53.95029980910616,83.09,22.36236384323285,22.39532282556274,7.953462689043726,39.9,10.271811117452183,10.164347137951033,1.1378986055791926,18.175
2026-10-21 17:38:57,46.60128012113781,46.72100628912728,53.956936155993795,83.1,22.36236384323285,22.39532282556274,7.953462689043726,39.9,10.271811117452183,10.164347137951033,1.1378986055791926,18.175
2026-10-21 17:53:57,46.608538469906705,46.730553909751045,53.97161899268534,83.12,22.36236384323285,22.39532282556274,7.953462689043726,39.9,10.271811117452183,10.164347137951033,1.1378986055791926,18.175
2026-10-21 18:08:57,46.611192906428414,46.73486286126317,53.975048754513644,83.13,22.3669073067673,22.400022414131847,7.954938063179376,39.905,10.271811117452183,10.164347137951033,1.1378986055791926,18.175
2026-10-21 18:23:57,46.62883047004939,46.75076949030966,53.99949649254084,83.165,22.384418747253164,22.414892791785057,7.960633565204583,39.93,10.283289603563954,10.176601729205874,1.1395727580608856,18.195
2026-10-21 18:38:57,46.65645796679693,46.78340831058153,54.04071088863516,83.22,22.400900532536117,22.43448129084064,7.967952841148228,39.965,10.286334037432383,10.17798531222857,1.1398700948050031,18.2
2026-10-21 18:53:57,46.698560494043946,46.832039141057436,54.09730505991905,83.305,22.418947723333044,22.44785908116164,7.975831763244115,40.0,10.307657333760135,10.19842203851899,1.1414131918992358,18.23
2026-10-21 19:08:57,46.7494442538962,46.86509208215988,54.14269623072755,83.375,22.431826580701312,22.45821831089219,7.981451365482468,40.025,10.314529322444649,10.20233033255394,1.1421204353448393,18.24
2026-10-21 19:23:57,46.7556850523753,46.873508523083316,54.14778843615138,83.385,22.433565558071017,22.462118163839694,7.982159875430453,40.03,10.320190922901013,10.207603432419472,1.1427817219908598,18.25
2026-10-21 19:38:57,46.779770899841694,46.89716805517452,54.177301197663624,83.43,22.453408821391992,22.475822601597308,7.987616662113123,40.055,10.320828385335243,10.209754266796907,1.1431354188182044,18.255
2026-10-21 19:53:57,46.83671141924693,46.9615708021856,54.24468284078333,83.545,22.47857253333582,22.50954159195782,8.000649150812212,40.115,10.324749345178377,10.21661764567941,1.1435313543085919,18.265
2026-10-21 20:08:57,46.84157465117406,46.96856616714968,54.248479440523326,83.555,22.485000020881508,22.520424486968256,8.004154256906075,40.135,10.324749345178377,10.21661764567941,1.1435313543085919,18.265
2026-10-21 20:23:57,46.88442726537832,47.00098801553436,54.304303693974035,83.625,22.487897893926036,22.529370452382608,8.006837819751539,40.145,10.334390135875658,10.22080979761727,1.1441089971353318,18.275
2026-10-21 20:38:57,46.92682939216963,47.04834035681196,54.35713523032833,83.705,22.493393498895887,22.536565728455574,8.009093570060408,40.155,10.342551235454232,10.232048950677878,1.1447768752309735,18.29
2026-10-21 20:53:57,46.950601800620476,47.068256996203395,54.380962395760086,83.74,22.497055178432277,22.541827047708583,8.01077247267591,40.165,10.344942077220852,10.236393438873097,1.1451475649765814,18.295
2026-10-21 21:08:57,46.98279365057678,47.100861681569484,54.41449470174785,83.795,22.505942314301116,22.552131856238223,8.01378208287511,40.18,10.351528844346705,10.24521027585216,1.1458645508125824,18.305
2026-10-21 21:23:57,47.03935706785102,47.167172164338716,54.488350703015456,83.905,22.51752392232749,22.562370018303294,8.018309242584788,40.205,10.360388979668011,10.257753851814732,1.1470853766545073,18.325
2026-10-21 21:38:57,47.090802292680266,47.23430028840855,54.55445883863287,84.01,22.551144393808407,22.587772285245332,8.029827242793305,40.27,10.375581315296714,10.275384182662856,1.1486250186611464,18.35
2026-10-21 21:53:57,47.138000342076765,47.28679987174759,54.6170991010856,84.1,22.560134245214414,22.596383695800522,8.032343313551015,40.285,10.378955518426222,10.276921578603094,1.149015186852916,18.355
2026-10-21 22:08:57,47.210584296148184,47.357540113270666,54.68757632745737,84.215,22.59039543708038,22.62022246415717,8.042283667746872,40.33,10.390221399872747,10.287146919056314,1.1506199778531936,18.375
2026-10-21 22:23:57,47.236068805159015,47.397260265612985,54.72378563738432,84.275,22.6022508393651,22.639193768413712,8.048357577203854,40.365,10.399216520478278,10.297683281528856,1.1512847150392729,18.395
2026-10-21 22:38:57,47.31427716563552,47.47151993885499,54.8095332142595,84.405,22.629719407446625,22.666231609083386,8.058022372097115,40.41,10.410991216230006,10.30331950480004,1.1525555862197339,18.41
2026-10-21 22:53:57,47.33370959177674,47.49278894545307,54.840688727356174,84.445,22.629719407446625,22.666231609083386,8.058022372097115,40.41,10.413600899744075,10.309478154129188,1.1534822016633248,18.42
2026-10-21 23:08:57,47.378905343572455,47.53656429828497,54.88947487282339,84.515,22.643525152082344,22.680514741858524,8.063576042920246,40.435,10.427042560675055,10.322476245419177,1.155060236615249,18.445
2026-10-21 23:23:57,47.46440580185647,47.62967554064323,54.98558074159424,84.68,22.69632765812499,22.722635403568308,8.078827057780897,40.52,10.448550962459901,10.335491569396465,1.1571984070127244,18.475
2026-10-21 23:38:57,47.57398918856592,47.727911591601796,55.105153949970415,84.865,22.728444887023368,22.752025390259558,8.09200325260078,40.585,10.46288470725049,10.354935717568143,1.1587530586394492,18.505
2026-10-21 23:53:57,47.61855249788674,47.76835063367095,55.150147210829736,84.945,22.754865278664372,22.773544880946154,8.100486068743464,40.635,10.479782839143908,10.372209237444102,1.1604266023164755,18.535
2026-10-22 00:08:57,47.66672204160052,47.7995270692793,55.19183650052989,85.01,22.783144870526606,22.799763375740575,8.112100128040423,40.68,10.489425650959362,10.379437126658745,1.161444350263969,18.55
2026-10-22 00:23:57,47.73112118348728,47.87131730354582,55.27474588252038,85.13,22.83557562107462,22.844877673576363,8.128951032614312,40.765,10.492152689360639,10.388820352798854,1.1620507032627074,18.56
2026-10-22 00:38:57,47.78324095573493,47.91552920998789,55.32589664610172,85.215,22.84888354645539,22.86284028008936,8.135452173945497,40.795,10.511438780696091,10.406835467270122,1.1638346620373576,18.6
2026-10-22 00:53:57,47.85748959415212,47.98981010714997,55.41261157385823,85.355,22.900128770477814,22.908196950877137,8.153007121744233,40.885,10.533970068175774,10.42183939167406,1.1655533362964146,18.63
2026-10-22 01:08:57,47.92801453773592,48.05309479709037,55.493608072045475,85.485,22.930031177270195,22.935481304667952,8.160722205938377,40.93,10.54392547157027,10.430434808898042,1.1664450209236374,18.645
2026-10-22 01:23:57,47.96310277603047,48.09006315894056,55.531878178324995,85.545,22.94959870507637,22.95893530317464,8.168182708553019,40.97,10.55325009956286,10.435029823362706,1.167365076048222,18.66
2026-10-22 01:38:57,48.02683802252575,48.141271099994405,55.60383730586751,85.65,22.976229024630907,22.994663344128135,8.179174758102018,41.025,10.555360996878441,10.441003850548393,1.168192648201762,18.67
2026-10-22 01:53:57,48.07214215840983,48.17785198488238,55.65405701868317,85.72,22.997372507928986,23.01498476443065,8.186875616984464,41.06,10.56421081833795,10.452408208388759,1.169495421112183,18.69
2026-10-22 02:08:57,48.143337160611274,48.24199893725472,55.73030630619489,85.85,23.015038858806598,23.03585968979087,8.193646710225075,41.095,10.568700809755581,10.457322598601486,1.1703082560579643,18.7
2026-10-22 02:23:57,48.15162261858879,48.25535205263801,55.7464784201243,85.87,23.019198932603466,23.037841922549323,8.194854676405486,41.1,10.568700809755581,10.457322598601486,1.1703082560579643,18.7
2026-10-22 02:38:57,48.18763398780626,48.28213266196726,55.781123748153725,85.93,23.032972686802385,23.04612930152086,8.19848401785434,41.12,10.581724682608789,10.468011446858853,1.170950643029868,18.72
2026-10-22 02:53:57,48.220509030192474,48.32293332388323,55.82721423158818,86.0,23.05923073353828,23.071829682877425,8.207142845319137,41.165,10.590302716907766,10.474347106226704,1.1717975074502034,18.73
2026-10-22 03:08:57,48.33242619952601,48.42278078292419,55.94427029069633,86.17,23.105821695630485,23.124597271340818,8.226166849812644,41.255,10.603543032682758,10.485358046646036,1.1727637099129191,18.745
2026-10-22 03:23:57,48.39952157895286,48.497401639616086,56.02273595561749,86.29,23.13929822749643,23.15935468011303,8.235777981878375,41.31,10.608991346800115,10.490303732033087,1.1736602932564328,18.755
2026-10-22 03:38:57,48.49824516818458,48.598472821874324,56.13825125806688,86.465,23.17290533129755,23.196098546066274,8.248417091363775,41.38,10.624493021437486,10.508640434138668,1.1751068576804489,18.78
2026-10-22 03:53:57,48.509966976917994,48.61061066056653,56.15592847185637,86.49,23.173978202095572,23.19684096756276,8.249708351545125,41.385,10.632132858434225,10.513970740075266,1.175528893381559,18.79
2026-10-22 04:08:57,48.509966976917994,48.61061066056653,56.15592847185637,86.49,23.17809559239328,23.199788623495934,8.250420811869278,41.39,10.632132858434225,10.513970740075266,1.175528893381559,18.79
2026-10-22 04:23:57,48.515556221545374,48.6136077250861,56.16385231344538,86.5,23.187893021859836,23.204046262152236,8.252337544804222,41.4,10.633138950487789,10.518139292842097,1.1759470920439326,18.795
2026-10-22 04:38:57,48.531353679430055,48.63207669746005,56.19110106998359,86.535,23.190402023626625,23.205926032826945,8.253590236682495,41.405,10.633138950487789,10.518139292842097,1.1759470920439326,18.795
2026-10-22 04:53:57,48.57635904096199,48.69173182168252,56.254767198098484,86.63,23.212608064824916,23.235829794783832,8.262186780157371,41.45,10.641290073925475,10.529841394064679,1.1764773931750996,18.81
2026-10-22 05:08:57,48.59509828574067,48.714805700650885,56.272819676895054,86.66,23.236636808574183,23.26037030476344,8.268784103837389,41.485,10.645437247841977,10.538020123039589,1.17723129624967,18.82
2026-10-22 05:23:57,48.606001673496024,48.73116351083704,56.283474949901354,86.68,23.236636808574183,23.26037030476344,8.268784103837389,41.485,10.645437247841977,10.538020123039589,1.17723129624967,18.82
2026-10-22 05:38:57,48.606001673496024,48.73116351083704,56.283474949901354,86.68,23.236636808574183,23.26037030476344,8.268784103837389,41.485,10.645437247841977,10.538020123039589,1.17723129624967,18.82
2026-10-22 05:53:57,48.6068619213239,48.73263407980794,56.287284290203154,86.685,23.238143978222116,23.264036964956645,8.27006663882908,41.49,10.6531747129399,10.542545556606399,1.1777996982396437,18.83
2026-10-22 06:08:57,48.613015399786825,48.739788084101775,56.2938975172857,86.695,23.24202996433126,23.26505059696531,8.270696827676655,41.495,10.6531747129399,10.542545556606399,1.1777996982396437,18.83
2026-10-22 06:23:57,48.61427137618604,48.744145205216654,56.29664416879961,86.7,23.244452234287493,23.268356718960035,8.271919846762042,41.5,10.6531747129399,10.542545556606399,1.1777996982396437,18.83
2026-10-22 06:38:57,48.62370805801886,48.75033473257305,56.30743839398957,86.715,23.25438569162408,23.280081616899544,8.276266563712037,41.52,10.657168562558791,10.55137984280253,1.1785045581462197,18.84
2026-10-22 06:53:57,48.651122239530636,48.78105189193434,56.341490847013304,86.77,23.27247689111278,23.298128093692124,8.2821083063193,41.555,10.662570590840524,10.555579512843961,1.1792214840099875,18.85
2026-10-22 07:08:57,48.651122239530636,48.78105189193434,56.341490847013304,86.77,23.27247689111278,23.298128093692124,8.2821083063193,41.555,10.662570590840524,10.555579512843961,1.1792214840099875,18.85
2026-10-22 07:23:57,48.668565337158554,48.79777084304615,56.3637966867886,86.8,23.292150626221634,23.317332303994124,8.288549955852226,41.59,10.673091868268592,10.565569967688964,1.1802742887950812,18.87
2026-10-22 07:38:57,48.70402263127493,48.839636344362525,56.418418860548876,86.875,23.298318280101366,23.321867446924948,8.289875983891902,41.6,10.687432250943758,10.583949195989346,1.181674638586886,18.895
2026-10-22 07:53:57,48.7945277235443,48.93288814186018,56.52022196120502,87.035,23.32200494623849,23.354823007603336,8.299276156022508,41.65,10.721198025608393,10.616382844645413,1.185523295250428,18.955
2026-10-22 08:08:57,48.84090101634025,48.97857143389852,56.565676974531534,87.105,23.3521777049659,23.391833161111897,8.31024687635202,41.705,10.73661630409026,10.63506186017928,1.1873806163608462,18.98
2026-10-22 08:23:57,48.88058821447138,49.015706826961306,56.61129981152216,87.17,23.37104004153127,23.413248794966353,8.316363937945228,41.74,10.740239182440593,10.642948571092266,1.187811785877943,18.99
2026-10-22 08:38:57,48.89903447871835,49.03272732144031,56.62714181079385,87.195,23.385763890402394,23.421888675151056,8.320206948729696,41.76,10.748800076672794,10.65533686558489,1.1887627588038396,19.005
2026-10-22 08:53:57,48.91214923045208,49.04619480574775,56.64623370065324,87.225,23.39951632671965,23.431672697525144,8.323688354328148,41.78,10.757136081965662,10.660704820823385,1.1896845102065476,19.015
2026-10-22 09:08:57,48.92462569844109,49.05856002702294,56.65645584650784,87.245,23.39951632671965,23.431672697525144,8.323688354328148,41.78,10.76295547133246,10.666601161981758,1.190578314363341,19.03
2026-10-22 09:23:57,48.94175805920856,49.077387348412095,56.67873312642406,87.275,23.405637178909913,23.438015239423923,8.326672061714579,41.795,10.76383375780862,10.668199229690753,1.190709307512988,19.035
2026-10-22 09:38:57,48.9724235770343,49.09689058719088,56.712264314669056,87.32,23.407157255813473,23.441584100445183,8.328048382907829,41.8,10.76918260533939,10.671928093243041,1.1913879024194456,19.045
2026-10-22 09:53:57,48.987831207967325,49.12033062895989,56.73208493583923,87.355,23.415148373773178,23.450692950185918,8.329365688861174,41.81,10.770415164514988,10.676056117545432,1.1916282728854437,19.05
2026-10-22 10:08:57,48.98911877115798,49.12407302926524,56.73596913490063,87.36,23.415148373773178,23.450692950185918,8.329365688861174,41.81,10.770415164514988,10.676056117545432,1.1916282728854437,19.05
2026-10-22 10:23:57,48.99288615518207,49.13027258598741,56.74014060152697,87.37,23.415148373773178,23.450692950185918,8.329365688861174,41.81,10.770415164514988,10.676056117545432,1.1916282728854437,19.05
2026-10-22 10:38:57,49.00545521394337,49.14070617363502,56.74998254496421,87.385,23.432105029858025,23.465795304863352,8.33431590341007,41.835,10.775424219426535,10.68245793612991,1.1922067987696214,19.06
2026-10-22 10:53:57,49.013418802741135,49.15370818041833,56.76099339329917,87.4,23.432105029858025,23.465795304863352,8.33431590341007,41.835,10.775424219426535,10.68245793612991,1.1922067987696214,19.06
2026-10-22 11:08:57,49.016534282967136,49.15693321518648,56.764116702612945,87.405,23.432105029858025,23.465795304863352,8.33431590341007,41.835,10.775424219426535,10.68245793612991,1.1922067987696214,19.06
2026-10-22 11:23:57,49.016534282967136,49.15693321518648,56.764116702612945,87.405,23.432105029858025,23.465795304863352,8.33431590341007,41.835,10.775424219426535,10.68245793612991,1.1922067987696214,19.06
2026-10-22 11:38:57,49.01858619720993,49.16165308973691,56.76764232125095,87.41,23.43354883156927,23.46975649067816,8.334930810386846,41.84,10.779272732616052,10.685352346541592,1.192528501918274,19.065
2026-10-22 11:53:57,49.04128549425049,49.18646379006776,56.791863009780805,87.445,23.44171553722558,23.478129360077872,8.3383068633135,41.855,10.780462453203455,10.687883685081658,1.192678002170538,19.07
2026-10-22 12:08:57,49.06772558082378,49.20805566201142,56.82567414879862,87.5,23.450089446434223,23.488962086417633,8.342354356986172,41.875,10.780462453203455,10.687883685081658,1.192678002170538,19.07
2026-10-22 12:23:57,49.08692935920198,49.2233745707104,56.84511791399741,87.53,23.454610242696837,23.493469453463835,8.343407050993116,41.88,10.780462453203455,10.687883685081658,1.192678002170538,19.07
2026-10-22 12:38:57,49.10016908634027,49.23877447038833,56.86105439229489,87.555,23.45884244098446,23.494138962876082,8.34424411689953,41.885,10.780462453203455,10.687883685081658,1.192678002170538,19.07
2026-10-22 12:53:57,49.12284178338057,49.25978601393217,56.88487099709181,87.59,23.463142755711267,23.49838703119389,8.34563124843627,41.89,10.780462453203455,10.687883685081658,1.192678002170538,19.07
2026-10-22 13:08:57,49.14576641575298,49.27562556398179,56.90736118439197,87.625,23.46378734323999,23.501480616209037,8.34680219080247,41.895,10.783819122834798,10.689022177641007,1.1929574955314755,19.075
2026-10-22 13:23:57,49.15591490108946,49.2845362391144,56.918429164593924,87.64,23.46378734323999,23.501480616209037,8.34680219080247,41.895,10.783819122834798,10.689022177641007,1.1929574955314755,19.075
2026-10-22 13:38:57,49.17110704488896,49.30982693344907,56.93491804997653,87.67,23.465967208950726,23.50244266644276,8.347943974535708,41.9,10.783819122834798,10.689022177641007,1.1929574955314755,19.075
2026-10-22 13:53:57,49.1755913112585,49.3159917940168,56.94376509305279,87.68,23.470702213721268,23.506755957056765,8.349936678913618,41.91,10.783819122834798,10.689022177641007,1.1929574955314755,19.075
2026-10-22 14:08:57,49.17894117216256,49.31969804113209,56.94757551659504,87.685,23.476558749289424,23.513594519083927,8.352890730658814,41.92,10.783819122834798,10.689022177641007,1.1929574955314755,19.075
2026-10-22 14:23:57,49.183426183773435,49.324979697408786,56.95483859454368,87.695,23.476558749289424,23.513594519083927,8.352890730658814,41.92,10.783819122834798,10.689022177641007,1.1929574955314755,19.075
2026-10-22 14:38:57,49.18583109721795,49.32647231413851,56.95738473301497,87.7,23.479731112192525,23.515012992375198,8.353406388798861,41.925,10.784672015344754,10.69097919596677,1.1932766342538026,19.08
2026-10-22 14:53:57,49.202422394082085,49.33897347342026,56.97012398875894,87.725,23.479731112192525,23.515012992375198,8.353406388798861,41.925,10.786112347627238,10.694330897835485,1.1934037897911065,19.085
2026-10-22 15:08:57,49.211287408346365,49.345073133166785,56.97827288737514,87.735,23.490299940035936,23.528026483050756,8.356102403303737,41.94,10.786112347627238,10.694330897835485,1.1934037897911065,19.085
2026-10-22 15:23:57,49.21732204870874,49.35920427790717,56.993655419864,87.755,23.49167322918143,23.528756021259948,8.357191790459732,41.945,10.787518774536087,10.696091758839115,1.1937848502055541,19.09
2026-10-22 15:38:57,49.220354894636955,49.36213937335628,56.99812767073625,87.76,23.49167322918143,23.528756021259948,8.357191790459732,41.945,10.787518774536087,10.696091758839115,1.1937848502055541,19.09
2026-10-22 15:53:57,49.22524968771317,49.36542081446926,57.00224076739794,87.765,23.49167322918143,23.528756021259948,8.357191790459732,41.945,10.787518774536087,10.696091758839115,1.1937848502055541,19.09
2026-10-22 16:08:57,49.229503814265556,49.37322892388425,57.008750537477866,87.775,23.493663479252074,23.529523246821807,8.358254185524588,41.95,10.7909039551866,10.698513733144297,1.194249421300101,19.095
2026-10-22 16:23:57,49.24026763676305,49.383083081056974,57.0175903561243,87.79,23.493663479252074,23.529523246821807,8.358254185524588,41.95,10.7909039551866,10.698513733144297,1.194249421300101,19.095
2026-10-22 16:38:57,49.24165886408083,49.38471034899139,57.0219157650955,87.795,23.493663479252074,23.529523246821807,8.358254185524588,41.95,10.7909039551866,10.698513733144297,1.194249421300101,19.095
2026-10-22 16:53:57,49.24591528315988,49.39613642626442,57.032976795335586,87.81,23.498339535270578,23.53441603344277,8.359117008263551,41.955,10.7909039551866,10.698513733144297,1.194249421300101,19.095
2026-10-22 17:08:57,49.24881849471989,49.397639659626535,57.0376514853153,87.815,23.498339535270578,23.53441603344277,8.359117008263551,41.955,10.7909039551866,10.698513733144297,1.194249421300101,19.095
2026-10-22 17:23:57,49.257589852898114,49.41500008771435,57.05192504475746,87.835,23.502480865968174,23.53716274644599,8.35980393164673,41.96,10.7909039551866,10.698513733144297,1.194249421300101,19.095
2026-10-22 17:38:57,49.28092866437126,49.437705146719715,57.07827281099471,87.875,23.502480865968174,23.53716274644599,8.35980393164673,41.96,10.7909039551866,10.698513733144297,1.194249421300101,19.095
2026-10-22 17:53:57,49.286075226309315,49.44023177147994,57.08656693224333,87.885,23.506796044795202,23.538305955034154,8.36102364958874,41.965,10.7909039551866,10.698513733144297,1.194249421300101,19.095
2026-10-22 18:08:57,49.286075226309315,49.44023177147994,57.08656693224333,87.885,23.511655682851753,23.541975843071366,8.362083121331136,41.97,10.7909039551866,10.698513733144297,1.194249421300101,19.095
2026-10-22 18:23:57,49.29183715286871,49.45392367558153,57.10104093371213,87.905,23.511655682851753,23.541975843071366,8.362083121331136,41.97,10.79972834295478,10.70601926991127,1.1951354905302507,19.105
2026-10-22 18:38:57,49.3090627525381,49.469081460372365,57.11527180617532,87.93,23.514877929993382,23.550588213924673,8.363906227782595,41.98,10.802991888052375,10.71208068253942,1.1958453414240775,19.115
2026-10-22 18:53:57,49.32430029172779,49.478192247514414,57.13012884242346,87.955,23.519111284751112,23.552513226223674,8.364869916395767,41.985,10.826256977093822,10.725103515029828,1.1976139263975636,19.145
2026-10-22 19:08:57,49.332681301803774,49.48893186965059,57.14222630318122,87.975,23.519111284751112,23.552513226223674,8.364869916395767,41.985,10.830003864119202,10.728816651212613,1.197818162888347,19.15
2026-10-22 19:23:57,49.34925861702594,49.505371979651215,57.1644562548464,88.005,23.532189923913492,23.562141328898853,8.369423131012288,42.005,10.833179019706948,10.733910593899045,1.1982841368188057,19.16
2026-10-22 19:38:57,49.377235898781485,49.540711658789625,57.2007001978286,88.065,23.54719824923916,23.57296203617228,8.374937250162436,42.025,10.838496300027362,10.736147965480159,1.1989107335009037,19.17
2026-10-22 19:53:57,49.43819282861862,49.60649827172853,57.271065402854774,88.17,23.5925551965373,23.61909056318332,8.39241073269002,42.11,10.85011978988985,10.747338472079155,1.2002504089268513,19.195
2026-10-22 20:08:57,49.49817838435053,49.655056955094544,57.32232855556312,88.25,23.600794427415284,23.622563576093455,8.394277306986368,42.12,10.859609509037563,10.753349146656848,1.2018926751566446,19.215
2026-10-22 20:23:57,49.55212990554338,49.703612970213975,57.38053536299422,88.335,23.640707884832832,23.661977167709196,8.40794218005501,42.185,10.87076297648748,10.766406955193826,1.2030383446404536,19.24
2026-10-22 20:38:57,49.55620297234332,49.70654118754498,57.38479697583394,88.34,23.64743004085981,23.667550154419146,8.40983578726362,42.195,10.880283351165573,10.773416441758128,1.2041942312469076,19.26
2026-10-22 20:53:57,49.624702097658165,49.759333056853286,57.45135341235385,88.45,23.664497558241905,23.68626053883966,8.416050747392006,42.225,10.890828777688249,10.779522035622996,1.2055606981453262,19.28
2026-10-22 21:08:57,49.6442720943365,49.782689750783106,57.48027504050293,88.49,23.673693106894312,23.699282626169822,8.419955992105356,42.245,10.890828777688249,10.779522035622996,1.2055606981453262,19.28
2026-10-22 21:23:57,49.668842027376456,49.80643786930558,57.50916937709305,88.535,23.694348837958778,23.721104004838242,8.429409251650709,42.295,10.90883930366183,10.792367804651343,1.206824104188001,19.305
2026-10-22 21:38:57,49.697700974061,49.83901234693042,57.54781802103048,88.59,23.7128011915952,23.737865213202916,8.437240258553809,42.325,10.921012054878803,10.808822502507326,1.2082209846211458,19.33
2026-10-22 21:53:57,49.742285035232776,49.88959445280778,57.60846674542045,88.685,23.740371669369964,23.776451169315845,8.451560986392112,42.395,10.944192048511267,10.827303441732214,1.2111216693078235,19.37
2026-10-22 22:08:57,49.77017338291907,49.92053219823865,57.633442070716775,88.735,23.75406493214279,23.782565110080952,8.45510164699868,42.415,10.946575610765302,10.830797425711063,1.2113527264376365,19.375
2026-10-22 22:23:57,49.82618155610103,49.98332459148967,57.71283025652013,88.845,23.772292509440394,23.80653678555429,8.461580549301308,42.455,10.962108718421359,10.844205132192254,1.2124854455422567,19.395
2026-10-22 22:38:57,49.89294742558224,50.05304132152973,57.78977525829363,88.97,23.796416954706938,23.831786462867605,8.47079347506331,42.5,10.968071057507492,10.848579656846745,1.2130219903099424,19.405
2026-10-22 22:53:57,49.96334729765034,50.138215513005015,57.87201448757124,89.095,23.832155055211963,23.85788345038724,8.480737078139937,42.55,11.003179280174445,10.877048557920407,1.2163683205377414,19.455
2026-10-22 23:08:57,50.05454461551379,50.226371916560076,57.97713707866458,89.25,23.864826394752242,23.888462363374877,8.48983233309747,42.605,11.025577680738746,10.897752205492967,1.2186596720358709,19.49
2026-10-22 23:23:57,50.183570718979254,50.3393238375752,58.119242939025426,89.48,23.896934777613566,23.91931642548401,8.502021138288397,42.66,11.052748642304877,10.921947023827546,1.2216331224682588,19.53
2026-10-22 23:38:57,50.26778765171606,50.43962814000845,58.22717507949405,89.645,23.936582973790163,23.946641742394263,8.514692747441165,42.72,11.062343632436482,10.933035732612701,1.2228220712313218,19.55
2026-10-22 23:53:57,50.315458279679056,50.48855119774838,58.284760983351624,89.735,23.961252946368578,23.975636516943233,8.523215730079253,42.765,11.082122103595635,10.948164430359236,1.2251895353507456,19.585
2026-10-23 00:08:57,50.393240379119014,50.56948135544416,58.37978783795372,89.885,23.986445485398914,24.001776125714166,8.530860610517049,42.805,11.098923314696306,10.965693594429904,1.2273143740490624,19.62
2026-10-23 00:23:57,50.467663362169986,50.658763107644596,58.477402464903044,90.03,24.03031520208679,24.04291130858574,8.547395233280692,42.885,11.130081731086833,10.99430370056002,1.2305127551440114,19.67
2026-10-23 00:38:57,50.54941199588867,50.73778844789487,58.5719787246631,90.17,24.071485632395767,24.075392135827247,8.559588634244818,42.945,11.13951095579058,11.007543546819306,1.23199238296855,19.695
2026-10-23 00:53:57,50.600224855182645,50.78693578383382,58.63088327630482,90.26,24.10143223252408,24.110244415593538,8.570827752369064,43.0,11.14219252044313,11.011270572315572,1.232576957376902,19.705
2026-10-23 01:08:57,50.684634982073725,50.85539540343467,58.70203267868821,90.37,24.11960536784585,24.131611174661252,8.578261537517482,43.035,11.184435925418335,11.05378841066046,1.2371610071095374,19.775
2026-10-23 01:23:57,50.732509837282066,50.9075764434827,58.76314586651879,90.46,24.13735320181122,24.14849137657733,8.584046065762966,43.065,11.199880682342599,11.066580419243925,1.2394842741529561,19.805
2026-10-23 01:38:57,50.769779532191386,50.95612262961582,58.81235234158279,90.535,24.153182903729867,24.1624057689741,8.590286511716718,43.095,11.21014970900284,11.079253103207236,1.2408729101108211,19.83
2026-10-23 01:53:57,50.873091551662874,51.04662052327333,58.92673778118657,90.71,24.208054641747477,24.216461549724784,8.610272128512877,43.19,11.216064828224459,11.084038041907766,1.2421895772552562,19.85
2026-10-23 02:08:57,50.95476503780099,51.11837138820926,59.0163313033364,90.85,24.23701889574824,24.249652156339916,8.621636871539927,43.245,11.237685672877534,11.104957640114646,1.2439803143036778,19.885
2026-10-23 02:23:57,51.028139458333506,51.1943741991313,59.10157148060506,90.98,24.299197809978057,24.31101708077331,8.644823002377573,43.355,11.276079497449969,11.145208468619673,1.2479764571029648,19.955
2026-10-23 02:38:57,51.04953577432368,51.21642719736518,59.12220177330853,91.015,24.306855491051177,24.318889569885698,8.647548468306548,43.37,11.276079497449969,11.145208468619673,1.2479764571029648,19.955
2026-10-23 02:53:57,51.06910188511482,51.236793898390694,59.14948596630181,91.05,24.328256289632,24.335449446497545,8.656487008875663,43.41,11.278458279250028,11.151813838155386,1.2487973492269917,19.965
2026-10-23 03:08:57,51.10495783499904,51.27433266929659,59.1990070517004,91.13,24.349121812306397,24.351346245710857,8.663720873809847,43.445,11.287400297296623,11.158949152528303,1.2496997953725921,19.98
2026-10-23 03:23:57,51.180326727291906,51.34820557780047,59.2980900964179,91.27,24.395644507900762,24.39388837041159,8.684289115002628,43.53,11.318912490291059,11.185058044572777,1.2525951416044476,20.03
2026-10-23 03:38:57,51.24972397481109,51.41914768312996,59.37943848547976,91.39,24.43118280044385,24.433234514725076,8.698321434619386,43.6,11.33621777316712,11.206915792975684,1.2543597480691555,20.065
2026-10-23 03:53:57,51.31144638986592,51.47623296694039,59.4430420759979,91.49,24.44386690067953,24.442375494236302,8.701735533770588,43.62,11.338673826572622,11.213850614102023,1.2551602194999383,20.075
2026-10-23 04:08:57,51.357452725584714,51.52261021880959,59.499119363217034,91.575,24.484009079974367,24.482931007666952,8.715492588041029,43.69,11.358895291944735,11.23370488929721,1.2575109924819956,20.11
2026-10-23 04:23:57,51.400433771710695,51.555986125858425,59.53863465894861,91.64,24.50512233327381,24.50717119825816,8.723571067520242,43.725,11.362209250459294,11.235876811930387,1.257739690708016,20.115
2026-10-23 04:38:57,51.48165611427127,51.632256996657084,59.631798399433436,91.775,24.55643940809768,24.54874582036613,8.738276652184085,43.8,11.383109484073346,11.2500532388527,1.2594131359449212,20.145
2026-10-23 04:53:57,51.527440798210236,51.68377489677098,59.68441235119372,91.865,24.571603442892865,24.574773139185822,8.747377916718177,43.84,11.389073627126901,11.257466729889016,1.2603275085611887,20.155
2026-10-23 05:08:57,51.57766995059684,51.73123682718373,59.74304476407287,91.945,24.60055272853534,24.603987392058915,8.755834961824252,43.885,11.392451937122757,11.261591935274165,1.261386713362174,20.17
2026-10-23 05:23:57,51.6476648985841,51.80639424506252,59.821795720957745,92.065,24.635075086546788,24.638542044418653,8.766576262688586,43.94,11.399846972638123,11.26985250284586,1.2619153139966723,20.185
2026-10-23 05:38:57,51.758836398226435,51.91956607230919,59.95298069047384,92.255,24.663443273623503,24.662486733017975,8.777265007005338,43.99,11.411328202593017,11.282196390016438,1.2631855249227946,20.205
2026-10-23 05:53:57,51.82887537941823,51.9876894310485,60.02963149844475,92.38,24.691874877371955,24.686327528084295,8.785412464986253,44.035,11.435912866189204,11.300397283637775,1.265711871401431,20.245
2026-10-23 06:08:57,51.88323345519935,52.04930678761109,60.09268082273825,92.48,24.729224989176558,24.71867304430129,8.798475157330314,44.1,11.447789889381628,11.30792368456729,1.2668593852317296,20.265
2026-10-23 06:23:57,51.94910358367419,52.11237756498479,60.15456959235552,92.58,24.745078900276273,24.733481270119626,8.803361162826835,44.13,11.46376174429485,11.331500948247879,1.268976851106041,20.3
2026-10-23 06:38:57,52.0198603458312,52.18184634859325,60.22874499688957,92.7,24.781068685758004,24.770022000705467,8.813495711296774,44.185,11.488333918736847,11.35511315600597,1.271143640704205,20.34
2026-10-23 06:53:57,52.08314336235423,52.23975258944776,60.296476651542875,92.81,24.81970004265169,24.799988219784844,8.82456240754719,44.24,11.504482770638699,11.369509587076877,1.2727413314749771,20.37
2026-10-23 07:08:57,52.17210808774527,52.33467305913568,60.40512415306685,92.98,24.85507336430963,24.831877480648934,8.837447245954234,44.3,11.52317077974908,11.383866310702016,1.2743033931492467,20.395
2026-10-23 07:23:57,52.24851793767254,52.41699030381788,60.4899318128939,93.115,24.89121223116105,24.875522505409062,8.851938237601768,44.365,11.553059012292882,11.406077113092705,1.2767801443172917,20.435
2026-10-23 07:38:57,52.36819964659099,52.536296744374376,60.62470264524204,93.335,24.933543554521272,24.922904514900146,8.868692835176885,44.44,11.568532987385383,11.423639560130887,1.2784798960037613,20.46
2026-10-23 07:53:57,52.44242309358523,52.624394671522836,60.71621781452543,93.49,24.98095568800095,24.967544088075318,8.884269814712262,44.525,11.591322439690408,11.446322764383304,1.280261738425736,20.5
2026-10-23 08:08:57,52.47872470383361,52.666388127017036,60.76658299644773,93.565,25.015429336031243,24.990355448886977,8.895067745784711,44.575,11.61632478724436,11.47012228340188,1.2826145289298962,20.54
2026-10-23 08:23:57,52.50500141619051,52.697938200298175,60.80459197592556,93.62,25.03836064065219,25.027417447728318,8.905086978930909,44.63,11.622287187196125,11.478733347032984,1.2832620347991324,20.55
2026-10-23 08:38:57,52.584640330401974,52.778884207451426,60.8927517534949,93.755,25.07018147096541,25.062329091791067,8.917376151804945,44.695,11.62782884386009,11.485550002794731,1.2838114506097542,20.56
2026-10-23 08:53:57,52.622454904551994,52.818567185220196,60.94543203800072,93.83,25.086600733711563,25.071629302379517,8.92210716193179,44.72,11.636368010374293,11.494499533640424,1.2848537628648982,20.575
2026-10-23 09:08:57,52.68001344863605,52.87986645501736,61.01305231601005,93.935,25.13958668222288,25.1215901179813,8.94003133737778,44.815,11.65371344580318,11.512572789571772,1.2864519967583057,20.605
2026-10-23 09:23:57,52.74904842580578,52.961952348720324,61.094733293373174,94.065,25.16369488453737,25.145893385582276,8.949065919906813,44.865,11.657947164421229,11.523630449085868,1.2876481832657236,20.62
2026-10-23 09:38:57,52.80385774789143,53.01894699216651,61.15952674841912,94.17,25.18099398252469,25.158944182095247,8.955683502764783,44.9,11.666689928192067,11.533498474754278,1.2885283138456265,20.635
2026-10-23 09:53:57,52.84591737585994,53.078676640778134,61.21426894676463,94.255,25.19732599943579,25.1775447894348,8.961571291897112,44.93,11.67363272832658,11.538385066671585,1.2893597820711786,20.645
2026-10-23 10:08:57,52.91725574666564,53.14270399251351,61.28390716054914,94.365,25.22781086100006,25.21078529243611,8.973373993653883,44.985,11.698376269025548,11.571751882269616,1.2920429923330685,20.69
2026-10-23 10:23:57,52.94781961712549,53.18265052941813,61.32489241265382,94.43,25.23483879726254,25.22074138073572,8.976199722027948,45.0,11.698376269025548,11.571751882269616,1.2920429923330685,20.69
2026-10-23 10:38:57,52.9628190827022,53.200793526398215,61.34385386960365,94.46,25.240730953826873,25.22978947417847,8.97805033262904,45.01,11.70062224070975,11.57481103616746,1.2922899168285713,20.695
2026-10-23 10:53:57,53.00680337607408,53.23431367340248,61.38675371708218,94.53,25.247182001030303,25.236551527848505,8.980805270038795,45.02,11.70062224070975,11.57481103616746,1.2922899168285713,20.695
2026-10-23 11:08:57,53.044013457049225,53.28335048720208,61.43634678998103,94.61,25.250480134023718,25.239089940179298,8.981590324920004,45.025,11.711494277236888,11.58648150653055,1.2933280584226137,20.71
2026-10-23 11:23:57,53.05756401527017,53.29351907136529,61.450644213334485,94.63,25.25421711904598,25.243845422867285,8.983011719686987,45.03,11.711494277236888,11.58648150653055,1.2933280584226137,20.71
2026-10-23 11:38:57,53.07261164379709,53.31949683856777,61.479585811823085,94.67,25.265321322915124,25.252252027307538,8.986531864912699,45.045,11.711494277236888,11.58648150653055,1.2933280584226137,20.71
2026-10-23 11:53:57,53.104518106714856,53.35898743752396,61.51556122551008,94.73,25.26759106473326,25.257499587350637,8.989201561492289,45.055,11.711494277236888,11.58648150653055,1.2933280584226137,20.71
2026-10-23 12:08:57,53.13789273601745,53.38854367343883,61.55100091296028,94.79,25.28545083166263,25.275018226540023,8.99389260109934,45.08,11.717103332193114,11.59263277452192,1.2939838899714393,20.72
2026-10-23 12:23:57,53.14996457894713,53.40147813078733,61.56555398104988,94.81,25.29518364562347,25.287147945541506,8.997434460905428,45.1,11.717103332193114,11.59263277452192,1.2939838899714393,20.72
2026-10-23 12:38:57,53.16855809618075,53.41920636202985,61.58979454229302,94.84,25.297393616289508,25.292353771769914,8.999406202406027,45.11,11.717103332193114,11.59263277452192,1.2939838899714393,20.72
2026-10-23 12:53:57,53.17898197477959,53.42949608425291,61.61052504870109,94.87,25.301729558121583,25.29687405516259,9.000482853453837,45.115,11.721325619895682,11.59733393453008,1.2942262247147072,20.725
2026-10-23 13:08:57,53.18364781543168,53.43276755803553,61.61530821366747,94.875,25.301729558121583,25.29687405516259,9.000482853453837,45.115,11.721325619895682,11.59733393453008,1.2942262247147072,20.725
2026-10-23 13:23:57,53.18443368651107,53.43535421881886,61.61694416817523,94.88,25.309429008478265,25.302848803749114,9.002394343055153,45.125,11.721325619895682,11.59733393453008,1.2942262247147072,20.725
2026-10-23 13:38:57,53.19160270683328,53.44056085252041,61.62377199911534,94.89,25.313043862656304,25.307605658964476,9.005282924972025,45.135,11.721325619895682,11.59733393453008,1.2942262247147072,20.725
2026-10-23 13:53:57,53.19782538268181,53.44464640472887,61.63104982379202,94.9,25.316328774468193,25.30919279466871,9.006162637032007,45.14,11.721325619895682,11.59733393453008,1.2942262247147072,20.725
2026-10-23 14:08:57,53.199156281169756,53.446842487684854,61.63352369413876,94.905,25.316328774468193,25.30919279466871,9.006162637032007,45.14,11.721325619895682,11.59733393453008,1.2942262247147072,20.725
2026-10-23 14:23:57,53.199156281169756,53.446842487684854,61.63352369413876,94.905,25.321988518829066,25.31423460491572,9.008156589060569,45.15,11.72712523087043,11.6021597670124,1.2949706667487928,20.735
2026-10-23 14:38:57,53.200109075796725,53.44826169332739,61.63602402049189,94.91,25.321988518829066,25.31423460491572,9.008156589060569,45.15,11.72712523087043,11.6021597670124,1.2949706667487928,20.735
2026-10-23 14:53:57,53.200109075796725,53.44826169332739,61.63602402049189,94.91,25.32532226048088,25.319112367447563,9.009540201922322,45.155,11.72712523087043,11.6021597670124,1.2949706667487928,20.735
2026-10-23 15:08:57,53.21080475441209,53.466050319135874,61.6495399861044,94.935,25.32532226048088,25.319112367447563,9.009540201922322,45.155,11.735328886611034,11.608737747196757,1.2955753463929185,20.745
2026-10-23 15:23:57,53.22100797334701,53.48068987477205,61.65913078103724,94.955,25.329116029323224,25.323817980502692,9.0101889614495,45.16,11.739578618179241,11.611827286616146,1.2960098586069007,20.755
2026-10-23 15:38:57,53.225397843194884,53.48327846164757,61.66317266167212,94.96,25.335207775644793,25.330851794719926,9.011667800833079,45.17,11.739578618179241,11.611827286616146,1.2960098586069007,20.755
2026-10-23 15:53:57,53.22960181336896,53.485314131220306,61.667106031396784,94.965,25.335207775644793,25.330851794719926,9.011667800833079,45.17,11.739578618179241,11.611827286616146,1.2960098586069007,20.755
2026-10-23 16:08:57,53.24604494225295,53.496823692126256,61.67947138215246,94.99,25.335207775644793,25.330851794719926,9.011667800833079,45.17,11.742622199251198,11.615865635165969,1.2961395802284703,20.76
2026-10-23 16:23:57,53.260418412005485,53.50239630810653,61.690830263025646,95.01,25.3395726336536,25.33152294880672,9.012413905924582,45.175,11.744368012724012,11.619020332197374,1.2964805077567618,20.765
2026-10-23 16:38:57,53.260418412005485,53.50239630810653,61.690830263025646,95.01,25.344273434325828,25.33831387453035,9.015167265860883,45.185,11.744368012724012,11.619020332197374,1.2964805077567618,20.765
2026-10-23 16:53:57,53.2683417242843,53.50869447171895,61.699703276843145,95.025,25.344273434325828,25.33831387453035,9.015167265860883,45.185,11.744368012724012,11.619020332197374,1.2964805077567618,20.765
2026-10-23 17:08:57,53.27715650272263,53.516762404395514,61.71114909077381,95.04,25.344273434325828,25.33831387453035,9.015167265860883,45.185,11.748381489454657,11.623798662072195,1.2969584183853315,20.77
2026-10-23 17:23:57,53.29398891782681,53.53204274464088,61.73013264664298,95.065,25.344273434325828,25.33831387453035,9.015167265860883,45.185,11.753326857007819,11.628423019421277,1.2972928222328641,20.775
2026-10-23 17:38:57,53.29744860739682,53.5361110880966,61.7317805431021,95.07,25.348258388725473,25.343210511897606,9.016159879848148,45.19,11.753326857007819,11.628423019421277,1.2972928222328641,20.775
2026-10-23 17:53:57,53.298325782850625,53.540961830390884,61.7363045315303,95.075,25.35195705059381,25.34423477732759,9.017570723254547,45.195,11.753326857007819,11.628423019421277,1.2972928222328641,20.775
2026-10-23 18:08:57,53.30099905070459,53.54587779306803,61.73940477674399,95.08,25.360796879149962,25.353776846350698,9.020201104892282,45.21,11.753326857007819,11.628423019421277,1.2972928222328641,20.775
2026-10-23 18:23:57,53.301695729456654,53.547895367745184,61.74307477136129,95.085,25.36433290630357,25.354449802263243,9.020713178054066,45.215,11.753326857007819,11.628423019421277,1.2972928222328641,20.775
2026-10-23 18:38:57,53.31031262644315,53.554378933849655,61.758521092279665,95.105,25.38790420547737,25.37336041193021,9.025843893797175,45.245,11.753326857007819,11.628423019421277,1.2972928222328641,20.775
2026-10-23 18:53:57,53.32337763585144,53.56361227913037,61.77301087427606,95.125,25.390524509133073,25.38010423735383,9.02798684796369,45.255,11.761939092447246,11.635149745953388,1.297719667140124,20.785
2026-10-23 19:08:57,53.33554443867589,53.572248885910064,61.784285237216274,95.145,25.3925132198566,25.38358013544282,9.028530910335121,45.26,11.761939092447246,11.635149745953388,1.297719667140124,20.785
2026-10-23 19:23:57,53.35907077955597,53.593382246758345,61.806985456049816,95.18,25.410477673309778,25.399186024645932,9.034209350347812,45.29,11.766760844272092,11.642481222326916,1.2983480244855496,20.795
2026-10-23 19:38:57,53.373777911339225,53.615630902636596,61.82644197884676,95.21,25.422809272033888,25.41176828010555,9.03767873680906,45.305,11.766760844272092,11.642481222326916,1.2983480244855496,20.795
2026-10-23 19:53:57,53.37841937217064,53.61955934907687,61.83407025069524,95.22,25.430551625892658,25.41756510191622,9.039979682102944,45.315,11.766760844272092,11.642481222326916,1.2983480244855496,20.795
2026-10-23 20:08:57,53.381588096226565,53.624165365867206,61.83987016771813,95.23,25.434428902072444,25.41910476219722,9.041062305495856,45.32,11.77481264958811,11.646575635082474,1.2992365426956443,20.81
2026-10-23 20:23:57,53.393543276879804,53.63393973424121,61.851256839994086,95.25,25.438550176495234,25.420915685682843,9.041698304210676,45.325,11.778796223681217,11.652109411879211,1.3000576428035548,20.82
2026-10-23 20:38:57,53.39977911819288,53.63826522098588,61.857119072675786,95.26,25.44538994036667,25.428667379348294,9.044223288853962,45.34,11.783277822522848,11.65470016395065,1.3002825262109818,20.825
2026-10-23 20:53:57,53.4049101124491,53.64642071094457,61.86627854275749,95.27,25.44538994036667,25.428667379348294,9.044223288853962,45.34,11.783277822522848,11.65470016395065,1.3002825262109818,20.825
2026-10-23 21:08:57,53.414187719683206,53.656502789430334,61.88058102965946,95.29,25.450560106524744,25.432996650036316,9.045867048336445,45.35,11.783277822522848,11.65470016395065,1.3002825262109818,20.825
2026-10-23 21:23:57,53.416929601419476,53.65969413957205,61.88546281271748,95.295,25.450560106524744,25.432996650036316,9.045867048336445,45.35,11.783277822522848,11.65470016395065,1.3002825262109818,20.825
2026-10-23 21:38:57,53.434039398310155,53.67414449134013,61.90856267555663,95.325,25.463986031841703,25.444740840969654,9.052065247633905,45.375,11.793665239282587,11.66329355316416,1.3010584406201684,20.84
2026-10-23 21:53:57,53.452555487110736,53.69319664336231,61.93193956935975,95.36,25.482632927280484,25.46383355900947,9.057789383602602,45.405,11.798001475251393,11.669379894995414,1.301368249578805,20.85
2026-10-23 22:08:57,53.53538965884952,53.786731925194225,62.04626189300568,95.535,25.544290503344747,25.525795501147023,9.078201967117819,45.505,11.819160347462363,11.684451465157412,1.3043374021861576,20.89
2026-10-23 22:23:57,53.58457125054862,53.84000350865477,62.10694698370228,95.625,25.56865842384495,25.559777788377083,9.087515539624247,45.555,11.826634033609702,11.697022255420388,1.3053602231553447,20.905
2026-10-23 22:38:57,53.595791895150164,53.85325538781502,62.122169265227654,95.65,25.580590350601472,25.567884800768446,9.093012554672502,45.58,11.83356995071144,11.705060909918958,1.306348905820893,20.92
2026-10-23 22:53:57,53.657752191143224,53.91740037782427,62.19723638425589,95.775,25.59462759510121,25.58632443634682,9.098574804366363,45.61,11.852285894393344,11.712584356144156,1.3084903762716127,20.95
2026-10-23 23:08:57,53.7220439672784,53.97768307397474,62.28005856683157,95.89,25.62694364791932,25.619622210040262,9.109195534852185,45.66,11.858748268018639,11.720916271138893,1.3090534709875388,20.965
2026-10-23 23:23:57,53.775112797342146,54.01825184305567,62.32868039691176,95.97,25.632594628243737,25.62483527780341,9.110632304936306,45.67,11.86358785516856,11.72310322642272,1.3092110202675848,20.97
2026-10-23 23:38:57,53.81916424070806,54.06734116720166,62.3789943842898,96.05,25.65804318422035,25.6515245985538,9.118063565093856,45.715,11.875389550267567,11.7329543659461,1.3105062048116978,20.99
2026-10-23 23:53:57,53.89960167619795,54.15239424267524,62.47170790898323,96.195,25.696242630555837,25.687442397098152,9.131406072658436,45.79,11.906398303577008,11.760799981515072,1.3138851088081724,21.045
2026-10-24 00:08:57,53.943079695692006,54.19329803699411,62.53734346627125,96.285,25.732109377054588,25.71679907320669,9.143162566969625,45.845,11.928754252890982,11.788831679950368,1.3157849482499056,21.08
2026-10-24 00:23:57,54.0224613516794,54.257819596437926,62.62186940738794,96.43,25.801434361014678,25.774134690650172,9.161868569892423,45.945,11.953536070526123,11.811113092502556,1.3187385645608942,21.125
2026-10-24 00:38:57,54.062712559550825,54.304135076629784,62.68534837710103,96.52,25.846989264154807,25.8252629403174,9.178130472694948,46.025,11.973304722420323,11.829337956677298,1.3214412070391444,21.165
2026-10-24 00:53:57,54.124251872827685,54.35408789905642,62.750429949552,96.615,25.868989710910334,25.84700606744003,9.186020741106447,46.06,11.99757217088922,11.851715604780633,1.3234355239674287,21.205
2026-10-24 01:08:57,54.211584496115094,54.41652042715831,62.85208177869711,96.76,25.915587514101976,25.90181013455057,9.201319641080504,46.145,12.010483666579308,11.861259930049245,1.3249231037517202,21.23
2026-10-24 01:23:57,54.22900092983047,54.439556561042686,62.87444539598957,96.795,25.931932742648016,25.914063829139224,9.206121841558897,46.17,12.010483666579308,11.861259930049245,1.3249231037517202,21.23
2026-10-24 01:38:57,54.249022754158254,54.46498492126645,62.89617621175273,96.83,25.95125728595075,25.93191106577554,9.213092652552076,46.2,12.017642205980486,11.868407155351758,1.3257914869664975,21.25
2026-10-24 01:53:57,54.341038370230805,54.57178295151639,62.99840726083536,97.0,26.009980675613953,26.001352649301126,9.234035958654584,46.305,12.04188253100283,11.893697832070728,1.3288145629079593,21.295
2026-10-24 02:08:57,54.45578994241574,54.67595952088034,63.119930077136694,97.185,26.078101433735405,26.065144957283657,9.258324927630499,46.415,12.068132449007072,11.919312001460979,1.3315885546095925,21.35
2026-10-24 02:23:57,54.49896257167448,54.701657496369634,63.163692015050735,97.245,26.092111004392056,26.08074961495709,9.263493377247753,46.44,12.074060062809723,11.925895667014965,1.3320469068312613,21.36
2026-10-24 02:38:57,54.55697379735948,54.766303081980446,63.23492565126316,97.355,26.11677766062311,26.10366901171655,9.271973816256747,46.485,12.089870209625188,11.934961029537396,1.3332895345531737,21.38
2026-10-24 02:53:57,54.590076564898425,54.797660020392826,63.28227042504027,97.42,26.127058239651745,26.112025784275403,9.275757812527067,46.505,12.099803555456152,11.94376443050027,1.3343436111397042,21.395
2026-10-24 03:08:57,54.6391849081187,54.84925019511824,63.34338591578844,97.52,26.14793411256717,26.132495309505497,9.282106579903603,46.54,12.108906452187524,11.960308088536356,1.3355963648392655,21.415
2026-10-24 03:23:57,54.716198125002634,54.92258088236072,63.43052727170209,97.645,26.192573449423637,26.18405673133541,9.301616654602757,46.625,12.120047512455221,11.976273006739751,1.3370490963146822,21.44
2026-10-24 03:38:57,54.79220094355526,54.98663383295731,63.50200321208648,97.77,26.209134130409076,26.204207755038247,9.308373253346826,46.66,12.136019106070266,11.992696196981873,1.3391327974981206,21.47
2026-10-24 03:53:57,54.84028821527033,55.02529259700345,63.550568166078115,97.845,26.231846320943017,26.22342862980837,9.316916667314509,46.7,12.144867916937168,12.003827673875763,1.3403011337732023,21.49
2026-10-24 04:08:57,54.86654067372347,55.05145644939478,63.57805618473019,97.89,26.244753520791743,26.2380627390503,9.32096891554515,46.72,12.149337894666399,12.006064505997426,1.3404577702486045,21.495
2026-10-24 04:23:57,54.90898526268749,55.08914977104327,63.62587067086102,97.955,26.272202740787073,26.263833213085096,9.332059933984793,46.77,12.152946907458373,12.014418076680077,1.3411378943186734,21.51
2026-10-24 04:38:57,54.953878714695534,55.127273735072116,63.66528729069493,98.025,26.29747250346196,26.295359704331204,9.3407345230682,46.815,12.166853915199646,12.031585869444987,1.3428843131973687,21.535
2026-10-24 04:53:57,55.02307960117663,55.18781025379458,63.737853037168314,98.135,26.33643278886107,26.328972194954204,9.352896922082634,46.885,12.183465747576573,12.048899340575232,1.3455900788357487,21.565
2026-10-24 05:08:57,55.070209505790245,55.232964940109866,63.78250091705309,98.215,26.353218565271753,26.34996967261138,9.358076187707209,46.91,12.20023430433889,12.070926116668312,1.3475408671825195,21.6
2026-10-24 05:23:57,55.16560249145881,55.31888252004049,63.88762880673771,98.375,26.37897764752643,26.37683437486369,9.366794955711883,46.96,12.219233389367451,12.094548658856848,1.3496126201426635,21.635
2026-10-24 05:38:57,55.23316403857118,55.38502014690768,63.955400725623775,98.485,26.390962071723045,26.38739626366054,9.371768838642085,46.98,12.231963668495933,12.11327733414309,1.3511550113655988,21.66
2026-10-24 05:53:57,55.34496112838544,55.513891052479565,64.07454498677845,98.675,26.426589828015018,26.42025667074394,9.38544460781563,47.05,12.252966671650137,12.134952362286468,1.35324178710396,21.695
2026-10-24 06:08:57,55.39178931238405,55.550223596465536,64.1251715317774,98.75,26.45268998690901,26.44752993167076,9.394614970016168,47.095,12.257273782501768,12.139378468165178,1.354183502023403,21.705
2026-10-24 06:23:57,55.43803795821333,55.606558343453855,64.17819999607778,98.835,26.47390094158402,26.467430473550195,9.400508733164049,47.125,12.266166678936752,12.147209936020895,1.3546396387541164,21.715
2026-10-24 06:38:57,55.49070977468796,55.658043295158414,64.24419426155147,98.935,26.48844643222549,26.481352225442613,9.40540366893444,47.15,12.271919324929613,12.155027895923576,1.3555179914700315,21.725
2026-10-24 06:53:57,55.525554412066526,55.69505633413803,64.29464932318531,99.005,26.503114213071232,26.498090170907535,9.41245793020772,47.18,12.276361514468793,12.15989726916326,1.3559561276785086,21.73
2026-10-24 07:08:57,55.542090413360356,55.72275135896397,64.32804382456146,99.055,26.51578274748366,26.51275267594457,9.416468704560145,47.205,12.281207177982125,12.164568359150307,1.3562149688853342,21.735
2026-10-24 07:23:57,55.58075552621507,55.76601204660738,64.37872170754169,99.135,26.5383676222875,26.53249707998267,9.423207858144691,47.24,12.291537157925891,12.177527965929386,1.3569203694330678,21.75
2026-10-24 07:38:57,55.61135474190681,55.79841433959348,64.4235454584543,99.2,26.556807475677985,26.54958647236589,9.430908869922243,47.275,12.291537157925891,12.177527965929386,1.3569203694330678,21.75
2026-10-24 07:53:57,55.64459530572696,55.82352671786595,64.459505944656,99.25,26.567943049653852,26.566297727682315,9.435009774416029,47.295,12.295797246540845,12.179178894088208,1.3573983949731023,21.755
2026-10-24 08:08:57,55.65548748379001,55.834112678706006,64.47626755611104,99.275,26.578133791680767,26.5799129295891,9.439720779691843,47.315,12.295797246540845,12.179178894088208,1.3573983949731023,21.755
2026-10-24 08:23:57,55.68242140181431,55.857960401854896,64.50345627953988,99.315,26.578797471440684,26.581885386350276,9.44113841529362,47.32,12.295797246540845,12.179178894088208,1.3573983949731023,21.755
2026-10-24 08:38:57,55.71287859887256,55.88741629530951,64.54285788871475,99.365,26.579449740425375,26.583568844244773,9.442391317802764,47.325,12.30504240608092,12.185646184692471,1.3581690459069653,21.77
2026-10-24 08:53:57,55.74796713040573,55.91118324115197,64.58369970686377,99.42,26.58440293266644,26.58656383320959,9.445596265326865,47.34,12.30504240608092,12.185646184692471,1.3581690459069653,21.77
2026-10-24 09:08:57,55.766690905606985,55.9352950256791,64.61565987581758,99.465,26.58896159209686,26.598676890894673,9.448936510864762,47.355,12.309846027590481,12.186276072247853,1.3585512213465778,21.775
2026-10-24 09:23:57,55.80649426077696,55.970325784424006,64.65937694558541,99.535,26.60353561558867,26.616128344834973,9.455887134105716,47.39,12.31152301963049,12.187321303743262,1.358703471133661,21.78
2026-10-24 09:38:57,55.81416927492731,55.98435282273807,64.67889216780765,99.56,26.6047704311342,26.617821070493438,9.457118434544222,47.395,12.319408866304379,12.19270642214184,1.3593458315127298,21.79
2026-10-24 09:53:57,55.838118567654796,56.01062963840498,64.70576351599706,99.605,26.612985428968397,26.625690501364634,9.460247301032885,47.41,12.3209639575042,12.193618782140186,1.3596817309380629,21.795
2026-10-24 10:08:57,55.869284917459034,56.04106505951371,64.73948365918953,99.655,26.63552330794119,26.646327396414332,9.466514333535267,47.445,12.331267776345737,12.20442124320853,1.3606547295008597,21.81
2026-10-24 10:23:57,55.87752003481518,56.04888263578093,64.7527031884105,99.675,26.646954109871178,26.662181767562426,9.471209074325047,47.47,12.331267776345737,12.20442124320853,1.3606547295008597,21.81
2026-10-24 10:38:57,55.884066738918335,56.054296844319936,64.76051152675916,99.685,26.650117283276217,26.663549219890353,9.472207825832518,47.475,12.331267776345737,12.20442124320853,1.3606547295008597,21.81
2026-10-24 10:53:57,55.88796639709391,56.057878105784276,64.76823505282718,99.695,26.652684450720567,26.665113345004862,9.47350868500335,47.48,12.331267776345737,12.20442124320853,1.3606547295008597,21.81
2026-10-24 11:08:57,55.88796639709391,56.057878105784276,64.76823505282718,99.695,26.653948274938134,26.66682316859804,9.474855553755981,47.485,12.334427927791971,12.205284149537853,1.3608182859633295,21.815
2026-10-24 11:23:57,55.9117572245784,56.075320380889565,64.79093614427688,99.73,26.653948274938134,26.66682316859804,9.474855553755981,47.485,12.334427927791971,12.205284149537853,1.3608182859633295,21.815
2026-10-24 11:38:57,55.93105981799329,56.09003818848613,64.80822580350119,99.76,26.653948274938134,26.66682316859804,9.474855553755981,47.485,12.334427927791971,12.205284149537853,1.3608182859633295,21.815
2026-10-24 11:53:57,55.94652438485354,56.10739218870659,64.82342024603255,99.785,26.653948274938134,26.66682316859804,9.474855553755981,47.485,12.334427927791971,12.205284149537853,1.3608182859633295,21.815
2026-10-24 12:08:57,55.96179628511244,56.11952571884093,64.83740336325468,99.81,26.658509643619652,26.670510605477535,9.475491124459984,47.49,12.334427927791971,12.205284149537853,1.3608182859633295,21.815
2026-10-24 12:23:57,55.993438360030304,56.16045038573557,64.87947659660716,99.875,26.659180977024594,26.674548828321594,9.476989842747678,47.495,12.337967364225596,12.208585219865249,1.361232820878168,21.82
2026-10-24 12:38:57,55.99522906132999,56.16521583209804,64.8825203612185,99.88,26.661025166801657,26.679011318528026,9.47845476790535,47.5,12.337967364225596,12.208585219865249,1.361232820878168,21.82
2026-10-24 12:53:57,56.00108444386348,56.16994835189446,64.89056918050998,99.89,26.663194215023147,26.68165382920799,9.479617827320237,47.505,12.342352230017676,12.209861110431438,1.3614314160640366,21.825
2026-10-24 13:08:57,56.03012190527534,56.19908120508228,64.92315249972002,99.94,26.66972691422617,26.684967756196748,9.481547653561462,47.515,12.344241865311858,12.213548140136286,1.361670903363735,21.83
2026-10-24 13:23:57,56.03298914780142,56.20331576222422,64.92764932918323,99.945,26.66972691422617,26.684967756196748,9.481547653561462,47.515,12.344241865311858,12.213548140136286,1.361670903363735,21.83
2026-10-24 13:38:57,56.03968752703404,56.2119954969184,64.93285087057137,99.955,26.67178549665448,26.68560956769678,9.482150856513696,47.52,12.345683998361343,12.217002802002641,1.3621135114615355,21.835
2026-10-24 13:53:57,56.06272159202752,56.22512841622011,64.95357202746294,99.985,26.676136370783126,26.686589369834678,9.482947346703986,47.525,12.345683998361343,12.217002802002641,1.3621135114615355,21.835
2026-10-24 14:08:57,56.07069579119948,56.23253949807658,64.9629506313627,100.0,26.681980622660863,26.69304861757402,9.485149659901197,47.535,12.345683998361343,12.217002802002641,1.3621135114615355,21.835
2026-10-24 14:23:57,56.09107354829723,56.253942128739126,64.9862092735613,100.04,26.681980622660863,26.69304861757402,9.485149659901197,47.535,12.355500723855176,12.230183393741266,1.363000273126602,21.85
2026-10-24 14:38:57,56.09107354829723,56.253942128739126,64.9862092735613,100.04,26.681980622660863,26.69304861757402,9.485149659901197,47.535,12.355500723855176,12.230183393741266,1.363000273126602,21.85
2026-10-24 14:53:57,56.09503026453479,56.26028757934912,64.99241380821346,100.05,26.69057988950481,26.701999255438434,9.488298727456199,47.55,12.355500723855176,12.230183393741266,1.363000273126602,21.85
2026-10-24 15:08:57,56.11022752522502,56.27480875912767,65.01357447638547,100.08,26.696560784430307,26.70800895944409,9.490089655911913,47.56,12.355500723855176,12.230183393741266,1.363000273126602,21.85
2026-10-24 15:23:57,56.11022752522502,56.27480875912767,65.01357447638547,100.08,26.696560784430307,26.70800895944409,9.490089655911913,47.56,12.355500723855176,12.230183393741266,1.363000273126602,21.85
2026-10-24 15:38:57,56.11022752522502,56.27480875912767,65.01357447638547,100.08,26.698809573848266,26.70905734568893,9.49108639905237,47.565,12.355500723855176,12.230183393741266,1.363000273126602,21.85
2026-10-24 15:53:57,56.11022752522502,56.27480875912767,65.01357447638547,100.08,26.698809573848266,26.70905734568893,9.49108639905237,47.565,12.355500723855176,12.230183393741266,1.363000273126602,21.85
2026-10-24 16:08:57,56.11535101321848,56.28421573257909,65.01842531622961,100.09,26.698809573848266,26.70905734568893,9.49108639905237,47.565,12.355500723855176,12.230183393741266,1.363000273126602,21.85
2026-10-24 16:23:57,56.118550592182764,56.28681111263585,65.02144065153601,100.095,26.698809573848266,26.70905734568893,9.49108639905237,47.565,12.355500723855176,12.230183393741266,1.363000273126602,21.85
2026-10-24 16:38:57,56.11997807365376,56.289434979016434,65.0240995498455,100.1,26.698809573848266,26.70905734568893,9.49108639905237,47.565,12.355500723855176,12.230183393741266,1.363000273126602,21.85
2026-10-24 16:53:57,56.11997807365376,56.289434979016434,65.0240995498455,100.1,26.703783523642525,26.70970220580758,9.491962195655658,47.57,12.355500723855176,12.230183393741266,1.363000273126602,21.85
2026-10-24 17:08:57,56.11997807365376,56.289434979016434,65.0240995498455,100.1,26.703783523642525,26.70970220580758,9.491962195655658,47.57,12.355500723855176,12.230183393741266,1.363000273126602,21.85
2026-10-24 17:23:57,56.11997807365376,56.289434979016434,65.0240995498455,100.1,26.703783523642525,26.70970220580758,9.491962195655658,47.57,12.355500723855176,12.230183393741266,1.363000273126602,21.85
2026-10-24 17:38:57,56.12211643509404,56.291546541221,65.02799874596577,100.105,26.703783523642525,26.70970220580758,9.491962195655658,47.57,12.355500723855176,12.230183393741266,1.363000273126602,21.85
2026-10-24 17:53:57,56.12526642335205,56.29680048143146,65.03664512493987,100.115,26.703783523642525,26.70970220580758,9.491962195655658,47.57,12.355500723855176,12.230183393741266,1.363000273126602,21.85
2026-10-24 18:08:57,56.12971456173374,56.30021771257994,65.04043220862495,100.12,26.70772393121076,26.712356339076617,9.492776237943325,47.575,12.355500723855176,12.230183393741266,1.363000273126602,21.85
2026-10-24 18:23:57,56.14115178763773,56.310522182291905,65.05568422114237,100.145,26.716315203883752,26.717553094972676,9.495324786251325,47.585,12.355500723855176,12.230183393741266,1.363000273126602,21.85
2026-10-24 18:38:57,56.15418571302332,56.324607740945005,65.07361597816991,100.17,26.72855698377633,26.725211610895382,9.498444569615842,47.6,12.355500723855176,12.230183393741266,1.363000273126602,21.85
2026-10-24 18:53:57,56.15418571302332,56.324607740945005,65.07361597816991,100.17,26.73235246198441,26.72680572317076,9.499120922711624,47.605,12.355500723855176,12.230183393741266,1.363000273126602,21.85
2026-10-24 19:08:57,56.18162532391073,56.35202625725524,65.1024393079116,100.22,26.743235037185777,26.732517622666236,9.501083930213163,47.62,12.364157219717569,12.24001945575077,1.3634597253501437,21.865
2026-10-24 19:23:57,56.186837818870664,56.36224651326597,65.10964095535411,100.235,26.752995002876172,26.744325627029543,9.504908963857782,47.645,12.364157219717569,12.24001945575077,1.3634597253501437,21.865
2026-10-24 19:38:57,56.19239881648777,56.367595084458635,65.11558109178326,100.245,26.757566165373706,26.747300594646106,9.506030264320154,47.65,12.367665848519518,12.243354749455227,1.3637700946463598,21.87
2026-10-24 19:53:57,56.20333804875647,56.38299225927635,65.13187745538427,100.27,26.76006288743838,26.748180146632787,9.507067245144544,47.655,12.367665848519518,12.243354749455227,1.3637700946463598,21.87
2026-10-24 20:08:57,56.21052240246225,56.393582439188926,65.14237237716054,100.285,26.769731070307877,26.766710371372795,9.511657800874463,47.68,12.367665848519518,12.243354749455227,1.3637700946463598,21.87
2026-10-24 20:23:57,56.27410937775402,56.45658862742751,65.21044981015892,100.39,26.79052417414984,26.7821961635242,9.519810861697396,47.715,12.393654532239749,12.267077874632307,1.366456212825614,21.915
2026-10-24 20:38:57,56.31857230986135,56.49934709301065,65.2685903773038,100.47,26.800367880785366,26.792453040333747,9.523217538083605,47.735,12.393654532239749,12.267077874632307,1.366456212825614,21.915
2026-10-24 20:53:57,56.36216296796754,56.55611993811056,65.32040734561176,100.555,26.822407508452,26.816045584090652,9.52878496385026,47.77,12.406584347862761,12.280101900090006,1.3675455066703286,21.935
2026-10-24 21:08:57,56.37551555365278,56.56568365911988,65.33362058991722,100.575,26.840930485216834,26.82519049686402,9.533674169544108,47.795,12.40800026293824,12.284744954507463,1.3678215373440525,21.94
2026-10-24 21:23:57,56.39913553106983,56.59258741394733,65.36264885141107,100.625,26.863564296101693,26.846073566862465,9.540627342241946,47.83,12.41326822805696,12.294148667126883,1.3682087071295712,21.95
2026-10-24 21:38:57,56.4512522431976,56.65238075208135,65.44325934298912,100.73,26.88492218525493,26.87624007779957,9.5488602359846,47.87,12.42904056182749,12.310389949914882,1.369489606397341,21.975
2026-10-24 21:53:57,56.49299350779208,56.692737459296914,65.48983141680152,100.805,26.903873870687303,26.89789056102526,9.556872485718213,47.915,12.438652129403302,12.31990346501907,1.3707554001607027,21.995
2026-10-24 22:08:57,56.54015861700349,56.74907108947752,65.5446267150727,100.895,26.936905947308738,26.93498676816172,9.571462619937503,47.98,12.451990646556032,12.332393618140577,1.3719483796501382,22.02
2026-10-24 22:23:57,56.558097917676875,56.769740171355174,65.56638293208418,100.93,26.95388665275213,26.952000481274457,9.577091339000903,48.005,12.4617418512421,12.344299202789818,1.3726383086124125,22.035
2026-10-24 22:38:57,56.59050811217504,56.79094596812134,65.6043163330525,100.985,26.984735231625976,26.98556819913911,9.586097391321745,48.055,12.470192480877616,12.350988359500533,1.3736650522414042,22.05
2026-10-24 22:53:57,56.61728980395928,56.82358827945308,65.63600254603388,101.04,27.025036612811803,27.016864881289436,9.599613669869571,48.12,12.492783404178153,12.365512229963702,1.3754875625820093,22.08
2026-10-24 23:08:57,56.65623068991943,56.865063752703485,65.68075665092478,101.115,27.061255748210645,27.048308942772618,9.61094428771238,48.18,12.527150557795999,12.38843315385043,1.3786068419992494,22.13
2026-10-24 23:23:57,56.695766032353205,56.89955863076082,65.72595334133987,101.18,27.079946212412125,27.063758605612225,9.617232362922508,48.21,12.537581283837747,12.399864000035507,1.3799340676251217,22.15
2026-10-24 23:38:57,56.80585927793501,57.00767916417236,65.83914691055486,101.36,27.13388418862654,27.095522685063216,9.634617796888406,48.295,12.55258885801913,12.411357531089173,1.3811279484166255,22.175
2026-10-24 23:53:57,56.90878679222083,57.102231791239596,65.95328372480337,101.535,27.20063099450252,27.16554593293092,9.657939687995581,48.41,12.58446852173102,12.461773965107643,1.3858474280398014,22.25
2026-10-25 00:08:57,57.00531624148474,57.19020388164172,66.06927368878735,101.7,27.23856253743255,27.204436786663177,9.669784877539156,48.475,12.617452317862417,12.507493908213473,1.389769948884337,22.325
2026-10-25 00:23:57,57.04366869080211,57.23262264718104,66.10876598258156,101.765,27.25438427243453,27.21748674124392,9.676558935103698,48.505,12.632680763260895,12.51592263152126,1.3908587301416864,22.345
2026-10-25 00:38:57,57.09237788190819,57.296346876905716,66.17844255785349,101.88,27.28703588228104,27.246821272282705,9.688677657028782,48.565,12.647793485586044,12.529677023273997,1.3924191105857695,22.375
2026-10-25 00:53:57,57.163000539228236,57.35629304834735,66.24074976837082,101.99,27.312773830211384,27.26896601126722,9.697909679350438,48.61,12.659681238399655,12.546063617337417,1.3941418939868073,22.4
2026-10-25 01:08:57,57.22253123812608,57.41493279502349,66.29641675028105,102.09,27.328157533250934,27.290086222308727,9.703596516273128,48.64,12.672530980035585,12.554225234719112,1.3949834914481185,22.42
2026-10-25 01:23:57,57.30976698616266,57.47744055952094,66.37952079143382,102.225,27.351613618718854,27.31329405162006,9.711149469086761,48.68,12.69144345664472,12.576275790360963,1.3968799644511265,22.455
2026-10-25 01:38:57,57.36012382662445,57.5435661567486,66.44432086467174,102.33,27.373958627146582,27.33905454692909,9.721944613475218,48.73,12.708298704987506,12.594468916407411,1.3985063623387146,22.485
2026-10-25 01:53:57,57.43389991753195,57.61010585058386,66.53858795134215,102.46,27.43868944665655,27.41199544923518,9.746116493382868,48.845,12.730303781291779,12.625980588247803,1.4018098666548873,22.53
2026-10-25 02:08:57,57.5170721764581,57.695747007062955,66.63559199405657,102.615,27.47218324950919,27.450325887316737,9.761715607567893,48.915,12.74390926922791,12.64451244482641,1.4042489898919865,22.565
2026-10-25 02:23:57,57.55983127133033,57.73583615065497,66.69523318421142,102.69,27.512158072268804,27.491569678252127,9.775569966528687,48.985,12.751439588232731,12.655018155205868,1.4050532115021612,22.58
2026-10-25 02:38:57,57.58513865819837,57.75837091661275,66.71807962822295,102.73,27.533333548024363,27.51935878784116,9.783528065259718,49.025,12.755822023466484,12.662189602243517,1.4056783749238775,22.595
2026-10-25 02:53:57,57.609182870107844,57.7930386275628,66.7508717262244,102.785,27.567902764596475,27.55383542563,9.794397307449275,49.085,12.762096494558635,12.668992736339963,1.4061959676714617,22.605
2026-10-25 03:08:57,57.72420294877051,57.88926635185818,66.87546740259914,102.98,27.61663233385916,27.60939037403292,9.812776393925661,49.175,12.778470808928969,12.687168413361956,1.4079139843884048,22.635
2026-10-25 03:23:57,57.762918878606605,57.92213609964034,66.91529548461764,103.04,27.62574284234742,27.6141730686229,9.815984440531402,49.19,12.778470808928969,12.687168413361956,1.4079139843884048,22.635
2026-10-25 03:38:57,57.80918322610647,57.965612568643074,66.97280769329228,103.13,27.654930354901545,27.650745711761704,9.826672737612554,49.25,12.803963629611228,12.70958683714832,1.4108599132601272,22.68
2026-10-25 03:53:57,57.864542615984256,58.02008257057881,67.03943390522265,103.23,27.683438113363284,27.68109256930825,9.83659845747202,49.3,12.813168353018073,12.715329627810322,1.4121788257859809,22.695
2026-10-25 04:08:57,57.9011661144169,58.05920953562173,67.09869638766388,103.31,27.69808001722599,27.704811346329734,9.843268800317093,49.335,12.823522189799418,12.73266412065835,1.4136770165136447,22.715
2026-10-25 04:23:57,57.93740312739294,58.095308845623585,67.14607608874186,103.38,27.727682658283303,27.735865818264084,9.854890609578927,49.39,12.825182646470477,12.734414372994468,1.4139200392962412,22.72
2026-10-25 04:38:57,58.006835412154686,58.15836595298494,67.23264229663694,103.505,27.76548561303033,27.77513254057776,9.865260615421539,49.45,12.840346235815403,12.75075597452328,1.415992839211934,22.755
2026-10-25 04:53:57,58.060828748522496,58.213396710345314,67.29293090486941,103.595,27.803024401857066,27.808104787733285,9.880266091805264,49.515,12.851602507820308,12.759201632738927,1.4169751644411048,22.775
2026-10-25 05:08:57,58.09242948442429,58.24004854774462,67.32111204763527,103.64,27.813887635800814,27.822938113250554,9.883093481478351,49.535,12.862747047167337,12.764446917736477,1.4179084292078017,22.795
2026-10-25 05:23:57,58.161778159022155,58.30120482929792,67.40341503101682,103.76,27.84994516342568,27.86021035012911,9.896820882687665,49.6,12.879376212472252,12.78068444341307,1.419031489002123,22.82
2026-10-25 05:38:57,58.21344659858013,58.36325803867319,67.47765897221508,103.86,27.871134143020026,27.884454700753214,9.90568614487326,49.645,12.897892185611056,12.799439646048109,1.421646681981686,22.86
2026-10-25 05:53:57,58.2813891236355,58.424951643969095,67.54474344364444,103.98,27.90915087831423,27.92123170075299,9.919224184626659,49.71,12.91035489362951,12.809772813061114,1.422359496754315,22.875
2026-10-25 06:08:57,58.30697490724601,58.44985665712507,67.5698773067418,104.025,27.930126304234175,27.94081720627385,9.9271619728492,49.75,12.922149780021874,12.816673551793327,1.4232045440528776,22.89
2026-10-25 06:23:57,58.36291361712349,58.51943626373511,67.64482698410913,104.14,27.96075794163018,27.96392383775371,9.934641675597266,49.79,12.93805581001369,12.826649932075192,1.4241906084945033,22.91
2026-10-25 06:38:57,58.396618297162895,58.55156690183333,67.67656008469757,104.195,27.97312392606296,27.979355380056056,9.939464388645936,49.815,12.94284904120907,12.83048967770491,1.425017508412003,22.92
2026-10-25 06:53:57,58.445129140830545,58.60402351625395,67.73648525179016,104.29,27.9969078917506,28.005380845492798,9.948014781546709,49.86,12.94544165144894,12.835796703049393,1.4255007547467156,22.93
2026-10-25 07:08:57,58.5469515830622,58.709234142630244,67.8534847164021,104.48,28.01482824093611,28.03222003829391,9.957160093508056,49.9,12.960927890523559,12.851870341948763,1.4273293520001558,22.955
2026-10-25 07:23:57,58.560506880243075,58.72234176309051,67.86791030863158,104.505,28.017166204226136,28.03417641295411,9.958204161244883,49.905,12.972598191019193,12.864009101345555,1.4285978465934008,22.975
2026-10-25 07:38:57,58.59918932835791,58.76476798820093,67.91460561385968,104.575,28.03941739584648,28.063106915581603,9.966969224691207,49.95,12.984339254480409,12.874960932949586,1.4301926495719766,23.0
2026-10-25 07:53:57,58.67428507979764,58.832934708401766,67.9939632178661,104.7,28.040055654953385,28.065183273525445,9.968119139401479,49.955,12.989978059019538,12.878886576702127,1.4310090951847896,23.01
2026-10-25 08:08:57,58.71933986324276,58.8686151194393,68.04619456611235,104.775,28.065504721584194,28.09580241539034,9.978121961018633,50.005,12.999539197368344,12.885568626106997,1.4320443021470564,23.025
2026-10-25 08:23:57,58.787943490244885,58.93657053390589,68.12243895322666,104.885,28.089059113482133,28.115125461522755,9.985469071178734,50.04,13.005738469024644,12.896239939940974,1.4331033756039733,23.04
2026-10-25 08:38:57,58.828636598377486,58.96577657680604,68.1627476628205,104.95,28.119308142874505,28.142164020616843,9.996350257701371,50.09,13.013696102223493,12.902715481378895,1.433773109682701,23.055
2026-10-25 08:53:57,58.861346885078724,58.993982561067405,68.19688618880501,105.005,28.13742213013554,28.16278852129313,10.00160279718078,50.115,13.023767775040614,12.922428090913723,1.435326728826955,23.08
2026-10-25 09:08:57,58.888266536024375,59.01480080625693,68.2266697456203,105.055,28.152065159715008,28.172670551200255,10.00624282440314,50.135,13.03758229095958,12.936059612549546,1.436938252154475,23.105
2026-10-25 09:23:57,58.93152658685703,59.045144648102706,68.26697876445589,105.12,28.183856404353772,28.203120666396213,10.016950470320127,50.185,13.058203737283927,12.954610792600885,1.4389353771183213,23.135
2026-10-25 09:38:57,58.94940889644282,59.0599982530799,68.28709361737518,105.15,28.20563893999419,28.22338668477076,10.023178981199315,50.22,13.060989165167571,12.95835924292856,1.4392181705235634,23.14
2026-10-25 09:53:57,59.02330890046726,59.11850384317147,68.36206611681288,105.265,28.224397651981853,28.243453564860367,10.029754883683957,50.255,13.078265644255632,12.974059841755421,1.4414482472467216,23.17
2026-10-25 10:08:57,59.07157236103366,59.1619784861816,68.41721123930344,105.34,28.238664905728758,28.258378116461216,10.035460771082,50.28,13.092498448728707,12.982458218938419,1.4427633577049095,23.19
2026-10-25 10:23:57,59.08870796254928,59.1788034795564,68.43803985549596,105.37,28.24662650740044,28.26655889086771,10.038512782546936,50.295,13.094036601603532,12.987084393413863,1.4430682685407867,23.195
2026-10-25 10:38:57,59.096965551059746,59.188738806960096,68.45540486197265,105.395,28.252648595943377,28.275341858146653,10.0404930361221,50.305,13.094036601603532,12.987084393413863,1.4430682685407867,23.195
2026-10-25 10:53:57,59.105571907919945,59.19571352001299,68.46484757022338,105.41,28.256138440857683,28.279625161182473,10.041934862238485,50.31,13.094036601603532,12.987084393413863,1.4430682685407867,23.195
2026-10-25 11:08:57,59.11023402195991,59.20030708434678,68.46936785922901,105.415,28.259794974420753,28.280785401291606,10.04280011840695,50.315,13.094036601603532,12.987084393413863,1.4430682685407867,23.195
2026-10-25 11:23:57,59.126013882999864,59.21035498330989,68.48476392053331,105.44,28.26800202142793,28.2864470072648,10.044239822926537,50.325,13.094036601603532,12.987084393413863,1.4430682685407867,23.195
2026-10-25 11:38:57,59.16675569933984,59.25176325029717,68.533872001186,105.51,28.27205579424521,28.29093383014273,10.045786733700316,50.335,13.094036601603532,12.987084393413863,1.4430682685407867,23.195
2026-10-25 11:53:57,59.234317116248285,59.298677074277194,68.59849877669696,105.605,28.292521315991998,28.309633845577974,10.054018055525047,50.375,13.096324105479505,12.990482425614669,1.4435651501615687,23.2
2026-10-25 12:08:57,59.28194601216945,59.33856650557489,68.64561180686717,105.68,28.30718372087339,28.324958642002876,10.057772187112484,50.395,13.101871397575652,12.994316218910987,1.444091331119649,23.21
2026-10-25 12:23:57,59.31516018236889,59.36507426242309,68.67292813737072,105.725,28.312130897670986,28.332746567219413,10.060550513457823,50.41,13.101871397575652,12.994316218910987,1.444091331119649,23.21
2026-10-25 12:38:57,59.31649829660461,59.36788897123585,68.67509472324004,105.73,28.3131516371214,28.337687089138168,10.062001219925449,50.415,13.101871397575652,12.994316218910987,1.444091331119649,23.21
2026-10-25 12:53:57,59.32986202945197,59.3770287562318,68.69017188460923,105.755,28.31569190585123,28.33904072861113,10.062958734568607,50.42,13.105993631117425,12.998843645920612,1.444468460351116,23.215
2026-10-25 13:08:57,59.347228316452174,59.38763570788244,68.70552877261629,105.785,28.321767584046803,28.34280626742726,10.065359882811352,50.43,13.109658635105024,13.000134824269903,1.4447006359965837,23.22
2026-10-25 13:23:57,59.378902900423384,59.425665890167735,68.7530624623675,105.85,28.32389746957192,28.34385997746941,10.066365433629821,50.435,13.112053273804706,13.002749365252084,1.445071115041406,23.225
2026-10-25 13:38:57,59.409494812748704,59.44770146318887,68.78087497770146,105.895,28.327765578227535,28.34662381012503,10.067549853387812,50.44,13.118368002569941,13.011073057759527,1.4457499045469953,23.235
2026-10-25 13:53:57,59.42426867536948,59.463064170701095,68.80155051968411,105.925,28.33119554068809,28.349927649926812,10.068804870319251,50.445,13.118368002569941,13.011073057759527,1.4457499045469953,23.235
2026-10-25 14:08:57,59.42426867536948,59.463064170701095,68.80155051968411,105.925,28.349277038023846,28.36460921538563,10.073927579038905,50.47,13.119784414695523,13.013906789901402,1.44592259929683,23.24
2026-10-25 14:23:57,59.43174616239876,59.47038914827117,68.80473337197881,105.935,28.349277038023846,28.36460921538563,10.073927579038905,50.47,13.119784414695523,13.013906789901402,1.44592259929683,23.24
2026-10-25 14:38:57,59.43174616239876,59.47038914827117,68.80473337197881,105.935,28.349277038023846,28.36460921538563,10.073927579038905,50.47,13.119784414695523,13.013906789901402,1.44592259929683,23.24
2026-10-25 14:53:57,59.45141272474789,59.484908012834794,68.82044468262714,105.96,28.354368119399066,28.371413970398876,10.075312319061997,50.48,13.119784414695523,13.013906789901402,1.44592259929683,23.24
2026-10-25 15:08:57,59.45141272474789,59.484908012834794,68.82044468262714,105.96,28.354368119399066,28.371413970398876,10.075312319061997,50.48,13.119784414695523,13.013906789901402,1.44592259929683,23.24
2026-10-25 15:23:57,59.45468420885963,59.48848765449765,68.82285602099188,105.965,28.35878115960016,28.37328260060431,10.076394209090495,50.485,13.119784414695523,13.013906789901402,1.44592259929683,23.24
2026-10-25 15:38:57,59.46105725897027,59.49437972334618,68.8296485370755,105.975,28.3603686552674,28.375321386001225,10.077231648088695,50.49,13.120460957653936,13.016773715931917,1.4461597073578472,23.245
2026-10-25 15:53:57,59.47017743744498,59.50564662426799,68.83887618686192,105.99,28.364502978711172,28.37969702780895,10.078040423482097,50.495,13.120460957653936,13.016773715931917,1.4461597073578472,23.245
2026-10-25 16:08:57,59.47017743744498,59.50564662426799,68.83887618686192,105.99,28.364502978711172,28.37969702780895,10.078040423482097,50.495,13.120460957653936,13.016773715931917,1.4461597073578472,23.245
2026-10-25 16:23:57,59.47498171377369,59.51005845392489,68.84325714104783,105.995,28.367030550178974,28.384636646039727,10.078873300598772,50.5,13.120460957653936,13.016773715931917,1.4461597073578472,23.245
2026-10-25 16:38:57,59.480790419669994,59.5147706729511,68.84682019607307,106.005,28.367030550178974,28.384636646039727,10.078873300598772,50.5,13.122581027320265,13.019072023731345,1.4464034847681735,23.25
2026-10-25 16:53:57,59.480790419669994,59.5147706729511,68.84682019607307,106.005,28.36799371404719,28.387618755005835,10.080073110420711,50.505,13.122581027320265,13.019072023731345,1.4464034847681735,23.25
2026-10-25 17:08:57,59.484624753517984,59.51761424251785,68.85130604990144,106.01,28.372251094357008,28.391049646132434,10.081430202195302,50.51,13.123472234258344,13.02005929462269,1.4468274701042763,23.255
2026-10-25 17:23:57,59.484624753517984,59.51761424251785,68.85130604990144,106.01,28.375098594885237,28.3920653074617,10.082176463748795,50.515,13.123472234258344,13.02005929462269,1.4468274701042763,23.255
2026-10-25 17:38:57,59.498041935825036,59.526040849214056,68.8654495978092,106.03,28.376398322310507,28.395264717640828,10.083446589853704,50.52,13.124807147846989,13.022523486845465,1.4473257308539589,23.26
2026-10-25 17:53:57,59.51111839308102,59.53819936370599,68.88555446427944,106.055,28.37906955447839,28.398653165137,10.08462236979035,50.525,13.129202340925366,13.03039362657523,1.4479860971795957,23.27
2026-10-25 18:08:57,59.52367081231339,59.547416203422685,68.89994663740158,106.075,28.38442146195177,28.401239207728757,10.0861811964915,50.535,13.129202340925366,13.03039362657523,1.4479860971795957,23.27
2026-10-25 18:23:57,59.56108447082711,59.57621475670958,68.94155419865653,106.135,28.412603173663143,28.426055350102633,10.093533653457616,50.57,13.142778867092849,13.041844560513873,1.4492303816338772,23.295
2026-10-25 18:38:57,59.58581123340721,59.603453861561256,68.96692599919291,106.18,28.422779496747403,28.438707589854694,10.096780426023798,50.59,13.150166079751397,13.050803042358421,1.4497898956604263,23.305
2026-10-25 18:53:57,59.62289604605371,59.646475733280134,69.00672367610167,106.24,28.43422547484569,28.447714403526405,10.100924203644798,50.61,13.15229614816575,13.05683842634102,1.450579888779391,23.315
2026-10-25 19:08:57,59.62674365012541,59.64984044062388,69.00941795386632,106.245,28.439199475230016,28.454324817785455,10.103380474742066,50.62,13.15229614816575,13.05683842634102,1.450579888779391,23.315
2026-10-25 19:23:57,59.62674365012541,59.64984044062388,69.00941795386632,106.245,28.439199475230016,28.454324817785455,10.103380474742066,50.62,13.15229614816575,13.05683842634102,1.450579888779391,23.315
2026-10-25 19:38:57,59.63646700903803,59.66412763977255,69.02010739927894,106.265,28.439199475230016,28.454324817785455,10.103380474742066,50.62,13.15229614816575,13.05683842634102,1.450579888779391,23.315
2026-10-25 19:53:57,59.64223308661113,59.66878000236641,69.0273109355723,106.275,28.439199475230016,28.454324817785455,10.103380474742066,50.62,13.15229614816575,13.05683842634102,1.450579888779391,23.315
2026-10-25 20:08:57,59.669893189189274,59.707931993558404,69.06203087317436,106.33,28.44513092963036,28.458812962909423,10.105674028577601,50.63,13.15229614816575,13.05683842634102,1.450579888779391,23.315
2026-10-25 20:23:57,59.70445233533114,59.74704381815024,69.09284839068438,106.39,28.458709797813256,28.472097540403357,10.109484871045657,50.65,13.15229614816575,13.05683842634102,1.450579888779391,23.315
2026-10-25 20:38:57,59.72019558056834,59.7661787073115,69.11509264164559,106.425,28.465380148851786,28.478887920463606,10.112977173538907,50.665,13.154874307644278,13.06292950729362,1.45117897814908,23.325
2026-10-25 20:53:57,59.73188618329951,59.77601988021528,69.12335048561786,106.44,28.465380148851786,28.478887920463606,10.112977173538907,50.665,13.154874307644278,13.06292950729362,1.45117897814908,23.325
2026-10-25 21:08:57,59.73754723043044,59.78842504623288,69.13413874768808,106.455,28.465380148851786,28.478887920463606,10.112977173538907,50.665,13.154874307644278,13.06292950729362,1.45117897814908,23.325
2026-10-25 21:23:57,59.75758263933907,59.81291447657418,69.16141568189923,106.5,28.468806061269476,28.485292999125885,10.115080251348827,50.675,13.15604385142027,13.067866052243474,1.451390493030266,23.33
2026-10-25 21:38:57,59.829370370841744,59.877115988940815,69.23496054053268,106.625,28.483724467578384,28.502889828289934,10.121755133963493,50.71,13.164173225773192,13.081811435067118,1.4527951177494227,23.355
2026-10-25 21:53:57,59.88282478753062,59.93390760760259,69.3085405694966,106.73,28.525606279487217,28.5471507045802,10.137965942702705,50.785,13.170067240549233,13.088591048903153,1.4533651075465075,23.365
2026-10-25 22:08:57,59.92733080173065,59.979870410966534,69.37356537066466,106.82,28.539272021132597,28.564236346325885,10.146161041481149,50.825,13.179091649630374,13.10257035368656,1.45519110665175,23.39
2026-10-25 22:23:57,60.01132403840793,60.06004366338923,69.47211118685473,106.975,28.60650645227769,28.63212366008042,10.170728724993284,50.95,13.22273065710781,13.145315308490483,1.4598756190018753,23.465
2026-10-25 22:38:57,60.070132239786304,60.116084660298874,69.53435272336395,107.07,28.626697679372878,28.647052071939786,10.176436833829355,50.98,13.241340488656768,13.165808554951425,1.4619819422719056,23.5
2026-10-25 22:53:57,60.07815900429389,60.13162938466301,69.54692921160009,107.09,28.632363836990393,28.65143929981593,10.177962741841469,50.99,13.24855364404285,13.171818429988182,1.4624835218062917,23.51
2026-10-25 23:08:57,60.13766299574483,60.18832373223061,69.62428410089593,107.195,28.680877825129773,28.712259702026934,10.198352621830141,51.085,13.263940708001842,13.181935212054075,1.4642963427635163,23.535
2026-10-25 23:23:57,60.20129074275742,60.252320451421454,69.69559988651669,107.305,28.730187763477982,28.774922422243467,10.21939903136896,51.185,13.294599850714286,13.217664688159253,1.4670408301712503,23.59
2026-10-25 23:38:57,60.304816279432096,60.336157726871434,69.80749361761913,107.47,28.782619300265985,28.82452958916018,10.237343840511183,51.275,13.321912180105594,13.236768436857076,1.4697731133607073,23.635
2026-10-25 23:53:57,60.38439579870378,60.419148408833834,69.91752351471007,107.63,28.841977922133868,28.88095888938011,10.259057336592107,51.38,13.337743905188953,13.253005027167676,1.4723596450102971,23.67
2026-10-26 00:08:57,60.46158777495183,60.500310182558536,70.00185827756981,107.765,28.88132984546282,28.922276346280633,10.274998745442945,51.46,13.361793126101098,13.276516178345844,1.4754102296518348,23.715
2026-10-26 00:23:57,60.54553924332908,60.602204639559446,70.10941973249332,107.93,28.944367669648678,28.98710756475993,10.296404623471231,51.56,13.395805525500897,13.303948325402809,1.4783215814476958,23.765
2026-10-26 00:38:57,60.692815758094426,60.73751355360744,70.2698399858731,108.185,29.00518213057634,29.04604318531504,10.316746196391303,51.66,13.42151913312642,13.334026940772489,1.481131027906417,23.815
2026-10-26 00:53:57,60.717348386672775,60.764200253274,70.30223872441425,108.235,29.037648706512112,29.07419615655585,10.323583836428812,51.705,13.439394211871573,13.34512316740464,1.4825889458861992,23.84
2026-10-26 01:08:57,60.76700661474511,60.81185538298588,70.35481469531632,108.32,29.071293954101325,29.10987049148311,10.333181090045917,51.765,13.455531315118076,13.36777991239932,1.4846341527178804,23.87
2026-10-26 01:23:57,60.817443168140635,60.86450380669086,70.41933879803616,108.42,29.094956219323304,29.14489328891692,10.343479325238565,51.815,13.471984268232047,13.385397084530995,1.4863773494803816,23.9
2026-10-26 01:38:57,60.85357764534724,60.90823672534915,70.46840695654222,108.49,29.131556431479545,29.18763599309861,10.355763558135003,51.885,13.488236688060187,13.397439000804878,1.4880657101638244,23.925
2026-10-26 01:53:57,60.89426811686119,60.95198576402979,70.51734310610144,108.565,29.150743274376754,29.203168183518827,10.363528966287873,51.925,13.493123564112159,13.4049932581051,1.4886057561093922,23.935
2026-10-26 02:08:57,60.925190203287904,60.98348472379025,70.55395472819063,108.625,29.177816475838952,29.23065108896642,10.374151441784685,51.98,13.530931686896162,13.438281270514617,1.4922211362268967,23.995
2026-10-26 02:23:57,61.00422481062015,61.07265952098291,70.64467266885447,108.765,29.212487641914407,29.269482722152183,10.389150035012342,52.05,13.54404059459763,13.452554053963864,1.4935602348504402,24.02
2026-10-26 02:38:57,61.06100105207969,61.142170473941945,70.71210247995892,108.87,29.225463818423158,29.27947481058652,10.393531713610948,52.075,13.56070227947466,13.46794377095996,1.4959000252720052,24.05
2026-10-26 02:53:57,61.11300027650018,61.19072527096644,70.76640584496404,108.955,29.236903931345164,29.292651401185857,10.39761093322088,52.1,13.566768492367594,13.473846231206416,1.4966838590026725,24.06
2026-10-26 03:08:57,61.18620186819981,61.252747016069904,70.83776188877599,109.08,29.26162404760434,29.314779662377163,10.4052704567784,52.145,13.576749675480917,13.485199263319062,1.4976569397266395,24.075
2026-10-26 03:23:57,61.21972959180433,61.296059603664034,70.88601708370517,109.15,29.291376310118697,29.34855075939805,10.413968482058632,52.19,13.606752596379211,13.505232800400233,1.5005357145956595,24.12
2026-10-26 03:38:57,61.27216870692237,61.35484114385176,70.94959162721089,109.25,29.29609581796111,29.35390045919375,10.415521674100368,52.2,13.608462258856676,13.506405525846857,1.5007033051834318,24.125
2026-10-26 03:53:57,61.32612130676405,61.41048447563384,71.01257569960596,109.345,29.315677995495896,29.38148311204947,10.422289711280799,52.24,13.629457429823983,13.51582717363241,1.5021341329737656,24.15
2026-10-26 04:08:57,61.40070191016029,61.481246957341234,71.1027939539683,109.475,29.34824212019855,29.422769531019036,10.436192651695386,52.305,13.639147046817858,13.525000776618619,1.5036054099726037,24.175
2026-10-26 04:23:57,61.43883281623095,61.52600564356631,71.14745381784165,109.55,29.3697406713895,29.44354355972445,10.44434237267018,52.345,13.650158057149426,13.536681673378023,1.5046678136208815,24.19
2026-10-26 04:38:57,61.47675722795662,61.56441073291581,71.19808616802663,109.62,29.38897645325111,29.470291250380292,10.452670970390724,52.385,13.662159228627049,13.552079743139162,1.506143704391379,24.215
2026-10-26 04:53:57,61.517251677403614,61.60683804747957,71.2443173190598,109.695,29.417228563661432,29.499064781110498,10.459634526471868,52.43,13.66839513594023,13.558123640793973,1.507048284571654,24.23
2026-10-26 05:08:57,61.568082820023456,61.6476596205276,71.29099485289156,109.775,29.46648739315481,29.54392500510368,10.478523929462352,52.52,13.687945472820715,13.57992755564922,1.5094333908672732,24.265
2026-10-26 05:23:57,61.67270181430824,61.738698955083066,71.40172516883484,109.95,29.486634564784392,29.556645585846425,10.483608176790938,52.55,13.697292310628539,13.595465042614297,1.51066089733676,24.285
2026-10-26 05:38:57,61.727859190343715,61.79654595805156,71.45887936081596,110.04,29.51106490481548,29.573494046971145,10.492046308028826,52.59,13.719157773090066,13.610732826836992,1.5127719981539989,24.32
2026-10-26 05:53:57,61.763386091699516,61.83131956714528,71.49740346046228,110.11,29.53899354812736,29.595934673925058,10.50042805511972,52.63,13.72222804618099,13.611905400968656,1.5131838769356654,24.325
2026-10-26 06:08:57,61.825188042153364,61.883477527840704,71.56614377044488,110.215,29.56524937396251,29.616540698826764,10.508535286665856,52.665,13.72550603310213,13.61682744438017,1.5138430725783658,24.335
2026-10-26 06:23:57,61.86076709567665,61.922607008602206,71.61211362815948,110.28,29.5806047000834,29.629848495915063,10.514089275667683,52.69,13.729611432488639,13.619393044265252,1.5141545565528902,24.34
2026-10-26 06:38:57,61.94264282859711,62.00759270571723,71.70506239337229,110.425,29.62182792176153,29.67248385392868,10.527205750678052,52.755,13.74230200864765,13.629753520366267,1.5154301889799944,24.365
2026-10-26 06:53:57,62.009745934695026,62.06707267296015,71.7747638511539,110.53,29.62937013752562,29.67759035598149,10.528956122493067,52.765,13.750811800498367,13.639071381143616,1.51680659428851,24.38
2026-10-26 07:08:57,62.05911161352748,62.11218474427453,71.83071645213589,110.615,29.653566900204908,29.701813934118274,10.537226460878045,52.805,13.767239251596035,13.65230481840814,1.5178456686777029,24.4
2026-10-26 07:23:57,62.089758105034925,62.149519667697625,71.87596202470229,110.685,29.665586967132135,29.718435946931198,10.544256225939305,52.84,13.771179326709238,13.655575732459384,1.5182748701402031,24.405
2026-10-26 07:38:57,62.17339826884619,62.22822410235484,71.97776790597882,110.825,29.702229744853735,29.75296242502599,10.557486601045696,52.9,13.799468051147075,13.683823548122797,1.5208331805691218,24.45
2026-10-26 07:53:57,62.18338902609331,62.23804609448707,71.99121297660855,110.845,29.711741213295216,29.760238533583735,10.559627900382345,52.91,13.80330424345643,13.686028828839975,1.5212313420895798,24.455
2026-10-26 08:08:57,62.24448650983404,62.30276787046134,72.05100586631836,110.945,29.76709899036547,29.813677183299944,10.578245612734193,53.005,13.821012903395495,13.715963732766363,1.5242290878664484,24.495
2026-10-26 08:23:57,62.28905428315276,62.35383039927098,72.10970166365966,111.04,29.78427018837656,29.838194226811073,10.58434866549379,53.035,13.835613426723619,13.726433046978853,1.5253334626011708,24.515
2026-10-26 08:38:57,62.32373427479005,62.39069885325819,72.14835296876865,111.105,29.81246564209092,29.871189849102347,10.592894009826646,53.08,13.835613426723619,13.726433046978853,1.5253334626011708,24.515
2026-10-26 08:53:57,62.37071031382497,62.44319001037661,72.20464201754108,111.19,29.84226640230126,29.89510756422944,10.60033564833197,53.12,13.851479757410027,13.74269516378081,1.5267579991706086,24.54
2026-10-26 09:08:57,62.40745448259107,62.47675987139623,72.23533926621144,111.24,29.85750297833998,29.906786399094123,10.604394573601603,53.14,13.858935468684471,13.749065163387737,1.527567083265809,24.55
2026-10-26 09:23:57,62.46084222666702,62.54354662630886,72.29871832334847,111.335,29.879609683214873,29.93221303991393,10.615799730545284,53.19,13.858935468684471,13.749065163387737,1.527567083265809,24.55
2026-10-26 09:38:57,62.50602964218693,62.58868372273038,72.3463616630622,111.415,29.88528286539993,29.937871558462028,10.617911016695068,53.2,13.867209375384022,13.75535628034689,1.528314056085052,24.56
2026-10-26 09:53:57,62.53518140010251,62.615373694825905,72.38025066799547,111.47,29.899031103621958,29.94580183015275,10.621760563788314,53.22,13.870565171111727,13.761121508073991,1.5289910537927829,24.57
2026-10-26 10:08:57,62.55846263274839,62.64186615570938,72.41541764447109,111.52,29.91321719795498,29.965163034861487,10.628706175364341,53.25,13.88650375812932,13.779709450322088,1.531118982205187,24.6
2026-10-26 10:23:57,62.56844782915084,62.64825571645962,72.42371726124009,111.535,29.91704554475676,29.9682719015717,10.629876072438243,53.255,13.894506760165328,13.789422717359367,1.5322819642190102,24.62
2026-10-26 10:38:57,62.609694475175445,62.691303522054305,72.46235731143982,111.6,29.923071970096743,29.971336731682847,10.631797614009717,53.265,13.899366793769392,13.800375563838958,1.5332045277176223,24.635
2026-10-26 10:53:57,62.627437531999654,62.70931464889033,72.48235115814109,111.635,29.930524663862382,29.978253058057877,10.635782728782651,53.28,13.899366793769392,13.800375563838958,1.5332045277176223,24.635
2026-10-26 11:08:57,62.64745010280308,62.72690599364648,72.50107680017847,111.665,29.930524663862382,29.978253058057877,10.635782728782651,53.28,13.90290903754137,13.804573186106431,1.5334051734347185,24.64
2026-10-26 11:23:57,62.665772714536956,62.74836352098839,72.52289206821702,111.7,29.94492907707666,29.98699931995453,10.639929867830142,53.3,13.90290903754137,13.804573186106431,1.5334051734347185,24.64
2026-10-26 11:38:57,62.68996855181669,62.76495889572738,72.53759139676433,111.73,29.95640213665462,29.994221222072582,10.643641707683807,53.315,13.90290903754137,13.804573186106431,1.5334051734347185,24.64
2026-10-26 11:53:57,62.70667889124399,62.78173259487034,72.56014699326236,111.765,29.95640213665462,29.994221222072582,10.643641707683807,53.315,13.90290903754137,13.804573186106431,1.5334051734347185,24.64
2026-10-26 12:08:57,62.74347835687732,62.80582920129741,72.59098072049514,111.82,29.9697972944536,30.008959126633602,10.648782257990053,53.345,13.909401477116655,13.807252215164139,1.5337866724156377,24.65
2026-10-26 12:23:57,62.76779967416627,62.83368578293573,72.61926303746726,111.865,29.974456514616534,30.012351183674326,10.650671217678308,53.355,13.911079966242077,13.807963454076146,1.5340072206428208,24.655
2026-10-26 12:38:57,62.79016289838637,62.8511438828237,72.6455241555493,111.905,29.977388641162236,30.013350145504354,10.651452013004446,53.36,13.915012581687881,13.814379779472121,1.534747706071013,24.665
2026-10-26 12:53:57,62.79752562824802,62.86201427827834,72.65893037353437,111.92,29.98429089309746,30.0165863911532,10.652526319753777,53.37,13.915772153701473,13.81911761827366,1.535164325052593,24.67
2026-10-26 13:08:57,62.81293839914129,62.87663273125088,72.6739802559661,111.94,29.996645466514142,30.02638219839408,10.654401391004175,53.385,13.91734009950849,13.821196418599111,1.5355872193069136,24.675
2026-10-26 13:23:57,62.83391476037878,62.89921408979348,72.70053655247924,111.975,29.996645466514142,30.02638219839408,10.654401391004175,53.385,13.91734009950849,13.821196418599111,1.5355872193069136,24.675
2026-10-26 13:38:57,62.83507098464191,62.90395859696642,72.70228076394653,111.98,29.996645466514142,30.02638219839408,10.654401391004175,53.385,13.91734009950849,13.821196418599111,1.5355872193069136,24.675
2026-10-26 13:53:57,62.842221398178694,62.91067633268254,72.70868804841308,111.99,29.999361237530792,30.0275340149577,10.655456370382915,53.39,13.91734009950849,13.821196418599111,1.5355872193069136,24.675
2026-10-26 14:08:57,62.84548846585355,62.91265018933606,72.7162345079258,112.0,29.999361237530792,30.0275340149577,10.655456370382915,53.39,13.91734009950849,13.821196418599111,1.5355872193069136,24.675
2026-10-26 14:23:57,62.851046299972076,62.92352134535243,72.72385777262917,112.015,30.00782323335767,30.030843941213273,10.657008703686246,53.4,13.92082253846081,13.825353926410674,1.5362072874987278,24.685
2026-10-26 14:38:57,62.851046299972076,62.92352134535243,72.72385777262917,112.015,30.00782323335767,30.030843941213273,10.657008703686246,53.4,13.92082253846081,13.825353926410674,1.5362072874987278,24.685
2026-10-26 14:53:57,62.85238336169105,62.9280238884466,72.72749087813281,112.02,30.01112361646373,30.035197990715258,10.658430309512603,53.405,13.924360689353584,13.82972529384124,1.5365639019802098,24.69
2026-10-26 15:08:57,62.861593207689175,62.935407185433384,72.73539641634618,112.035,30.01112361646373,30.035197990715258,10.658430309512603,53.405,13.924360689353584,13.82972529384124,1.5365639019802098,24.69
2026-10-26 15:23:57,62.87292153557334,62.94802300716167,72.74543758945775,112.05,30.011888461618383,30.03645245122668,10.659622431965825,53.41,13.924360689353584,13.82972529384124,1.5365639019802098,24.69
2026-10-26 15:38:57,62.89163830313821,62.967486887871125,72.76454881028212,112.08,30.011888461618383,30.03645245122668,10.659622431965825,53.41,13.924360689353584,13.82972529384124,1.5365639019802098,24.69
2026-10-26 15:53:57,62.893617580283816,62.971258544382735,72.76885004980738,112.085,30.011888461618383,30.03645245122668,10.659622431965825,53.41,13.924360689353584,13.82972529384124,1.5365639019802098,24.69
2026-10-26 16:08:57,62.89453570111294,62.973600002464316,72.77332859530642,112.09,30.011888461618383,30.03645245122668,10.659622431965825,53.41,13.924360689353584,13.82972529384124,1.5365639019802098,24.69
2026-10-26 16:23:57,62.904476236042136,62.985345573102435,72.78084613121045,112.105,30.016663292872877,30.04342439499622,10.66143771324256,53.42,13.924360689353584,13.82972529384124,1.5365639019802098,24.69
2026-10-26 16:38:57,62.904476236042136,62.985345573102435,72.78084613121045,112.105,30.016663292872877,30.04342439499622,10.66143771324256,53.42,13.924360689353584,13.82972529384124,1.5365639019802098,24.69
2026-10-26 16:53:57,62.9102395772577,62.991168543526406,72.7847243855557,112.115,30.01947073026236,30.046829597740697,10.66283717245692,53.425,13.924360689353584,13.82972529384124,1.5365639019802098,24.69
2026-10-26 17:08:57,62.9102395772577,62.991168543526406,72.7847243855557,112.115,30.01947073026236,30.046829597740697,10.66283717245692,53.425,13.924360689353584,13.82972529384124,1.5365639019802098,24.69
2026-10-26 17:23:57,62.9102395772577,62.991168543526406,72.7847243855557,112.115,30.01947073026236,30.046829597740697,10.66283717245692,53.425,13.924360689353584,13.82972529384124,1.5365639019802098,24.69
2026-10-26 17:38:57,62.94283593369725,63.02271751848359,72.81812197008169,112.165,30.02109748045874,30.050836042839887,10.664321667811016,53.43,13.928554862166393,13.833820470545609,1.5369278020899901,24.695
2026-10-26 17:53:57,62.946689031203654,63.02408430312544,72.82299312016018,112.17,30.02109748045874,30.050836042839887,10.664321667811016,53.43,13.930357493179747,13.834565162853215,1.5372019125659946,24.7
2026-10-26 18:08:57,62.949329866685844,63.0263515619825,72.82615617668166,112.175,30.02109748045874,30.050836042839887,10.664321667811016,53.43,13.930357493179747,13.834565162853215,1.5372019125659946,24.7
2026-10-26 18:23:57,62.98122264577688,63.052294260574854,72.85969950518599,112.225,30.02459623713793,30.060466587538613,10.666267220088667,53.445,13.931935314022644,13.837377230971365,1.5375914235558608,24.705
2026-10-26 18:38:57,62.994050265541524,63.065469578981556,72.8772246792558,112.25,30.032460480417782,30.06867041102461,10.669202084038751,53.46,13.941661396509653,13.852822263734225,1.5388865759484307,24.725
2026-10-26 18:53:57,63.005933106376816,63.07854116297466,72.89707270815983,112.275,30.040284573013448,30.07109761316861,10.671080338861458,53.47,13.941661396509653,13.852822263734225,1.5388865759484307,24.725
2026-10-26 19:08:57,63.006944863333935,63.08242992581136,72.89935417299219,112.28,30.040284573013448,30.07109761316861,10.671080338861458,53.47,13.942678975344627,13.856786795098635,1.5392935509937025,24.73
2026-10-26 19:23:57,63.02768139770917,63.10769423990886,72.91901540518447,112.32,30.043726698702763,30.077768100222332,10.673820202328207,53.48,13.945141027245016,13.860067704390428,1.5397915709534122,24.735
2026-10-26 19:38:57,63.07184476164725,63.164884304676605,72.9758346228311,112.41,30.061696374105075,30.089873991419147,10.678062294249234,53.51,13.945141027245016,13.860067704390428,1.5397915709534122,24.735
2026-10-26 19:53:57,63.14684392707748,63.242291823024104,73.07028865290471,112.54,30.11938122256031,30.148116775141766,10.694666970430614,53.6,13.964546026610034,13.884814013889649,1.5426188568468173,24.775
2026-10-26 20:08:57,63.17118632473829,63.265027459042415,73.09789540281598,112.585,30.142939414922726,30.161031882749516,10.701347340133765,53.63,13.969497415467236,13.885455888206737,1.5430379789018889,24.78
2026-10-26 20:23:57,63.23392008813432,63.30752876163161,73.15425544892265,112.67,30.163435506916144,30.17771979437435,10.70573329262364,53.66,13.973276855822439,13.892923093162823,1.5442701284007163,24.795
2026-10-26 20:38:57,63.25130884400727,63.32473060873067,73.17065662732291,112.7,30.171251489288466,30.18295181266518,10.708754344488897,53.675,13.973905260656267,13.896799951984018,1.5445020078229585,24.8
2026-10-26 20:53:57,63.27544810385395,63.351388288161004,73.19475819178663,112.745,30.180731309830577,30.191908958024506,10.711326755301984,53.69,13.973905260656267,13.896799951984018,1.5445020078229585,24.8
2026-10-26 21:08:57,63.27795316272733,63.35585004110502,73.2019444631916,112.755,30.182525445671946,30.19288684732469,10.712303596021611,53.695,13.973905260656267,13.896799951984018,1.5445020078229585,24.8
2026-10-26 21:23:57,63.299510176238265,63.37549921762069,73.23341618535378,112.8,30.191871357300034,30.20994821305785,10.717712705941716,53.72,13.979717674077682,13.903079401766401,1.5449673917464257,24.81
2026-10-26 21:38:57,63.31239371091819,63.382566147006415,73.24742842968143,112.825,30.193629354568998,30.21304156335934,10.718882382409754,53.73,13.9887560195762,13.912680401700642,1.5457337919162448,24.82
2026-10-26 21:53:57,63.368579759746716,63.437507294777994,73.3153088032187,112.925,30.223798648697294,30.240335283293504,10.731029133849612,53.79,14.002704636528323,13.918942003981261,1.5466708442894863,24.84
2026-10-26 22:08:57,63.45535584093391,63.506980755137775,73.40774032100006,113.065,30.28979677012145,30.302149372083207,10.751367514841766,53.895,14.044069821265238,13.959159816801558,1.5511261821291635,24.91
2026-10-26 22:23:57,63.48484809475812,63.54295399790483,73.45075732439186,113.13,30.300471461792682,30.31048471773171,10.755231413064605,53.915,14.057421497681919,13.967973973567759,1.552500355114573,24.93
2026-10-26 22:38:57,63.53228136861696,63.596773401757055,73.5126877089646,113.22,30.335863448201305,30.347216620873045,10.767138519342009,53.97,14.07844724219444,13.981350237306339,1.5536915376144371,24.96
2026-10-26 22:53:57,63.579313456983634,63.64153027222559,73.57557684631922,113.315,30.378347958396407,30.38859117744627,10.782158441256113,54.045,14.096045177858267,13.998237281078696,1.55667886831328,25.005
2026-10-26 23:08:57,63.63234036880093,63.70456981892185,73.64780093887786,113.42,30.40954319004266,30.415890745052327,10.792821001641705,54.1,14.108523172225285,14.014877728318051,1.5589684942377169,25.035
2026-10-26 23:23:57,63.66903211039623,63.736975761445564,73.68297701148057,113.475,30.43070398977671,30.4326846695423,10.800982850742846,54.14,14.116509803551095,14.025286368470885,1.5597497900165345,25.05
2026-10-26 23:38:57,63.691900650995294,63.765392157269325,73.71993084202295,113.535,30.440793430336605,30.447562236032834,10.805798378764251,54.165,14.128360801202987,14.035428902579042,1.5607699882677024,25.07
2026-10-26 23:53:57,63.77353266373127,63.850586751755245,73.81526160801987,113.685,30.469523837315723,30.47653480127706,10.815725917594746,54.21,14.156891448677703,14.063096388482926,1.5640028484940256,25.125
2026-10-27 00:08:57,63.87602915952313,63.95627764843024,73.94244582225342,113.865,30.49696593966247,30.504957028965816,10.827946890262494,54.265,14.172041935938873,14.080625366758166,1.5658325898713608,25.155
2026-10-27 00:23:57,63.993996580748735,64.07801347006628,74.07659149551964,114.075,30.541926911347208,30.55946831258799,10.845456211221466,54.36,14.193593034723603,14.09968098671225,1.5673834802109594,25.19
2026-10-27 00:38:57,64.08490966357448,64.17907201853451,74.18405309098074,114.235,30.64186932022736,30.655137215938254,10.882744841266147,54.545,14.220692648426533,14.125200149760486,1.5706578863213194,25.245
2026-10-27 00:53:57,64.18043507715777,64.25568477264397,74.29570288502649,114.405,30.68541407304967,30.702654487063633,10.897807944925141,54.625,14.250732900530224,14.15160132593216,1.5748214881646074,25.3
2026-10-27 01:08:57,64.22469017944078,64.29595191928018,74.34521608573438,114.475,30.71005611611275,30.72930600735236,10.904284707187069,54.66,14.252947746007086,14.154376160076085,1.5751268157788574,25.305
2026-10-27 01:23:57,64.25259158004543,64.32436212786584,74.37912836848807,114.53,30.728331303005522,30.74518808322734,10.91010632151979,54.69,14.26705603771828,14.164551017831844,1.5759885808807104,25.325
2026-10-27 01:38:57,64.28530438904431,64.36534216045015,74.42426809842613,114.595,30.735216934709552,30.75502678920009,10.913263936345576,54.705,14.271103399408405,14.175895891088723,1.5774254525516114,25.345
2026-10-27 01:53:57,64.3125589444697,64.4038049309757,74.46885726836933,114.66,30.76076223007707,30.775488410453153,10.919615540363207,54.74,14.275691097819502,14.177902771452404,1.5779138147328717,25.35
2026-10-27 02:08:57,64.38742221621344,64.47360047012708,74.54894781704773,114.78,30.78467320247252,30.80233635970357,10.932699224072897,54.8,14.307798419950842,14.212552429205012,1.5807774180409413,25.4
2026-10-27 02:23:57,64.44865596290173,64.55115404789774,74.6343345243196,114.915,30.81337550564626,30.836840753469193,10.945404071045452,54.86,14.342129334653759,14.23923356822674,1.5843009953572127,25.46
2026-10-27 02:38:57,64.49372507916698,64.5967837370122,74.69207285928766,114.995,30.836887259223833,30.855052034525507,10.954467844266002,54.905,14.357288184952196,14.255114472983939,1.5861896711816095,25.49
2026-10-27 02:53:57,64.57532966456905,64.68049096927611,74.78945306342078,115.14,30.87141162222001,30.892000215742044,10.964112580145239,54.97,14.386305669534108,14.283477671303393,1.5897797066086197,25.54
2026-10-27 03:08:57,64.63875408931106,64.73093653874292,74.85391524700462,115.24,30.91032092799271,30.93773594656415,10.979870102102096,55.04,14.402685669965079,14.300777080914205,1.5913412995682843,25.565
2026-10-27 03:23:57,64.68585395365822,64.78516579833526,74.92208836166434,115.35,30.921988804161487,30.954523556627567,10.985550600018874,55.07,14.412156983285971,14.311476396763418,1.592707166866181,25.585
2026-10-27 03:38:57,64.76451569790572,64.86839171923343,74.99586430694573,115.485,30.975113961431457,31.01797163903235,11.005447399111784,55.165,14.431295133678567,14.333698570558989,1.5950546442369666,25.62
2026-10-27 03:53:57,64.81594372784963,64.91464599564299,75.05495452696877,115.57,31.010411004956044,31.04953380388261,11.016949468293275,55.225,14.439458792893074,14.342278076072656,1.5961255089164899,25.635
2026-10-27 04:08:57,64.86177809559896,64.95995838441893,75.10675413134996,115.645,31.046975927311674,31.083450988350684,11.028520496431753,55.28,14.45221402294041,14.357670026100346,1.5973004019033739,25.66
2026-10-27 04:23:57,64.89451003068156,64.99338142602596,75.14380129818353,115.705,31.058886972301476,31.092472160628503,11.032130190835913,55.305,14.46993699066813,14.379344192455541,1.5995659947608634,25.695
2026-10-27 04:38:57,64.96022098645075,65.0600533144616,75.23184511984047,115.835,31.091207351828626,31.134242805441488,11.044298604550983,55.37,14.497267718767427,14.404967687284527,1.6024342706141441,25.74
2026-10-27 04:53:57,64.99821230842535,65.09852845458659,75.27871641582975,115.91,31.128530609240872,31.168171216234185,11.059528271199692,55.44,14.506435511207838,14.41463483964767,1.6037765493341372,25.76
2026-10-27 05:08:57,65.01796298820878,65.1153313709646,75.30404518663572,115.95,31.133310255607604,31.17559262664786,11.06137380083208,55.45,14.506435511207838,14.41463483964767,1.6037765493341372,25.76
2026-10-27 05:23:57,65.0668547909501,65.1588951950613,75.34853867715373,116.03,31.151352157795262,31.189732891942487,11.065896084797433,55.48,14.524760457468833,14.431840504832067,1.6059973747609497,25.79
2026-10-27 05:38:57,65.15847343147313,65.24586673372076,75.44810036526776,116.195,31.18357411118543,31.21810102767622,11.075600592160539,55.53,14.532170861553023,14.445223644665342,1.607195500460869,25.81
2026-10-27 05:53:57,65.260225998622,65.35377903768045,75.56361739181715,116.375,31.196553776782185,31.23283556445315,11.083367091473225,55.565,14.55425653388598,14.46922774535946,1.609252505642788,25.845
2026-10-27 06:08:57,65.32116751231192,65.41587083158797,75.62292581441014,116.485,31.232388573268413,31.2648701467958,11.094972590539598,55.625,14.573701071943736,14.491262524753258,1.6116544326249969,25.88
2026-10-27 06:23:57,65.3811103660601,65.47590376000208,75.68939340420756,116.595,31.27138877766727,31.30809548098639,11.10816665887213,55.695,14.589001067153928,14.504818816040316,1.6131007460491509,25.9
2026-10-27 06:38:57,65.46707637720121,65.57200933926667,75.79207724754804,116.76,31.318861880838046,31.35252931746732,11.121839619500715,55.765,14.593385691541169,14.511560601668746,1.6136821781463428,25.91
2026-10-27 06:53:57,65.54437618523346,65.64172586917661,75.88202442503886,116.89,31.344463341256414,31.381431480007116,11.134977927824584,55.82,14.604403616802363,14.518777649897043,1.6148583968339403,25.925
2026-10-27 07:08:57,65.61656972629707,65.71926310033857,75.96472693174005,117.015,31.37892568289883,31.426817838875216,11.151263832098751,55.895,14.614397266257845,14.537569986041893,1.6166020349095107,25.95
2026-10-27 07:23:57,65.68010712015847,65.7934637015644,76.03229358949832,117.125,31.40338435994753,31.452513653522253,11.16065258959046,55.94,14.64195720885404,14.572535464163597,1.6196502990460224,26.0
2026-10-27 07:38:57,65.80369637695838,65.91204641083989,76.15813937362105,117.33,31.435129483583726,31.481379916182174,11.17255517750172,55.995,14.651793138423296,14.585978278242234,1.6207347949246522,26.02
2026-10-27 07:53:57,65.89112097002713,65.98832017507087,76.26157022402865,117.49,31.471075738711406,31.50988612090292,11.185153965989082,56.06,14.673018199870551,14.605032949410576,1.6230645689316816,26.055
2026-10-27 08:08:57,65.93290652135762,66.0380164415115,76.31313789725141,117.57,31.508988636266686,31.535362610780627,11.194561097794974,56.11,14.682759526678156,14.615156957241249,1.6237924880884487,26.07
2026-10-27 08:23:57,66.01255982979963,66.10477389248703,76.39841854894641,117.69,31.527767311272,31.564618326515564,11.203332232173057,56.155,14.69479931379421,14.626807983968733,1.625318985166786,26.09
2026-10-27 08:38:57,66.07621432045562,66.16283175460423,76.46546064823355,117.79,31.532734611775965,31.570606660199257,11.204641107926827,56.165,14.704481571789179,14.638770824676358,1.6261573069877637,26.105
2026-10-27 08:53:57,66.12007755982678,66.21670141458375,76.5204352444588,117.88,31.562174979654717,31.598701590094294,11.214402197835886,56.215,14.71039769383526,14.644413852471564,1.6269704501583846,26.12
2026-10-27 09:08:57,66.18091145298631,66.27160717092957,76.58141498351273,117.975,31.582928879756512,31.620027298536108,11.220786994100388,56.25,14.72091164652002,14.656411299088939,1.6277277087404893,26.135
2026-10-27 09:23:57,66.2114623011171,66.31036131405851,76.62201014128318,118.035,31.602749656406584,31.646301801694538,11.228514788085054,56.29,14.730414264088571,14.663571756128407,1.6284551861864605,26.15
2026-10-27 09:38:57,66.31472225631572,66.42207042862243,76.75075824966034,118.23,31.650810176728918,31.697690198726356,11.246358306128908,56.385,14.75222019259808,14.683248247216387,1.6304382603820917,26.185
2026-10-27 09:53:57,66.37184198276297,66.47066208748785,76.8067188716262,118.315,31.698865429751606,31.737554510252316,11.26085677821183,56.455,14.770694179051077,14.704426868069556,1.6320514525590175,26.215
2026-10-27 10:08:57,66.46050799862797,66.56300571237033,76.91544718762088,118.48,31.725144472707292,31.76539876709776,11.27156858972047,56.51,14.795137322104699,14.727338076848499,1.6342506875787823,26.255
2026-10-27 10:23:57,66.49339987996981,66.58868234894365,76.94487093881483,118.525,31.729388923711987,31.770389475009907,11.272674360708784,56.515,14.795137322104699,14.727338076848499,1.6342506875787823,26.255
2026-10-27 10:38:57,66.50766053148494,66.60637227098636,76.96589069190878,118.555,31.73082352161819,31.774929466618783,11.273787301201253,56.52,14.79968803151525,14.729738298976551,1.6346628516325383,26.26
2026-10-27 10:53:57,66.5246380791866,66.62492683603053,76.99072212781526,118.595,31.74643932390988,31.78972254071068,11.277119687359354,56.54,14.804066942192053,14.732752046442776,1.6351469370568141,26.265
2026-10-27 11:08:57,66.55390982692812,66.65610906756021,77.02818847953968,118.65,31.74881708829423,31.790781382264413,11.277670074800882,56.545,14.807323027512275,14.735309916746054,1.6353940756195189,26.27
2026-10-27 11:23:57,66.57610007655033,66.66548271620496,77.04899029922348,118.68,31.763306244385674,31.81064897610806,11.282984010670608,56.57,14.808523875544674,14.737408218230449,1.6357423105209323,26.275
2026-10-27 11:38:57,66.60894453435577,66.68892511617392,77.08932005764663,118.74,31.776537980550025,31.82488868218438,11.286620252058267,56.59,14.808523875544674,14.737408218230449,1.6357423105209323,26.275
2026-10-27 11:53:57,66.65789267979517,66.73958686297952,77.15867130071554,118.835,31.790277706856305,31.843539362304824,11.293027809490704,56.625,14.812893158417072,14.744436581082526,1.6365363392552192,26.285
2026-10-27 12:08:57,66.6767095190238,66.76550780933238,77.18515337553764,118.88,31.808005969727116,31.86226081844952,11.300716876532734,56.66,14.812893158417072,14.744436581082526,1.6365363392552192,26.285
2026-10-27 12:23:57,66.68487235296874,66.77537838950313,77.19143647942717,118.895,31.810950702860143,31.86430671732824,11.30138533916317,56.665,14.812893158417072,14.744436581082526,1.6365363392552192,26.285
2026-10-27 12:38:57,66.69196655303708,66.78182971576757,77.19918173881922,118.905,31.810950702860143,31.86430671732824,11.30138533916317,56.665,14.812893158417072,14.744436581082526,1.6365363392552192,26.285
2026-10-27 12:53:57,66.70660007923996,66.79475849330383,77.21582942240649,118.925,31.810950702860143,31.86430671732824,11.30138533916317,56.665,14.819833635368253,14.749662582566907,1.6372382860016332,26.295
2026-10-27 13:08:57,66.71768996144264,66.80125280982695,77.22897818002484,118.945,31.815790067343936,31.86773439210748,11.303568356088018,56.675,14.819833635368253,14.749662582566907,1.6372382860016332,26.295
2026-10-27 13:23:57,66.7198353452847,66.805378882444,77.23231994645049,118.95,31.816437171080157,31.869213095702516,11.304372346919775,56.68,14.819833635368253,14.749662582566907,1.6372382860016332,26.295
2026-10-27 13:38:57,66.73080935161896,66.82329457731629,77.2497559148442,118.98,31.81870625365873,31.87038820349905,11.305663086095205,56.685,14.819833635368253,14.749662582566907,1.6372382860016332,26.295
2026-10-27 13:53:57,66.73387360344984,66.82508552274656,77.2524308923898,118.985,31.826411451800542,31.875932934586935,11.306891394251336,56.695,14.819833635368253,14.749662582566907,1.6372382860016332,26.295
2026-10-27 14:08:57,66.74943968700532,66.84060598883579,77.27190419533638,119.02,31.830435351368944,31.879016597504002,11.308091153876495,56.7,14.824208197024175,14.755191379524051,1.6376842538382597,26.305
2026-10-27 14:23:57,66.75818218346674,66.8502232561205,77.28185410583215,119.04,31.830435351368944,31.879016597504002,11.308091153876495,56.7,14.824208197024175,14.755191379524051,1.6376842538382597,26.305
2026-10-27 14:38:57,66.78768500313218,66.88095552108629,77.31528517012701,119.09,31.841336461281198,31.8910770815909,11.311068280607095,56.72,14.825132252199442,14.759575132917558,1.6381660804799758,26.31
2026-10-27 14:53:57,66.80629322358101,66.89795688564503,77.33642406489713,119.12,31.85776097850441,31.909142582899186,11.317300134411504,56.75,14.825132252199442,14.759575132917558,1.6381660804799758,26.31
2026-10-27 15:08:57,66.8131672519196,66.90494942850893,77.34305112786494,119.13,31.8609885071627,31.910141139045603,11.318055084223824,56.755,14.825132252199442,14.759575132917558,1.6381660804799758,26.31
2026-10-27 15:23:57,66.83483261856227,66.92122761140031,77.3597635917681,119.16,31.864105691769982,31.911597283800294,11.319307023875357,56.76,14.82761287171904,14.761416050849597,1.6386591551249352,26.315
2026-10-27 15:38:57,66.85099702849482,66.93686858567862,77.3791871042624,119.185,31.864105691769982,31.911597283800294,11.319307023875357,56.76,14.83003357877114,14.766320562399244,1.6391241111251045,26.32
2026-10-27 15:53:57,66.85809662033884,66.94152771621945,77.38823917677192,119.195,31.86567620992198,31.91327047340215,11.319918259958232,56.765,14.83003357877114,14.766320562399244,1.6391241111251045,26.32
2026-10-27 16:08:57,66.86267339583833,66.94653479444978,77.39409582170657,119.205,31.86567620992198,31.91327047340215,11.319918259958232,56.765,14.834121139043978,14.769805269745923,1.639458922210481,26.325
2026-10-27 16:23:57,66.86468734239422,66.94730379397915,77.39735047790201,119.21,31.8701258763595,31.91391402929973,11.320682126323497,56.77,14.837260183443963,14.770575715154719,1.639738517640225,26.33
2026-10-27 16:38:57,66.8694744651286,66.9540325816577,77.40403339533842,119.22,31.8701258763595,31.91391402929973,11.320682126323497,56.77,14.838325624674201,14.77423083640567,1.6400922509861606,26.335
2026-10-27 16:53:57,66.87271143152303,66.96061532354037,77.40886049461537,119.23,31.87178801100099,31.914863741630256,11.322027764111548,56.775,14.838325624674201,14.77423083640567,1.6400922509861606,26.335
2026-10-27 17:08:57,66.87859834975228,66.96672683862502,77.4135596340389,119.24,31.87178801100099,31.914863741630256,11.322027764111548,56.775,14.838325624674201,14.77423083640567,1.6400922509861606,26.335
2026-10-27 17:23:57,66.88630916219404,66.96979682685757,77.41820823475291,119.25,31.874803965939748,31.920368216877648,11.32352778617938,56.785,14.838325624674201,14.77423083640567,1.6400922509861606,26.335
2026-10-27 17:38:57,66.88703306563293,66.97379837347965,77.4199709163786,119.255,31.877208376364017,31.92212575853866,11.324838872474274,56.79,14.846401741011324,14.778710196882917,1.6405771997246037,26.345
2026-10-27 17:53:57,66.89478089997777,66.98264250448605,77.42734989850959,119.27,31.877208376364017,31.92212575853866,11.324838872474274,56.79,14.846401741011324,14.778710196882917,1.6405771997246037,26.345
2026-10-27 18:08:57,66.90086701157759,66.986673280592,77.43659339883897,119.28,31.877208376364017,31.92212575853866,11.324838872474274,56.79,14.846401741011324,14.778710196882917,1.6405771997246037,26.345
2026-10-27 18:23:57,66.93876783235518,67.02103795113888,77.46996759046027,119.34,31.878282437540765,31.92409994963596,11.325804651965301,56.795,14.849283312300287,14.783286077038312,1.6408706915182805,26.35
2026-10-27 18:38:57,66.96691961165146,67.04580468742721,77.50531737844756,119.395,31.902855084583326,31.958088234728315,11.33443627182512,56.84,14.855954771385818,14.789563522563567,1.641931811282951,26.365
2026-10-27 18:53:57,66.98626495525951,67.06271736037326,77.52565581119653,119.425,31.91692432407152,31.96974207301169,11.337332858325237,56.86,14.859674745846839,14.79860085864601,1.6425615457155882,26.375
2026-10-27 19:08:57,67.02728634095463,67.09972868235576,77.5700929911234,119.495,31.923556944698284,31.97740188472285,11.339779500228898,56.875,14.868422559414345,14.810293608232856,1.6433449161880564,26.39
2026-10-27 19:23:57,67.0439772299028,67.11615714880949,77.58730597631438,119.525,31.94752949866049,31.994616313565306,11.346849194293787,56.91,14.871370236040091,14.81138201787111,1.6436961352282253,26.395
2026-10-27 19:38:57,67.0917903059503,67.15311889131799,77.63616052683817,119.6,31.968138292456292,32.00828092195064,11.35466069286538,56.945,14.87259733760595,14.815399919356578,1.643848978171476,26.4
2026-10-27 19:53:57,67.16708732092674,67.20984025138688,77.71763771802168,119.715,31.976618413106703,32.016107847379715,11.35840884575877,56.965,14.887079972968225,14.828720146553042,1.6451622841704288,26.425
2026-10-27 20:08:57,67.2102351359686,67.24147165789358,77.7584332251731,119.785,31.992897906277644,32.03211717267114,11.362726773749367,56.99,14.894632961182616,14.835319634810789,1.6457026716698089,26.435
2026-10-27 20:23:57,67.23646778287825,67.26778302146504,77.79660534510819,119.83,32.001977387023096,32.045067416086454,11.36799392343185,57.015,14.91590405337686,14.865551241244983,1.648263835500195,26.48
2026-10-27 20:38:57,67.2902204792259,67.314189865682,77.85394987545082,119.91,32.01972829667545,32.074746128820784,11.375550446387608,57.055,14.920729135726585,14.87015346764225,1.6486748428030793,26.49
2026-10-27 20:53:57,67.3519141157044,67.37392431476138,77.9293719210142,120.02,32.04213707617725,32.10049677019294,11.383238174739345,57.095,14.936112019154065,14.882983797906645,1.6502096603542638,26.515
2026-10-27 21:08:57,67.39094788428345,67.41440119701107,77.97244046217374,120.09,32.0550378057459,32.11354876369813,11.388060762012401,57.115,14.94412579295113,14.894118609279674,1.651505102046577,26.535
2026-10-27 21:23:57,67.42142891001984,67.44228289277788,78.00366624556732,120.14,32.061794780101856,32.11775400170231,11.390156971492335,57.125,14.953319850033056,14.89819771166068,1.652759045280115,26.55
2026-10-27 21:38:57,67.45892761469348,67.48578580022956,78.04961488039959,120.215,32.09290853265711,32.13599532291219,11.398296814502542,57.17,14.956475762852977,14.899963693862842,1.653007771255467,26.555
2026-10-27 21:53:57,67.54838304320009,67.55682740360426,78.13968535158024,120.365,32.12451767411989,32.160942450860155,11.408577184905353,57.22,14.977434117838486,14.918243609736718,1.6552071309865253,26.59
2026-10-27 22:08:57,67.58046391561417,67.5824237485475,78.18968005541203,120.43,32.163245723673306,32.18511227515465,11.420894435800678,57.275,14.990466650195675,14.931013417934752,1.6564699183182554,26.61
2026-10-27 22:23:57,67.66331922438582,67.67642759109272,78.28557671000031,120.595,32.184935844051296,32.20878373040456,11.42832473466476,57.31,14.997318700069947,14.936413631233927,1.657498011365991,26.625
2026-10-27 22:38:57,67.72489472380074,67.74016200302934,78.35400291126307,120.71,32.207433103057845,32.23085517322625,11.435927353705095,57.345,15.01145572137367,14.946238542639186,1.658806085090872,26.645
2026-10-27 22:53:57,67.77324295376309,67.79768543972287,78.41107253078093,120.81,32.2260563772021,32.250468275131176,11.442890013488592,57.38,15.024615450351149,14.959039360969605,1.6600734320155106,26.67
2026-10-27 23:08:57,67.80914376068536,67.82797809804572,78.4499604777705,120.87,32.23834139539428,32.265051695529586,11.446202084488512,57.4,15.027931158020376,14.96288463151971,1.6606001229353757,26.68
2026-10-27 23:23:57,67.83389356625885,67.85043880156759,78.4775981058568,120.915,32.24279333341836,32.26828284680467,11.447513422658158,57.41,15.027931158020376,14.96288463151971,1.6606001229353757,26.68
2026-10-27 23:38:57,67.85913405141117,67.87752047854016,78.50877552042331,120.96,32.258346082253524,32.283824096466375,11.452803099967516,57.435,15.043366190343257,14.977428192047258,1.6627304159523029,26.705
2026-10-27 23:53:57,67.88499082966936,67.89675982199762,78.53415543701891,121.0,32.28775595404375,32.314354158684026,11.462540398001027,57.485,15.051683626364508,14.984735409651005,1.6635194010025327,26.715
2026-10-28 00:08:57,67.96104527393788,67.96052787705266,78.62043077563055,121.12,32.34614937918118,32.36649568903663,11.482941647004571,57.585,15.062984024717046,14.994780080805503,1.6646675918382106,26.735
2026-10-28 00:23:57,67.98352912912014,67.98784790783736,78.65397633399273,121.165,32.36594043388218,32.392639460103894,11.491652126782938,57.63,15.070644782300427,15.005404217116364,1.665696010448388,26.75
2026-10-28 00:38:57,68.03009045049079,68.0475569045852,78.7184019795204,121.265,32.394735680568076,32.41725810798383,11.500095619898422,57.675,15.0844156940753,15.022381738038003,1.6672026696482656,26.77
2026-10-28 00:53:57,68.07525106383882,68.09215486226606,78.7712894472797,121.345,32.40946118949069,32.43145308356804,11.506834011108664,57.705,15.099916930777438,15.03380110395463,1.6690797378717233,26.795
2026-10-28 01:08:57,68.1551433347605,68.16842977112023,78.86784417901744,121.49,32.45467432664261,32.46932480681977,11.521235134360895,57.775,15.12388915297769,15.063788760074793,1.6714082692508259,26.84
2026-10-28 01:23:57,68.26499418750635,68.29722206284465,78.98841744998992,121.685,32.52252282380722,32.54551186975366,11.543508300999124,57.89,15.136076264143679,15.077420947293131,1.6723263144139016,26.86
2026-10-28 01:38:57,68.32472226776376,68.35952881408416,79.05463102644794,121.785,32.542000118746316,32.57190149139201,11.551595126739686,57.935,15.140916529349107,15.082183399447553,1.6728109714575443,26.87
2026-10-28 01:53:57,68.3647175581069,68.39481536143046,79.09706448673533,121.855,32.56973086435321,32.602845969633016,11.561837763109235,57.99,15.149213079827343,15.09203702955937,1.674735673633866,26.895
2026-10-28 02:08:57,68.3774244802357,68.41512028244834,79.11497558827186,121.885,32.580523568894854,32.6098294566744,11.564179900838774,58.005,15.16029999643839,15.103471721208903,1.6758644029565068,26.915
2026-10-28 02:23:57,68.47022373890616,68.50765672750175,79.22498989435975,122.06,32.61297963260288,32.65170378046962,11.575135462439038,58.065,15.184206042194047,15.125748074904067,1.6778988700045954,26.955
2026-10-28 02:38:57,68.54523642931082,68.59021741513463,79.31312711730749,122.2,32.69065582341085,32.717069536315655,11.59632671868958,58.18,15.20212533747415,15.14465531697044,1.6801253718020979,26.985
2026-10-28 02:53:57,68.61860518016655,68.65414267728157,79.3965862867876,122.32,32.72332413994916,32.74283999886988,11.606372610322566,58.235,15.203635547185229,15.147549979915844,1.6805358153399568,26.99
2026-10-28 03:08:57,68.68115834183226,68.72412188023874,79.47551714691593,122.43,32.751620954290146,32.777871914771644,11.618178521544523,58.29,15.215933068154165,15.15972885410126,1.6820761757348668,27.01
2026-10-28 03:23:57,68.74635487634623,68.78836973811423,79.54974218396248,122.545,32.77088585111358,32.80029116920469,11.625490274694108,58.325,15.228190481492252,15.173041235749292,1.683712407763703,27.035
2026-10-28 03:38:57,68.78100803395064,68.82205516305247,79.58679067578223,122.6,32.799882882406244,32.82368148923471,11.634058902104478,58.365,15.233195382312962,15.181672747204274,1.6842425848339109,27.045
2026-10-28 03:53:57,68.79627402728671,68.83775017483178,79.60809695478825,122.63,32.8164894955504,32.83964075503716,11.63842073676974,58.39,15.237761356474733,15.185211962214824,1.68461411404272,27.05
2026-10-28 04:08:57,68.8105645185368,68.85471080958106,79.6298503025927,122.66,32.826863485324154,32.85059333291331,11.64227330382391,58.41,15.23991845676725,15.188164689668467,1.6850641793313317,27.055
2026-10-28 04:23:57,68.83335912150008,68.87372252551332,79.65477733466759,122.695,32.831822754456205,32.85637825174803,11.643793706982038,58.42,15.24061645445093,15.192180094143248,1.6855184560283374,27.06
2026-10-28 04:38:57,68.86042300554523,68.90119343801342,79.68993098497492,122.745,32.8438327555631,32.86824537115593,11.64899529687129,58.445,15.247806513988811,15.206778681334365,1.6869326273936764,27.08
2026-10-28 04:53:57,68.89594464699678,68.93505333370804,79.72542333005266,122.805,32.84941411142604,32.87537100715851,11.651981821763703,58.46,15.249323842931789,15.208276253110991,1.6872367391834244,27.085
2026-10-28 05:08:57,68.9293007519116,68.96773999734901,79.7651845244964,122.86,32.86301042359921,32.888539710103494,11.658576954141958,58.49,15.285984763759798,15.241917534291831,1.6911336962098873,27.14
2026-10-28 05:23:57,68.95977569889351,68.99514899584617,79.79217096880029,122.915,32.87738518133352,32.91673808906651,11.666350623659726,58.53,15.295997336367023,15.253278332222646,1.6922136257664027,27.16
2026-10-28 05:38:57,69.01952638384559,69.05735532681685,79.85941707263497,123.015,32.89278218635922,32.93537096181527,11.670914383227132,58.555,15.295997336367023,15.253278332222646,1.6922136257664027,27.16
2026-10-28 05:53:57,69.01952638384559,69.05735532681685,79.85941707263497,123.015,32.89278218635922,32.93537096181527,11.670914383227132,58.555,15.297933087551767,15.256999545852297,1.692614502947948,27.165
2026-10-28 06:08:57,69.03882936308484,69.07968288498516,79.87801711034226,123.045,32.89903381888134,32.94287042122688,11.673513931242953,58.57,15.30591940283631,15.26641494398818,1.6935172033553143,27.18
2026-10-28 06:23:57,69.06043044429123,69.10278536173783,79.90462830797294,123.08,32.9104052212861,32.952506146363184,11.678188733017953,58.595,15.31322618496101,15.269514560781325,1.693907948527513,27.19
2026-10-28 06:38:57,69.09451019282946,69.14984819801471,79.95213417736204,123.155,32.938981347759665,32.982799532969594,11.687977802242411,58.645,15.337307198960993,15.285536189734561,1.695579466936073,27.22
2026-10-28 06:53:57,69.10467860547492,69.16596773859015,79.96527660514703,123.175,32.956183215743934,33.008297358918725,11.696263180973423,58.69,15.344484842223647,15.290965874697203,1.6963530077424538,27.23
2026-10-28 07:08:57,69.1589416267225,69.21582278174566,80.0248074000333,123.265,32.97678053432416,33.02622303399849,11.704767452922772,58.735,15.35675329677197,15.299151899289894,1.6973584051092756,27.25
2026-10-28 07:23:57,69.19625802506339,69.24588875450647,80.0691848787482,123.335,32.996981587531465,33.04567206249936,11.712163634851365,58.775,15.362687231163813,15.305277557320693,1.6979955824519362,27.26
2026-10-28 07:38:57,69.21703373630643,69.26530892712262,80.09695807833654,123.37,33.008640740554476,33.061311631884756,11.71827123553342,58.805,15.36828174042026,15.31022960938952,1.69850538428026,27.27
2026-10-28 07:53:57,69.25799579224613,69.30828069301118,80.15020437582183,123.445,33.03215522195314,33.088774710506904,11.726087851714047,58.845,15.381552415085014,15.32263493999773,1.6997205523933314,27.29
2026-10-28 08:08:57,69.30141686973062,69.34285290455632,80.19718552011778,123.51,33.050836443648244,33.10897999581452,11.73381520795167,58.885,15.38820316157262,15.326376592641763,1.700325351545972,27.3
2026-10-28 08:23:57,69.33671145770377,69.39075016793144,80.24715164503723,123.595,33.070376123179216,33.13103193506379,11.740049572799744,58.92,15.407126337535756,15.338332759310052,1.7019341985279395,27.325
2026-10-28 08:38:57,69.3843300369789,69.441298791685,80.30885660705668,123.685,33.100316714857826,33.15498753935947,11.75055015270415,58.97,15.424347387108304,15.35660003872833,1.7038421911123371,27.355
2026-10-28 08:53:57,69.4086202754143,69.46025409673543,80.33249792296081,123.72,33.100316714857826,33.15498753935947,11.75055015270415,58.97,15.424347387108304,15.35660003872833,1.7038421911123371,27.355
2026-10-28 09:08:57,69.44327527953605,69.49403690179888,80.36583244994374,123.78,33.10529709002895,33.156913948610374,11.751174929258626,58.975,15.426507125351696,15.35894362916992,1.7040128233092706,27.36
2026-10-28 09:23:57,69.54694313488629,69.60711708017018,80.47466874309227,123.96,33.157027670496916,33.21235150376214,11.769424792178063,59.065,15.435189440968779,15.371056916358977,1.705448659967786,27.38
2026-10-28 09:38:57,69.58661279048403,69.65928710092125,80.52813879986103,124.04,33.17620629074173,33.23411659864834,11.77716860338255,59.105,15.45155190888278,15.384242131333929,1.7070642754419956,27.405
2026-10-28 09:53:57,69.60140737835067,69.67695721747965,80.55278647223653,124.08,33.18207745982243,33.23867959482044,11.779173578810639,59.115,15.457489785574689,15.389362169069186,1.707437297228497,27.415
2026-10-28 10:08:57,69.6527503617734,69.72465753678073,80.61188062308432,124.175,33.209033161907485,33.272182346660614,11.789953278108696,59.17,15.476153343813015,15.40672084613909,1.7093419997681054,27.445
2026-10-28 10:23:57,69.67189784594193,69.74332408252346,80.63696517073392,124.21,33.21432252824889,33.28193204812024,11.791610429570415,59.18,15.476153343813015,15.40672084613909,1.7093419997681054,27.445
2026-10-28 10:38:57,69.68206881543976,69.75409029183179,80.64647877964697,124.225,33.21432252824889,33.28193204812024,11.791610429570415,59.18,15.476153343813015,15.40672084613909,1.7093419997681054,27.445
2026-10-28 10:53:57,69.69792453081314,69.7759228008347,80.6714579287854,124.265,33.220629592509816,33.28634104406348,11.793328156815573,59.19,15.478447201636762,15.40753409609723,1.709557466580172,27.45
2026-10-28 11:08:57,69.7138655356207,69.79960791348556,80.69733044165562,124.3,33.22351797444318,33.29112300459512,11.793903883104798,59.195,15.482866660853254,15.409952459374917,1.7098676839347509,27.455
2026-10-28 11:23:57,69.72111961935697,69.80829848736602,80.70128898542617,124.31,33.235383583490645,33.30050331891265,11.797445698865257,59.21,15.482866660853254,15.409952459374917,1.7098676839347509,27.455
2026-10-28 11:38:57,69.72482921809268,69.81116205005029,80.7033416684369,124.315,33.24341238730307,33.30978123228148,11.800013820973556,59.225,15.482866660853254,15.409952459374917,1.7098676839347509,27.455
2026-10-28 11:53:57,69.7304509459117,69.8138085772455,80.71145805477818,124.325,33.261143015065564,33.32451218121757,11.804143425148704,59.245,15.482866660853254,15.409952459374917,1.7098676839347509,27.455
2026-10-28 12:08:57,69.75873682129179,69.84304275860427,80.74561306009751,124.38,33.26291539113761,33.32546318186954,11.804744605382668,59.25,15.482866660853254,15.409952459374917,1.7098676839347509,27.455
