date,low_cpu,low_mem,low_num,low_ttl,mid_cpu,mid_mem,mid_num,mid_ttl,high_cpu,high_mem,high_num,high_ttl
2026-10-07 12:31:44,0.0,0.0,0.0,0.0,0.0,0.0,0.0,0.0,0.0,0.0,0.0,0.0
2026-10-07 12:46:44,0.0,0.0,0.0,0.0,0.0,0.0,0.0,0.0,0.0,0.0,0.0,0.0
2026-10-07 13:01:44,0.006673290088122662,0.005173344672658251,0.008555406859820145,0.01,0.0036715809352301765,0.0007529151507783598,0.0009443159614388578,0.005,0.0,0.0,0.0,0.0
2026-10-07 13:16:44,0.008547259011691765,0.010982311462035781,0.015329401507117783,0.02,0.005179182356664766,0.005193396635111247,0.0023041265706735623,0.01,0.0,0.0,0.0,0.0
2026-10-07 13:31:44,0.015535738719059047,0.01968699424031667,0.02301718230023542,0.03,0.005179182356664766,0.005193396635111247,0.0023041265706735623,0.01,0.003572318981241939,0.003419413304847132,0.00046551925928056757,0.005
2026-10-07 13:46:44,0.01904567516972025,0.02825963492632807,0.027560691577398173,0.04,0.006293605737262152,0.005888103303157344,0.0033604990306375297,0.015,0.003572318981241939,0.003419413304847132,0.00046551925928056757,0.005
2026-10-07 14:01:44,0.026640381143170112,0.032767484769378,0.0328483488447818,0.05,0.012187765477287123,0.010519903847670993,0.005058303137445465,0.025,0.008093355307855935,0.008200921226085046,0.0009024041392903437,0.01
2026-10-07 14:16:44,0.028213072956116622,0.03463788428386252,0.03696654216416348,0.055,0.012187765477287123,0.010519903847670993,0.005058303137445465,0.025,0.008093355307855935,0.008200921226085046,0.0009024041392903437,0.01
2026-10-07 14:31:44,0.028213072956116622,0.03463788428386252,0.03696654216416348,0.055,0.013296147302704701,0.014254700146426437,0.006179874012267797,0.03,0.008093355307855935,0.008200921226085046,0.0009024041392903437,0.01
2026-10-07 14:46:44,0.03159247217411752,0.04266601539001282,0.04239498209767429,0.065,0.017990638829216483,0.01640103349491612,0.0069658843609164715,0.035,0.009781051248659174,0.010626856236905478,0.00114477818729076,0.015
2026-10-07 15:01:44,0.034499646727514814,0.04816512364640871,0.04731280141309388,0.075,0.027129699630979217,0.02683027043075631,0.009688365549835582,0.05,0.009781051248659174,0.010626856236905478,0.00114477818729076,0.015
2026-10-07 15:16:44,0.06507444292573851,0.08137792145159066,0.08252458188110619,0.13,0.03110860789795429,0.028959236616330465,0.010691752549646367,0.055,0.013689677393554657,0.014526448568185312,0.0015903374788076364,0.02
2026-10-07 15:31:44,0.07361959700426297,0.08776515827193876,0.09441090046378195,0.145,0.03110860789795429,0.028959236616330465,0.010691752549646367,0.055,0.013689677393554657,0.014526448568185312,0.0015903374788076364,0.02
2026-10-07 15:46:44,0.09071059730600346,0.1082704021662003,0.11480729379274604,0.175,0.03270966065659764,0.03194611637554123,0.012105715196920112,0.06,0.01775684403531634,0.016777407125259054,0.0020211306278852563,0.025
2026-10-07 16:01:44,0.11305412195699972,0.13240131718308978,0.1426525045842731,0.22,0.0473526442956265,0.04006177778339394,0.015618582361823384,0.08,0.01775684403531634,0.016777407125259054,0.0020211306278852563,0.025
2026-10-07 16:16:44,0.12852023234913865,0.14792439973413424,0.15837675635934392,0.245,0.048829019308326185,0.047224311493465246,0.018426785963046612,0.09,0.022265161189974198,0.022762635712927536,0.002673447362906285,0.035
2026-10-07 16:31:44,0.14126623142997385,0.15760424794913286,0.17298474006971049,0.27,0.05462279237243603,0.05067608236995469,0.020630798690631977,0.1,0.028846186418606343,0.03791977827573257,0.003758602589371959,0.055
2026-10-07 16:46:44,0.14126623142997385,0.15760424794913286,0.17298474006971049,0.27,0.05462279237243603,0.05067608236995469,0.020630798690631977,0.1,0.028846186418606343,0.03791977827573257,0.003758602589371959,0.055
2026-10-07 17:01:44,0.14792809381439706,0.16448187130573505,0.17861685499138888,0.28,0.05462279237243603,0.05067608236995469,0.020630798690631977,0.1,0.028846186418606343,0.03791977827573257,0.003758602589371959,0.055
2026-10-07 17:16:44,0.14792809381439706,0.16448187130573505,0.17861685499138888,0.28,0.05653535095132644,0.05292986990606118,0.021759417416131185,0.105,0.028846186418606343,0.03791977827573257,0.003758602589371959,0.055
2026-10-07 17:31:44,0.1581137335007001,0.17601895693586214,0.19134257229862262,0.295,0.05653535095132644,0.05292986990606118,0.021759417416131185,0.105,0.028846186418606343,0.03791977827573257,0.003758602589371959,0.055
2026-10-07 17:46:44,0.17161407186924146,0.1936112493490603,0.20827987706080048,0.325,0.06892725106787281,0.06992168911841587,0.027552491619917137,0.13,0.031262007608590665,0.04098641882790945,0.003952808141553843,0.06
2026-10-07 18:01:44,0.17161407186924146,0.1936112493490603,0.20827987706080048,0.325,0.06892725106787281,0.06992168911841587,0.027552491619917137,0.13,0.031262007608590665,0.04098641882790945,0.003952808141553843,0.06
2026-10-07 18:16:44,0.17161407186924146,0.1936112493490603,0.20827987706080048,0.325,0.06892725106787281,0.06992168911841587,0.027552491619917137,0.13,0.031262007608590665,0.04098641882790945,0.003952808141553843,0.06
2026-10-07 18:31:44,0.18690713617634291,0.20517413394516457,0.22577631973335344,0.35,0.06892725106787281,0.06992168911841587,0.027552491619917137,0.13,0.03400320192990431,0.04338299752229584,0.004553680662122534,0.07
2026-10-07 18:46:44,0.23507995588882233,0.25493575482401204,0.2735857926508167,0.44,0.08978350802908204,0.09329105579643632,0.03376633116221253,0.165,0.03400320192990431,0.04338299752229584,0.004553680662122534,0.07
2026-10-07 19:01:44,0.23507995588882233,0.25493575482401204,0.2735857926508167,0.44,0.08978350802908204,0.09329105579643632,0.03376633116221253,0.165,0.03400320192990431,0.04338299752229584,0.004553680662122534,0.07
2026-10-07 19:16:44,0.2820419038364317,0.3046206307982069,0.3293548542391808,0.525,0.11998675594145423,0.1201455337458567,0.04457344994673514,0.22,0.05081831106753013,0.05664688983294742,0.006197903809816205,0.095
2026-10-07 19:31:44,0.32628232494714277,0.3500056234067846,0.3785115240460504,0.6,0.12629845931101905,0.1266336460306371,0.04784004848384073,0.235,0.05081831106753013,0.05664688983294742,0.006197903809816205,0.095
2026-10-07 19:46:44,0.3562574508676091,0.38201139085232516,0.40938777084897937,0.655,0.12926792154297886,0.13280965720093482,0.0499074540933846,0.245,0.05617770153409873,0.06253578532349177,0.007037111154316671,0.105
2026-10-07 20:01:44,0.3894034575122738,0.4129102093861898,0.45582148429598207,0.72,0.1492201673686612,0.15917856342467007,0.05760433656667543,0.28,0.06605638239856387,0.07075691427227301,0.007891794234208554,0.12
2026-10-07 20:16:44,0.41032453929363605,0.4333407793334694,0.4811505200260873,0.755,0.16015802169144522,0.17255280553359884,0.06358065455725884,0.305,0.0682769819017078,0.07488365451858314,0.008029500804427813,0.125
2026-10-07 20:31:44,0.4216611376266092,0.4449772401517437,0.4993736928596957,0.78,0.16790458095480032,0.18107903031138017,0.06537521217530019,0.315,0.0682769819017078,0.07488365451858314,0.008029500804427813,0.125
2026-10-07 20:46:44,0.6117950600756394,0.6202437214104348,0.7048748953936467,1.115,0.23567578684459758,0.25280151428135555,0.09087094231748026,0.43,0.1150862799364469,0.11011958117860839,0.012653166937453383,0.195
2026-10-07 21:01:44,0.6572914477858006,0.6594226255373713,0.7600371333701237,1.185,0.24555680061718066,0.26346832602340237,0.09367474647103355,0.445,0.12443984680644282,0.11929610508049204,0.013665517686365664,0.21
2026-10-07 21:16:44,0.7048205254567032,0.7115326140747104,0.8149666999445883,1.275,0.2858572741464105,0.3012666562963765,0.10620908350939254,0.505,0.14134068913072323,0.1303533737338704,0.015477133740135072,0.235
2026-10-07 21:31:44,0.8256731888041774,0.8228411714456234,0.9647758400874418,1.49,0.32885468284656094,0.3506562896040559,0.12184871462939813,0.575,0.16464862734010358,0.14930002453525187,0.01815429909025769,0.275
2026-10-07 21:46:44,0.9644849236507541,0.9388909661857063,1.1103821152968067,1.71,0.4158170406853424,0.436203070862305,0.14973209695815018,0.72,0.21002621822596387,0.21012292021495493,0.022821660231124825,0.36
2026-10-07 22:01:44,1.1037732101337345,1.0967247859632667,1.2851318129028126,1.99,0.47364152408009097,0.5076256328732089,0.17130516095631665,0.84,0.2359371484910643,0.23081269014681546,0.02574877822791904,0.405
2026-10-07 22:16:44,1.246729203278976,1.22417298042213,1.428329654008573,2.21,0.5306245025779065,0.5568338673289999,0.1902980928613932,0.935,0.2604043767175172,0.2562307147923209,0.028582153684169775,0.445
2026-10-07 22:31:44,1.4084152763395723,1.4004432249752714,1.6342736882208984,2.5,0.6343339689198932,0.6510334558468186,0.22436865627626523,1.11,0.2884350119346689,0.2860393074511214,0.03210351130960169,0.49
2026-10-07 22:46:44,1.520990205803474,1.5140473369454122,1.7645713268787344,2.695,0.6853661304348685,0.7036673569565925,0.24163728577442498,1.2,0.3053300042740931,0.30713413126602596,0.03386058360826684,0.52
2026-10-07 23:01:44,1.702218786632155,1.7015661567460734,1.9893538733836016,3.025,0.786133145326747,0.8215830546237789,0.2828329318848897,1.405,0.3169057559872637,0.32523895818524945,0.03577125513994695,0.55
2026-10-07 23:16:44,1.8847268108586943,1.8977308022219055,2.2234256983861855,3.37,0.8714414721415769,0.8895439713117321,0.3079993631770613,1.535,0.3759845470450316,0.3638574840903596,0.04058360331091157,0.635
2026-10-07 23:31:44,2.0029878605372944,2.016430251662495,2.337770888925296,3.56,0.909140486574722,0.9336565904155596,0.3231323439194815,1.615,0.3892119249743519,0.3794817496092616,0.04189158228441812,0.66
2026-10-07 23:46:44,2.0534268343081994,2.0704238005975832,2.3950828799469437,3.655,0.9252002963127194,0.9554259079614651,0.32998380000995803,1.65,0.3971227273068517,0.38656787821562294,0.042669005628088,0.675
2026-10-08 00:01:44,2.114999774505334,2.1269225109972707,2.462957188197221,3.76,0.9450114636687096,0.9904173555875655,0.3395557885350837,1.7,0.39943433018875973,0.39095242621910803,0.042806444298702055,0.68
2026-10-08 00:16:44,2.135003493473411,2.156562383102657,2.4908917261734755,3.805,0.9722859546941807,1.0086925863675333,0.3465070395604651,1.735,0.40566421965158833,0.3980091713887865,0.043550902414124765,0.69
2026-10-08 00:31:44,2.135003493473411,2.156562383102657,2.4908917261734755,3.805,0.9722859546941807,1.0086925863675333,0.3465070395604651,1.735,0.40566421965158833,0.3980091713887865,0.043550902414124765,0.69
2026-10-08 00:46:44,2.150930939489213,2.1719280973156594,2.520329359815752,3.84,0.9815069332068871,1.0147742082410436,0.3485472080185606,1.75,0.40792330764155926,0.3989309614637085,0.043678428201696096,0.695
2026-10-08 01:01:44,2.1555522041748088,2.1753972230327028,2.523261900357633,3.845,0.9815069332068871,1.0147742082410436,0.3485472080185606,1.75,0.40792330764155926,0.3989309614637085,0.043678428201696096,0.695
2026-10-08 01:16:44,2.1555522041748088,2.1753972230327028,2.523261900357633,3.845,0.9815069332068871,1.0147742082410436,0.3485472080185606,1.75,0.40792330764155926,0.3989309614637085,0.043678428201696096,0.695
2026-10-08 01:31:44,2.171072015308034,2.1838382573635444,2.535230480651173,3.865,0.9829842588903529,1.0164868871502954,0.34994794990605466,1.755,0.40792330764155926,0.3989309614637085,0.043678428201696096,0.695
2026-10-08 01:46:44,2.187892844626112,2.202237711527802,2.5501278552020774,3.895,0.9890124383801595,1.0254927528099427,0.35357325320504635,1.77,0.412010777970843,0.40108161777250073,0.04411129512086611,0.7
2026-10-08 02:01:44,2.187892844626112,2.202237711527802,2.5501278552020774,3.895,0.9890124383801595,1.0254927528099427,0.35357325320504635,1.77,0.412010777970843,0.40108161777250073,0.04411129512086611,0.7
2026-10-08 02:16:44,2.2019614376041075,2.2203377357707277,2.566111294777558,3.925,0.9937238088435817,1.0354456781725574,0.3555487669963851,1.78,0.41429786437864585,0.40423542465578516,0.04429366153461208,0.705
2026-10-08 02:31:44,2.2019614376041075,2.2203377357707277,2.566111294777558,3.925,0.9961054585734854,1.03783543748476,0.35680249479397547,1.785,0.41429786437864585,0.40423542465578516,0.04429366153461208,0.705
2026-10-08 02:46:44,2.2044438961874375,2.2229548902105583,2.569962869144669,3.93,0.9961054585734854,1.03783543748476,0.35680249479397547,1.785,0.41429786437864585,0.40423542465578516,0.04429366153461208,0.705
2026-10-08 03:01:44,2.2612469189325215,2.2792453861589106,2.6371487517817895,4.03,1.0211948194574514,1.0677553494889336,0.3648079159966094,1.83,0.41952739715249066,0.4106982824737735,0.04497628457564446,0.715
2026-10-08 03:16:44,2.2612469189325215,2.2792453861589106,2.6371487517817895,4.03,1.0211948194574514,1.0677553494889336,0.3648079159966094,1.83,0.41952739715249066,0.4106982824737735,0.04497628457564446,0.715
2026-10-08 03:31:44,2.2612469189325215,2.2792453861589106,2.6371487517817895,4.03,1.0211948194574514,1.0677553494889336,0.3648079159966094,1.83,0.41952739715249066,0.4106982824737735,0.04497628457564446,0.715
2026-10-08 03:46:44,2.265888403985312,2.283277547154767,2.641998662884857,4.035,1.0211948194574514,1.0677553494889336,0.3648079159966094,1.83,0.41952739715249066,0.4106982824737735,0.04497628457564446,0.715
2026-10-08 04:01:44,2.265888403985312,2.283277547154767,2.641998662884857,4.035,1.0211948194574514,1.0677553494889336,0.3648079159966094,1.83,0.41952739715249066,0.4106982824737735,0.04497628457564446,0.715
2026-10-08 04:16:44,2.265888403985312,2.283277547154767,2.641998662884857,4.035,1.0211948194574514,1.0677553494889336,0.3648079159966094,1.83,0.41952739715249066,0.4106982824737735,0.04497628457564446,0.715
2026-10-08 04:31:44,2.265888403985312,2.283277547154767,2.641998662884857,4.035,1.0211948194574514,1.0677553494889336,0.3648079159966094,1.83,0.41952739715249066,0.4106982824737735,0.04497628457564446,0.715
2026-10-08 04:46:44,2.265888403985312,2.283277547154767,2.641998662884857,4.035,1.0211948194574514,1.0677553494889336,0.3648079159966094,1.83,0.41952739715249066,0.4106982824737735,0.04497628457564446,0.715
2026-10-08 05:01:44,2.265888403985312,2.283277547154767,2.641998662884857,4.035,1.0211948194574514,1.0677553494889336,0.3648079159966094,1.83,0.41952739715249066,0.4106982824737735,0.04497628457564446,0.715
2026-10-08 05:16:44,2.265888403985312,2.283277547154767,2.641998662884857,4.035,1.0211948194574514,1.0677553494889336,0.3648079159966094,1.83,0.41952739715249066,0.4106982824737735,0.04497628457564446,0.715
2026-10-08 05:31:44,2.265888403985312,2.283277547154767,2.641998662884857,4.035,1.0211948194574514,1.0677553494889336,0.3648079159966094,1.83,0.41952739715249066,0.4106982824737735,0.04497628457564446,0.715
2026-10-08 05:46:44,2.265888403985312,2.283277547154767,2.641998662884857,4.035,1.0211948194574514,1.0677553494889336,0.3648079159966094,1.83,0.41952739715249066,0.4106982824737735,0.04497628457564446,0.715
2026-10-08 06:01:44,2.265888403985312,2.283277547154767,2.641998662884857,4.035,1.0211948194574514,1.0677553494889336,0.3648079159966094,1.83,0.41952739715249066,0.4106982824737735,0.04497628457564446,0.715
2026-10-08 06:16:44,2.265888403985312,2.283277547154767,2.641998662884857,4.035,1.0211948194574514,1.0677553494889336,0.3648079159966094,1.83,0.41952739715249066,0.4106982824737735,0.04497628457564446,0.715
2026-10-08 06:31:44,2.265888403985312,2.283277547154767,2.641998662884857,4.035,1.0211948194574514,1.0677553494889336,0.3648079159966094,1.83,0.41952739715249066,0.4106982824737735,0.04497628457564446,0.715
2026-10-08 06:46:44,2.265888403985312,2.283277547154767,2.641998662884857,4.035,1.0211948194574514,1.0677553494889336,0.3648079159966094,1.83,0.41952739715249066,0.4106982824737735,0.04497628457564446,0.715
2026-10-08 07:01:44,2.265888403985312,2.283277547154767,2.641998662884857,4.035,1.0211948194574514,1.0677553494889336,0.3648079159966094,1.83,0.41952739715249066,0.4106982824737735,0.04497628457564446,0.715
2026-10-08 07:16:44,2.265888403985312,2.283277547154767,2.641998662884857,4.035,1.0211948194574514,1.0677553494889336,0.3648079159966094,1.83,0.41952739715249066,0.4106982824737735,0.04497628457564446,0.715
2026-10-08 07:31:44,2.265888403985312,2.283277547154767,2.641998662884857,4.035,1.0222021665591785,1.0713428708115333,0.3660904921444885,1.835,0.41952739715249066,0.4106982824737735,0.04497628457564446,0.715
2026-10-08 07:46:44,2.265888403985312,2.283277547154767,2.641998662884857,4.035,1.0222021665591785,1.0713428708115333,0.3660904921444885,1.835,0.41952739715249066,0.4106982824737735,0.04497628457564446,0.715
2026-10-08 08:01:44,2.265888403985312,2.283277547154767,2.641998662884857,4.035,1.0222021665591785,1.0713428708115333,0.3660904921444885,1.835,0.41952739715249066,0.4106982824737735,0.04497628457564446,0.715
2026-10-08 08:16:44,2.265888403985312,2.283277547154767,2.641998662884857,4.035,1.0222021665591785,1.0713428708115333,0.3660904921444885,1.835,0.41952739715249066,0.4106982824737735,0.04497628457564446,0.715
2026-10-08 08:31:44,2.265888403985312,2.283277547154767,2.641998662884857,4.035,1.0222021665591785,1.0713428708115333,0.3660904921444885,1.835,0.41952739715249066,0.4106982824737735,0.04497628457564446,0.715
2026-10-08 08:46:44,2.265888403985312,2.283277547154767,2.641998662884857,4.035,1.0222021665591785,1.0713428708115333,0.3660904921444885,1.835,0.41952739715249066,0.4106982824737735,0.04497628457564446,0.715
2026-10-08 09:01:44,2.265888403985312,2.283277547154767,2.641998662884857,4.035,1.0222021665591785,1.0713428708115333,0.3660904921444885,1.835,0.41952739715249066,0.4106982824737735,0.04497628457564446,0.715
2026-10-08 09:16:44,2.265888403985312,2.283277547154767,2.641998662884857,4.035,1.0222021665591785,1.0713428708115333,0.3660904921444885,1.835,0.41952739715249066,0.4106982824737735,0.04497628457564446,0.715
2026-10-08 09:31:44,2.265888403985312,2.283277547154767,2.641998662884857,4.035,1.0222021665591785,1.0713428708115333,0.3660904921444885,1.835,0.41952739715249066,0.4106982824737735,0.04497628457564446,0.715
2026-10-08 09:46:44,2.2689761629165903,2.284195755743662,2.644509420790207,4.04,1.0222021665591785,1.0713428708115333,0.3660904921444885,1.835,0.41952739715249066,0.4106982824737735,0.04497628457564446,0.715
2026-10-08 10:01:44,2.2689761629165903,2.284195755743662,2.644509420790207,4.04,1.0222021665591785,1.0713428708115333,0.3660904921444885,1.835,0.41952739715249066,0.4106982824737735,0.04497628457564446,0.715
2026-10-08 10:16:44,2.2689761629165903,2.284195755743662,2.644509420790207,4.04,1.0255202579193128,1.076334432940437,0.3670723091157296,1.84,0.41952739715249066,0.4106982824737735,0.04497628457564446,0.715
2026-10-08 10:31:44,2.2689761629165903,2.284195755743662,2.644509420790207,4.04,1.0255202579193128,1.076334432940437,0.3670723091157296,1.84,0.41952739715249066,0.4106982824737735,0.04497628457564446,0.715
2026-10-08 10:46:44,2.27952495178456,2.2956985869626254,2.6580065627358707,4.06,1.0302407640557152,1.082863740756308,0.36927328927399444,1.85,0.41952739715249066,0.4106982824737735,0.04497628457564446,0.715
2026-10-08 11:01:44,2.281469585634823,2.299799425090563,2.661928486309332,4.065,1.0302407640557152,1.082863740756308,0.36927328927399444,1.85,0.4216205625995048,0.41151617418226255,0.04535624765313025,0.72
2026-10-08 11:16:44,2.3001184560192556,2.313097793797249,2.68364010845438,4.095,1.0314204209720623,1.083939377566222,0.3699197713868091,1.855,0.4216205625995048,0.41151617418226255,0.04535624765313025,0.72
2026-10-08 11:31:44,2.3172059495957056,2.326698303248557,2.7003840289977963,4.12,1.037045031858355,1.0933634431889823,0.37315692331020023,1.87,0.42534196673079755,0.41977619708477215,0.046134317921472774,0.73
2026-10-08 11:46:44,2.32544880843532,2.33297700240695,2.7112901222028727,4.135,1.0418158212954978,1.096952842982653,0.374272878967769,1.875,0.42534196673079755,0.41977619708477215,0.046134317921472774,0.73
2026-10-08 12:01:44,2.3315080009440488,2.338979515256172,2.7166089291455178,4.145,1.0470633739652135,1.1018453956214467,0.37651889476270783,1.885,0.42534196673079755,0.41977619708477215,0.046134317921472774,0.73
2026-10-08 12:16:44,2.335422351299311,2.3410564232402766,2.720681439405409,4.15,1.0516543794509123,1.1056013990322806,0.3771522524508273,1.89,0.42534196673079755,0.41977619708477215,0.046134317921472774,0.73
2026-10-08 12:31:44,2.347982824208962,2.354499911380154,2.7402868187432534,4.175,1.058083583783653,1.1167744404942364,0.3801477881527491,1.905,0.42534196673079755,0.41977619708477215,0.046134317921472774,0.73
2026-10-08 12:46:44,2.353427971800151,2.3601384825124616,2.7479042595857273,4.185,1.058083583783653,1.1167744404942364,0.3801477881527491,1.905,0.4289092111297092,0.42121433583032597,0.04647712610775935,0.735
2026-10-08 13:01:44,2.360880043399182,2.3692006848725558,2.7530516571090096,4.195,1.0658638311530275,1.1235100890079532,0.38255727123307226,1.915,0.4289092111297092,0.42121433583032597,0.04647712610775935,0.735
2026-10-08 13:16:44,2.3675758851472426,2.3799603234894398,2.7644543449954857,4.21,1.0658638311530275,1.1235100890079532,0.38255727123307226,1.915,0.4289092111297092,0.42121433583032597,0.04647712610775935,0.735
2026-10-08 13:31:44,2.4023671183044044,2.4134667595463823,2.8064750866728434,4.275,1.0715839982793676,1.1261780894731659,0.384849015313032,1.925,0.43470911744153745,0.4267507189523886,0.047114885068656305,0.745
2026-10-08 13:46:44,2.428517154893094,2.4413884624501505,2.8357474131583165,4.325,1.0796066475695083,1.1374607754095418,0.38803127513628544,1.94,0.4446325601925498,0.4347686932340812,0.04805272936738769,0.76
2026-10-08 14:01:44,2.4306694022414783,2.4451365663669495,2.841167719873754,4.335,1.0796066475695083,1.1374607754095418,0.38803127513628544,1.94,0.4446325601925498,0.4347686932340812,0.04805272936738769,0.76
2026-10-08 14:16:44,2.4362512903200613,2.452592456174181,2.8464299357099296,4.345,1.0839636027681119,1.141339869559285,0.3892062708112004,1.945,0.445622344153537,0.4395066659434368,0.04842397074071936,0.765
2026-10-08 14:31:44,2.4362512903200613,2.452592456174181,2.8464299357099296,4.345,1.0839636027681119,1.141339869559285,0.3892062708112004,1.945,0.445622344153537,0.4395066659434368,0.04842397074071936,0.765
2026-10-08 14:46:44,2.4554576048438315,2.470920653577833,2.871233686096557,4.375,1.0867745594739613,1.1429631033460015,0.3900898055369745,1.95,0.445622344153537,0.4395066659434368,0.04842397074071936,0.765
2026-10-08 15:01:44,2.4683127961304963,2.48195234057688,2.8894145745863837,4.4,1.0901725069360435,1.1454341657348353,0.3930293526568668,1.96,0.445622344153537,0.4395066659434368,0.04842397074071936,0.765
2026-10-08 15:16:44,2.471887147862206,2.4855356633419254,2.8933516613271193,4.405,1.0901725069360435,1.1454341657348353,0.3930293526568668,1.96,0.445622344153537,0.4395066659434368,0.04842397074071936,0.765
2026-10-08 15:31:44,2.500086003996179,2.5057917202298263,2.923425511007858,4.45,1.0901725069360435,1.1454341657348353,0.3930293526568668,1.96,0.4503414225554446,0.4474352635473435,0.04906268285305168,0.775
2026-10-08 15:46:44,2.500086003996179,2.5057917202298263,2.923425511007858,4.45,1.0945057189775549,1.1478784444288124,0.3945102633843925,1.965,0.4503414225554446,0.4474352635473435,0.04906268285305168,0.775
2026-10-08 16:01:44,2.529574060553139,2.5315448029280683,2.954255716986043,4.495,1.099354168501343,1.1537170850330982,0.39590233936011465,1.975,0.4503414225554446,0.4474352635473435,0.04906268285305168,0.775
2026-10-08 16:16:44,2.548881146463797,2.542272025938978,2.9761462183526195,4.525,1.1047947493346213,1.1599741909382568,0.39806266732254336,1.985,0.4598550154754443,0.4518921986632501,0.049749041503893934,0.785
2026-10-08 16:31:44,2.5562607816713196,2.5464430432284892,2.9841997726575022,4.535,1.1047947493346213,1.1599741909382568,0.39806266732254336,1.985,0.4598550154754443,0.4518921986632501,0.049749041503893934,0.785
2026-10-08 16:46:44,2.5562607816713196,2.5464430432284892,2.9841997726575022,4.535,1.1047947493346213,1.1599741909382568,0.39806266732254336,1.985,0.4598550154754443,0.4518921986632501,0.049749041503893934,0.785
2026-10-08 17:01:44,2.5624775335923977,2.5487728675924965,2.987541565973768,4.545,1.1146873731755078,1.1695901306513687,0.4024087281080581,2.005,0.46309471198468705,0.45259913298873894,0.05009824550637565,0.79
2026-10-08 17:16:44,2.588801419271178,2.568804807598542,3.009344494809274,4.59,1.1191458512576378,1.176222157463242,0.40392504908927807,2.015,0.4679186459663365,0.45898348265156946,0.050882283441765146,0.8
2026-10-08 17:31:44,2.5926714217052043,2.5782046834158168,3.0148106083833754,4.6,1.1209838883852643,1.1768542250446865,0.40489218887755196,2.02,0.4679186459663365,0.45898348265156946,0.050882283441765146,0.8
2026-10-08 17:46:44,2.614001854778032,2.6022298303454705,3.0398603344875,4.635,1.1220496702045646,1.1815830669995646,0.405991275788365,2.025,0.4679186459663365,0.45898348265156946,0.050882283441765146,0.8
2026-10-08 18:01:44,2.6273687121374176,2.617490562998124,3.058614362650589,4.665,1.127349269352269,1.190417867974315,0.4079003956788129,2.035,0.4711379491447732,0.45994272615939924,0.05124020552684303,0.805
2026-10-08 18:16:44,2.6306221022226404,2.6253911754146557,3.069753020259717,4.68,1.127349269352269,1.190417867974315,0.4079003956788129,2.035,0.4711379491447732,0.45994272615939924,0.05124020552684303,0.805
2026-10-08 18:31:44,2.6346844397441838,2.6299246891952706,3.077553214490173,4.69,1.1351755343918115,1.1968890029588528,0.4092148939227914,2.045,0.47501081956427926,0.4680327918453194,0.051714693504713645,0.815
2026-10-08 18:46:44,2.688627517940284,2.670041449719179,3.1358090595947345,4.775,1.1753714587404913,1.2367587396199282,0.42413880249545866,2.115,0.47501081956427926,0.4680327918453194,0.051714693504713645,0.815
2026-10-08 19:01:44,2.7976749180884575,2.7712827679978167,3.271620091754447,4.975,1.211346245946353,1.2760036939084332,0.4369536782091376,2.185,0.5010480032685628,0.4902640688396931,0.05481314810972203,0.865
2026-10-08 19:16:44,2.852779261620846,2.8236697296533046,3.3223204858819586,5.065,1.2164626115563315,1.280755228412281,0.4392996412271076,2.195,0.5109522977009806,0.5063471641791146,0.05709529823092364,0.895
2026-10-08 19:31:44,2.8869455198231755,2.8528780418027693,3.35421178786272,5.115,1.2201020869063588,1.283270719270691,0.440802923053945,2.205,0.5109522977009806,0.5063471641791146,0.05709529823092364,0.895
2026-10-08 19:46:44,2.9158579897352888,2.8805076202305417,3.387003131225779,5.17,1.2249342446426905,1.289808671942396,0.4426898713789524,2.215,0.5146968378515909,0.5076171695410615,0.05743053183599594,0.9
2026-10-08 20:01:44,2.923873474529958,2.8866639405031194,3.393116726029682,5.18,1.2249342446426905,1.289808671942396,0.4426898713789524,2.215,0.5146968378515909,0.5076171695410615,0.05743053183599594,0.9
2026-10-08 20:16:44,2.9553967915542407,2.9145458505185062,3.4171371330174165,5.225,1.2295982336310065,1.2958416125219865,0.4449646566969427,2.23,0.5180655994198541,0.5106833793878833,0.057724641922731273,0.905
2026-10-08 20:31:44,2.9630541206800625,2.9240619423239274,3.4314330061791796,5.245,1.2484647283084087,1.31620505394166,0.45216031045140714,2.26,0.5239409420932789,0.5140385474763418,0.05838007299435177,0.915
2026-10-08 20:46:44,3.004320039216762,2.95764102492962,3.478028327384855,5.315,1.275755597319614,1.3377782852015203,0.461618499057971,2.305,0.5398789758671297,0.5316744852411703,0.060079312522664234,0.945
2026-10-08 21:01:44,3.0110422259449927,2.9634540616107294,3.4897692484057314,5.33,1.2822845143433064,1.3448990114118444,0.4634380703304426,2.32,0.5398789758671297,0.5316744852411703,0.060079312522664234,0.945
2026-10-08 21:16:44,3.055441494469659,3.0079558578436667,3.544231041798807,5.41,1.3040958726095047,1.3664507838405202,0.4687747498016897,2.35,0.5447051665277105,0.5362339024319844,0.06024413831223618,0.95
2026-10-08 21:31:44,3.1292941650053447,3.092380924544191,3.645322285938745,5.565,1.3210195647470393,1.3808167990447482,0.47526827902339536,2.38,0.5635580389294199,0.5546547602968065,0.06194055388146427,0.98
2026-10-08 21:46:44,3.20307757256565,3.179701252357548,3.7373543866764587,5.705,1.3478204080336247,1.4031989613540308,0.4847805257796996,2.43,0.5775590274696958,0.5674681832656695,0.06343678975673155,1.005
2026-10-08 22:01:44,3.2759663565831816,3.2390906058173314,3.8171704496961616,5.825,1.3613999983031664,1.4218365733916594,0.49240172814717026,2.465,0.5907198783932848,0.5811427165670099,0.06439369830946987,1.025
2026-10-08 22:16:44,3.3053644006902294,3.2642372805988313,3.8519418491154918,5.87,1.3634336194918286,1.425286524160393,0.4948955868672065,2.475,0.5907198783932848,0.5811427165670099,0.06439369830946987,1.025
2026-10-08 22:31:44,3.3053644006902294,3.2642372805988313,3.8519418491154918,5.87,1.3634336194918286,1.425286524160393,0.4948955868672065,2.475,0.5907198783932848,0.5811427165670099,0.06439369830946987,1.025
2026-10-08 22:46:44,3.391399810752432,3.3349331864239478,3.9405515543569685,6.0,1.4006774162909215,1.4634376197064634,0.5083417006404825,2.54,0.6155673797091263,0.6079152759541128,0.06671628655681927,1.07
2026-10-08 23:01:44,3.4354215207501424,3.3824844253444404,3.990617104294296,6.08,1.436435276498895,1.5004753840719809,0.5235546238222258,2.605,0.6303373817577492,0.619438131167276,0.06825245439842964,1.09
2026-10-08 23:16:44,3.48955137369032,3.426216236413977,4.046827318287246,6.165,1.4741518801466316,1.5345205440651268,0.5370979210518273,2.67,0.6417999511514683,0.6351305711589418,0.06997665769402608,1.115
2026-10-08 23:31:44,3.533450097744069,3.480695924486697,4.105582123340732,6.25,1.4970568049159234,1.5525927531791701,0.5431703367874815,2.7,0.6572212866647366,0.6481375225439181,0.07154607972335224,1.14
2026-10-08 23:46:44,3.715860026676673,3.6595488722055465,4.330359777525192,6.585,1.5979709019650632,1.6483814746321332,0.5806895745475916,2.88,0.6962325833160825,0.6851772740719148,0.0762405568383489,1.215
2026-10-09 00:01:44,3.889632440582375,3.8577780752186808,4.53837283990279,6.905,1.7012528799033335,1.7501705623872472,0.621263984850535,3.065,0.7582065307455149,0.7461918139528632,0.08288707113508413,1.32
2026-10-09 00:16:44,4.086429295972231,4.049484907239894,4.763933127055185,7.245,1.833417384379012,1.86865282197337,0.6624352935836402,3.275,0.8146676936012679,0.7911742393153292,0.0883919801902455,1.405
2026-10-09 00:31:44,4.2660593754721825,4.217820313115544,4.98940891972594,7.58,1.931121831903263,1.9548282782136956,0.6945917384964381,3.445,0.8980402947840178,0.8747065453901667,0.09723128819519868,1.545
2026-10-09 00:46:44,4.355352938410737,4.302244204978624,5.102581440399275,7.74,1.9725777279892274,1.997814480284079,0.7095912911427643,3.525,0.910560888612654,0.8880683639620607,0.09878113817073846,1.57
2026-10-09 01:01:44,4.439089091984699,4.377928177848911,5.206255702142297,7.89,2.0273195397360237,2.0540617681115956,0.7344410173564431,3.635,0.9145951045999473,0.9001391793752084,0.0997289655659136,1.59
2026-10-09 01:16:44,4.539323210366995,4.4718163673055,5.305709352462816,8.05,2.0706731255827853,2.09079230999655,0.7499618691650677,3.71,0.9359391036392835,0.923860081539492,0.10184064217222373,1.625
2026-10-09 01:31:44,4.705883058686729,4.627206525197953,5.500336396928168,8.34,2.1504882941141066,2.1607497278287786,0.775416717723972,3.84,0.9864665356430266,0.9742376461320095,0.10750231672578293,1.715
2026-10-09 01:46:44,4.8192802319166095,4.759199479970363,5.647167610604979,8.56,2.1853723356488395,2.2030474345043225,0.791801546824619,3.92,1.0045950661322243,0.9997283435649609,0.11041052449685364,1.77
2026-10-09 02:01:44,4.979962905559469,4.918534231753823,5.838983189400306,8.85,2.2729055687948163,2.2920363261707686,0.8240633083209502,4.075,1.0472927003174648,1.0338469127139116,0.11439492070470669,1.835
2026-10-09 02:16:44,5.057774248969674,4.985477411285906,5.93055545375866,8.99,2.293286591679135,2.310028267755419,0.828996856901125,4.105,1.0564847275433045,1.0413874628261157,0.11568762511679397,1.855
2026-10-09 02:31:44,5.130131670923767,5.055598731303077,6.01608678732167,9.115,2.3311735255209105,2.352663502127392,0.8394205828226174,4.165,1.0631665992166526,1.0437482607249502,0.11612300841746787,1.865
2026-10-09 02:46:44,5.188617535088046,5.111434496786693,6.081352550794296,9.21,2.3586543563195286,2.3894959166102807,0.8508958382269011,4.225,1.0809916241325717,1.0563301984928373,0.11816712707160051,1.895
2026-10-09 03:01:44,5.265749132538675,5.180870848436547,6.179668980068725,9.355,2.3869730273738763,2.4154271673067678,0.8594817380069653,4.27,1.0996244180513945,1.0729466810611834,0.11994981487864834,1.925
2026-10-09 03:16:44,5.316541466233939,5.2221352430328825,6.243001062650902,9.45,2.420091181506813,2.438024835536809,0.8695965667768487,4.325,1.1084044653738196,1.0834274425905444,0.12156818688000022,1.945
2026-10-09 03:31:44,5.316541466233939,5.2221352430328825,6.243001062650902,9.45,2.420091181506813,2.438024835536809,0.8695965667768487,4.325,1.1084044653738196,1.0834274425905444,0.12156818688000022,1.945
2026-10-09 03:46:44,5.316541466233939,5.2221352430328825,6.243001062650902,9.45,2.420091181506813,2.438024835536809,0.8695965667768487,4.325,1.1084044653738196,1.0834274425905444,0.12156818688000022,1.945
2026-10-09 04:01:44,5.316541466233939,5.2221352430328825,6.243001062650902,9.45,2.420091181506813,2.438024835536809,0.8695965667768487,4.325,1.1084044653738196,1.0834274425905444,0.12156818688000022,1.945
2026-10-09 04:16:44,5.317284313974239,5.22497108741837,6.244661920543476,9.455,2.420091181506813,2.438024835536809,0.8695965667768487,4.325,1.1084044653738196,1.0834274425905444,0.12156818688000022,1.945
2026-10-09 04:31:44,5.317284313974239,5.22497108741837,6.244661920543476,9.455,2.420091181506813,2.438024835536809,0.8695965667768487,4.325,1.1084044653738196,1.0834274425905444,0.12156818688000022,1.945
2026-10-09 04:46:44,5.317284313974239,5.22497108741837,6.244661920543476,9.455,2.420091181506813,2.438024835536809,0.8695965667768487,4.325,1.1084044653738196,1.0834274425905444,0.12156818688000022,1.945
2026-10-09 05:01:44,5.317284313974239,5.22497108741837,6.244661920543476,9.455,2.420091181506813,2.438024835536809,0.8695965667768487,4.325,1.1084044653738196,1.0834274425905444,0.12156818688000022,1.945
2026-10-09 05:16:44,5.317284313974239,5.22497108741837,6.244661920543476,9.455,2.420091181506813,2.438024835536809,0.8695965667768487,4.325,1.1084044653738196,1.0834274425905444,0.12156818688000022,1.945
2026-10-09 05:31:44,5.317284313974239,5.22497108741837,6.244661920543476,9.455,2.4244852637740935,2.4395971776867595,0.8707116498219956,4.33,1.1084044653738196,1.0834274425905444,0.12156818688000022,1.945
2026-10-09 05:46:44,5.317284313974239,5.22497108741837,6.244661920543476,9.455,2.4244852637740935,2.4395971776867595,0.8707116498219956,4.33,1.1084044653738196,1.0834274425905444,0.12156818688000022,1.945
2026-10-09 06:01:44,5.317284313974239,5.22497108741837,6.244661920543476,9.455,2.4244852637740935,2.4395971776867595,0.8707116498219956,4.33,1.1084044653738196,1.0834274425905444,0.12156818688000022,1.945
2026-10-09 06:16:44,5.317284313974239,5.22497108741837,6.244661920543476,9.455,2.4244852637740935,2.4395971776867595,0.8707116498219956,4.33,1.1084044653738196,1.0834274425905444,0.12156818688000022,1.945
2026-10-09 06:31:44,5.317284313974239,5.22497108741837,6.244661920543476,9.455,2.4244852637740935,2.4395971776867595,0.8707116498219956,4.33,1.1084044653738196,1.0834274425905444,0.12156818688000022,1.945
2026-10-09 06:46:44,5.321064622839866,5.226720187390735,6.2485714563023675,9.46,2.4244852637740935,2.4395971776867595,0.8707116498219956,4.33,1.1084044653738196,1.0834274425905444,0.12156818688000022,1.945
2026-10-09 07:01:44,5.321064622839866,5.226720187390735,6.2485714563023675,9.46,2.4244852637740935,2.4395971776867595,0.8707116498219956,4.33,1.1084044653738196,1.0834274425905444,0.12156818688000022,1.945
2026-10-09 07:16:44,5.321064622839866,5.226720187390735,6.2485714563023675,9.46,2.4244852637740935,2.4395971776867595,0.8707116498219956,4.33,1.1084044653738196,1.0834274425905444,0.12156818688000022,1.945
2026-10-09 07:31:44,5.413206356742634,5.324047513615765,6.353943067137443,9.63,2.495107939984227,2.497880697376125,0.8928209081968697,4.445,1.120368672344123,1.0925942708726093,0.12312676442055177,1.965
2026-10-09 07:46:44,5.502255199617698,5.401065575856314,6.437259470824378,9.78,2.5325452844646836,2.535296705958176,0.9058896873727431,4.51,1.1300961690439377,1.1012971730870225,0.12438892480051492,1.985
2026-10-09 08:01:44,5.585758469149585,5.464776247829784,6.528175030519342,9.91,2.575117569278239,2.5676652465588514,0.9172383919767765,4.57,1.148010030619497,1.1137656671931966,0.12585063271464123,2.01
2026-10-09 08:16:44,5.68993211314856,5.547217798758158,6.623217767056847,10.07,2.6012129949980998,2.6020959745466303,0.9279039600910695,4.63,1.1592147790139047,1.1233666561381819,0.12690405961142384,2.03
2026-10-09 08:31:44,5.775721470330858,5.625976382200673,6.70931095584395,10.205,2.6340202658254994,2.6354928776878643,0.9385675231975315,4.685,1.1710687385030158,1.1342739322850979,0.1283165615006916,2.05
2026-10-09 08:46:44,5.872451501636498,5.708381407608328,6.795372566577084,10.345,2.6507550419818386,2.6498707142395936,0.9437705709482211,4.715,1.18793822900984,1.1604027930276553,0.13083906111781507,2.09
2026-10-09 09:01:44,5.961173353075956,5.803588565919778,6.897825538624637,10.51,2.679440744256369,2.681150731490238,0.9531648090656298,4.765,1.2068868350166135,1.1801938536561618,0.13289236168639243,2.12
2026-10-09 09:16:44,6.0363201564310565,5.887806167399777,6.989104978213171,10.655,2.71979016489915,2.7207672450035796,0.9681335326382052,4.84,1.2226843503049254,1.1887023437474389,0.13426694930421654,2.14
2026-10-09 09:31:44,6.141344191642855,5.982560782235688,7.1051784524994295,10.825,2.7625152193937152,2.7644620946836373,0.9845965153551948,4.915,1.2510999112313108,1.2174810632385749,0.13771818485362267,2.19
2026-10-09 09:46:44,6.141344191642855,5.982560782235688,7.1051784524994295,10.825,2.7625152193937152,2.7644620946836373,0.9845965153551948,4.915,1.2510999112313108,1.2174810632385749,0.13771818485362267,2.19
2026-10-09 10:01:44,6.150154355257013,5.993217253410634,7.1150315951667285,10.84,2.7686178529786742,2.7773119505334862,0.9872707774799598,4.93,1.2551669022737588,1.2198556386316952,0.13795754546892144,2.195
2026-10-09 10:16:44,6.179768056815112,6.023061943989538,7.147580586421037,10.885,2.7899387845810444,2.7968429360635705,0.9937759717834321,4.96,1.2590727785601117,1.22116082327208,0.1381397383851045,2.2
2026-10-09 10:31:44,6.205272286393478,6.055376635790943,7.188114676938863,10.945,2.8018389161132427,2.8034999059848253,0.9961454633098998,4.975,1.2638175567315493,1.2256916764758483,0.13842907902649362,2.205
2026-10-09 10:46:44,6.225137786221665,6.079881381713554,7.216073162794738,10.99,2.822148896866422,2.8227313587103673,1.0017525581113655,5.005,1.264911655348027,1.2266930661694102,0.13884356770419137,2.21
2026-10-09 11:01:44,6.258827044031137,6.108789201010044,7.2512268887922975,11.055,2.8381829997987773,2.8339640252084024,1.0050832381891717,5.025,1.2675756145910582,1.2319925964967324,0.13959874494629648,2.22
2026-10-09 11:16:44,6.319297654508219,6.157781376433941,7.304471399699565,11.145,2.8481024580800396,2.8426844697393676,1.0089051457946754,5.045,1.270002935112257,1.236481456679359,0.14004752355918118,2.225
2026-10-09 11:31:44,6.362539992382216,6.195169782388295,7.355224868566724,11.22,2.861817350770668,2.860477003206804,1.0128627453775592,5.07,1.2775722870009791,1.2427657510686816,0.14125761978757514,2.24
2026-10-09 11:46:44,6.41176120301456,6.24689991623472,7.414345144453863,11.31,2.870632270340737,2.864431988498642,1.015397976314497,5.08,1.278219758912993,1.2470057517673487,0.14150934851440541,2.245
2026-10-09 12:01:44,6.458652003279443,6.302008909581314,7.459303845233649,11.395,2.8908193860998628,2.8864167743790428,1.0210364025711542,5.115,1.2853871429598707,1.25407416989645,0.14202530923981754,2.255
2026-10-09 12:16:44,6.48610270841538,6.327138506039328,7.499388962644553,11.45,2.894947273312874,2.888559247755183,1.0224757808294496,5.12,1.2968573273473285,1.2660766531657248,0.143535395926815,2.28
2026-10-09 12:31:44,6.500074315501759,6.337914001462314,7.514364520455519,11.47,2.899773905665057,2.891834951125115,1.0234693232773793,5.125,1.2990621223497512,1.2681859041089936,0.14367867795273545,2.285
2026-10-09 12:46:44,6.506406176849839,6.346442356575506,7.522741080045426,11.485,2.899773905665057,2.891834951125115,1.0234693232773793,5.125,1.2990621223497512,1.2681859041089936,0.14367867795273545,2.285
2026-10-09 13:01:44,6.5112480890753535,6.348295848918899,7.524682951545363,11.49,2.9015022777543793,2.895543501908893,1.0240839881001487,5.13,1.2990621223497512,1.2681859041089936,0.14367867795273545,2.285
2026-10-09 13:16:44,6.526798585209592,6.3642324661210825,7.540124175214852,11.515,2.9087828385479453,2.9001578839369815,1.0256668091962242,5.14,1.2990621223497512,1.2681859041089936,0.14367867795273545,2.285
2026-10-09 13:31:44,6.540171568965716,6.373670785093699,7.546619647827838,11.53,2.9166352022868236,2.9026119147289875,1.0276964711455503,5.15,1.2990621223497512,1.2681859041089936,0.14367867795273545,2.285
2026-10-09 13:46:44,6.544347578053516,6.3777440949656645,7.550341375035977,11.535,2.9191633611837093,2.9063673742283047,1.0283109081029074,5.155,1.2990621223497512,1.2681859041089936,0.14367867795273545,2.285
2026-10-09 14:01:44,6.566828782178078,6.394838562013722,7.567828635629752,11.565,2.9225386064279486,2.9090626568377496,1.0294587268155109,5.16,1.2998590664080834,1.2720979721107337,0.14387299914511342,2.29
2026-10-09 14:16:44,6.58145147753016,6.408714350802181,7.585080666104069,11.59,2.9277214490309373,2.9156777631304043,1.0309437203211795,5.17,1.3089961362972569,1.2782588852665273,0.14462000969121175,2.305
2026-10-09 14:31:44,6.5885115847007,6.416469873036931,7.597231962013471,11.605,2.9277214490309373,2.9156777631304043,1.0309437203211795,5.17,1.3089961362972569,1.2782588852665273,0.14462000969121175,2.305
2026-10-09 14:46:44,6.610324104654594,6.432002473186523,7.613080015908569,11.635,2.9277214490309373,2.9156777631304043,1.0309437203211795,5.17,1.3135958139425192,1.2791689851676287,0.14485613785769244,2.31
2026-10-09 15:01:44,6.6267651390282145,6.445452932025702,7.630366783356301,11.665,2.9288560583109544,2.917099323872459,1.0319903959320142,5.175,1.3135958139425192,1.2791689851676287,0.14485613785769244,2.31
2026-10-09 15:16:44,6.655908854635592,6.471386774821932,7.657850737850277,11.71,2.938454506459257,2.9248011441483444,1.0354712556570127,5.19,1.3165382956332734,1.2824895292004665,0.14532963170767238,2.315
2026-10-09 15:31:44,6.711820352026585,6.535776326812628,7.717444913587343,11.8,2.9456368056467066,2.932036095282155,1.037196931057199,5.2,1.3260101716692931,1.2871797910118596,0.1456114679190973,2.325
2026-10-09 15:46:44,6.721421599359134,6.544265186268154,7.731105850220904,11.82,2.95979222460606,2.940137251557093,1.0416831020221917,5.22,1.3276361229557097,1.290393556810727,0.14603122654600842,2.33
2026-10-09 16:01:44,6.730858574883016,6.552918148005236,7.736843012763122,11.83,2.95979222460606,2.940137251557093,1.0416831020221917,5.22,1.3276361229557097,1.290393556810727,0.14603122654600842,2.33
2026-10-09 16:16:44,6.741401092946366,6.564516339038104,7.747422837215939,11.85,2.9629965325723657,2.9452617697252816,1.0436297907342291,5.23,1.3276361229557097,1.290393556810727,0.14603122654600842,2.33
2026-10-09 16:31:44,6.771932887048405,6.5932653911363595,7.7824975160473775,11.905,2.9757983187415764,2.956161997086887,1.0468810864570939,5.245,1.3317628712648435,1.2935910555686323,0.14669636920748153,2.34
2026-10-09 16:46:44,6.783472676197165,6.604739514658811,7.793153223759996,11.925,2.9843968990456857,2.9627400315628893,1.0489413609067502,5.255,1.3317628712648435,1.2935910555686323,0.14669636920748153,2.34
2026-10-09 17:01:44,6.783472676197165,6.604739514658811,7.793153223759996,11.925,2.9843968990456857,2.9627400315628893,1.0489413609067502,5.255,1.3317628712648435,1.2935910555686323,0.14669636920748153,2.34
2026-10-09 17:16:44,6.783472676197165,6.604739514658811,7.793153223759996,11.925,2.988812888391485,2.9640888500586855,1.0496093964808346,5.26,1.3317628712648435,1.2935910555686323,0.14669636920748153,2.34
2026-10-09 17:31:44,6.8081960769085414,6.623244171191803,7.816486873720722,11.965,2.9918082235611787,2.9674453757139445,1.0503074456581019,5.265,1.3317628712648435,1.2935910555686323,0.14669636920748153,2.34
2026-10-09 17:46:44,6.817436443187032,6.629316381809297,7.826678511420291,11.98,2.994907198668927,2.972443362283827,1.051168890702173,5.27,1.3317628712648435,1.2935910555686323,0.14669636920748153,2.34
2026-10-09 18:01:44,6.850730034047643,6.658591791960335,7.8608283666493595,12.035,3.005911964017308,2.983662591116887,1.0555590721816497,5.29,1.3365863039471322,1.2998047052496382,0.14745144267446983,2.35
2026-10-09 18:16:44,6.862881118151667,6.669531375734321,7.875514191206597,12.055,3.009097989531456,2.988631273137918,1.0561636530590996,5.295,1.3393238235247202,1.30096080805898,0.14762731850047844,2.355
2026-10-09 18:31:44,6.862881118151667,6.669531375734321,7.875514191206597,12.055,3.009097989531456,2.988631273137918,1.0561636530590996,5.295,1.3393238235247202,1.30096080805898,0.14762731850047844,2.355
2026-10-09 18:46:44,6.8653621056662475,6.672380913494752,7.879066803636918,12.06,3.009097989531456,2.988631273137918,1.0561636530590996,5.295,1.3393238235247202,1.30096080805898,0.14762731850047844,2.355
2026-10-09 19:01:44,6.8653621056662475,6.672380913494752,7.879066803636918,12.06,3.009097989531456,2.988631273137918,1.0561636530590996,5.295,1.3393238235247202,1.30096080805898,0.14762731850047844,2.355
2026-10-09 19:16:44,6.882549519051024,6.685097854402834,7.896375605723314,12.085,3.0182847259492407,3.0003461049993323,1.0604654062926282,5.315,1.3441941467624832,1.301608590060232,0.14776478231800577,2.36
2026-10-09 19:31:44,6.915222955571558,6.71959089620006,7.936481857346555,12.15,3.033464485847548,3.0149446802077686,1.0651148911931225,5.34,1.3599688222604525,1.317091359331728,0.14937878010176536,2.385
2026-10-09 19:46:44,6.968365815256714,6.7656532360646215,7.996419376408801,12.245,3.0570862781355865,3.0434871427364047,1.0731690322723333,5.385,1.36404544948016,1.3217009324894353,0.14967371252790765,2.395
2026-10-09 20:01:44,7.012171486269332,6.8062769949674635,8.05585792384706,12.34,3.080349841744564,3.07322362804565,1.0821689556730105,5.43,1.3700960248221095,1.327735870432665,0.15048993422554025,2.405
2026-10-09 20:16:44,7.064967457134652,6.86764920852789,8.109023558239686,12.435,3.101028089666934,3.093090784813673,1.089514892898898,5.465,1.3855975599655477,1.33937834093234,0.15190961964294455,2.43
2026-10-09 20:31:44,7.098869833211241,6.904229888707366,8.151025624839647,12.505,3.119506405022025,3.112031754160107,1.096636296337552,5.505,1.3980402023110174,1.3512374473049442,0.15329193409109357,2.455
2026-10-09 20:46:44,7.135525187647503,6.943103464741424,8.19268656586012,12.57,3.1555023458974687,3.1437163268840758,1.10759901654556,5.56,1.3980402023110174,1.3512374473049442,0.15329193409109357,2.455
2026-10-09 21:01:44,7.174522218925114,6.98149555309459,8.232862534636087,12.63,3.17894707339287,3.160442083307935,1.1151921403620937,5.595,1.4062444349766654,1.3558422355820814,0.1544509971147055,2.47
2026-10-09 21:16:44,7.204977176440849,7.013059489733423,8.266687196948915,12.69,3.188658641269169,3.173305540792201,1.118114440333177,5.615,1.4198013458775571,1.368798990885025,0.15643149416088134,2.5
2026-10-09 21:31:44,7.332915814517842,7.122396084462137,8.392983072739876,12.885,3.22694920432791,3.210377365604265,1.1329233046780651,5.685,1.4599850491938207,1.419110840094624,0.16146180732032647,2.575
2026-10-09 21:46:44,7.378804545329997,7.18593852578269,8.453795640189004,12.98,3.2637469485290658,3.242648285920614,1.143664438375891,5.74,1.4782543307227645,1.4443702262762637,0.1634114282760932,2.615
2026-10-09 22:01:44,7.412540127434665,7.217098262364055,8.494550960416435,13.04,3.2777641540709754,3.2529869385305603,1.1469690047396053,5.76,1.4782543307227645,1.4443702262762637,0.1634114282760932,2.615
2026-10-09 22:16:44,7.412540127434665,7.217098262364055,8.494550960416435,13.04,3.2777641540709754,3.2529869385305603,1.1469690047396053,5.76,1.4782543307227645,1.4443702262762637,0.1634114282760932,2.615
2026-10-09 22:31:44,7.430622811781939,7.234230096876716,8.512258261544034,13.065,3.2874328563835737,3.2597781100885572,1.151197071910849,5.775,1.4782543307227645,1.4443702262762637,0.1634114282760932,2.615
2026-10-09 22:46:44,7.430622811781939,7.234230096876716,8.512258261544034,13.065,3.2874328563835737,3.2597781100885572,1.151197071910849,5.775,1.4782543307227645,1.4443702262762637,0.1634114282760932,2.615
2026-10-09 23:01:44,7.435095829956079,7.236368472810952,8.516823787408768,13.07,3.2874328563835737,3.2597781100885572,1.151197071910849,5.775,1.4782543307227645,1.4443702262762637,0.1634114282760932,2.615
2026-10-09 23:16:44,7.438811093358483,7.237348354562095,8.519468024176959,13.075,3.2874328563835737,3.2597781100885572,1.151197071910849,5.775,1.4782543307227645,1.4443702262762637,0.1634114282760932,2.615
2026-10-09 23:31:44,7.480437102452814,7.284548497395125,8.580801846819703,13.165,3.309272359258753,3.2795602166528575,1.1574903816674575,5.805,1.4899328756718937,1.4592259490838981,0.16519282321085335,2.64
2026-10-09 23:46:44,7.482790360441404,7.289284259002138,8.584659580129493,13.17,3.309272359258753,3.2795602166528575,1.1574903816674575,5.805,1.4899328756718937,1.4592259490838981,0.16519282321085335,2.64
2026-10-10 00:01:44,7.494061612398034,7.299368459582168,8.59628582514165,13.19,3.31628602012881,3.290577988661767,1.161361330072412,5.82,1.4981607045776792,1.465231426527724,0.16682513209218566,2.66
2026-10-10 00:16:44,7.510542777145577,7.3115981987307315,8.611161216963312,13.21,3.3203016803453806,3.2929536302377573,1.1622391340960325,5.825,1.4981607045776792,1.465231426527724,0.16682513209218566,2.66
2026-10-10 00:31:44,7.597908963640051,7.400228749310372,8.709781124686037,13.37,3.3525405017413044,3.320489007480047,1.172688613862379,5.88,1.554331390238599,1.5185038638365593,0.17348866153024725,2.755
2026-10-10 00:46:44,7.631393919083135,7.433888093280375,8.753218140143623,13.435,3.3619962273978286,3.3365711654136705,1.1782190917008253,5.905,1.5567553090895396,1.5219848508868536,0.1739171598552035,2.76
2026-10-10 01:01:44,7.726615170140341,7.51265586749086,8.850936744556142,13.59,3.4140092588543056,3.383239626459858,1.1960499157302573,5.995,1.5838436349402625,1.5407503026809035,0.1763302917830897,2.8
2026-10-10 01:16:44,7.726615170140341,7.51265586749086,8.850936744556142,13.59,3.4140092588543056,3.383239626459858,1.1960499157302573,5.995,1.5838436349402625,1.5407503026809035,0.1763302917830897,2.8
2026-10-10 01:31:44,7.726615170140341,7.51265586749086,8.850936744556142,13.59,3.4140092588543056,3.383239626459858,1.1960499157302573,5.995,1.5838436349402625,1.5407503026809035,0.1763302917830897,2.8
2026-10-10 01:46:44,7.726615170140341,7.51265586749086,8.850936744556142,13.59,3.4140092588543056,3.383239626459858,1.1960499157302573,5.995,1.5846330580001033,1.541654191037345,0.17675624520504302,2.805
2026-10-10 02:01:44,7.784289615044861,7.573114807517268,8.9040015827922,13.68,3.4423585393622718,3.4118779368882723,1.2071223614606197,6.045,1.5980620122631761,1.5525239004040827,0.17790532494552985,2.83
2026-10-10 02:16:44,7.854135431487243,7.643102216153824,8.972453705726895,13.79,3.4681298982665867,3.426236691282093,1.2141788867510233,6.08,1.6138465078483275,1.5683931317171806,0.1793186843616933,2.86
2026-10-10 02:31:44,7.854135431487243,7.643102216153824,8.972453705726895,13.79,3.4681298982665867,3.426236691282093,1.2141788867510233,6.08,1.6138465078483275,1.5683931317171806,0.1793186843616933,2.86
2026-10-10 02:46:44,7.904730920718354,7.695382212333016,9.029133540614934,13.875,3.508238304844148,3.464381117163556,1.227128587789947,6.145,1.6275656839355914,1.5828367393528158,0.18086674233726266,2.885
2026-10-10 03:01:44,7.923163386378066,7.712331459585847,9.05378066709036,13.91,3.51260442868924,3.4665653792945594,1.2286072777660786,6.15,1.632681097125673,1.5850693942746323,0.18163249212368227,2.895
2026-10-10 03:16:44,8.031705539128769,7.848740182690052,9.192732400677908,14.125,3.5883601742713545,3.5214914875197056,1.25457702961555,6.27,1.645208544276085,1.5940418963534266,0.18298705044718938,2.915
2026-10-10 03:31:44,8.078394489482417,7.90134304848443,9.247133569434085,14.21,3.625689603213566,3.555726525426724,1.2661807033523744,6.33,1.6580079379965396,1.5997456979535303,0.18402441737094982,2.935
2026-10-10 03:46:44,8.139357340473152,7.959248103460409,9.320762702233312,14.315,3.669830778466455,3.5920352577135364,1.2792271042413315,6.4,1.6580079379965396,1.5997456979535303,0.18402441737094982,2.935
2026-10-10 04:01:44,8.205226651919606,8.029809198725191,9.395083719415496,14.44,3.6899534725627987,3.6121440861667056,1.2852165078311177,6.43,1.669087918110084,1.6108430626284909,0.18559471111885098,2.96
2026-10-10 04:16:44,8.225498354208016,8.047035347373434,9.420419711882975,14.475,3.6943218757079697,3.620740297368527,1.2877640515591884,6.445,1.669087918110084,1.6108430626284909,0.18559471111885098,2.96
2026-10-10 04:31:44,8.316988484118172,8.136513870760362,9.530176487985957,14.64,3.746193476150095,3.6709356354710008,1.307399011050845,6.54,1.7093361510663336,1.6436091832620714,0.18951070714416357,3.02
2026-10-10 04:46:44,8.417198842065561,8.233966634800653,9.646334535008041,14.82,3.7729251067615572,3.6976060769659846,1.3168080132820499,6.585,1.7469541798530055,1.6735250996441597,0.1937620692648747,3.085
2026-10-10 05:01:44,8.507492559333036,8.31072229294635,9.739476994679974,14.965,3.808772253138164,3.7300187623178536,1.3299056423355973,6.655,1.767754458160311,1.6892606015304952,0.19589117908168102,3.12
2026-10-10 05:16:44,8.58166699744031,8.385137974946806,9.83269058196268,15.095,3.8569439242177004,3.767737831412356,1.3436424100874296,6.73,1.7829506610286825,1.7137628176487534,0.19847124516168252,3.155
2026-10-10 05:31:44,8.729771969515715,8.531130412798316,9.986712901531451,15.345,3.9138112795533595,3.8143090141157656,1.3597126905579273,6.81,1.8211779336027596,1.741157642811286,0.2022969998945364,3.21
2026-10-10 05:46:44,8.84031784590564,8.622408721232803,10.124301434979873,15.545,3.9811094473193074,3.8766979041555683,1.380930528306772,6.915,1.8430793902355858,1.7619050760315373,0.20453641222586824,3.245
2026-10-10 06:01:44,8.884305075229983,8.660683872199616,10.17149224219886,15.61,3.9981405474074045,3.8966542933812196,1.3874229394188742,6.95,1.8614018153340688,1.7772046961753762,0.20653079255466303,3.275
2026-10-10 06:16:44,8.911758315080505,8.684978444610866,10.205705949264537,15.66,4.008746780075339,3.9038946456866372,1.3894938942525665,6.965,1.873017641316643,1.7840594474363727,0.20765705978872512,3.295
2026-10-10 06:31:44,8.970147231031204,8.745968321713322,10.27769199046734,15.77,4.035350734346265,3.923466957876119,1.3987982461341586,7.01,1.8773942867857316,1.7899283335370637,0.20838992702137946,3.305
2026-10-10 06:46:44,9.081774757384206,8.851044951212995,10.412369853401584,15.965,4.1057774386023365,3.990238014755881,1.4205983099130974,7.125,1.9022833623632136,1.8254493152553368,0.21226235330659632,3.36
2026-10-10 07:01:44,9.191278102700633,8.953077769771879,10.535304149780607,16.155,4.169367824398594,4.042537177254173,1.4377337273464617,7.215,1.9180252496155084,1.8387067636899883,0.2139466309500427,3.385
2026-10-10 07:16:44,9.264460473959751,9.011965845790789,10.595614193236766,16.27,4.209893559147142,4.07956372385289,1.4484194258640908,7.275,1.935824897510157,1.8555483621125164,0.21561310958648292,3.415
2026-10-10 07:31:44,9.288595198587243,9.038499081373459,10.62802031177405,16.315,4.2154906636870315,4.089807763250321,1.4515292473903072,7.29,1.9457798063688028,1.8750283190509778,0.21698773264301896,3.44
2026-10-10 07:46:44,9.377030081441625,9.116037846552311,10.720199213303731,16.465,4.2484587851655915,4.1280915513431795,1.4644229795542474,7.35,1.969550105760148,1.8994468788173813,0.2190621775575756,3.475
2026-10-10 08:01:44,9.389442392209641,9.132435273483399,10.745856094651481,16.5,4.275973082250738,4.148925276510026,1.4730376521945863,7.39,1.9779905042465211,1.9058418085038966,0.21979428881180627,3.49
2026-10-10 08:16:44,9.405200995372164,9.147083458411362,10.765504634802053,16.53,4.288230774480914,4.164155651406686,1.4772901351610666,7.41,1.9779905042465211,1.9058418085038966,0.21979428881180627,3.49
2026-10-10 08:31:44,9.518252612768547,9.259074706446148,10.891335295721774,16.715,4.318673838190465,4.193218721689392,1.4879840842625482,7.46,2.018381823365333,1.9395228596592906,0.2228207097486648,3.545
2026-10-10 08:46:44,9.615628713600545,9.347182903623555,10.99958672228294,16.89,4.37216067733155,4.244786963437958,1.5066765370189088,7.555,2.039010551329938,1.9559311220427682,0.2247356981063697,3.575
2026-10-10 09:01:44,9.692189915015156,9.441582637805203,11.096628715851917,17.045,4.431622963453831,4.291411500280218,1.524116713423501,7.645,2.0649796970894654,1.977482320661469,0.22695206996025488,3.61
2026-10-10 09:16:44,9.781890774112744,9.528940201951603,11.205108924297924,17.205,4.472567326380962,4.31974778815639,1.5364879183750366,7.71,2.1008745531062267,2.0056561776875586,0.2298519181204188,3.66
2026-10-10 09:31:44,9.920169598342934,9.691059391832784,11.360216037747087,17.46,4.508479080279668,4.34493651247381,1.5483425878677899,7.77,2.1181433710389626,2.024287156964341,0.2319610783140956,3.695
2026-10-10 09:46:44,10.041053281856259,9.811719345947735,11.504269817026538,17.675,4.551577902973461,4.391578428850897,1.5661504974817995,7.86,2.1431160895595927,2.0513173204461594,0.23510425231082352,3.745
2026-10-10 10:01:44,10.060874327606927,9.849955253781719,11.546935850947907,17.735,4.568616790375397,4.403990286397841,1.5707471849695498,7.885,2.1431160895595927,2.0513173204461594,0.23510425231082352,3.745
2026-10-10 10:16:44,10.135000457699558,9.915002315108152,11.625411747358465,17.855,4.604520910851731,4.447340159174229,1.584638078634841,7.955,2.165350359942959,2.066949396986595,0.23709750146276237,3.775
2026-10-10 10:31:44,10.176568692289573,9.96254964227469,11.670718813478231,17.935,4.614705746820044,4.457044665128238,1.5887327376728484,7.975,2.169301594642509,2.0678780042253675,0.2372609895843476,3.78
2026-10-10 10:46:44,10.189505543859358,9.97479822474942,11.687139323400812,17.96,4.614705746820044,4.457044665128238,1.5887327376728484,7.975,2.1723322402527527,2.0710652875489775,0.23774674668250623,3.785
2026-10-10 11:01:44,10.19769016513168,9.985329256939552,11.696924250257748,17.98,4.624459853395415,4.465242591290781,1.5912905482545947,7.99,2.1760046350132303,2.0779892489745313,0.238564749222076,3.795
2026-10-10 11:16:44,10.19769016513168,9.985329256939552,11.696924250257748,17.98,4.624459853395415,4.465242591290781,1.5912905482545947,7.99,2.1760046350132303,2.0779892489745313,0.238564749222076,3.795
2026-10-10 11:31:44,10.19769016513168,9.985329256939552,11.696924250257748,17.98,4.624459853395415,4.465242591290781,1.5912905482545947,7.99,2.1760046350132303,2.0779892489745313,0.238564749222076,3.795
2026-10-10 11:46:44,10.19769016513168,9.985329256939552,11.696924250257748,17.98,4.624459853395415,4.465242591290781,1.5912905482545947,7.99,2.1760046350132303,2.0779892489745313,0.238564749222076,3.795
2026-10-10 12:01:44,10.19769016513168,9.985329256939552,11.696924250257748,17.98,4.624459853395415,4.465242591290781,1.5912905482545947,7.99,2.1760046350132303,2.0779892489745313,0.238564749222076,3.795
2026-10-10 12:16:44,10.19769016513168,9.985329256939552,11.696924250257748,17.98,4.624459853395415,4.465242591290781,1.5912905482545947,7.99,2.1760046350132303,2.0779892489745313,0.238564749222076,3.795
2026-10-10 12:31:44,10.19769016513168,9.985329256939552,11.696924250257748,17.98,4.624459853395415,4.465242591290781,1.5912905482545947,7.99,2.1760046350132303,2.0779892489745313,0.238564749222076,3.795
2026-10-10 12:46:44,10.19769016513168,9.985329256939552,11.696924250257748,17.98,4.624459853395415,4.465242591290781,1.5912905482545947,7.99,2.1760046350132303,2.0779892489745313,0.238564749222076,3.795
2026-10-10 13:01:44,10.19769016513168,9.985329256939552,11.696924250257748,17.98,4.624459853395415,4.465242591290781,1.5912905482545947,7.99,2.1760046350132303,2.0779892489745313,0.238564749222076,3.795
2026-10-10 13:16:44,10.200745634138643,9.986264139000838,11.700597548310668,17.985,4.63112940159219,4.471074823826144,1.5930809305583074,8.0,2.1760046350132303,2.0779892489745313,0.238564749222076,3.795
2026-10-10 13:31:44,10.205428920267416,9.992542085903397,11.707522805261593,17.995,4.633462111645255,4.476505593169273,1.5954313592813691,8.01,2.1798754153878206,2.082056509793322,0.23876983725153336,3.8
2026-10-10 13:46:44,10.220014164406594,10.006238951874613,11.723177812976237,18.02,4.636843838429829,4.480373913746416,1.5974292045593215,8.02,2.1798754153878206,2.082056509793322,0.23876983725153336,3.8
2026-10-10 14:01:44,10.252684006073292,10.044293436484763,11.765533770462028,18.08,4.640116319337796,4.484534912796626,1.5990269649250013,8.03,2.1798754153878206,2.082056509793322,0.23876983725153336,3.8
2026-10-10 14:16:44,10.274772868334447,10.069771504844276,11.800525637846452,18.125,4.640116319337796,4.484534912796626,1.5990269649250013,8.03,2.1874977614333506,2.088672696128438,0.23949425831401805,3.81
2026-10-10 14:31:44,10.285156650885352,10.07542734599264,11.814912397175249,18.145,4.640116319337796,4.484534912796626,1.5990269649250013,8.03,2.1898123335206257,2.091094683660453,0.2396881990208053,3.815
2026-10-10 14:46:44,10.302545902670202,10.09807450986447,11.83518289882807,18.175,4.651656837095244,4.502101222842679,1.6056750772588817,8.06,2.200298463940368,2.104241727165061,0.24037648511253584,3.83
2026-10-10 15:01:44,10.318496979994977,10.11542694829471,11.8501161633447,18.205,4.656043336081671,4.502995517932013,1.6068881941808897,8.065,2.200298463940368,2.104241727165061,0.24037648511253584,3.83
2026-10-10 15:16:44,10.331402542467574,10.120535848874741,11.8586926785752,18.22,4.659724324215474,4.506618550972305,1.6082178443025428,8.07,2.2075524252912877,2.1076934748414446,0.2414292269479503,3.845
2026-10-10 15:31:44,10.343195030958341,10.13024638527275,11.871091272930428,18.24,4.66312196725432,4.507947554120331,1.6096704593277211,8.075,2.2075524252912877,2.1076934748414446,0.2414292269479503,3.845
2026-10-10 15:46:44,10.357527561229375,10.146999365951851,11.888069635292705,18.265,4.66312196725432,4.507947554120331,1.6096704593277211,8.075,2.2075524252912877,2.1076934748414446,0.2414292269479503,3.845
2026-10-10 16:01:44,10.37563615916185,10.161721073315059,11.90537939655982,18.295,4.66312196725432,4.507947554120331,1.6096704593277211,8.075,2.2075524252912877,2.1076934748414446,0.2414292269479503,3.845
2026-10-10 16:16:44,10.383239678816647,10.177458308498336,11.92091558726254,18.32,4.672297643181268,4.512146440075369,1.6117898294744508,8.085,2.208841771234631,2.112501069979249,0.24162447394747383,3.85
2026-10-10 16:31:44,10.394580266180162,10.185316075509837,11.927885219598831,18.335,4.673386469764366,4.515414317932514,1.6124332618706794,8.09,2.208841771234631,2.112501069979249,0.24162447394747383,3.85
2026-10-10 16:46:44,10.402314964420444,10.197635606426658,11.941256913743176,18.36,4.6742970041804766,4.519284800413045,1.6137180048809188,8.095,2.208841771234631,2.112501069979249,0.24162447394747383,3.85
2026-10-10 17:01:44,10.425500748254432,10.222751138671217,11.967310721699674,18.4,4.675264775569966,4.520685894643103,1.6148669201909627,8.1,2.208841771234631,2.112501069979249,0.24162447394747383,3.85
2026-10-10 17:16:44,10.445174263015447,10.240985410824717,11.986548594522423,18.43,4.680744704168348,4.526977371813353,1.6172564106518368,8.11,2.213671503019639,2.119657261651142,0.24225758644297013,3.86
2026-10-10 17:31:44,10.454572722881995,10.252169586346067,11.996884847282724,18.45,4.685742621992696,4.530892067769257,1.6184922465485556,8.12,2.213671503019639,2.119657261651142,0.24225758644297013,3.86
2026-10-10 17:46:44,10.47076770648153,10.263385440842711,12.012533120711792,18.475,4.693116155456413,4.539747433916398,1.621688133446402,8.135,2.213671503019639,2.119657261651142,0.24225758644297013,3.86
2026-10-10 18:01:44,10.490698941999433,10.285698165000044,12.032517705298472,18.505,4.694255189048383,4.542530858184466,1.622363200723493,8.14,2.216641008119059,2.1242850405991893,0.24254781095421787,3.865
2026-10-10 18:16:44,10.509558687808186,10.304509723536297,12.051793805137791,18.535,4.696679595248221,4.546688969070627,1.624085718119122,8.15,2.216641008119059,2.1242850405991893,0.24254781095421787,3.865
2026-10-10 18:31:44,10.559409457873855,10.362677908718366,12.128624683618256,18.64,4.721212052152905,4.568469897892651,1.632781740876537,8.195,2.226894909424049,2.138381811318004,0.24378358256649843,3.89
2026-10-10 18:46:44,10.628423123213715,10.427411322308908,12.204076688717876,18.755,4.746098252722801,4.592739367407294,1.6412195033151016,8.235,2.250139242693969,2.162362993000776,0.24649300739800528,3.935
2026-10-10 19:01:44,10.702825175694265,10.501738781745312,12.273634237275296,18.865,4.7712072197399,4.622747497816728,1.6503487188303718,8.285,2.255783111758697,2.170481892467519,0.24720815019641776,3.945
2026-10-10 19:16:44,10.765622883491782,10.550293533952079,12.33701122324343,18.96,4.799282403893245,4.652766469543933,1.6635833778286608,8.345,2.262528394267124,2.177398106315912,0.24782505145230033,3.955
2026-10-10 19:31:44,10.824320726515053,10.605879879231807,12.398544391424233,19.055,4.831807964140784,4.6914282010381845,1.676510349852354,8.41,2.272213542124874,2.1883417019373104,0.24902028293508086,3.975
2026-10-10 19:46:44,10.929031392389161,10.70099881847639,12.515284995317206,19.235,4.867884288987222,4.726463105736029,1.6898737620562996,8.475,2.2933953126563336,2.2078677482000764,0.250929527427374,4.005
2026-10-10 20:01:44,11.017550122655091,10.792071554261083,12.630667080894712,19.405,4.902495997324704,4.758181874756984,1.7018261712765217,8.535,2.313141526564164,2.218976536581967,0.2524399982366378,4.03
2026-10-10 20:16:44,11.063192180185814,10.82745759101753,12.674599894042128,19.475,4.938598231706091,4.795045539497555,1.7130328192191846,8.595,2.3167919158108727,2.229756286987959,0.25334356104217415,4.045
2026-10-10 20:31:44,11.090145706373628,10.856714601884075,12.709762934588571,19.52,4.944815126211398,4.803968281614198,1.7174485023649482,8.615,2.3183589681434538,2.2340785916565236,0.2537415608913213,4.05
2026-10-10 20:46:44,11.164355955513498,10.931196029745493,12.806575499911563,19.65,4.976468432856882,4.839131665151947,1.7293408383002942,8.68,2.319972065230916,2.235776307840284,0.25395897718119986,4.055
2026-10-10 21:01:44,11.214556215291408,10.978403062402831,12.869024459583683,19.74,4.988497723265175,4.854313583428713,1.7353771866844852,8.705,2.339050929890423,2.247138020823257,0.25580858420447217,4.08
2026-10-10 21:16:44,11.342177450914514,11.109829896140052,13.011333149553414,19.965,5.030682228382805,4.9005255310596665,1.7504868046192206,8.785,2.3710484556826614,2.284454604075299,0.26015467082137084,4.14
2026-10-10 21:31:44,11.433924189574533,11.20782089867578,13.130449851493832,20.145,5.058425383218689,4.947248266063579,1.7633956319371806,8.855,2.4158022482323642,2.331540612083434,0.2647997723273946,4.215
2026-10-10 21:46:44,11.468002502708245,11.233545684550437,13.159544461078923,20.195,5.074092329676611,4.967540041266363,1.769971598105638,8.885,2.4272359103052636,2.3445956851347876,0.2661578682594108,4.235
2026-10-10 22:01:44,11.548812484497738,11.311455977852749,13.246532727395428,20.32,5.140265953042265,5.02365772936678,1.7918273275759595,8.99,2.449704730059151,2.368021809757324,0.2681778593176814,4.275
2026-10-10 22:16:44,11.592749568355302,11.354542218196165,13.298753642762428,20.4,5.164857463208031,5.046002421872415,1.7986597841488874,9.03,2.458823403540529,2.3755598351670484,0.2695469012946736,4.295
2026-10-10 22:31:44,11.677055129293645,11.426992656615587,13.39797743204289,20.545,5.201531875263479,5.084207199391052,1.812171392187528,9.095,2.4701532132726456,2.397275283833284,0.2713758274567259,4.325
2026-10-10 22:46:44,11.801239001683639,11.55561093085296,13.551491425149129,20.77,5.26583899250104,5.15628861714598,1.8352651138371565,9.215,2.502986688514464,2.434731038661268,0.2755127176690259,4.385
2026-10-10 23:01:44,11.934184855034461,11.674048010911093,13.686370738380303,20.985,5.325512432923878,5.228674521983602,1.8598689089950808,9.335,2.54661170285154,2.488015723566168,0.28042592056416743,4.465
2026-10-10 23:16:44,11.987830215384038,11.723887822292399,13.736946501686965,21.07,5.368843644457632,5.269689457628267,1.8752908616100286,9.41,2.573068036925809,2.513793539169649,0.2831664750051683,4.515
2026-10-10 23:31:44,12.10161523018878,11.84179459156526,13.863099558432534,21.26,5.413834794761691,5.312293372477344,1.8890480076150562,9.48,2.5867446142924964,2.531808506368923,0.2849193704140437,4.545
2026-10-10 23:46:44,12.202348033823693,11.930361968657058,13.97710006234972,21.43,5.48613789709268,5.386755927624719,1.9141881874945277,9.605,2.6206296636458477,2.569919813458047,0.2889959925657834,4.605
2026-10-11 00:01:44,12.289119158379656,12.037622790983727,14.07893571843633,21.6,5.553572262256492,5.437610150316431,1.9310601396431015,9.7,2.6467277033380068,2.600516770369691,0.2916688687618892,4.65
2026-10-11 00:16:44,12.403311168958892,12.161604175807922,14.206586703962195,21.8,5.633247726650668,5.51967687039456,1.9619058935485614,9.855,2.6839554938011987,2.6307306457036317,0.2953163839118644,4.715
2026-10-11 00:31:44,12.51870256126972,12.279013175991645,14.333527523348284,22.0,5.698472839855368,5.580984569337199,1.986909624736637,9.97,2.69149761889416,2.640544625018781,0.2959400865265255,4.73
2026-10-11 00:46:44,12.611711267003395,12.379809134813332,14.437112867025338,22.165,5.748723425819313,5.631888341956439,2.007607387064394,10.065,2.7180903157768768,2.664970812142272,0.299210935516019,4.775
2026-10-11 01:01:44,12.741261375793094,12.523643267280004,14.568207356476725,22.38,5.806878816822343,5.683591329622561,2.02429614127177,10.155,2.749086200629979,2.7066486144834614,0.3027639944545042,4.835
2026-10-11 01:16:44,12.853780355664739,12.634437725986492,14.688354176884973,22.57,5.902744225660677,5.763177740465723,2.056160509956446,10.31,2.804622908918162,2.749744608672278,0.3083167816292021,4.915
2026-10-11 01:31:44,12.942793435054575,12.732404880352306,14.80491124950708,22.73,5.959775934527182,5.8254867370773145,2.0774287425431637,10.415,2.829723880708501,2.7712495003520443,0.3107967529043746,4.96
2026-10-11 01:46:44,12.942793435054575,12.732404880352306,14.80491124950708,22.73,5.959775934527182,5.8254867370773145,2.0774287425431637,10.415,2.829723880708501,2.7712495003520443,0.3107967529043746,4.96
2026-10-11 02:01:44,12.942793435054575,12.732404880352306,14.80491124950708,22.73,5.959775934527182,5.8254867370773145,2.0774287425431637,10.415,2.829723880708501,2.7712495003520443,0.3107967529043746,4.96
2026-10-11 02:16:44,12.96603448567453,12.755317073010316,14.83663256123018,22.775,5.982630354547693,5.845272986525385,2.085521342115713,10.455,2.8367191521907134,2.784010136151049,0.311820541757832,4.975
2026-10-11 02:31:44,13.03080826783361,12.8205905548785,14.912785411234763,22.89,6.0119479380087695,5.8851627019376345,2.0987247980999637,10.515,2.8469891498965203,2.7963159968933775,0.3128588170459289,4.995
2026-10-11 02:46:44,13.074740479225527,12.846013845595289,14.954565510745153,22.955,6.018856160908249,5.89486755114795,2.1029015578814056,10.53,2.866589168278927,2.8156076254456055,0.3148271845485721,5.03
2026-10-11 03:01:44,13.101686500909699,12.865253493165328,14.973643538005064,22.995,6.054396921634521,5.938030904943679,2.116487450886299,10.595,2.872653354892266,2.822967569011834,0.31524869903056885,5.04
2026-10-11 03:16:44,13.14011043933822,12.9027851060865,15.008412598935815,23.05,6.07393123909461,5.957708853317172,2.124868683001227,10.63,2.8808156357616475,2.835123444571107,0.31623023044140525,5.055
2026-10-11 03:31:44,13.147922095396726,12.916284802863647,15.019028401815318,23.07,6.089701913784926,5.9709018337757405,2.129717656545122,10.65,2.888883933880087,2.843825060854677,0.31687204426621784,5.065
2026-10-11 03:46:44,13.147922095396726,12.916284802863647,15.019028401815318,23.07,6.089701913784926,5.9709018337757405,2.129717656545122,10.65,2.888883933880087,2.843825060854677,0.31687204426621784,5.065
2026-10-11 04:01:44,13.163885702173301,12.930933664821323,15.034968760416117,23.095,6.109499546989299,5.997509770252709,2.1387582431565018,10.69,2.8994608276150653,2.8542988403323846,0.31806515002021946,5.085
2026-10-11 04:16:44,13.220458120154634,12.987314952511092,15.100684407583167,23.195,6.141577988533789,6.041609765256562,2.1512803472648034,10.755,2.926347552574254,2.8846008529500295,0.32102964217919,5.13
2026-10-11 04:31:44,13.293258283953937,13.068757600737866,15.194386836001014,23.335,6.163256288570432,6.070367385774439,2.1567319645611325,10.79,2.932827579761599,2.894217466433566,0.3219058997483746,5.145
2026-10-11 04:46:44,13.351653897345834,13.109824887281418,15.25985972899291,23.435,6.2033424387129585,6.11367735937294,2.16970659101611,10.855,2.9529343707945674,2.9113052264306014,0.32430456661506585,5.18
2026-10-11 05:01:44,13.375693528446904,13.137394088264138,15.291884488267222,23.485,6.227049111256082,6.13484712725482,2.177433098653211,10.9,2.9677801413778213,2.92689117593146,0.32634189534704966,5.205
2026-10-11 05:16:44,13.376408050510655,13.138344999157592,15.294149135372297,23.49,6.238288607651597,6.15037130627213,2.1808757459686676,10.92,2.9677801413778213,2.92689117593146,0.32634189534704966,5.205
2026-10-11 05:31:44,13.380759613361462,13.141371174110935,15.29580302552186,23.495,6.238288607651597,6.15037130627213,2.1808757459686676,10.92,2.9677801413778213,2.92689117593146,0.32634189534704966,5.205
2026-10-11 05:46:44,13.380759613361462,13.141371174110935,15.29580302552186,23.495,6.238288607651597,6.15037130627213,2.1808757459686676,10.92,2.9677801413778213,2.92689117593146,0.32634189534704966,5.205
2026-10-11 06:01:44,13.380759613361462,13.141371174110935,15.29580302552186,23.495,6.238288607651597,6.15037130627213,2.1808757459686676,10.92,2.9677801413778213,2.92689117593146,0.32634189534704966,5.205
2026-10-11 06:16:44,13.399026715400968,13.161128801040979,15.311964527613151,23.525,6.240963232956634,6.155143320480392,2.182187313460698,10.925,2.9765107273474443,2.931978011466008,0.326990980065607,5.215
2026-10-11 06:31:44,13.487603380188316,13.241959894878631,15.409085603725345,23.68,6.2852831570682826,6.197048431735275,2.196560755968052,11.005,2.9874475836580126,2.9514699322099354,0.3284490897281519,5.24
2026-10-11 06:46:44,13.487603380188316,13.241959894878631,15.409085603725345,23.68,6.2852831570682826,6.197048431735275,2.196560755968052,11.005,2.9874475836580126,2.9514699322099354,0.3284490897281519,5.24
2026-10-11 07:01:44,13.487603380188316,13.241959894878631,15.409085603725345,23.68,6.286660884772859,6.200348305204446,2.197540567691912,11.01,2.9874475836580126,2.9514699322099354,0.3284490897281519,5.24
2026-10-11 07:16:44,13.487603380188316,13.241959894878631,15.409085603725345,23.68,6.286660884772859,6.200348305204446,2.197540567691912,11.01,2.9874475836580126,2.9514699322099354,0.3284490897281519,5.24
2026-10-11 07:31:44,13.487603380188316,13.241959894878631,15.409085603725345,23.68,6.286660884772859,6.200348305204446,2.197540567691912,11.01,2.9874475836580126,2.9514699322099354,0.3284490897281519,5.24
2026-10-11 07:46:44,13.49153983868626,13.244554248888841,15.412389983625202,23.685,6.286660884772859,6.200348305204446,2.197540567691912,11.01,2.9874475836580126,2.9514699322099354,0.3284490897281519,5.24
2026-10-11 08:01:44,13.49153983868626,13.244554248888841,15.412389983625202,23.685,6.286660884772859,6.200348305204446,2.197540567691912,11.01,2.9874475836580126,2.9514699322099354,0.3284490897281519,5.24
2026-10-11 08:16:44,13.49153983868626,13.244554248888841,15.412389983625202,23.685,6.286660884772859,6.200348305204446,2.197540567691912,11.01,2.9874475836580126,2.9514699322099354,0.3284490897281519,5.24
2026-10-11 08:31:44,13.49153983868626,13.244554248888841,15.412389983625202,23.685,6.286660884772859,6.200348305204446,2.197540567691912,11.01,2.9874475836580126,2.9514699322099354,0.3284490897281519,5.24
2026-10-11 08:46:44,13.49153983868626,13.244554248888841,15.412389983625202,23.685,6.286660884772859,6.200348305204446,2.197540567691912,11.01,2.9874475836580126,2.9514699322099354,0.3284490897281519,5.24
2026-10-11 09:01:44,13.49153983868626,13.244554248888841,15.412389983625202,23.685,6.286660884772859,6.200348305204446,2.197540567691912,11.01,2.992409398294469,2.9562179152610915,0.3288051778082778,5.245
2026-10-11 09:16:44,13.49153983868626,13.244554248888841,15.412389983625202,23.685,6.286660884772859,6.200348305204446,2.197540567691912,11.01,2.992409398294469,2.9562179152610915,0.3288051778082778,5.245
2026-10-11 09:31:44,13.49153983868626,13.244554248888841,15.412389983625202,23.685,6.2876004855533685,6.202899895748434,2.1988752491771835,11.015,2.992409398294469,2.9562179152610915,0.3288051778082778,5.245
2026-10-11 09:46:44,13.49153983868626,13.244554248888841,15.412389983625202,23.685,6.2876004855533685,6.202899895748434,2.1988752491771835,11.015,2.992409398294469,2.9562179152610915,0.3288051778082778,5.245
2026-10-11 10:01:44,13.49153983868626,13.244554248888841,15.412389983625202,23.685,6.2876004855533685,6.202899895748434,2.1988752491771835,11.015,2.992409398294469,2.9562179152610915,0.3288051778082778,5.245
2026-10-11 10:16:44,13.49153983868626,13.244554248888841,15.412389983625202,23.685,6.2876004855533685,6.202899895748434,2.1988752491771835,11.015,2.992409398294469,2.9562179152610915,0.3288051778082778,5.245
2026-10-11 10:31:44,13.511521257689932,13.260433281674084,15.427105444540677,23.71,6.288952888215753,6.207699096252766,2.20034049148729,11.02,2.9967621224675085,2.9578252692631555,0.329245434439083,5.25
2026-10-11 10:46:44,13.511521257689932,13.260433281674084,15.427105444540677,23.71,6.288952888215753,6.207699096252766,2.20034049148729,11.02,2.9967621224675085,2.9578252692631555,0.329245434439083,5.25
2026-10-11 11:01:44,13.511521257689932,13.260433281674084,15.427105444540677,23.71,6.288952888215753,6.207699096252766,2.20034049148729,11.02,2.9967621224675085,2.9578252692631555,0.329245434439083,5.25
2026-10-11 11:16:44,13.554391398730802,13.299697828638987,15.474555087230486,23.775,6.298602460629974,6.2169235676338275,2.2042864544199126,11.04,3.0012430678199022,2.9640823220918624,0.32961413534877454,5.26
2026-10-11 11:31:44,13.565868188935221,13.313021065995054,15.4890836866185,23.795,6.301873179889647,6.221509250801995,2.205693504086266,11.045,3.0012430678199022,2.9640823220918624,0.32961413534877454,5.26
2026-10-11 11:46:44,13.640932930962332,13.397624827414878,15.577722056951577,23.93,6.319123073726514,6.242584707125323,2.212139221383995,11.075,3.0039050128057956,2.9681547309908436,0.33035189163913176,5.27
2026-10-11 12:01:44,13.68929116459417,13.453843693560227,15.643580513182345,24.02,6.3362245306673435,6.262097859053737,2.2185649770368685,11.105,3.007285821174213,2.9713556743839598,0.3306900888402748,5.275
2026-10-11 12:16:44,13.718674567658582,13.482173970459103,15.675230977419819,24.07,6.347093674004182,6.274297535534237,2.2226252222749694,11.12,3.007285821174213,2.9713556743839598,0.3306900888402748,5.275
2026-10-11 12:31:44,13.738771825766243,13.501645258410838,15.697079827313772,24.1,6.351122915061887,6.281535437978344,2.2243554129516903,11.13,3.007285821174213,2.9713556743839598,0.3306900888402748,5.275
2026-10-11 12:46:44,13.744963628547465,13.50746470242416,15.707526765043127,24.115,6.356377820715444,6.2867087701982465,2.2255241472182585,11.14,3.0135734911566487,2.972807464585453,0.33144625806485517,5.285
2026-10-11 13:01:44,13.760830395944895,13.52144218549363,15.723165799712998,24.14,6.356377820715444,6.2867087701982465,2.2255241472182585,11.14,3.0163640481456335,2.9761084119421026,0.3316161709319684,5.29
2026-10-11 13:16:44,13.789422237389562,13.54664303529506,15.746593353228498,24.18,6.363358026452913,6.2912222960964375,2.2280704935068947,11.15,3.0172012166896836,2.978791891639924,0.3318566494905139,5.295
2026-10-11 13:31:44,13.807467214620702,13.562338275602636,15.766130050578134,24.21,6.372123534607775,6.2984714882320665,2.2311220855417555,11.165,3.017868861867065,2.980295165809756,0.33208106829885503,5.3
2026-10-11 13:46:44,13.826656680589663,13.581140725811515,15.795522607466998,24.25,6.372123534607775,6.2984714882320665,2.2311220855417555,11.165,3.0201574080419795,2.9818641552602516,0.3324155656970426,5.305
2026-10-11 14:01:44,13.85444465878127,13.60808016395419,15.821200297155716,24.295,6.38162904248759,6.306722157396052,2.2341154499449623,11.18,3.0201574080419795,2.9818641552602516,0.3324155656970426,5.305
2026-10-11 14:16:44,13.879500990184631,13.6280698222554,15.844089917536559,24.33,6.38162904248759,6.306722157396052,2.2341154499449623,11.18,3.0223779349284214,2.9828009101427417,0.33265292079757197,5.31
2026-10-11 14:31:44,13.894044948582987,13.645008217337482,15.858792169144868,24.36,6.390444004137943,6.314128924681125,2.2370468777428987,11.19,3.0223779349284214,2.9828009101427417,0.33265292079757197,5.31
2026-10-11 14:46:44,13.916011597004866,13.66928355109045,15.880447532364146,24.4,6.4006364079935265,6.321453658829577,2.24092867614029,11.21,3.0223779349284214,2.9828009101427417,0.33265292079757197,5.31
2026-10-11 15:01:44,13.95626073790078,13.704539654512052,15.936294204467298,24.475,6.413083654746911,6.336900575379926,2.2467080423504027,11.24,3.0223779349284214,2.9828009101427417,0.33265292079757197,5.31
2026-10-11 15:16:44,14.0244640301091,13.767546430554798,16.01921423840723,24.6,6.429202780919968,6.347906615158646,2.2513326612394127,11.265,3.0304249095687834,2.9852814947123134,0.333265857965795,5.32
2026-10-11 15:31:44,14.045742704157655,13.782998481864302,16.03945250954915,24.635,6.444388917669644,6.37282010144466,2.257542692823005,11.3,3.033296064504446,2.988760635131978,0.33375181338086585,5.325
2026-10-11 15:46:44,14.061191128891592,13.795992504101834,16.05718830399501,24.665,6.452923026470451,6.379905192977466,2.2603914651855663,11.31,3.033296064504446,2.988760635131978,0.33375181338086585,5.325
2026-10-11 16:01:44,14.066732059772626,13.80234903665591,16.066800619898395,24.68,6.459887243865803,6.384192062470889,2.262709284974585,11.32,3.035289726605995,2.9904091382822204,0.33395920069151075,5.33
2026-10-11 16:16:44,14.07904361111859,13.81062111798817,16.081066997670906,24.7,6.459887243865803,6.384192062470889,2.262709284974585,11.32,3.035289726605995,2.9904091382822204,0.33395920069151075,5.33
2026-10-11 16:31:44,14.090551502133977,13.826129386027695,16.095758276375626,24.725,6.464225777499535,6.387181710051403,2.2633329390326473,11.325,3.0428804501142355,2.9988715207603547,0.33497315415618834,5.345
2026-10-11 16:46:44,14.111062965445687,13.848482023926959,16.125999182796683,24.765,6.475252716693216,6.399496347557203,2.266498022867354,11.345,3.047798987423846,3.003040713057457,0.33556349296893856,5.355
2026-10-11 17:01:44,14.13485503310275,13.881258289165428,16.159840841915493,24.815,6.487410892986015,6.416585338150638,2.2715730492558923,11.37,3.051289824703929,3.004752448449829,0.3360622962921799,5.36
2026-10-11 17:16:44,14.155993254834586,13.906261415194624,16.18236122020367,24.855,6.491379324249496,6.420422416676255,2.2738349273640965,11.38,3.0546485242002226,3.0114739049686285,0.3368217066836148,5.37
2026-10-11 17:31:44,14.17339580921965,13.920540481716982,16.21142374203313,24.9,6.498859409559857,6.430042890115452,2.277442485947277,11.395,3.057093690022254,3.0158793196644975,0.3369615698367245,5.375
2026-10-11 17:46:44,14.198667479270844,13.943484782791051,16.244231012615476,24.945,6.519274562935696,6.451510817712848,2.2853807947768785,11.43,3.058446909927703,3.0208537471771857,0.3372564487997229,5.38
2026-10-11 18:01:44,14.23838680859079,13.98604332256772,16.296909946578214,25.02,6.5309228254636515,6.464252726249512,2.2893963520990352,11.45,3.058446909927703,3.0208537471771857,0.3372564487997229,5.38
2026-10-11 18:16:44,14.282314940354668,14.023530124082228,16.34475081632258,25.085,6.536674775348871,6.470765883324893,2.2921235340020756,11.465,3.065920737983531,3.0303039809126178,0.33830667962372635,5.395
2026-10-11 18:31:44,14.36206268009814,14.088991191426057,16.426884046667794,25.205,6.571359194330073,6.522270994069511,2.3060675030174074,11.535,3.071050761798924,3.043953600399858,0.3395426659715369,5.41
2026-10-11 18:46:44,14.436290468980543,14.149730111076083,16.496817979410512,25.32,6.5957199176739385,6.548399614516826,2.3159501859943603,11.585,3.081249589748933,3.0593140129020364,0.3412784476872036,5.435
2026-10-11 19:01:44,14.504048935927116,14.219084489384064,16.577574930169927,25.435,6.616287165825585,6.568486574962353,2.32327094644147,11.625,3.0850977309208747,3.0656784657559375,0.3420086912896389,5.445
2026-10-11 19:16:44,14.571921088625226,14.286310637555152,16.652685072249522,25.565,6.66300018489703,6.619682445809914,2.3389334053268787,11.71,3.1010104696073215,3.078645571111388,0.3431583773435278,5.47
2026-10-11 19:31:44,14.615060861447155,14.325799048368705,16.69855194991171,25.635,6.679166450750477,6.631211154651298,2.3436305956737664,11.735,3.1161592517480328,3.0942607725356446,0.34493063135307195,5.495
2026-10-11 19:46:44,14.713431888341086,14.428129123058543,16.823032293281454,25.815,6.75357913933701,6.711015028407256,2.3698581501954616,11.88,3.122851321819436,3.101708210848635,0.3457263116324298,5.51
2026-10-11 20:01:44,14.811232479291098,14.531243192390523,16.951603611012413,26.0,6.780981267939579,6.743725645694433,2.3807446098448124,11.935,3.134337248182714,3.1175937102866023,0.34716718670077196,5.53
2026-10-11 20:16:44,14.875385794859195,14.593946708930464,17.019397280685013,26.115,6.805725498412565,6.76794374155588,2.3878397244225424,11.97,3.1452065679469636,3.127811447840316,0.3485206056171304,5.55
2026-10-11 20:31:44,14.934498789864742,14.647457776406787,17.097188556647563,26.23,6.8299702084962135,6.801232563085671,2.3986498979114863,12.02,3.158015498952436,3.13863506619249,0.34964587745169423,5.565
2026-10-11 20:46:44,15.009446363021814,14.711908753310976,17.179142496352902,26.36,6.845569937598402,6.816590827599558,2.403809799380011,12.045,3.169610353314946,3.1512231883784287,0.3510925757203351,5.585
2026-10-11 21:01:44,15.070013148914063,14.773755823909271,17.242181470111323,26.465,6.881721224899466,6.843348373937818,2.41610329675168,12.11,3.186664152420424,3.1659372394256216,0.3523806702287156,5.61
2026-10-11 21:16:44,15.192023747766799,14.881894882764419,17.378787029725373,26.67,6.925704492359226,6.877374759826376,2.4327085933895964,12.185,3.198426279977739,3.1772119426256644,0.35326656811537566,5.63
2026-10-11 21:31:44,15.284755832424393,14.98896065804246,17.48554148124555,26.845,6.996152455639297,6.944508970153947,2.4543279328015624,12.29,3.215010197877267,3.1938901170896745,0.35477833503956857,5.655
2026-10-11 21:46:44,15.36812485896795,15.087759834101279,17.600260279993353,27.015,7.06647351647601,7.020820743839668,2.4821376904997354,12.425,3.254257089434354,3.220065088812052,0.35956389983234904,5.72
2026-10-11 22:01:44,15.429149550439885,15.145236299242306,17.67302237883774,27.13,7.105808689460907,7.07296140375555,2.4999393616378387,12.51,3.2750357603266265,3.24054958369776,0.36208509698168073,5.765
2026-10-11 22:16:44,15.464720844779535,15.183102715738208,17.707857059400858,27.185,7.126375738695519,7.0930976581111045,2.5071885228280704,12.545,3.2892243352395356,3.2616122222932664,0.36395064832910456,5.795
2026-10-11 22:31:44,15.493412199658733,15.20496004545649,17.732898080182533,27.23,7.136379073581074,7.1041818895010564,2.5126657875479244,12.57,3.3025075012716227,3.274801916816424,0.36551249896991816,5.82
2026-10-11 22:46:44,15.565077512318455,15.271714862606808,17.8029235538055,27.34,7.183632348315702,7.147400308520192,2.5298760529342537,12.65,3.310484082921584,3.285045031300985,0.3665350903728019,5.835
2026-10-11 23:01:44,15.646203527641573,15.360091512183864,17.89249390191677,27.48,7.2291116294821345,7.193752024694311,2.5457128561278193,12.72,3.339078424199494,3.3096915640343285,0.37023894949573527,5.885
2026-10-11 23:16:44,15.73490241151525,15.45461441559722,17.99072991282382,27.63,7.271813730087276,7.237046505209613,2.5591482621287027,12.79,3.353894198742671,3.327846660271674,0.3722033755971446,5.915
2026-10-11 23:31:44,15.795971690240066,15.516352737878982,18.059735032175006,27.745,7.317992405550311,7.2708211213774465,2.5745616267743503,12.865,3.3651592363677554,3.334559636963188,0.37376081726717686,5.935
2026-10-11 23:46:44,15.82999054208591,15.555677847199776,18.10361682682466,27.81,7.337735496029493,7.290970962210169,2.579709599225147,12.895,3.37448711049376,3.3430627501097527,0.3748716645363062,5.95
2026-10-12 00:01:44,15.873608400025926,15.60930772082252,18.15454833074931,27.9,7.362526278991701,7.312427481314689,2.5879061901438143,12.93,3.397976927605001,3.3707682154695586,0.37784463840674465,5.995
2026-10-12 00:16:44,15.93039902530878,15.658495361860252,18.210388959057287,27.99,7.3650615073834835,7.313999139230142,2.5891778019136815,12.935,3.406755003783067,3.378747890314904,0.3783528257358982,6.005
2026-10-12 00:31:44,15.988368813635425,15.717433519606804,18.269027775222646,28.09,7.388200989232031,7.341514866690311,2.598309304017895,12.98,3.4301435072512168,3.3905101514763536,0.38034855177536264,6.035
2026-10-12 00:46:44,16.05378153900488,15.78527753281353,18.340405073607766,28.2,7.435501023782405,7.387701262853865,2.612900745383703,13.055,3.4416268690155194,3.399155079626273,0.382512976202046,6.06
2026-10-12 01:01:44,16.05378153900488,15.78527753281353,18.340405073607766,28.2,7.435501023782405,7.387701262853865,2.612900745383703,13.055,3.4416268690155194,3.399155079626273,0.382512976202046,6.06
2026-10-12 01:16:44,16.120392602556365,15.8433458231895,18.409784247527963,28.3,7.478122395114511,7.429941442909428,2.6257712971140204,13.125,3.443305782518028,3.4023199083969073,0.3832205591666306,6.07
2026-10-12 01:31:44,16.21085193698638,15.924054083062229,18.50664887065035,28.445,7.509909171952369,7.462762222748846,2.6378572369205218,13.19,3.4692938736012087,3.428662648103705,0.3852103753455382,6.11
2026-10-12 01:46:44,16.277248884104424,15.988812237705776,18.57871668648982,28.57,7.5501313052045855,7.497800196677788,2.65171951578542,13.26,3.4899329159830517,3.452622046963264,0.38748698811659743,6.15
2026-10-12 02:01:44,16.277248884104424,15.988812237705776,18.57871668648982,28.57,7.5501313052045855,7.497800196677788,2.65171951578542,13.26,3.4899329159830517,3.452622046963264,0.38748698811659743,6.15
2026-10-12 02:16:44,16.280244502589106,15.991317314560616,18.580281067131263,28.575,7.5501313052045855,7.497800196677788,2.65171951578542,13.26,3.4899329159830517,3.452622046963264,0.38748698811659743,6.15
2026-10-12 02:31:44,16.28317552255633,15.994179260787162,18.584164540191736,28.58,7.5501313052045855,7.497800196677788,2.65171951578542,13.26,3.4899329159830517,3.452622046963264,0.38748698811659743,6.15
2026-10-12 02:46:44,16.28317552255633,15.994179260787162,18.584164540191736,28.58,7.5501313052045855,7.497800196677788,2.65171951578542,13.26,3.4899329159830517,3.452622046963264,0.38748698811659743,6.15
2026-10-12 03:01:44,16.28317552255633,15.994179260787162,18.584164540191736,28.58,7.5501313052045855,7.497800196677788,2.65171951578542,13.26,3.4899329159830517,3.452622046963264,0.38748698811659743,6.15
2026-10-12 03:16:44,16.28317552255633,15.994179260787162,18.584164540191736,28.58,7.5501313052045855,7.497800196677788,2.65171951578542,13.26,3.4899329159830517,3.452622046963264,0.38748698811659743,6.15
2026-10-12 03:31:44,16.28317552255633,15.994179260787162,18.584164540191736,28.58,7.5501313052045855,7.497800196677788,2.65171951578542,13.26,3.4899329159830517,3.452622046963264,0.38748698811659743,6.15
2026-10-12 03:46:44,16.286179122165574,15.996710372105005,18.586239952625,28.585,7.5501313052045855,7.497800196677788,2.65171951578542,13.26,3.4899329159830517,3.452622046963264,0.38748698811659743,6.15
2026-10-12 04:01:44,16.354051523705508,16.056642873198072,18.660680512759882,28.7,7.581896714379998,7.529213340131606,2.664389910446953,13.325,3.50181617511194,3.46471751205974,0.3887552661917607,6.175
2026-10-12 04:16:44,16.417420997008243,16.133540055845764,18.746902136565957,28.835,7.626185736516454,7.574770915883894,2.6807383893632255,13.405,3.5212248642006476,3.4846717964973823,0.3909540209497165,6.215
2026-10-12 04:31:44,16.49315016216284,16.19711612278691,18.836752661506765,28.965,7.665644216708935,7.605698539928481,2.693723284742232,13.475,3.550561031448567,3.516979746851051,0.39384706958787535,6.265
2026-10-12 04:46:44,16.535110829639677,16.24799734718797,18.885557656361783,29.045,7.6991411926647855,7.639659677278604,2.7068973234936653,13.535,3.560781229605017,3.531176501458203,0.3951085333753776,6.285
2026-10-12 05:01:44,16.590803236341397,16.2948758475891,18.949072818503293,29.14,7.726352649847763,7.671951246118957,2.7144436387611965,13.58,3.5713487980817895,3.5432593850119907,0.39663933063342405,6.305
2026-10-12 05:16:44,16.640825390078643,16.348648947446836,19.019341858528836,29.24,7.745253740123245,7.690053174706562,2.7208164524935885,13.61,3.5928459627688345,3.566541484005885,0.3987657720223721,6.34
2026-10-12 05:31:44,16.702827179302982,16.419935625822117,19.10402342616929,29.36,7.797640996728524,7.744085245305191,2.7367344041686668,13.695,3.602589165571855,3.5814272693298963,0.4002210024621866,6.36
2026-10-12 05:46:44,16.711620298255642,16.423559614363647,19.112420056444407,29.37,7.7985622084077,7.744766235464877,2.737501033782687,13.7,3.602589165571855,3.5814272693298963,0.4002210024621866,6.36
2026-10-12 06:01:44,16.711620298255642,16.423559614363647,19.112420056444407,29.37,7.7985622084077,7.744766235464877,2.737501033782687,13.7,3.602589165571855,3.5814272693298963,0.4002210024621866,6.36
2026-10-12 06:16:44,16.711620298255642,16.423559614363647,19.112420056444407,29.37,7.7985622084077,7.744766235464877,2.737501033782687,13.7,3.602589165571855,3.5814272693298963,0.4002210024621866,6.36
2026-10-12 06:31:44,16.711620298255642,16.423559614363647,19.112420056444407,29.37,7.7985622084077,7.744766235464877,2.737501033782687,13.7,3.602589165571855,3.5814272693298963,0.4002210024621866,6.36
2026-10-12 06:46:44,16.711620298255642,16.423559614363647,19.112420056444407,29.37,7.7985622084077,7.744766235464877,2.737501033782687,13.7,3.602589165571855,3.5814272693298963,0.4002210024621866,6.36
2026-10-12 07:01:44,16.711620298255642,16.423559614363647,19.112420056444407,29.37,7.7985622084077,7.744766235464877,2.737501033782687,13.7,3.602589165571855,3.5814272693298963,0.4002210024621866,6.36
2026-10-12 07:16:44,16.71579150940445,16.427349766199633,19.115146509942,29.375,7.7985622084077,7.744766235464877,2.737501033782687,13.7,3.602589165571855,3.5814272693298963,0.4002210024621866,6.36
2026-10-12 07:31:44,16.716957057642304,16.429403425133227,19.119570581737438,29.38,7.7985622084077,7.744766235464877,2.737501033782687,13.7,3.602589165571855,3.5814272693298963,0.4002210024621866,6.36
2026-10-12 07:46:44,16.716957057642304,16.429403425133227,19.119570581737438,29.38,7.7985622084077,7.744766235464877,2.737501033782687,13.7,3.602589165571855,3.5814272693298963,0.4002210024621866,6.36
2026-10-12 08:01:44,16.716957057642304,16.429403425133227,19.119570581737438,29.38,7.7985622084077,7.744766235464877,2.737501033782687,13.7,3.602589165571855,3.5814272693298963,0.4002210024621866,6.36
2026-10-12 08:16:44,16.716957057642304,16.429403425133227,19.119570581737438,29.38,7.7985622084077,7.744766235464877,2.737501033782687,13.7,3.602589165571855,3.5814272693298963,0.4002210024621866,6.36
2026-10-12 08:31:44,16.716957057642304,16.429403425133227,19.119570581737438,29.38,7.7985622084077,7.744766235464877,2.737501033782687,13.7,3.602589165571855,3.5814272693298963,0.4002210024621866,6.36
2026-10-12 08:46:44,16.72087451312792,16.431798630745224,19.12366405982065,29.385,7.7985622084077,7.744766235464877,2.737501033782687,13.7,3.602589165571855,3.5814272693298963,0.4002210024621866,6.36
2026-10-12 09:01:44,16.72087451312792,16.431798630745224,19.12366405982065,29.385,7.7985622084077,7.744766235464877,2.737501033782687,13.7,3.602589165571855,3.5814272693298963,0.4002210024621866,6.36
2026-10-12 09:16:44,16.72087451312792,16.431798630745224,19.12366405982065,29.385,7.7985622084077,7.744766235464877,2.737501033782687,13.7,3.602589165571855,3.5814272693298963,0.4002210024621866,6.36
2026-10-12 09:31:44,16.72087451312792,16.431798630745224,19.12366405982065,29.385,7.7985622084077,7.744766235464877,2.737501033782687,13.7,3.602589165571855,3.5814272693298963,0.4002210024621866,6.36
2026-10-12 09:46:44,16.816316394235578,16.545180181929936,19.25235847553434,29.57,7.828775464327189,7.774965995808717,2.749288411097328,13.76,3.6104813738770893,3.593824395691645,0.40148427261738084,6.38
2026-10-12 10:01:44,16.816316394235578,16.545180181929936,19.25235847553434,29.57,7.828775464327189,7.774965995808717,2.749288411097328,13.76,3.6104813738770893,3.593824395691645,0.40148427261738084,6.38
2026-10-12 10:16:44,16.816316394235578,16.545180181929936,19.25235847553434,29.57,7.828775464327189,7.774965995808717,2.749288411097328,13.76,3.6104813738770893,3.593824395691645,0.40148427261738084,6.38
2026-10-12 10:31:44,16.816316394235578,16.545180181929936,19.25235847553434,29.57,7.828775464327189,7.774965995808717,2.749288411097328,13.76,3.6104813738770893,3.593824395691645,0.40148427261738084,6.38
2026-10-12 10:46:44,16.816316394235578,16.545180181929936,19.25235847553434,29.57,7.828775464327189,7.774965995808717,2.749288411097328,13.76,3.6104813738770893,3.593824395691645,0.40148427261738084,6.38
2026-10-12 11:01:44,16.816316394235578,16.545180181929936,19.25235847553434,29.57,7.828775464327189,7.774965995808717,2.749288411097328,13.76,3.6104813738770893,3.593824395691645,0.40148427261738084,6.38
2026-10-12 11:16:44,16.816316394235578,16.545180181929936,19.25235847553434,29.57,7.828775464327189,7.774965995808717,2.749288411097328,13.76,3.6104813738770893,3.593824395691645,0.40148427261738084,6.38
2026-10-12 11:31:44,16.816316394235578,16.545180181929936,19.25235847553434,29.57,7.828775464327189,7.774965995808717,2.749288411097328,13.76,3.6104813738770893,3.593824395691645,0.40148427261738084,6.38
2026-10-12 11:46:44,16.816316394235578,16.545180181929936,19.25235847553434,29.57,7.828775464327189,7.774965995808717,2.749288411097328,13.76,3.6104813738770893,3.593824395691645,0.40148427261738084,6.38
2026-10-12 12:01:44,16.816316394235578,16.545180181929936,19.25235847553434,29.57,7.828775464327189,7.774965995808717,2.749288411097328,13.76,3.6104813738770893,3.593824395691645,0.40148427261738084,6.38
2026-10-12 12:16:44,16.81892724864521,16.548561382960965,19.257206375033785,29.575,7.828775464327189,7.774965995808717,2.749288411097328,13.76,3.6104813738770893,3.593824395691645,0.40148427261738084,6.38
2026-10-12 12:31:44,16.82886650572383,16.5651974470856,19.27141320154537,29.595,7.828775464327189,7.774965995808717,2.749288411097328,13.76,3.6104813738770893,3.593824395691645,0.40148427261738084,6.38
2026-10-12 12:46:44,16.850706451171746,16.58238450114912,19.297121234602066,29.63,7.833664356378584,7.776232885763668,2.7505427800231974,13.765,3.6104813738770893,3.593824395691645,0.40148427261738084,6.38
2026-10-12 13:01:44,16.872964993432795,16.600015076208507,19.318703453130638,29.665,7.833664356378584,7.776232885763668,2.7505427800231974,13.765,3.6104813738770893,3.593824395691645,0.40148427261738084,6.38
2026-10-12 13:16:44,16.892203342128937,16.616381717561516,19.33635760405691,29.695,7.838613278371943,7.778499375631904,2.751489424535898,13.77,3.616254095469772,3.59832541821682,0.4021000268488011,6.39
2026-10-12 13:31:44,16.892203342128937,16.616381717561516,19.33635760405691,29.695,7.838613278371943,7.778499375631904,2.751489424535898,13.77,3.616254095469772,3.59832541821682,0.4021000268488011,6.39
2026-10-12 13:46:44,16.917137677847112,16.634888716082155,19.36203183455826,29.735,7.849367537206129,7.793228270266933,2.7546741344578023,13.785,3.616254095469772,3.59832541821682,0.4021000268488011,6.39
2026-10-12 14:01:44,16.929028061421615,16.645783227919516,19.372113169526738,29.755,7.854160177831959,7.7972142310912345,2.7566913114721054,13.795,3.616254095469772,3.59832541821682,0.4021000268488011,6.39
2026-10-12 14:16:44,16.940742157338864,16.656463645700395,19.381066231559526,29.77,7.856929758550842,7.799983563959706,2.7580932266182447,13.805,3.616254095469772,3.59832541821682,0.4021000268488011,6.39
2026-10-12 14:31:44,16.962840441756143,16.67396972198796,19.406170749659562,29.805,7.865547259587275,7.804051466943113,2.7618206919325043,13.82,3.616254095469772,3.59832541821682,0.4021000268488011,6.39
2026-10-12 14:46:44,16.988888037094235,16.702178542996705,19.429277636226583,29.845,7.870238845138992,7.8080008592831955,2.7632761430921633,13.825,3.616254095469772,3.59832541821682,0.4021000268488011,6.39
2026-10-12 15:01:44,16.999412130031892,16.70575770005489,19.440194704013514,29.86,7.870238845138992,7.8080008592831955,2.7632761430921633,13.825,3.616254095469772,3.59832541821682,0.4021000268488011,6.39
2026-10-12 15:16:44,17.010602589282065,16.71322696864553,19.450425384678898,29.88,7.8743495934711,7.812220147431229,2.764477574986009,13.83,3.616254095469772,3.59832541821682,0.4021000268488011,6.39
2026-10-12 15:31:44,17.015112189586752,16.71467676487883,19.45465758118506,29.885,7.8743495934711,7.812220147431229,2.764477574986009,13.83,3.61818302954443,3.601309148309153,0.4024034199118226,6.395
2026-10-12 15:46:44,17.043712870398643,16.75007023552265,19.48226466383471,29.93,7.878713448157036,7.822899067386548,2.767290105018911,13.845,3.61818302954443,3.601309148309153,0.4024034199118226,6.395
2026-10-12 16:01:44,17.05417183396557,16.75860467941415,19.497264591325894,29.95,7.8824695264072195,7.824630462401965,2.768691440765534,13.855,3.61818302954443,3.601309148309153,0.4024034199118226,6.395
2026-10-12 16:16:44,17.07689438205852,16.780838107528,19.525476667305906,29.99,7.8873131701279995,7.833960663619991,2.7718899933980934,13.87,3.618957037520064,3.6060308324813466,0.4025922399475314,6.4
2026-10-12 16:31:44,17.11045321066812,16.807943022411767,19.56075581210978,30.05,7.899437567476892,7.842728034837781,2.7764907961757386,13.89,3.618957037520064,3.6060308324813466,0.4025922399475314,6.4
2026-10-12 16:46:44,17.125200741257956,16.822006794764626,19.57916002097945,30.075,7.9016794893871865,7.848194221359088,2.7789597491091618,13.9,3.6222093678288925,3.608970182192183,0.40308246526512664,6.405
2026-10-12 17:01:44,17.131762803500422,16.824163974499232,19.584565367988795,30.085,7.904508354618888,7.852958903086973,2.780071718123465,13.905,3.6222093678288925,3.608970182192183,0.40308246526512664,6.405
2026-10-12 17:16:44,17.136056710858284,16.825862483733314,19.586727266670096,30.09,7.907585084403541,7.85522970281345,2.7806104119646706,13.91,3.6222093678288925,3.608970182192183,0.40308246526512664,6.405
2026-10-12 17:31:44,17.148172682756346,16.840588185970265,19.603044779155052,30.115,7.918851926076131,7.866886124241548,2.783732365660608,13.93,3.6222093678288925,3.608970182192183,0.40308246526512664,6.405
2026-10-12 17:46:44,17.152302390634972,16.84542806445844,19.611580958933498,30.125,7.924461613552376,7.874571982814485,2.78557319094094,13.94,3.6222093678288925,3.608970182192183,0.40308246526512664,6.405
2026-10-12 18:01:44,17.15360172471135,16.847083249581136,19.614630356671064,30.13,7.924461613552376,7.874571982814485,2.78557319094094,13.94,3.6222093678288925,3.608970182192183,0.40308246526512664,6.405
2026-10-12 18:16:44,17.15360172471135,16.847083249581136,19.614630356671064,30.13,7.924461613552376,7.874571982814485,2.78557319094094,13.94,3.6222093678288925,3.608970182192183,0.40308246526512664,6.405
2026-10-12 18:31:44,17.176583950230697,16.87296394761576,19.64047927791731,30.17,7.93271086740524,7.882897531399761,2.788254002416166,13.955,3.623172807776165,3.609943181558001,0.4032260982387985,6.41
2026-10-12 18:46:44,17.201105732307106,16.8939698961087,19.66882981331086,30.21,7.9408831067105305,7.892717593076778,2.792215951772285,13.975,3.626757204140686,3.6141494441470914,0.4035475294213323,6.415
2026-10-12 19:01:44,17.275853176467855,16.97047555509246,19.754904513914237,30.345,7.974791176966846,7.9187679384040175,2.7997669173461497,14.015,3.6563443945215806,3.6457028832278784,0.40578024207781455,6.46
2026-10-12 19:16:44,17.314450678075303,17.017872586355516,19.799508829539096,30.41,7.990125945529668,7.936367882105334,2.805244069254097,14.045,3.6753021931648373,3.6654998425852368,0.4078333602165526,6.49
2026-10-12 19:31:44,17.34583207141128,17.06511028463284,19.8421038545381,30.475,8.014187957964241,7.959306945973495,2.814567906671929,14.09,3.6827008599688233,3.674651957762398,0.40842273289262876,6.5
2026-10-12 19:46:44,17.39303377781849,17.108603111279848,19.88952641290924,30.55,8.03118435679124,7.979949071325819,2.8218115265252814,14.125,3.6867699394308273,3.6782626743516182,0.40856329056030877,6.505
2026-10-12 20:01:44,17.404943212946815,17.12610862491148,19.909216878889428,30.58,8.041295670288987,7.995454130219809,2.82600177259483,14.145,3.6950244040902245,3.683747716351661,0.409539517799918,6.52
2026-10-12 20:16:44,17.436660441562275,17.14944151638328,19.93325126449907,30.625,8.068138409353118,8.0190705668368,2.834983112974823,14.185,3.698586365759791,3.686396566236046,0.40995903571782916,6.525
2026-10-12 20:31:44,17.444427139370102,17.15688450234885,19.942590698575824,30.645,8.075407129312998,8.023861722657204,2.836634093972255,14.195,3.698586365759791,3.686396566236046,0.40995903571782916,6.525
2026-10-12 20:46:44,17.51919466619745,17.22950676217204,20.028683888670226,30.775,8.099539980135939,8.050334625945258,2.8469727160537737,14.245,3.7121733672839663,3.6990622443398853,0.41175267283142397,6.555
2026-10-12 21:01:44,17.567923478803532,17.27860613578102,20.092156592971257,30.875,8.145102158468575,8.090117705977798,2.862627940392772,14.32,3.7312214123617364,3.7243204511981474,0.4142839714874847,6.595
2026-10-12 21:16:44,17.619337501361734,17.345635567745457,20.148827609804428,30.97,8.164235092128763,8.104906582798755,2.8725070838432365,14.36,3.738650151152412,3.728120940353571,0.4150969636627676,6.605
2026-10-12 21:31:44,17.65985034609862,17.38188971376167,20.191965951839787,31.04,8.208886525469005,8.145466482298309,2.887263227671368,14.435,3.755396263666713,3.745685116722105,0.4163115307934029,6.635
2026-10-12 21:46:44,17.737651376250827,17.466300372371464,20.28985599430605,31.195,8.251844205025467,8.176637304105306,2.899449931305807,14.505,3.771849749580079,3.7653390195620586,0.41875597060754916,6.67
2026-10-12 22:01:44,17.784731189767605,17.524326225640163,20.347481938184306,31.28,8.261777564659933,8.194239920946366,2.904184652205577,14.535,3.781822173390792,3.7741087612818163,0.41965408001156046,6.69
2026-10-12 22:16:44,17.82533124188316,17.5622951737965,20.39433241464842,31.35,8.289364304195507,8.22250651684663,2.9142550088688317,14.585,3.8059146069255343,3.7887095944158116,0.42134721240447265,6.725
2026-10-12 22:31:44,17.884746755868868,17.617997756718463,20.460540076506863,31.45,8.305272078607636,8.241496009448955,2.921525697268937,14.62,3.812407429462198,3.7956933703389417,0.42217158714553216,6.735
2026-10-12 22:46:44,17.974775619508286,17.70569103892552,20.56113475125689,31.595,8.330694138442809,8.26981556153145,2.930715224518003,14.665,3.837373896176728,3.8233838103270554,0.42426076300378135,6.78
2026-10-12 23:01:44,17.974775619508286,17.70569103892552,20.56113475125689,31.595,8.346054447716357,8.28015140640732,2.9352397537675774,14.685,3.837373896176728,3.8233838103270554,0.42426076300378135,6.78
2026-10-12 23:16:44,17.982197769526472,17.70858292650599,20.56796503702729,31.605,8.355186037741246,8.290820908381384,2.9374824242221704,14.7,3.841572209055643,3.82661093719954,0.42471319376472527,6.785
2026-10-12 23:31:44,18.04474952601152,17.767165850991724,20.620643217101872,31.705,8.405418704054398,8.328761927509008,2.95119062244933,14.77,3.853908937975552,3.847649945870879,0.4261942679167647,6.81
2026-10-12 23:46:44,18.070740015052767,17.796523383397137,20.655648494460973,31.755,8.440581288644548,8.360722475602033,2.961383816129046,14.825,3.8679709861699783,3.8684132933886666,0.4289573911995554,6.845
2026-10-13 00:01:44,18.133879768948496,17.86833859653412,20.72975377505868,31.875,8.446608229352687,8.366682971446114,2.9633813388551924,14.835,3.8876150916378216,3.8791728979867934,0.43053320146545115,6.87
2026-10-13 00:16:44,18.242181742303273,17.967993528131295,20.85766670374912,32.07,8.50713097620832,8.42288584934096,2.9838905507665507,14.94,3.9367089724590003,3.9226045009422728,0.4353756501900728,6.945
2026-10-13 00:31:44,18.251560065812875,17.977431239219495,20.871255066846576,32.09,8.517941680336317,8.428783400646424,2.98657620130192,14.955,3.9367089724590003,3.9226045009422728,0.4353756501900728,6.945
2026-10-13 00:46:44,18.295880383255845,18.00547009574763,20.92182675703875,32.165,8.530660120305754,8.453286340791143,2.992727528624116,14.99,3.940338026775633,3.928348285046191,0.43579413456967303,6.955
2026-10-13 01:01:44,18.323134549387703,18.025414315948318,20.951502366579557,32.21,8.535665043813863,8.459238637275345,2.996024300397218,15.005,3.946731058419104,3.930658589968557,0.43646020213708897,6.965
2026-10-13 01:16:44,18.342139272290268,18.04597811021375,20.976247029171105,32.245,8.54887857963762,8.464728988475404,2.999237893721749,15.02,3.950244814735642,3.9367421493646546,0.4370051523632528,6.975
2026-10-13 01:31:44,18.385783470888224,18.08445015717962,21.022485757102128,32.32,8.556291429255305,8.472390283301253,3.001332087132674,15.035,3.9592884718967083,3.9412710890459146,0.4376619830637305,6.985
2026-10-13 01:46:44,18.47179838900899,18.147682292031558,21.11700611716497,32.46,8.618406895754644,8.539572985354393,3.0213750607176584,15.135,3.988566673227746,3.9738307185338115,0.4411680508143806,7.04
2026-10-13 02:01:44,18.535930613494692,18.21929308993123,21.188726633372777,32.575,8.649278180687881,8.577936334793664,3.0358601518323804,15.2,4.013146580291344,4.0067756009707285,0.44378619829812005,7.085
2026-10-13 02:16:44,18.607872356087057,18.28598081272279,21.27561452514171,32.705,8.688139789593171,8.608952899738822,3.0474539463473382,15.265,4.043425046572429,4.035762662938403,0.4464955809743904,7.135
2026-10-13 02:31:44,18.68962277528083,18.367395879974428,21.36668227488579,32.84,8.705306699108494,8.628664990614693,3.055582518813094,15.3,4.057471067331763,4.045919447969837,0.4474415416858312,7.155
2026-10-13 02:46:44,18.78514349782852,18.461766866837234,21.457280538648643,33.0,8.748224319609594,8.676324965863632,3.073617847128748,15.375,4.079545753322848,4.0708261809735555,0.450376131381323,7.2
2026-10-13 03:01:44,18.868268279878105,18.534745938512692,21.55500388858776,33.14,8.785599181709655,8.70605071821934,3.0854672282832105,15.43,4.093815915113575,4.089905626527326,0.4524819082077199,7.235
2026-10-13 03:16:44,18.933240229023877,18.592570391898743,21.620727191826216,33.25,8.814994338358852,8.741081143068127,3.0968926895707227,15.485,4.112809556515135,4.107986578892608,0.4550923663347814,7.275
2026-10-13 03:31:44,19.02083644122528,18.6869365771669,21.72814560122564,33.415,8.862259453045917,8.789489212824607,3.111565899719984,15.565,4.130567394439324,4.1223868551571075,0.4569468861333901,7.31
2026-10-13 03:46:44,19.11227817579665,18.7706953780523,21.84122504884958,33.575,8.877749039382492,8.806434653332916,3.117259343849189,15.595,4.163130297785175,4.1595464287188175,0.46050699453863014,7.37
2026-10-13 04:01:44,19.116505898681314,18.776173700852603,21.85175347879015,33.59,8.8862920118929,8.812508510323429,3.1193943438291556,15.605,4.163130297785175,4.1595464287188175,0.46050699453863014,7.37
2026-10-13 04:16:44,19.13812672778964,18.80320251614162,21.87829132112913,33.635,8.89301428332149,8.820217020161953,3.1211043971615533,15.615,4.170265441423739,4.169152554439334,0.461562199232344,7.385
2026-10-13 04:31:44,19.18082748392412,18.835113658578443,21.927626942818947,33.71,8.906264214515645,8.830786261393857,3.1259883757658025,15.635,4.177942447174178,4.174977480876209,0.46196131403013385,7.395
2026-10-13 04:46:44,19.18082748392412,18.835113658578443,21.927626942818947,33.71,8.906264214515645,8.830786261393857,3.1259883757658025,15.635,4.177942447174178,4.174977480876209,0.46196131403013385,7.395
2026-10-13 05:01:44,19.18082748392412,18.835113658578443,21.927626942818947,33.71,8.906264214515645,8.830786261393857,3.1259883757658025,15.635,4.182233032784957,4.176934966040263,0.46225418354239783,7.4
2026-10-13 05:16:44,19.19079703894114,18.84157449952208,21.94346724281078,33.73,8.910694685355674,8.83535584675571,3.126583626083807,15.64,4.182233032784957,4.176934966040263,0.46225418354239783,7.4
2026-10-13 05:31:44,19.195473120901802,18.845070082459603,21.945495956320478,33.735,8.910694685355674,8.83535584675571,3.126583626083807,15.64,4.186580398370975,4.178196663919751,0.46274592161969685,7.405
2026-10-13 05:46:44,19.211205235744995,18.85812547262736,21.959857686294235,33.755,8.925786659524606,8.844373466331968,3.130086354966847,15.66,4.186580398370975,4.178196663919751,0.46274592161969685,7.405
2026-10-13 06:01:44,19.225103955679934,18.877148722090315,21.9755595324426,33.775,8.93085297553916,8.850077432862443,3.132498748633613,15.67,4.186580398370975,4.178196663919751,0.46274592161969685,7.405
2026-10-13 06:16:44,19.234886984360724,18.89350724618489,21.988680681325448,33.8,8.939022262968088,8.857000582757651,3.1350493878200423,15.68,4.194942091016652,4.183689228511654,0.463267190861223,7.415
2026-10-13 06:31:44,19.24572680211802,18.903952882425624,21.997529783849817,33.815,8.94863075108014,8.863685376268046,3.1369099930668654,15.695,4.194942091016652,4.183689228511654,0.463267190861223,7.415
2026-10-13 06:46:44,19.25089021718506,18.91256424328687,22.00583802519451,33.83,8.952970808716389,8.870018598190091,3.1387184922657836,15.705,4.197923973919921,4.188205085886147,0.46341161167661993,7.42
2026-10-13 07:01:44,19.25923821302281,18.921109200907214,22.017245914511413,33.85,8.95622976790963,8.871243037462307,3.139920597110252,15.71,4.197923973919921,4.188205085886147,0.46341161167661993,7.42
2026-10-13 07:16:44,19.272574396164273,18.93291467564441,22.02984878349553,33.87,8.97183701372286,8.885042193304113,3.1457468822690298,15.735,4.1989712147599585,4.1911298138422115,0.4637451190746722,7.425
2026-10-13 07:31:44,19.27491076785454,18.93694402511791,22.034580639208947,33.875,8.97183701372286,8.885042193304113,3.1457468822690298,15.735,4.1989712147599585,4.1911298138422115,0.4637451190746722,7.425
2026-10-13 07:46:44,19.280303394668117,18.943233823281325,22.04142810205239,33.885,8.977845259818265,8.890635484149273,3.1479132338690583,15.745,4.1989712147599585,4.1911298138422115,0.4637451190746722,7.425
2026-10-13 08:01:44,19.287127886970957,18.95214732323629,22.04881962041844,33.895,8.977845259818265,8.890635484149273,3.1479132338690583,15.745,4.203607463613731,4.192153745745637,0.4638834096140909,7.43
2026-10-13 08:16:44,19.292231896580923,18.95824947677464,22.065604247970978,33.915,8.986235472727838,8.898848919834842,3.149872663820854,15.755,4.203607463613731,4.192153745745637,0.4638834096140909,7.43
2026-10-13 08:31:44,19.29961088807676,18.97064294145528,22.081130807348252,33.935,8.98791370044144,8.903679070516828,3.1504302971899403,15.76,4.203607463613731,4.192153745745637,0.4638834096140909,7.43
2026-10-13 08:46:44,19.31005289291435,18.98096726948413,22.0880043767212,33.95,8.98791370044144,8.903679070516828,3.1504302971899403,15.76,4.203607463613731,4.192153745745637,0.4638834096140909,7.43
2026-10-13 09:01:44,19.323175538453256,18.992201798808278,22.10231793134413,33.97,8.990101437985322,8.906038559582239,3.1519014510097234,15.765,4.203607463613731,4.192153745745637,0.4638834096140909,7.43
2026-10-13 09:16:44,19.333155382024213,19.00142122870473,22.114239717207298,33.985,8.990101437985322,8.906038559582239,3.1519014510097234,15.765,4.203607463613731,4.192153745745637,0.4638834096140909,7.43
2026-10-13 09:31:44,19.340430964630453,19.00775894808826,22.125853496429418,34.0,8.990101437985322,8.906038559582239,3.1519014510097234,15.765,4.213972979962526,4.2017469586703715,0.4649930739010052,7.445
2026-10-13 09:46:44,19.352497277520715,19.018649108652212,22.146318583781984,34.03,8.990101437985322,8.906038559582239,3.1519014510097234,15.765,4.213972979962526,4.2017469586703715,0.4649930739010052,7.445
2026-10-13 10:01:44,19.37185686786239,19.03318863926563,22.16544254639663,34.06,9.005715129793943,8.919443093247864,3.156625672131245,15.785,4.215960052764456,4.203450523639876,0.4653882189752575,7.45
2026-10-13 10:16:44,19.39503090730421,19.05098673945303,22.183615067926965,34.095,9.015347470669086,8.925032492102183,3.15937473092173,15.8,4.217464093218385,4.2041719879844655,0.4658466058311433,7.455
2026-10-13 10:31:44,19.401621506924695,19.061564760259238,22.193380919182403,34.11,9.015347470669086,8.925032492102183,3.15937473092173,15.8,4.217464093218385,4.2041719879844655,0.4658466058311433,7.455
2026-10-13 10:46:44,19.403949413986073,19.0635729922519,22.196709811262448,34.115,9.015347470669086,8.925032492102183,3.15937473092173,15.8,4.217464093218385,4.2041719879844655,0.4658466058311433,7.455
2026-10-13 11:01:44,19.409593614786573,19.06827095515142,22.204447497577164,34.125,9.015347470669086,8.925032492102183,3.15937473092173,15.8,4.220900403501624,4.205738598596639,0.4660716584541364,7.46
2026-10-13 11:16:44,19.420402845753365,19.07187245299748,22.21576862660516,34.14,9.015347470669086,8.925032492102183,3.15937473092173,15.8,4.220900403501624,4.205738598596639,0.4660716584541364,7.46
2026-10-13 11:31:44,19.432717612987176,19.081589749789472,22.226272363124227,34.16,9.018674533812545,8.92599779036647,3.160785876866766,15.805,4.22570582541026,4.2089919197585495,0.46626489243707286,7.465
2026-10-13 11:46:44,19.432717612987176,19.081589749789472,22.226272363124227,34.16,9.018674533812545,8.92599779036647,3.160785876866766,15.805,4.22570582541026,4.2089919197585495,0.46626489243707286,7.465
2026-10-13 12:01:44,19.434348416756404,19.0834422345524,22.22934635907868,34.165,9.018674533812545,8.92599779036647,3.160785876866766,15.805,4.22570582541026,4.2089919197585495,0.46626489243707286,7.465
2026-10-13 12:16:44,19.43957518342655,19.08567848924735,22.23517644326047,34.175,9.018674533812545,8.92599779036647,3.160785876866766,15.805,4.22570582541026,4.2089919197585495,0.46626489243707286,7.465
2026-10-13 12:31:44,19.43957518342655,19.08567848924735,22.23517644326047,34.175,9.018674533812545,8.92599779036647,3.160785876866766,15.805,4.22570582541026,4.2089919197585495,0.46626489243707286,7.465
2026-10-13 12:46:44,19.43957518342655,19.08567848924735,22.23517644326047,34.175,9.018674533812545,8.92599779036647,3.160785876866766,15.805,4.22570582541026,4.2089919197585495,0.46626489243707286,7.465
2026-10-13 13:01:44,19.451601566722527,19.101031271235872,22.248790350542887,34.195,9.018674533812545,8.92599779036647,3.160785876866766,15.805,4.22570582541026,4.2089919197585495,0.46626489243707286,7.465
2026-10-13 13:16:44,19.45936650465482,19.10740015870618,22.258533147371885,34.205,9.02104243266852,8.926901356027507,3.1615413941222976,15.81,4.22862920776631,4.210424336573288,0.46675418500430926,7.47
2026-10-13 13:31:44,19.463927872796916,19.11430440309797,22.262951060810803,34.215,9.022961768458583,8.928574925420389,3.162508872721288,15.815,4.22862920776631,4.210424336573288,0.46675418500430926,7.47
2026-10-13 13:46:44,19.477210199054728,19.123150545956708,22.275204283196107,34.235,9.026197305071667,8.929752648786632,3.1633941107045485,15.82,4.22862920776631,4.210424336573288,0.46675418500430926,7.47
2026-10-13 14:01:44,19.497381171060386,19.138870788828477,22.297007929286842,34.27,9.032960469742816,8.933606764017641,3.1648079313757758,15.83,4.22862920776631,4.210424336573288,0.46675418500430926,7.47
2026-10-13 14:16:44,19.512645005872592,19.15413242110765,22.313217576686046,34.3,9.036643026069695,8.936347380808272,3.1661987634571336,15.835,4.22862920776631,4.210424336573288,0.46675418500430926,7.47
2026-10-13 14:31:44,19.532002250098532,19.17596998282758,22.34043555174223,34.34,9.043180416140437,8.943460257687999,3.168946043201396,15.85,4.22862920776631,4.210424336573288,0.46675418500430926,7.47
2026-10-13 14:46:44,19.551873048099377,19.19540238377264,22.365245348377645,34.38,9.043180416140437,8.943460257687999,3.168946043201396,15.85,4.23229403522103,4.213084216610744,0.46696034409823545,7.475
2026-10-13 15:01:44,19.572211901844337,19.213462912353183,22.387844444145323,34.415,9.04780619678242,8.948351963137887,3.1709157828257246,15.86,4.235167926919907,4.217568391613788,0.46739785208805845,7.48
2026-10-13 15:16:44,19.605850473988927,19.244168863450284,22.422038592458694,34.47,9.056938330462172,8.957897229549438,3.174037059593578,15.875,4.235167926919907,4.217568391613788,0.46739785208805845,7.48
2026-10-13 15:31:44,19.618828389081486,19.262811064521927,22.440699601708847,34.5,9.0612583947535,8.966205819643546,3.175723648177317,15.885,4.235167926919907,4.217568391613788,0.46739785208805845,7.48
2026-10-13 15:46:44,19.64023527234089,19.278780089414,22.463053103977536,34.53,9.064815335993,8.969926476494559,3.176661618474001,15.89,4.238700539104726,4.218391843829179,0.4675944639297639,7.485
2026-10-13 16:01:44,19.670716029038314,19.31112759511613,22.490512922358118,34.58,9.07074902115863,8.977679262681278,3.177967984125328,15.9,4.244990269824188,4.224990903512861,0.46798885531420925,7.495
2026-10-13 16:16:44,19.702177285035777,19.347019190016024,22.53004386175923,34.64,9.080247171724986,8.986506539248207,3.1798634217060893,15.915,4.248930441491021,4.2276641871264,0.46833472988953345,7.5
2026-10-13 16:31:44,19.706152038556006,19.350412513667795,22.53319508565725,34.645,9.080247171724986,8.986506539248207,3.1798634217060893,15.915,4.248930441491021,4.2276641871264,0.46833472988953345,7.5
2026-10-13 16:46:44,19.706152038556006,19.350412513667795,22.53319508565725,34.645,9.080247171724986,8.986506539248207,3.1798634217060893,15.915,4.248930441491021,4.2276641871264,0.46833472988953345,7.5
2026-10-13 17:01:44,19.706152038556006,19.350412513667795,22.53319508565725,34.645,9.082846259756685,8.990438866487416,3.1812009499934146,15.92,4.248930441491021,4.2276641871264,0.46833472988953345,7.5
2026-10-13 17:16:44,19.706152038556006,19.350412513667795,22.53319508565725,34.645,9.082846259756685,8.990438866487416,3.1812009499934146,15.92,4.248930441491021,4.2276641871264,0.46833472988953345,7.5
2026-10-13 17:31:44,19.711843756115574,19.359127049391176,22.538031929789952,34.655,9.082846259756685,8.990438866487416,3.1812009499934146,15.92,4.248930441491021,4.2276641871264,0.46833472988953345,7.5
2026-10-13 17:46:44,19.724567516672455,19.369414374489946,22.55449671590294,34.675,9.082846259756685,8.990438866487416,3.1812009499934146,15.92,4.248930441491021,4.2276641871264,0.46833472988953345,7.5
2026-10-13 18:01:44,19.728244875816667,19.37018389237436,22.558377726921336,34.68,9.087253144398112,8.992279138360747,3.18235617132105,15.925,4.248930441491021,4.2276641871264,0.46833472988953345,7.5
2026-10-13 18:16:44,19.728244875816667,19.37018389237436,22.558377726921336,34.68,9.087253144398112,8.992279138360747,3.18235617132105,15.925,4.251226212045597,4.2311851140933765,0.4685700397853301,7.505
2026-10-13 18:31:44,19.73311288590393,19.37281121619327,22.563298635522703,34.685,9.104746843217569,9.007881901757738,3.1876181311782945,15.95,4.255230579839641,4.23254813183452,0.468860799156075,7.51
2026-10-13 18:46:44,19.77207179606933,19.403309557838444,22.603853276674972,34.75,9.11525385760516,9.016597661482812,3.19067389955127,15.965,4.258313152061038,4.23688206323403,0.46931156506976257,7.515
2026-10-13 19:01:44,19.789202504217016,19.414456815876417,22.613923805040223,34.77,9.126026539105215,9.02394843862199,3.193762127518883,15.98,4.260503597668561,4.239241706877429,0.46947782780609426,7.52
2026-10-13 19:16:44,19.822320307894877,19.438484874531838,22.649043150125028,34.82,9.141519920526308,9.03379773515699,3.1995022295568853,16.01,4.2683032740604405,4.243030043231128,0.4697896250461869,7.53
2026-10-13 19:31:44,19.84147949748986,19.46416380739547,22.678369522317393,34.86,9.149555755424684,9.041553678568635,3.2017579190559706,16.025,4.2732586194232995,4.244551400739115,0.47007917861210063,7.535
2026-10-13 19:46:44,19.879192108402137,19.508998577084768,22.728987305800135,34.93,9.163136406823849,9.053558495420576,3.206009012916461,16.045,4.277908016951876,4.246179209308972,0.4705469040160767,7.54
2026-10-13 20:01:44,19.951104679082647,19.57322642525125,22.798203838245374,35.05,9.193043884613166,9.082064584366519,3.2161008346852635,16.1,4.297341533893809,4.26199602719022,0.47245239932795724,7.57
2026-10-13 20:16:44,20.006371231906954,19.63055917595265,22.869606820968567,35.15,9.216078614506989,9.107580408693444,3.2247258981151705,16.145,4.3014300504328515,4.264852960241194,0.4728312059249517,7.575
2026-10-13 20:31:44,20.068902089793685,19.68908323543146,22.944290778648057,35.27,9.237147779367891,9.130626326794992,3.230943715179266,16.18,4.315344173662204,4.271383702036885,0.4742910731534031,7.595
2026-10-13 20:46:44,20.068902089793685,19.68908323543146,22.944290778648057,35.27,9.237147779367891,9.130626326794992,3.230943715179266,16.18,4.315344173662204,4.271383702036885,0.4742910731534031,7.595
2026-10-13 21:01:44,20.071850240611216,19.69110353557489,22.952348944824696,35.28,9.237147779367891,9.130626326794992,3.230943715179266,16.18,4.319478415066988,4.2735788613711465,0.47449922139004974,7.6
2026-10-13 21:16:44,20.077315891002833,19.69854499273698,22.95685560412927,35.29,9.241486562923647,9.137790051463487,3.2331573319951827,16.19,4.319478415066988,4.2735788613711465,0.47449922139004974,7.6
2026-10-13 21:31:44,20.077315891002833,19.69854499273698,22.95685560412927,35.29,9.241486562923647,9.137790051463487,3.2331573319951827,16.19,4.319478415066988,4.2735788613711465,0.47449922139004974,7.6
2026-10-13 21:46:44,20.16004585534894,19.772685884842975,23.03723964782217,35.41,9.285409415454376,9.185320204221089,3.250129774250236,16.275,4.332327524910912,4.287512113436761,0.4758053142376863,7.625
2026-10-13 22:01:44,20.208311051436784,19.823143668124608,23.098567696422883,35.495,9.302423748158924,9.202813697125046,3.2568820836712926,16.305,4.34489691091684,4.297863177230587,0.47704444370857063,7.645
2026-10-13 22:16:44,20.293216903250254,19.934218817834118,23.206230308694273,35.665,9.340675306569146,9.237432979677134,3.2706432696569383,16.375,4.356587496902902,4.308970322101031,0.47826210050998375,7.665
2026-10-13 22:31:44,20.454304753962205,20.106717311232604,23.397816664528197,35.945,9.413862639885734,9.317462137027592,3.2958374666913177,16.505,4.400512398033247,4.35360442380119,0.48238938226284694,7.735
2026-10-13 22:46:44,20.54158580886333,20.19416245148195,23.493226428722746,36.1,9.469038155647405,9.37131922872141,3.321143892977112,16.62,4.420845938332588,4.372163540142409,0.4844012372862534,7.77
2026-10-13 23:01:44,20.56572779825343,20.22512852904938,23.528083102681673,36.16,9.48387124066125,9.382773017257199,3.327717325046617,16.65,4.434681826305628,4.383380488449721,0.48572030356509005,7.79
2026-10-13 23:16:44,20.705551047665104,20.39083550876555,23.701461068727404,36.42,9.530744633831507,9.430864957217935,3.3452109386184006,16.735,4.4619177310370075,4.4134262199386125,0.489488346722488,7.855
2026-10-13 23:31:44,20.804649916987646,20.508510515745446,23.81020967095298,36.595,9.5795520618101,9.473378993303568,3.3639622094167327,16.825,4.482015102986874,4.431931112512221,0.49171108818945297,7.895
2026-10-13 23:46:44,20.897713181824507,20.60216949710652,23.918165486423995,36.755,9.620820676399838,9.521115938510576,3.3793959291840348,16.9,4.506576489170914,4.461191466884647,0.49449793482402504,7.94
2026-10-14 00:01:44,21.047225885974083,20.762919302910053,24.083179787617752,37.02,9.681161960502067,9.596407670189917,3.4011235287628443,17.01,4.5248604020384535,4.477468282143201,0.4972872878768608,7.98
2026-10-14 00:16:44,21.21854703479159,20.95145059281879,24.294501159111004,37.34,9.780663871876309,9.69723478995302,3.4399952297248966,17.19,4.567634783240893,4.52102351598118,0.5006585890147954,8.04
2026-10-14 00:31:44,21.240641925791337,20.97744576310479,24.31588627940445,37.38,9.79737853129854,9.715892235767548,3.445180353431865,17.22,4.571575281547763,4.525710456858824,0.5010789473158228,8.045
2026-10-14 00:46:44,21.3198810755784,21.070563863213028,24.428310372903574,37.545,9.856457889767432,9.782671400093475,3.471173956437156,17.345,4.584566634330241,4.54029686649348,0.5025123016275375,8.065
2026-10-14 01:01:44,21.44687235951671,21.20374515732029,24.56960558920282,37.765,9.89184820934753,9.820811175792223,3.4858083682140744,17.41,4.611013288953788,4.571862947431804,0.5063483844965189,8.12
2026-10-14 01:16:44,21.60363073285489,21.34546167886788,24.743025406730055,38.015,9.967345725890603,9.902067856022645,3.51319030613189,17.55,4.632407943014064,4.595208438146664,0.5087362053547253,8.165
2026-10-14 01:31:44,21.696925366306832,21.448859947761587,24.859209738821008,38.19,10.020457779015189,9.963506187188484,3.5316546867600067,17.645,4.642084002762316,4.609707985688354,0.5103393310717664,8.185
2026-10-14 01:46:44,21.83135370423802,21.558205017650902,24.99602938868582,38.405,10.062029329426567,10.002683069796678,3.544334220893246,17.71,4.675340857622907,4.628579827375283,0.5128906635067274,8.23
2026-10-14 02:01:44,21.9365436162893,21.63101099084177,25.08986488833938,38.56,10.096883373734322,10.046575089785556,3.5601870103883977,17.78,4.700370441054574,4.651081116094537,0.5160861540515559,8.275
2026-10-14 02:16:44,22.030571119289057,21.73063196935263,25.2036551534982,38.73,10.154324930242991,10.11528008685818,3.5800051081864055,17.875,4.717656395706606,4.675528618654321,0.5193082843493971,8.315
2026-10-14 02:31:44,22.06201163215594,21.764941774909612,25.243909610702136,38.795,10.162240665996205,10.127079620362508,3.5835056056190293,17.895,4.717656395706606,4.675528618654321,0.5193082843493971,8.315
2026-10-14 02:46:44,22.0956651279552,21.794484017956375,25.290586968925993,38.86,10.202763318193352,10.165422326536616,3.5967652775904515,17.96,4.720359942107671,4.681895691533404,0.5201074711843884,8.325
2026-10-14 03:01:44,22.144701676234003,21.8573387543434,25.346782808417405,38.955,10.23458409601084,10.199871806243241,3.6085463941845832,18.015,4.7379849442395185,4.699742173281216,0.5215446357977188,8.35
2026-10-14 03:16:44,22.18302120694553,21.90581192711626,25.387773866143373,39.025,10.252698499818095,10.217254170769987,3.6155628412615575,18.05,4.739335790871204,4.704533232244009,0.521679622100034,8.355
2026-10-14 03:31:44,22.18990460089479,21.911421375160025,25.394076836893994,39.035,10.25555036240125,10.221173845880664,3.6165990565058928,18.055,4.742694792465528,4.706309867901775,0.5220859287033104,8.36
2026-10-14 03:46:44,22.19158904117536,21.91287319887498,25.39637450696204,39.04,10.25555036240125,10.221173845880664,3.6165990565058928,18.055,4.742694792465528,4.706309867901775,0.5220859287033104,8.36
2026-10-14 04:01:44,22.24952487414354,21.96887994985619,25.46636517512817,39.135,10.281266948492533,10.253464578814839,3.6279741454891448,18.11,4.748053685370738,4.713744241326194,0.5225608777179628,8.37
2026-10-14 04:16:44,22.253563848347248,21.971166014546508,25.472829408420814,39.145,10.28355485631853,10.257391701708364,3.6289701007733215,18.115,4.748053685370738,4.713744241326194,0.5225608777179628,8.37
2026-10-14 04:31:44,22.293823463908648,22.02872656198791,25.535457716953747,39.235,10.309477748099438,10.283429571212382,3.6392981353506335,18.16,4.775182903480848,4.738790073178414,0.5253972275581759,8.42
2026-10-14 04:46:44,22.335071098363052,22.08031740023448,25.59369299041975,39.315,10.32454792440936,10.296521664112369,3.645726726316982,18.19,4.783102476740688,4.75201041607391,0.5271721500680727,8.44
2026-10-14 05:01:44,22.348116185719878,22.097735378324096,25.60460772303228,39.34,10.326429215981184,10.300814066622232,3.6463499968625217,18.195,4.783102476740688,4.75201041607391,0.5271721500680727,8.44
2026-10-14 05:16:44,22.380981344670715,22.134378819067113,25.650049811250902,39.405,10.357887020312168,10.341434180857075,3.6567658052902923,18.255,4.804661166322598,4.773491311980064,0.530002609712376,8.48
2026-10-14 05:31:44,22.406608348122568,22.167409581898024,25.67859384726415,39.455,10.371630952285184,10.351146379514532,3.6630788719232283,18.285,4.8187551781967235,4.7911246222802575,0.5315671663469613,8.51
2026-10-14 05:46:44,22.45576837486979,22.218458905966447,25.737391662426397,39.545,10.384231320468164,10.366253288130723,3.6686021311933694,18.31,4.826376543297826,4.801211193956433,0.5325618747031621,8.525
2026-10-14 06:01:44,22.492027641109622,22.25818248589976,25.77631003331827,39.605,10.401020468007218,10.379157664966858,3.673914501121975,18.335,4.830554337716813,4.8025885865574285,0.532834710994362,8.53
2026-10-14 06:16:44,22.513790059135,22.293108173596668,25.803934405857813,39.65,10.411908856562622,10.389367332966547,3.6780063952498923,18.355,4.842130724984319,4.809763955776966,0.5337553073089583,8.545
2026-10-14 06:31:44,22.54836907656126,22.331166937573975,25.847298062616805,39.715,10.42679394203863,10.402580645426797,3.6824149268068482,18.38,4.842130724984319,4.809763955776966,0.5337553073089583,8.545
2026-10-14 06:46:44,22.57145340826726,22.357621863233614,25.86945906486394,39.755,10.443073139584868,10.423030949813928,3.688271012697553,18.41,4.850721343594703,4.817160789817879,0.534385773441913,8.56
2026-10-14 07:01:44,22.575222994258084,22.36138848227854,25.876341689553133,39.765,10.443073139584868,10.423030949813928,3.688271012697553,18.41,4.850721343594703,4.817160789817879,0.534385773441913,8.56
2026-10-14 07:16:44,22.585207702809218,22.374224755899643,25.887769370484612,39.78,10.450720706878128,10.43095348051724,3.690876592474486,18.42,4.855061482020646,4.8216492044985015,0.5345568433261935,8.565
2026-10-14 07:31:44,22.58650174566219,22.378245417788314,25.89075931754783,39.785,10.459380194346991,10.442210783672278,3.6942135632189355,18.435,4.859404367537182,4.826565426545393,0.5348300206379824,8.57
2026-10-14 07:46:44,22.684700040120706,22.464408852320922,25.986746857962334,39.94,10.5044769522147,10.479051282452971,3.7060249124173303,18.5,4.875125895062095,4.839741301050337,0.53627425860881,8.595
2026-10-14 08:01:44,22.806990142684068,22.565284126170926,26.119738981189744,40.14,10.55890427726553,10.526130773200375,3.7252842680100016,18.585,4.891709518014659,4.854049990406885,0.538631547957403,8.625
2026-10-14 08:16:44,22.843419841854583,22.60555136617957,26.16431966255251,40.21,10.573794489699429,10.552151181041364,3.732216786293289,18.62,4.900104192748298,4.860500880212776,0.5393566464990824,8.635
2026-10-14 08:31:44,22.969294154780464,22.7073926807574,26.304876356481287,40.415,10.611524609101178,10.594565108385558,3.748699041072393,18.7,4.907291297480823,4.869785923670876,0.5409913741870764,8.66
2026-10-14 08:46:44,23.077543919662684,22.82053015754282,26.41948955328087,40.595,10.654600018489587,10.64142792204885,3.7635146857937785,18.77,4.9259253713458335,4.884824075967388,0.5437180405302385,8.695
2026-10-14 09:01:44,23.14667615412756,22.892872700750406,26.500025168179246,40.725,10.69704019580636,10.68339662300013,3.7785213515770715,18.84,4.936809767231052,4.904088862025006,0.5453269557131345,8.72
2026-10-14 09:16:44,23.262635307218016,23.00816430833731,26.642307346655983,40.94,10.780425057747388,10.756343921861589,3.806974232148006,18.985,4.965681448044213,4.935608391454898,0.5486344392783697,8.775
2026-10-14 09:31:44,23.425301438166354,23.186805934167886,26.83950347657301,41.24,10.866979815303578,10.845690479021794,3.837121059040602,19.135,5.006619612803575,4.970429331851364,0.5530011796372301,8.845
2026-10-14 09:46:44,23.56829444785399,23.325037189137888,26.99013299483089,41.465,10.935536863273859,10.913794670200957,3.8606558012683387,19.255,5.031553707478543,4.985827483788073,0.5549856257184327,8.875
2026-10-14 10:01:44,23.65922530339184,23.4130708078283,27.097209495032967,41.62,10.98498110745638,10.964081231934571,3.8797616607766408,19.345,5.0412852139105055,5.001946063157171,0.5564060241344311,8.9
2026-10-14 10:16:44,23.743858498467706,23.496059503296426,27.196357577005443,41.775,11.017892704794559,10.997271997967305,3.8923369757361255,19.41,5.06704752738917,5.0216403037512425,0.5588704514625988,8.935
2026-10-14 10:31:44,23.77385064089103,23.53672518065607,27.235441171729374,41.835,11.022256254662256,10.999913547227141,3.8937208714674076,19.415,5.06704752738917,5.0216403037512425,0.5588704514625988,8.935
2026-10-14 10:46:44,23.802308984623362,23.57277682310609,27.280180732052884,41.9,11.042412569770788,11.01453091913799,3.9005782765820305,19.445,5.06704752738917,5.0216403037512425,0.5588704514625988,8.935
2026-10-14 11:01:44,23.847244679959427,23.621925137942103,27.33799016112948,41.99,11.048847361376023,11.026282068352941,3.904200541321354,19.465,5.072806863172425,5.027813466513563,0.5595861929775763,8.945
2026-10-14 11:16:44,23.897946218635965,23.66316191230904,27.390324724202877,42.065,11.069276710240436,11.041487820621484,3.9095496689724984,19.495,5.080669753562,5.0333482855361,0.5605305617584178,8.96
2026-10-14 11:31:44,23.9295314106393,23.6903505691224,27.42248084524239,42.12,11.074449434997119,11.047359007309945,3.911934274310544,19.505,5.083807381111149,5.039376696227551,0.5613664020999857,8.97
2026-10-14 11:46:44,23.98277210134474,23.741176195940113,27.480774112672727,42.21,11.086680653970367,11.060192651717617,3.9163922976450047,19.53,5.085078630017674,5.041774189635685,0.5616817975437888,8.975
2026-10-14 12:01:44,24.01733416335288,23.77005394152632,27.522871504064106,42.275,11.111545923843334,11.083382730073712,3.9238601953474634,19.57,5.085078630017674,5.041774189635685,0.5616817975437888,8.975
2026-10-14 12:16:44,24.04170712434866,23.801745158296306,27.551963916085686,42.325,11.11452312179472,11.084279415894931,3.9245316244145543,19.575,5.090098935218063,5.0482297226859005,0.5626344705201128,8.985
2026-10-14 12:31:44,24.045879831620756,23.80519759205781,27.556784941116543,42.33,11.11452312179472,11.084279415894931,3.9245316244145543,19.575,5.0915377314116315,5.050909385197512,0.5629560102144746,8.99
2026-10-14 12:46:44,24.045879831620756,23.80519759205781,27.556784941116543,42.33,11.11452312179472,11.084279415894931,3.9245316244145543,19.575,5.0915377314116315,5.050909385197512,0.5629560102144746,8.99
2026-10-14 13:01:44,24.05068406360661,23.812965747426617,27.5638271380506,42.34,11.120108209155944,11.09060741988338,3.9266649723041316,19.585,5.0915377314116315,5.050909385197512,0.5629560102144746,8.99
2026-10-14 13:16:44,24.051335560768607,23.816380219288938,27.565976866333745,42.345,11.127562413066226,11.098736691670544,3.9291575752251777,19.595,5.0915377314116315,5.050909385197512,0.5629560102144746,8.99
2026-10-14 13:31:44,24.05517617873844,23.81804202713428,27.572968618644634,42.355,11.127562413066226,11.098736691670544,3.9291575752251777,19.595,5.0915377314116315,5.050909385197512,0.5629560102144746,8.99
2026-10-14 13:46:44,24.0639764858069,23.823054425542853,27.577632543015277,42.365,11.127562413066226,11.098736691670544,3.9291575752251777,19.595,5.0915377314116315,5.050909385197512,0.5629560102144746,8.99
2026-10-14 14:01:44,24.06763864834017,23.82798237169743,27.584129491378004,42.375,11.127562413066226,11.098736691670544,3.9291575752251777,19.595,5.0915377314116315,5.050909385197512,0.5629560102144746,8.99
2026-10-14 14:16:44,24.08951899524875,23.85632731512847,27.61130609677056,42.425,11.128548411283642,11.100119892278103,3.9304338002968855,19.6,5.093361658557419,5.054010032048945,0.5631211559218636,8.995
2026-10-14 14:31:44,24.098564999649607,23.86688610287072,27.622216409844867,42.445,11.129494269913327,11.104342413687613,3.9317131296638377,19.605,5.093361658557419,5.054010032048945,0.5631211559218636,8.995
2026-10-14 14:46:44,24.112275524749563,23.87245972308624,27.63243278573824,42.46,11.129494269913327,11.104342413687613,3.9317131296638377,19.605,5.093361658557419,5.054010032048945,0.5631211559218636,8.995
2026-10-14 15:01:44,24.11553087360098,23.87649872677042,27.63446765918748,42.465,11.129494269913327,11.104342413687613,3.9317131296638377,19.605,5.093361658557419,5.054010032048945,0.5631211559218636,8.995
2026-10-14 15:16:44,24.11553087360098,23.87649872677042,27.63446765918748,42.465,11.131862927772811,11.109231741032383,3.93320970786785,19.61,5.093361658557419,5.054010032048945,0.5631211559218636,8.995
2026-10-14 15:31:44,24.12944079381139,23.896448162438265,27.65248924749884,42.49,11.134401438926849,11.115518002873822,3.9355108537303556,19.62,5.093361658557419,5.054010032048945,0.5631211559218636,8.995
2026-10-14 15:46:44,24.167253636086986,23.930427988130894,27.693768839044406,42.55,11.142079720784825,11.123922512395461,3.9378390089526305,19.63,5.093361658557419,5.054010032048945,0.5631211559218636,8.995
2026-10-14 16:01:44,24.196027786503684,23.94950452447611,27.720294985850476,42.595,11.145738996925148,11.126775626939905,3.939025432722565,19.635,5.096243866143026,5.057659349926764,0.5633553888089871,9.0
2026-10-14 16:16:44,24.20584932870844,23.96235236637272,27.729476974120196,42.615,11.149964515101694,11.130506099046515,3.939646347566852,19.64,5.096243866143026,5.057659349926764,0.5633553888089871,9.0
2026-10-14 16:31:44,24.20584932870844,23.96235236637272,27.729476974120196,42.615,11.151670583779403,11.132143937996462,3.94060826040551,19.645,5.096243866143026,5.057659349926764,0.5633553888089871,9.0
2026-10-14 16:46:44,24.20584932870844,23.96235236637272,27.729476974120196,42.615,11.151670583779403,11.132143937996462,3.94060826040551,19.645,5.096243866143026,5.057659349926764,0.5633553888089871,9.0
2026-10-14 17:01:44,24.21228564438204,23.967676901315844,27.735547486806492,42.625,11.151670583779403,11.132143937996462,3.94060826040551,19.645,5.10384046039199,5.0658520478721405,0.5643434711404446,9.015
2026-10-14 17:16:44,24.225152896188153,23.973960806746575,27.752370091309764,42.645,11.151670583779403,11.132143937996462,3.94060826040551,19.645,5.10384046039199,5.0658520478721405,0.5643434711404446,9.015
2026-10-14 17:31:44,24.225922797348836,23.97759455595023,27.755637529696646,42.65,11.155295116277951,11.136726828960136,3.9417237765652606,19.65,5.10384046039199,5.0658520478721405,0.5643434711404446,9.015
2026-10-14 17:46:44,24.242320824862436,23.99430080933871,27.772850684759128,42.675,11.15877912087401,11.141453575005306,3.9424671950990833,19.655,5.10384046039199,5.0658520478721405,0.5643434711404446,9.015
2026-10-14 18:01:44,24.242320824862436,23.99430080933871,27.772850684759128,42.675,11.15877912087401,11.141453575005306,3.9424671950990833,19.655,5.10384046039199,5.0658520478721405,0.5643434711404446,9.015
2026-10-14 18:16:44,24.242320824862436,23.99430080933871,27.772850684759128,42.675,11.15877912087401,11.141453575005306,3.9424671950990833,19.655,5.10384046039199,5.0658520478721405,0.5643434711404446,9.015
2026-10-14 18:31:44,24.244171780281057,23.99660327495414,27.774839281428797,42.68,11.15877912087401,11.141453575005306,3.9424671950990833,19.655,5.10384046039199,5.0658520478721405,0.5643434711404446,9.015
2026-10-14 18:46:44,24.244171780281057,23.99660327495414,27.774839281428797,42.68,11.161942592918582,11.144704073311678,3.943933816521255,19.66,5.10384046039199,5.0658520478721405,0.5643434711404446,9.015
2026-10-14 19:01:44,24.29423049434281,24.043768549943415,27.834829510603672,42.775,11.17564047962668,11.15409355114007,3.9488284277722814,19.68,5.10384046039199,5.0658520478721405,0.5643434711404446,9.015
2026-10-14 19:16:44,24.342216832838936,24.09272491302227,27.899346091138305,42.865,11.19960769168539,11.182183237368507,3.9574118881418374,19.72,5.1236121301069275,5.083216971125869,0.5669191213170186,9.055
2026-10-14 19:31:44,24.342216832838936,24.09272491302227,27.899346091138305,42.865,11.19960769168539,11.182183237368507,3.9574118881418374,19.72,5.1236121301069275,5.083216971125869,0.5669191213170186,9.055
2026-10-14 19:46:44,24.386490142294306,24.141397849224074,27.94461954727004,42.935,11.221212526648426,11.200883813009142,3.9642137240855457,19.755,5.134628593836706,5.0944425315664255,0.5683372217987298,9.075
2026-10-14 20:01:44,24.42592988597183,24.18312171687439,27.994765688508316,43.01,11.254764180642596,11.235526849414072,3.976018653222037,19.82,5.1474136726445785,5.102769864603187,0.5693970604183191,9.095
2026-10-14 20:16:44,24.447787181280226,24.208262228518954,28.01809457116421,43.055,11.267363523479666,11.244070268831315,3.9799984517586964,19.84,5.151785121932119,5.104625890073428,0.5698311016884496,9.1
2026-10-14 20:31:44,24.469704042401865,24.234946091769235,28.04905127510609,43.095,11.280933576423998,11.256212111071035,3.985733317931537,19.865,5.164657763732975,5.1131899854413225,0.571171630012504,9.125
2026-10-14 20:46:44,24.531276982219055,24.28809674662921,28.128820492366877,43.22,11.330393825429349,11.316564143950679,4.0046263906522634,19.96,5.179766412279344,5.12998664738281,0.573340564677094,9.16
2026-10-14 21:01:44,24.613359385522106,24.374803673425845,28.227332385545758,43.365,11.361866220918355,11.351928102087985,4.017249548932045,20.03,5.198929870228371,5.148328940550791,0.5753434646214262,9.185
2026-10-14 21:16:44,24.665230611201466,24.425098891571754,28.28377149962244,43.455,11.40107698806349,11.402288469103294,4.033880346878757,20.115,5.203470067893921,5.150107592988138,0.5757743028356849,9.19
2026-10-14 21:31:44,24.796287306933234,24.56108301832125,28.442282441209795,43.69,11.441299062045603,11.443704793615542,4.046949702056734,20.185,5.24490209847614,5.196057373476303,0.5807814817682688,9.265
2026-10-14 21:46:44,24.913487901781377,24.665367561299366,28.576468341197305,43.895,11.500390267045113,11.499415394043933,4.065068738998105,20.28,5.283089244702532,5.230413950542665,0.5849366439457959,9.32
2026-10-14 22:01:44,25.06498693111814,24.808768803605314,28.751875327062862,44.155,11.577473813373896,11.56057849777618,4.090593417592983,20.415,5.332423551302645,5.276443258714069,0.5901178178650667,9.395
2026-10-14 22:16:44,25.177389929685745,24.920952798830996,28.8760943113503,44.35,11.619823957646647,11.612523619292231,4.107787655360539,20.51,5.345299271636126,5.286784047359209,0.5912285440342588,9.415
2026-10-14 22:31:44,25.34890563906359,25.09863996976254,29.091054527560633,44.67,11.69137124317587,11.685528909166921,4.135112329411135,20.655,5.378853202898133,5.3194132745755365,0.5946935040405883,9.47
2026-10-14 22:46:44,25.52987744530074,25.2944447097765,29.321683221248723,45.02,11.812068677667547,11.792120901143408,4.172441724994993,20.845,5.436038934431917,5.365334985431561,0.600188507417342,9.555
2026-10-14 23:01:44,25.731783177429463,25.465806506503846,29.53414561357887,45.34,11.88922359881745,11.871706896487618,4.1963106153304635,20.965,5.4583484628657954,5.392579995932049,0.6030114622791788,9.605
2026-10-14 23:16:44,25.866803603981328,25.613094168170743,29.700961948840078,45.585,11.978133114257469,11.952850125688178,4.224588789644442,21.105,5.487253060566227,5.423025880857876,0.6059124543497728,9.655
2026-10-14 23:31:44,25.97108550873129,25.71504038124879,29.835960479852123,45.775,12.035290154593818,12.006664784835992,4.24351248170696,21.2,5.508399609965868,5.455408748168494,0.6092482013398939,9.71
2026-10-14 23:46:44,26.023412019334074,25.766285878716925,29.902526121697782,45.865,12.072879096554,12.044908774106347,4.259069416325563,21.275,5.529225067132579,5.4810421197458465,0.6115249633984046,9.74
2026-10-15 00:01:44,26.09824069694974,25.830111858055897,29.986420563201836,45.995,12.097058399878478,12.06262092451771,4.266491691933627,21.315,5.5315063449135735,5.485654984819161,0.6117383454163432,9.745
2026-10-15 00:16:44,26.154678842282948,25.878130507744828,30.049113538201244,46.09,12.126676819261304,12.092848631136787,4.276750471451345,21.365,5.54201815276274,5.501541057500374,0.6132415493010223,9.77
2026-10-15 00:31:44,26.155333196865616,25.88193455938741,30.052386155551734,46.095,12.126676819261304,12.092848631136787,4.276750471451345,21.365,5.54201815276274,5.501541057500374,0.6132415493010223,9.77
2026-10-15 00:46:44,26.155333196865616,25.88193455938741,30.052386155551734,46.095,12.126676819261304,12.092848631136787,4.276750471451345,21.365,5.54201815276274,5.501541057500374,0.6132415493010223,9.77
2026-10-15 01:01:44,26.18300229519403,25.90873825937187,30.087771130974595,46.145,12.137823982633419,12.105860461051423,4.2794487913020385,21.38,5.545001126520764,5.502970770251395,0.6135101717445494,9.775
2026-10-15 01:16:44,26.18300229519403,25.90873825937187,30.087771130974595,46.145,12.137823982633419,12.105860461051423,4.2794487913020385,21.38,5.546991340822245,5.505405019567418,0.6137642003602019,9.78
2026-10-15 01:31:44,26.19988405883951,25.924432397998476,30.112406531191173,46.18,12.145174848106121,12.115960250376562,4.283808869707279,21.405,5.550364911825319,5.507215048740773,0.6139427588686045,9.785
2026-10-15 01:46:44,26.21234920777626,25.934072025491545,30.125480597581603,46.2,12.147845581824322,12.117715417332171,4.284642896350091,21.41,5.550364911825319,5.507215048740773,0.6139427588686045,9.785
2026-10-15 02:01:44,26.21234920777626,25.934072025491545,30.125480597581603,46.2,12.147845581824322,12.117715417332171,4.284642896350091,21.41,5.550364911825319,5.507215048740773,0.6139427588686045,9.785
2026-10-15 02:16:44,26.227116748427267,25.953793661672456,30.140215572012927,46.225,12.156733932111388,12.13242577686746,4.288963115377481,21.43,5.557171151961463,5.524179821638271,0.6151280163533933,9.81
2026-10-15 02:31:44,26.24338969645983,25.96749032403844,30.15882924138499,46.25,12.156733932111388,12.13242577686746,4.288963115377481,21.43,5.558712005521012,5.526979766695145,0.6153570140313506,9.815
2026-10-15 02:46:44,26.24338969645983,25.96749032403844,30.15882924138499,46.25,12.156733932111388,12.13242577686746,4.288963115377481,21.43,5.558712005521012,5.526979766695145,0.6153570140313506,9.815
2026-10-15 03:01:44,26.24338969645983,25.96749032403844,30.15882924138499,46.25,12.156733932111388,12.13242577686746,4.288963115377481,21.43,5.558712005521012,5.526979766695145,0.6153570140313506,9.815
2026-10-15 03:16:44,26.24338969645983,25.96749032403844,30.15882924138499,46.25,12.156733932111388,12.13242577686746,4.288963115377481,21.43,5.558712005521012,5.526979766695145,0.6153570140313506,9.815
2026-10-15 03:31:44,26.24338969645983,25.96749032403844,30.15882924138499,46.25,12.156733932111388,12.13242577686746,4.288963115377481,21.43,5.558712005521012,5.526979766695145,0.6153570140313506,9.815
2026-10-15 03:46:44,26.24338969645983,25.96749032403844,30.15882924138499,46.25,12.156733932111388,12.13242577686746,4.288963115377481,21.43,5.558712005521012,5.526979766695145,0.6153570140313506,9.815
2026-10-15 04:01:44,26.24338969645983,25.96749032403844,30.15882924138499,46.25,12.156733932111388,12.13242577686746,4.288963115377481,21.43,5.558712005521012,5.526979766695145,0.6153570140313506,9.815
2026-10-15 04:16:44,26.24338969645983,25.96749032403844,30.15882924138499,46.25,12.156733932111388,12.13242577686746,4.288963115377481,21.43,5.558712005521012,5.526979766695145,0.6153570140313506,9.815
2026-10-15 04:31:44,26.24338969645983,25.96749032403844,30.15882924138499,46.25,12.156733932111388,12.13242577686746,4.288963115377481,21.43,5.558712005521012,5.526979766695145,0.6153570140313506,9.815
2026-10-15 04:46:44,26.24338969645983,25.96749032403844,30.15882924138499,46.25,12.156733932111388,12.13242577686746,4.288963115377481,21.43,5.558712005521012,5.526979766695145,0.6153570140313506,9.815
2026-10-15 05:01:44,26.24338969645983,25.96749032403844,30.15882924138499,46.25,12.156733932111388,12.13242577686746,4.288963115377481,21.43,5.558712005521012,5.526979766695145,0.6153570140313506,9.815
2026-10-15 05:16:44,26.24338969645983,25.96749032403844,30.15882924138499,46.25,12.156733932111388,12.13242577686746,4.288963115377481,21.43,5.558712005521012,5.526979766695145,0.6153570140313506,9.815
2026-10-15 05:31:44,26.24338969645983,25.96749032403844,30.15882924138499,46.25,12.156733932111388,12.13242577686746,4.288963115377481,21.43,5.558712005521012,5.526979766695145,0.6153570140313506,9.815
2026-10-15 05:46:44,26.24338969645983,25.96749032403844,30.15882924138499,46.25,12.156733932111388,12.13242577686746,4.288963115377481,21.43,5.558712005521012,5.526979766695145,0.6153570140313506,9.815
2026-10-15 06:01:44,26.24338969645983,25.96749032403844,30.15882924138499,46.25,12.156733932111388,12.13242577686746,4.288963115377481,21.43,5.558712005521012,5.526979766695145,0.6153570140313506,9.815
2026-10-15 06:16:44,26.24338969645983,25.96749032403844,30.15882924138499,46.25,12.156733932111388,12.13242577686746,4.288963115377481,21.43,5.558712005521012,5.526979766695145,0.6153570140313506,9.815
2026-10-15 06:31:44,26.244516518201443,25.971704906127666,30.160728312843176,46.255,12.156733932111388,12.13242577686746,4.288963115377481,21.43,5.558712005521012,5.526979766695145,0.6153570140313506,9.815
2026-10-15 06:46:44,26.247820811877745,25.97247302178777,30.16443454460956,46.26,12.156733932111388,12.13242577686746,4.288963115377481,21.43,5.558712005521012,5.526979766695145,0.6153570140313506,9.815
2026-10-15 07:01:44,26.251969416399017,25.976020418698685,30.16733097933371,46.265,12.156733932111388,12.13242577686746,4.288963115377481,21.43,5.558712005521012,5.526979766695145,0.6153570140313506,9.815
2026-10-15 07:16:44,26.256197231063133,25.978334569461463,30.171886354573,46.27,12.156733932111388,12.13242577686746,4.288963115377481,21.43,5.558712005521012,5.526979766695145,0.6153570140313506,9.815
2026-10-15 07:31:44,26.256197231063133,25.978334569461463,30.171886354573,46.27,12.156733932111388,12.13242577686746,4.288963115377481,21.43,5.558712005521012,5.526979766695145,0.6153570140313506,9.815
2026-10-15 07:46:44,26.256197231063133,25.978334569461463,30.171886354573,46.27,12.156733932111388,12.13242577686746,4.288963115377481,21.43,5.558712005521012,5.526979766695145,0.6153570140313506,9.815
2026-10-15 08:01:44,26.256197231063133,25.978334569461463,30.171886354573,46.27,12.156733932111388,12.13242577686746,4.288963115377481,21.43,5.558712005521012,5.526979766695145,0.6153570140313506,9.815
2026-10-15 08:16:44,26.256197231063133,25.978334569461463,30.171886354573,46.27,12.156733932111388,12.13242577686746,4.288963115377481,21.43,5.558712005521012,5.526979766695145,0.6153570140313506,9.815
2026-10-15 08:31:44,26.256197231063133,25.978334569461463,30.171886354573,46.27,12.156733932111388,12.13242577686746,4.288963115377481,21.43,5.558712005521012,5.526979766695145,0.6153570140313506,9.815
2026-10-15 08:46:44,26.256197231063133,25.978334569461463,30.171886354573,46.27,12.156733932111388,12.13242577686746,4.288963115377481,21.43,5.558712005521012,5.526979766695145,0.6153570140313506,9.815
2026-10-15 09:01:44,26.256197231063133,25.978334569461463,30.171886354573,46.27,12.156733932111388,12.13242577686746,4.288963115377481,21.43,5.558712005521012,5.526979766695145,0.6153570140313506,9.815
2026-10-15 09:16:44,26.256197231063133,25.978334569461463,30.171886354573,46.27,12.156733932111388,12.13242577686746,4.288963115377481,21.43,5.558712005521012,5.526979766695145,0.6153570140313506,9.815
2026-10-15 09:31:44,26.256197231063133,25.978334569461463,30.171886354573,46.27,12.156733932111388,12.13242577686746,4.288963115377481,21.43,5.558712005521012,5.526979766695145,0.6153570140313506,9.815
2026-10-15 09:46:44,26.256197231063133,25.978334569461463,30.171886354573,46.27,12.156733932111388,12.13242577686746,4.288963115377481,21.43,5.558712005521012,5.526979766695145,0.6153570140313506,9.815
2026-10-15 10:01:44,26.256197231063133,25.978334569461463,30.171886354573,46.27,12.156733932111388,12.13242577686746,4.288963115377481,21.43,5.558712005521012,5.526979766695145,0.6153570140313506,9.815
2026-10-15 10:16:44,26.256197231063133,25.978334569461463,30.171886354573,46.27,12.156733932111388,12.13242577686746,4.288963115377481,21.43,5.558712005521012,5.526979766695145,0.6153570140313506,9.815
2026-10-15 10:31:44,26.26167136570665,25.987212448580554,30.182256016470106,46.285,12.158930621700872,12.135300164763796,4.289700134281081,21.435,5.561600761271891,5.531219686465927,0.615506233462667,9.82
2026-10-15 10:46:44,26.270722739423242,25.999746035748995,30.19731095275422,46.305,12.163662649838937,12.138318075996414,4.291160751039995,21.44,5.563662562839901,5.5330157002922,0.6156423261514049,9.825
2026-10-15 11:01:44,26.280957022222562,26.01095184968575,30.211444923300483,46.325,12.167048751119985,12.139017952451464,4.29180470230197,21.445,5.563662562839901,5.5330157002922,0.6156423261514049,9.825
2026-10-15 11:16:44,26.29278052853111,26.027576384793775,30.229437008058646,46.355,12.167921672106473,12.14065306957763,4.292875438519944,21.45,5.5702365491400485,5.539893055645331,0.6161735261606428,9.835
2026-10-15 11:31:44,26.29278052853111,26.027576384793775,30.229437008058646,46.355,12.167921672106473,12.14065306957763,4.292875438519944,21.45,5.5702365491400485,5.539893055645331,0.6161735261606428,9.835
2026-10-15 11:46:44,26.295502228816986,26.02877467817626,30.231212182993172,46.36,12.169395214912797,12.144934881784305,4.293946491793299,21.455,5.5702365491400485,5.539893055645331,0.6161735261606428,9.835
2026-10-15 12:01:44,26.30074518421333,26.032342271282936,30.23549845130158,46.37,12.176751513084783,12.149025704154802,4.295880722498469,21.465,5.5702365491400485,5.539893055645331,0.6161735261606428,9.835
2026-10-15 12:16:44,26.303931589355884,26.040751643285947,30.244293485809727,46.385,12.183049308643248,12.157250804770872,4.297624256595202,21.475,5.57450221870854,5.544608206289477,0.6165454506577054,9.84
2026-10-15 12:31:44,26.315635412679484,26.049328206210827,30.251944406936783,46.4,12.19150014081643,12.165299916205297,4.3009244726915234,21.49,5.577525485294209,5.546153281012922,0.616858644255945,9.845
2026-10-15 12:46:44,26.3520888112432,26.081783721789577,30.282469400642423,46.455,12.196257867440785,12.171172252610582,4.302937523976047,21.5,5.5814432745249105,5.547915089199672,0.6169874570492868,9.85
2026-10-15 13:01:44,26.359076973469186,26.086743278136552,30.29073531251704,46.465,12.196257867440785,12.171172252610582,4.302937523976047,21.5,5.585656658454394,5.54935402515916,0.6172381463680826,9.855
2026-10-15 13:16:44,26.36945690510286,26.100615972613618,30.303623897431308,46.485,12.202616702742242,12.175551512096076,4.305758861287677,21.51,5.585656658454394,5.54935402515916,0.6172381463680826,9.855
2026-10-15 13:31:44,26.393861012551593,26.123919006752878,30.324926536184016,46.52,12.203547323551607,12.177116919931107,4.3070562421023775,21.515,5.585656658454394,5.54935402515916,0.6172381463680826,9.855
2026-10-15 13:46:44,26.40355085151442,26.133679279286053,30.333300494185167,46.535,12.213335417865514,12.187689538197265,4.310650853281651,21.53,5.585656658454394,5.54935402515916,0.6172381463680826,9.855
2026-10-15 14:01:44,26.411618796736406,26.140200789736287,30.337539814839438,46.545,12.213335417865514,12.187689538197265,4.310650853281651,21.53,5.585656658454394,5.54935402515916,0.6172381463680826,9.855
2026-10-15 14:16:44,26.41241819327594,26.142998216647612,30.341424680518713,46.55,12.21839494725975,12.195886582456795,4.312781971918603,21.54,5.585656658454394,5.54935402515916,0.6172381463680826,9.855
2026-10-15 14:31:44,26.41241819327594,26.142998216647612,30.341424680518713,46.55,12.21839494725975,12.195886582456795,4.312781971918603,21.54,5.585656658454394,5.54935402515916,0.6172381463680826,9.855
2026-10-15 14:46:44,26.419846765362053,26.153519890195405,30.353984864545563,46.565,12.227679756680455,12.203414247543636,4.315407447856458,21.555,5.585656658454394,5.54935402515916,0.6172381463680826,9.855
2026-10-15 15:01:44,26.447029561954963,26.17381182890281,30.38468257607924,46.62,12.23155382716483,12.208316361010626,4.317258883102986,21.565,5.5899361579289195,5.552883924115164,0.617709073202754,9.86
2026-10-15 15:16:44,26.465803094411996,26.196224076562313,30.413293790905698,46.66,12.240569105694284,12.215076599195626,4.32002151050314,21.58,5.5899361579289195,5.552883924115164,0.617709073202754,9.86
2026-10-15 15:31:44,26.465803094411996,26.196224076562313,30.413293790905698,46.66,12.240569105694284,12.215076599195626,4.32002151050314,21.58,5.5899361579289195,5.552883924115164,0.617709073202754,9.86
2026-10-15 15:46:44,26.484447937852433,26.216962966832796,30.435767713390824,46.7,12.242752058107662,12.219128161702368,4.320723493583024,21.585,5.5908044374235155,5.554754760295423,0.6178879893008659,9.865
2026-10-15 16:01:44,26.510017498829367,26.258549531746183,30.472058063280855,46.76,12.244055113193907,12.223522193242434,4.321999741414862,21.59,5.5908044374235155,5.554754760295423,0.6178879893008659,9.865
2026-10-15 16:16:44,26.53316682963584,26.281909466689125,30.501764142023593,46.8,12.25021694488419,12.231598835331779,4.324343364231385,21.6,5.5908044374235155,5.554754760295423,0.6178879893008659,9.865
2026-10-15 16:31:44,26.543778049557297,26.289704668546435,30.512541842647998,46.815,12.25021694488419,12.231598835331779,4.324343364231385,21.6,5.594695438378671,5.558123132759619,0.6183687628235075,9.87
2026-10-15 16:46:44,26.54793005854557,26.293735610916162,30.51625969335658,46.82,12.253114939116479,12.232489118030125,4.325704640744275,21.605,5.594695438378671,5.558123132759619,0.6183687628235075,9.87
2026-10-15 17:01:44,26.57229833231259,26.329206862024662,30.55353176288437,46.875,12.257813566204415,12.235469642697048,4.326888249904591,21.61,5.594695438378671,5.558123132759619,0.6183687628235075,9.87
2026-10-15 17:16:44,26.577165093507226,26.33250888121045,30.556685920811066,46.88,12.265245453771678,12.239151150461767,4.329258696973786,21.62,5.594695438378671,5.558123132759619,0.6183687628235075,9.87
2026-10-15 17:31:44,26.577165093507226,26.33250888121045,30.556685920811066,46.88,12.265245453771678,12.239151150461767,4.329258696973786,21.62,5.594695438378671,5.558123132759619,0.6183687628235075,9.87
2026-10-15 17:46:44,26.596501943827626,26.35523705536652,30.581766568142445,46.92,12.269348809481318,12.240793793039922,4.3300567159923675,21.625,5.594695438378671,5.558123132759619,0.6183687628235075,9.87
2026-10-15 18:01:44,26.62008040709194,26.377533337876528,30.604142806221244,46.955,12.27140737797091,12.242562515882147,4.330696183688365,21.63,5.594695438378671,5.558123132759619,0.6183687628235075,9.87
2026-10-15 18:16:44,26.625004823777516,26.381666362152853,30.61317684519437,46.97,12.27140737797091,12.242562515882147,4.330696183688365,21.63,5.59950653237953,5.565028678124043,0.6188986078546382,9.88
2026-10-15 18:31:44,26.641660691004738,26.396656532705514,30.627143408625088,46.995,12.276057752988054,12.247588633489944,4.332769767166094,21.64,5.600338010488188,5.566955472393936,0.619051734514938,9.885
2026-10-15 18:46:44,26.652458673440737,26.409431460807575,30.644726113284822,47.02,12.276057752988054,12.247588633489944,4.332769767166094,21.64,5.600338010488188,5.566955472393936,0.619051734514938,9.885
2026-10-15 19:01:44,26.708149590825027,26.45550546298413,30.704799754135536,47.1,12.294608495932726,12.273598706565387,4.338544100560725,21.675,5.608311034199582,5.577733056209231,0.6199777951155302,9.9
2026-10-15 19:16:44,26.73022113684203,26.473022237951273,30.732679682811337,47.145,12.299449976580435,12.28288489106062,4.340833357649039,21.685,5.612108443120693,5.586298116676744,0.6209100961174566,9.91
2026-10-15 19:31:44,26.800393486831418,26.552167997391468,30.824134467039947,47.28,12.319386807233327,12.307963424137666,4.348769662894382,21.725,5.623701185880539,5.598252308101884,0.6223620443777137,9.93
2026-10-15 19:46:44,26.80430107663127,26.557097574229616,30.82826496487574,47.285,12.322444870119329,12.312133056784761,4.349389525054968,21.73,5.623701185880539,5.598252308101884,0.6223620443777137,9.93
2026-10-15 20:01:44,26.8254946370832,26.577440258744343,30.85343839697782,47.325,12.341015393590473,12.327141939377283,4.353262124511758,21.755,5.629915420832622,5.602090450320947,0.6227804306839886,9.94
2026-10-15 20:16:44,26.831196061598824,26.583181720231156,30.86435799561458,47.34,12.352480322604611,12.335970146485442,4.356267012314617,21.77,5.634749753164607,5.610778586225231,0.6232361502784282,9.95
2026-10-15 20:31:44,26.854711988716865,26.60456405693762,30.88716203897569,47.37,12.352480322604611,12.335970146485442,4.356267012314617,21.77,5.634749753164607,5.610778586225231,0.6232361502784282,9.95
2026-10-15 20:46:44,26.954604552181337,26.701201641229936,31.00491002040357,47.54,12.377066033219078,12.36094836624983,4.366392046860913,21.815,5.647889744335067,5.628522249214787,0.6246243285190254,9.975
2026-10-15 21:01:44,27.031186095816555,26.77460128378356,31.091663022036066,47.67,12.397484815232353,12.378916949577288,4.373783760679899,21.85,5.657061935573178,5.635889752551342,0.6256927790526757,9.99
2026-10-15 21:16:44,27.04328383420035,26.784376942985098,31.10579271080025,47.69,12.397484815232353,12.378916949577288,4.373783760679899,21.85,5.657061935573178,5.635889752551342,0.6256927790526757,9.99
2026-10-15 21:31:44,27.150435308175567,26.898524347675963,31.2361020348601,47.875,12.445609235452476,12.444795496483966,4.391325526576937,21.94,5.71068760188034,5.697365711220174,0.6323890892895772,10.085
2026-10-15 21:46:44,27.319503964291904,27.063494841559642,31.44893586881203,48.18,12.5460347942677,12.54840235425937,4.426183284116961,22.115,5.784497744512361,5.77815300027443,0.6413183006462587,10.21
2026-10-15 22:01:44,27.412127137165033,27.14249918881666,31.550730208216464,48.33,12.602368063748779,12.601328852808413,4.444678419630076,22.21,5.801916976631728,5.802401870802426,0.6431204933290317,10.245
2026-10-15 22:16:44,27.428918410337214,27.16250689607838,31.570152247031782,48.36,12.619112458084299,12.612711845070653,4.448590912159357,22.235,5.829522258187391,5.822616419653118,0.6460171213406747,10.285
2026-10-15 22:31:44,27.51522068583165,27.249212205083573,31.676148452244114,48.52,12.67902581842642,12.673732790962555,4.465820207621167,22.33,5.851508043607576,5.854771917083881,0.6492164498248951,10.335
2026-10-15 22:46:44,27.598551771307953,27.32152427574273,31.763101637835813,48.66,12.718654559455064,12.718171474744059,4.48212637202836,22.41,5.856287049564665,5.858238547549243,0.6499237592697333,10.345
2026-10-15 23:01:44,27.68010945014011,27.39716895622161,31.84437569599065,48.795,12.755053902303448,12.748251756994335,4.496055194893993,22.47,5.8738146592935525,5.870817634475823,0.6524900929996322,10.38
2026-10-15 23:16:44,27.739781829340835,27.44884906177177,31.91189870149753,48.9,12.76746519497079,12.755176333316593,4.498848599281274,22.485,5.8868174039498085,5.885088217904776,0.6538998339684422,10.4
2026-10-15 23:31:44,27.81195116886538,27.52901720851601,32.00052475737858,49.04,12.805887597950905,12.799065360786342,4.512870253582195,22.555,5.909849221549908,5.91835973430197,0.6573393899640966,10.445
2026-10-15 23:46:44,27.973899230000974,27.732319577523402,32.23281115968958,49.375,12.922642670598357,12.90242122478483,4.553571939081366,22.75,5.948307210436128,5.944874003037888,0.6614075074593901,10.515
2026-10-16 00:01:44,28.151807260375648,27.925405407665526,32.442342512748326,49.7,13.024078997749205,13.014390262911029,4.589940715168561,22.93,5.981760235303914,5.978897574363999,0.6654645404690017,10.575
2026-10-16 00:16:44,28.332971062355252,28.140217883187066,32.662907731219974,50.045,13.117202576588172,13.09008981671,4.622660193398824,23.085,6.0356673107262395,6.023582804271045,0.6709506139922969,10.66
2026-10-16 00:31:44,28.442289653886707,28.260759754322223,32.79042361437531,50.245,13.16405215439888,13.135679956540232,4.639953609341816,23.165,6.092348677695254,6.077894164773152,0.6782460669234931,10.77
2026-10-16 00:46:44,28.537792992693994,28.364213407111556,32.89791715833083,50.415,13.218960507032351,13.194250383840203,4.660393683550672,23.27,6.1156528788396045,6.096881851716079,0.6800400900278739,10.805
2026-10-16 01:01:44,28.665925933995553,28.47593356735807,33.031857842712576,50.63,13.26432827915779,13.244942325047752,4.6782040184677856,23.36,6.139813309178141,6.11391527554127,0.6830260432396932,10.845
2026-10-16 01:16:44,28.780623014165656,28.627575148929353,33.19073398309251,50.86,13.318250539063396,13.302439568350852,4.698346067212019,23.465,6.184023719073223,6.155735662994402,0.687714376044633,10.915
2026-10-16 01:31:44,28.895766968943477,28.7320625789316,33.30925078935665,51.05,13.365622509005346,13.349550654774111,4.714932443020437,23.55,6.217916439556838,6.194045832423096,0.6929899895557586,10.99
2026-10-16 01:46:44,29.082494697427688,28.93245697958165,33.5327264469587,51.395,13.480543595476096,13.4698256508916,4.754277007444284,23.755,6.259968347194447,6.23681626109947,0.6987786851243583,11.075
2026-10-16 02:01:44,29.319236555057255,29.152292867854616,33.7973694486067,51.805,13.544932674416692,13.543527687617644,4.780693832580154,23.88,6.300174653226624,6.28100671012119,0.7037295981697423,11.15
2026-10-16 02:16:44,29.43236229438771,29.24543456928844,33.936101614590946,52.01,13.608676635884102,13.613848954966986,4.805887600457586,24.0,6.323590549345384,6.294511081110832,0.7058361540094288,11.185
2026-10-16 02:31:44,29.470068931949736,29.286331898411888,33.98891662694641,52.08,13.631558024804642,13.635485244491957,4.813677143450078,24.045,6.348696564570976,6.319378167304882,0.7082116233749806,11.225
2026-10-16 02:46:44,29.549746429662285,29.367677461638454,34.07539306296252,52.22,13.65655391540969,13.65769830805378,4.8220285766549305,24.085,6.36140672759253,6.329045302339223,0.7095395466221519,11.25
2026-10-16 03:01:44,29.610115312576855,29.42407127289339,34.141727768001964,52.325,13.683479248966432,13.686858416870987,4.834362099759884,24.14,6.374271987786421,6.339159798503926,0.710790919942475,11.27
2026-10-16 03:16:44,29.664302615928147,29.48153651001729,34.20174640591878,52.415,13.72059072459159,13.71280885604206,4.845018861919815,24.2,6.4121912025852685,6.376155348817254,0.7154225747211578,11.34
2026-10-16 03:31:44,29.664302615928147,29.48153651001729,34.20174640591878,52.415,13.72059072459159,13.71280885604206,4.845018861919815,24.2,6.4121912025852685,6.376155348817254,0.7154225747211578,11.34
2026-10-16 03:46:44,29.664302615928147,29.48153651001729,34.20174640591878,52.415,13.72059072459159,13.71280885604206,4.845018861919815,24.2,6.4121912025852685,6.376155348817254,0.7154225747211578,11.34
2026-10-16 04:01:44,29.664302615928147,29.48153651001729,34.20174640591878,52.415,13.72059072459159,13.71280885604206,4.845018861919815,24.2,6.4121912025852685,6.376155348817254,0.7154225747211578,11.34
2026-10-16 04:16:44,29.664302615928147,29.48153651001729,34.20174640591878,52.415,13.72059072459159,13.71280885604206,4.845018861919815,24.2,6.4121912025852685,6.376155348817254,0.7154225747211578,11.34
2026-10-16 04:31:44,29.664302615928147,29.48153651001729,34.20174640591878,52.415,13.72059072459159,13.71280885604206,4.845018861919815,24.2,6.4121912025852685,6.376155348817254,0.7154225747211578,11.34
2026-10-16 04:46:44,29.664302615928147,29.48153651001729,34.20174640591878,52.415,13.72059072459159,13.71280885604206,4.845018861919815,24.2,6.4121912025852685,6.376155348817254,0.7154225747211578,11.34
2026-10-16 05:01:44,29.664302615928147,29.48153651001729,34.20174640591878,52.415,13.72059072459159,13.71280885604206,4.845018861919815,24.2,6.4121912025852685,6.376155348817254,0.7154225747211578,11.34
2026-10-16 05:16:44,29.664302615928147,29.48153651001729,34.20174640591878,52.415,13.72059072459159,13.71280885604206,4.845018861919815,24.2,6.4121912025852685,6.376155348817254,0.7154225747211578,11.34
2026-10-16 05:31:44,29.664302615928147,29.48153651001729,34.20174640591878,52.415,13.72059072459159,13.71280885604206,4.845018861919815,24.2,6.4121912025852685,6.376155348817254,0.7154225747211578,11.34
2026-10-16 05:46:44,29.66868454797458,29.484603125358433,34.204653967905294,52.42,13.72059072459159,13.71280885604206,4.845018861919815,24.2,6.4121912025852685,6.376155348817254,0.7154225747211578,11.34
2026-10-16 06:01:44,29.66868454797458,29.484603125358433,34.204653967905294,52.42,13.724916502355056,13.717509176815623,4.846154979779595,24.205,6.4121912025852685,6.376155348817254,0.7154225747211578,11.34
2026-10-16 06:16:44,29.66868454797458,29.484603125358433,34.204653967905294,52.42,13.724916502355056,13.717509176815623,4.846154979779595,24.205,6.4121912025852685,6.376155348817254,0.7154225747211578,11.34
2026-10-16 06:31:44,29.66868454797458,29.484603125358433,34.204653967905294,52.42,13.724916502355056,13.717509176815623,4.846154979779595,24.205,6.4121912025852685,6.376155348817254,0.7154225747211578,11.34
2026-10-16 06:46:44,29.66868454797458,29.484603125358433,34.204653967905294,52.42,13.724916502355056,13.717509176815623,4.846154979779595,24.205,6.4121912025852685,6.376155348817254,0.7154225747211578,11.34
2026-10-16 07:01:44,29.66868454797458,29.484603125358433,34.204653967905294,52.42,13.724916502355056,13.717509176815623,4.846154979779595,24.205,6.4121912025852685,6.376155348817254,0.7154225747211578,11.34
2026-10-16 07:16:44,29.66868454797458,29.484603125358433,34.204653967905294,52.42,13.724916502355056,13.717509176815623,4.846154979779595,24.205,6.4121912025852685,6.376155348817254,0.7154225747211578,11.34
2026-10-16 07:31:44,29.760688324554824,29.570498891454974,34.31141664200199,52.58,13.773499379733193,13.772098296046899,4.867113823651685,24.3,6.425412653473722,6.390859905867069,0.7166612777041582,11.365
2026-10-16 07:46:44,29.85748352003684,29.65658265687191,34.41972351725869,52.745,13.821276866016401,13.832386167919129,4.887562255521806,24.395,6.45306809142192,6.41563445165577,0.7192562069155062,11.41
2026-10-16 08:01:44,29.94034306712658,29.741585325391377,34.51943267427004,52.89,13.862719578885748,13.871341260987224,4.904952434399206,24.47,6.4607816415090955,6.422994970747419,0.7202308692316689,11.425
2026-10-16 08:16:44,30.03103689655443,29.81970031883059,34.6219225845724,53.04,13.899217850392622,13.909050763276461,4.91959526520913,24.535,6.4707756211627085,6.434295904929485,0.7213764003469224,11.45
2026-10-16 08:31:44,30.1114447370656,29.902325761914614,34.71879298007397,53.185,13.920169911222471,13.934176248515257,4.9263314681603125,24.57,6.496473720888883,6.4511838324448,0.7243758619863313,11.49
2026-10-16 08:46:44,30.203267232759774,29.990559386647295,34.81764978242224,53.34,13.953957196651702,13.956317667916169,4.936425718945092,24.62,6.505943077468416,6.466647274374529,0.7258789648400759,11.515
2026-10-16 09:01:44,30.31111384296935,30.100551553288355,34.94693407968652,53.525,14.005065041114221,14.003157452458113,4.954865410950365,24.71,6.520056795562087,6.486200848923748,0.7273671448347598,11.54
2026-10-16 09:16:44,30.416569707448215,30.217769959056525,35.06927673020244,53.705,14.05307512065731,14.040995242981628,4.968770466489431,24.785,6.531522934562011,6.500418572342908,0.7285552155870103,11.56
2026-10-16 09:31:44,30.49506717961097,30.314275410215945,35.16143330784612,53.865,14.082689597620837,14.07187506803935,4.981074864613957,24.84,6.541910153980098,6.513148589633976,0.7298241231464478,11.585
2026-10-16 09:46:44,30.49506717961097,30.314275410215945,35.16143330784612,53.865,14.082689597620837,14.07187506803935,4.981074864613957,24.84,6.541910153980098,6.513148589633976,0.7298241231464478,11.585
2026-10-16 10:01:44,30.51103843720464,30.331137119206485,35.18447772812317,53.895,14.089199889439854,14.075694248747931,4.983095124165142,24.85,6.541910153980098,6.513148589633976,0.7298241231464478,11.585
2026-10-16 10:16:44,30.51103843720464,30.331137119206485,35.18447772812317,53.895,14.089199889439854,14.075694248747931,4.983095124165142,24.85,6.541910153980098,6.513148589633976,0.7298241231464478,11.585
2026-10-16 10:31:44,30.52791603168009,30.34892216389317,35.21073219947028,53.93,14.10861611773706,14.09437329864226,4.9886907736015615,24.88,6.547844019042807,6.517763949096243,0.7305537952229577,11.595
2026-10-16 10:46:44,30.557068635775735,30.387639409816025,35.25469959399048,53.995,14.11467292099682,14.10277072047793,4.991273806265022,24.895,6.550962980774231,6.518539146817492,0.7308884871094514,11.6
2026-10-16 11:01:44,30.587922847865258,30.42603997654244,35.293487831544844,54.055,14.1297473802347,14.122075724937567,4.99893600563071,24.93,6.5557478255455734,6.519526391588198,0.7312324866264261,11.605
2026-10-16 11:16:44,30.634060616253603,30.488447462524285,35.355022594950015,54.145,14.143346937055595,14.135076947977591,5.003977456271581,24.955,6.567934286552549,6.529254126875988,0.732803900057434,11.625
2026-10-16 11:31:44,30.690402598315384,30.545771831554624,35.4264792030836,54.26,14.150632666165249,14.147342704279389,5.0078060146909555,24.975,6.578997820270456,6.541438317627149,0.7338651350199343,11.645
2026-10-16 11:46:44,30.733125961802997,30.582449762734786,35.466377552466895,54.32,14.15284207830914,14.1572592938418,5.0099556655277215,24.985,6.583817071190451,6.545609249722881,0.7343193084149182,11.65
2026-10-16 12:01:44,30.787218741447145,30.64687180767947,35.53105203988101,54.42,14.186027687682161,14.184150311300339,5.01859586621678,25.035,6.5883004103138445,6.552477394512306,0.7351563380448092,11.66
2026-10-16 12:16:44,30.835326315132065,30.69338344839731,35.59174595647023,54.505,14.195915365823605,14.195555736449448,5.022447685947668,25.05,6.589408937811239,6.55531096503029,0.7353689905030507,11.665
2026-10-16 12:31:44,30.8439103415544,30.6989736199701,35.604381191758954,54.52,14.19920851068191,14.199389516016762,5.023891819440334,25.055,6.589408937811239,6.55531096503029,0.7353689905030507,11.665
2026-10-16 12:46:44,30.854446007384368,30.71219319371827,35.61800358041751,54.545,14.208545295686129,14.20913823545851,5.028988989590706,25.08,6.589408937811239,6.55531096503029,0.7353689905030507,11.665
2026-10-16 13:01:44,30.86953579122139,30.724961779015388,35.6339857334944,54.57,14.21321030347848,14.2134966367038,5.0307580838076,25.09,6.589408937811239,6.55531096503029,0.7353689905030507,11.665
2026-10-16 13:16:44,30.88271518364399,30.732594643009197,35.64482405363137,54.59,14.217100188281913,14.215318587594801,5.033184004516264,25.1,6.589408937811239,6.55531096503029,0.7353689905030507,11.665
2026-10-16 13:31:44,30.920825628670645,30.763312444348447,35.68913883710429,54.655,14.227712211048438,14.229161537738666,5.0372336066406405,25.12,6.589408937811239,6.55531096503029,0.7353689905030507,11.665
2026-10-16 13:46:44,30.92980281888801,30.77454092189834,35.69967685765792,54.67,14.23380119973336,14.234095093088174,5.040062199467119,25.13,6.589408937811239,6.55531096503029,0.7353689905030507,11.665
2026-10-16 14:01:44,30.94192666139769,30.782739028558915,35.71091878191337,54.69,14.236605875105095,14.238464461426881,5.040867314568338,25.135,6.589408937811239,6.55531096503029,0.7353689905030507,11.665
2026-10-16 14:16:44,30.967957744559584,30.82492336479533,35.7551513223325,54.75,14.248221395761092,14.252067770543796,5.044413335225617,25.15,6.596154653336066,6.5606762047909095,0.736468619593389,11.68
2026-10-16 14:31:44,30.977106653906944,30.842699373673504,35.774266136822945,54.78,14.251041311090148,14.254689301287122,5.045221142692287,25.155,6.604900333516897,6.566114962497096,0.7371035374278677,11.69
2026-10-16 14:46:44,30.984194994175724,30.849961931217134,35.78329523309907,54.795,14.259365663363392,14.269696264020812,5.049220261301799,25.175,6.604900333516897,6.566114962497096,0.7371035374278677,11.69
2026-10-16 15:01:44,31.01002587538576,30.875057535205855,35.81167375801173,54.84,14.266782367640374,14.275464765610488,5.051451727144131,25.185,6.604900333516897,6.566114962497096,0.7371035374278677,11.69
2026-10-16 15:16:44,31.020237870932675,30.88899805910363,35.821926522988534,54.86,14.27034976565439,14.278922632863535,5.052087731223125,25.19,6.6086780671278955,6.56777701560104,0.7374647324385106,11.695
2026-10-16 15:31:44,31.043347212609802,30.918449802237514,35.85890905017412,54.915,14.273278237527107,14.2803910886882,5.0528627943886795,25.195,6.609528151092296,6.56921125286167,0.7376213938042916,11.7
2026-10-16 15:46:44,31.047180383683063,30.92242089597885,35.86088750744462,54.92,14.275508417685199,14.283097409893744,5.053828484540983,25.2,6.609528151092296,6.56921125286167,0.7376213938042916,11.7
2026-10-16 16:01:44,31.060131465055235,30.930209218897545,35.87409483623107,54.94,14.275508417685199,14.283097409893744,5.053828484540983,25.2,6.609528151092296,6.56921125286167,0.7376213938042916,11.7
2026-10-16 16:16:44,31.080011255165026,30.952891956169697,35.89535246628197,54.975,14.275508417685199,14.283097409893744,5.053828484540983,25.2,6.609528151092296,6.56921125286167,0.7376213938042916,11.7
2026-10-16 16:31:44,31.088174121424615,30.959364706877476,35.90274023893984,54.985,14.276376657713136,14.285497709151068,5.054849320854691,25.205,6.609528151092296,6.56921125286167,0.7376213938042916,11.7
2026-10-16 16:46:44,31.097935657814844,30.96793048231097,35.91191966498038,55.0,14.282064865397226,14.28985356562486,5.056659738423161,25.215,6.609528151092296,6.56921125286167,0.7376213938042916,11.7
2026-10-16 17:01:44,31.111010158109274,30.987486235697695,35.924946331141086,55.025,14.286911452997396,14.292519349338196,5.058471768723724,25.225,6.61140859699495,6.570969736607333,0.7377617034222761,11.705
2026-10-16 17:16:44,31.111010158109274,30.987486235697695,35.924946331141086,55.025,14.286911452997396,14.292519349338196,5.058471768723724,25.225,6.61140859699495,6.570969736607333,0.7377617034222761,11.705
2026-10-16 17:31:44,31.11348997413883,30.990850479660796,35.92885556474145,55.03,14.286911452997396,14.292519349338196,5.058471768723724,25.225,6.61140859699495,6.570969736607333,0.7377617034222761,11.705
2026-10-16 17:46:44,31.13340020960627,31.011412193742178,35.95444296035229,55.07,14.28823436710993,14.293236218026095,5.059701785417256,25.23,6.614535789369638,6.575415091308922,0.7380132509254848,11.71
2026-10-16 18:01:44,31.14114561937335,31.02362337614006,35.97042011916892,55.09,14.28823436710993,14.293236218026095,5.059701785417256,25.23,6.614535789369638,6.575415091308922,0.7380132509254848,11.71
2026-10-16 18:16:44,31.150770981628973,31.035039600085916,35.984279648257214,55.11,14.296615131831096,14.302413601944188,5.062461324167832,25.245,6.617160214225478,6.580112718257775,0.7383678481765902,11.715
2026-10-16 18:31:44,31.152674360660082,31.037542439925502,35.98662646651268,55.115,14.296615131831096,14.302413601944188,5.062461324167832,25.245,6.617160214225478,6.580112718257775,0.7383678481765902,11.715
2026-10-16 18:46:44,31.20444238332983,31.090029519617765,36.05170574792702,55.215,14.320115002103067,14.329611546243548,5.0728123976969455,25.29,6.632697855195143,6.588497282225788,0.7395505644075853,11.735
2026-10-16 19:01:44,31.20444238332983,31.090029519617765,36.05170574792702,55.215,14.320115002103067,14.329611546243548,5.0728123976969455,25.29,6.632697855195143,6.588497282225788,0.7395505644075853,11.735
2026-10-16 19:16:44,31.231121791507707,31.116706457154454,36.08653683917597,55.26,14.337687911148791,14.345714956369816,5.0784633798369745,25.32,6.636932590704876,6.593885667324321,0.7400567881673826,11.745
2026-10-16 19:31:44,31.2736991276328,31.181275111197984,36.15554805679799,55.365,14.36990870692837,14.377520735359282,5.08944415674177,25.375,6.648019436655188,6.6041185904659345,0.741379990980453,11.765
2026-10-16 19:46:44,31.307602512088632,31.22191848430799,36.20378342356398,55.445,14.389934087677403,14.393096604621972,5.095308032947283,25.405,6.657279153076166,6.616849459034147,0.7423735054133296,11.785
2026-10-16 20:01:44,31.37009695486799,31.27001397406162,36.26521920135642,55.54,14.409215088169502,14.408632991019871,5.101997261116261,25.44,6.662892214115351,6.6280145874759375,0.7434078456665818,11.805
2026-10-16 20:16:44,31.400322892819275,31.296069939535197,36.30076319324571,55.595,14.442721403243775,14.42644390942366,5.110091769128868,25.485,6.667613791522704,6.6292730900999395,0.7437030507807078,11.81
2026-10-16 20:31:44,31.465678711632428,31.35183359741251,36.37391601874493,55.705,14.449538895229116,14.43392363569507,5.112241221739849,25.5,6.673931942899659,6.634890987266643,0.7443327379827384,11.82
2026-10-16 20:46:44,31.508921251041865,31.39172711256514,36.421766689286514,55.78,14.493518677070018,14.473754234172203,5.125717623000806,25.575,6.688401516529589,6.645434561925338,0.7459669075359513,11.84
2026-10-16 21:01:44,31.527366515388835,31.409049012000004,36.44220679323183,55.815,14.5111274855898,14.491935419664662,5.130687633172475,25.605,6.691343497687011,6.647293277007138,0.7462078295061428,11.845
2026-10-16 21:16:44,31.591248027887747,31.486310478184564,36.52354031096453,55.93,14.553243489264267,14.525060649714757,5.1468801794854855,25.68,6.7162434506781405,6.670038736487891,0.7489154007629468,11.885
2026-10-16 21:31:44,31.63245928342908,31.535223701539216,36.57805907008076,56.015,14.615108088825302,14.57647088507701,5.165309305552293,25.785,6.743756224271373,6.699203607641521,0.7512871580221151,11.93
2026-10-16 21:46:44,31.63245928342908,31.535223701539216,36.57805907008076,56.015,14.615108088825302,14.57647088507701,5.165309305552293,25.785,6.743756224271373,6.699203607641521,0.7512871580221151,11.93
2026-10-16 22:01:44,31.63245928342908,31.535223701539216,36.57805907008076,56.015,14.615108088825302,14.57647088507701,5.165309305552293,25.785,6.743756224271373,6.699203607641521,0.7512871580221151,11.93
2026-10-16 22:16:44,31.63245928342908,31.535223701539216,36.57805907008076,56.015,14.615108088825302,14.57647088507701,5.165309305552293,25.785,6.743756224271373,6.699203607641521,0.7512871580221151,11.93
2026-10-16 22:31:44,31.642929250824363,31.550233271193616,36.58827715334411,56.035,14.61670163367973,14.578168403390448,5.165941253647856,25.79,6.745533427296783,6.701254918473707,0.7515962443444694,11.935
2026-10-16 22:46:44,31.66625705305079,31.57267553641925,36.609007185016445,56.07,14.621329363810906,14.583451986451585,5.168200451968146,25.8,6.747813992852821,6.702084772264209,0.7519674415072388,11.94
2026-10-16 23:01:44,31.66625705305079,31.57267553641925,36.609007185016445,56.07,14.621329363810906,14.583451986451585,5.168200451968146,25.8,6.747813992852821,6.702084772264209,0.7519674415072388,11.94
2026-10-16 23:16:44,31.66625705305079,31.57267553641925,36.609007185016445,56.07,14.621329363810906,14.583451986451585,5.168200451968146,25.8,6.747813992852821,6.702084772264209,0.7519674415072388,11.94
2026-10-16 23:31:44,31.72123726331173,31.634250093501347,36.673851227024564,56.175,14.64522876362262,14.61085510739807,5.1794678677583565,25.85,6.757770562186199,6.70980987938876,0.7526862120661056,11.955
2026-10-16 23:46:44,31.728014529849823,31.63952943537762,36.67948851107145,56.185,14.64522876362262,14.61085510739807,5.1794678677583565,25.85,6.757770562186199,6.70980987938876,0.7526862120661056,11.955
2026-10-17 00:01:44,31.734068526722087,31.645135116168454,36.685549567099116,56.195,14.652008552345212,14.616197192335852,5.181854279102295,25.86,6.757770562186199,6.70980987938876,0.7526862120661056,11.955
2026-10-17 00:16:44,31.75171454345947,31.660553324982796,36.70215800816724,56.22,14.662682126161306,14.626954696023574,5.1856053259268595,25.88,6.759657838525178,6.714248126771127,0.7530170426817,11.96
2026-10-17 00:31:44,31.752510275709895,31.664396322190413,36.70659308159076,56.225,14.66602886072469,14.633887353603088,5.187883303182705,25.89,6.759657838525178,6.714248126771127,0.7530170426817,11.96
2026-10-17 00:46:44,31.80191023231461,31.71573601244879,36.772571280959696,56.315,14.694875536787658,14.660747655871395,5.196588009170905,25.93,6.7753801541026135,6.726574257165146,0.7547650073865266,11.985
2026-10-17 01:01:44,31.890806921815955,31.800492875334278,36.872485462968704,56.465,14.757172508614339,14.722271147250153,5.2174250596840785,26.03,6.786226444793547,6.738073530147922,0.7560703695637239,12.005
2026-10-17 01:16:44,31.96337887417331,31.866297933994446,36.95353056150328,56.59,14.802985239409058,14.76034997810994,5.230201608900865,26.1,6.81477418578597,6.763756178763776,0.7588799553848873,12.05
2026-10-17 01:31:44,31.96337887417331,31.866297933994446,36.95353056150328,56.59,14.802985239409058,14.76034997810994,5.230201608900865,26.1,6.81477418578597,6.763756178763776,0.7588799553848873,12.05
2026-10-17 01:46:44,31.96337887417331,31.866297933994446,36.95353056150328,56.59,14.802985239409058,14.76034997810994,5.230201608900865,26.1,6.81477418578597,6.763756178763776,0.7588799553848873,12.05
2026-10-17 02:01:44,31.99110969812869,31.88817578042059,36.98398071357078,56.63,14.821729792179129,14.775915330770676,5.236106395041539,26.13,6.82588697832758,6.775117264937073,0.7605659262345648,12.07
2026-10-17 02:16:44,31.99110969812869,31.88817578042059,36.98398071357078,56.63,14.821729792179129,14.775915330770676,5.236106395041539,26.13,6.82588697832758,6.775117264937073,0.7605659262345648,12.07
2026-10-17 02:31:44,32.042769585069124,31.951845655752834,37.05251655833815,56.73,14.844520569529527,14.797526636120402,5.243701628270625,26.175,6.852937359352668,6.8050008690445125,0.7629880455334789,12.11
2026-10-17 02:46:44,32.11246511598631,32.010722158578076,37.11759354457857,56.845,14.892392954567438,14.838896719811881,5.25635010671315,26.24,6.861028482601326,6.811852361940079,0.7636371216570323,12.12
2026-10-17 03:01:44,32.11246511598631,32.010722158578076,37.11759354457857,56.845,14.892392954567438,14.838896719811881,5.25635010671315,26.24,6.861028482601326,6.811852361940079,0.7636371216570323,12.12
2026-10-17 03:16:44,32.12089896986875,32.01467495626014,37.12267748897801,56.855,14.896064581874592,14.845766714463194,5.258003282354397,26.25,6.861028482601326,6.811852361940079,0.7636371216570323,12.12
2026-10-17 03:31:44,32.177510384958524,32.08300015153436,37.2031636667745,56.975,14.924003896128376,14.86999845319203,5.267172165384474,26.29,6.879065385221202,6.828858557446228,0.7651595909082791,12.145
2026-10-17 03:46:44,32.2109833507972,32.12200812161134,37.24627524046595,57.04,14.94315434017715,14.888065136230937,5.272463342034337,26.325,6.891806559036158,6.836135845498983,0.7663453318908836,12.165
2026-10-17 04:01:44,32.2109833507972,32.12200812161134,37.24627524046595,57.04,14.94315434017715,14.888065136230937,5.272463342034337,26.325,6.891806559036158,6.836135845498983,0.7663453318908836,12.165
2026-10-17 04:16:44,32.2631712089979,32.17429327915329,37.313418489421515,57.14,14.970121760359323,14.90816547642581,5.28337577490036,26.37,6.910103200202532,6.850156621189828,0.768023245832178,12.19
2026-10-17 04:31:44,32.32342090473963,32.231930650384115,37.37617861431179,57.25,15.012722762459342,14.966739302350138,5.298977511718696,26.455,6.931300848465344,6.869653794164396,0.7700900723436649,12.225
2026-10-17 04:46:44,32.359075971773855,32.265555772037494,37.42237478350722,57.315,15.02736155991242,14.977066318406974,5.302720648380832,26.475,6.932012377083317,6.873423805243427,0.7703580021039088,12.23
2026-10-17 05:01:44,32.407592870683494,32.31533127122993,37.48952258936749,57.415,15.054974198065874,15.009418552326293,5.312576839445583,26.525,6.956841913635984,6.898550044064988,0.7737699659772763,12.28
2026-10-17 05:16:44,32.43148354732833,32.33407124826471,37.52107245730279,57.455,15.068163152175924,15.02310652947281,5.317725147327049,26.55,6.964702858363354,6.906463093128738,0.7750010140594251,12.3
2026-10-17 05:31:44,32.52396455967913,32.40613240886574,37.60354733479204,57.595,15.124266110023243,15.067535988932391,5.337456841220386,26.64,6.98036341842988,6.923566616640017,0.7768305535769913,12.33
2026-10-17 05:46:44,32.63536455309348,32.52625377886462,37.73415768861296,57.785,15.183754250427429,15.130327525224274,5.35912509354203,26.74,7.014925935092059,6.973277886094787,0.7814185505019727,12.4
2026-10-17 06:01:44,32.829758138134984,32.697978917821786,37.92968865134133,58.1,15.230133419353736,15.173306004325637,5.375329693171054,26.82,7.037540512887922,6.9941176253561945,0.7837978805197772,12.44
2026-10-17 06:16:44,32.875372042361626,32.754599618064596,37.99122713167785,58.19,15.25457216588269,15.201384044351943,5.383371055482036,26.86,7.042274593875264,6.9965275883551765,0.7839852190815041,12.445
2026-10-17 06:31:44,32.97291890441373,32.83607177215432,38.09665051316937,58.35,15.291742446318345,15.234139094367348,5.397267288991881,26.93,7.0617935965569805,7.016939013928648,0.7857502904656322,12.48
2026-10-17 06:46:44,33.1000685583698,32.96367792674087,38.24609202238116,58.58,15.366899054798688,15.294643598395304,5.424985540651964,27.06,7.09197723647084,7.0505036920404205,0.7900390885395547,12.54
2026-10-17 07:01:44,33.21102409726599,33.069207238417455,38.351351343516136,58.765,15.40278797388962,15.342022543837967,5.440506344894313,27.135,7.120684018919132,7.0673843163675665,0.7932087000215386,12.58
2026-10-17 07:16:44,33.3631897594563,33.21311538776615,38.50302655469018,59.01,15.431413115055998,15.382960338482155,5.455206788350613,27.2,7.140610506949203,7.084446662465598,0.7954950221532682,12.61
2026-10-17 07:31:44,33.40686058560765,33.25252923847489,38.55126654628883,59.08,15.436869997962312,15.386550049556705,5.456700803354548,27.21,7.140610506949203,7.084446662465598,0.7954950221532682,12.61
2026-10-17 07:46:44,33.42678126042513,33.27611614764864,38.57713756740906,59.115,15.455655594176022,15.409810621461137,5.463857145597178,27.245,7.142643497845242,7.085351863993443,0.7959909041401337,12.615
2026-10-17 08:01:44,33.51384995924497,33.36872260792087,38.6828368725433,59.275,15.496191601245844,15.449033011609442,5.47766847756051,27.32,7.166896022243171,7.112928402201385,0.7985402603427508,12.66
2026-10-17 08:16:44,33.54351612700672,33.39528564814542,38.713536823669436,59.325,15.523436744434383,15.472947133214108,5.485399288927078,27.355,7.169042711982868,7.11365796935407,0.7988259239228047,12.665
2026-10-17 08:31:44,33.66179440982764,33.50534679389186,38.84696247928658,59.53,15.574206730129257,15.530209867388693,5.5028480834135864,27.455,7.194640640751881,7.145781369499319,0.8019947636911898,12.715
2026-10-17 08:46:44,33.768171143956366,33.62509529377393,38.97039519796514,59.725,15.658783780204214,15.605690816566787,5.5323091593089435,27.595,7.207503499442154,7.159547776678352,0.8032909775514404,12.74
2026-10-17 09:01:44,33.91279679132044,33.75995492092779,39.120902817195166,59.965,15.692873444734744,15.63652434276549,5.542963311270298,27.655,7.221841815370176,7.179246905160872,0.8051501719614782,12.77
2026-10-17 09:16:44,33.98973708083005,33.83225159391585,39.20867750016657,60.1,15.741879374470553,15.688369916229368,5.56029914541537,27.745,7.2462879141827585,7.199761134902766,0.8068619822823108,12.805
2026-10-17 09:31:44,34.092007884177356,33.94716648435439,39.32570031173972,60.28,15.791951623202067,15.733341423680098,5.578615335604293,27.83,7.288438312703038,7.238582164335144,0.8111459848163971,12.875
2026-10-17 09:46:44,34.20871527350778,34.07369030205783,39.461918075388006,60.49,15.875172430362161,15.802922967775281,5.604907346359055,27.965,7.309976574310956,7.2592735340956995,0.8129806286814056,12.91
2026-10-17 10:01:44,34.33414622672061,34.197472791354905,39.619414850248646,60.73,15.934814816348172,15.85418109016836,5.625648501070134,28.065,7.325190979179291,7.272505497996117,0.8141083201094782,12.93
2026-10-17 10:16:44,34.35869670743852,34.222653648275454,39.645058831134904,60.77,15.95011127885234,15.87137792083669,5.63200046338648,28.09,7.332926334015563,7.28167801006815,0.8148417856790369,12.945
2026-10-17 10:31:44,34.36166394974865,34.22883155092335,39.65127782060106,60.78,15.951942026950766,15.875220600788644,5.633403525360982,28.095,7.332926334015563,7.28167801006815,0.8148417856790369,12.945
2026-10-17 10:46:44,34.38999552760028,34.25819504275503,39.682626512056586,60.825,15.951942026950766,15.875220600788644,5.633403525360982,28.095,7.336766943637004,7.286543367599332,0.8153298422970194,12.95
2026-10-17 11:01:44,34.38999552760028,34.25819504275503,39.682626512056586,60.825,15.951942026950766,15.875220600788644,5.633403525360982,28.095,7.336766943637004,7.286543367599332,0.8153298422970194,12.95
2026-10-17 11:16:44,34.42954640061425,34.30479825897436,39.72966296766613,60.9,15.96158171392701,15.886783390118083,5.635753329683699,28.11,7.336766943637004,7.286543367599332,0.8153298422970194,12.95
2026-10-17 11:31:44,34.43774453827777,34.306637655294615,39.73833869189331,60.91,15.964707626912858,15.887712789422748,5.636888832871895,28.115,7.336766943637004,7.286543367599332,0.8153298422970194,12.95
2026-10-17 11:46:44,34.43774453827777,34.306637655294615,39.73833869189331,60.91,15.964707626912858,15.887712789422748,5.636888832871895,28.115,7.336766943637004,7.286543367599332,0.8153298422970194,12.95
2026-10-17 12:01:44,34.43774453827777,34.306637655294615,39.73833869189331,60.91,15.964707626912858,15.887712789422748,5.636888832871895,28.115,7.336766943637004,7.286543367599332,0.8153298422970194,12.95
2026-10-17 12:16:44,34.43774453827777,34.306637655294615,39.73833869189331,60.91,15.964707626912858,15.887712789422748,5.636888832871895,28.115,7.336766943637004,7.286543367599332,0.8153298422970194,12.95
2026-10-17 12:31:44,34.43774453827777,34.306637655294615,39.73833869189331,60.91,15.964707626912858,15.887712789422748,5.636888832871895,28.115,7.336766943637004,7.286543367599332,0.8153298422970194,12.95
2026-10-17 12:46:44,34.43774453827777,34.306637655294615,39.73833869189331,60.91,15.964707626912858,15.887712789422748,5.636888832871895,28.115,7.336766943637004,7.286543367599332,0.8153298422970194,12.95
2026-10-17 13:01:44,34.44421208141269,34.31376541047463,39.747165837828874,60.925,15.969533359679149,15.89078147594425,5.638181555535467,28.12,7.336766943637004,7.286543367599332,0.8153298422970194,12.95
2026-10-17 13:16:44,34.459385224007754,34.33729040098753,39.770872426657135,60.965,15.973918965632555,15.897178256097822,5.640719796149557,28.13,7.341013178736055,7.289619179783395,0.8156818379740068,12.955
2026-10-17 13:31:44,34.47130691614369,34.34440418328411,39.77830385026689,60.98,15.973918965632555,15.897178256097822,5.640719796149557,28.13,7.341013178736055,7.289619179783395,0.8156818379740068,12.955
2026-10-17 13:46:44,34.486488514519664,34.35826556049959,39.79630067720426,61.005,15.97691725093008,15.898947349192982,5.641878845396009,28.135,7.3458938623557515,7.290281698860122,0.8158176250323982,12.96
2026-10-17 14:01:44,34.486488514519664,34.35826556049959,39.79630067720426,61.005,15.981398320748832,15.907211922366583,5.643479734914544,28.145,7.3458938623557515,7.290281698860122,0.8158176250323982,12.96
2026-10-17 14:16:44,34.49384693964485,34.366617024843954,39.80487488936672,61.02,15.985930241200665,15.911838660179027,5.644638000046287,28.15,7.3458938623557515,7.290281698860122,0.8158176250323982,12.96
2026-10-17 14:31:44,34.52764579434846,34.4153646603356,39.841571800380045,61.09,15.996620845893672,15.922132321859594,5.647785881542552,28.165,7.346993177258159,7.2909977092083835,0.8161923075294039,12.965
2026-10-17 14:46:44,34.54365535153145,34.42974914278737,39.86178649417603,61.12,16.00716975755636,15.928462152016762,5.6502418125489084,28.18,7.351300933940181,7.295288249937261,0.8169718291436583,12.975
2026-10-17 15:01:44,34.568960083888086,34.458177845323476,39.89755438508546,61.17,16.01163356254447,15.930607318573628,5.650957909207994,28.185,7.354856198567222,7.296528109869717,0.8171923405016569,12.98
2026-10-17 15:16:44,34.59447415411175,34.478280973868415,39.91917956339753,61.21,16.02198082738633,15.941430366301976,5.654139881012335,28.2,7.359525022955545,7.29744458357064,0.8176373882696543,12.985
2026-10-17 15:31:44,34.59587537556268,34.48030551318017,39.9217172105984,61.215,16.02198082738633,15.941430366301976,5.654139881012335,28.2,7.359525022955545,7.29744458357064,0.8176373882696543,12.985
2026-10-17 15:46:44,34.61018159285026,34.50212653213483,39.93855923721514,61.245,16.024527643245968,15.944105226940758,5.6555347041647375,28.205,7.364730043746368,7.30625639158913,0.8184908184611009,12.995
2026-10-17 16:01:44,34.61638651892761,34.511304554499475,39.94471755136671,61.255,16.024527643245968,15.944105226940758,5.6555347041647375,28.205,7.364730043746368,7.30625639158913,0.8184908184611009,12.995
2026-10-17 16:16:44,34.63138817935662,34.524165318973274,39.96000616315135,61.28,16.024527643245968,15.944105226940758,5.6555347041647375,28.205,7.364730043746368,7.30625639158913,0.8184908184611009,12.995
2026-10-17 16:31:44,34.639791262691986,34.536251658117955,39.97615687912389,61.3,16.024527643245968,15.944105226940758,5.6555347041647375,28.205,7.368486811871761,7.310550383793673,0.8187951381271863,13.0
2026-10-17 16:46:44,34.65620662899699,34.55848519325123,39.99586494695666,61.33,16.029461269568294,15.946181041059031,5.656794766197607,28.21,7.368486811871761,7.310550383793673,0.8187951381271863,13.0
2026-10-17 17:01:44,34.684642092289394,34.57942014802856,40.028063889127154,61.375,16.036823414449422,15.953166797196355,5.658498583938066,28.22,7.368486811871761,7.310550383793673,0.8187951381271863,13.0
2026-10-17 17:16:44,34.70283533012462,34.59778150339791,40.04561349460541,61.405,16.04923049078111,15.959973191067544,5.662161767096366,28.24,7.381200398784379,7.323396913004515,0.820064100081191,13.02
2026-10-17 17:31:44,34.722178036812394,34.611880098421764,40.07114602283237,61.44,16.051838048007543,15.96364286556734,5.663495964468586,28.245,7.385773120638436,7.326117934983942,0.8205482405219068,13.025
2026-10-17 17:46:44,34.735080427691145,34.629806378803124,40.087235511070844,61.465,16.058820984545072,15.970769870373454,5.666237719857967,28.255,7.390730324324165,7.330935092979762,0.8207483902190938,13.03
2026-10-17 18:01:44,34.74101942442939,34.63460238454215,40.09599292428213,61.475,16.067090227362232,15.97479975751031,5.667764905808473,28.265,7.3943287255751144,7.333214913176895,0.8212042892764322,13.035
2026-10-17 18:16:44,34.78630535818748,34.67400931142227,40.13465642242229,61.545,16.067803655431685,15.977168522623602,5.668834711661901,28.27,7.397576705515139,7.336822392860546,0.8215028240346145,13.04
2026-10-17 18:31:44,34.826671250386426,34.72323110613241,40.184635331955974,61.62,16.095727206842113,16.006771141370084,5.677931169948753,28.32,7.4021033962331995,7.345398551470048,0.8225030981722111,13.055
2026-10-17 18:46:44,34.89599444025309,34.779731946289274,40.265479949611226,61.74,16.137795870325156,16.050791807111516,5.693969053496475,28.4,7.43013667338687,7.36954112286469,0.825085455128422,13.105
2026-10-17 19:01:44,34.9753066811977,34.84955714652824,40.354429000007755,61.88,16.176283824049218,16.09746804409702,5.7061251893324085,28.465,7.444307777438115,7.391973375704578,0.827691400373065,13.14
2026-10-17 19:16:44,35.042299295040124,34.933336769483496,40.44100855843432,62.02,16.20358928746508,16.116018994140564,5.712542389076857,28.5,7.45791715627839,7.405008514959164,0.8296307276345725,13.17
2026-10-17 19:31:44,35.13695422955858,35.0350119783413,40.547053527675416,62.185,16.25454168710162,16.155704617473088,5.729270588827031,28.58,7.475347074528754,7.426655911299383,0.8316202832211568,13.2
2026-10-17 19:46:44,35.213611619350566,35.10727120479775,40.636802915748625,62.32,16.28704085179313,16.194169170184075,5.741324092304732,28.635,7.480905496414254,7.4376681867377314,0.8328874328062782,13.215
2026-10-17 20:01:44,35.254760255760566,35.15838324333428,40.689936814238884,62.405,16.31344531794723,16.219698645562506,5.751797824057723,28.685,7.486461666761174,7.448173599781597,0.8340181319820692,13.23
2026-10-17 20:16:44,35.32456802750252,35.23142363200051,40.77714642138381,62.525,16.338901886337577,16.238761566882946,5.760076186723253,28.73,7.494444119150847,7.4571447664378185,0.8352779480956423,13.25
2026-10-17 20:31:44,35.34728594502476,35.24680338199185,40.803189892210476,62.56,16.340862551482314,16.241176462710992,5.761387553663342,28.735,7.496769716871389,7.461713872977516,0.8355935049769065,13.255
2026-10-17 20:46:44,35.48114269132765,35.3853327465087,40.948293545206724,62.785,16.375146596574474,16.27867777146399,5.772261339573805,28.795,7.519790468863791,7.483335785826627,0.8377002546488478,13.295
2026-10-17 21:01:44,35.57277538769436,35.463541577168414,41.04334021177197,62.925,16.442468668920927,16.354505036454135,5.797678776970362,28.925,7.537542445415488,7.4997348623621205,0.8396433822128042,13.325
2026-10-17 21:16:44,35.647419711711294,35.53861512454685,41.13110818502514,63.055,16.48566717833846,16.395667789169966,5.811914089813837,28.995,7.56742198319955,7.521828617791353,0.8425867783789469,13.37
2026-10-17 21:31:44,35.77812649155595,35.67649558070933,41.2885623352198,63.29,16.576655384199565,16.494474259243358,5.8462543955736,29.165,7.609352267577807,7.565517515180179,0.8469647098976423,13.44
2026-10-17 21:46:44,35.845815424900245,35.75308437868484,41.36747446608457,63.41,16.601928854405024,16.53004668451919,5.8559947605451725,29.215,7.619710785342595,7.578944111988502,0.8485080925481773,13.465
2026-10-17 22:01:44,35.93485741734131,35.841407889076336,41.470285092589606,63.57,16.63795437367734,16.578604485788482,5.873600134586178,29.3,7.6356874573348845,7.601444285919086,0.8504082660531784,13.5
2026-10-17 22:16:44,35.99470832897112,35.91334942696236,41.5514005389841,63.695,16.705915780398122,16.6430073052786,5.896918117116666,29.415,7.6621262729153505,7.63704198125468,0.8534411903341512,13.55
2026-10-17 22:31:44,36.06237118100344,35.973883985628476,41.624687539649386,63.81,16.746444364062366,16.680384377922515,5.916573605601255,29.5,7.681255350563801,7.64810163809137,0.8547428793990657,13.575
2026-10-17 22:46:44,36.176072351979165,36.09119217814469,41.74438850103102,64.01,16.80081250640455,16.730358424184768,5.934814591732437,29.585,7.690230685070974,7.661541034198978,0.8566574177231215,13.6
2026-10-17 23:01:44,36.23682601618027,36.15894277020852,41.827084986557836,64.13,16.834243767398263,16.761907457046938,5.944027527385395,29.63,7.703525827620064,7.669904440315858,0.8578378676246902,13.615
2026-10-17 23:16:44,36.326462826099544,36.24725665025761,41.909681467266864,64.28,16.857860993615073,16.79181593544385,5.952606284828424,29.675,7.738224358842595,7.7100892987225516,0.8609367162655995,13.675
2026-10-17 23:31:44,36.40665685839077,36.31742509552067,41.98385064639777,64.4,16.900717119235146,16.844932359695918,5.967910757767332,29.755,7.774325346682526,7.753674252667224,0.8649526776827451,13.75
2026-10-17 23:46:44,36.507902486602596,36.416426577848675,42.09252160449992,64.565,16.949988127202882,16.897417964436904,5.984337873861256,29.84,7.800663905386328,7.778891271358912,0.8672076460059596,13.795
2026-10-18 00:01:44,36.58559395855895,36.49180210008439,42.185394268801495,64.705,16.97738911821841,16.918726746122108,5.991487173111383,29.88,7.817071943116254,7.79411866318792,0.8689222517562791,13.825
2026-10-18 00:16:44,36.644479349676985,36.54231709561959,42.25122703599763,64.805,17.0238483261657,16.968320851394477,6.007587013164485,29.96,7.820233209570521,7.801005806625736,0.8698015415879212,13.84
2026-10-18 00:31:44,36.73727489773943,36.63440012188047,42.35102407712913,64.965,17.09675862151719,17.02221726291766,6.030080134850501,30.065,7.837012435498433,7.821999505815554,0.8716522039893935,13.87
2026-10-18 00:46:44,36.88853836675338,36.80448600408736,42.54218757910241,65.24,17.166214533189233,17.091185971812088,6.057529056745545,30.195,7.881107398620078,7.8664511381292925,0.8766965662457136,13.945
2026-10-18 01:01:44,36.99051214746883,36.912198295890974,42.66230494264335,65.425,17.222869057387808,17.150516003728995,6.080565950029272,30.3,7.914914488828021,7.8941870809274,0.8794707885231979,13.995
2026-10-18 01:16:44,37.138640790822976,37.05611360485376,42.84283573583011,65.695,17.296156615249153,17.218541558006155,6.106827770313765,30.43,7.933824797830278,7.9223662933695325,0.8828541659720959,14.04
2026-10-18 01:31:44,37.20665090060182,37.13204676481241,42.92267457639657,65.825,17.356193340146852,17.2703490671377,6.124844473304288,30.515,7.955779495194366,7.943603641955642,0.885220174507152,14.075
2026-10-18 01:46:44,37.20665090060182,37.13204676481241,42.92267457639657,65.825,17.356193340146852,17.2703490671377,6.124844473304288,30.515,7.955779495194366,7.943603641955642,0.885220174507152,14.075
2026-10-18 02:01:44,37.23939181299956,37.16759086559649,42.96073019496959,65.89,17.358804186638373,17.274223279652144,6.125751524193926,30.52,7.965825648515991,7.959286799523579,0.8868415172827282,14.1
2026-10-18 02:16:44,37.28224709001513,37.21042399196051,43.003425005916974,65.96,17.373409149249007,17.29025681384101,6.131402775560506,30.55,7.977662315290307,7.967855763874398,0.8880972248427195,14.12
2026-10-18 02:31:44,37.356003132257726,37.29554349539523,43.10037476750401,66.105,17.415465983959326,17.333876326278574,6.147158170282384,30.63,7.987758958861047,7.9767951440105,0.8895214002416091,14.14
2026-10-18 02:46:44,37.38074043922396,37.32185425601416,43.13692355225933,66.155,17.439480321768837,17.35665225516056,6.154951495294623,30.675,7.995422904831374,7.984424270867055,0.8903048088088381,14.155
2026-10-18 03:01:44,37.43932980344142,37.387584103917504,43.21396941604356,66.265,17.465283163109525,17.38744166040648,6.168433114651115,30.73,8.024772350380898,8.012808038712881,0.8931207115379127,14.2
2026-10-18 03:16:44,37.46971056397326,37.41346761761079,43.248502360827345,66.32,17.49832110150742,17.416736922262917,6.181533964871166,30.785,8.028257034567561,8.014922067079425,0.8934262555773625,14.205
2026-10-18 03:31:44,37.46971056397326,37.41346761761079,43.248502360827345,66.32,17.49832110150742,17.416736922262917,6.181533964871166,30.785,8.028257034567561,8.014922067079425,0.8934262555773625,14.205
2026-10-18 03:46:44,37.503706626387036,37.446225560650596,43.28262967165505,66.38,17.505478945891905,17.42568105846735,6.1834919352373126,30.8,8.03170297495491,8.01610764548296,0.8937894212132167,14.21
2026-10-18 04:01:44,37.503706626387036,37.446225560650596,43.28262967165505,66.38,17.505478945891905,17.42568105846735,6.1834919352373126,30.8,8.03170297495491,8.01610764548296,0.8937894212132167,14.21
2026-10-18 04:16:44,37.56099990474943,37.498388903898636,43.343881189581175,66.48,17.527136623157602,17.4512106957599,6.190603707398948,30.835,8.048124480092962,8.036247213317262,0.895918348545491,14.24
2026-10-18 04:31:44,37.60684631875185,37.54867595302652,43.391074560527585,66.555,17.549939055059838,17.479177733085002,6.200731561614434,30.885,8.062362586103154,8.042643166712535,0.8971377998051729,14.26
2026-10-18 04:46:44,37.687797763219066,37.63341885430682,43.49722836556852,66.72,17.58943877468682,17.50996969227243,6.214694868074775,30.955,8.071992115060427,8.054677005097354,0.898561111084053,14.28
2026-10-18 05:01:44,37.687797763219066,37.63341885430682,43.49722836556852,66.72,17.58943877468682,17.50996969227243,6.214694868074775,30.955,8.071992115060427,8.054677005097354,0.898561111084053,14.28
2026-10-18 05:16:44,37.70331722422895,37.64438873506671,43.50654188120919,66.74,17.59831250117776,17.516013815625566,6.218157090270818,30.97,8.075322388671497,8.056017780461096,0.8989361451706741,14.285
2026-10-18 05:31:44,37.70331722422895,37.64438873506671,43.50654188120919,66.74,17.599236255224238,17.518119993116546,6.219624933542798,30.975,8.075322388671497,8.056017780461096,0.8989361451706741,14.285
2026-10-18 05:46:44,37.73411852676423,37.692370339948944,43.553172295268226,66.815,17.613493737018526,17.528449724076825,6.223182118888088,30.995,8.081323716208962,8.06026210125839,0.89957132666186,14.295
2026-10-18 06:01:44,37.73411852676423,37.692370339948944,43.553172295268226,66.815,17.613493737018526,17.528449724076825,6.223182118888088,30.995,8.081323716208962,8.06026210125839,0.89957132666186,14.295
2026-10-18 06:16:44,37.76952649352017,37.733457769036534,43.59283802146151,66.88,17.623765661662862,17.543233204001194,6.228013786909771,31.02,8.089763688325224,8.065756106165905,0.9004634001559694,14.305
2026-10-18 06:31:44,37.83436908039023,37.78182187669132,43.66321792199074,66.985,17.66610349931696,17.592303299837603,6.245332299740622,31.1,8.104124260330765,8.088183224602007,0.9023333291469477,14.34
2026-10-18 06:46:44,37.83436908039023,37.78182187669132,43.66321792199074,66.985,17.66610349931696,17.592303299837603,6.245332299740622,31.1,8.104124260330765,8.088183224602007,0.9023333291469477,14.34
2026-10-18 07:01:44,37.83436908039023,37.78182187669132,43.66321792199074,66.985,17.66610349931696,17.592303299837603,6.245332299740622,31.1,8.104124260330765,8.088183224602007,0.9023333291469477,14.34
2026-10-18 07:16:44,37.85691826203882,37.80156874207552,43.69528762805316,67.03,17.690239063284274,17.617357519692046,6.253131100237779,31.14,8.104124260330765,8.088183224602007,0.9023333291469477,14.34
2026-10-18 07:31:44,37.858066902392,37.804798105929436,43.69838934480572,67.035,17.690239063284274,17.617357519692046,6.253131100237779,31.14,8.104124260330765,8.088183224602007,0.9023333291469477,14.34
2026-10-18 07:46:44,37.858066902392,37.804798105929436,43.69838934480572,67.035,17.690239063284274,17.617357519692046,6.253131100237779,31.14,8.104124260330765,8.088183224602007,0.9023333291469477,14.34
2026-10-18 08:01:44,37.858066902392,37.804798105929436,43.69838934480572,67.035,17.690239063284274,17.617357519692046,6.253131100237779,31.14,8.104124260330765,8.088183224602007,0.9023333291469477,14.34
2026-10-18 08:16:44,37.858066902392,37.804798105929436,43.69838934480572,67.035,17.690239063284274,17.617357519692046,6.253131100237779,31.14,8.104124260330765,8.088183224602007,0.9023333291469477,14.34
2026-10-18 08:31:44,37.858066902392,37.804798105929436,43.69838934480572,67.035,17.690239063284274,17.617357519692046,6.253131100237779,31.14,8.104124260330765,8.088183224602007,0.9023333291469477,14.34
2026-10-18 08:46:44,37.858066902392,37.804798105929436,43.69838934480572,67.035,17.690239063284274,17.617357519692046,6.253131100237779,31.14,8.104124260330765,8.088183224602007,0.9023333291469477,14.34
2026-10-18 09:01:44,37.858066902392,37.804798105929436,43.69838934480572,67.035,17.690239063284274,17.617357519692046,6.253131100237779,31.14,8.104124260330765,8.088183224602007,0.9023333291469477,14.34
2026-10-18 09:16:44,37.879323032441775,37.831267001587015,43.720370606307924,67.075,17.710853766368857,17.63552814230272,6.260636356259789,31.175,8.117119952503796,8.100607412394758,0.9038909941986717,14.36
2026-10-18 09:31:44,37.91664101991752,37.85523905553789,43.75693800803495,67.135,17.72870535576658,17.65189490405231,6.267414243728544,31.21,8.134647993768825,8.120783460358298,0.9055727896923935,14.395
2026-10-18 09:46:44,37.91771890521416,37.858048859972776,43.76184178242455,67.14,17.72870535576658,17.65189490405231,6.267414243728544,31.21,8.134647993768825,8.120783460358298,0.9055727896923935,14.395
2026-10-18 10:01:44,37.91771890521416,37.858048859972776,43.76184178242455,67.14,17.72870535576658,17.65189490405231,6.267414243728544,31.21,8.134647993768825,8.120783460358298,0.9055727896923935,14.395
2026-10-18 10:16:44,37.91771890521416,37.858048859972776,43.76184178242455,67.14,17.72870535576658,17.65189490405231,6.267414243728544,31.21,8.134647993768825,8.120783460358298,0.9055727896923935,14.395
2026-10-18 10:31:44,37.91771890521416,37.858048859972776,43.76184178242455,67.14,17.72870535576658,17.65189490405231,6.267414243728544,31.21,8.134647993768825,8.120783460358298,0.9055727896923935,14.395
2026-10-18 10:46:44,37.91771890521416,37.858048859972776,43.76184178242455,67.14,17.72870535576658,17.65189490405231,6.267414243728544,31.21,8.134647993768825,8.120783460358298,0.9055727896923935,14.395
2026-10-18 11:01:44,37.91771890521416,37.858048859972776,43.76184178242455,67.14,17.72870535576658,17.65189490405231,6.267414243728544,31.21,8.134647993768825,8.120783460358298,0.9055727896923935,14.395
2026-10-18 11:16:44,37.93055338600677,37.87929802173267,43.78299414205683,67.17,17.733376803351042,17.660434663478938,6.2689617045951485,31.22,8.143458868393937,8.126363255706556,0.9063528375863925,14.405
2026-10-18 11:31:44,37.93055338600677,37.87929802173267,43.78299414205683,67.17,17.733376803351042,17.660434663478938,6.2689617045951485,31.22,8.143458868393937,8.126363255706556,0.9063528375863925,14.405
2026-10-18 11:46:44,37.990713964779566,37.940753443574884,43.84900527901845,67.275,17.75637822146789,17.687276908140653,6.278233881118994,31.27,8.147336957068136,8.129814711160343,0.9067667327555536,14.41
2026-10-18 12:01:44,38.034357776949925,37.98666575554563,43.902840600806094,67.36,17.763439714115,17.693439386437113,6.2804304468309695,31.28,8.147336957068136,8.129814711160343,0.9067667327555536,14.41
2026-10-18 12:16:44,38.0673086189694,38.01754682398654,43.94227297570353,67.42,17.763439714115,17.693439386437113,6.2804304468309695,31.28,8.150071245213987,8.134216787547365,0.9073298003797358,14.42
2026-10-18 12:31:44,38.09237281252648,38.045664554305155,43.9690589177626,67.465,17.771578722131398,17.70203243588508,6.28321657722577,31.295,8.150071245213987,8.134216787547365,0.9073298003797358,14.42
2026-10-18 12:46:44,38.11137320586304,38.066666778747894,43.990644113391795,67.5,17.784114980166216,17.713171702396693,6.2872351078857385,31.315,8.161284561357006,8.143601828753223,0.9086609523038804,14.44
2026-10-18 13:01:44,38.123561369778095,38.081739056363645,44.00578074777733,67.525,17.78819365502245,17.72169774763369,6.289961323434412,31.33,8.169238310064982,8.151063085923775,0.909655215078902,14.455
2026-10-18 13:16:44,38.13796005156233,38.09729299887717,44.02230870801105,67.55,17.797420314772094,17.72632955854638,6.291918825976637,31.34,8.172814983677512,8.15510072222185,0.9101160969964811,14.46
2026-10-18 13:31:44,38.160035842828314,38.12010848051505,44.04554256806508,67.585,17.803320236036456,17.73280932965976,6.294078157564265,31.35,8.17629444317944,8.156954695131073,0.9102468617293815,14.465
2026-10-18 13:46:44,38.17508660408688,38.13006082502101,44.06101766092822,67.61,17.80995018718161,17.74466334787039,6.296817145602,31.365,8.17629444317944,8.156954695131073,0.9102468617293815,14.465
2026-10-18 14:01:44,38.19333261710073,38.14458416918811,44.07906729387723,67.635,17.81296071474993,17.750083446283348,6.298879124704582,31.375,8.178368705421933,8.160838434700263,0.9105907301385242,14.47
2026-10-18 14:16:44,38.20751418929172,38.157060025220005,44.0935030589905,67.655,17.81296071474993,17.750083446283348,6.298879124704582,31.375,8.178368705421933,8.160838434700263,0.9105907301385242,14.47
2026-10-18 14:31:44,38.22615917132219,38.173326653996426,44.109397342230636,67.68,17.81296071474993,17.750083446283348,6.298879124704582,31.375,8.180107845267807,8.163291735782426,0.910893606514561,14.475
2026-10-18 14:46:44,38.2529880547972,38.19350045398344,44.1390135280446,67.72,17.815655005828837,17.754863644647827,6.29960424108151,31.38,8.181146051138784,8.166195436126367,0.911367353762542,14.48
2026-10-18 15:01:44,38.261067692933366,38.20355952659329,44.148885864043876,67.74,17.8193163178446,17.759908933606557,6.302268428754221,31.39,8.18490191064657,8.175184352958864,0.9116777712026815,14.49
2026-10-18 15:16:44,38.29164268584101,38.230841818551255,44.17536661270945,67.785,17.8335401983597,17.77344605309241,6.307908185312429,31.42,8.192095358646661,8.178811131649766,0.9121135211810606,14.5
2026-10-18 15:31:44,38.329111462923045,38.27730464396695,44.22388245725243,67.855,17.840205328902748,17.78080343998995,6.3104519071543,31.435,8.192095358646661,8.178811131649766,0.9121135211810606,14.5
2026-10-18 15:46:44,38.342686929999715,38.28475236636085,44.23880669909976,67.88,17.845449723267716,17.78861505857593,6.312451495770538,31.445,8.200611349372538,8.186886309263912,0.9128542889615066,14.51
2026-10-18 16:01:44,38.36904036719916,38.3130272780179,44.27444861331347,67.93,17.853791933551477,17.799990638726342,6.316765331159609,31.465,8.201533135409399,8.188834084778257,0.9131419139582747,14.515
2026-10-18 16:16:44,38.39377209428545,38.338103630312844,44.30222147800553,67.97,17.853791933551477,17.799990638726342,6.316765331159609,31.465,8.203964681176789,8.190551290300002,0.9133370483948299,14.52
2026-10-18 16:31:44,38.41569442949029,38.37044399468992,44.33314591160769,68.02,17.856991453916155,17.805789047903854,6.3191872481640115,31.475,8.208993438854327,8.195600005105566,0.9140447328270916,14.53
2026-10-18 16:46:44,38.44544134300763,38.395776061081804,44.35584625263877,68.06,17.873271453748714,17.8222928842282,6.323676029642191,31.495,8.208993438854327,8.195600005105566,0.9140447328270916,14.53
2026-10-18 17:01:44,38.48875880837005,38.44259760232512,44.4075113171539,68.145,17.887314726218356,17.837816527193723,6.329364237701219,31.52,8.212802800864152,8.197622284421703,0.9144416666178771,14.535
2026-10-18 17:16:44,38.52390564212891,38.48064452179456,44.452388809280656,68.215,17.89439487674877,17.850715518826462,6.333201993880454,31.54,8.215156718416656,8.201829651115144,0.9146315248669901,14.54
2026-10-18 17:31:44,38.55288502726744,38.506228251962426,44.47834980762454,68.26,17.900329987569236,17.860035804619944,6.336536000476206,31.555,8.22017958617486,8.20738140959171,0.9152356161561165,14.55
2026-10-18 17:46:44,38.59765348822876,38.54315874514654,44.522326081842046,68.33,17.905712351002958,17.86461704653627,6.337932488619119,31.565,8.22860454590969,8.217748683456218,0.916438360038192,14.57
2026-10-18 18:01:44,38.63097896491106,38.580345149722724,44.56168124652693,68.39,17.922742530620162,17.884946978885658,6.345768938846265,31.605,8.237815451281001,8.224227163539787,0.9171573118205607,14.58
2026-10-18 18:16:44,38.65123117613762,38.60992313941316,44.59080927395056,68.44,17.937762053195858,17.894514379434007,6.349799578993834,31.625,8.241107997968108,8.226010348617699,0.9173482508035182,14.585
2026-10-18 18:31:44,38.70076338122515,38.66084602136974,44.64970900701207,68.525,17.981895708386364,17.932605688985596,6.365473022464206,31.695,8.253510002631861,8.239532226959678,0.9184096542555888,14.605
2026-10-18 18:46:44,38.7615374995887,38.70997913870125,44.708197204136006,68.625,17.992537130900857,17.943868705170345,6.370292796796937,31.72,8.262629791828875,8.252707669038356,0.9198176129377706,14.625
2026-10-18 19:01:44,38.7976371816739,38.747201653514914,44.74628865332805,68.69,18.008785579757344,17.975380920055834,6.380937649288851,31.765,8.272441612683737,8.260882720863032,0.920356678795396,14.64
2026-10-18 19:16:44,38.90372360428686,38.843459769393185,44.86321792477863,68.865,18.05809926812255,18.022873670208103,6.396029335596576,31.855,8.28066972512265,8.275850755897032,0.9217721153585555,14.66
2026-10-18 19:31:44,38.977064133680386,38.90942618951634,44.94825238582957,68.985,18.096884306371315,18.057669596727855,6.407016515460026,31.915,8.297021614366983,8.288218372988469,0.9229714727878006,14.68
2026-10-18 19:46:44,39.1046144666588,39.03255047830343,45.081150912474136,69.2,18.168647769608828,18.11636145750638,6.434420316782284,32.045,8.330531798215228,8.31151150914208,0.926164375678063,14.73
2026-10-18 20:01:44,39.20992775564955,39.11989239108031,45.19074013193404,69.37,18.20568158570755,18.15406369851167,6.446254647403513,32.1,8.354774168727628,8.328834334783727,0.9285860760839671,14.765
2026-10-18 20:16:44,39.28302006366289,39.19670969118896,45.276766840610605,69.5,18.241813343089913,18.188682028011513,6.459713785795153,32.175,8.36804392076432,8.342159235226715,0.9297913459213577,14.785
2026-10-18 20:31:44,39.32971611261228,39.24922750098539,45.330632643619666,69.59,18.265572628660838,18.21313759387695,6.4686955153239145,32.22,8.382233817028252,8.356870473101948,0.9314212069674326,14.81
2026-10-18 20:46:44,39.41323592121007,39.35234483900474,45.43461020907222,69.75,18.309058961414948,18.254604899289216,6.48194392330894,32.28,8.399336269503225,8.373887706847047,0.932895073972075,14.84
2026-10-18 21:01:44,39.51213454153188,39.446528520931025,45.55737316344772,69.93,18.34794205737442,18.29210587090864,6.493436280428166,32.335,8.419472099133387,8.395474403602803,0.934715249697761,14.875
2026-10-18 21:16:44,39.595445031207625,39.52699386112146,45.65482899907915,70.075,18.367734247984835,18.312949359337743,6.5002142019426685,32.365,8.421407066806093,8.399370297234515,0.9349792540504966,14.88
2026-10-18 21:31:44,39.64897515013809,39.5920526932913,45.729339043030016,70.19,18.405830920744688,18.359924472013823,6.515849666164916,32.445,8.444003792019075,8.419907460770146,0.9370187086945475,14.92
2026-10-18 21:46:44,39.729442463894635,39.67500538895073,45.82226453508375,70.345,18.426170157943105,18.383076644751462,6.522933671201287,32.485,8.457153306839594,8.438068414574973,0.938834683441785,14.945
2026-10-18 22:01:44,39.754873612910515,39.69299467806425,45.84553553077362,70.385,18.445922071268146,18.399449900496727,6.528534552683298,32.515,8.457153306839594,8.438068414574973,0.938834683441785,14.945
2026-10-18 22:16:44,39.82009034946076,39.76231958048336,45.91692211855562,70.495,18.4829650595531,18.44085980318738,6.542452428045782,32.58,8.468171340941927,8.448785619979075,0.9398064664819752,14.965
2026-10-18 22:31:44,39.86181130505667,39.79703449852898,45.95917403133594,70.565,18.50810616543347,18.463751521400678,6.550503355089731,32.615,8.480938218631785,8.459118584712453,0.9410844141644135,14.985
2026-10-18 22:46:44,39.87976136622712,39.81342763830939,45.98429668148298,70.6,18.52132547497947,18.483975320960944,6.5567083035252365,32.645,8.488352046323474,8.469034503877857,0.9421465934362871,15.0
2026-10-18 23:01:44,39.91814576051759,39.864251412257744,46.04169342912992,70.68,18.54226097095019,18.507151843508698,6.564812623348526,32.685,8.49099635067857,8.470450231549808,0.9425160491946315,15.005
2026-10-18 23:16:44,39.95164088931182,39.904854185726464,46.09317008657022,70.75,18.57001890069707,18.53048589869493,6.57346896127691,32.735,8.502679873482391,8.478582202967548,0.9436800347099793,15.03
2026-10-18 23:31:44,40.00003881510309,39.95050466381396,46.14612859019823,70.835,18.592083985935364,18.55021925298006,6.582016920822041,32.77,8.507139690732277,8.4851507166938,0.944464878565145,15.045
2026-10-18 23:46:44,40.069283735502985,40.02245485566883,46.22728214516143,70.95,18.64655967107149,18.611284576006625,6.604439038813735,32.88,8.533752772026334,8.51473649951385,0.9476192181737125,15.095
2026-10-19 00:01:44,40.13512216870953,40.10282524150404,46.31381630785795,71.075,18.69236316519835,18.648855840511253,6.6193457825552535,32.955,8.550976658809077,8.52976445344815,0.9486851655137655,15.12
2026-10-19 00:16:44,40.17079678465187,40.148213293678126,46.363431330546476,71.15,18.712070891774445,18.6743547079254,6.627345933212139,32.99,8.550976658809077,8.52976445344815,0.9486851655137655,15.12
2026-10-19 00:31:44,40.23940099721611,40.211713281161316,46.43185160368902,71.27,18.762764841828364,18.72790966368283,6.647369031599165,33.08,8.568146493760851,8.5481056528566,0.9505051053337845,15.15
2026-10-19 00:46:44,40.29476923504607,40.27486100137639,46.50800872899224,71.38,18.799609906898826,18.756052076841208,6.66141301064598,33.145,8.572605554102266,8.5527605842789,0.9511930876903428,15.16
2026-10-19 01:01:44,40.29476923504607,40.27486100137639,46.50800872899224,71.38,18.799609906898826,18.756052076841208,6.66141301064598,33.145,8.572605554102266,8.5527605842789,0.9511930876903428,15.16
2026-10-19 01:16:44,40.33859643080594,40.32225747923829,46.56435448323392,71.47,18.81583046030708,18.776627158925187,6.668192234956827,33.175,8.578644669553574,8.559062184611097,0.9515422612645283,15.17
2026-10-19 01:31:44,40.38467156969396,40.361193304195346,46.60728347045395,71.54,18.841522460591104,18.79735589978571,6.676367739012925,33.215,8.596245102770848,8.573857315255445,0.9535612055457573,15.2
2026-10-19 01:46:44,40.44939252422239,40.43712471406991,46.6860546685069,71.665,18.893057124324578,18.84368600238271,6.692959461796499,33.3,8.61308513130367,8.59327351198861,0.9553605184255293,15.23
2026-10-19 02:01:44,40.44939252422239,40.43712471406991,46.6860546685069,71.665,18.893057124324578,18.84368600238271,6.692959461796499,33.3,8.61308513130367,8.59327351198861,0.9553605184255293,15.23
2026-10-19 02:16:44,40.44939252422239,40.43712471406991,46.6860546685069,71.665,18.893057124324578,18.84368600238271,6.692959461796499,33.3,8.61308513130367,8.59327351198861,0.9553605184255293,15.23
2026-10-19 02:31:44,40.44939252422239,40.43712471406991,46.6860546685069,71.665,18.8940698147758,18.84804194561227,6.694125962358708,33.305,8.61308513130367,8.59327351198861,0.9553605184255293,15.23
2026-10-19 02:46:44,40.44939252422239,40.43712471406991,46.6860546685069,71.665,18.8940698147758,18.84804194561227,6.694125962358708,33.305,8.61308513130367,8.59327351198861,0.9553605184255293,15.23
2026-10-19 03:01:44,40.45173703156232,40.4411554366485,46.69044892663243,71.67,18.8940698147758,18.84804194561227,6.694125962358708,33.305,8.61308513130367,8.59327351198861,0.9553605184255293,15.23
2026-10-19 03:16:44,40.45173703156232,40.4411554366485,46.69044892663243,71.67,18.8940698147758,18.84804194561227,6.694125962358708,33.305,8.61308513130367,8.59327351198861,0.9553605184255293,15.23
2026-10-19 03:31:44,40.45173703156232,40.4411554366485,46.69044892663243,71.67,18.8940698147758,18.84804194561227,6.694125962358708,33.305,8.61308513130367,8.59327351198861,0.9553605184255293,15.23
2026-10-19 03:46:44,40.45173703156232,40.4411554366485,46.69044892663243,71.67,18.8940698147758,18.84804194561227,6.694125962358708,33.305,8.61308513130367,8.59327351198861,0.9553605184255293,15.23
2026-10-19 04:01:44,40.519600552263654,40.50312885695777,46.76984049837009,71.79,18.90243248053878,18.85246596784886,6.695756593387481,33.315,8.62046718947082,8.607240593932216,0.957001450550628,15.255
2026-10-19 04:16:44,40.594722220405146,40.58944159185234,46.851351774551624,71.915,18.92402465717069,18.871551265775917,6.703443758673929,33.355,8.653367608753301,8.632012219353156,0.9600065965876456,15.305
2026-10-19 04:31:44,40.67433005958125,40.67839433927351,46.949706485355144,72.065,18.97483759071468,18.91179066357907,6.719829311000735,33.435,8.672753714656201,8.659552066784517,0.9622374371835423,15.34
2026-10-19 04:46:44,40.766190734808795,40.76206468084102,47.04872851671821,72.2,19.02330474660822,18.95905895717212,6.735523721141362,33.515,8.705782964486223,8.696329512956993,0.9663798023650003,15.4
2026-10-19 05:01:44,40.84371404896013,40.83277872986981,47.12924700957728,72.32,19.05291683658661,18.989921569367183,6.748631690839575,33.575,8.728985771828253,8.716780278071523,0.9686469266409423,15.445
2026-10-19 05:16:44,40.90521453343831,40.90168042676436,47.20200259616242,72.44,19.093608376337542,19.029114551405808,6.762866063680368,33.655,8.746788693067561,8.7420582259538,0.9715532867822846,15.49
2026-10-19 05:31:44,40.97849508581411,40.97967348970967,47.29054228069312,72.58,19.11806004038181,19.053497765365954,6.7721506752542675,33.7,8.773043746727824,8.76346313686257,0.973982225279358,15.53
2026-10-19 05:46:44,40.97849508581411,40.97967348970967,47.29054228069312,72.58,19.11806004038181,19.053497765365954,6.7721506752542675,33.7,8.773043746727824,8.76346313686257,0.973982225279358,15.53
2026-10-19 06:01:44,40.97849508581411,40.97967348970967,47.29054228069312,72.58,19.11806004038181,19.053497765365954,6.7721506752542675,33.7,8.773043746727824,8.76346313686257,0.973982225279358,15.53
2026-10-19 06:16:44,40.9810348412009,40.981670442641295,47.293470538654745,72.585,19.11806004038181,19.053497765365954,6.7721506752542675,33.7,8.773043746727824,8.76346313686257,0.973982225279358,15.53
2026-10-19 06:31:44,40.9810348412009,40.981670442641295,47.293470538654745,72.585,19.11806004038181,19.053497765365954,6.7721506752542675,33.7,8.773043746727824,8.76346313686257,0.973982225279358,15.53
2026-10-19 06:46:44,40.9810348412009,40.981670442641295,47.293470538654745,72.585,19.11806004038181,19.053497765365954,6.7721506752542675,33.7,8.773043746727824,8.76346313686257,0.973982225279358,15.53
2026-10-19 07:01:44,40.9810348412009,40.981670442641295,47.293470538654745,72.585,19.120323379953305,19.05529070282173,6.773353850549372,33.705,8.773043746727824,8.76346313686257,0.973982225279358,15.53
2026-10-19 07:16:44,40.9810348412009,40.981670442641295,47.293470538654745,72.585,19.120323379953305,19.05529070282173,6.773353850549372,33.705,8.775230648587776,8.764403860823732,0.9743803138577412,15.535
2026-10-19 07:31:44,40.9810348412009,40.981670442641295,47.293470538654745,72.585,19.120323379953305,19.05529070282173,6.773353850549372,33.705,8.775230648587776,8.764403860823732,0.9743803138577412,15.535
2026-10-19 07:46:44,40.9810348412009,40.981670442641295,47.293470538654745,72.585,19.120323379953305,19.05529070282173,6.773353850549372,33.705,8.776804406944114,8.768348376282061,0.9745106413260729,15.54
2026-10-19 08:01:44,40.9810348412009,40.981670442641295,47.293470538654745,72.585,19.120323379953305,19.05529070282173,6.773353850549372,33.705,8.776804406944114,8.768348376282061,0.9745106413260729,15.54
2026-10-19 08:16:44,40.9810348412009,40.981670442641295,47.293470538654745,72.585,19.120323379953305,19.05529070282173,6.773353850549372,33.705,8.776804406944114,8.768348376282061,0.9745106413260729,15.54
2026-10-19 08:31:44,40.98449035526385,40.986558886556054,47.29606456430848,72.59,19.120323379953305,19.05529070282173,6.773353850549372,33.705,8.776804406944114,8.768348376282061,0.9745106413260729,15.54
2026-10-19 08:46:44,40.98449035526385,40.986558886556054,47.29606456430848,72.59,19.12310113548893,19.059228387409885,6.774143395899825,33.71,8.777520942109192,8.771044868345163,0.9746962165737317,15.545
2026-10-19 09:01:44,40.98786594376763,40.98836141555622,47.30010583145089,72.595,19.12310113548893,19.059228387409885,6.774143395899825,33.71,8.777520942109192,8.771044868345163,0.9746962165737317,15.545
2026-10-19 09:16:44,40.98786594376763,40.98836141555622,47.30010583145089,72.595,19.12310113548893,19.059228387409885,6.774143395899825,33.71,8.777520942109192,8.771044868345163,0.9746962165737317,15.545
2026-10-19 09:31:44,40.98786594376763,40.98836141555622,47.30010583145089,72.595,19.12310113548893,19.059228387409885,6.774143395899825,33.71,8.777520942109192,8.771044868345163,0.9746962165737317,15.545
2026-10-19 09:46:44,41.073921678818564,41.0747135568437,47.40092155013196,72.74,19.17397962358729,19.11170554506268,6.788195422930101,33.785,8.7893157014808,8.782921777919581,0.976055775117344,15.565
2026-10-19 10:01:44,41.073921678818564,41.0747135568437,47.40092155013196,72.74,19.17569418672945,19.113616072287236,6.789474165634839,33.79,8.792429220320091,8.785981685357143,0.9763548778141462,15.57
2026-10-19 10:16:44,41.07655873936832,41.07790657609868,47.403646876972736,72.745,19.17569418672945,19.113616072287236,6.789474165634839,33.79,8.792429220320091,8.785981685357143,0.9763548778141462,15.57
2026-10-19 10:31:44,41.07655873936832,41.07790657609868,47.403646876972736,72.745,19.17569418672945,19.113616072287236,6.789474165634839,33.79,8.792429220320091,8.785981685357143,0.9763548778141462,15.57
2026-10-19 10:46:44,41.07655873936832,41.07790657609868,47.403646876972736,72.745,19.17569418672945,19.113616072287236,6.789474165634839,33.79,8.792429220320091,8.785981685357143,0.9763548778141462,15.57
2026-10-19 11:01:44,41.07655873936832,41.07790657609868,47.403646876972736,72.745,19.17569418672945,19.113616072287236,6.789474165634839,33.79,8.79482033482649,8.790619336097535,0.9765367945728841,15.575
2026-10-19 11:16:44,41.07655873936832,41.07790657609868,47.403646876972736,72.745,19.17569418672945,19.113616072287236,6.789474165634839,33.79,8.79482033482649,8.790619336097535,0.9765367945728841,15.575
2026-10-19 11:31:44,41.084785947790735,41.0903900749409,47.41664154213688,72.765,19.17569418672945,19.113616072287236,6.789474165634839,33.79,8.79482033482649,8.790619336097535,0.9765367945728841,15.575
2026-10-19 11:46:44,41.084785947790735,41.0903900749409,47.41664154213688,72.765,19.17569418672945,19.113616072287236,6.789474165634839,33.79,8.79482033482649,8.790619336097535,0.9765367945728841,15.575
2026-10-19 12:01:44,41.084785947790735,41.0903900749409,47.41664154213688,72.765,19.17569418672945,19.113616072287236,6.789474165634839,33.79,8.79482033482649,8.790619336097535,0.9765367945728841,15.575
2026-10-19 12:16:44,41.084785947790735,41.0903900749409,47.41664154213688,72.765,19.17569418672945,19.113616072287236,6.789474165634839,33.79,8.79482033482649,8.790619336097535,0.9765367945728841,15.575
2026-10-19 12:31:44,41.09068627530336,41.09546499001782,47.425779834053166,72.78,19.185038136159363,19.11700474883327,6.791861366259417,33.805,8.795543667173247,8.79296756558163,0.9769332596910275,15.58
2026-10-19 12:46:44,41.093718117268295,41.1045065253679,47.436405479222365,72.795,19.185038136159363,19.11700474883327,6.791861366259417,33.805,8.800349554282755,8.795985614418097,0.9774078480511638,15.585
2026-10-19 13:01:44,41.10927179690594,41.11445515554692,47.45513656039505,72.82,19.189862211324794,19.119424010741,6.792795418296416,33.81,8.800349554282755,8.795985614418097,0.9774078480511638,15.585
2026-10-19 13:16:44,41.126548876162474,41.138021389851225,47.482619684707764,72.86,19.197709775581693,19.12751491508091,6.795270030083858,33.825,8.801439362697542,8.799047939237807,0.9777868474921643,15.59
2026-10-19 13:31:44,41.13081495589755,41.142603715705526,47.485947474541824,72.865,19.197709775581693,19.12751491508091,6.795270030083858,33.825,8.801439362697542,8.799047939237807,0.9777868474921643,15.59
2026-10-19 13:46:44,41.139849365153935,41.14913191146404,47.4959383972669,72.88,19.20720303342805,19.133662414712212,6.797900533517486,33.84,8.802452070513569,8.800764497286064,0.9780334664091552,15.595
2026-10-19 14:01:44,41.139849365153935,41.14913191146404,47.4959383972669,72.88,19.21072398333627,19.135880749426345,6.7987562326615905,33.845,8.802452070513569,8.800764497286064,0.9780334664091552,15.595
2026-10-19 14:16:44,41.14179802209652,41.15088931926176,47.49779554957979,72.885,19.211682443613125,19.138729619183778,6.799833521948164,33.85,8.802452070513569,8.800764497286064,0.9780334664091552,15.595
2026-10-19 14:31:44,41.17793399548889,41.18580141159225,47.53054774345104,72.945,19.21533821498889,19.14245788416931,6.8019920005844705,33.86,8.802452070513569,8.800764497286064,0.9780334664091552,15.595
2026-10-19 14:46:44,41.1965660718572,41.20594628843364,47.55703496596048,72.99,19.233296951002345,19.15999475033554,6.809263176003954,33.89,8.80574813236036,8.803346983742346,0.9784349294493819,15.6
2026-10-19 15:01:44,41.22655195321538,41.231249141054356,47.58786299129341,73.04,19.247234014078874,19.172354442075214,6.812790785899134,33.91,8.80574813236036,8.803346983742346,0.9784349294493819,15.6
2026-10-19 15:16:44,41.25659091000644,41.26575976055314,47.616865949165664,73.09,19.25293507889376,19.175457047963526,6.815305939962219,33.92,8.812524238103308,8.80875766522953,0.9790459192059456,15.61
2026-10-19 15:31:44,41.26533392671757,41.272002604640406,47.62405135892676,73.1,19.254358609388145,19.17700809847787,6.8167440559629275,33.925,8.812524238103308,8.80875766522953,0.9790459192059456,15.61
2026-10-19 15:46:44,41.290452464127775,41.307221422293566,47.65430157658788,73.15,19.26347440904723,19.181230974703553,6.8198901704688035,33.94,8.812524238103308,8.80875766522953,0.9790459192059456,15.61
2026-10-19 16:01:44,41.31257813007094,41.32541403994581,47.68171100454986,73.19,19.279095640495303,19.194722922217217,6.824419524881892,33.965,8.816086205668139,8.812494381537674,0.9792145049469417,15.615
2026-10-19 16:16:44,41.33949524570662,41.351153991159094,47.71333215321166,73.235,19.286717746661612,19.203863367218965,6.826856043279947,33.98,8.821576569330258,8.8151549503861,0.9799827278108608,15.625
2026-10-19 16:31:44,41.375385289863445,41.379981999262675,47.754397839124046,73.295,19.295949461269206,19.211788765405867,6.8295208218859536,33.995,8.826712893901254,8.819156802624107,0.9806366475773924,15.635
2026-10-19 16:46:44,41.383727500164085,41.39173614494273,47.76522861484222,73.31,19.29887318909536,19.213035054424303,6.830619335078871,34.0,8.826712893901254,8.819156802624107,0.9806366475773924,15.635
2026-10-19 17:01:44,41.383727500164085,41.39173614494273,47.76522861484222,73.31,19.29887318909536,19.213035054424303,6.830619335078871,34.0,8.826712893901254,8.819156802624107,0.9806366475773924,15.635
2026-10-19 17:16:44,41.383727500164085,41.39173614494273,47.76522861484222,73.31,19.29887318909536,19.213035054424303,6.830619335078871,34.0,8.826712893901254,8.819156802624107,0.9806366475773924,15.635
2026-10-19 17:31:44,41.38837638063341,41.39803731755707,47.77795840408815,73.325,19.301250009163024,19.218586155259885,6.832368456563947,34.01,8.826712893901254,8.819156802624107,0.9806366475773924,15.635
2026-10-19 17:46:44,41.4108336990706,41.413989012068086,47.80261816830681,73.36,19.310974361466396,19.225391781506858,6.835867540011951,34.025,8.826712893901254,8.819156802624107,0.9806366475773924,15.635
2026-10-19 18:01:44,41.4154030395934,41.418879787772326,47.804755724938666,73.365,19.310974361466396,19.225391781506858,6.835867540011951,34.025,8.826712893901254,8.819156802624107,0.9806366475773924,15.635
2026-10-19 18:16:44,41.42292055978821,41.42445222010257,47.811189720413594,73.38,19.31418618325522,19.227534494877478,6.837137700861516,34.03,8.827454685626682,8.823326334411208,0.9810916388943738,15.64
2026-10-19 18:31:44,41.4549093087207,41.44855553826199,47.85095825416679,73.43,19.32613188576129,19.241446774819625,6.841936531148672,34.055,8.827454685626682,8.823326334411208,0.9810916388943738,15.64
2026-10-19 18:46:44,41.46162509225794,41.45191656506055,47.85974539252316,73.445,19.327504621394592,19.243104495627296,6.84322217593743,34.06,8.830333121699777,8.826400240187745,0.9813746098273308,15.645
2026-10-19 19:01:44,41.4980790026772,41.48218141777007,47.897632027178894,73.5,19.340066490637984,19.261021666482474,6.849335224344515,34.09,8.8365357724447,8.833253277707096,0.9819963531360189,15.655
2026-10-19 19:16:44,41.55740785653412,41.55176420386043,47.984722292969906,73.62,19.36727540668906,19.292433615136556,6.859362472846261,34.145,8.841724166583951,8.84036622197038,0.9823795777563415,15.665
2026-10-19 19:31:44,41.599923766481766,41.58582984435656,48.02018746125114,73.685,19.3915995128564,19.31667611189635,6.8685637903934165,34.19,8.842403684915256,8.844523572949273,0.9825944137409297,15.67
2026-10-19 19:46:44,41.64370105335122,41.63004319377009,48.087007139137974,73.775,19.401937935899873,19.325479424311666,6.871618797622867,34.205,8.854010973241698,8.852204018170893,0.9834696582907557,15.685
2026-10-19 20:01:44,41.66474283889063,41.6515112385909,48.11413874995756,73.81,19.41497379325101,19.34160057510415,6.876847098147054,34.23,8.858243437672934,8.859729373601828,0.9842910858938769,15.695
2026-10-19 20:16:44,41.70313776874285,41.694468211255646,48.16519340761842,73.885,19.43394494551878,19.3515923247346,6.8806618156844435,34.255,8.862979270842864,8.862745335401224,0.98487566357859,15.705
2026-10-19 20:31:44,41.71034554263107,41.70319966451146,48.1743038171969,73.9,19.446257714379378,19.372389584387836,6.8855955855712985,34.28,8.863939376011906,8.863519500187483,0.9851010294913295,15.71
2026-10-19 20:46:44,41.777278450026046,41.769932574433966,48.25222906100934,74.015,19.454149737198126,19.3792229987425,6.888408347542682,34.295,8.864724204195477,8.86800862279515,0.9853592516412543,15.715
2026-10-19 21:01:44,41.83990492990329,41.83435340070219,48.334891228005176,74.135,19.468474082797922,19.391617410326575,6.892335431275451,34.315,8.874457089506782,8.880736992498582,0.9864088270852782,15.735
2026-10-19 21:16:44,41.89125850525727,41.87080998068482,48.4018552406924,74.225,19.491914026349903,19.416450247851706,6.898704334020764,34.35,8.87774858017752,8.888582798544551,0.987234670243888,15.745
2026-10-19 21:31:44,42.0333582209537,42.02525345570481,48.57644245376963,74.485,19.55787121155927,19.487136296929783,6.926022463112245,34.485,8.925392639990678,8.940715775200879,0.9927084734761871,15.835
2026-10-19 21:46:44,42.102921529852104,42.09787100063202,48.66049737358113,74.6,19.59912912048424,19.538418417789064,6.940695904022337,34.56,8.942312031510161,8.950764243753103,0.9936680760496668,15.86
2026-10-19 22:01:44,42.21635776493827,42.222445999044844,48.80030683913017,74.815,19.654521549453477,19.592522094948933,6.9601849872313934,34.655,8.98375451334201,8.980772097493057,0.9973637461606837,15.925
2026-10-19 22:16:44,42.22889297774263,42.23840524784502,48.812362567449526,74.84,19.66926329724692,19.605963829602302,6.967157374665024,34.685,8.996271276556458,8.9922299227822,0.9989198518096827,15.95
2026-10-19 22:31:44,42.26025724059643,42.27514347243508,48.85311609724637,74.905,19.689369710593603,19.637652260493123,6.976470419977648,34.735,9.0232775580001,9.012888553730757,1.0021644919706316,15.995
2026-10-19 22:46:44,42.272704293941054,42.29026937245,48.87371272041947,74.935,19.69101696899012,19.640790310285826,6.976982063699137,34.74,9.024727156512897,9.016197642118254,1.0026308945112474,16.0
2026-10-19 23:01:44,42.27616212138156,42.2969981487,48.88051716152626,74.945,19.70319362570454,19.645557859147914,6.978954663095379,34.755,9.03007876158889,9.024251482496515,1.0036069974839747,16.015
2026-10-19 23:16:44,42.28030696942044,42.30119877192313,48.88509870511059,74.955,19.710696147312994,19.655134080721968,6.9818721368593115,34.77,9.033932078034752,9.029692960944505,1.004528560610166,16.025
2026-10-19 23:31:44,42.31886442758549,42.33906733704955,48.93477315728559,75.03,19.745857991320314,19.68181195142733,6.9919922872327485,34.825,9.048022622874944,9.040317290226982,1.005441616394338,16.045
2026-10-19 23:46:44,42.373938195626096,42.405055607336614,49.00274334932808,75.14,19.767528751350078,19.70455220915336,6.999802208461776,34.87,9.058543831845904,9.050185848829939,1.0063083813419662,16.065
2026-10-20 00:01:44,42.43078219876704,42.46364925264689,49.06090403585224,75.235,19.791315383244083,19.727066046050815,7.009033084579491,34.915,9.07816564430878,9.069402434291941,1.0089688075641519,16.1
2026-10-20 00:16:44,42.52506166037745,42.54736854362996,49.167423375552005,75.385,19.81698023985318,19.754029312203148,7.019776392095048,34.965,9.088174665508696,9.078040418411138,1.0101690766318656,16.115
2026-10-20 00:31:44,42.56822636644637,42.600481131814746,49.22958638268501,75.475,19.83025686941498,19.76238740869082,7.025120816096993,34.985,9.098376718361463,9.088309969996939,1.0108894948227496,16.13
2026-10-20 00:46:44,42.59746745408964,42.64011449032123,49.27142730815672,75.54,19.839000975815836,19.770371329593196,7.027604953313152,35.0,9.105770116247477,9.095026972762723,1.0121099890166871,16.145
2026-10-20 01:01:44,42.62090611323745,42.6629332977294,49.299274141253264,75.58,19.85021853633088,19.78782554362745,7.032349569215835,35.02,9.109437837620538,9.097950906839227,1.0123902219974021,16.15
2026-10-20 01:16:44,42.62964102643241,42.673069373108056,49.30990060059248,75.595,19.85105932349878,19.79020776621847,7.033182659026357,35.025,9.112963189392199,9.102519562288647,1.0127221801588449,16.155
2026-10-20 01:31:44,42.64324168092163,42.67815069289616,49.31909529377964,75.61,19.859946450517704,19.796389892561244,7.034536042185695,35.035,9.116807811780998,9.10692800148433,1.0134134501938374,16.165
2026-10-20 01:46:44,42.754889499312156,42.799132717143515,49.44068935367384,75.805,19.913391022900786,19.836455680045578,7.050333229289013,35.11,9.128283629318084,9.115967265635508,1.0145070702691332,16.185
2026-10-20 02:01:44,42.84218870745283,42.87841675770594,49.542689075632474,75.955,19.97398013242411,19.887044314670558,7.07117261739679,35.215,9.155557019076241,9.14455687334157,1.017405625464976,16.23
2026-10-20 02:16:44,42.88219790026784,42.93086687806125,49.601350019375325,76.04,20.009193362212116,19.923756098994293,7.082012584476434,35.275,9.174992735857614,9.166121566239827,1.019714577383558,16.27
2026-10-20 02:31:44,43.00079233891282,43.05219255074616,49.74151424266078,76.255,20.05052587727062,19.962261599793294,7.095476656381734,35.34,9.191823548327958,9.181884904286317,1.0209698485972174,16.295
2026-10-20 02:46:44,43.059052225676716,43.1049360519135,49.80792838907737,76.355,20.088052016795206,19.984088958941975,7.108866439638358,35.405,9.208914970336059,9.189746133468269,1.0227753631241272,16.32
2026-10-20 03:01:44,43.14411068934243,43.19943990775367,49.90806846517803,76.51,20.12445556357863,20.026402306328997,7.124283491568626,35.475,9.22427557412884,9.202254054806312,1.0243138216789323,16.345
2026-10-20 03:16:44,43.21974366334512,43.27441715175703,49.99910080947702,76.635,20.178454191643205,20.075829420546995,7.139154445389149,35.56,9.254095406368704,9.229902381497675,1.0272302185078588,16.39
2026-10-20 03:31:44,43.30832856530673,43.37063723575413,50.12040666553077,76.805,20.224299778172252,20.122064540666255,7.15580613645258,35.64,9.277276932792901,9.251394448813086,1.0300234312889545,16.435
2026-10-20 03:46:44,43.35835146791417,43.41559161106414,50.18158201329957,76.895,20.245031866990022,20.153233306426127,7.165614228266639,35.69,9.29024232841567,9.26480260138196,1.031748801341614,16.465
2026-10-20 04:01:44,43.364503906439374,43.41915995554403,50.192840306088854,76.91,20.259495333366182,20.168804255012223,7.1710753149890145,35.72,9.291999516029914,9.269127310128475,1.0321699519129348,16.47
2026-10-20 04:16:44,43.404782677181615,43.45834814318247,50.23904225651788,76.98,20.27347213883158,20.18397644607176,7.176260039313035,35.745,9.299608274689955,9.280938714894875,1.033842181821321,16.49
2026-10-20 04:31:44,43.44792276286226,43.50733439922345,50.30140880595997,77.07,20.298748413924322,20.209021829424717,7.185308448708375,35.79,9.312679868187843,9.30029800933497,1.0358914313766536,16.525
2026-10-20 04:46:44,43.44792276286226,43.50733439922345,50.30140880595997,77.07,20.298748413924322,20.209021829424717,7.185308448708375,35.79,9.312679868187843,9.30029800933497,1.0358914313766536,16.525
2026-10-20 05:01:44,43.452505520236166,43.51026337430122,50.30910631720831,77.08,20.298748413924322,20.209021829424717,7.185308448708375,35.79,9.312679868187843,9.30029800933497,1.0358914313766536,16.525
2026-10-20 05:16:44,43.45983678843878,43.52131016452828,50.32122371179555,77.095,20.303448150899015,20.21337062265521,7.186396853583655,35.795,9.312679868187843,9.30029800933497,1.0358914313766536,16.525
2026-10-20 05:31:44,43.45983678843878,43.52131016452828,50.32122371179555,77.095,20.308239530506395,20.21757035180385,7.187398979373437,35.8,9.312679868187843,9.30029800933497,1.0358914313766536,16.525
2026-10-20 05:46:44,43.466088053454946,43.53192382998482,50.328582146180565,77.11,20.308239530506395,20.21757035180385,7.187398979373437,35.8,9.312679868187843,9.30029800933497,1.0358914313766536,16.525
2026-10-20 06:01:44,43.46681600791935,43.535672154502244,50.332136984300405,77.115,20.313031027731682,20.221832817463547,7.188393496578221,35.805,9.312679868187843,9.30029800933497,1.0358914313766536,16.525
2026-10-20 06:16:44,43.473237274559295,43.54209715289488,50.34158243536288,77.13,20.314675593431936,20.22412155606777,7.189411676733967,35.81,9.317522845599255,9.301976304768319,1.036238355868334,16.53
2026-10-20 06:31:44,43.473237274559295,43.54209715289488,50.34158243536288,77.13,20.317061042016334,20.228143894849374,7.190182423083822,35.815,9.32233990191645,9.304784520515026,1.0364700225565728,16.535
2026-10-20 06:46:44,43.478981574714474,43.547292394968984,50.346525575195244,77.14,20.32141038796542,20.229038050948688,7.19114850816515,35.82,9.33502134820947,9.31516484491421,1.0379402166838807,16.555
2026-10-20 07:01:44,43.48309248177871,43.5484667804221,50.35004621697319,77.145,20.32752696729959,20.23211953832404,7.19283710252459,35.83,9.33661508483044,9.31735965022887,1.0380677889177432,16.56
2026-10-20 07:16:44,43.49270150722558,43.561059976783,50.35968897355537,77.16,20.330145655464182,20.236606684961856,7.193984761781882,35.835,9.33661508483044,9.31735965022887,1.0380677889177432,16.56
2026-10-20 07:31:44,43.49270150722558,43.561059976783,50.35968897355537,77.16,20.330145655464182,20.236606684961856,7.193984761781882,35.835,9.33661508483044,9.31735965022887,1.0380677889177432,16.56
2026-10-20 07:46:44,43.49656398182288,43.56940481102672,50.36807839037085,77.17,20.33194024367521,20.237522522147977,7.194822040692842,35.84,9.33661508483044,9.31735965022887,1.0380677889177432,16.56
2026-10-20 08:01:44,43.501536815168045,43.57018593495432,50.37012426881022,77.175,20.339192955446332,20.24077324558218,7.196785341493583,35.85,9.33661508483044,9.31735965022887,1.0380677889177432,16.56
2026-10-20 08:16:44,43.505220870454416,43.57521078705722,50.378772593638764,77.185,20.343484940922767,20.24565625758399,7.198167849609088,35.855,9.33661508483044,9.31735965022887,1.0380677889177432,16.56
2026-10-20 08:31:44,43.516843879537,43.58652208160374,50.39440965957131,77.205,20.343484940922767,20.24565625758399,7.198167849609088,35.855,9.33661508483044,9.31735965022887,1.0380677889177432,16.56
2026-10-20 08:46:44,43.52102552013996,43.59537668283254,50.40318822716058,77.215,20.34916644152062,20.25050018980375,7.20078677748398,35.865,9.340024764305522,9.318730940546379,1.0382472969155554,16.565
2026-10-20 09:01:44,43.52851424211887,43.602278079818085,50.416156612023855,77.23,20.35284550165178,20.256721074689874,7.202495762300951,35.875,9.342795275479078,9.32089223386559,1.038594007587306,16.57
2026-10-20 09:16:44,43.52851424211887,43.602278079818085,50.416156612023855,77.23,20.36275024399913,20.26374584162923,7.204740385224773,35.885,9.347101602026568,9.323692456198042,1.0390700019424817,16.575
2026-10-20 09:31:44,43.53711058902411,43.60755528068575,50.42298681350877,77.24,20.36275024399913,20.26374584162923,7.204740385224773,35.885,9.347101602026568,9.323692456198042,1.0390700019424817,16.575
2026-10-20 09:46:44,43.546697961911406,43.61593686883556,50.43115191650179,77.255,20.36275024399913,20.26374584162923,7.204740385224773,35.885,9.347101602026568,9.323692456198042,1.0390700019424817,16.575
2026-10-20 10:01:44,43.55062737309248,43.61733075874484,50.43504503133766,77.26,20.371501258569737,20.269686169554888,7.206121248551007,35.895,9.347101602026568,9.323692456198042,1.0390700019424817,16.575
2026-10-20 10:16:44,43.571259593308376,43.63876569060534,50.45756452335596,77.295,20.38951560976139,20.288537275805094,7.211076923126319,35.92,9.352861102608053,9.328710542704576,1.0396798390464945,16.585
2026-10-20 10:31:44,43.586298255717466,43.653765860265054,50.475643675084825,77.325,20.397089330927663,20.295408071935878,7.213891542259575,35.935,9.352861102608053,9.328710542704576,1.0396798390464945,16.585
2026-10-20 10:46:44,43.58997739212061,43.65468667984938,50.4777982645697,77.33,20.397089330927663,20.295408071935878,7.213891542259575,35.935,9.352861102608053,9.328710542704576,1.0396798390464945,16.585
2026-10-20 11:01:44,43.59245221611185,43.65649139351854,50.485892016011995,77.34,20.40114195733451,20.2991297068752,7.216410512991936,35.945,9.352861102608053,9.328710542704576,1.0396798390464945,16.585
2026-10-20 11:16:44,43.60690847700782,43.666515349350774,50.50138789146126,77.36,20.40114195733451,20.2991297068752,7.216410512991936,35.945,9.352861102608053,9.328710542704576,1.0396798390464945,16.585
2026-10-20 11:31:44,43.61177669334571,43.66731351825263,50.506032947509205,77.365,20.403348714747402,20.30311595874983,7.217274838831373,35.95,9.352861102608053,9.328710542704576,1.0396798390464945,16.585
2026-10-20 11:46:44,43.61177669334571,43.66731351825263,50.506032947509205,77.365,20.403348714747402,20.30311595874983,7.217274838831373,35.95,9.3549181180141,9.331259555371057,1.0400820920755134,16.59
2026-10-20 12:01:44,43.63861815106547,43.690082021926955,50.53426452335961,77.405,20.412022298885187,20.309863832642066,7.218976896043622,35.96,9.3549181180141,9.331259555371057,1.0400820920755134,16.59
2026-10-20 12:16:44,43.63958259356959,43.691989149060255,50.53897497757571,77.41,20.412022298885187,20.309863832642066,7.218976896043622,35.96,9.3549181180141,9.331259555371057,1.0400820920755134,16.59
2026-10-20 12:31:44,43.64873519491981,43.7092374616903,50.55413056985808,77.43,20.416970996926356,20.3161831493903,7.221450134148515,35.97,9.3549181180141,9.331259555371057,1.0400820920755134,16.59
2026-10-20 12:46:44,43.653872046939355,43.71832399755247,50.56335132704805,77.445,20.416970996926356,20.3161831493903,7.221450134148515,35.97,9.357057988904291,9.33480749431942,1.0402461899452697,16.595
2026-10-20 13:01:44,43.655715939122466,43.72032884454286,50.56744072574592,77.45,20.416970996926356,20.3161831493903,7.221450134148515,35.97,9.357057988904291,9.33480749431942,1.0402461899452697,16.595
2026-10-20 13:16:44,43.66441031788577,43.73273948151962,50.58121636172578,77.47,20.42099315782771,20.320720296472306,7.22203947650012,35.975,9.357057988904291,9.33480749431942,1.0402461899452697,16.595
2026-10-20 13:31:44,43.67855677124,43.74439680321504,50.59694643741737,77.495,20.421832408250964,20.325587620311897,7.223059087098735,35.98,9.357057988904291,9.33480749431942,1.0402461899452697,16.595
2026-10-20 13:46:44,43.69768729518234,43.76568826802718,50.61703353369636,77.53,20.432079547142497,20.334668463351797,7.225265147654596,35.995,9.357057988904291,9.33480749431942,1.0402461899452697,16.595
2026-10-20 14:01:44,43.70869357905448,43.77728106213687,50.62667075938056,77.545,20.436828706331156,20.341543011200933,7.2268751619450295,36.005,9.361342912615408,9.339780751735015,1.0406557315613825,16.6
2026-10-20 14:16:44,43.750941222802794,43.82267614389444,50.68225978722847,77.625,20.448642750212215,20.356570435279064,7.231957887287298,36.03,9.361342912615408,9.339780751735015,1.0406557315613825,16.6
2026-10-20 14:31:44,43.77437254040586,43.85734701935907,50.724833221509314,77.685,20.463718362661172,20.373164690246604,7.237603256259474,36.055,9.361342912615408,9.339780751735015,1.0406557315613825,16.6
2026-10-20 14:46:44,43.80574249693769,43.89366767605604,50.7643897671936,77.745,20.471896097802393,20.377168965741344,7.239680137784325,36.065,9.361342912615408,9.339780751735015,1.0406557315613825,16.6
2026-10-20 15:01:44,43.81466934963191,43.90314645256941,50.776844318362095,77.76,20.489928985824665,20.396873340348627,7.246203938487028,36.105,9.361342912615408,9.339780751735015,1.0406557315613825,16.6
2026-10-20 15:16:44,43.84137570493518,43.9326687235071,50.80872146353528,77.81,20.49419016967084,20.401835247636374,7.246825236113866,36.11,9.36835307644559,9.343827579259992,1.0410264551819446,16.61
2026-10-20 15:31:44,43.8779184680401,43.96849073639687,50.85920230433421,77.88,20.499860457061885,20.40613899716082,7.248971835311899,36.12,9.36835307644559,9.343827579259992,1.0410264551819446,16.61
2026-10-20 15:46:44,43.91286070208392,44.01106541220117,50.90312663464303,77.945,20.51887150773763,20.42750697493763,7.254321397756856,36.15,9.371435429083895,9.346315585212482,1.0413756810696264,16.615
2026-10-20 16:01:44,43.92367715308697,44.020493046134845,50.915299525774195,77.965,20.525687210591965,20.430726324692017,7.255745266858053,36.16,9.371435429083895,9.346315585212482,1.0413756810696264,16.615
2026-10-20 16:16:44,43.92524976178346,44.02237957295898,50.91840726976422,77.97,20.52849852195254,20.432386171426636,7.256346597367578,36.165,9.371435429083895,9.346315585212482,1.0413756810696264,16.615
2026-10-20 16:31:44,43.938318230554586,44.03643753632751,50.939025154014075,78.0,20.5347957144778,20.434601559124115,7.258101482950228,36.175,9.371435429083895,9.346315585212482,1.0413756810696264,16.615
2026-10-20 16:46:44,43.94339532679799,44.043122847585614,50.945111666859496,78.01,20.5347957144778,20.434601559124115,7.258101482950228,36.175,9.371435429083895,9.346315585212482,1.0413756810696264,16.615
2026-10-20 17:01:44,43.94339532679799,44.043122847585614,50.945111666859496,78.01,20.5347957144778,20.434601559124115,7.258101482950228,36.175,9.371435429083895,9.346315585212482,1.0413756810696264,16.615
2026-10-20 17:16:44,43.94339532679799,44.043122847585614,50.945111666859496,78.01,20.5347957144778,20.434601559124115,7.258101482950228,36.175,9.371435429083895,9.346315585212482,1.0413756810696264,16.615
2026-10-20 17:31:44,43.94339532679799,44.043122847585614,50.945111666859496,78.01,20.5347957144778,20.434601559124115,7.258101482950228,36.175,9.371435429083895,9.346315585212482,1.0413756810696264,16.615
2026-10-20 17:46:44,43.94587980594803,44.04628778037136,50.95269978314865,78.02,20.5347957144778,20.434601559124115,7.258101482950228,36.175,9.371435429083895,9.346315585212482,1.0413756810696264,16.615
2026-10-20 18:01:44,43.9487572046428,44.05336487795527,50.959500594083856,78.03,20.53937960002299,20.43752364746483,7.259224916582572,36.18,9.373032989607164,9.34846206767485,1.041710381971177,16.62
2026-10-20 18:16:44,43.9487572046428,44.05336487795527,50.959500594083856,78.03,20.54088481639535,20.441482468219846,7.260080622299123,36.185,9.373032989607164,9.34846206767485,1.041710381971177,16.62
2026-10-20 18:31:44,43.97747621795103,44.07447481071274,50.98226538501391,78.07,20.55142820447616,20.450543881525494,7.262278993585365,36.2,9.374679066818272,9.349707415456024,1.041908367305378,16.625
2026-10-20 18:46:44,44.01033435932883,44.113088268302775,51.024648514919306,78.13,20.56878923241669,20.471614428416643,7.269412154763243,36.235,9.38259366865994,9.356480709278701,1.042857438010723,16.64
2026-10-20 19:01:44,44.01110688972729,44.117453070056456,51.02947322088376,78.135,20.56878923241669,20.471614428416643,7.269412154763243,36.235,9.38259366865994,9.356480709278701,1.042857438010723,16.64
2026-10-20 19:16:44,44.05165942528386,44.15491253101524,51.07235793579936,78.2,20.573903055009595,20.477445579907332,7.271427641763889,36.245,9.385243506421249,9.360914427074224,1.0432710695249823,16.645
2026-10-20 19:31:44,44.07674145222032,44.16967299842041,51.08914471209,78.23,20.578126660183653,20.478344518152802,7.2721772236401225,36.25,9.387426985845561,9.362588650937917,1.043671124557403,16.65
2026-10-20 19:46:44,44.15021636921764,44.242229395469586,51.16800740549098,78.35,20.61751447467624,20.513963948850623,7.283976158331388,36.31,9.397118401860018,9.36837019659841,1.0446822132821136,16.665
2026-10-20 20:01:44,44.2014811022736,44.2961670798252,51.23293339414638,78.445,20.632348868387496,20.527485901880294,7.289095785615105,36.335,9.397118401860018,9.36837019659841,1.0446822132821136,16.665
2026-10-20 20:16:44,44.20498598971236,44.29818130166488,51.23818008632183,78.455,20.633419684794646,20.5319243400821,7.28987978327112,36.34,9.397118401860018,9.36837019659841,1.0446822132821136,16.665
2026-10-20 20:31:44,44.20498598971236,44.29818130166488,51.23818008632183,78.455,20.633419684794646,20.5319243400821,7.28987978327112,36.34,9.397118401860018,9.36837019659841,1.0446822132821136,16.665
2026-10-20 20:46:44,44.20498598971236,44.29818130166488,51.23818008632183,78.455,20.633419684794646,20.5319243400821,7.28987978327112,36.34,9.397118401860018,9.36837019659841,1.0446822132821136,16.665
2026-10-20 21:01:44,44.21291568832959,44.30764731208565,51.246571482236824,78.47,20.636781455735136,20.532708686036933,7.290933450245079,36.345,9.398445621992792,9.369653525015316,1.0450185328819814,16.67
2026-10-20 21:16:44,44.220695773249005,44.316222873871595,51.253937709319565,78.485,20.6416282271025,20.53384407657383,7.291724359195606,36.35,9.398445621992792,9.369653525015316,1.0450185328819814,16.67
2026-10-20 21:31:44,44.220695773249005,44.316222873871595,51.253937709319565,78.485,20.6416282271025,20.53384407657383,7.291724359195606,36.35,9.398445621992792,9.369653525015316,1.0450185328819814,16.67
2026-10-20 21:46:44,44.23862946229362,44.33406515587821,51.272814789675984,78.51,20.649484355266335,20.53960578607867,7.295780211359201,36.365,9.398445621992792,9.369653525015316,1.0450185328819814,16.67
2026-10-20 22:01:44,44.26540058685666,44.36315749700313,51.31088644439086,78.565,20.67342460712753,20.557838811235275,7.301374965695463,36.395,9.404358425020588,9.37652774126092,1.0457563779609664,16.68
2026-10-20 22:16:44,44.32010244924869,44.39235814576046,51.35439015261918,78.64,20.696284646093645,20.575502487563163,7.308229119599843,36.435,9.428073504729047,9.39118204498693,1.0478908235732975,16.715
2026-10-20 22:31:44,44.400926836502606,44.47592539215995,51.451014562833606,78.79,20.761270535594367,20.6255830519149,7.328628081927154,36.535,9.441120390280398,9.408957738508132,1.0496085014074232,16.745
2026-10-20 22:46:44,44.55413877300872,44.63002446294908,51.63351382970649,79.075,20.856129245456255,20.72282556341723,7.36010296581221,36.69,9.473227642830846,9.440329149110518,1.0528176877351978,16.8
2026-10-20 23:01:44,44.59221256450435,44.67651468158202,51.68100004071885,79.15,20.870794634688338,20.73717396146822,7.3639032821617505,36.71,9.474107944122249,9.444421154334513,1.0532111073893586,16.805
2026-10-20 23:16:44,44.673673217676054,44.75646955986527,51.78583725756407,79.3,20.889939919653425,20.75555454871912,7.37238000314037,36.75,9.485776388580119,9.460983197588178,1.0546517244632314,16.835
2026-10-20 23:31:44,44.78502205658757,44.87728801465917,51.92619454560454,79.515,20.95080341843018,20.813671976240183,7.3933543058206395,36.855,9.512409791816143,9.482011449509505,1.0569677113628677,16.87
2026-10-20 23:46:44,44.87693596980675,44.98827425818383,52.04402118885842,79.69,20.980922807578377,20.846073211869314,7.4067538797357235,36.92,9.521742714342679,9.492050821254404,1.057938962263391,16.885
2026-10-21 00:01:44,44.9635620107379,45.096031577626015,52.165103739549096,79.875,21.07937710251691,20.935952529182373,7.438033638832103,37.085,9.544048212814866,9.515820800009092,1.0600899257256349,16.925
2026-10-21 00:16:44,45.04936327118846,45.177802495908566,52.26677291567089,80.04,21.1029485561782,20.96558553055508,7.446509916923616,37.13,9.565622167847192,9.539433211143013,1.0623911835681275,16.97
2026-10-21 00:31:44,45.08126600518652,45.20944317390749,52.31173382274337,80.1,21.124837986646632,20.985728551585233,7.456044135101247,37.17,9.566660191861947,9.540491956445205,1.062521908498792,16.975
2026-10-21 00:46:44,45.167126656232156,45.29410668883166,52.41181909097257,80.27,21.154744742249314,21.016722592400864,7.467381733194005,37.225,9.5897071065291,9.557759113414885,1.0643574019106052,17.005
2026-10-21 01:01:44,45.221938556429265,45.354377038481495,52.48615043492824,80.385,21.1913303562124,21.05304608440578,7.480307425125418,37.29,9.604506078827882,9.564623977769363,1.065920624256913,17.03
2026-10-21 01:16:44,45.34505217823126,45.487218238771185,52.646335218918686,80.615,21.213238160625465,21.08149013318815,7.490426771967177,37.34,9.629741402410858,9.595650921111778,1.069266643571688,17.08
2026-10-21 01:31:44,45.44925234983274,45.593116128398314,52.76160419874877,80.8,21.279914637932077,21.14679228000037,7.518888313702227,37.465,9.654772699104043,9.611754478389908,1.071768432114995,17.12
2026-10-21 01:46:44,45.52077931527968,45.676870906258074,52.85661597039153,80.94,21.324866890873277,21.202101370035724,7.534799278603025,37.545,9.671188811484999,9.632310185011127,1.0728874115347864,17.15
2026-10-21 02:01:44,45.59517501605348,45.74259961079356,52.93996934293088,81.06,21.379580970922373,21.251744415587865,7.553343939058276,37.64,9.68567080548499,9.646550409864354,1.0744139950447829,17.18
2026-10-21 02:16:44,45.69556195668321,45.825528548534315,53.05822521439367,81.22,21.4283433616698,21.30424343577463,7.576401497528426,37.75,9.708249331771412,9.667227304536931,1.0768912638531516,17.215
2026-10-21 02:31:44,45.72748457785645,45.85220451648301,53.09609107276197,81.28,21.441096757291696,21.315500032813407,7.5840032803852715,37.785,9.719530998922298,9.67699947345518,1.0781597529292715,17.235
2026-10-21 02:46:44,45.78358499320797,45.90407410790604,53.16216285500678,81.375,21.46551994129374,21.34546437043887,7.593326766856676,37.83,9.724734483670817,9.684211319056487,1.0785634389985306,17.245
2026-10-21 03:01:44,45.821772596399356,45.935755610339726,53.211280392543614,81.44,21.484413053509346,21.373905991987254,7.601405554820762,37.87,9.741264633398394,9.698778251813984,1.0805581373877156,17.27
2026-10-21 03:16:44,45.871191428518145,45.97585027961533,53.262874940950084,81.52,21.49239011742958,21.378536936400483,7.603821485459624,37.885,9.753073154138615,9.709740751659243,1.0816628912265198,17.29
2026-10-21 03:31:44,45.8802753049322,45.97993399606879,53.27307667478141,81.535,21.49239011742958,21.378536936400483,7.603821485459624,37.885,9.753073154138615,9.709740751659243,1.0816628912265198,17.29
2026-10-21 03:46:44,45.8802753049322,45.97993399606879,53.27307667478141,81.535,21.49239011742958,21.378536936400483,7.603821485459624,37.885,9.753073154138615,9.709740751659243,1.0816628912265198,17.29
2026-10-21 04:01:44,45.932708097632776,46.03073246119858,53.32852079225453,81.625,21.518455269699608,21.404013760371264,7.612547263448869,37.935,9.764379369174854,9.720372548970115,1.082914093410848,17.31
2026-10-21 04:16:44,45.93746425996983,46.03318579399684,53.33208000085189,81.63,21.518455269699608,21.404013760371264,7.612547263448869,37.935,9.764379369174854,9.720372548970115,1.082914093410848,17.31
2026-10-21 04:31:44,45.96877062660989,46.056114277378825,53.36336634075698,81.685,21.53169263706751,21.41416815291855,7.61562240270788,37.95,9.766483570380869,9.722422555656053,1.083053675112951,17.315
2026-10-21 04:46:44,46.03926724132621,46.12955782294875,53.44007365258952,81.81,21.57378644125237,21.457553962509,7.632253264654839,38.03,9.790195190677442,9.741504811390362,1.0858543901789113,17.355
2026-10-21 05:01:44,46.04107563870859,46.13064378314303,53.44167000884349,81.815,21.578302721632493,21.460569706240822,7.633194110068887,38.035,9.793202546054943,9.744458496458286,1.0860152485147916,17.36
2026-10-21 05:16:44,46.1156580693685,46.209608017234764,53.53259345904114,81.95,21.610312364326788,21.498361168186232,7.644373899784271,38.095,9.79864725622403,9.75249612726586,1.0870058936562512,17.375
2026-10-21 05:31:44,46.17117737442585,46.26785988534122,53.60707340133012,82.055,21.650640859006096,21.536242568500402,7.658515665963316,38.165,9.820962690945803,9.781141081837127,1.0897931738744793,17.42
2026-10-21 05:46:44,46.181466439961895,46.27284959118307,53.621190294406816,82.075,21.650640859006096,21.536242568500402,7.658515665963316,38.165,9.820962690945803,9.781141081837127,1.0897931738744793,17.42
2026-10-21 06:01:44,46.18883696054248,46.282876904165086,53.63136025211097,82.09,21.655244511663952,21.542904583366663,7.660393639260128,38.175,9.820962690945803,9.781141081837127,1.0897931738744793,17.42
2026-10-21 06:16:44,46.311009932885575,46.420461726089535,53.78110958488269,82.325,21.700881302827234,21.58502285398284,7.676190528691276,38.25,9.83864696122001,9.794337394367778,1.0915003528533203,17.45
2026-10-21 06:31:44,46.34337341208366,46.448727318299625,53.819453008892104,82.385,21.734308502634587,21.624406573765704,7.685556198566848,38.3,9.846794657819434,9.802373206054662,1.0923928229992843,17.46
2026-10-21 06:46:44,46.376220041864315,46.48217301470202,53.85897585522716,82.45,21.74827711880334,21.637149361111533,7.689966850620635,38.32,9.856414782582764,9.81579009404135,1.0938856314687857,17.48
2026-10-21 07:01:44,46.38371897514345,46.49722863707992,53.875576937903126,82.47,21.76554220025571,21.645588549002834,7.694620566097315,38.345,9.856414782582764,9.81579009404135,1.0938856314687857,17.48
2026-10-21 07:16:44,46.38901101008463,46.5009363676633,53.87956153364554,82.48,21.76554220025571,21.645588549002834,7.694620566097315,38.345,9.86157308805846,9.82316573792355,1.0946185509798547,17.49
2026-10-21 07:31:44,46.41899560397988,46.52799589601726,53.91132106897663,82.525,21.771120964967686,21.64906344798709,7.696250501242815,38.355,9.86725102342365,9.827663914819777,1.0950878783794855,17.5
2026-10-21 07:46:44,46.49867268978782,46.627783256498425,54.00877029698536,82.68,21.810158716624585,21.68407285283322,7.710645788195466,38.43,9.887757969714087,9.848916940438563,1.0971453358903924,17.54
2026-10-21 08:01:44,46.60431558476604,46.72966603759689,54.124977716714845,82.855,21.860281189003942,21.73424594474442,7.727476008661983,38.515,9.895481186785696,9.856766981896548,1.0986526906907048,17.56
2026-10-21 08:16:44,46.63583819573805,46.76333931626242,54.16195115823884,82.91,21.867305631824873,21.742418792563612,7.729682220952758,38.525,9.917768859212341,9.876028075240495,1.100243195457256,17.59
2026-10-21 08:31:44,46.74287008322814,46.86059191044529,54.2803206206232,83.095,21.920238747689883,21.795216778478327,7.745638080373876,38.615,9.930832518902921,9.896027437743408,1.1018576444723802,17.62
2026-10-21 08:46:44,46.8275885684753,46.95613054536581,54.37459039161262,83.245,21.946567383782988,21.822422291941887,7.755859822069742,38.665,9.949806976302686,9.916959964164326,1.1037010798049869,17.65
2026-10-21 09:01:44,46.987889757423076,47.1122681731712,54.5527150288781,83.53,22.039323729044863,21.929385980104595,7.789293114812606,38.835,9.977869997915942,9.939955400337503,1.1062857021975194,17.69
2026-10-21 09:16:44,47.07503515355481,47.20351867946474,54.66761181260614,83.69,22.081652467738113,21.957643715684743,7.8022547144448176,38.9,9.996887426687437,9.958328930129335,1.1081201847492612,17.725
2026-10-21 09:31:44,47.15497908605168,47.29272191537184,54.76467709991665,83.835,22.142074148401576,22.017114904914482,7.820481927250537,39.0,10.007182429567987,9.967850236831964,1.1095663339029493,17.745
2026-10-21 09:46:44,47.22723833550723,47.36284710146199,54.844824912987235,83.96,22.158157445266863,22.03762836048514,7.82705567202781,39.035,10.01821419453165,9.978602210550664,1.1111286790607813,17.765
2026-10-21 10:01:44,47.338145752647286,47.468786292725234,54.963052735597394,84.15,22.201480659228018,22.07150343402939,7.841726472634398,39.11,10.027692963445505,9.98566547944891,1.1118216139941148,17.78
2026-10-21 10:16:44,47.51615589068003,47.6405127692806,55.15522981508691,84.435,22.26642129565992,22.13438556591604,7.868746200681217,39.235,10.061821544068811,10.01341152002123,1.1153190318903052,17.835
2026-10-21 10:31:44,47.53274236243563,47.65843692684602,55.176190570567954,84.465,22.26642129565992,22.13438556591604,7.868746200681217,39.235,10.061821544068811,10.01341152002123,1.1153190318903052,17.835
2026-10-21 10:46:44,47.59244032221511,47.722482933942366,55.24108186467623,84.57,22.29643516563775,22.15176042814526,7.875442268330367,39.275,10.06671320140411,10.015414040628356,1.1156727120560972,17.84
2026-10-21 11:01:44,47.69558994504921,47.82770318632841,55.353371357334716,84.74,22.310538695475316,22.162230259296344,7.880425296224082,39.3,10.074005793723869,10.01867731011169,1.116343974254811,17.85
2026-10-21 11:16:44,47.74311870131998,47.868302410230854,55.396963239901474,84.81,22.31469406579989,22.165094740657434,7.881787714081758,39.305,10.07772210566144,10.02275483457997,1.1167161895827584,17.86
2026-10-21 11:31:44,47.778784081070604,47.90341579185529,55.441608349100306,84.87,22.32495634398643,22.17474640307721,7.885935928713016,39.325,10.07772210566144,10.02275483457997,1.1167161895827584,17.86
2026-10-21 11:46:44,47.78345801464963,47.90588869717038,55.444187486195325,84.875,22.32495634398643,22.17474640307721,7.885935928713016,39.325,10.07772210566144,10.02275483457997,1.1167161895827584,17.86
2026-10-21 12:01:44,47.81905660387866,47.94047573503248,55.48535440963449,84.93,22.348165254051878,22.196863660505706,7.893487198247471,39.36,10.082019979566637,10.025480552054178,1.1170595653029118,17.865
2026-10-21 12:16:44,47.8560831582665,47.960862424778604,55.51260892427533,84.98,22.353189443714744,22.207379970132497,7.896262809397521,39.375,10.086180722181206,10.02933523387454,1.117478323310629,17.87
2026-10-21 12:31:44,47.866158491919364,47.980692654437334,55.528080711893395,85.005,22.35705353162381,22.212002524837338,7.897888842294276,39.385,10.09017660059762,10.031389498480733,1.1178280190434697,17.875
2026-10-21 12:46:44,47.866158491919364,47.980692654437334,55.528080711893395,85.005,22.35705353162381,22.212002524837338,7.897888842294276,39.385,10.09017660059762,10.031389498480733,1.1178280190434697,17.875
2026-10-21 13:01:44,47.87943540569433,47.99566401311054,55.54667352693952,85.03,22.375659157307616,22.23595734513775,7.904265739259493,39.42,10.09017660059762,10.031389498480733,1.1178280190434697,17.875
2026-10-21 13:16:44,47.88432793577319,48.00340621460559,55.55466606498737,85.045,22.375659157307616,22.23595734513775,7.904265739259493,39.42,10.09017660059762,10.031389498480733,1.1178280190434697,17.875
2026-10-21 13:31:44,47.88909414198842,48.007233501371154,55.5582791101516,85.05,22.37702447027855,22.23933595594005,7.905548971556956,39.425,10.09017660059762,10.031389498480733,1.1178280190434697,17.875
2026-10-21 13:46:44,47.88909414198842,48.007233501371154,55.5582791101516,85.05,22.37702447027855,22.23933595594005,7.905548971556956,39.425,10.09017660059762,10.031389498480733,1.1178280190434697,17.875
2026-10-21 14:01:44,47.89317424636901,48.01078735384429,55.56034693575954,85.055,22.38113737338582,22.240629897584395,7.906453224142639,39.43,10.09017660059762,10.031389498480733,1.1178280190434697,17.875
2026-10-21 14:16:44,47.904189204457445,48.018166950425865,55.56957035126912,85.07,22.38113737338582,22.240629897584395,7.906453224142639,39.43,10.094917767545542,10.037680235369184,1.118280302773823,17.885
2026-10-21 14:31:44,47.92725788532633,48.035876019432834,55.59315428767748,85.105,22.383960184837118,22.246104308634585,7.908436552546651,39.44,10.094917767545542,10.037680235369184,1.118280302773823,17.885
2026-10-21 14:46:44,47.93319738522102,48.044295011816715,55.601935809690566,85.12,22.385431931108876,22.246917542928205,7.909152419390021,39.445,10.098831376693843,10.039703194718216,1.1187062739277087,17.89
2026-10-21 15:01:44,47.94086796829398,48.05379977555315,55.613380707750665,85.135,22.39202217213686,22.25709905425598,7.912299472704803,39.46,10.098831376693843,10.039703194718216,1.1187062739277087,17.89
2026-10-21 15:16:44,47.9519367942532,48.06123113745434,55.6199446731077,85.15,22.395754215269037,22.258149873395443,7.913400373986796,39.465,10.098831376693843,10.039703194718216,1.1187062739277087,17.89
2026-10-21 15:31:44,47.95803968883405,48.06549504359053,55.62804686174194,85.16,22.406750281925067,22.26796590743384,7.91655535932467,39.48,10.098831376693843,10.039703194718216,1.1187062739277087,17.89
2026-10-21 15:46:44,47.975193260754324,48.080883598894715,55.649305373011394,85.195,22.411101533749584,22.273929757553237,7.918516229277588,39.49,10.100182154872885,10.043236474066735,1.1188429566699027,17.895
2026-10-21 16:01:44,47.982040594353705,48.08623912732954,55.656897647132524,85.205,22.411101533749584,22.273929757553237,7.918516229277588,39.49,10.100182154872885,10.043236474066735,1.1188429566699027,17.895
2026-10-21 16:16:44,47.996377689454135,48.10138507290632,55.679648007180354,85.235,22.411101533749584,22.273929757553237,7.918516229277588,39.49,10.101695086486526,10.045371125141498,1.1192830336863324,17.9
2026-10-21 16:31:44,48.00815645524871,48.111021881026424,55.691310293135274,85.255,22.41970846718465,22.285920875642223,7.921088091929912,39.505,10.101695086486526,10.045371125141498,1.1192830336863324,17.9
2026-10-21 16:46:44,48.00815645524871,48.111021881026424,55.691310293135274,85.255,22.41970846718465,22.285920875642223,7.921088091929912,39.505,10.101695086486526,10.045371125141498,1.1192830336863324,17.9
2026-10-21 17:01:44,48.00815645524871,48.111021881026424,55.691310293135274,85.255,22.41970846718465,22.285920875642223,7.921088091929912,39.505,10.101695086486526,10.045371125141498,1.1192830336863324,17.9
2026-10-21 17:16:44,48.01187347927858,48.11704484368811,55.695629690859164,85.265,22.42204781877114,22.287343592205566,7.921624611209563,39.51,10.101695086486526,10.045371125141498,1.1192830336863324,17.9
2026-10-21 17:31:44,48.024003771046395,48.123182325593504,55.70317869006912,85.28,22.42204781877114,22.287343592205566,7.921624611209563,39.51,10.101695086486526,10.045371125141498,1.1192830336863324,17.9
2026-10-21 17:46:44,48.025928253434216,48.12414114340412,55.70477409907006,85.285,22.424651806385565,22.28970922799695,7.922861529976009,39.515,10.101695086486526,10.045371125141498,1.1192830336863324,17.9
2026-10-21 18:01:44,48.02991920418339,48.12963389748862,55.71465922604728,85.295,22.425809457828226,22.293724218582607,7.924070129591922,39.52,10.10570165870682,10.050058290167794,1.1194184852680937,17.905
2026-10-21 18:16:44,48.02991920418339,48.12963389748862,55.71465922604728,85.295,22.425809457828226,22.293724218582607,7.924070129591922,39.52,10.10570165870682,10.050058290167794,1.1194184852680937,17.905
2026-10-21 18:31:44,48.0788983956445,48.17919820829842,55.78546030289811,85.395,22.433923497181393,22.297608451757434,7.926067419032157,39.53,10.10570165870682,10.050058290167794,1.1194184852680937,17.905
2026-10-21 18:46:44,48.0788983956445,48.17919820829842,55.78546030289811,85.395,22.433923497181393,22.297608451757434,7.926067419032157,39.53,10.10570165870682,10.050058290167794,1.1194184852680937,17.905
2026-10-21 19:01:44,48.0788983956445,48.17919820829842,55.78546030289811,85.395,22.433923497181393,22.297608451757434,7.926067419032157,39.53,10.10570165870682,10.050058290167794,1.1194184852680937,17.905
2026-10-21 19:16:44,48.0788983956445,48.17919820829842,55.78546030289811,85.395,22.433923497181393,22.297608451757434,7.926067419032157,39.53,10.10570165870682,10.050058290167794,1.1194184852680937,17.905
2026-10-21 19:31:44,48.08116516234251,48.180691666477536,55.78709341448714,85.4,22.43711883334514,22.301878293584043,7.927280017781705,39.535,10.10911427546172,10.051526069400827,1.1198441850673195,17.91
2026-10-21 19:46:44,48.08116516234251,48.180691666477536,55.78709341448714,85.4,22.43711883334514,22.301878293584043,7.927280017781705,39.535,10.10911427546172,10.051526069400827,1.1198441850673195,17.91
2026-10-21 20:01:44,48.08116516234251,48.180691666477536,55.78709341448714,85.4,22.43711883334514,22.301878293584043,7.927280017781705,39.535,10.10911427546172,10.051526069400827,1.1198441850673195,17.91
2026-10-21 20:16:44,48.1579243843012,48.24959673194041,55.86273700900347,85.52,22.490229558242177,22.335694418236077,7.942658443036939,39.615,10.129537337943734,10.075896078326222,1.121934718058862,17.945
2026-10-21 20:31:44,48.22030411454041,48.301361902678096,55.92314927338947,85.61,22.49415551322715,22.337618495170197,7.943971685171491,39.625,10.136722229242647,10.083138343983999,1.122442701931495,17.955
2026-10-21 20:46:44,48.31857614207575,48.38280968912169,56.022028210222295,85.77,22.524374151290893,22.37238090011182,7.955062292240603,39.685,10.140543802338057,10.094313561197259,1.1233133584910515,17.97
2026-10-21 21:01:44,48.39731595188125,48.4582122861414,56.111779482028396,85.91,22.563042827295188,22.404755929329863,7.967600701006999,39.75,10.146879211430244,10.097677352509765,1.1242102759871186,17.98
2026-10-21 21:16:44,48.46998629533476,48.54768721452206,56.20861499415111,86.055,22.598091800481406,22.43597266226846,7.982062606321257,39.815,10.182468422890238,10.131249850238714,1.1270285192414913,18.035
2026-10-21 21:31:44,48.64078596169965,48.71554458086929,56.40544430653492,86.365,22.651209021628848,22.49219359462702,7.999457196299705,39.905,10.240044872472708,10.17755826476297,1.131403769414533,18.11
2026-10-21 21:46:44,48.8061355909692,48.855427308835836,56.581347425037556,86.645,22.693927023744486,22.54112510349401,8.017717657793069,39.985,10.26468797936391,10.19796373652172,1.1338448201837823,18.15
2026-10-21 22:01:44,48.95636220895547,49.00497733073859,56.76290653240594,86.925,22.762223696076283,22.61318960534594,8.044197392037347,40.105,10.289543172776746,10.234669717176057,1.1365695926551842,18.205
2026-10-21 22:16:44,49.132942476302894,49.171845522453864,56.95003509920846,87.205,22.833070339398468,22.700272201151424,8.07196615996189,40.25,10.312592837644456,10.255592827149064,1.1386825590861211,18.24
2026-10-21 22:31:44,49.29971478242695,49.34239888293882,57.14201358199558,87.505,22.885121733846,22.761554552578644,8.09126769302496,40.35,10.340122243447526,10.276621048386819,1.1423626872077708,18.295
2026-10-21 22:46:44,49.39714511733233,49.430697682628875,57.26329983230202,87.675,22.926737880880278,22.801054888653997,8.108540394273327,40.435,10.364317090188253,10.298025802859438,1.1443802823158307,18.33
2026-10-21 23:01:44,49.51673865043035,49.54956006168124,57.42289959829271,87.905,22.983207648565553,22.868055150345356,8.131855184402484,40.545,10.398688433951815,10.318821749997843,1.147693356193902,18.385
2026-10-21 23:16:44,49.64049304267712,49.687274632924314,57.573336936552224,88.14,23.040091352681962,22.93315829450561,8.152718913087988,40.65,10.444676385054558,10.359234169651538,1.1519989345240624,18.455
2026-10-21 23:31:44,49.75926114286499,49.809064377013186,57.72243042380655,88.365,23.066276172088845,22.964784817591994,8.16407974901877,40.705,10.468528560565202,10.382936649439396,1.154053607500865,18.495
2026-10-21 23:46:44,49.801659673800714,49.845212456940416,57.766172416166754,88.43,23.091135854483646,22.980118529836368,8.169817777468758,40.74,10.485237832651341,10.401096656214701,1.1560672736657034,18.525
2026-10-22 00:01:44,49.844441053267005,49.87754106419241,57.81548500365433,88.5,23.104363887592974,22.99470181739557,8.175307653005303,40.765,10.49188921634439,10.403501447412097,1.1568103094485718,18.535
2026-10-22 00:16:44,49.90199448900607,49.94302045491205,57.881519979049195,88.605,23.13613228080746,23.02704704959569,8.187906070294458,40.825,10.501290477924911,10.413262928188846,1.158358426543339,18.555
2026-10-22 00:31:44,49.96921942618337,49.99702375081153,57.95454276388987,88.72,23.149165626742867,23.037719299538686,8.191077735834956,40.845,10.508100928840904,10.417859432029056,1.1590590766465165,18.565
2026-10-22 00:46:44,49.96921942618337,49.99702375081153,57.95454276388987,88.72,23.149165626742867,23.037719299538686,8.191077735834956,40.845,10.508100928840904,10.417859432029056,1.1590590766465165,18.565
2026-10-22 01:01:44,49.989654991541094,50.02120856347634,57.97933978023102,88.76,23.150272269756194,23.04101960768551,8.192180695214601,40.85,10.51099509248005,10.419875375895375,1.1593551167511713,18.57
2026-10-22 01:16:44,50.00007118729439,50.03558494022213,57.994414845755976,88.785,23.15740315809338,23.052913450511582,8.19522282360613,40.87,10.516541276098083,10.430831599033041,1.1604043680689091,18.585
2026-10-22 01:31:44,50.012196850731456,50.048018660614176,58.009165335571794,88.805,23.158391887309232,23.053772672917795,8.196692796815434,40.875,10.522936967326505,10.437874037172644,1.1614586384703556,18.6
2026-10-22 01:46:44,50.012196850731456,50.048018660614176,58.009165335571794,88.805,23.158391887309232,23.053772672917795,8.196692796815434,40.875,10.522936967326505,10.437874037172644,1.1614586384703556,18.6
2026-10-22 02:01:44,50.013739293693106,50.04892155001989,58.013233988773734,88.81,23.158391887309232,23.053772672917795,8.196692796815434,40.875,10.522936967326505,10.437874037172644,1.1614586384703556,18.6
2026-10-22 02:16:44,50.015260794879275,50.05014452060547,58.01802087058894,88.815,23.158391887309232,23.053772672917795,8.196692796815434,40.875,10.522936967326505,10.437874037172644,1.1614586384703556,18.6
2026-10-22 02:31:44,50.015260794879275,50.05014452060547,58.01802087058894,88.815,23.158391887309232,23.053772672917795,8.196692796815434,40.875,10.522936967326505,10.437874037172644,1.1614586384703556,18.6
2026-10-22 02:46:44,50.015260794879275,50.05014452060547,58.01802087058894,88.815,23.158391887309232,23.053772672917795,8.196692796815434,40.875,10.522936967326505,10.437874037172644,1.1614586384703556,18.6
2026-10-22 03:01:44,50.015260794879275,50.05014452060547,58.01802087058894,88.815,23.158391887309232,23.053772672917795,8.196692796815434,40.875,10.522936967326505,10.437874037172644,1.1614586384703556,18.6
2026-10-22 03:16:44,50.015260794879275,50.05014452060547,58.01802087058894,88.815,23.158391887309232,23.053772672917795,8.196692796815434,40.875,10.522936967326505,10.437874037172644,1.1614586384703556,18.6
2026-10-22 03:31:44,50.015260794879275,50.05014452060547,58.01802087058894,88.815,23.158391887309232,23.053772672917795,8.196692796815434,40.875,10.522936967326505,10.437874037172644,1.1614586384703556,18.6
2026-10-22 03:46:44,50.01830568032633,50.05383870419292,58.02022439963318,88.82,23.158391887309232,23.053772672917795,8.196692796815434,40.875,10.522936967326505,10.437874037172644,1.1614586384703556,18.6
2026-10-22 04:01:44,50.01830568032633,50.05383870419292,58.02022439963318,88.82,23.158391887309232,23.053772672917795,8.196692796815434,40.875,10.522936967326505,10.437874037172644,1.1614586384703556,18.6
2026-10-22 04:16:44,50.01830568032633,50.05383870419292,58.02022439963318,88.82,23.158391887309232,23.053772672917795,8.196692796815434,40.875,10.522936967326505,10.437874037172644,1.1614586384703556,18.6
2026-10-22 04:31:44,50.01830568032633,50.05383870419292,58.02022439963318,88.82,23.158391887309232,23.053772672917795,8.196692796815434,40.875,10.522936967326505,10.437874037172644,1.1614586384703556,18.6
2026-10-22 04:46:44,50.02230743911197,50.056125571656956,58.023965603991925,88.825,23.158391887309232,23.053772672917795,8.196692796815434,40.875,10.525997609794477,10.441746461218077,1.1617293267075317,18.605
2026-10-22 05:01:44,50.02230743911197,50.056125571656956,58.023965603991925,88.825,23.158391887309232,23.053772672917795,8.196692796815434,40.875,10.525997609794477,10.441746461218077,1.1617293267075317,18.605
2026-10-22 05:16:44,50.025519670976934,50.05802381349779,58.03069374868993,88.835,23.158391887309232,23.053772672917795,8.196692796815434,40.875,10.525997609794477,10.441746461218077,1.1617293267075317,18.605
2026-10-22 05:31:44,50.025519670976934,50.05802381349779,58.03069374868993,88.835,23.160619670401747,23.054869717687424,8.197810770618949,40.88,10.525997609794477,10.441746461218077,1.1617293267075317,18.605
2026-10-22 05:46:44,50.025519670976934,50.05802381349779,58.03069374868993,88.835,23.160619670401747,23.054869717687424,8.197810770618949,40.88,10.525997609794477,10.441746461218077,1.1617293267075317,18.605
2026-10-22 06:01:44,50.025519670976934,50.05802381349779,58.03069374868993,88.835,23.160619670401747,23.054869717687424,8.197810770618949,40.88,10.525997609794477,10.441746461218077,1.1617293267075317,18.605
2026-10-22 06:16:44,50.025519670976934,50.05802381349779,58.03069374868993,88.835,23.160619670401747,23.054869717687424,8.197810770618949,40.88,10.525997609794477,10.441746461218077,1.1617293267075317,18.605
2026-10-22 06:31:44,50.025519670976934,50.05802381349779,58.03069374868993,88.835,23.160619670401747,23.054869717687424,8.197810770618949,40.88,10.525997609794477,10.441746461218077,1.1617293267075317,18.605
2026-10-22 06:46:44,50.025519670976934,50.05802381349779,58.03069374868993,88.835,23.160619670401747,23.054869717687424,8.197810770618949,40.88,10.525997609794477,10.441746461218077,1.1617293267075317,18.605
2026-10-22 07:01:44,50.025519670976934,50.05802381349779,58.03069374868993,88.835,23.16514671416086,23.055548118137654,8.199300396784622,40.885,10.525997609794477,10.441746461218077,1.1617293267075317,18.605
2026-10-22 07:16:44,50.028373008280944,50.06138199056668,58.0351543127887,88.84,23.16514671416086,23.055548118137654,8.199300396784622,40.885,10.525997609794477,10.441746461218077,1.1617293267075317,18.605
2026-10-22 07:31:44,50.028373008280944,50.06138199056668,58.0351543127887,88.84,23.16514671416086,23.055548118137654,8.199300396784622,40.885,10.525997609794477,10.441746461218077,1.1617293267075317,18.605
2026-10-22 07:46:44,50.028373008280944,50.06138199056668,58.0351543127887,88.84,23.16514671416086,23.055548118137654,8.199300396784622,40.885,10.525997609794477,10.441746461218077,1.1617293267075317,18.605
2026-10-22 08:01:44,50.028373008280944,50.06138199056668,58.0351543127887,88.84,23.16514671416086,23.055548118137654,8.199300396784622,40.885,10.525997609794477,10.441746461218077,1.1617293267075317,18.605
2026-10-22 08:16:44,50.032280868530854,50.06432195325553,58.039500138850556,88.845,23.16514671416086,23.055548118137654,8.199300396784622,40.885,10.525997609794477,10.441746461218077,1.1617293267075317,18.605
2026-10-22 08:31:44,50.032280868530854,50.06432195325553,58.039500138850556,88.845,23.16514671416086,23.055548118137654,8.199300396784622,40.885,10.525997609794477,10.441746461218077,1.1617293267075317,18.605
2026-10-22 08:46:44,50.032280868530854,50.06432195325553,58.039500138850556,88.845,23.16514671416086,23.055548118137654,8.199300396784622,40.885,10.525997609794477,10.441746461218077,1.1617293267075317,18.605
2026-10-22 09:01:44,50.032280868530854,50.06432195325553,58.039500138850556,88.845,23.16514671416086,23.055548118137654,8.199300396784622,40.885,10.525997609794477,10.441746461218077,1.1617293267075317,18.605
2026-10-22 09:16:44,50.03688897063066,50.0691436080273,58.04429769732334,88.85,23.16514671416086,23.055548118137654,8.199300396784622,40.885,10.525997609794477,10.441746461218077,1.1617293267075317,18.605
2026-10-22 09:31:44,50.03688897063066,50.0691436080273,58.04429769732334,88.85,23.16514671416086,23.055548118137654,8.199300396784622,40.885,10.525997609794477,10.441746461218077,1.1617293267075317,18.605
2026-10-22 09:46:44,50.03688897063066,50.0691436080273,58.04429769732334,88.85,23.165804635179143,23.05883222671608,8.200342654207612,40.89,10.525997609794477,10.441746461218077,1.1617293267075317,18.605
2026-10-22 10:01:44,50.03688897063066,50.0691436080273,58.04429769732334,88.85,23.165804635179143,23.05883222671608,8.200342654207612,40.89,10.525997609794477,10.441746461218077,1.1617293267075317,18.605
2026-10-22 10:16:44,50.03688897063066,50.0691436080273,58.04429769732334,88.85,23.165804635179143,23.05883222671608,8.200342654207612,40.89,10.525997609794477,10.441746461218077,1.1617293267075317,18.605
2026-10-22 10:31:44,50.03688897063066,50.0691436080273,58.04429769732334,88.85,23.165804635179143,23.05883222671608,8.200342654207612,40.89,10.525997609794477,10.441746461218077,1.1617293267075317,18.605
2026-10-22 10:46:44,50.0607744988397,50.089444445485924,58.067452414951525,88.885,23.172522194976928,23.063713854470016,8.20279002741205,40.9,10.525997609794477,10.441746461218077,1.1617293267075317,18.605
2026-10-22 11:01:44,50.06490030427479,50.09723168577274,58.07902863595677,88.9,23.17906514080536,23.07014993112902,8.204680429385776,40.91,10.525997609794477,10.441746461218077,1.1617293267075317,18.605
2026-10-22 11:16:44,50.069673137312975,50.09982104728955,58.084435288136845,88.91,23.182718151372264,23.070851270439462,8.206098654940451,40.915,10.525997609794477,10.441746461218077,1.1617293267075317,18.605
2026-10-22 11:31:44,50.08392141845285,50.118577142458044,58.1021325313777,88.935,23.18745182379555,23.079225490513235,8.2085072053211,40.925,10.525997609794477,10.441746461218077,1.1617293267075317,18.605
2026-10-22 11:46:44,50.08392141845285,50.118577142458044,58.1021325313777,88.935,23.18745182379555,23.079225490513235,8.2085072053211,40.925,10.525997609794477,10.441746461218077,1.1617293267075317,18.605
2026-10-22 12:01:44,50.08866570685596,50.123565331600986,58.10377382146743,88.94,23.18745182379555,23.079225490513235,8.2085072053211,40.925,10.525997609794477,10.441746461218077,1.1617293267075317,18.605
2026-10-22 12:16:44,50.134389335265766,50.16352943412977,58.14443490430564,89.005,23.19617703229737,23.09435799045686,8.213639904653165,40.95,10.53317553180854,10.450658729707532,1.1626709139083702,18.62
2026-10-22 12:31:44,50.14823651138666,50.1759220128632,58.15458622660815,89.025,23.202277800594768,23.09936329684178,8.215361932951767,40.96,10.53317553180854,10.450658729707532,1.1626709139083702,18.62
2026-10-22 12:46:44,50.153337182976166,50.1816303297948,58.1594132530785,89.035,23.202277800594768,23.09936329684178,8.215361932951767,40.96,10.53317553180854,10.450658729707532,1.1626709139083702,18.62
2026-10-22 13:01:44,50.15712348784394,50.18345694913058,58.16360950508357,89.04,23.205484241497675,23.10164846593725,8.216261666251716,40.965,10.53317553180854,10.450658729707532,1.1626709139083702,18.62
2026-10-22 13:16:44,50.165909723228225,50.1970585460255,58.18010090310903,89.065,23.212167165444836,23.107462231637356,8.218246709602747,40.975,10.53317553180854,10.450658729707532,1.1626709139083702,18.62
2026-10-22 13:31:44,50.18251756685296,50.214437888329606,58.19895940892223,89.095,23.219100494965875,23.115470931678,8.220874662279522,40.985,10.53317553180854,10.450658729707532,1.1626709139083702,18.62
2026-10-22 13:46:44,50.198597092655106,50.22426615922134,58.210931037973445,89.115,23.22022606220059,23.119758846303075,8.221468177516078,40.99,10.53317553180854,10.450658729707532,1.1626709139083702,18.62
2026-10-22 14:01:44,50.204312569930714,50.2332208814278,58.21834890749116,89.125,23.22022606220059,23.119758846303075,8.221468177516078,40.99,10.53317553180854,10.450658729707532,1.1626709139083702,18.62
2026-10-22 14:16:44,50.204312569930714,50.2332208814278,58.21834890749116,89.125,23.223153104528937,23.122470197505116,8.222749662155943,40.995,10.53317553180854,10.450658729707532,1.1626709139083702,18.62
2026-10-22 14:31:44,50.204312569930714,50.2332208814278,58.21834890749116,89.125,23.223153104528937,23.122470197505116,8.222749662155943,40.995,10.53317553180854,10.450658729707532,1.1626709139083702,18.62
2026-10-22 14:46:44,50.20775578089301,50.234639144002514,58.22034833285939,89.13,23.223153104528937,23.122470197505116,8.222749662155943,40.995,10.537599142177106,10.451680557689798,1.1630167621726266,18.625
2026-10-22 15:01:44,50.21688249854957,50.237435217955536,58.22736817583303,89.14,23.237521469906046,23.136497005117423,8.22805331303465,41.02,10.541006631025917,10.456302256317276,1.163406869391801,18.63
2026-10-22 15:16:44,50.226707378602086,50.246253186111765,58.23450716414258,89.155,23.2403232493245,23.138908923864708,8.228913809005277,41.025,10.542524471245134,10.45755343971476,1.1638404883757998,18.635
2026-10-22 15:31:44,50.25989748662496,50.274066925171,58.26769036096763,89.21,23.2403232493245,23.138908923864708,8.228913809005277,41.025,10.542524471245134,10.45755343971476,1.1638404883757998,18.635
2026-10-22 15:46:44,50.276896701094316,50.29508993585567,58.284707016442475,89.24,23.246941985534555,23.14851128638651,8.231068470636076,41.035,10.542524471245134,10.45755343971476,1.1638404883757998,18.635
2026-10-22 16:01:44,50.29996518534703,50.30807318675557,58.30490289169143,89.27,23.260604192155796,23.15685229432697,8.234710200806544,41.055,10.542524471245134,10.45755343971476,1.1638404883757998,18.635
2026-10-22 16:16:44,50.304781579649045,50.3131006489049,58.31513635654704,89.285,23.26326648204518,23.159781991836827,8.236056382556335,41.06,10.542524471245134,10.45755343971476,1.1638404883757998,18.635
2026-10-22 16:31:44,50.32652094855876,50.334967425125086,58.33843595006589,89.325,23.268014318324077,23.160870913417224,8.237446886279711,41.065,10.546762149063989,10.458340087773083,1.164065660282682,18.64
2026-10-22 16:46:44,50.35305629869353,50.37012121043454,58.36752872639979,89.37,23.269068007562172,23.164429594005018,8.238234456600162,41.07,10.546762149063989,10.458340087773083,1.164065660282682,18.64
2026-10-22 17:01:44,50.3658878842262,50.38757286653505,58.38612567927977,89.4,23.27300111079024,23.168841750043477,8.240185349286204,41.08,10.549430988047662,10.45985781852517,1.16454375755752,18.645
2026-10-22 17:16:44,50.38090877965922,50.40656920605139,58.40645068168595,89.43,23.27556515432695,23.170969914516082,8.241470272872471,41.085,10.549430988047662,10.45985781852517,1.16454375755752,18.645
2026-10-22 17:31:44,50.39211070243089,50.42129862309472,58.42198411015654,89.45,23.27858453319323,23.17276545779906,8.242124134870377,41.09,10.549430988047662,10.45985781852517,1.16454375755752,18.645
2026-10-22 17:46:44,50.40346514164713,50.43227661613957,58.43747938730213,89.47,23.283733107941718,23.181516181124994,8.24424079837985,41.1,10.549430988047662,10.45985781852517,1.16454375755752,18.645
2026-10-22 18:01:44,50.41709624968514,50.44820867027479,58.455371851074176,89.495,23.287979656951073,23.18609791488687,8.245381875724776,41.105,10.549430988047662,10.45985781852517,1.16454375755752,18.645
2026-10-22 18:16:44,50.43412555276427,50.46095546426395,58.47627792348274,89.52,23.297716415848967,23.198803743459298,8.248688563818,41.125,10.553670027944754,10.463134780731984,1.1647715388963953,18.65
2026-10-22 18:31:44,50.446605432777126,50.46968431057897,58.4881027774238,89.535,23.31049153229238,23.21037413749118,8.253053416953211,41.145,10.553670027944754,10.463134780731984,1.1647715388963953,18.65
2026-10-22 18:46:44,50.46408173473874,50.48360524076325,58.50841106780272,89.56,23.31049153229238,23.21037413749118,8.253053416953211,41.145,10.558684145501354,10.471071879620942,1.1651948572630537,18.66
2026-10-22 19:01:44,50.48075415803119,50.502894842673115,58.52854763801206,89.59,23.31759054253212,23.2180262944119,8.254886119134682,41.155,10.568676758483555,10.480674656067817,1.1662276572588703,18.675
2026-10-22 19:16:44,50.48935562294398,50.509453036639165,58.537174544256125,89.605,23.32046349706447,23.221654268377016,8.256217631820949,41.16,10.571614811073223,10.48321299026506,1.16670294065248,18.68
2026-10-22 19:31:44,50.49738522473402,50.51966809213825,58.54944450875729,89.625,23.333379629029984,23.229396265911024,8.260027400644544,41.18,10.576583733541499,10.485728893470656,1.167018063549124,18.685
2026-10-22 19:46:44,50.49738522473402,50.51966809213825,58.54944450875729,89.625,23.333379629029984,23.229396265911024,8.260027400644544,41.18,10.579905823566724,10.490428228452387,1.167221452901471,18.69
2026-10-22 20:01:44,50.506819113878166,50.534876568709784,58.56234996910364,89.645,23.337166952132463,23.232925021616424,8.26178142610404,41.19,10.590134413703462,10.502957015743416,1.1684705559153312,18.71
2026-10-22 20:16:44,50.520457054589556,50.54641901326927,58.57558401635927,89.665,23.34089776055328,23.23703318485202,8.262389154724687,41.195,10.593106267923844,10.506009278196132,1.1686915381761063,18.715
2026-10-22 20:31:44,50.53003930013208,50.55262020491751,58.583798424670576,89.68,23.344817057015554,23.2389830912158,8.262942190785397,41.2,10.593106267923844,10.506009278196132,1.1686915381761063,18.715
2026-10-22 20:46:44,50.60451895503469,50.62050161647301,58.678448043966874,89.815,23.36677617402013,23.2539760205494,8.26974367067483,41.24,10.596794203627947,10.508679948795258,1.1694149607948567,18.725
2026-10-22 21:01:44,50.613870555552175,50.627465134242,58.684690213484934,89.83,23.37136620761421,23.25735248915264,8.270732473678818,41.245,10.596794203627947,10.508679948795258,1.1694149607948567,18.725
2026-10-22 21:16:44,50.72237469937163,50.736673942096736,58.81058821429627,90.02,23.437585494351747,23.320264455323663,8.293278485667418,41.35,10.618625046867516,10.530425489073846,1.1720084908146242,18.77
2026-10-22 21:31:44,50.7950801925505,50.804594428132525,58.89060709056506,90.145,23.48496641061005,23.361189729483943,8.309448601885626,41.42,10.636563729540862,10.546446118520457,1.1737346751360456,18.8
2026-10-22 21:46:44,50.85139794724692,50.858163089208205,58.9584397154279,90.245,23.54205765654425,23.408254246610948,8.328347193776242,41.52,10.66433216381394,10.581771091527074,1.177154565664422,18.855
2026-10-22 22:01:44,50.91184238329551,50.91421606203507,59.022297189912194,90.345,23.591812323044074,23.458064123922878,8.343912815329027,41.595,10.684038439646038,10.60040609911072,1.1793974231462443,18.885
2026-10-22 22:16:44,50.93357281299559,50.934556607588206,59.0419734533458,90.38,23.602358951581124,23.472554917019302,8.348848219025504,41.62,10.686797394653672,10.603687847895591,1.1797532738672531,18.89
2026-10-22 22:31:44,50.935543094743224,50.93906754543597,59.04496285412235,90.385,23.602358951581124,23.472554917019302,8.348848219025504,41.62,10.686797394653672,10.603687847895591,1.1797532738672531,18.89
2026-10-22 22:46:44,50.98346712690523,51.003028801683335,59.10503341961459,90.48,23.629837065384372,23.50259932640387,8.357812547806356,41.665,10.707870962879737,10.628082285866872,1.1818024774034284,18.93
2026-10-22 23:01:44,51.02246586815055,51.0446016821832,59.156835206433584,90.55,23.66752954654057,23.539802523212277,8.371046431220993,41.735,10.720736520488137,10.643909554798611,1.183578439545812,18.955
2026-10-22 23:16:44,51.13697938928884,51.151972694695885,59.276230501540695,90.74,23.72337214431379,23.588049893044833,8.389103990606172,41.82,10.749552694974339,10.681158845911893,1.1877833855025786,19.015
2026-10-22 23:31:44,51.28978749471299,51.31772128247768,59.45928203032495,91.02,23.806297822900255,23.66917418799841,8.41913683393995,41.975,10.810876224125252,10.742802363719624,1.1944694163668563,19.11
2026-10-22 23:46:44,51.38776191042801,51.41371806601196,59.56791755231882,91.195,23.860142300419675,23.7369204291056,8.437391968396092,42.075,10.857978890343896,10.790634613004597,1.1993174421766637,19.195
2026-10-23 00:01:44,51.55100523217799,51.56607220249738,59.73395097748819,91.455,23.941838390537264,23.815837495295764,8.464601704682096,42.21,10.872444953891767,10.806445725671617,1.2018901589773159,19.23
2026-10-23 00:16:44,51.72929634252855,51.750123588735875,59.96734546550434,91.795,24.094417664660554,23.95388536588051,8.514724582859738,42.455,10.92149765562902,10.870791017479814,1.2086157980406098,19.325
2026-10-23 00:31:44,51.87587164196819,51.893252553137685,60.1203445981586,92.04,24.16355423209385,24.028958526217856,8.54074165397402,42.585,10.949130907929861,10.900694960536324,1.2116585697202007,19.375
2026-10-23 00:46:44,52.01028272551426,52.032520194007944,60.27600834845313,92.295,24.23246369756974,24.093575706224645,8.566782492581888,42.71,10.995954867303642,10.938596721767341,1.2169738474247387,19.46
2026-10-23 01:01:44,52.08039827339634,52.12070532561636,60.373835790515734,92.445,24.27819754823515,24.141079377811575,8.583674834223578,42.8,11.03813125189885,10.990077601469931,1.2213950184588827,19.535
2026-10-23 01:16:44,52.30410046618895,52.33177232168539,60.60002808029208,92.805,24.381607176784478,24.245975403790844,8.616388758448197,42.975,11.083530384191874,11.032237813227797,1.2254784321617451,19.605
2026-10-23 01:31:44,52.37800200652567,52.416955183705525,60.68464387298288,92.945,24.4541160292261,24.316557902969805,8.637768093830152,43.1,11.110353368225477,11.055587315591069,1.2282673181443955,19.65
2026-10-23 01:46:44,52.60699990370213,52.64746009127815,60.95169169727248,93.36,24.562524258905533,24.428590080365552,8.673824545613272,43.295,11.155225473302332,11.094640527405803,1.2327108369770594,19.72
2026-10-23 02:01:44,52.78343111898229,52.791283916773004,61.13375530976519,93.645,24.66990135038462,24.531105957441547,8.712182462608203,43.485,11.201490089643814,11.149130240499591,1.2379088341805558,19.8
2026-10-23 02:16:44,52.868225153616606,52.876878963166654,61.2131411817351,93.79,24.707108806479273,24.56387124771007,8.725853427328842,43.56,11.223476435449799,11.17417272777102,1.2403174580073075,19.84
2026-10-23 02:31:44,52.93388447253303,52.94407505181583,61.285529042185196,93.91,24.735268458508873,24.589133714597352,8.733512436907848,43.605,11.241570373937012,11.195612461241241,1.2421962111025622,19.87
2026-10-23 02:46:44,52.99353142740319,52.99960599006811,61.34260309579735,94.005,24.763197336658088,24.616246797060157,8.742935851709026,43.655,11.25690247777233,11.214028895330204,1.2437435962105392,19.9
2026-10-23 03:01:44,53.064367363303866,53.07087743799492,61.43060113369992,94.135,24.803266852123272,24.647535589121915,8.755426654674773,43.72,11.26404317884531,11.225112412571741,1.24485977483543,19.92
2026-10-23 03:16:44,53.148215027031334,53.15170907902379,61.526614964997144,94.295,24.82317801005702,24.66804148807589,8.76301400628855,43.76,11.27010009408209,11.234842208488342,1.2453280206890756,19.935
2026-10-23 03:31:44,53.148215027031334,53.15170907902379,61.526614964997144,94.295,24.82317801005702,24.66804148807589,8.76301400628855,43.76,11.27010009408209,11.234842208488342,1.2453280206890756,19.935
2026-10-23 03:46:44,53.148215027031334,53.15170907902379,61.526614964997144,94.295,24.82317801005702,24.66804148807589,8.76301400628855,43.76,11.27010009408209,11.234842208488342,1.2453280206890756,19.935
2026-10-23 04:01:44,53.148215027031334,53.15170907902379,61.526614964997144,94.295,24.82317801005702,24.66804148807589,8.76301400628855,43.76,11.27010009408209,11.234842208488342,1.2453280206890756,19.935
2026-10-23 04:16:44,53.148215027031334,53.15170907902379,61.526614964997144,94.295,24.82317801005702,24.66804148807589,8.76301400628855,43.76,11.27010009408209,11.234842208488342,1.2453280206890756,19.935
2026-10-23 04:31:44,53.148215027031334,53.15170907902379,61.526614964997144,94.295,24.82317801005702,24.66804148807589,8.76301400628855,43.76,11.27010009408209,11.234842208488342,1.2453280206890756,19.935
2026-10-23 04:46:44,53.148215027031334,53.15170907902379,61.526614964997144,94.295,24.825496635840896,24.673007365752976,8.76413299868919,43.765,11.27010009408209,11.234842208488342,1.2453280206890756,19.935
2026-10-23 05:01:44,53.148215027031334,53.15170907902379,61.526614964997144,94.295,24.825496635840896,24.673007365752976,8.76413299868919,43.765,11.27010009408209,11.234842208488342,1.2453280206890756,19.935
2026-10-23 05:16:44,53.148215027031334,53.15170907902379,61.526614964997144,94.295,24.825496635840896,24.673007365752976,8.76413299868919,43.765,11.27010009408209,11.234842208488342,1.2453280206890756,19.935
2026-10-23 05:31:44,53.15159129882278,53.15426571810682,61.53042775419889,94.3,24.825496635840896,24.673007365752976,8.76413299868919,43.765,11.27010009408209,11.234842208488342,1.2453280206890756,19.935
2026-10-23 05:46:44,53.15159129882278,53.15426571810682,61.53042775419889,94.3,24.825496635840896,24.673007365752976,8.76413299868919,43.765,11.27010009408209,11.234842208488342,1.2453280206890756,19.935
2026-10-23 06:01:44,53.15554923025974,53.15790015435377,61.53341792808897,94.305,24.825496635840896,24.673007365752976,8.76413299868919,43.765,11.27010009408209,11.234842208488342,1.2453280206890756,19.935
2026-10-23 06:16:44,53.15554923025974,53.15790015435377,61.53341792808897,94.305,24.825496635840896,24.673007365752976,8.76413299868919,43.765,11.27010009408209,11.234842208488342,1.2453280206890756,19.935
2026-10-23 06:31:44,53.15554923025974,53.15790015435377,61.53341792808897,94.305,24.825496635840896,24.673007365752976,8.76413299868919,43.765,11.27010009408209,11.234842208488342,1.2453280206890756,19.935
2026-10-23 06:46:44,53.15554923025974,53.15790015435377,61.53341792808897,94.305,24.825496635840896,24.673007365752976,8.76413299868919,43.765,11.27010009408209,11.234842208488342,1.2453280206890756,19.935
2026-10-23 07:01:44,53.1581464886193,53.15966469901315,61.537842469238335,94.31,24.825496635840896,24.673007365752976,8.76413299868919,43.765,11.27010009408209,11.234842208488342,1.2453280206890756,19.935
2026-10-23 07:16:44,53.1581464886193,53.15966469901315,61.537842469238335,94.31,24.825496635840896,24.673007365752976,8.76413299868919,43.765,11.27010009408209,11.234842208488342,1.2453280206890756,19.935
2026-10-23 07:31:44,53.2160324193811,53.22422754100032,61.61019602238332,94.42,24.871815091792943,24.711253791413316,8.77759636898409,43.835,11.284362152742299,11.246016672378484,1.2471942817891655,19.96
2026-10-23 07:46:44,53.28344157364149,53.28663406666042,61.68518037913803,94.535,24.89919263381316,24.733113663151325,8.786525580883561,43.885,11.289479220722567,11.253979913976956,1.2479685219524608,19.975
2026-10-23 08:01:44,53.361637202133515,53.36353381413153,61.77391286319208,94.67,24.92966503272595,24.761414516906953,8.79696225199146,43.93,11.310207091355268,11.267945302604122,1.25010999544,20.005
2026-10-23 08:16:44,53.450295369076336,53.446919174130876,61.872648502088914,94.83,24.959585492503084,24.804303148786502,8.812201660813747,44.0,11.336394537225383,11.30252405903598,1.2538939768665216,20.06
2026-10-23 08:31:44,53.527238910608084,53.518998654139736,61.96043315281059,94.955,24.9916793680538,24.82831034381092,8.823018177523364,44.055,11.355909955569528,11.324131676726951,1.2563798442566285,20.095
2026-10-23 08:46:44,53.60471654099812,53.5943314701189,62.05896003228404,95.095,25.031824841550733,24.86869883968407,8.83734129991335,44.13,11.366064564403603,11.33247737023715,1.2572518317922636,20.11
2026-10-23 09:01:44,53.68003377030321,53.675312240428305,62.152323982881335,95.235,25.090537674725866,24.92297860350024,8.858760843912302,44.23,11.386769145430097,11.351174188659382,1.259846238529958,20.145
2026-10-23 09:16:44,53.76999086683868,53.763840850323156,62.26406314249065,95.395,25.11711648205623,24.95645860553983,8.869486394358809,44.29,11.397753475774858,11.362902268733938,1.2611353881738332,20.17
2026-10-23 09:31:44,53.85058177611815,53.84852441013976,62.364886842842836,95.55,25.150367334086,24.990069850234537,8.882473356407537,44.35,11.411845229429098,11.376742820902953,1.262452624290749,20.195
2026-10-23 09:46:44,53.87053952068904,53.86979811780384,62.38945884577673,95.585,25.15313659235011,24.993667451107243,8.885128936122005,44.36,11.411845229429098,11.376742820902953,1.262452624290749,20.195
2026-10-23 10:01:44,53.89116570327824,53.88512400421169,62.40666628325287,95.62,25.16226850562046,24.99947617604057,8.888399813674845,44.38,11.414700471682883,11.378380758519262,1.2626947289901005,20.2
2026-10-23 10:16:44,53.89116570327824,53.88512400421169,62.40666628325287,95.62,25.16226850562046,24.99947617604057,8.888399813674845,44.38,11.417850875189345,11.379262789509822,1.2630216915143708,20.205
2026-10-23 10:31:44,53.94496367693508,53.95605137904722,62.47989203254049,95.735,25.193696941029987,25.02337714010599,8.896315062799323,44.42,11.417850875189345,11.379262789509822,1.2630216915143708,20.205
2026-10-23 10:46:44,53.97909847474475,53.990998186152176,62.52042694192083,95.8,25.195582126701925,25.029074987406908,8.898590409926188,44.43,11.420313031693308,11.384088934949133,1.2634763347828186,20.21
2026-10-23 11:01:44,54.031467241731356,54.03254619690845,62.56543689101831,95.875,25.215641417271343,25.04932660146364,8.906775589648095,44.47,11.426264255419472,11.392096384797792,1.2642200611357688,20.225
2026-10-23 11:16:44,54.102110920392604,54.09902342663439,62.63824642182087,95.995,25.23497089987787,25.066611108521993,8.911666451182294,44.495,11.430316328195438,11.393842970173377,1.2645336922548376,20.23
2026-10-23 11:31:44,54.15051742928614,54.15234173386323,62.69881647733296,96.08,25.25388182678208,25.088055037762633,8.918269044719754,44.53,11.430316328195438,11.393842970173377,1.2645336922548376,20.23
2026-10-23 11:46:44,54.18463050891196,54.19369526441533,62.73330254366141,96.135,25.271656737384333,25.09953926141424,8.924392625835395,44.56,11.430316328195438,11.393842970173377,1.2645336922548376,20.23
2026-10-23 12:01:44,54.231373931834845,54.248859612537494,62.796881082393085,96.23,25.293146239714957,25.12634971614243,8.933247345350656,44.6,11.436692379547498,11.405903754662058,1.265311779897514,20.245
2026-10-23 12:16:44,54.26134952769955,54.28516229988423,62.83037727293892,96.285,25.300480860596185,25.131152879236566,8.934823602617122,44.61,11.439905312764086,11.408192256843636,1.265461374559538,20.25
2026-10-23 12:31:44,54.26686155498774,54.29294959710143,62.83878890759293,96.295,25.304675900400554,25.131781802588762,8.936301482837555,44.615,11.439905312764086,11.408192256843636,1.265461374559538,20.25
2026-10-23 12:46:44,54.29608822022602,54.32453901369988,62.866332282956535,96.345,25.315826331539597,25.141205771791324,8.938856910605343,44.63,11.439905312764086,11.408192256843636,1.265461374559538,20.25
2026-10-23 13:01:44,54.300096080699085,54.32814125537405,62.87040612889399,96.35,25.315826331539597,25.141205771791324,8.938856910605343,44.63,11.439905312764086,11.408192256843636,1.265461374559538,20.25
2026-10-23 13:16:44,54.323909460110386,54.339291981352865,62.89323919788029,96.38,25.31691671622956,25.142540209667096,8.939877147190801,44.635,11.439905312764086,11.408192256843636,1.265461374559538,20.25
2026-10-23 13:31:44,54.33304032270254,54.347229646207985,62.905649084581526,96.4,25.321379382053372,25.143928131209645,8.9409224025154,44.64,11.439905312764086,11.408192256843636,1.265461374559538,20.25
2026-10-23 13:46:44,54.34161762356713,54.35803590576101,62.923096794459184,96.425,25.323846164382694,25.148818341300277,8.942410065919148,44.645,11.443506028919506,11.410069613108416,1.265818603001581,20.255
2026-10-23 14:01:44,54.35661544511792,54.36962846762301,62.93821380300534,96.45,25.323846164382694,25.148818341300277,8.942410065919148,44.645,11.44440723456506,11.413724177301853,1.2659922374576276,20.26
2026-10-23 14:16:44,54.38372758464913,54.399754488123506,62.96627436273063,96.5,25.333894094485526,25.157895351619867,8.947706194900311,44.67,11.449374588456111,11.418559268961193,1.266646162695787,20.27
2026-10-23 14:31:44,54.408962816538434,54.42387807508342,62.99232726119688,96.54,25.34025664473776,25.16056832633822,8.949679455166663,44.68,11.449374588456111,11.418559268961193,1.266646162695787,20.27
2026-10-23 14:46:44,54.42660208274495,54.44084731307829,63.00902564192971,96.565,25.346163516335057,25.169276722709185,8.951202421340946,44.69,11.449374588456111,11.418559268961193,1.266646162695787,20.27
2026-10-23 15:01:44,54.45143384395722,54.4669933682304,63.037647429046814,96.605,25.349604473852924,25.173582819808985,8.952904740640237,44.7,11.452988350974577,11.426109118532592,1.2672323273691235,20.28
2026-10-23 15:16:44,54.46549704666527,54.48268821241758,63.05656780101675,96.635,25.35991031693024,25.18182834827271,8.955858213576736,44.715,11.462868739305476,11.439226320970622,1.268408990538417,20.295
2026-10-23 15:31:44,54.49735797095721,54.51313692451669,63.09329236992811,96.69,25.363760329711052,25.186410116435084,8.956400163357403,44.72,11.469130021610654,11.44310699363144,1.2690288701304366,20.305
2026-10-23 15:46:44,54.544771984449085,54.55861367675598,63.13255317860842,96.765,25.373070152385495,25.190930079642015,8.959922928066588,44.735,11.469130021610654,11.44310699363144,1.2690288701304366,20.305
2026-10-23 16:01:44,54.58123709726618,54.597417920050084,63.172523735944935,96.83,25.375827284598664,25.195287501775844,8.962115369382195,44.745,11.470357737499253,11.444958668028898,1.2692572451941997,20.31
2026-10-23 16:16:44,54.586558325523185,54.602148778133724,63.181003867621676,96.84,25.38382422733926,25.201064736618065,8.965749330300165,44.76,11.470357737499253,11.444958668028898,1.2692572451941997,20.31
2026-10-23 16:31:44,54.596305960440134,54.61162385185274,63.19262970198056,96.86,25.38382422733926,25.201064736618065,8.965749330300165,44.76,11.472298832468054,11.45287479947632,1.2698993570609494,20.32
2026-10-23 16:46:44,54.60489879692649,54.62055569651154,63.20139846249834,96.875,25.388416813104158,25.20190213581499,8.96674904557163,44.765,11.476387105344157,11.456352212793277,1.2703798679870697,20.325
2026-10-23 17:01:44,54.60489879692649,54.62055569651154,63.20139846249834,96.875,25.388416813104158,25.20190213581499,8.96674904557163,44.765,11.476387105344157,11.456352212793277,1.2703798679870697,20.325
2026-10-23 17:16:44,54.60489879692649,54.62055569651154,63.20139846249834,96.875,25.388416813104158,25.20190213581499,8.96674904557163,44.765,11.476387105344157,11.456352212793277,1.2703798679870697,20.325
2026-10-23 17:31:44,54.61072571747243,54.626081138450715,63.20817900257275,96.885,25.38934053914424,25.20531331111054,8.96781247154006,44.77,11.479625789068267,11.459902149658177,1.2707916157313062,20.33
2026-10-23 17:46:44,54.612709693683165,54.6287968525717,63.21061964516502,96.89,25.39387189818709,25.208629755151946,8.968614943319825,44.775,11.479625789068267,11.459902149658177,1.2707916157313062,20.33
2026-10-23 18:01:44,54.63047270635084,54.64505599877251,63.22607776805856,96.915,25.395110196936784,25.211767064478085,8.969617879619836,44.78,11.479625789068267,11.459902149658177,1.2707916157313062,20.33
2026-10-23 18:16:44,54.63541606168378,54.64571568124298,63.23000029129456,96.92,25.395110196936784,25.211767064478085,8.969617879619836,44.78,11.483384678893456,11.463507913184442,1.2711325567775735,20.335
2026-10-23 18:31:44,54.63541606168378,54.64571568124298,63.23000029129456,96.92,25.395110196936784,25.211767064478085,8.969617879619836,44.78,11.483384678893456,11.463507913184442,1.2711325567775735,20.335
2026-10-23 18:46:44,54.64101831679261,54.65336803516667,63.235287098707666,96.93,25.396757777929466,25.216611904241223,8.970625040768732,44.785,11.483384678893456,11.463507913184442,1.2711325567775735,20.335
2026-10-23 19:01:44,54.664741190436466,54.67442121170964,63.25877882591834,96.965,25.39934514958802,25.22105228709893,8.971965143830417,44.79,11.487517336195113,11.465476731791396,1.2712880553042076,20.34
2026-10-23 19:16:44,54.68682336885814,54.69693443616284,63.28619981780303,97.005,25.410199807138987,25.231233446087874,8.975944963214747,44.81,11.487517336195113,11.465476731791396,1.2712880553042076,20.34
2026-10-23 19:31:44,54.75051773969788,54.77101163518711,63.37279054281055,97.14,25.42928617156847,25.25348560865313,8.983678411365142,44.85,11.500119508433071,11.482203622832944,1.2727034023161776,20.365
2026-10-23 19:46:44,54.80421862765199,54.82976176140548,63.43190601405219,97.23,25.462640398921696,25.304611008474296,8.999295830301996,44.93,11.52022815412931,11.49873178304705,1.2746589586551098,20.395
2026-10-23 20:01:44,54.866238085085996,54.88955872779271,63.512699264631046,97.345,25.489655599117725,25.334449270484637,9.007762949233994,44.98,11.532605363444414,11.508020189045373,1.2761997922494668,20.415
2026-10-23 20:16:44,54.91288601817403,54.933289362968324,63.566382986952135,97.425,25.51278333113742,25.353652391946774,9.015057406124837,45.015,11.54522929396144,11.519320399047336,1.2771371113918417,20.435
2026-10-23 20:31:44,54.958926325949335,54.98752400505307,63.6209019774696,97.515,25.538372481672216,25.374516399610197,9.026528096028697,45.065,11.54522929396144,11.519320399047336,1.2771371113918417,20.435
2026-10-23 20:46:44,54.99918082762438,55.033031428355535,63.65902255221861,97.585,25.561439410159636,25.399974891861866,9.034747287546073,45.11,11.54795079131005,11.524207509263128,1.2772742952993856,20.44
2026-10-23 21:01:44,55.07641354046572,55.12019376996094,63.76247380411152,97.74,25.597461879992274,25.44120388568607,9.048171825920862,45.18,11.560018998782725,11.533362927615425,1.2785593971682494,20.455
2026-10-23 21:16:44,55.16105844009326,55.19940698233229,63.847428194144214,97.875,25.616076295061042,25.465422863456183,9.055605108987466,45.22,11.570830297345783,11.549410924876572,1.2803033087013387,20.48
2026-10-23 21:31:44,55.19143793095902,55.23606265287873,63.90411581386936,97.945,25.651759214621972,25.50146429163301,9.070137665769991,45.29,11.587141637544773,11.565681748968993,1.2817862649808573,20.505
2026-10-23 21:46:44,55.2436927115021,55.290792451194335,63.95713801242235,98.035,25.67870347552709,25.520514262892007,9.08192596732165,45.34,11.603956434449243,11.586109436493217,1.2832164758137643,20.535
2026-10-23 22:01:44,55.28187323599182,55.324932638520316,64.0014641337856,98.095,25.690882914555566,25.535345786452165,9.087656046353404,45.365,11.611495436083633,11.597066134228175,1.2840683293060469,20.55
2026-10-23 22:16:44,55.30141932971404,55.337225195978924,64.0216808607313,98.125,25.701634041804788,25.55096636636402,9.0920820400139,45.39,11.61761262805526,11.603051119676861,1.2846303424665544,20.56
2026-10-23 22:31:44,55.3323547739707,55.36104745192552,64.05178853484286,98.175,25.731130532591326,25.579784003006978,9.102093405810086,45.435,11.624709217159047,11.612115631223807,1.285298809103236,20.57
2026-10-23 22:46:44,55.3323547739707,55.36104745192552,64.05178853484286,98.175,25.731130532591326,25.579784003006978,9.102093405810086,45.435,11.624709217159047,11.612115631223807,1.285298809103236,20.57
2026-10-23 23:01:44,55.3323547739707,55.36104745192552,64.05178853484286,98.175,25.731130532591326,25.579784003006978,9.102093405810086,45.435,11.624709217159047,11.612115631223807,1.285298809103236,20.57
2026-10-23 23:16:44,55.3323547739707,55.36104745192552,64.05178853484286,98.175,25.731130532591326,25.579784003006978,9.102093405810086,45.435,11.624709217159047,11.612115631223807,1.285298809103236,20.57
2026-10-23 23:31:44,55.334437097700786,55.364034277204325,64.0557759161458,98.18,25.731130532591326,25.579784003006978,9.102093405810086,45.435,11.624709217159047,11.612115631223807,1.285298809103236,20.57
2026-10-23 23:46:44,55.334437097700786,55.364034277204325,64.0557759161458,98.18,25.731130532591326,25.579784003006978,9.102093405810086,45.435,11.624709217159047,11.612115631223807,1.285298809103236,20.57
2026-10-24 00:01:44,55.345548037429054,55.37695810069113,64.07171887938868,98.2,25.736018685807238,25.581830865211607,9.102846516336077,45.44,11.629522972893993,11.619743470738996,1.2857804583782675,20.58
2026-10-24 00:16:44,55.36952416782646,55.40330755581804,64.10209009117521,98.245,25.753605709387685,25.595216504856925,9.110798503530939,45.475,11.629522972893993,11.619743470738996,1.2857804583782675,20.58
2026-10-24 00:31:44,55.38283167319591,55.41842586111397,64.12137880445482,98.275,25.75779674331547,25.599880610134537,9.111426750520119,45.48,11.631196422562864,11.623043613612502,1.2860049115730297,20.585
2026-10-24 00:46:44,55.430139447921206,55.46224454373685,64.16856970443338,98.36,25.775926282846143,25.62060543741433,9.119567622076975,45.52,11.645431374275088,11.639724949217342,1.287240577706563,20.61
2026-10-24 01:01:44,55.441944257218765,55.474208230108204,64.17494347886432,98.375,25.790965260152753,25.62921737699728,9.124513917261758,45.545,11.655026299903836,11.649543816288487,1.2881506582401248,20.625
2026-10-24 01:16:44,55.441944257218765,55.474208230108204,64.17494347886432,98.375,25.793960847041657,25.631654426344888,9.12522664087336,45.55,11.655026299903836,11.649543816288487,1.2881506582401248,20.625
2026-10-24 01:31:44,55.441944257218765,55.474208230108204,64.17494347886432,98.375,25.793960847041657,25.631654426344888,9.12522664087336,45.55,11.655026299903836,11.649543816288487,1.2881506582401248,20.625
2026-10-24 01:46:44,55.441944257218765,55.474208230108204,64.17494347886432,98.375,25.793960847041657,25.631654426344888,9.12522664087336,45.55,11.655026299903836,11.649543816288487,1.2881506582401248,20.625
2026-10-24 02:01:44,55.49151894838712,55.526937443001884,64.23374577493767,98.465,25.823437335947347,25.664055194214146,9.137891836775637,45.61,11.667982987775215,11.66258377902652,1.2898012021412686,20.655
2026-10-24 02:16:44,55.58312142211113,55.62080436335611,64.34501215342557,98.635,25.86688136603149,25.719090577528213,9.156792089430292,45.7,11.693482679658311,11.686880523229478,1.2923881413043696,20.695
2026-10-24 02:31:44,55.6341113733877,55.66774527518892,64.38947237578132,98.715,25.903080200345958,25.753603760433286,9.16805610692613,45.755,11.697315622136149,11.694093079160146,1.2929908949374507,20.705
2026-10-24 02:46:44,55.69514209647717,55.73561767535004,64.47160693570389,98.83,25.9467348530139,25.79499112901839,9.181477180910365,45.83,11.708662322583043,11.70547287232094,1.2947818172137888,20.73
2026-10-24 03:01:44,55.69514209647717,55.73561767535004,64.47160693570389,98.83,25.9467348530139,25.79499112901839,9.181477180910365,45.83,11.708662322583043,11.70547287232094,1.2947818172137888,20.73
2026-10-24 03:16:44,55.74249292471651,55.783256373492584,64.52880160996246,98.92,26.004914972191692,25.8542100964018,9.201965420337213,45.93,11.719469697077637,11.717747321298212,1.2963283265115648,20.755
2026-10-24 03:31:44,55.75443910734231,55.797753865163116,64.53966964255417,98.945,26.018748025883564,25.86169484881791,9.206020121033495,45.95,11.728626752471502,11.720660480600392,1.296937746057182,20.765
2026-10-24 03:46:44,55.79684718417341,55.84933202139122,64.58462338620065,99.025,26.0477335077954,25.901798404321152,9.215665901813882,46.01,11.755962782517061,11.747091278153755,1.2996898155765402,20.81
2026-10-24 04:01:44,55.86337311705989,55.914713054359495,64.67066625395684,99.155,26.08611064862952,25.945414551781365,9.229876481833832,46.085,11.76178285998713,11.75824577935067,1.3002653817474494,20.825
2026-10-24 04:16:44,55.9443993230857,56.00091293416016,64.76114091330327,99.3,26.148934512404132,25.997096925754214,9.252998004903393,46.19,11.772528586064112,11.777747980141706,1.3022856776711835,20.86
2026-10-24 04:31:44,55.97829308826049,56.043871837647636,64.80948947757037,99.37,26.193978020742804,26.04528227339662,9.275115737667052,46.28,11.800959461816346,11.800109970657168,1.304701248939506,20.9
2026-10-24 04:46:44,56.03004707789624,56.0979916303725,64.87665664976235,99.465,26.22802160146441,26.07909109860185,9.290131323318539,46.345,11.813434767461828,11.812786362464477,1.3059686746098298,20.92
2026-10-24 05:01:44,56.09708505204299,56.164158187012305,64.94822683429352,99.575,26.27236912218259,26.113852094192016,9.30565050025523,46.42,11.84358790098957,11.844851291791024,1.3089192014021442,20.98
2026-10-24 05:16:44,56.21094429569125,56.26518874084958,65.08378036918054,99.785,26.324487157498183,26.165761832628203,9.324116858259966,46.515,11.863293344311796,11.86220802480539,1.3111165834160672,21.015
2026-10-24 05:31:44,56.291292553111994,56.35988368696472,65.18866353324592,99.95,26.353348899816716,26.20109178638698,9.33409877082193,46.575,11.892956429736332,11.88890491659849,1.3138509667476193,21.06
2026-10-24 05:46:44,56.32827734879069,56.39992982104676,65.23226838459631,100.015,26.37498211109502,26.219014425615466,9.341608380044335,46.615,11.9050871779162,11.900043700161387,1.315273993170011,21.08
2026-10-24 06:01:44,56.41057558101691,56.4623039031065,65.3182928763974,100.145,26.40795793155308,26.254240997338478,9.355578796764583,46.685,11.914740777504106,11.915913245275288,1.3164959483562868,21.105
2026-10-24 06:16:44,56.546515150416695,56.61611126282273,65.50810098152742,100.425,26.477342332440074,26.32766512029351,9.383176981697334,46.82,11.967156241422089,11.971523549025703,1.3227184008388355,21.2
2026-10-24 06:31:44,56.57882053607631,56.6531722259652,65.54750285893454,100.49,26.49515363790442,26.337419950406776,9.389598679079887,46.85,11.97064614563794,11.975203725461443,1.3231416097115394,21.205
2026-10-24 06:46:44,56.63610110968517,56.71312475935299,65.6222552726937,100.595,26.54339818302936,26.376342662989607,9.406153165440802,46.93,11.998687675137742,12.005796565483825,1.3268720465505084,21.26
2026-10-24 07:01:44,56.745046403870596,56.81481117005138,65.74364959216463,100.785,26.590790108018712,26.434326111667932,9.424039761915942,47.02,12.025257481207227,12.02956832235148,1.3294967886314275,21.305
2026-10-24 07:16:44,56.86653642757269,56.94930335598351,65.91522172433028,101.04,26.66060432982911,26.500233745893624,9.448255529669929,47.145,12.046618173597006,12.055227888810673,1.3323525384363377,21.35
2026-10-24 07:31:44,57.00055820943464,57.084715493903666,66.05310148642349,101.255,26.719843662112705,26.569960991325647,9.47020580870372,47.25,12.081591653555627,12.089454258900878,1.3358257673148806,21.415
2026-10-24 07:46:44,57.02955005217061,57.11517618896974,66.08811773390458,101.305,26.738680003702907,26.597474172140917,9.477534578603784,47.285,12.096066154675936,12.097677400634165,1.3370358865539302,21.43
2026-10-24 08:01:44,57.04975634133068,57.136939224445456,66.11549300298829,101.345,26.74922084823898,26.606819228054228,9.480602759509575,47.3,12.096066154675936,12.097677400634165,1.3370358865539302,21.43
2026-10-24 08:16:44,57.09317592496835,57.183266315848975,66.16231722778885,101.415,26.758986914555695,26.617397181005977,9.483979612161455,47.32,12.10122075327626,12.101449765743727,1.3375338499717966,21.44
2026-10-24 08:31:44,57.127132610501,57.207696129534895,66.19170478100575,101.46,26.761505263735323,26.621629353468645,9.486168585507288,47.33,12.107290931463934,12.109937768927223,1.3386248406810661,21.455
2026-10-24 08:46:44,57.2374135612749,57.32157408529423,66.30573914007365,101.64,26.818103007848414,26.67295070442794,9.506459465656999,47.43,12.152182790542152,12.137861770448923,1.3425558198608416,21.525
2026-10-24 09:01:44,57.378503817855886,57.464932345527274,66.46080732550782,101.89,26.870229195388347,26.724309690198417,9.525987376079309,47.53,12.167462357618898,12.153940195423395,1.3441254481577658,21.55
2026-10-24 09:16:44,57.502341109663945,57.594980498710754,66.5923943049753,102.11,26.928163207667115,26.793822834999084,9.547852941601164,47.64,12.192222361344243,12.177388104670637,1.3468845591189884,21.595
2026-10-24 09:31:44,57.619723314321384,57.70116255784318,66.72517066494625,102.3,26.990762338045176,26.839042192952874,9.56330007154914,47.725,12.241904338339879,12.225395917284073,1.3518321446783943,21.67
2026-10-24 09:46:44,57.68295523376119,57.76575982282564,66.80067634393279,102.415,27.038019579450285,26.888419250291335,9.580178766854706,47.81,12.254596906403533,12.243465828900659,1.3540097105175062,21.7
2026-10-24 10:01:44,57.85920376569575,57.9175622525965,66.99291129227534,102.715,27.076770849721797,26.931016614687163,9.592672015615538,47.88,12.27256846400017,12.264546128841731,1.3556243369818908,21.73
2026-10-24 10:16:44,57.98941976835949,58.040895721455776,67.13554082099854,102.935,27.139501175093184,26.981879472992897,9.614231250348945,47.98,12.294182333480647,12.28716903918443,1.3581189739254727,21.765
2026-10-24 10:31:44,58.03238959236625,58.09184288852611,67.18939145917106,103.015,27.148878460113444,26.990377566143085,9.617448310327067,47.995,12.301999493336229,12.292585753407074,1.3583959645345491,21.775
2026-10-24 10:46:44,58.04997960753712,58.10807276128392,67.20589192878226,103.04,27.156341330331934,26.996425323375345,9.621193241515813,48.01,12.303415009434332,12.293802932653362,1.3586140455429352,21.78
2026-10-24 11:01:44,58.0594686274474,58.115159835712305,67.22287674569205,103.06,27.158442748507568,27.00136359147889,9.621724596354692,48.015,12.303415009434332,12.293802932653362,1.3586140455429352,21.78
2026-10-24 11:16:44,58.096476787514206,58.14890863218001,67.25855766088436,103.12,27.168767147212705,27.009341923071457,9.624293391284187,48.03,12.307660544781019,12.298560555838229,1.3592433154782564,21.79
2026-10-24 11:31:44,58.096476787514206,58.14890863218001,67.25855766088436,103.12,27.168767147212705,27.009341923071457,9.624293391284187,48.03,12.307660544781019,12.298560555838229,1.3592433154782564,21.79
2026-10-24 11:46:44,58.11280954091848,58.16754782491392,67.28252000822899,103.155,27.168767147212705,27.009341923071457,9.624293391284187,48.03,12.314365508524036,12.30191474443715,1.3595926312228546,21.8
2026-10-24 12:01:44,58.118713970219495,58.17636872962286,67.28803085849067,103.165,27.168767147212705,27.009341923071457,9.624293391284187,48.03,12.314365508524036,12.30191474443715,1.3595926312228546,21.8
2026-10-24 12:16:44,58.118713970219495,58.17636872962286,67.28803085849067,103.165,27.168767147212705,27.009341923071457,9.624293391284187,48.03,12.314365508524036,12.30191474443715,1.3595926312228546,21.8
2026-10-24 12:31:44,58.118713970219495,58.17636872962286,67.28803085849067,103.165,27.168767147212705,27.009341923071457,9.624293391284187,48.03,12.314365508524036,12.30191474443715,1.3595926312228546,21.8
2026-10-24 12:46:44,58.118713970219495,58.17636872962286,67.28803085849067,103.165,27.168767147212705,27.009341923071457,9.624293391284187,48.03,12.314365508524036,12.30191474443715,1.3595926312228546,21.8
2026-10-24 13:01:44,58.118713970219495,58.17636872962286,67.28803085849067,103.165,27.168767147212705,27.009341923071457,9.624293391284187,48.03,12.314365508524036,12.30191474443715,1.3595926312228546,21.8
2026-10-24 13:16:44,58.12887555094608,58.18974058555858,67.30576505724518,103.19,27.16985276538872,27.014041314612847,9.625255166717137,48.035,12.314365508524036,12.30191474443715,1.3595926312228546,21.8
2026-10-24 13:31:44,58.1418603970682,58.198942111168094,67.31587720887882,103.21,27.171383689092135,27.019037043617452,9.626351949869763,48.04,12.323076519229671,12.308542284999357,1.3601633100327057,21.81
2026-10-24 13:46:44,58.14500300082118,58.201908078222345,67.32032247675431,103.215,27.174593545679624,27.023676939068892,9.627533308557448,48.045,12.325213761295897,12.31246317034179,1.360370026371602,21.815
2026-10-24 14:01:44,58.15467608381519,58.21143611445265,67.33118531359584,103.23,27.176357563200813,27.026007206176057,9.628393635849786,48.05,12.325213761295897,12.31246317034179,1.360370026371602,21.815
2026-10-24 14:16:44,58.16756527077816,58.2198168036612,67.34141427718194,103.245,27.176357563200813,27.026007206176057,9.628393635849786,48.05,12.325213761295897,12.31246317034179,1.360370026371602,21.815
2026-10-24 14:31:44,58.184756024073906,58.235531417687945,67.35706727703347,103.275,27.181223478539785,27.0301627093713,9.629462719763525,48.055,12.326184984616349,12.31677712871451,1.3606973305734558,21.82
2026-10-24 14:46:44,58.19971948390037,58.248629400456956,67.36682968837574,103.3,27.188373996039562,27.041889261626174,9.63340120707933,48.075,12.329356226502808,12.321216614465099,1.3608933953560836,21.825
2026-10-24 15:01:44,58.21857158384205,58.2704837591136,67.39160687396628,103.34,27.198271252633155,27.05259090349788,9.636395216739498,48.09,12.331949345358122,12.322715339470172,1.3610503455499003,21.83
2026-10-24 15:16:44,58.22526105691055,58.28582662288892,67.41066263826035,103.365,27.20939046771814,27.06487009401262,9.639414729585043,48.11,12.34009927835336,12.331482454347421,1.3617238651316428,21.84
2026-10-24 15:31:44,58.2317861455989,58.2936710455397,67.42453076586344,103.38,27.21127771692274,27.067628434810803,9.640099210529396,48.115,12.34009927835336,12.331482454347421,1.3617238651316428,21.84
2026-10-24 15:46:44,58.24247643233383,58.30285995412359,67.43485629545984,103.4,27.21127771692274,27.067628434810803,9.640099210529396,48.115,12.34009927835336,12.331482454347421,1.3617238651316428,21.84
2026-10-24 16:01:44,58.25802198610294,58.31988987055529,67.45135108229941,103.435,27.230047195184696,27.081090152694845,9.645539252408783,48.14,12.34009927835336,12.331482454347421,1.3617238651316428,21.84
2026-10-24 16:16:44,58.26004406918532,58.32077386953274,67.45477703043385,103.44,27.23502133331793,27.086034202500954,9.64654663449571,48.145,12.34009927835336,12.331482454347421,1.3617238651316428,21.84
2026-10-24 16:31:44,58.27165775341111,58.33199584965334,67.46913988373846,103.46,27.243766618780562,27.093442990885634,9.649297504410107,48.16,12.341434455070658,12.333050698471238,1.3621077463345148,21.845
2026-10-24 16:46:44,58.27576865349233,58.33501845247092,67.47485743048267,103.47,27.24471132120094,27.09592758082086,9.650216401513205,48.165,12.345633718020025,12.339988346162356,1.3628536377668166,21.855
2026-10-24 17:01:44,58.301298930943716,58.353860759641755,67.50243540665639,103.505,27.254784308218234,27.109934796647337,9.653237294502507,48.185,12.345633718020025,12.339988346162356,1.3628536377668166,21.855
2026-10-24 17:16:44,58.318777147385475,58.36518533257319,67.5175089227757,103.525,27.264857941042344,27.118922163692098,9.656353842890697,48.2,12.345633718020025,12.339988346162356,1.3628536377668166,21.855
2026-10-24 17:31:44,58.321418760895135,58.36829537760814,67.52116440766387,103.53,27.268452316056628,27.1204997609564,9.657172145866761,48.205,12.35430825338527,12.351532318492795,1.3636111719828699,21.87
2026-10-24 17:46:44,58.33207218681633,58.37898898109444,67.53414179762312,103.55,27.268452316056628,27.1204997609564,9.657172145866761,48.205,12.359487226943834,12.362897798504768,1.364423708774021,21.885
2026-10-24 18:01:44,58.350896922512945,58.40132854741842,67.55896928585871,103.585,27.27581064393567,27.129871373827534,9.660053848682805,48.22,12.36292388868363,12.36610447658903,1.3647093600748823,21.89
2026-10-24 18:16:44,58.372965497847936,58.42199259936765,67.58361944343184,103.62,27.27694530527439,27.13473004616861,9.660653163643348,48.225,12.36292388868363,12.36610447658903,1.3647093600748823,21.89
2026-10-24 18:31:44,58.425718900391715,58.476352861126905,67.64045563893056,103.715,27.30633698394185,27.177154011028232,9.67257625962577,48.285,12.378301437325261,12.37787988564382,1.3658348460622458,21.91
2026-10-24 18:46:44,58.5477565794328,58.5808165637408,67.77029934938669,103.905,27.326442869805412,27.203622105653363,9.679392549195699,48.325,12.38486465520012,12.381992180757571,1.3663615873156663,21.92
2026-10-24 19:01:44,58.613750613655746,58.63798497067177,67.848788982536,104.025,27.349286737082075,27.23582341735162,9.689954839539638,48.375,12.397149563029357,12.395979344744013,1.3678027296552964,21.94
2026-10-24 19:16:44,58.733290102281174,58.771935685706886,67.99559976712175,104.25,27.40279252780075,27.3024387402517,9.715391718690283,48.49,12.447309804603867,12.43536217191874,1.3723986521201528,22.015
2026-10-24 19:31:44,58.79355936454873,58.84351754139513,68.08124594030785,104.375,27.44057776286208,27.3292581663634,9.724991459641183,48.545,12.451112922690807,12.43928589322371,1.3731086604661469,22.025
2026-10-24 19:46:44,58.88811982624127,58.93651358178867,68.18291156757333,104.535,27.47164043920172,27.36725417475039,9.737924199267024,48.605,12.476706097242502,12.471399506431117,1.3760366168707012,22.07
2026-10-24 20:01:44,58.93643014590081,58.974507828344954,68.23336014281247,104.615,27.492399195199013,27.393501661156993,9.74624362659874,48.645,12.48287551088908,12.47803669340199,1.3765821097231972,22.08
2026-10-24 20:16:44,59.05512932435535,59.07914740575581,68.36059067283367,104.815,27.541127363016333,27.45055894218903,9.768240967106324,48.745,12.50016915407611,12.491950293914158,1.3781832454493605,22.105
2026-10-24 20:31:44,59.08044037149755,59.10976369070575,68.3852300595828,104.86,27.55012695483193,27.459818593503027,9.772380326399075,48.765,12.50016915407611,12.491950293914158,1.3781832454493605,22.105
2026-10-24 20:46:44,59.13684260561456,59.165837986180144,68.44758128403569,104.97,27.583689276558744,27.485626503447243,9.7813552815118,48.815,12.508781785689056,12.50222332859934,1.3790556089353039,22.125
2026-10-24 21:01:44,59.198952361300385,59.22415668626431,68.50461465010697,105.07,27.606432521770643,27.510499212507185,9.79272109851997,48.865,12.521602074115409,12.51805557942256,1.380460198857804,22.15
2026-10-24 21:16:44,59.26087251791135,59.28003086370109,68.57203916830521,105.165,27.632885215546196,27.52828765249185,9.802717148146836,48.91,12.530663306208611,12.523266411428745,1.3815274633934784,22.165
2026-10-24 21:31:44,59.32062124510017,59.33378197593891,68.64869942881084,105.275,27.663501029740285,27.563234273900328,9.812341752761288,48.96,12.538548519889765,12.535577951694279,1.3822683204466504,22.18
2026-10-24 21:46:44,59.376383342232266,59.385161173992394,68.72346045742414,105.38,27.698123160724627,27.594432499749455,9.82582451202534,49.025,12.558908937781885,12.55441295419696,1.3848499476652578,22.22
2026-10-24 22:01:44,59.42246217764193,59.429547000478664,68.76826776677505,105.46,27.73437843591355,27.623924081087896,9.837653038441788,49.085,12.563454021582093,12.558164145183506,1.3852578225488403,22.225
2026-10-24 22:16:44,59.46981700068257,59.48164919839431,68.82847315657287,105.555,27.75293667894151,27.64458627665798,9.844958036457182,49.115,12.570166328351302,12.562657263161523,1.3859870618221266,22.235
2026-10-24 22:31:44,59.58193428205721,59.58889644222347,68.96730943082909,105.75,27.800266253125134,27.686484195344715,9.859656944044609,49.19,12.595055017547862,12.582768109804944,1.3885792041228746,22.28
2026-10-24 22:46:44,59.64863989487656,59.676550116688375,69.06136646299272,105.9,27.838784072802905,27.72086122209977,9.872921979571638,49.255,12.62036824260693,12.601127330147268,1.3914116038965119,22.33
2026-10-24 23:01:44,59.69032663674024,59.72797345634966,69.10476405248255,105.985,27.883316886763808,27.76484829477631,9.886642133706058,49.32,12.639507988386395,12.620519155600089,1.394214586211619,22.365
2026-10-24 23:16:44,59.75275610599146,59.787576149023685,69.16772712093466,106.09,27.91580503581788,27.809033572671634,9.898967751236071,49.38,12.665751615097715,12.63788732949126,1.3965097272298772,22.405
2026-10-24 23:31:44,59.85493560637231,59.89499083145788,69.31588988272722,106.29,27.95958938121236,27.85062063743347,9.910804034896852,49.45,12.691094992892612,12.659881583870542,1.3989786994903457,22.44
2026-10-24 23:46:44,59.91916514579454,59.97099236609171,69.39705042383623,106.415,28.0245241340461,27.904603008802976,9.931704780254925,49.555,12.706208309589616,12.680678474352467,1.4013395639728172,22.475
2026-10-25 00:01:44,60.026306268569996,60.0788722732075,69.52446175984147,106.615,28.103081691498673,27.966210550192713,9.954130709053512,49.675,12.736848928441127,12.713078169594176,1.4037935533918144,22.525
2026-10-25 00:16:44,60.087774775303,60.14353870723804,69.59651157209224,106.73,28.136891793439748,28.00620978564564,9.969244288681725,49.755,12.76390543598738,12.743729860106086,1.4074084072698534,22.58
2026-10-25 00:31:44,60.1677150864756,60.216296344732335,69.68633621453642,106.875,28.214999812347024,28.088631955138585,9.994003493573882,49.895,12.8059997747113,12.77996097789649,1.412074913135902,22.65
2026-10-25 00:46:44,60.26282643887466,60.31082512016882,69.79104955663625,107.04,28.26226410883153,28.13419346720921,10.010852501941834,49.98,12.811470197417348,12.789999786840431,1.4132660152992067,22.67
2026-10-25 01:01:44,60.34361081035152,60.3927813368066,69.87556073537189,107.175,28.293163191291,28.172346244869225,10.023666909910393,50.04,12.837567759731336,12.811806514725212,1.4159079318315457,22.71
2026-10-25 01:16:44,60.46048944326227,60.504969048780154,69.995193400746,107.385,28.342608843069137,28.223912424289736,10.040226567349697,50.125,12.857174114488664,12.824061252506532,1.417673910173265,22.735
2026-10-25 01:31:44,60.54826150208802,60.60336603348512,70.11131991498168,107.56,28.387417294747245,28.26416308661784,10.054876134887673,50.2,12.874078150618091,12.837895544655762,1.419664077099775,22.765
2026-10-25 01:46:44,60.57000524901266,60.63289311369814,70.1386498383503,107.6,28.398043676143384,28.278239352208104,10.059148378214346,50.22,12.874078150618091,12.837895544655762,1.419664077099775,22.765
2026-10-25 02:01:44,60.593286322754466,60.65705756107592,70.17120463329074,107.645,28.412755841087783,28.29269808707817,10.066253639751885,50.25,12.880320877199457,12.847399852157674,1.4204024274771363,22.775
2026-10-25 02:16:44,60.6459309527904,60.710919063220636,70.23263911935679,107.735,28.43324806096041,28.32041280750898,10.074343672936138,50.29,12.88941185285973,12.855213175916044,1.4209420247934854,22.785
2026-10-25 02:31:44,60.67833171726828,60.74344078277878,70.26994857668005,107.795,28.449811779502966,28.342671752782437,10.081743433195642,50.33,12.894356984753562,12.860765911550613,1.4216690181983673,22.8
2026-10-25 02:46:44,60.71799170858841,60.78923962127791,70.32421199652347,107.88,28.46578051664114,28.354732999946684,10.087291855081157,50.36,12.905044183123858,12.871881186897665,1.4224321209021615,22.815
2026-10-25 03:01:44,60.76299342857647,60.821247801072694,70.36418507219042,107.95,28.49175014436065,28.376374149351317,10.096424772031172,50.405,12.928851582940355,12.89818941811268,1.4247698952160255,22.85
2026-10-25 03:16:44,60.848738607131615,60.91429377237928,70.47035015747173,108.11,28.56912522977633,28.45076789222484,10.122980439558042,50.54,12.963706093310744,12.936166637899486,1.4284353295537173,22.91
2026-10-25 03:31:44,60.848738607131615,60.91429377237928,70.47035015747173,108.11,28.56912522977633,28.45076789222484,10.122980439558042,50.54,12.963706093310744,12.936166637899486,1.4284353295537173,22.91
2026-10-25 03:46:44,60.848738607131615,60.91429377237928,70.47035015747173,108.11,28.56912522977633,28.45076789222484,10.122980439558042,50.54,12.963706093310744,12.936166637899486,1.4284353295537173,22.91
2026-10-25 04:01:44,60.848738607131615,60.91429377237928,70.47035015747173,108.11,28.56912522977633,28.45076789222484,10.122980439558042,50.54,12.963706093310744,12.936166637899486,1.4284353295537173,22.91
2026-10-25 04:16:44,60.89924168203159,60.973169493854556,70.54117736221865,108.22,28.62784960331997,28.49803567424168,10.143418312689091,50.64,12.97929745305865,12.954309000026662,1.4305252188271202,22.94
2026-10-25 04:31:44,60.956730293177976,61.03493341328204,70.60601603740011,108.325,28.656055655534715,28.514605155088518,10.151444160239679,50.68,12.986540293006184,12.96088567561283,1.4314674086500963,22.955
2026-10-25 04:46:44,61.015363057414646,61.08316087612683,70.67526963555116,108.425,28.674839162252276,28.541071263154535,10.158836655455811,50.715,13.005430783610304,12.984176655989113,1.4336551726374942,22.99
2026-10-25 05:01:44,61.03497679879423,61.101511483197804,70.69773283903588,108.46,28.688064218229794,28.55213391323469,10.163397431099844,50.74,13.007849132196784,12.98912734152796,1.434130085663726,22.995
2026-10-25 05:16:44,61.04670957404639,61.118588771756265,70.71809527671105,108.49,28.70335540076375,28.57449992891733,10.169988595520975,50.765,13.01395207708965,12.99360789847103,1.434664095763013,23.005
2026-10-25 05:31:44,61.078470591800745,61.15787134675052,70.76648966283767,108.56,28.716126244638133,28.585100035733465,10.17525684909282,50.79,13.028558135304301,13.008179075438642,1.4362688509656638,23.03
2026-10-25 05:46:44,61.12065702076144,61.195558486016864,70.80666422197949,108.62,28.7261379172018,28.601651475222862,10.179863701773519,50.815,13.032740445047882,13.016641117893741,1.437020404245156,23.04
2026-10-25 06:01:44,61.12065702076144,61.195558486016864,70.80666422197949,108.62,28.730094506387577,28.60492062914885,10.180705144502976,50.82,13.03676722516604,13.021102437167482,1.4372937649045407,23.045
2026-10-25 06:16:44,61.15565807962702,61.236034614110956,70.85392481380985,108.69,28.746038173759445,28.61780424779754,10.185760991668085,50.845,13.047876267478818,13.035103400508607,1.4384692844676181,23.07
2026-10-25 06:31:44,61.25113549023174,61.31839960465343,70.95606212762628,108.855,28.79615769064656,28.660431804388885,10.200549379664144,50.925,13.055675341845046,13.048598130580622,1.4399200152304505,23.095
2026-10-25 06:46:44,61.26821917352575,61.33484426565957,70.97582722838054,108.885,28.799993706031326,28.661797765310165,10.201694565712497,50.93,13.060150119647524,13.051455726448621,1.4401805990293477,23.1
2026-10-25 07:01:44,61.2985555978634,61.36316127692301,71.00654278672863,108.935,28.81775006957562,28.672697507589533,10.205993495072233,50.955,13.062988591885087,13.054071950377335,1.4403401796982394,23.105
2026-10-25 07:16:44,61.2985555978634,61.36316127692301,71.00654278672863,108.935,28.81775006957562,28.672697507589533,10.205993495072233,50.955,13.062988591885087,13.054071950377335,1.4403401796982394,23.105
2026-10-25 07:31:44,61.2985555978634,61.36316127692301,71.00654278672863,108.935,28.81775006957562,28.672697507589533,10.205993495072233,50.955,13.062988591885087,13.054071950377335,1.4403401796982394,23.105
2026-10-25 07:46:44,61.31720703967626,61.37830951780234,71.02672544522851,108.965,28.829664573663923,28.685396321817105,10.211335736439143,50.98,13.073523615235654,13.063119312652002,1.4411361233557367,23.12
2026-10-25 08:01:44,61.319445257532365,61.379084674549894,71.03057754569518,108.97,28.829664573663923,28.685396321817105,10.211335736439143,50.98,13.073523615235654,13.063119312652002,1.4411361233557367,23.12
2026-10-25 08:16:44,61.319445257532365,61.379084674549894,71.03057754569518,108.97,28.829664573663923,28.685396321817105,10.211335736439143,50.98,13.07651832206908,13.067113554624818,1.441376582394255,23.125
2026-10-25 08:31:44,61.319445257532365,61.379084674549894,71.03057754569518,108.97,28.829664573663923,28.685396321817105,10.211335736439143,50.98,13.07651832206908,13.067113554624818,1.441376582394255,23.125
2026-10-25 08:46:44,61.319445257532365,61.379084674549894,71.03057754569518,108.97,28.829664573663923,28.685396321817105,10.211335736439143,50.98,13.07651832206908,13.067113554624818,1.441376582394255,23.125
2026-10-25 09:01:44,61.319445257532365,61.379084674549894,71.03057754569518,108.97,28.829664573663923,28.685396321817105,10.211335736439143,50.98,13.07651832206908,13.067113554624818,1.441376582394255,23.125
2026-10-25 09:16:44,61.319445257532365,61.379084674549894,71.03057754569518,108.97,28.829664573663923,28.685396321817105,10.211335736439143,50.98,13.07651832206908,13.067113554624818,1.441376582394255,23.125
2026-10-25 09:31:44,61.319445257532365,61.379084674549894,71.03057754569518,108.97,28.829664573663923,28.685396321817105,10.211335736439143,50.98,13.07651832206908,13.067113554624818,1.441376582394255,23.125
2026-10-25 09:46:44,61.319445257532365,61.379084674549894,71.03057754569518,108.97,28.829664573663923,28.685396321817105,10.211335736439143,50.98,13.07651832206908,13.067113554624818,1.441376582394255,23.125
2026-10-25 10:01:44,61.357512205050085,61.41617217600171,71.08188501427743,109.04,28.845759539607204,28.69380441401373,10.216349663533224,51.005,13.087709463535617,13.079292847402117,1.4430961616325644,23.15
2026-10-25 10:16:44,61.357512205050085,61.41617217600171,71.08188501427743,109.04,28.845759539607204,28.69380441401373,10.216349663533224,51.005,13.087709463535617,13.079292847402117,1.4430961616325644,23.15
2026-10-25 10:31:44,61.38436001102457,61.44057421481349,71.11338639645156,109.085,28.845759539607204,28.69380441401373,10.216349663533224,51.005,13.087709463535617,13.079292847402117,1.4430961616325644,23.15
2026-10-25 10:46:44,61.38436001102457,61.44057421481349,71.11338639645156,109.085,28.845759539607204,28.69380441401373,10.216349663533224,51.005,13.087709463535617,13.079292847402117,1.4430961616325644,23.15
2026-10-25 11:01:44,61.38436001102457,61.44057421481349,71.11338639645156,109.085,28.845759539607204,28.69380441401373,10.216349663533224,51.005,13.087709463535617,13.079292847402117,1.4430961616325644,23.15
2026-10-25 11:16:44,61.41453679429947,61.473033900205614,71.14417818628515,109.135,28.86334375828305,28.712303769007534,10.220936982829228,51.03,13.091109638307847,13.086991920788675,1.4437022303535119,23.16
2026-10-25 11:31:44,61.41453679429947,61.473033900205614,71.14417818628515,109.135,28.86334375828305,28.712303769007534,10.220936982829228,51.03,13.091109638307847,13.086991920788675,1.4437022303535119,23.16
2026-10-25 11:46:44,61.48667172060411,61.551773398895136,71.2335109950597,109.27,28.880844206378942,28.7323635481365,10.227690563966474,51.065,13.09464130705032,13.090473497184416,1.444127082385514,23.165
2026-10-25 12:01:44,61.51313437023079,61.58103182178998,71.2656520102325,109.315,28.88912369223942,28.738530284930416,10.231060791506238,51.08,13.096637159076286,13.09237407633344,1.4443926793991604,23.17
2026-10-25 12:16:44,61.545459245984155,61.61047213368628,71.29726969714946,109.365,28.913022197729152,28.759424006236188,10.236487191567523,51.11,13.102380155329904,13.09802480568261,1.4449931736101587,23.18
2026-10-25 12:31:44,61.565604400542256,61.63319310326547,71.31695603934025,109.395,28.913022197729152,28.759424006236188,10.236487191567523,51.11,13.102380155329904,13.09802480568261,1.4449931736101587,23.18
2026-10-25 12:46:44,61.581022195882824,61.65055041535747,71.3378369022412,109.43,28.919769332670178,28.76649475461733,10.238709979208092,51.12,13.112354920267556,13.108194732543799,1.4455356777019868,23.195
2026-10-25 13:01:44,61.60952507424483,61.673323547290046,71.37023835193168,109.475,28.919769332670178,28.76649475461733,10.238709979208092,51.12,13.114120106741579,13.110726123224925,1.4460053500784729,23.2
2026-10-25 13:16:44,61.6436333425815,61.70471217159913,71.4079095641084,109.535,28.926277869535493,28.772276469081643,10.2412212324836,51.13,13.115289987605095,13.114800247966171,1.4464012158913087,23.205
2026-10-25 13:31:44,61.675725863446196,61.73331643996958,71.44416660808972,109.59,28.93379105743728,28.778897808698435,10.24329546606835,51.14,13.117744103963112,13.11878274592887,1.4467598659003782,23.21
2026-10-25 13:46:44,61.694846341773626,61.75995825645722,71.4659276702568,109.63,28.939039047859165,28.784991978374105,10.245738153590835,51.15,13.121720937191558,13.124612775523147,1.447513003731054,23.22
2026-10-25 14:01:44,61.7151393283255,61.78678252935736,71.49661562006767,109.675,28.95458469022596,28.801632611150005,10.251520404673979,51.18,13.121720937191558,13.124612775523147,1.447513003731054,23.22
2026-10-25 14:16:44,61.73034895413537,61.798135736719,71.51178506394189,109.7,28.957545978366202,28.80656768995098,10.252934386029693,51.185,13.121720937191558,13.124612775523147,1.447513003731054,23.22
2026-10-25 14:31:44,61.73735334171323,61.809978234899674,71.52472263608313,109.72,28.965352435792937,28.814159117694235,10.255576185727882,51.2,13.121720937191558,13.124612775523147,1.447513003731054,23.22
2026-10-25 14:46:44,61.764381597886526,61.83472120326986,71.55440172941351,109.765,28.980239043838633,28.824821151752296,10.260254306354378,51.22,13.131432351852638,13.132266554198923,1.4484131814669883,23.235
2026-10-25 15:01:44,61.78274255425909,61.85653892689554,71.5832352131117,109.81,28.983659412407455,28.828080505925136,10.261416663303002,51.225,13.13782810375395,13.138019848609762,1.4491708355716588,23.245
2026-10-25 15:16:44,61.822360474676486,61.89530995461972,71.6339379316355,109.88,28.995938582247362,28.836694605832452,10.264910960810196,51.245,13.144520337649324,13.140767782858932,1.4500102018468812,23.255
2026-10-25 15:31:44,61.84211232571142,61.91834392484911,71.65655310095035,109.915,28.999160805004472,28.840697553313415,10.266154754957036,51.25,13.144520337649324,13.140767782858932,1.4500102018468812,23.255
2026-10-25 15:46:44,61.85478988728261,61.93518449168122,71.67263594569002,109.94,29.00171113551384,28.841622472188586,10.267091028254697,51.255,13.146216568187993,13.142032345154595,1.450197773233565,23.26
2026-10-25 16:01:44,61.86948622924769,61.950216732986,71.68892484709443,109.96,29.014750861011365,28.852438818967777,10.26997539070952,51.27,13.150570541086804,13.146992317254549,1.4505981932671663,23.265
2026-10-25 16:16:44,61.88748544188352,61.96286135216702,71.70490720700893,109.985,29.017490220088266,28.85565197602504,10.272077233751713,51.28,13.150570541086804,13.146992317254549,1.4505981932671663,23.265
2026-10-25 16:31:44,61.90947563800584,61.98804093727235,71.73530802339063,110.03,29.024489328251217,28.863613416461003,10.276553545928776,51.3,13.153826844877695,13.148547380463251,1.4508870370591198,23.27
2026-10-25 16:46:44,61.92467937058139,62.0007719946551,71.74435750902519,110.05,29.031564186454627,28.870097372465185,10.278841268809977,51.31,13.170477389974513,13.165497101973019,1.4524343880547055,23.295
2026-10-25 17:01:44,61.96320979830062,62.04047766012909,71.7899456901181,110.125,29.04861510197058,28.87984530182378,10.285979183394312,51.34,13.177222027140658,13.167223470261783,1.4531158042464358,23.305
2026-10-25 17:16:44,62.005780918894935,62.07609618746998,71.84185095414747,110.205,29.061648561305446,28.894898655522617,10.290899289737906,51.36,13.18078512508713,13.171762246595874,1.4535071670571686,23.31
2026-10-25 17:31:44,62.030291402504055,62.09556675984989,71.86856844214414,110.245,29.088906331136204,28.918145903753235,10.29895588498273,51.4,13.18078512508713,13.171762246595874,1.4535071670571686,23.31
2026-10-25 17:46:44,62.06739678890219,62.12120773714564,71.90742339142338,110.305,29.10406752375928,28.92958324626718,10.30280992964921,51.42,13.192192604679152,13.179882187508252,1.454219945959153,23.325
2026-10-25 18:01:44,62.07924664350104,62.139544930486714,71.92118254502527,110.335,29.110294025214287,28.936958231273596,10.305209767335379,51.43,13.192192604679152,13.179882187508252,1.454219945959153,23.325
2026-10-25 18:16:44,62.124789547457766,62.181368944000006,71.96022066013734,110.405,29.110294025214287,28.936958231273596,10.305209767335379,51.43,13.192192604679152,13.179882187508252,1.454219945959153,23.325
2026-10-25 18:31:44,62.19493851903966,62.252668372935936,72.03564900662151,110.525,29.141980226686226,28.968076288364983,10.31529648737033,51.485,13.208944698332145,13.197629721487463,1.4559824643698707,23.35
2026-10-25 18:46:44,62.25419090255341,62.314484099700735,72.11046590885088,110.64,29.167738123725968,28.995359974266652,10.321896660084272,51.525,13.223758855284037,13.206853171976745,1.4572243101795952,23.37
2026-10-25 19:01:44,62.33639748861133,62.3979394336481,72.19310954051416,110.77,29.184232069732936,29.017442327850627,10.328104207788495,51.56,13.237855725681754,13.219594492436027,1.4583218426566267,23.39
2026-10-25 19:16:44,62.42916016588278,62.47541867833859,72.28631938364768,110.925,29.223275191613258,29.05780412653263,10.341217641581064,51.62,13.248215458250934,13.231562090299366,1.4598919144853824,23.415
2026-10-25 19:31:44,62.551412626124275,62.58864101784881,72.43800229690605,111.15,29.28439299586905,29.130195060383524,10.364956068256742,51.74,13.274058856537236,13.25541028700414,1.462898751849196,23.455
2026-10-25 19:46:44,62.63711748240919,62.668304395596365,72.52035494218211,111.285,29.34751060360442,29.17861818654096,10.384158614902395,51.83,13.293516825719838,13.277115810310011,1.4656409330655935,23.495
2026-10-25 20:01:44,62.7726013409804,62.8295636216588,72.69459755464592,111.545,29.408954875261326,29.239803009429128,10.407660894594887,51.95,13.344136055865816,13.317896638258004,1.4709380585568055,23.58
2026-10-25 20:16:44,62.856914409403,62.91514369283364,72.78992599855762,111.695,29.44629881261021,29.289695258784057,10.421068295286243,52.025,13.375456453297424,13.341285126952334,1.474061905820671,23.63
2026-10-25 20:31:44,62.95001848443497,63.00508709028555,72.89341463043179,111.855,29.481590300116434,29.313337461535802,10.428443156807445,52.07,13.392395035538048,13.365767410607903,1.476401322553136,23.665
2026-10-25 20:46:44,63.01409340104233,63.06910767182412,72.96790395311012,111.965,29.52311108012816,29.345391051155964,10.440636482308447,52.135,13.40764586423584,13.383632500335182,1.4778333739055594,23.695
2026-10-25 21:01:44,63.138150989862204,63.19346811010999,73.09873380312281,112.175,29.580444496745194,29.400502227468756,10.462404275459653,52.245,13.43248444485335,13.39636002803796,1.479907300962831,23.73
2026-10-25 21:16:44,63.217218488527315,63.27522745329383,73.19220704664023,112.325,29.61293106532896,29.433181032369653,10.47383040647261,52.305,13.45570096260283,13.424116160473611,1.4828185844793513,23.775
2026-10-25 21:31:44,63.30575730309892,63.35451508235753,73.2929820368399,112.48,29.660141095813167,29.482489081618155,10.487067937689163,52.38,13.460572357457915,13.429733491867143,1.4834163760070918,23.785
2026-10-25 21:46:44,63.39081130331608,63.454020239806894,73.40206640970051,112.65,29.705384631270615,29.54098537327004,10.505945612326661,52.475,13.490506793267746,13.460907380093388,1.4866538411539871,23.84
2026-10-25 22:01:44,63.41243795248035,63.47236315703582,73.42234129812634,112.685,29.720281778426944,29.549629977609207,10.509141888492152,52.495,13.497488514027067,13.470083364502436,1.4874566530945408,23.85
2026-10-25 22:16:44,63.44594566853266,63.51348684419227,73.47576499830795,112.76,29.752042183118835,29.573943282602528,10.516908094553976,52.54,13.505640179062217,13.477332097808022,1.4878619519553613,23.86
2026-10-25 22:31:44,63.495257564622044,63.55804370916893,73.53920359135144,112.85,29.77213106863803,29.58583943112093,10.521885494984254,52.565,13.520638096690785,13.49285302169522,1.488882327158208,23.88
2026-10-25 22:46:44,63.58130654713629,63.65247611126766,73.64137445990534,113.0,29.837434991024825,29.646931626826685,10.54457645579119,52.675,13.544134551252554,13.519978465908718,1.4919488126424583,23.93
2026-10-25 23:01:44,63.625063877031586,63.68509657133566,73.68640638994655,113.075,29.870010117796323,29.676379430730222,10.557277478928139,52.73,13.551946824627201,13.528618930462098,1.4929178034903428,23.945
2026-10-25 23:16:44,63.64780290997762,63.70324897295346,73.71351513028102,113.11,29.876275276815537,29.68794537988708,10.560523671710222,52.745,13.556387761057277,13.52980086696129,1.493306527541982,23.95
2026-10-25 23:31:44,63.73435940064073,63.79995402144306,73.82170501732622,113.275,29.933050560970802,29.73905149478878,10.5802117021286,52.84,13.605004289961295,13.583067548070478,1.4979044784781708,24.03
2026-10-25 23:46:44,63.8207833233381,63.88818791569732,73.92581236737487,113.425,29.99732722657757,29.806406747047387,10.601660635501375,52.945,13.651189298540066,13.616789123330285,1.5024721595982429,24.105
2026-10-26 00:01:44,63.8743235078576,63.93542037139163,73.97621294595542,113.52,30.020681949163652,29.83267426316676,10.610783481772382,52.99,13.660071033398028,13.6225166681113,1.5031787339873561,24.115
2026-10-26 00:16:44,63.91027110696863,63.97212515946971,74.01440243895317,113.58,30.05746938197276,29.865332134531787,10.624869396814711,53.06,13.68522188803833,13.645433799389515,1.505438176190275,24.155
2026-10-26 00:31:44,63.976147287480536,64.0222664375773,74.07944205294432,113.69,30.097317645417892,29.908975346763143,10.638220688933751,53.13,13.698413580713849,13.65294491901575,1.5063938620782986,24.17
2026-10-26 00:46:44,64.013505721054,64.07644985232018,74.1393325831144,113.775,30.146289271654734,29.951278766839916,10.653743808980987,53.21,13.715762637153395,13.675167609081448,1.50859667440712,24.205
2026-10-26 01:01:44,64.01784278792377,64.07866919088279,74.14270804049949,113.78,30.146289271654734,29.951278766839916,10.653743808980987,53.21,13.715762637153395,13.675167609081448,1.50859667440712,24.205
2026-10-26 01:16:44,64.04583955324583,64.10580423594412,74.17563751459294,113.83,30.17280586775089,29.98054636453104,10.664951909413807,53.265,13.72717797180196,13.685783843536607,1.5098591054017672,24.225
2026-10-26 01:31:44,64.12865385116734,64.19098456552241,74.26376177831669,113.97,30.238657455489644,30.050078384096132,10.686271909011813,53.375,13.735331029345847,13.694548468189994,1.5106525040895742,24.24
2026-10-26 01:46:44,64.18911608621436,64.25737828807819,74.33407528794388,114.09,30.29085420165338,30.10047652349805,10.706098836650588,53.47,13.744719499899334,13.708162489488146,1.511800403729783,24.26
2026-10-26 02:01:44,64.18911608621436,64.25737828807819,74.33407528794388,114.09,30.29085420165338,30.10047652349805,10.706098836650588,53.47,13.744719499899334,13.708162489488146,1.511800403729783,24.26
2026-10-26 02:16:44,64.18911608621436,64.25737828807819,74.33407528794388,114.09,30.29085420165338,30.10047652349805,10.706098836650588,53.47,13.744719499899334,13.708162489488146,1.511800403729783,24.26
2026-10-26 02:31:44,64.1932429697932,64.25973747634941,74.33894817146788,114.095,30.29085420165338,30.10047652349805,10.706098836650588,53.47,13.744719499899334,13.708162489488146,1.511800403729783,24.26
2026-10-26 02:46:44,64.1932429697932,64.25973747634941,74.33894817146788,114.095,30.29085420165338,30.10047652349805,10.706098836650588,53.47,13.744719499899334,13.708162489488146,1.511800403729783,24.26
2026-10-26 03:01:44,64.1932429697932,64.25973747634941,74.33894817146788,114.095,30.29085420165338,30.10047652349805,10.706098836650588,53.47,13.744719499899334,13.708162489488146,1.511800403729783,24.26
2026-10-26 03:16:44,64.19667352143694,64.26420578333082,74.34309148011309,114.1,30.29085420165338,30.10047652349805,10.706098836650588,53.47,13.744719499899334,13.708162489488146,1.511800403729783,24.26
2026-10-26 03:31:44,64.19667352143694,64.26420578333082,74.34309148011309,114.1,30.29085420165338,30.10047652349805,10.706098836650588,53.47,13.744719499899334,13.708162489488146,1.511800403729783,24.26
2026-10-26 03:46:44,64.2012877709305,64.26638762850817,74.34542388565761,114.105,30.29085420165338,30.10047652349805,10.706098836650588,53.47,13.744719499899334,13.708162489488146,1.511800403729783,24.26
2026-10-26 04:01:44,64.25402494933977,64.30581520698559,74.40178681490546,114.185,30.32335362738816,30.126695848485017,10.716114409794447,53.52,13.766125456558651,13.728779395615568,1.5144277605477798,24.295
2026-10-26 04:16:44,64.32650007996057,64.37002104404766,74.47209033272698,114.29,30.370911353041002,30.173609221306414,10.733393665000499,53.605,13.793454310831887,13.756157071082852,1.5175133623852666,24.345
2026-10-26 04:31:44,64.38765829984379,64.44428999549812,74.55319169045788,114.405,30.415467602818314,30.226817849782083,10.750287879357783,53.69,13.817502812608529,13.778151280893379,1.520590786674277,24.39
2026-10-26 04:46:44,64.42767509838386,64.49409520731773,74.60689170098247,114.485,30.439211561557272,30.24465393360483,10.757898928369194,53.73,13.840963127492946,13.794544981409288,1.5222909217585314,24.425
2026-10-26 05:01:44,64.48602328529697,64.55026591099443,74.67296891497756,114.585,30.45500164370573,30.254431099379165,10.76189948117715,53.755,13.862762213186711,13.806801539746202,1.523796463715324,24.455
2026-10-26 05:16:44,64.52328381869316,64.59102070470794,74.72228487796599,114.66,30.46625994356462,30.270829264442526,10.766774953601224,53.78,13.877788285670215,13.815928169615987,1.5259404413206668,24.48
2026-10-26 05:31:44,64.60354785980117,64.66985447289348,74.81847078611858,114.805,30.498328623987213,30.303106009910383,10.777303868595721,53.835,13.888025278704825,13.82700590603085,1.5272065934322663,24.5
2026-10-26 05:46:44,64.60354785980117,64.66985447289348,74.81847078611858,114.805,30.498328623987213,30.303106009910383,10.777303868595721,53.835,13.888025278704825,13.82700590603085,1.5272065934322663,24.5
2026-10-26 06:01:44,64.60354785980117,64.66985447289348,74.81847078611858,114.805,30.498328623987213,30.303106009910383,10.777303868595721,53.835,13.888025278704825,13.82700590603085,1.5272065934322663,24.5
2026-10-26 06:16:44,64.60354785980117,64.66985447289348,74.81847078611858,114.805,30.498328623987213,30.303106009910383,10.777303868595721,53.835,13.888025278704825,13.82700590603085,1.5272065934322663,24.5
2026-10-26 06:31:44,64.60354785980117,64.66985447289348,74.81847078611858,114.805,30.498328623987213,30.303106009910383,10.777303868595721,53.835,13.888025278704825,13.82700590603085,1.5272065934322663,24.5
2026-10-26 06:46:44,64.60354785980117,64.66985447289348,74.81847078611858,114.805,30.498328623987213,30.303106009910383,10.777303868595721,53.835,13.888025278704825,13.82700590603085,1.5272065934322663,24.5
2026-10-26 07:01:44,64.60689991716414,64.67349838262338,74.82289362205249,114.81,30.498328623987213,30.303106009910383,10.777303868595721,53.835,13.888025278704825,13.82700590603085,1.5272065934322663,24.5
2026-10-26 07:16:44,64.60689991716414,64.67349838262338,74.82289362205249,114.81,30.498328623987213,30.303106009910383,10.777303868595721,53.835,13.888025278704825,13.82700590603085,1.5272065934322663,24.5
2026-10-26 07:31:44,64.60922526037801,64.67614563700941,74.82676558050552,114.815,30.498328623987213,30.303106009910383,10.777303868595721,53.835,13.888025278704825,13.82700590603085,1.5272065934322663,24.5
2026-10-26 07:46:44,64.60922526037801,64.67614563700941,74.82676558050552,114.815,30.498328623987213,30.303106009910383,10.777303868595721,53.835,13.888025278704825,13.82700590603085,1.5272065934322663,24.5
2026-10-26 08:01:44,64.61353218909393,64.68549510136337,74.83513514991807,114.825,30.498328623987213,30.303106009910383,10.777303868595721,53.835,13.888025278704825,13.82700590603085,1.5272065934322663,24.5
2026-10-26 08:16:44,64.61353218909393,64.68549510136337,74.83513514991807,114.825,30.498328623987213,30.303106009910383,10.777303868595721,53.835,13.888025278704825,13.82700590603085,1.5272065934322663,24.5
2026-10-26 08:31:44,64.61353218909393,64.68549510136337,74.83513514991807,114.825,30.498328623987213,30.303106009910383,10.777303868595721,53.835,13.888025278704825,13.82700590603085,1.5272065934322663,24.5
2026-10-26 08:46:44,64.61353218909393,64.68549510136337,74.83513514991807,114.825,30.499127708984943,30.304214998115555,10.77802536049011,53.84,13.888025278704825,13.82700590603085,1.5272065934322663,24.5
2026-10-26 09:01:44,64.61353218909393,64.68549510136337,74.83513514991807,114.825,30.499127708984943,30.304214998115555,10.77802536049011,53.84,13.888025278704825,13.82700590603085,1.5272065934322663,24.5
2026-10-26 09:16:44,64.61353218909393,64.68549510136337,74.83513514991807,114.825,30.499127708984943,30.304214998115555,10.77802536049011,53.84,13.888025278704825,13.82700590603085,1.5272065934322663,24.5
2026-10-26 09:31:44,64.61353218909393,64.68549510136337,74.83513514991807,114.825,30.499127708984943,30.304214998115555,10.77802536049011,53.84,13.888025278704825,13.82700590603085,1.5272065934322663,24.5
2026-10-26 09:46:44,64.68023551229369,64.75220781908877,74.92529502260629,114.955,30.556259401365832,30.358826809511253,10.799678455341997,53.935,13.909307795678227,13.851224257987921,1.5305158170280166,24.545
2026-10-26 10:01:44,64.68023551229369,64.75220781908877,74.92529502260629,114.955,30.556259401365832,30.358826809511253,10.799678455341997,53.935,13.909307795678227,13.851224257987921,1.5305158170280166,24.545
2026-10-26 10:16:44,64.71612155991308,64.77804216668464,74.9669846961058,115.015,30.55860618491092,30.361421762328558,10.80118418484182,53.945,13.909307795678227,13.851224257987921,1.5305158170280166,24.545
2026-10-26 10:31:44,64.71612155991308,64.77804216668464,74.9669846961058,115.015,30.55860618491092,30.361421762328558,10.80118418484182,53.945,13.909307795678227,13.851224257987921,1.5305158170280166,24.545
2026-10-26 10:46:44,64.71612155991308,64.77804216668464,74.9669846961058,115.015,30.55860618491092,30.361421762328558,10.80118418484182,53.945,13.909307795678227,13.851224257987921,1.5305158170280166,24.545
2026-10-26 11:01:44,64.71612155991308,64.77804216668464,74.9669846961058,115.015,30.55860618491092,30.361421762328558,10.80118418484182,53.945,13.909307795678227,13.851224257987921,1.5305158170280166,24.545
2026-10-26 11:16:44,64.71612155991308,64.77804216668464,74.9669846961058,115.015,30.55860618491092,30.361421762328558,10.80118418484182,53.945,13.909307795678227,13.851224257987921,1.5305158170280166,24.545
2026-10-26 11:31:44,64.71612155991308,64.77804216668464,74.9669846961058,115.015,30.55860618491092,30.361421762328558,10.80118418484182,53.945,13.909307795678227,13.851224257987921,1.5305158170280166,24.545
2026-10-26 11:46:44,64.71612155991308,64.77804216668464,74.9669846961058,115.015,30.55860618491092,30.361421762328558,10.80118418484182,53.945,13.909307795678227,13.851224257987921,1.5305158170280166,24.545
2026-10-26 12:01:44,64.71612155991308,64.77804216668464,74.9669846961058,115.015,30.55860618491092,30.361421762328558,10.80118418484182,53.945,13.909307795678227,13.851224257987921,1.5305158170280166,24.545
2026-10-26 12:16:44,64.71612155991308,64.77804216668464,74.9669846961058,115.015,30.55860618491092,30.361421762328558,10.80118418484182,53.945,13.909307795678227,13.851224257987921,1.5305158170280166,24.545
2026-10-26 12:31:44,64.7279294419148,64.79084100948992,74.97780042608358,115.035,30.56260248712298,30.365379534367637,10.80384776603812,53.955,13.909307795678227,13.851224257987921,1.5305158170280166,24.545
2026-10-26 12:46:44,64.73442947281093,64.79452052177217,74.98358377829277,115.045,30.5661238853334,30.370306390690082,10.80557325099044,53.965,13.909307795678227,13.851224257987921,1.5305158170280166,24.545
2026-10-26 13:01:44,64.76481851318965,64.82530138101029,75.01597914141288,115.1,30.58244936245906,30.384840604904554,10.81016490875064,53.99,13.909307795678227,13.851224257987921,1.5305158170280166,24.545
2026-10-26 13:16:44,64.77274543348418,64.8338595187047,75.02574583348405,115.115,30.594439767057544,30.397544589220253,10.814738672654304,54.01,13.91638375964468,13.855677209592658,1.5313573388615638,24.555
2026-10-26 13:31:44,64.7743771206571,64.83840625354875,75.02974471259307,115.12,30.59662346596842,30.398198373984545,10.815615509995487,54.015,13.91638375964468,13.855677209592658,1.5313573388615638,24.555
2026-10-26 13:46:44,64.78701597851195,64.85830728772926,75.05105581905329,115.15,30.59662346596842,30.398198373984545,10.815615509995487,54.015,13.91638375964468,13.855677209592658,1.5313573388615638,24.555
2026-10-26 14:01:44,64.81548571574652,64.88336155162322,75.08409190157282,115.2,30.598708957053447,30.39960667129113,10.816680851208353,54.02,13.920519308008737,13.857908904047456,1.5318281542669783,24.565
2026-10-26 14:16:44,64.82942380904927,64.89626960507451,75.10132381096862,115.225,30.602816582045566,30.400436400277957,10.817997230664412,54.025,13.920519308008737,13.857908904047456,1.5318281542669783,24.565
2026-10-26 14:31:44,64.85574303800375,64.92315479918148,75.13121695981407,115.275,30.624070514200103,30.418812648710468,10.8236479139281,54.055,13.920519308008737,13.857908904047456,1.5318281542669783,24.565
2026-10-26 14:46:44,64.87748663770851,64.9426729179725,75.15215586068696,115.31,30.624070514200103,30.418812648710468,10.8236479139281,54.055,13.920519308008737,13.857908904047456,1.5318281542669783,24.565
2026-10-26 15:01:44,64.90618169309171,64.97125836339927,75.18144132822557,115.355,30.626707371113724,30.422713867331698,10.824897223045356,54.06,13.920519308008737,13.857908904047456,1.5318281542669783,24.565
2026-10-26 15:16:44,64.91017213005733,64.97255701557827,75.185564482667,115.36,30.626707371113724,30.422713867331698,10.824897223045356,54.06,13.920519308008737,13.857908904047456,1.5318281542669783,24.565
2026-10-26 15:31:44,64.91681683208267,64.97966781654533,75.19854707852708,115.38,30.626707371113724,30.422713867331698,10.824897223045356,54.06,13.920519308008737,13.857908904047456,1.5318281542669783,24.565
2026-10-26 15:46:44,64.92642137570849,64.98920195199777,75.213396313353,115.4,30.633659186567815,30.431291288093696,10.827125657770718,54.07,13.920519308008737,13.857908904047456,1.5318281542669783,24.565
2026-10-26 16:01:44,64.95719292051407,65.01614751112633,75.24207898854549,115.445,30.662223376243052,30.468437457350564,10.837781016216164,54.12,13.925196571529154,13.859817296802055,1.5319912353083198,24.57
2026-10-26 16:16:44,64.97210500983653,65.03172165539699,75.25974875524119,115.475,30.66580034473492,30.47634654054048,10.839826333328128,54.13,13.927457396254228,13.860646208367724,1.5322454960133354,24.575
2026-10-26 16:31:44,64.99928118115528,65.05836061007423,75.28224102771507,115.515,30.671728564717633,30.483291124439646,10.84144203802832,54.14,13.92933556074696,13.865409972932747,1.5326095558404609,24.58
2026-10-26 16:46:44,65.00395041347045,65.06511500291204,75.28867719488142,115.525,30.67749639804876,30.487247789858927,10.843375189679598,54.15,13.936455577076385,13.871309045376929,1.5331150961950972,24.59
2026-10-26 17:01:44,65.00395041347045,65.06511500291204,75.28867719488142,115.525,30.67749639804876,30.487247789858927,10.843375189679598,54.15,13.936455577076385,13.871309045376929,1.5331150961950972,24.59
2026-10-26 17:16:44,65.00395041347045,65.06511500291204,75.28867719488142,115.525,30.67749639804876,30.487247789858927,10.843375189679598,54.15,13.936455577076385,13.871309045376929,1.5331150961950972,24.59
2026-10-26 17:31:44,65.01493545810766,65.07515947348666,75.30131714369072,115.55,30.691176878453394,30.500687496711713,10.847785689389735,54.175,13.941175393362883,13.873795055924386,1.53329884196287,24.595
2026-10-26 17:46:44,65.04317315065761,65.11125522995401,75.33487384908541,115.6,30.69572876396525,30.50712791441425,10.849513325999691,54.185,13.952474891774768,13.881704690493912,1.533995413961025,24.61
2026-10-26 18:01:44,65.04641115821502,65.11199022923842,75.33645579788009,115.605,30.69572876396525,30.50712791441425,10.849513325999691,54.185,13.957079361562473,13.883856829013878,1.5344214716710174,24.615
2026-10-26 18:16:44,65.04641115821502,65.11199022923842,75.33645579788009,115.605,30.69572876396525,30.50712791441425,10.849513325999691,54.185,13.957079361562473,13.883856829013878,1.5344214716710174,24.615
2026-10-26 18:31:44,65.06641625248234,65.12862733831767,75.35381291230422,115.635,30.69881612996824,30.515405536863675,10.852058872900791,54.195,13.957079361562473,13.883856829013878,1.5344214716710174,24.615
2026-10-26 18:46:44,65.09249420805153,65.15149481216392,75.38733013027421,115.685,30.724805538094405,30.535200194626178,10.861163737391077,54.235,13.959002747452436,13.887830958520876,1.5346518275858343,24.62
2026-10-26 19:01:44,65.1133549603842,65.17221905991131,75.40884033354669,115.72,30.743544599162526,30.56019970893036,10.868109464453214,54.275,13.964761701419702,13.895117655311898,1.5353677330705182,24.635
2026-10-26 19:16:44,65.15946262171009,65.22343489967507,75.46291900893857,115.795,30.752587173103464,30.571015458491438,10.871011992295484,54.29,13.964761701419702,13.895117655311898,1.5353677330705182,24.635
2026-10-26 19:31:44,65.1967664904206,65.27406991077557,75.51473353661927,115.875,30.77505254489928,30.59318402229665,10.878334210535467,54.325,13.972090075629279,13.902544248448143,1.5361110452367932,24.65
2026-10-26 19:46:44,65.23040326456193,65.30387927167247,75.54730128747542,115.93,30.786486271922104,30.610738305382373,10.88210742614439,54.345,13.975380879499772,13.909799253178685,1.5369692930839995,24.66
2026-10-26 20:01:44,65.25418380309095,65.32692439981975,75.58030214196803,115.975,30.795188426555608,30.61963180128621,10.885041834846163,54.365,13.979000151813386,13.916823527413918,1.5376519110095106,24.67
2026-10-26 20:16:44,65.3206331771152,65.40289701697168,75.67560656050613,116.11,30.832104445587014,30.664469960257833,10.897966815945027,54.435,14.002790763331316,13.940484532066645,1.5402920630685135,24.71
2026-10-26 20:31:44,65.34009838320124,65.42778824973749,75.70585555315424,116.155,30.84445162759365,30.675603861273768,10.900960660978617,54.45,14.006791020538886,13.944990791869866,1.5406300607764614,24.715
2026-10-26 20:46:44,65.38262206580104,65.48446198605977,75.75791061042504,116.235,30.856132337353987,30.68830393120675,10.905016992995066,54.475,14.011865011287053,13.950819803871775,1.5412311862308925,24.725
2026-10-26 21:01:44,65.45616558515108,65.55526522195704,75.82566837641087,116.345,30.878817139558222,30.709318163755054,10.9119765753869,54.51,14.019263077636118,13.954868888281428,1.5421105808634252,24.735
2026-10-26 21:16:44,65.5293277364369,65.62614641480971,75.91647659872028,116.475,30.91123484061054,30.73095163865404,10.922172451914783,54.56,14.047176002888083,13.97676546122022,1.5447199479760498,24.775
2026-10-26 21:31:44,65.58620511170392,65.69754989748947,75.99462329708369,116.59,30.93658495983389,30.75700554408844,10.932993761647397,54.605,14.057304575759591,13.989062698792317,1.5457249648962912,24.79
2026-10-26 21:46:44,65.71277879365012,65.85163589248914,76.15151605056818,116.825,31.01029658809195,30.82023647828673,10.95844240107129,54.725,14.084267829183922,14.008574496189246,1.5480765966048744,24.84
2026-10-26 22:01:44,65.78027428127588,65.91725966509391,76.22326040559936,116.94,31.050246918905206,30.850246289244204,10.97348998561279,54.795,14.095881236556664,14.02367049365459,1.5496818902489409,24.865
2026-10-26 22:16:44,65.8856419461184,66.0240825434305,76.34580383260054,117.14,31.10145141291554,30.90916337197784,10.99293271422903,54.895,14.113376029515056,14.058732873853076,1.5526606265190162,24.915
2026-10-26 22:31:44,65.93941003565392,66.09434931080303,76.42046246077618,117.245,31.128636252400828,30.941673694863557,11.00249273117212,54.945,14.116831078560407,14.06284387388187,1.5533909361894358,24.925
2026-10-26 22:46:44,65.94710658197751,66.10443335712984,76.43188066154167,117.26,31.13196809853294,30.946620487971657,11.003232906500758,54.95,14.12105127020413,14.066815184219784,1.5538847080487899,24.93
2026-10-26 23:01:44,65.9908622026465,66.14882398477137,76.47343428018463,117.33,31.17382193390907,30.984807754338227,11.01639280611074,55.02,14.144142743191686,14.091164485658414,1.5557319213090204,24.97
2026-10-26 23:16:44,66.00627577490175,66.16398322110004,76.48600474275763,117.355,31.18385834379833,30.994124762703837,11.019646799411678,55.035,14.155328506633174,14.09975378972783,1.5564947176724484,24.985
2026-10-26 23:31:44,66.10405436192323,66.27085157787289,76.60193100093743,117.535,31.243741199850295,31.06169692654204,11.042217712245295,55.15,14.173508531565679,14.122545699446738,1.5588162610635306,25.02
2026-10-26 23:46:44,66.16419831590265,66.32825413098402,76.66545793091473,117.63,31.263387322303736,31.08065059739475,11.048903277378072,55.185,14.186443326580568,14.131135731457526,1.5599301373700323,25.04
2026-10-27 00:01:44,66.20720228187342,66.36513797259413,76.71486677135293,117.705,31.297659765897766,31.10387685739328,11.059850126492721,55.245,14.200572007274342,14.139772242159241,1.560823809917812,25.06
2026-10-27 00:16:44,66.26561564715186,66.4208388562759,76.78770962642797,117.81,31.33256691453464,31.140554357060783,11.070529202651494,55.3,14.203405735315753,14.143122233919312,1.5610648784079608,25.065
2026-10-27 00:31:44,66.29109686080294,66.44415039290264,76.81673247814574,117.855,31.373440196491963,31.168956893815803,11.080456029098269,55.355,14.214721470020816,14.155914175130777,1.562570990105128,25.085
2026-10-27 00:46:44,66.30925288031806,66.46669600549153,76.8359069739327,117.885,31.384991284997586,31.176189337537174,11.082506080851747,55.37,14.220243087017263,14.162011213522755,1.56319353254272,25.095
2026-10-27 01:01:44,66.31040701731864,66.46844233607641,76.8381423344215,117.89,31.387409150972125,31.18022272535962,11.08374154129364,55.375,14.220243087017263,14.162011213522755,1.56319353254272,25.095
2026-10-27 01:16:44,66.3222184215236,66.47626832797157,76.84722429040454,117.905,31.389012272215375,31.183103198426686,11.084283430241612,55.38,14.220243087017263,14.162011213522755,1.56319353254272,25.095
2026-10-27 01:31:44,66.3222184215236,66.47626832797157,76.84722429040454,117.905,31.389012272215375,31.183103198426686,11.084283430241612,55.38,14.220243087017263,14.162011213522755,1.56319353254272,25.095
2026-10-27 01:46:44,66.43333027001098,66.57451487464681,76.966093652912,118.09,31.44052263480962,31.230941546324072,11.10061824931097,55.465,14.241133287637348,14.190675589904396,1.5657181198739363,25.14
2026-10-27 02:01:44,66.51593297395515,66.6584692765598,77.06608220005583,118.245,31.46830388360585,31.267952925746656,11.110713458770233,55.52,14.264372813085664,14.214841319642769,1.5674206804527575,25.175
2026-10-27 02:16:44,66.61194378620964,66.75709218343825,77.16942267515174,118.415,31.519251952583033,31.328826437461665,11.13648947313848,55.635,14.292763010273138,14.235753876670831,1.5702473030185298,25.22
2026-10-27 02:31:44,66.66883341855245,66.81548454557029,77.2329480450812,118.515,31.56147945638669,31.366136452285605,11.150220732747888,55.7,14.314337803240855,14.251674278748226,1.5720166944903595,25.255
2026-10-27 02:46:44,66.71971457651443,66.86902455968722,77.2875906431427,118.61,31.6142839652371,31.41030584979865,11.168577226468802,55.78,14.327866070230417,14.270163848955054,1.5740593179924958,25.285
2026-10-27 03:01:44,66.78259749283677,66.93609433855028,77.36018708234154,118.73,31.639600888227935,31.43010208705034,11.177143325957328,55.82,14.334356529750567,14.277935115507342,1.575288095263097,25.3
2026-10-27 03:16:44,66.8696030601654,67.01046737317316,77.45508771198593,118.87,31.677530426883585,31.467877723708163,11.191297617702471,55.885,14.378008074999675,14.31369920724032,1.5796876661557075,25.37
2026-10-27 03:31:44,66.96032879852989,67.09559625809877,77.55577879522944,119.03,31.734070211859027,31.518216671979804,11.210603141720979,55.975,14.403594649539842,14.3380597004272,1.5827073550444604,25.415
2026-10-27 03:46:44,67.04539979364927,67.17911057152428,77.64261460972273,119.17,31.76173952732668,31.545172121483237,11.221850955080589,56.03,14.413101453242858,14.349753285926372,1.5841479808624677,25.435
2026-10-27 04:01:44,67.04978755571668,67.1856185294305,77.64910929825166,119.18,31.76542050059075,31.546478773429598,11.222696099377712,56.035,14.41672372344638,14.352024698332727,1.5846015840909051,25.44
2026-10-27 04:16:44,67.08995902755322,67.23019896604318,77.69521758072578,119.25,31.7855015976623,31.569462636037116,11.231124284847873,56.075,14.42076881608337,14.357024650001838,1.5849272002514558,25.445
2026-10-27 04:31:44,67.11888940415015,67.26200554606336,77.73865961185173,119.31,31.799200399371276,31.58065877443328,11.235865251671683,56.1,14.434876606538648,14.370331857572276,1.586647900488319,25.47
2026-10-27 04:46:44,67.11888940415015,67.26200554606336,77.73865961185173,119.31,31.799200399371276,31.58065877443328,11.235865251671683,56.1,14.434876606538648,14.370331857572276,1.586647900488319,25.47
2026-10-27 05:01:44,67.11888940415015,67.26200554606336,77.73865961185173,119.31,31.799200399371276,31.58065877443328,11.235865251671683,56.1,14.434876606538648,14.370331857572276,1.586647900488319,25.47
2026-10-27 05:16:44,67.12355092799025,67.2648786628403,77.74188925242048,119.315,31.80495026767356,31.58326418233153,11.238333026022632,56.11,14.438551427582933,14.372222854038945,1.5867745836561284,25.475
2026-10-27 05:31:44,67.14236461477073,67.2795882805371,77.76171747151386,119.345,31.80495026767356,31.58326418233153,11.238333026022632,56.11,14.438551427582933,14.372222854038945,1.5867745836561284,25.475
2026-10-27 05:46:44,67.14376133423215,67.28045323311984,77.76431102768163,119.35,31.80650213959391,31.584731615197793,11.239740277752857,56.115,14.44185775577907,14.37626749560175,1.5869666599638297,25.48
2026-10-27 06:01:44,67.15241178537707,67.28717483062326,77.77067634164565,119.36,31.80650213959391,31.584731615197793,11.239740277752857,56.115,14.44185775577907,14.37626749560175,1.5869666599638297,25.48
2026-10-27 06:16:44,67.15779631542574,67.29360731310504,77.77834556755516,119.37,31.80650213959391,31.584731615197793,11.239740277752857,56.115,14.44185775577907,14.37626749560175,1.5869666599638297,25.48
2026-10-27 06:31:44,67.1623660356691,67.30015757233924,77.78303318178627,119.38,31.80650213959391,31.584731615197793,11.239740277752857,56.115,14.445499853773184,14.377036051779509,1.5871301228540395,25.485
2026-10-27 06:46:44,67.1623660356691,67.30015757233924,77.78303318178627,119.38,31.8156816713974,31.58986709825482,11.24309673642598,56.13,14.450254602558681,14.38142190442041,1.5874625897812367,25.49
2026-10-27 07:01:44,67.17048671123477,67.30673671888674,77.79049025152702,119.395,31.81750408082029,31.592533546155806,11.243769657055791,56.135,14.45281412275464,14.38351044985945,1.5876761094669194,25.495
2026-10-27 07:16:44,67.18564053229923,67.32621261118383,77.8071197125951,119.425,31.826939033770163,31.601594402116255,11.246678788291705,56.15,14.456669391983718,14.388477735521343,1.5878133712634719,25.5
2026-10-27 07:31:44,67.18564053229923,67.32621261118383,77.8071197125951,119.425,31.826939033770163,31.601594402116255,11.246678788291705,56.15,14.456669391983718,14.388477735521343,1.5878133712634719,25.5
2026-10-27 07:46:44,67.19647341618321,67.3471175992193,77.82513233628731,119.45,31.833070458416834,31.606868878425015,11.248320113762794,56.16,14.456669391983718,14.388477735521343,1.5878133712634719,25.5
2026-10-27 08:01:44,67.19647341618321,67.3471175992193,77.82513233628731,119.45,31.834208106522365,31.611122715846967,11.249027549008202,56.165,14.456669391983718,14.388477735521343,1.5878133712634719,25.5
2026-10-27 08:16:44,67.20318621074561,67.35552589527721,77.8360427537112,119.465,31.83535426956222,31.615154981326025,11.249799800151958,56.17,14.456669391983718,14.388477735521343,1.5878133712634719,25.5
2026-10-27 08:31:44,67.20735749025344,67.36285128077184,77.84429051697033,119.475,31.83988922469413,31.620315149178207,11.25137889995312,56.18,14.456669391983718,14.388477735521343,1.5878133712634719,25.5
2026-10-27 08:46:44,67.20992074774188,67.36779407418858,77.85170675843119,119.485,31.84701230394611,31.62982870248052,11.253907146057088,56.195,14.456669391983718,14.388477735521343,1.5878133712634719,25.5
2026-10-27 09:01:44,67.2117294285745,67.36874549509959,77.8551644725913,119.49,31.85476018002234,31.64082799873569,11.257145170475793,56.21,14.460805483789741,14.39210439515698,1.5879994865042895,25.505
2026-10-27 09:16:44,67.22552144173264,67.3882584416981,77.87097013869734,119.515,31.861453849620695,31.64877151193431,11.259876941136561,56.225,14.460805483789741,14.39210439515698,1.5879994865042895,25.505
2026-10-27 09:31:44,67.23490780167916,67.39733305083968,77.87962576764221,119.53,31.865456505546113,31.65007020043462,11.260794715881755,56.23,14.464915194963963,14.394102079409171,1.5884062284669012,25.51
2026-10-27 09:46:44,67.23490780167916,67.39733305083968,77.87962576764221,119.53,31.870491180305322,31.65517502350082,11.26280512845145,56.24,14.469528531275438,14.397598158537285,1.5886329383363045,25.515
2026-10-27 10:01:44,67.24461788608957,67.41253079597983,77.89256964466314,119.55,31.878406723022238,31.660945317966583,11.265686367581386,56.25,14.474330017916794,14.40061854235293,1.5888443810197146,25.52
2026-10-27 10:16:44,67.26285569263396,67.43162379928177,77.90700418670777,119.575,31.898140958371126,31.68621344239753,11.2732691435433,56.29,14.47780978757191,14.404810843117339,1.5895022393384641,25.53
2026-10-27 10:31:44,67.26537437024201,67.43626848440606,77.91197606824696,119.58,31.90130165374442,31.688948949141768,11.274669964129437,56.295,14.47780978757191,14.404810843117339,1.5895022393384641,25.53
2026-10-27 10:46:44,67.27894338697259,67.44857775927531,77.9253040563757,119.6,31.912486205215277,31.696563182218192,11.277975297301484,56.31,14.47780978757191,14.404810843117339,1.5895022393384641,25.53
2026-10-27 11:01:44,67.27894338697259,67.44857775927531,77.9253040563757,119.6,31.912486205215277,31.696563182218192,11.277975297301484,56.31,14.47780978757191,14.404810843117339,1.5895022393384641,25.53
2026-10-27 11:16:44,67.2841692653094,67.45648164163701,77.93684407763932,119.615,31.912486205215277,31.696563182218192,11.277975297301484,56.31,14.47879357502635,14.40787780607907,1.5899889327076902,25.535
2026-10-27 11:31:44,67.2877042902507,67.45723500379232,77.93912022323744,119.62,31.91441233029758,31.70154480652018,11.279192812367077,56.315,14.47879357502635,14.40787780607907,1.5899889327076902,25.535
2026-10-27 11:46:44,67.29138536614404,67.46165410120477,77.94255482365568,119.625,31.91441233029758,31.70154480652018,11.279192812367077,56.315,14.47879357502635,14.40787780607907,1.5899889327076902,25.535
2026-10-27 12:01:44,67.29853817312095,67.46672515505357,77.94994505234122,119.635,31.919137391301817,31.705535711600696,11.28027402850962,56.32,14.47879357502635,14.40787780607907,1.5899889327076902,25.535
2026-10-27 12:16:44,67.32176348166973,67.49907688725507,77.97841778357098,119.68,31.925963234803273,31.718072316364687,11.283478035605293,56.335,14.479577818879317,14.409304186825905,1.590380640491816,25.54
2026-10-27 12:31:44,67.32555265732213,67.50204679585524,77.9872829635663,119.69,31.925963234803273,31.718072316364687,11.283478035605293,56.335,14.479577818879317,14.409304186825905,1.590380640491816,25.54
2026-10-27 12:46:44,67.3290681023379,67.50622727239924,77.99021876156205,119.695,31.925963234803273,31.718072316364687,11.283478035605293,56.335,14.479577818879317,14.409304186825905,1.590380640491816,25.54
2026-10-27 13:01:44,67.33606099682787,67.51610520902966,78.00064637369235,119.715,31.925963234803273,31.718072316364687,11.283478035605293,56.335,14.479577818879317,14.409304186825905,1.590380640491816,25.54
2026-10-27 13:16:44,67.34312346319176,67.52071921561625,78.00527784304505,119.725,31.925963234803273,31.718072316364687,11.283478035605293,56.335,14.479577818879317,14.409304186825905,1.590380640491816,25.54
2026-10-27 13:31:44,67.34312346319176,67.52071921561625,78.00527784304505,119.725,31.925963234803273,31.718072316364687,11.283478035605293,56.335,14.479577818879317,14.409304186825905,1.590380640491816,25.54
2026-10-27 13:46:44,67.3658334880799,67.54015014819295,78.02904472366254,119.765,31.927529995893327,31.721639940552656,11.284158194699959,56.34,14.483611400742873,14.4101364897145,1.5905998553646896,25.545
2026-10-27 14:01:44,67.37580269217345,67.54602478896888,78.03634977094937,119.78,31.92967783343756,31.72389135304886,11.285561883623622,56.345,14.483611400742873,14.4101364897145,1.5905998553646896,25.545
2026-10-27 14:16:44,67.40047874524348,67.57056630483474,78.06890099916819,119.825,31.94082639691741,31.742399007069157,11.290961743109747,56.375,14.484294748057579,14.411795223598807,1.5910063423773473,25.55
2026-10-27 14:31:44,67.41910575612172,67.59098955136332,78.09404699241834,119.865,31.957991306165308,31.754971095282468,11.29609606374185,56.4,14.484294748057579,14.411795223598807,1.5910063423773473,25.55
2026-10-27 14:46:44,67.44316224212298,67.61409236879501,78.11713488406161,119.905,31.959928934166008,31.75643873672613,11.297233881384075,56.405,14.49072206926282,14.418023916420182,1.5912933011286992,25.56
2026-10-27 15:01:44,67.46177002786203,67.63425365922093,78.14025613406007,119.94,31.965846228815803,31.75898126585373,11.299185738448466,56.415,14.492292067050249,14.418912744068141,1.5917187897614673,25.565
2026-10-27 15:16:44,67.4844546901624,67.65540482369319,78.16940246468712,119.985,31.96780374893245,31.763077091508475,11.300263175685,56.42,14.492292067050249,14.418912744068141,1.5917187897614673,25.565
2026-10-27 15:31:44,67.50452085027949,67.67739397582855,78.1980112626498,120.03,31.982159369097673,31.769992895796655,11.304181538418344,56.44,14.492292067050249,14.418912744068141,1.5917187897614673,25.565
2026-10-27 15:46:44,67.52900942273443,67.71133028375537,78.23249175876181,120.075,31.99136485547632,31.778135657004807,11.30811685134527,56.46,14.500555580226866,14.424072442146604,1.5928976859255395,25.58
2026-10-27 16:01:44,67.55629380890537,67.74099937072666,78.26384252354252,120.12,32.00195128005668,31.78985446565307,11.310125401981658,56.475,14.515216541612903,14.440072385389849,1.5941058467522171,25.605
2026-10-27 16:16:44,67.56887285264028,67.75965532146382,78.2894545595548,120.155,32.00195128005668,31.78985446565307,11.310125401981658,56.475,14.515216541612903,14.440072385389849,1.5941058467522171,25.605
2026-10-27 16:31:44,67.56887285264028,67.75965532146382,78.2894545595548,120.155,32.00659488387395,31.793328529584365,11.312782451678064,56.485,14.515216541612903,14.440072385389849,1.5941058467522171,25.605
2026-10-27 16:46:44,67.57504225990179,67.76564124141832,78.29597306630254,120.165,32.00659488387395,31.793328529584365,11.312782451678064,56.485,14.515216541612903,14.440072385389849,1.5941058467522171,25.605
2026-10-27 17:01:44,67.57504225990179,67.76564124141832,78.29597306630254,120.165,32.00659488387395,31.793328529584365,11.312782451678064,56.485,14.515216541612903,14.440072385389849,1.5941058467522171,25.605
2026-10-27 17:16:44,67.57624932510174,67.76736387012396,78.29826596420169,120.17,32.00659488387395,31.793328529584365,11.312782451678064,56.485,14.515216541612903,14.440072385389849,1.5941058467522171,25.605
2026-10-27 17:31:44,67.57624932510174,67.76736387012396,78.29826596420169,120.17,32.00659488387395,31.793328529584365,11.312782451678064,56.485,14.515216541612903,14.440072385389849,1.5941058467522171,25.605
2026-10-27 17:46:44,67.58157439275787,67.77436657361,78.30738632378021,120.18,32.01263370208145,31.799208175161954,11.315150366225943,56.495,14.515216541612903,14.440072385389849,1.5941058467522171,25.605
2026-10-27 18:01:44,67.59589538757298,67.78494339519771,78.31930115812061,120.2,32.01818527467638,31.806681827913078,11.317436161217293,56.505,14.516105274314315,14.441391527053593,1.5945902017919114,25.61
2026-10-27 18:16:44,67.5987697598621,67.7896129772156,78.32262112139438,120.205,32.01818527467638,31.806681827913078,11.317436161217293,56.505,14.516105274314315,14.441391527053593,1.5945902017919114,25.61
2026-10-27 18:31:44,67.5987697598621,67.7896129772156,78.32262112139438,120.205,32.01818527467638,31.806681827913078,11.317436161217293,56.505,14.516105274314315,14.441391527053593,1.5945902017919114,25.61
2026-10-27 18:46:44,67.61979446113985,67.81025310420178,78.34543158229823,120.24,32.02271737145343,31.8105178592939,11.318784145132181,56.51,14.522797354574646,14.448055124336154,1.5956498237860082,25.625
2026-10-27 19:01:44,67.61979446113985,67.81025310420178,78.34543158229823,120.24,32.02271737145343,31.8105178592939,11.318784145132181,56.51,14.522797354574646,14.448055124336154,1.5956498237860082,25.625
2026-10-27 19:16:44,67.63497819511478,67.822967696732,78.36091605226113,120.265,32.041234362834444,31.82540462966999,11.322855447886022,56.54,14.522797354574646,14.448055124336154,1.5956498237860082,25.625
2026-10-27 19:31:44,67.64828315816916,67.83530884101683,78.3733363055391,120.285,32.0450436216282,31.8349559949188,11.325826795280584,56.555,14.524284546185433,14.450587027310627,1.5959356893831815,25.63
2026-10-27 19:46:44,67.66446622313201,67.84249317743216,78.38331603678904,120.31,32.046198926490035,31.836544481620585,11.327249810265739,56.56,14.524284546185433,14.450587027310627,1.5959356893831815,25.63
2026-10-27 20:01:44,67.72042322015845,67.90230924013339,78.45690664644582,120.42,32.08475135129118,31.874765574007487,11.340002105473081,56.625,14.527138604541385,14.452027681674549,1.5962969398128133,25.635
2026-10-27 20:16:44,67.73394086796215,67.9165987237385,78.48116956885336,120.45,32.098220478105084,31.881406052585007,11.344236921006441,56.645,14.528811855951423,14.45539663097487,1.5965612061675925,25.64
2026-10-27 20:31:44,67.73394086796215,67.9165987237385,78.48116956885336,120.45,32.098220478105084,31.881406052585007,11.344236921006441,56.645,14.528811855951423,14.45539663097487,1.5965612061675925,25.64
2026-10-27 20:46:44,67.73394086796215,67.9165987237385,78.48116956885336,120.45,32.098220478105084,31.881406052585007,11.344236921006441,56.645,14.528811855951423,14.45539663097487,1.5965612061675925,25.64
2026-10-27 21:01:44,67.7452482834532,67.92949611293304,78.49815446944461,120.48,32.10075952554551,31.882420515264876,11.345157711635022,56.65,14.532696988674006,14.457641715451892,1.596781666900692,25.645
2026-10-27 21:16:44,67.76255912418999,67.9399010438635,78.50964414012152,120.5,32.10350411895787,31.88656394939412,11.346463116687588,56.655,14.532696988674006,14.457641715451892,1.596781666900692,25.645
2026-10-27 21:31:44,67.76255912418999,67.9399010438635,78.50964414012152,120.5,32.10350411895787,31.88656394939412,11.346463116687588,56.655,14.532696988674006,14.457641715451892,1.596781666900692,25.645
2026-10-27 21:46:44,67.76255912418999,67.9399010438635,78.50964414012152,120.5,32.10350411895787,31.88656394939412,11.346463116687588,56.655,14.532696988674006,14.457641715451892,1.596781666900692,25.645
2026-10-27 22:01:44,67.76255912418999,67.9399010438635,78.50964414012152,120.5,32.10350411895787,31.88656394939412,11.346463116687588,56.655,14.532696988674006,14.457641715451892,1.596781666900692,25.645
2026-10-27 22:16:44,67.831824878304,68.01396293371195,78.59467326942186,120.635,32.14097266172254,31.909892356709854,11.356067233472423,56.705,14.554000767323407,14.474584190973932,1.5990295631430549,25.675
2026-10-27 22:31:44,67.94180421811221,68.13270150928939,78.72551774762185,120.845,32.20107244693657,31.966952939861244,11.381125473378729,56.83,14.577629081694566,14.49868321841665,1.6018925207655559,25.72
2026-10-27 22:46:44,67.98660666280529,68.16100661256374,78.76566178262617,120.915,32.21930651173283,31.98795619760983,11.390087223648267,56.87,14.580324200638163,14.502935980631339,1.6021335962032839,25.725
2026-10-27 23:01:44,68.04722639379281,68.22897368505132,78.82998619117231,121.02,32.23319720998431,32.00922845188373,11.396068756968358,56.9,14.588990632842524,14.510900423029533,1.6027476114435735,25.735
2026-10-27 23:16:44,68.17746042909306,68.35737504220862,78.98197065259544,121.26,32.325849501575114,32.09498919784992,11.4232658434134,57.05,14.633494902679846,14.54659376207298,1.6067982182121971,25.8
2026-10-27 23:31:44,68.24253570325718,68.42040460839641,79.04181444606968,121.36,32.33454943252372,32.10057082382475,11.425122062037575,57.06,14.636780393183244,14.550100681074364,1.607155524348345,25.805
2026-10-27 23:46:44,68.40824555187753,68.57781461730892,79.22467278893576,121.63,32.401655475852024,32.16452481804117,11.448569550115858,57.175,14.661230997064193,14.582081946564317,1.6101474299052982,25.855
2026-10-28 00:01:44,68.54965968771306,68.73092640396244,79.3898406559773,121.875,32.458713376876695,32.22010710604762,11.465707942555746,57.265,14.674262433651547,14.596424231156488,1.6121782323683216,25.885
2026-10-28 00:16:44,68.69709723634801,68.8459855265822,79.56133848880529,122.135,32.544946748945776,32.3006305534495,11.49341995122463,57.405,14.71077034138604,14.626183784053577,1.616136088781362,25.945
2026-10-28 00:31:44,68.74560643326804,68.89520261362087,79.61295640195134,122.215,32.59562495918487,32.338224905709744,11.506788189779856,57.48,14.717124061213292,14.635407375683988,1.616751779707482,25.955
2026-10-28 00:46:44,68.83531430207513,68.9898786764185,79.71354721413202,122.37,32.64795989982242,32.39907928726909,11.526638664533879,57.585,14.737849945020765,14.657509354664192,1.6195207095135695,25.995
2026-10-28 01:01:44,68.95554279807764,69.08435810578145,79.83499696823623,122.555,32.69369611875437,32.44432304983377,11.541619545317001,57.66,14.764537865294393,14.684678272478234,1.622394455893265,26.04
2026-10-28 01:16:44,69.13120915901466,69.24579888072338,80.01195386971517,122.82,32.744702056737204,32.493377353995115,11.558940001728905,57.75,14.790775786797104,14.704474349682693,1.6250742787846695,26.08
2026-10-28 01:31:44,69.23113699264664,69.34425698980809,80.13182366103267,122.995,32.82327115260684,32.56575212877741,11.582895803291557,57.87,14.81453382183089,14.728404404908606,1.6281960871015249,26.13
2026-10-28 01:46:44,69.29641973594448,69.40998096655926,80.20882484179016,123.115,32.8821255347588,32.6165507193076,11.601720997613468,57.965,14.831944149487196,14.746028036369335,1.6302923790507842,26.16
2026-10-28 02:01:44,69.3714412253092,69.49402582606585,80.2972686217123,123.255,32.915923008591825,32.643935363807884,11.614194831091407,58.025,14.845341617464886,14.760592676734618,1.6317272365998519,26.19
2026-10-28 02:16:44,69.4794205507634,69.58882113198831,80.4105031744923,123.435,32.97074900323318,32.699862553831764,11.633286389738453,58.13,14.857873003041448,14.767348330261273,1.6324037521553019,26.205
2026-10-28 02:31:44,69.493114998658,69.60728746649532,80.42989139013403,123.465,32.9826451889303,32.71032803651393,11.637544877151297,58.15,14.867397582390678,14.77910442190582,1.6332864946285803,26.22
2026-10-28 02:46:44,69.5774565605108,69.69303478166586,80.5358432456686,123.625,33.04830101710988,32.775229481449216,11.661808327786753,58.27,14.890338795106203,14.808446024150966,1.6365293485247738,26.27
2026-10-28 03:01:44,69.60302215842972,69.73606718146928,80.5814245698143,123.69,33.058400260533475,32.78709927946848,11.666925729515222,58.29,14.899123042098573,14.824100645053813,1.6378699114738053,26.29
2026-10-28 03:16:44,69.64492270159226,69.78628637888154,80.64329587582613,123.78,33.07642527502459,32.8046059095236,11.673073971067948,58.32,14.903059145814353,14.829667162030056,1.6384902009998492,26.3
2026-10-28 03:31:44,69.66658314337525,69.81655774463496,80.67320825105553,123.83,33.09102653612912,32.82377197534317,11.680464727917615,58.355,14.910657568163717,14.834601562250196,1.6390791588221174,26.31
2026-10-28 03:46:44,69.6711578806088,69.82161750558676,80.67970324609965,123.84,33.09466466435325,32.82763987084184,11.681245494395002,58.36,14.915805148782729,14.840547413583828,1.639559190521912,26.32
2026-10-28 04:01:44,69.75527590607922,69.89017109753374,80.76122982233763,123.975,33.11577591570432,32.84339494249865,11.687502367047573,58.39,14.924839403877225,14.854424469505693,1.6404424268927784,26.34
2026-10-28 04:16:44,69.83514425103127,69.96376241928392,80.83570749609966,124.095,33.147200844604,32.86870816739878,11.699108462980663,58.44,14.940614367418409,14.86766803538141,1.6422517838700217,26.365
2026-10-28 04:31:44,69.8776436830348,70.00606199147157,80.88712387126814,124.165,33.18890314033574,32.91271540219127,11.713882189870647,58.515,14.960986773604484,14.882142605448129,1.644365893722044,26.395
2026-10-28 04:46:44,69.93085240853186,70.05724648558098,80.95080460813419,124.255,33.222383169645624,32.93821519129384,11.72188965566994,58.56,14.971191977197334,14.88995366167476,1.6451658235904631,26.41
2026-10-28 05:01:44,69.93632483740541,70.06665102342298,80.95923045156532,124.27,33.222383169645624,32.93821519129384,11.72188965566994,58.56,14.971191977197334,14.88995366167476,1.6451658235904631,26.41
2026-10-28 05:16:44,69.97685246799713,70.11725167082723,81.01236551117667,124.36,33.252710200712755,32.964993311558,11.728918208328345,58.605,14.985091417654342,14.907867672311209,1.6467013709354983,26.44
2026-10-28 05:31:44,70.04616667282438,70.21109975531628,81.09656163776549,124.5,33.277642788456,32.98757279214238,11.736911223005045,58.65,15.002814579376679,14.920504755851981,1.6481166520886614,26.47
2026-10-28 05:46:44,70.07973173287603,70.25237955698636,81.14356407863164,124.57,33.27987787663838,32.992013404764826,11.737469024206867,58.655,15.010787321728513,14.929262740279096,1.6491889046538466,26.485
2026-10-28 06:01:44,70.11117727301381,70.28032642446908,81.17722844614116,124.625,33.300144998331724,33.007292047622244,11.743954594613298,58.685,15.013973350157736,14.933233080316572,1.6493447440482938,26.49
2026-10-28 06:16:44,70.16701930005372,70.33973492893851,81.25090902099727,124.735,33.31188402243572,33.023603864365946,11.74865671356179,58.71,15.03409833693315,14.950217934882154,1.6510110340133042,26.52
2026-10-28 06:31:44,70.20450332928182,70.37958296921107,81.29022565822046,124.8,33.333463530934786,33.04540232796376,11.755347144372713,58.745,15.044062068778983,14.956858480547508,1.6523693987955803,26.54
2026-10-28 06:46:44,70.2131951928877,70.38534924355399,81.29914262263645,124.81,33.333463530934786,33.04540232796376,11.755347144372713,58.745,15.044062068778983,14.956858480547508,1.6523693987955803,26.54
2026-10-28 07:01:44,70.23556295328375,70.40639201358543,81.32237680983951,124.85,33.3480147092795,33.056792759491564,11.759390020313107,58.765,15.05286001741154,14.965329900011415,1.653405935030533,26.56
2026-10-28 07:16:44,70.2472644811854,70.42023001576213,81.33268449802479,124.87,33.34983408782253,33.05849306341396,11.760403636709452,58.77,15.058962974118112,14.970733281524081,1.6543547444379436,26.57
2026-10-28 07:31:44,70.27396987417268,70.44682084570958,81.35582084771076,124.905,33.3584361877174,33.06048041803025,11.762250387399588,58.78,15.058962974118112,14.970733281524081,1.6543547444379436,26.57
2026-10-28 07:46:44,70.30494941812506,70.47905110357925,81.39527583773138,124.96,33.36746025399408,33.06531626446361,11.763658198943507,58.79,15.071995946492663,14.98416099082354,1.6552618128964154,26.59
2026-10-28 08:01:44,70.3957012090463,70.57209803291286,81.50532701448108,125.125,33.41717083797729,33.125644248646466,11.784087266670383,58.89,15.09405454259665,15.013788277980812,1.658793532999136,26.64
2026-10-28 08:16:44,70.50380163227295,70.67148145181835,81.6199296629704,125.3,33.44577482036828,33.15710609099892,11.794268392745359,58.94,15.11692831205179,15.031401241847872,1.6610620691709308,26.675
2026-10-28 08:31:44,70.62082130577366,70.79462427788211,81.76498343220484,125.515,33.466389214148165,33.19141110558943,11.807831611086922,59.0,15.145172548473614,15.05339430222288,1.6642651247328695,26.725
2026-10-28 08:46:44,70.697214561157,70.87061047192688,81.85617245779193,125.665,33.51505439173132,33.22887497750282,11.822015651254326,59.08,15.15542521425888,15.06142183165462,1.6656213419384658,26.745
2026-10-28 09:01:44,70.8272222110033,71.00627040888156,82.01120590021544,125.885,33.619911161817555,33.31869273089149,11.853498381845478,59.24,15.172619614836346,15.07542953923908,1.6675884803318437,26.775
2026-10-28 09:16:44,70.9262052839176,71.10461584142453,82.11780771634929,126.055,33.65914143082986,33.3548869141902,11.868478722637548,59.31,15.183841735335024,15.08802715204494,1.668557048733517,26.795
2026-10-28 09:31:44,71.07517822585758,71.25602966821457,82.29001898927399,126.32,33.72142336512058,33.413643634823494,11.891254050795608,59.425,15.199986090180031,15.100390977567256,1.670730964171146,26.825
2026-10-28 09:46:44,71.15027340882847,71.3328329961499,82.39088787604453,126.47,33.762226586660994,33.4682247405257,11.90979018233657,59.51,15.212355279144788,15.111838370709696,1.6725191180118322,26.85
2026-10-28 10:01:44,71.25094755935244,71.43313723026489,82.5007029587479,126.645,33.80971135984942,33.52129835867942,11.924369960921867,59.59,15.237992311322076,15.141046618983596,1.6753843066436318,26.9
2026-10-28 10:16:44,71.39934524067652,71.57074876445083,82.67263481418186,126.895,33.876168415391774,33.57126096700622,11.945365304137315,59.695,15.262984571573236,15.166825097878395,1.678117226853409,26.95
2026-10-28 10:31:44,71.43721921408266,71.61025031751537,82.7190680977481,126.96,33.87859249619685,33.580426887371225,11.947849103536608,59.705,15.268293310981674,15.173204777535794,1.6784657658293654,26.96
2026-10-28 10:46:44,71.50850303387817,71.68510471253995,82.79743597757152,127.085,33.88870920721491,33.59126305131381,11.951441623239981,59.725,15.277740463905417,15.17995717307098,1.6796683982363114,26.975
2026-10-28 11:01:44,71.56281693876983,71.73608417004068,82.85354465583758,127.17,33.89805642663783,33.598169116820856,11.95482369165141,59.74,15.280409061971081,15.18074626239957,1.679862677614949,26.98
2026-10-28 11:16:44,71.64970092590073,71.82007920862517,82.94119825082339,127.32,33.922780585688464,33.62453267536292,11.96680103864847,59.79,15.282723850670001,15.18246275491551,1.6800463920061004,26.985
2026-10-28 11:31:44,71.6808532463101,71.85114806821342,82.97531661662889,127.375,33.92527136425864,33.629727607877136,11.968292206513011,59.8,15.287284046616717,15.185699835288155,1.6805373022747452,26.99
2026-10-28 11:46:44,71.68430445605252,71.85597623855,82.98004925979056,127.38,33.93877358785522,33.6466815325971,11.971992353942404,59.82,15.287284046616717,15.185699835288155,1.6805373022747452,26.99
2026-10-28 12:01:44,71.73468623480377,71.90785782476496,83.04565358607583,127.47,33.97158290787559,33.669802854374375,11.979707462336071,59.865,15.296995528324262,15.192088317385581,1.68128371626579,27.005
2026-10-28 12:16:44,71.74600657431297,71.92338787185903,83.06344981486036,127.495,33.97158290787559,33.669802854374375,11.979707462336071,59.865,15.298342960706675,15.195470614758396,1.681776639236626,27.01
