date,low_cpu,low_mem,low_num,low_ttl,mid_cpu,mid_mem,mid_num,mid_ttl,high_cpu,high_mem,high_num,high_ttl
2026-10-07 12:23:57,0.03223049287948028,0.020407830278149366,0.03554851246350821,0.055,0.007170427901213587,0.007807680625599564,0.001911311214647196,0.01,0.002955101149865926,0.0028607559071769637,0.0002374553646564131,0.005
2026-10-07 12:38:57,0.07603825918257115,0.0639667689373851,0.08946926137371292,0.13,0.02701703058173747,0.024947564088637884,0.009615687721570015,0.045,0.00862603460438173,0.011671537647060318,0.0006795567516569088,0.015
2026-10-07 12:53:57,0.09679927155944891,0.08578079403147598,0.11167919600619566,0.165,0.03581010036781274,0.03501139131914673,0.01213238654922306,0.06,0.00862603460438173,0.011671537647060318,0.0006795567516569088,0.015
2026-10-07 13:08:57,0.09679927155944891,0.08578079403147598,0.11167919600619566,0.165,0.03581010036781274,0.03501139131914673,0.01213238654922306,0.06,0.00862603460438173,0.011671537647060318,0.0006795567516569088,0.015
2026-10-07 13:23:57,0.10231235360162415,0.09037024894972451,0.11600671687869842,0.175,0.03830186664364553,0.037062259429626196,0.013114623135925195,0.065,0.01333068764075738,0.013961483118200621,0.0008665517747163465,0.02
2026-10-07 13:38:57,0.12389304054688721,0.11855038046327317,0.14271735968131102,0.22,0.0432059523725657,0.042198729458237036,0.015572191102876538,0.075,0.01333068764075738,0.013961483118200621,0.0008665517747163465,0.02
2026-10-07 13:53:57,0.12389304054688721,0.11855038046327317,0.14271735968131102,0.22,0.0432059523725657,0.042198729458237036,0.015572191102876538,0.075,0.01333068764075738,0.013961483118200621,0.0008665517747163465,0.02
2026-10-07 14:08:57,0.1430780439039486,0.1347035236279923,0.17027673379577657,0.26,0.04720592170453661,0.04707870867191596,0.0164416647954812,0.08,0.01333068764075738,0.013961483118200621,0.0008665517747163465,0.02
2026-10-07 14:23:57,0.1549413626851017,0.14235582550864145,0.18510099468909008,0.285,0.049288661257637215,0.048920820465397086,0.017776713815202377,0.085,0.018266552314974056,0.01749388527138696,0.0010673431430150574,0.025
2026-10-07 14:38:57,0.19955233927346103,0.1894891353006697,0.2413605741295172,0.37,0.0584341266185494,0.06791341106963397,0.022697601903125333,0.11,0.02763400202704509,0.024154797725320278,0.002181681198237402,0.04
2026-10-07 14:53:57,0.22739535406911343,0.21575564991054752,0.27683202795504747,0.42,0.06603911136733857,0.07616771492368563,0.026278927095516907,0.125,0.02763400202704509,0.024154797725320278,0.002181681198237402,0.04
2026-10-07 15:08:57,0.22739535406911343,0.21575564991054752,0.27683202795504747,0.42,0.06603911136733857,0.07616771492368563,0.026278927095516907,0.125,0.02763400202704509,0.024154797725320278,0.002181681198237402,0.04
2026-10-07 15:23:57,0.24681839107401884,0.22783539194314695,0.2999613383793003,0.445,0.08619404365411525,0.09091159676967482,0.03228371244306961,0.155,0.029296281752621348,0.025994558694613555,0.002556293382569022,0.045
2026-10-07 15:38:57,0.2620723504003278,0.2466619465308033,0.3168207139960147,0.47,0.08909652291773239,0.09253151297948645,0.03349537904279348,0.16,0.03414585335519236,0.030046662221710114,0.0028566060958633735,0.05
2026-10-07 15:53:57,0.2620723504003278,0.2466619465308033,0.3168207139960147,0.47,0.08909652291773239,0.09253151297948645,0.03349537904279348,0.16,0.03414585335519236,0.030046662221710114,0.0028566060958633735,0.05
2026-10-07 16:08:57,0.3248344712581182,0.3217213742825773,0.4025036568257957,0.6,0.10504039714915385,0.1077132507397545,0.03859066006405029,0.185,0.04034842870069526,0.035237728265316313,0.0033346855285612807,0.06
2026-10-07 16:23:57,0.3440514734897253,0.3430366599102365,0.42286468335663335,0.635,0.10864336599087401,0.10875873692630361,0.039988096578575764,0.19,0.047145838829710844,0.04158169489906793,0.003834017985818281,0.07
2026-10-07 16:38:57,0.3440514734897253,0.3430366599102365,0.42286468335663335,0.635,0.10864336599087401,0.10875873692630361,0.039988096578575764,0.19,0.047145838829710844,0.04158169489906793,0.003834017985818281,0.07
2026-10-07 16:53:57,0.39333663220474513,0.38579434993738565,0.47155140387753935,0.715,0.1290924392737455,0.12322335141933931,0.0451102083779501,0.22,0.05532348823745631,0.051426425715190474,0.004856512238793232,0.085
2026-10-07 17:08:57,0.39333663220474513,0.38579434993738565,0.47155140387753935,0.715,0.1290924392737455,0.12322335141933931,0.0451102083779501,0.22,0.05532348823745631,0.051426425715190474,0.004856512238793232,0.085
2026-10-07 17:23:57,0.41725573030521196,0.41999494150034306,0.5138316916444866,0.775,0.12981532466331602,0.12657487180777297,0.04602040130902124,0.225,0.06025746973941243,0.05629001326315987,0.0050809422339178475,0.09
2026-10-07 17:38:57,0.424922332763726,0.43166784994478324,0.5247318993384643,0.795,0.13880901941821108,0.13284788754433097,0.04830130103159669,0.24,0.0651371453907978,0.06159132722451016,0.005537195492009929,0.1
2026-10-07 17:53:57,0.424922332763726,0.43166784994478324,0.5247318993384643,0.795,0.13880901941821108,0.13284788754433097,0.04830130103159669,0.24,0.0651371453907978,0.06159132722451016,0.005537195492009929,0.1
2026-10-07 18:08:57,0.424922332763726,0.43166784994478324,0.5247318993384643,0.795,0.13880901941821108,0.13284788754433097,0.04830130103159669,0.24,0.0651371453907978,0.06159132722451016,0.005537195492009929,0.1
2026-10-07 18:23:57,0.424922332763726,0.43166784994478324,0.5247318993384643,0.795,0.13880901941821108,0.13284788754433097,0.04830130103159669,0.24,0.0651371453907978,0.06159132722451016,0.005537195492009929,0.1
2026-10-07 18:38:57,0.424922332763726,0.43166784994478324,0.5247318993384643,0.795,0.13880901941821108,0.13284788754433097,0.04830130103159669,0.24,0.0651371453907978,0.06159132722451016,0.005537195492009929,0.1
2026-10-07 18:53:57,0.424922332763726,0.43166784994478324,0.5247318993384643,0.795,0.13880901941821108,0.13284788754433097,0.04830130103159669,0.24,0.0651371453907978,0.06159132722451016,0.005537195492009929,0.1
2026-10-07 19:08:57,0.424922332763726,0.43166784994478324,0.5247318993384643,0.795,0.13880901941821108,0.13284788754433097,0.04830130103159669,0.24,0.0651371453907978,0.06159132722451016,0.005537195492009929,0.1
2026-10-07 19:23:57,0.424922332763726,0.43166784994478324,0.5247318993384643,0.795,0.13880901941821108,0.13284788754433097,0.04830130103159669,0.24,0.0651371453907978,0.06159132722451016,0.005537195492009929,0.1
2026-10-07 19:38:57,0.5634530912336052,0.5612119812051357,0.6838591444636651,1.04,0.22112745520084737,0.19893409963232098,0.06955387377826877,0.37,0.09701743612091777,0.08749072737299722,0.008048641872134246,0.145
2026-10-07 19:53:57,0.5634530912336052,0.5612119812051357,0.6838591444636651,1.04,0.22112745520084737,0.19893409963232098,0.06955387377826877,0.37,0.09701743612091777,0.08749072737299722,0.008048641872134246,0.145
2026-10-07 20:08:57,0.7314168970867223,0.7153457894430367,0.8605572900555276,1.32,0.2713634719369485,0.24700011890408183,0.08755358585408116,0.455,0.127263397764821,0.11882599759911297,0.011371966192270551,0.205
2026-10-07 20:23:57,0.7496611065319171,0.7430568823262654,0.8885077177945702,1.365,0.289085479260425,0.2559907718756563,0.09203858621871329,0.48,0.13379317021580198,0.12389380287755207,0.011847472998362953,0.215
2026-10-07 20:38:57,0.8440885174840409,0.8446992710801412,0.9893468122564482,1.525,0.3581338641597801,0.3153689845949197,0.11802407512128026,0.605,0.16292801121874947,0.14605492088823993,0.014596663811716858,0.255
2026-10-07 20:53:57,0.8440885174840409,0.8446992710801412,0.9893468122564482,1.525,0.3581338641597801,0.3153689845949197,0.11802407512128026,0.605,0.16292801121874947,0.14605492088823993,0.014596663811716858,0.255
2026-10-07 21:08:57,0.8440885174840409,0.8446992710801412,0.9893468122564482,1.525,0.3581338641597801,0.3153689845949197,0.11802407512128026,0.605,0.16292801121874947,0.14605492088823993,0.014596663811716858,0.255
2026-10-07 21:23:57,0.9980081462378082,1.009250928432,1.1637770413811805,1.795,0.45222587582995,0.4007388938557985,0.15146818909216958,0.77,0.20752317281492563,0.18866690966801677,0.01927318021595093,0.33
2026-10-07 21:38:57,1.2268075777251075,1.2449250536182683,1.4460258647915019,2.23,0.5620286803344038,0.520006735197253,0.19320283292947338,0.98,0.2441370080468554,0.22678636698458027,0.023348403544762013,0.385
2026-10-07 21:53:57,1.2268075777251075,1.2449250536182683,1.4460258647915019,2.23,0.5620286803344038,0.520006735197253,0.19320283292947338,0.98,0.2441370080468554,0.22678636698458027,0.023348403544762013,0.385
2026-10-07 22:08:57,1.4010176397782332,1.422457525840818,1.6494628770371138,2.55,0.678909579863673,0.6370007699454245,0.2369718784789724,1.185,0.271418704977006,0.2641564680987188,0.027239019317889232,0.445
2026-10-07 22:23:57,1.484824621050247,1.4933644343146781,1.729725016966978,2.685,0.7384794354859743,0.6870599542298421,0.2564480658289065,1.275,0.3053905530158636,0.29695366354035224,0.030558622039822972,0.5
2026-10-07 22:38:57,1.555931529543988,1.5610962836697677,1.8067811707169597,2.81,0.7884193467584046,0.7267637923001563,0.26810521656093855,1.345,0.3170199073622505,0.3100459529168078,0.03179779391037731,0.52
2026-10-07 22:53:57,1.58426958616039,1.5789720813174914,1.8392741598239783,2.855,0.7952938389738845,0.7354142485447835,0.2696764461774624,1.355,0.3204399069759665,0.318408331331544,0.03247864177221879,0.53
2026-10-07 23:08:57,1.8264192288518581,1.8255442210485402,2.1173132345230115,3.29,0.9272300582253785,0.8584354488558529,0.3144674769754715,1.58,0.3521615463657218,0.3479584584732019,0.0365687758798777,0.59
2026-10-07 23:23:57,2.0358532328912675,2.023080973374728,2.3350597009857714,3.63,1.0106165814389363,0.9389111595428368,0.3435516783339133,1.735,0.4099092545325353,0.3994526362694481,0.04265212013727267,0.685
2026-10-07 23:38:57,2.0358532328912675,2.023080973374728,2.3350597009857714,3.63,1.0106165814389363,0.9389111595428368,0.3435516783339133,1.735,0.4099092545325353,0.3994526362694481,0.04265212013727267,0.685
2026-10-07 23:53:57,2.0358532328912675,2.023080973374728,2.3350597009857714,3.63,1.0106165814389363,0.9389111595428368,0.3435516783339133,1.735,0.4133511795837483,0.40313651088576813,0.042778060790655624,0.69
2026-10-08 00:08:57,2.0358532328912675,2.023080973374728,2.3350597009857714,3.63,1.0106165814389363,0.9389111595428368,0.3435516783339133,1.735,0.4150822347420406,0.4077357075492931,0.0431412569385675,0.695
2026-10-08 00:23:57,2.225929967874594,2.213446684380836,2.5336163383470676,3.94,1.1086658008590462,1.020683618582957,0.3717963495369828,1.89,0.4282774683112541,0.4207353091510307,0.04484691462853152,0.72
2026-10-08 00:38:57,2.225929967874594,2.213446684380836,2.5336163383470676,3.94,1.1086658008590462,1.020683618582957,0.3717963495369828,1.89,0.4282774683112541,0.4207353091510307,0.04484691462853152,0.72
2026-10-08 00:53:57,2.328222080350347,2.3090896160163172,2.6476624059950873,4.115,1.1592683673143438,1.0647786585920063,0.38844953062940457,1.97,0.4453330207481593,0.4373215679192548,0.04664995544177545,0.755
2026-10-08 01:08:57,2.328222080350347,2.3090896160163172,2.6476624059950873,4.115,1.1592683673143438,1.0647786585920063,0.38844953062940457,1.97,0.4453330207481593,0.4373215679192548,0.04664995544177545,0.755
2026-10-08 01:23:57,2.328222080350347,2.3090896160163172,2.6476624059950873,4.115,1.1592683673143438,1.0647786585920063,0.38844953062940457,1.97,0.4453330207481593,0.4373215679192548,0.04664995544177545,0.755
2026-10-08 01:38:57,2.328222080350347,2.3090896160163172,2.6476624059950873,4.115,1.1592683673143438,1.0647786585920063,0.38844953062940457,1.97,0.4453330207481593,0.4373215679192548,0.04664995544177545,0.755
2026-10-08 01:53:57,2.328222080350347,2.3090896160163172,2.6476624059950873,4.115,1.1592683673143438,1.0647786585920063,0.38844953062940457,1.97,0.4453330207481593,0.4373215679192548,0.04664995544177545,0.755
2026-10-08 02:08:57,2.328222080350347,2.3090896160163172,2.6476624059950873,4.115,1.1592683673143438,1.0647786585920063,0.38844953062940457,1.97,0.4453330207481593,0.4373215679192548,0.04664995544177545,0.755
2026-10-08 02:23:57,2.328222080350347,2.3090896160163172,2.6476624059950873,4.115,1.1592683673143438,1.0647786585920063,0.38844953062940457,1.97,0.4453330207481593,0.4373215679192548,0.04664995544177545,0.755
2026-10-08 02:38:57,2.328222080350347,2.3090896160163172,2.6476624059950873,4.115,1.1592683673143438,1.0647786585920063,0.38844953062940457,1.97,0.4453330207481593,0.4373215679192548,0.04664995544177545,0.755
2026-10-08 02:53:57,2.328222080350347,2.3090896160163172,2.6476624059950873,4.115,1.1592683673143438,1.0647786585920063,0.38844953062940457,1.97,0.4453330207481593,0.4373215679192548,0.04664995544177545,0.755
2026-10-08 03:08:57,2.328222080350347,2.3090896160163172,2.6476624059950873,4.115,1.1592683673143438,1.0647786585920063,0.38844953062940457,1.97,0.4453330207481593,0.4373215679192548,0.04664995544177545,0.755
2026-10-08 03:23:57,2.328222080350347,2.3090896160163172,2.6476624059950873,4.115,1.1592683673143438,1.0647786585920063,0.38844953062940457,1.97,0.4453330207481593,0.4373215679192548,0.04664995544177545,0.755
2026-10-08 03:38:57,2.328222080350347,2.3090896160163172,2.6476624059950873,4.115,1.1592683673143438,1.0647786585920063,0.38844953062940457,1.97,0.4453330207481593,0.4373215679192548,0.04664995544177545,0.755
2026-10-08 03:53:57,2.328222080350347,2.3090896160163172,2.6476624059950873,4.115,1.1592683673143438,1.0647786585920063,0.38844953062940457,1.97,0.4453330207481593,0.4373215679192548,0.04664995544177545,0.755
2026-10-08 04:08:57,2.328222080350347,2.3090896160163172,2.6476624059950873,4.115,1.1592683673143438,1.0647786585920063,0.38844953062940457,1.97,0.4453330207481593,0.4373215679192548,0.04664995544177545,0.755
2026-10-08 04:23:57,2.328222080350347,2.3090896160163172,2.6476624059950873,4.115,1.1592683673143438,1.0647786585920063,0.38844953062940457,1.97,0.4453330207481593,0.4373215679192548,0.04664995544177545,0.755
2026-10-08 04:38:57,2.328222080350347,2.3090896160163172,2.6476624059950873,4.115,1.1592683673143438,1.0647786585920063,0.38844953062940457,1.97,0.4453330207481593,0.4373215679192548,0.04664995544177545,0.755
2026-10-08 04:53:57,2.328222080350347,2.3090896160163172,2.6476624059950873,4.115,1.1592683673143438,1.0647786585920063,0.38844953062940457,1.97,0.4453330207481593,0.4373215679192548,0.04664995544177545,0.755
2026-10-08 05:08:57,2.328222080350347,2.3090896160163172,2.6476624059950873,4.115,1.1592683673143438,1.0647786585920063,0.38844953062940457,1.97,0.4453330207481593,0.4373215679192548,0.04664995544177545,0.755
2026-10-08 05:23:57,2.328222080350347,2.3090896160163172,2.6476624059950873,4.115,1.1592683673143438,1.0647786585920063,0.38844953062940457,1.97,0.4453330207481593,0.4373215679192548,0.04664995544177545,0.755
2026-10-08 05:38:57,2.332747375762551,2.3106883102874174,2.6501727950952043,4.12,1.1592683673143438,1.0647786585920063,0.38844953062940457,1.97,0.4453330207481593,0.4373215679192548,0.04664995544177545,0.755
2026-10-08 05:53:57,2.332747375762551,2.3106883102874174,2.6501727950952043,4.12,1.1592683673143438,1.0647786585920063,0.38844953062940457,1.97,0.4453330207481593,0.4373215679192548,0.04664995544177545,0.755
2026-10-08 06:08:57,2.334980625019588,2.3147774902125566,2.6540940755762112,4.125,1.1592683673143438,1.0647786585920063,0.38844953062940457,1.97,0.4453330207481593,0.4373215679192548,0.04664995544177545,0.755
2026-10-08 06:23:57,2.334980625019588,2.3147774902125566,2.6540940755762112,4.125,1.1592683673143438,1.0647786585920063,0.38844953062940457,1.97,0.4453330207481593,0.4373215679192548,0.04664995544177545,0.755
2026-10-08 06:38:57,2.5011673789779287,2.4753460705250476,2.8438179101408694,4.43,1.259454722500222,1.1589277345873459,0.42625719834579867,2.14,0.45906894915689744,0.45032518478653716,0.048641000337264845,0.785
2026-10-08 06:53:57,2.5037628778522927,2.480278275399448,2.8453788218722194,4.435,1.259454722500222,1.1589277345873459,0.42625719834579867,2.14,0.45906894915689744,0.45032518478653716,0.048641000337264845,0.785
2026-10-08 07:08:57,2.5037628778522927,2.480278275399448,2.8453788218722194,4.435,1.259454722500222,1.1589277345873459,0.42625719834579867,2.14,0.45906894915689744,0.45032518478653716,0.048641000337264845,0.785
2026-10-08 07:23:57,2.5037628778522927,2.480278275399448,2.8453788218722194,4.435,1.259454722500222,1.1589277345873459,0.42625719834579867,2.14,0.45906894915689744,0.45032518478653716,0.048641000337264845,0.785
2026-10-08 07:38:57,2.5037628778522927,2.480278275399448,2.8453788218722194,4.435,1.259454722500222,1.1589277345873459,0.42625719834579867,2.14,0.45906894915689744,0.45032518478653716,0.048641000337264845,0.785
2026-10-08 07:53:57,2.5037628778522927,2.480278275399448,2.8453788218722194,4.435,1.259454722500222,1.1589277345873459,0.42625719834579867,2.14,0.45906894915689744,0.45032518478653716,0.048641000337264845,0.785
2026-10-08 08:08:57,2.5037628778522927,2.480278275399448,2.8453788218722194,4.435,1.259454722500222,1.1589277345873459,0.42625719834579867,2.14,0.45906894915689744,0.45032518478653716,0.048641000337264845,0.785
2026-10-08 08:23:57,2.5037628778522927,2.480278275399448,2.8453788218722194,4.435,1.259454722500222,1.1589277345873459,0.42625719834579867,2.14,0.45906894915689744,0.45032518478653716,0.048641000337264845,0.785
2026-10-08 08:38:57,2.5037628778522927,2.480278275399448,2.8453788218722194,4.435,1.259454722500222,1.1589277345873459,0.42625719834579867,2.14,0.45906894915689744,0.45032518478653716,0.048641000337264845,0.785
2026-10-08 08:53:57,2.5037628778522927,2.480278275399448,2.8453788218722194,4.435,1.259454722500222,1.1589277345873459,0.42625719834579867,2.14,0.45906894915689744,0.45032518478653716,0.048641000337264845,0.785
2026-10-08 09:08:57,2.5037628778522927,2.480278275399448,2.8453788218722194,4.435,1.259454722500222,1.1589277345873459,0.42625719834579867,2.14,0.45906894915689744,0.45032518478653716,0.048641000337264845,0.785
2026-10-08 09:23:57,2.5037628778522927,2.480278275399448,2.8453788218722194,4.435,1.259454722500222,1.1589277345873459,0.42625719834579867,2.14,0.45906894915689744,0.45032518478653716,0.048641000337264845,0.785
2026-10-08 09:38:57,2.5037628778522927,2.480278275399448,2.8453788218722194,4.435,1.259454722500222,1.1589277345873459,0.42625719834579867,2.14,0.45906894915689744,0.45032518478653716,0.048641000337264845,0.785
2026-10-08 09:53:57,2.5037628778522927,2.480278275399448,2.8453788218722194,4.435,1.259454722500222,1.1589277345873459,0.42625719834579867,2.14,0.45906894915689744,0.45032518478653716,0.048641000337264845,0.785
2026-10-08 10:08:57,2.5037628778522927,2.480278275399448,2.8453788218722194,4.435,1.259454722500222,1.1589277345873459,0.42625719834579867,2.14,0.45906894915689744,0.45032518478653716,0.048641000337264845,0.785
2026-10-08 10:23:57,2.5037628778522927,2.480278275399448,2.8453788218722194,4.435,1.259454722500222,1.1589277345873459,0.42625719834579867,2.14,0.45906894915689744,0.45032518478653716,0.048641000337264845,0.785
2026-10-08 10:38:57,2.5037628778522927,2.480278275399448,2.8453788218722194,4.435,1.259454722500222,1.1589277345873459,0.42625719834579867,2.14,0.45906894915689744,0.45032518478653716,0.048641000337264845,0.785
2026-10-08 10:53:57,2.5037628778522927,2.480278275399448,2.8453788218722194,4.435,1.259454722500222,1.1589277345873459,0.42625719834579867,2.14,0.45906894915689744,0.45032518478653716,0.048641000337264845,0.785
2026-10-08 11:08:57,2.5037628778522927,2.480278275399448,2.8453788218722194,4.435,1.259454722500222,1.1589277345873459,0.42625719834579867,2.14,0.45906894915689744,0.45032518478653716,0.048641000337264845,0.785
2026-10-08 11:23:57,2.5037628778522927,2.480278275399448,2.8453788218722194,4.435,1.259454722500222,1.1589277345873459,0.42625719834579867,2.14,0.45906894915689744,0.45032518478653716,0.048641000337264845,0.785
2026-10-08 11:38:57,2.5037628778522927,2.480278275399448,2.8453788218722194,4.435,1.259454722500222,1.1589277345873459,0.42625719834579867,2.14,0.45906894915689744,0.45032518478653716,0.048641000337264845,0.785
2026-10-08 11:53:57,2.5037628778522927,2.480278275399448,2.8453788218722194,4.435,1.259454722500222,1.1589277345873459,0.42625719834579867,2.14,0.45906894915689744,0.45032518478653716,0.048641000337264845,0.785
2026-10-08 12:08:57,2.5037628778522927,2.480278275399448,2.8453788218722194,4.435,1.259454722500222,1.1589277345873459,0.42625719834579867,2.14,0.45906894915689744,0.45032518478653716,0.048641000337264845,0.785
2026-10-08 12:23:57,2.5037628778522927,2.480278275399448,2.8453788218722194,4.435,1.259454722500222,1.1589277345873459,0.42625719834579867,2.14,0.45906894915689744,0.45032518478653716,0.048641000337264845,0.785
2026-10-08 12:38:57,2.5037628778522927,2.480278275399448,2.8453788218722194,4.435,1.259454722500222,1.1589277345873459,0.42625719834579867,2.14,0.45906894915689744,0.45032518478653716,0.048641000337264845,0.785
2026-10-08 12:53:57,2.5037628778522927,2.480278275399448,2.8453788218722194,4.435,1.259454722500222,1.1589277345873459,0.42625719834579867,2.14,0.45906894915689744,0.45032518478653716,0.048641000337264845,0.785
2026-10-08 13:08:57,2.5037628778522927,2.480278275399448,2.8453788218722194,4.435,1.259454722500222,1.1589277345873459,0.42625719834579867,2.14,0.45906894915689744,0.45032518478653716,0.048641000337264845,0.785
2026-10-08 13:23:57,2.5037628778522927,2.480278275399448,2.8453788218722194,4.435,1.259454722500222,1.1589277345873459,0.42625719834579867,2.14,0.45906894915689744,0.45032518478653716,0.048641000337264845,0.785
2026-10-08 13:38:57,2.5037628778522927,2.480278275399448,2.8453788218722194,4.435,1.259454722500222,1.1589277345873459,0.42625719834579867,2.14,0.45906894915689744,0.45032518478653716,0.048641000337264845,0.785
2026-10-08 13:53:57,2.606585581829065,2.5725851631373677,2.9491865750264856,4.595,1.306059085929104,1.2001748726816097,0.44006684550968594,2.22,0.4723328946449513,0.46479830499497976,0.05014995030349631,0.81
2026-10-08 14:08:57,2.6348716845810056,2.608004962408959,2.9861627119774456,4.65,1.3329446669255534,1.2302940223432146,0.4482416821082007,2.26,0.4723328946449513,0.46479830499497976,0.05014995030349631,0.81
2026-10-08 14:23:57,2.6348716845810056,2.608004962408959,2.9861627119774456,4.65,1.3329446669255534,1.2302940223432146,0.4482416821082007,2.26,0.4723328946449513,0.46479830499497976,0.05014995030349631,0.81
2026-10-08 14:38:57,2.6348716845810056,2.608004962408959,2.9861627119774456,4.65,1.3329446669255534,1.2302940223432146,0.4482416821082007,2.26,0.4723328946449513,0.46479830499497976,0.05014995030349631,0.81
2026-10-08 14:53:57,2.6348716845810056,2.608004962408959,2.9861627119774456,4.65,1.3329446669255534,1.2302940223432146,0.4482416821082007,2.26,0.4723328946449513,0.46479830499497976,0.05014995030349631,0.81
2026-10-08 15:08:57,2.6741613100910637,2.648540736309167,3.0313321628788357,4.715,1.3329446669255534,1.2302940223432146,0.4482416821082007,2.26,0.4723328946449513,0.46479830499497976,0.05014995030349631,0.81
2026-10-08 15:23:57,2.718396314491217,2.6953097464959193,3.08293127732368,4.795,1.343998946270157,1.2431282029154311,0.45167599222893207,2.28,0.47720176094006206,0.4718951932091201,0.05054788142167321,0.82
2026-10-08 15:38:57,2.718396314491217,2.6953097464959193,3.08293127732368,4.795,1.343998946270157,1.2431282029154311,0.45167599222893207,2.28,0.47720176094006206,0.4718951932091201,0.05054788142167321,0.82
2026-10-08 15:53:57,2.718396314491217,2.6953097464959193,3.08293127732368,4.795,1.343998946270157,1.2431282029154311,0.45167599222893207,2.28,0.47720176094006206,0.4718951932091201,0.05054788142167321,0.82
2026-10-08 16:08:57,2.718396314491217,2.6953097464959193,3.08293127732368,4.795,1.343998946270157,1.2431282029154311,0.45167599222893207,2.28,0.47720176094006206,0.4718951932091201,0.05054788142167321,0.82
2026-10-08 16:23:57,2.718396314491217,2.6953097464959193,3.08293127732368,4.795,1.343998946270157,1.2431282029154311,0.45167599222893207,2.28,0.47720176094006206,0.4718951932091201,0.05054788142167321,0.82
2026-10-08 16:38:57,2.718396314491217,2.6953097464959193,3.08293127732368,4.795,1.343998946270157,1.2431282029154311,0.45167599222893207,2.28,0.47720176094006206,0.4718951932091201,0.05054788142167321,0.82
2026-10-08 16:53:57,2.718396314491217,2.6953097464959193,3.08293127732368,4.795,1.343998946270157,1.2431282029154311,0.45167599222893207,2.28,0.47720176094006206,0.4718951932091201,0.05054788142167321,0.82
2026-10-08 17:08:57,2.718396314491217,2.6953097464959193,3.08293127732368,4.795,1.343998946270157,1.2431282029154311,0.45167599222893207,2.28,0.47720176094006206,0.4718951932091201,0.05054788142167321,0.82
2026-10-08 17:23:57,2.718396314491217,2.6953097464959193,3.08293127732368,4.795,1.343998946270157,1.2431282029154311,0.45167599222893207,2.28,0.47720176094006206,0.4718951932091201,0.05054788142167321,0.82
2026-10-08 17:38:57,2.718396314491217,2.6953097464959193,3.08293127732368,4.795,1.343998946270157,1.2431282029154311,0.45167599222893207,2.28,0.47720176094006206,0.4718951932091201,0.05054788142167321,0.82
2026-10-08 17:53:57,2.718396314491217,2.6953097464959193,3.08293127732368,4.795,1.343998946270157,1.2431282029154311,0.45167599222893207,2.28,0.47720176094006206,0.4718951932091201,0.05054788142167321,0.82
2026-10-08 18:08:57,2.735312096648362,2.713557248796334,3.102584924742776,4.825,1.3626338789015657,1.2620886722312898,0.4593996849650865,2.315,0.4832642253247572,0.47727409250387554,0.05121630000161337,0.83
2026-10-08 18:23:57,2.735312096648362,2.713557248796334,3.102584924742776,4.825,1.3626338789015657,1.2620886722312898,0.4593996849650865,2.315,0.4832642253247572,0.47727409250387554,0.05121630000161337,0.83
2026-10-08 18:38:57,2.735312096648362,2.713557248796334,3.102584924742776,4.825,1.3626338789015657,1.2620886722312898,0.4593996849650865,2.315,0.4832642253247572,0.47727409250387554,0.05121630000161337,0.83
2026-10-08 18:53:57,2.735312096648362,2.713557248796334,3.102584924742776,4.825,1.3626338789015657,1.2620886722312898,0.4593996849650865,2.315,0.4832642253247572,0.47727409250387554,0.05121630000161337,0.83
2026-10-08 19:08:57,2.735312096648362,2.713557248796334,3.102584924742776,4.825,1.3626338789015657,1.2620886722312898,0.4593996849650865,2.315,0.4832642253247572,0.47727409250387554,0.05121630000161337,0.83
2026-10-08 19:23:57,2.739092469557096,2.717406946511031,3.1058982471598204,4.83,1.3626338789015657,1.2620886722312898,0.4593996849650865,2.315,0.4832642253247572,0.47727409250387554,0.05121630000161337,0.83
2026-10-08 19:38:57,2.7958943796119056,2.7843394830372925,3.1885900501456232,4.955,1.404911704391069,1.307413900782103,0.4741217462047772,2.39,0.4936692176886965,0.4890523558023979,0.052625601072656084,0.85
2026-10-08 19:53:57,2.7958943796119056,2.7843394830372925,3.1885900501456232,4.955,1.404911704391069,1.307413900782103,0.4741217462047772,2.39,0.4936692176886965,0.4890523558023979,0.052625601072656084,0.85
2026-10-08 20:08:57,2.7958943796119056,2.7843394830372925,3.1885900501456232,4.955,1.404911704391069,1.307413900782103,0.4741217462047772,2.39,0.4936692176886965,0.4890523558023979,0.052625601072656084,0.85
2026-10-08 20:23:57,2.7958943796119056,2.7843394830372925,3.1885900501456232,4.955,1.404911704391069,1.307413900782103,0.4741217462047772,2.39,0.4936692176886965,0.4890523558023979,0.052625601072656084,0.85
2026-10-08 20:38:57,2.7958943796119056,2.7843394830372925,3.1885900501456232,4.955,1.404911704391069,1.307413900782103,0.4741217462047772,2.39,0.4936692176886965,0.4890523558023979,0.052625601072656084,0.85
2026-10-08 20:53:57,2.8624035119466105,2.839139154151134,3.2597687426953392,5.065,1.4197021679455046,1.319379165898054,0.48155023020003845,2.42,0.5100383292367289,0.5034460195216859,0.05416247022582235,0.88
2026-10-08 21:08:57,2.9227436110037246,2.896204152237796,3.322673526110905,5.17,1.4512397429050796,1.3667165457447443,0.49685938288112413,2.49,0.5100383292367289,0.5034460195216859,0.05416247022582235,0.88
2026-10-08 21:23:57,3.0500566075860296,3.029635222570441,3.4690095624834885,5.4,1.513258105213406,1.4129920943957734,0.5164259564148289,2.6,0.5437623864468504,0.5400830358889102,0.05710670431788295,0.935
2026-10-08 21:38:57,3.0500566075860296,3.029635222570441,3.4690095624834885,5.4,1.513258105213406,1.4129920943957734,0.5164259564148289,2.6,0.5437623864468504,0.5400830358889102,0.05710670431788295,0.935
2026-10-08 21:53:57,3.0500566075860296,3.029635222570441,3.4690095624834885,5.4,1.513258105213406,1.4129920943957734,0.5164259564148289,2.6,0.5437623864468504,0.5400830358889102,0.05710670431788295,0.935
2026-10-08 22:08:57,3.0500566075860296,3.029635222570441,3.4690095624834885,5.4,1.513258105213406,1.4129920943957734,0.5164259564148289,2.6,0.5437623864468504,0.5400830358889102,0.05710670431788295,0.935
2026-10-08 22:23:57,3.052160463849325,3.0329767580817832,3.470694595586011,5.405,1.513258105213406,1.4129920943957734,0.5164259564148289,2.6,0.5437623864468504,0.5400830358889102,0.05710670431788295,0.935
2026-10-08 22:38:57,3.052160463849325,3.0329767580817832,3.470694595586011,5.405,1.513258105213406,1.4129920943957734,0.5164259564148289,2.6,0.5437623864468504,0.5400830358889102,0.05710670431788295,0.935
2026-10-08 22:53:57,3.052160463849325,3.0329767580817832,3.470694595586011,5.405,1.513258105213406,1.4129920943957734,0.5164259564148289,2.6,0.5437623864468504,0.5400830358889102,0.05710670431788295,0.935
2026-10-08 23:08:57,3.052160463849325,3.0329767580817832,3.470694595586011,5.405,1.513258105213406,1.4129920943957734,0.5164259564148289,2.6,0.5437623864468504,0.5400830358889102,0.05710670431788295,0.935
2026-10-08 23:23:57,3.052160463849325,3.0329767580817832,3.470694595586011,5.405,1.513258105213406,1.4129920943957734,0.5164259564148289,2.6,0.5437623864468504,0.5400830358889102,0.05710670431788295,0.935
2026-10-08 23:38:57,3.052160463849325,3.0329767580817832,3.470694595586011,5.405,1.513258105213406,1.4129920943957734,0.5164259564148289,2.6,0.5437623864468504,0.5400830358889102,0.05710670431788295,0.935
2026-10-08 23:53:57,3.052160463849325,3.0329767580817832,3.470694595586011,5.405,1.513258105213406,1.4129920943957734,0.5164259564148289,2.6,0.5437623864468504,0.5400830358889102,0.05710670431788295,0.935
2026-10-09 00:08:57,3.052160463849325,3.0329767580817832,3.470694595586011,5.405,1.513258105213406,1.4129920943957734,0.5164259564148289,2.6,0.5437623864468504,0.5400830358889102,0.05710670431788295,0.935
2026-10-09 00:23:57,3.052160463849325,3.0329767580817832,3.470694595586011,5.405,1.513258105213406,1.4129920943957734,0.5164259564148289,2.6,0.5437623864468504,0.5400830358889102,0.05710670431788295,0.935
2026-10-09 00:38:57,3.052160463849325,3.0329767580817832,3.470694595586011,5.405,1.513258105213406,1.4129920943957734,0.5164259564148289,2.6,0.5437623864468504,0.5400830358889102,0.05710670431788295,0.935
2026-10-09 00:53:57,3.052160463849325,3.0329767580817832,3.470694595586011,5.405,1.513258105213406,1.4129920943957734,0.5164259564148289,2.6,0.548722382006701,0.5433143926775084,0.0575612870423476,0.94
2026-10-09 01:08:57,3.052160463849325,3.0329767580817832,3.470694595586011,5.405,1.513258105213406,1.4129920943957734,0.5164259564148289,2.6,0.548722382006701,0.5433143926775084,0.0575612870423476,0.94
2026-10-09 01:23:57,3.05660763513151,3.0366164319554985,3.474891162815056,5.41,1.513258105213406,1.4129920943957734,0.5164259564148289,2.6,0.548722382006701,0.5433143926775084,0.0575612870423476,0.94
2026-10-09 01:38:57,3.05660763513151,3.0366164319554985,3.474891162815056,5.41,1.513258105213406,1.4129920943957734,0.5164259564148289,2.6,0.5526063604709974,0.5454392619480675,0.057945010638125974,0.945
2026-10-09 01:53:57,3.426612551947918,3.3923178889678307,3.8953216517103426,6.06,1.7230555094035809,1.6292917308187498,0.5943923820364737,2.99,0.6440710502356615,0.646105232820315,0.06906826501805305,1.115
2026-10-09 02:08:57,3.5636307572659134,3.5311643789981177,4.065882947167486,6.32,1.8075035870020488,1.715498875375744,0.622729723310944,3.15,0.6714991423011293,0.6832324716625102,0.07278796908884591,1.17
2026-10-09 02:23:57,3.5686301986217464,3.5317943730449652,4.068753425611868,6.325,1.8075035870020488,1.715498875375744,0.622729723310944,3.15,0.6749701456738678,0.6840290559380422,0.0729658826381795,1.175
2026-10-09 02:38:57,3.5709182355220674,3.534602534188669,4.073537641445936,6.33,1.8075035870020488,1.715498875375744,0.622729723310944,3.15,0.6749701456738678,0.6840290559380422,0.0729658826381795,1.175
2026-10-09 02:53:57,3.5743660189413005,3.5392212895745043,4.077828942083935,6.335,1.8075035870020488,1.715498875375744,0.622729723310944,3.15,0.6749701456738678,0.6840290559380422,0.0729658826381795,1.175
2026-10-09 03:08:57,3.5743660189413005,3.5392212895745043,4.077828942083935,6.335,1.8075035870020488,1.715498875375744,0.622729723310944,3.15,0.6749701456738678,0.6840290559380422,0.0729658826381795,1.175
2026-10-09 03:23:57,3.5743660189413005,3.5392212895745043,4.077828942083935,6.335,1.8075035870020488,1.715498875375744,0.622729723310944,3.15,0.6749701456738678,0.6840290559380422,0.0729658826381795,1.175
2026-10-09 03:38:57,3.5743660189413005,3.5392212895745043,4.077828942083935,6.335,1.8075035870020488,1.715498875375744,0.622729723310944,3.15,0.6749701456738678,0.6840290559380422,0.0729658826381795,1.175
2026-10-09 03:53:57,3.5743660189413005,3.5392212895745043,4.077828942083935,6.335,1.8075035870020488,1.715498875375744,0.622729723310944,3.15,0.6749701456738678,0.6840290559380422,0.0729658826381795,1.175
2026-10-09 04:08:57,3.5743660189413005,3.5392212895745043,4.077828942083935,6.335,1.8075035870020488,1.715498875375744,0.622729723310944,3.15,0.6762955387461872,0.6880243275718778,0.07322434136961929,1.18
2026-10-09 04:23:57,3.5743660189413005,3.5392212895745043,4.077828942083935,6.335,1.8075035870020488,1.715498875375744,0.622729723310944,3.15,0.6762955387461872,0.6880243275718778,0.07322434136961929,1.18
2026-10-09 04:38:57,3.5743660189413005,3.5392212895745043,4.077828942083935,6.335,1.8075035870020488,1.715498875375744,0.622729723310944,3.15,0.6762955387461872,0.6880243275718778,0.07322434136961929,1.18
2026-10-09 04:53:57,3.5743660189413005,3.5392212895745043,4.077828942083935,6.335,1.8075035870020488,1.715498875375744,0.622729723310944,3.15,0.6762955387461872,0.6880243275718778,0.07322434136961929,1.18
2026-10-09 05:08:57,3.5743660189413005,3.5392212895745043,4.077828942083935,6.335,1.8075035870020488,1.715498875375744,0.622729723310944,3.15,0.6762955387461872,0.6880243275718778,0.07322434136961929,1.18
2026-10-09 05:23:57,3.5754483934012993,3.540240645339955,4.079471111855488,6.34,1.8075035870020488,1.715498875375744,0.622729723310944,3.15,0.6762955387461872,0.6880243275718778,0.07322434136961929,1.18
2026-10-09 05:38:57,3.5754483934012993,3.540240645339955,4.079471111855488,6.34,1.8075035870020488,1.715498875375744,0.622729723310944,3.15,0.6811708082283362,0.6924224883521175,0.07341613315443832,1.185
2026-10-09 05:53:57,3.5754483934012993,3.540240645339955,4.079471111855488,6.34,1.809469452481359,1.7179617474827693,0.6241908209730337,3.155,0.6811708082283362,0.6924224883521175,0.07341613315443832,1.185
2026-10-09 06:08:57,3.5754483934012993,3.540240645339955,4.079471111855488,6.34,1.809469452481359,1.7179617474827693,0.6241908209730337,3.155,0.6811708082283362,0.6924224883521175,0.07341613315443832,1.185
2026-10-09 06:23:57,3.5754483934012993,3.540240645339955,4.079471111855488,6.34,1.809469452481359,1.7179617474827693,0.6241908209730337,3.155,0.6811708082283362,0.6924224883521175,0.07341613315443832,1.185
2026-10-09 06:38:57,3.5754483934012993,3.540240645339955,4.079471111855488,6.34,1.809469452481359,1.7179617474827693,0.6241908209730337,3.155,0.6811708082283362,0.6924224883521175,0.07341613315443832,1.185
2026-10-09 06:53:57,3.5754483934012993,3.540240645339955,4.079471111855488,6.34,1.811644466278445,1.7202891325729788,0.6254353908797886,3.16,0.6811708082283362,0.6924224883521175,0.07341613315443832,1.185
2026-10-09 07:08:57,3.5754483934012993,3.540240645339955,4.079471111855488,6.34,1.811644466278445,1.7202891325729788,0.6254353908797886,3.16,0.6811708082283362,0.6924224883521175,0.07341613315443832,1.185
2026-10-09 07:23:57,3.579984795960534,3.5409147437810233,4.084007106930935,6.345,1.811644466278445,1.7202891325729788,0.6254353908797886,3.16,0.6811708082283362,0.6924224883521175,0.07341613315443832,1.185
2026-10-09 07:38:57,3.579984795960534,3.5409147437810233,4.084007106930935,6.345,1.811644466278445,1.7202891325729788,0.6254353908797886,3.16,0.6811708082283362,0.6924224883521175,0.07341613315443832,1.185
2026-10-09 07:53:57,3.579984795960534,3.5409147437810233,4.084007106930935,6.345,1.811644466278445,1.7202891325729788,0.6254353908797886,3.16,0.6811708082283362,0.6924224883521175,0.07341613315443832,1.185
2026-10-09 08:08:57,3.579984795960534,3.5409147437810233,4.084007106930935,6.345,1.811644466278445,1.7202891325729788,0.6254353908797886,3.16,0.6811708082283362,0.6924224883521175,0.07341613315443832,1.185
2026-10-09 08:23:57,3.579984795960534,3.5409147437810233,4.084007106930935,6.345,1.811644466278445,1.7202891325729788,0.6254353908797886,3.16,0.6811708082283362,0.6924224883521175,0.07341613315443832,1.185
2026-10-09 08:38:57,3.5809138189664504,3.5429149041330708,4.086800715498437,6.35,1.811644466278445,1.7202891325729788,0.6254353908797886,3.16,0.6811708082283362,0.6924224883521175,0.07341613315443832,1.185
2026-10-09 08:53:57,3.5842294311139393,3.5442684267609654,4.090375494422562,6.355,1.811644466278445,1.7202891325729788,0.6254353908797886,3.16,0.6811708082283362,0.6924224883521175,0.07341613315443832,1.185
2026-10-09 09:08:57,3.5842294311139393,3.5442684267609654,4.090375494422562,6.355,1.811644466278445,1.7202891325729788,0.6254353908797886,3.16,0.6811708082283362,0.6924224883521175,0.07341613315443832,1.185
2026-10-09 09:23:57,3.5842294311139393,3.5442684267609654,4.090375494422562,6.355,1.811644466278445,1.7202891325729788,0.6254353908797886,3.16,0.6811708082283362,0.6924224883521175,0.07341613315443832,1.185
2026-10-09 09:38:57,3.5842294311139393,3.5442684267609654,4.090375494422562,6.355,1.811644466278445,1.7202891325729788,0.6254353908797886,3.16,0.6811708082283362,0.6924224883521175,0.07341613315443832,1.185
2026-10-09 09:53:57,3.5842294311139393,3.5442684267609654,4.090375494422562,6.355,1.811644466278445,1.7202891325729788,0.6254353908797886,3.16,0.6811708082283362,0.6924224883521175,0.07341613315443832,1.185
2026-10-09 10:08:57,3.6478305441140826,3.6079582844054876,4.167889816119729,6.475,1.8698751513535024,1.7715614634945833,0.6426694546448808,3.25,0.7027497523141205,0.7094475625999235,0.07529723129478523,1.22
2026-10-09 10:23:57,3.714661712589511,3.668560741186874,4.238522461977367,6.585,1.8876532054837944,1.7873904448119862,0.6476903219057855,3.28,0.7027497523141205,0.7094475625999235,0.07529723129478523,1.22
2026-10-09 10:38:57,3.714661712589511,3.668560741186874,4.238522461977367,6.585,1.8876532054837944,1.7873904448119862,0.6476903219057855,3.28,0.7027497523141205,0.7094475625999235,0.07529723129478523,1.22
2026-10-09 10:53:57,3.714661712589511,3.668560741186874,4.238522461977367,6.585,1.8876532054837944,1.7873904448119862,0.6476903219057855,3.28,0.7027497523141205,0.7094475625999235,0.07529723129478523,1.22
2026-10-09 11:08:57,3.8482525642646035,3.7913858884290956,4.383294694660375,6.805,1.9096645606712617,1.8163056804464457,0.6607157416183522,3.34,0.7313194106719623,0.7371526545940899,0.07746778984130978,1.265
2026-10-09 11:23:57,3.8482525642646035,3.7913858884290956,4.383294694660375,6.805,1.9096645606712617,1.8163056804464457,0.6607157416183522,3.34,0.7313194106719623,0.7371526545940899,0.07746778984130978,1.265
2026-10-09 11:38:57,3.8482525642646035,3.7913858884290956,4.383294694660375,6.805,1.9096645606712617,1.8163056804464457,0.6607157416183522,3.34,0.7313194106719623,0.7371526545940899,0.07746778984130978,1.265
2026-10-09 11:53:57,4.0450050427071895,3.9772487099061244,4.594904179155057,7.155,1.9478120296615016,1.8529932660519388,0.6711044403828363,3.395,0.7398428610422615,0.7515874197554511,0.07915823000834997,1.29
2026-10-09 12:08:57,4.0450050427071895,3.9772487099061244,4.594904179155057,7.155,1.9478120296615016,1.8529932660519388,0.6711044403828363,3.395,0.7398428610422615,0.7515874197554511,0.07915823000834997,1.29
2026-10-09 12:23:57,4.0450050427071895,3.9772487099061244,4.594904179155057,7.155,1.9478120296615016,1.8529932660519388,0.6711044403828363,3.395,0.7398428610422615,0.7515874197554511,0.07915823000834997,1.29
2026-10-09 12:38:57,4.0450050427071895,3.9772487099061244,4.594904179155057,7.155,1.9478120296615016,1.8529932660519388,0.6711044403828363,3.395,0.7398428610422615,0.7515874197554511,0.07915823000834997,1.29
2026-10-09 12:53:57,4.0450050427071895,3.9772487099061244,4.594904179155057,7.155,1.9478120296615016,1.8529932660519388,0.6711044403828363,3.395,0.7398428610422615,0.7515874197554511,0.07915823000834997,1.29
2026-10-09 13:08:57,4.09190312220843,4.020338559591568,4.6487121069490644,7.25,1.9669882957340186,1.866271547041675,0.677470549814094,3.425,0.744730171562891,0.7580606411952964,0.07961446926902918,1.3
2026-10-09 13:23:57,4.127097291031463,4.056814159413995,4.694626987066092,7.325,1.987667188132589,1.876491927170309,0.6830311429807191,3.45,0.7463757683464011,0.7587599771663417,0.0798624465077555,1.305
2026-10-09 13:38:57,4.200821432788647,4.130386687960176,4.7798572137931545,7.455,2.0107563439405363,1.8997579301364054,0.692307701459967,3.49,0.7522010754691605,0.7642356457992522,0.08073513044176586,1.315
2026-10-09 13:53:57,4.211456365691297,4.141794087611003,4.791039165922157,7.475,2.013392196587396,1.9019107939547455,0.6933212176854511,3.495,0.7522010754691605,0.7642356457992522,0.08073513044176586,1.315
2026-10-09 14:08:57,4.282955921825883,4.212092590738845,4.873444886862168,7.595,2.036465975137767,1.9211403479386608,0.7014950190507202,3.535,0.7723758864468684,0.7822367955066997,0.08284481022177193,1.345
2026-10-09 14:23:57,4.3270712180937325,4.251879589515066,4.921585763979274,7.67,2.049275072864771,1.9297342760437752,0.7059494150355313,3.56,0.7765591397429567,0.7910450073732664,0.08342514096419403,1.355
2026-10-09 14:38:57,4.347892011284461,4.2695733042156565,4.953416692636204,7.71,2.0630183372337774,1.9379111509302747,0.7087220280846581,3.575,0.7839679162582537,0.7943072065144592,0.08386620040394872,1.365
2026-10-09 14:53:57,4.348838532564407,4.2730895072898845,4.956231028382856,7.715,2.0676158777439313,1.9411915843307046,0.7099637843080732,3.58,0.7839679162582537,0.7943072065144592,0.08386620040394872,1.365
2026-10-09 15:08:57,4.3555753449619035,4.280096508071981,4.964533630725031,7.725,2.070327829353383,1.9475494059644163,0.7118199349501412,3.59,0.7839679162582537,0.7943072065144592,0.08386620040394872,1.365
2026-10-09 15:23:57,4.373486596160087,4.292876032211191,4.9826693399888295,7.755,2.079557100682527,1.9555234390736278,0.71437634462259,3.605,0.7839679162582537,0.7943072065144592,0.08386620040394872,1.365
2026-10-09 15:38:57,4.373486596160087,4.292876032211191,4.9826693399888295,7.755,2.079557100682527,1.9555234390736278,0.71437634462259,3.605,0.7839679162582537,0.7943072065144592,0.08386620040394872,1.365
2026-10-09 15:53:57,4.373486596160087,4.292876032211191,4.9826693399888295,7.755,2.079557100682527,1.9555234390736278,0.71437634462259,3.605,0.7839679162582537,0.7943072065144592,0.08386620040394872,1.365
2026-10-09 16:08:57,4.431824282880601,4.343794761025857,5.055237060477445,7.865,2.0884964539469437,1.9688910332531944,0.7180929972067374,3.625,0.7906436792163,0.8017906785314143,0.08441455156841633,1.375
2026-10-09 16:23:57,4.431824282880601,4.343794761025857,5.055237060477445,7.865,2.0884964539469437,1.9688910332531944,0.7180929972067374,3.625,0.7906436792163,0.8017906785314143,0.08441455156841633,1.375
2026-10-09 16:38:57,4.431824282880601,4.343794761025857,5.055237060477445,7.865,2.0884964539469437,1.9688910332531944,0.7180929972067374,3.625,0.7906436792163,0.8017906785314143,0.08441455156841633,1.375
2026-10-09 16:53:57,4.431824282880601,4.343794761025857,5.055237060477445,7.865,2.0884964539469437,1.9688910332531944,0.7180929972067374,3.625,0.7906436792163,0.8017906785314143,0.08441455156841633,1.375
2026-10-09 17:08:57,4.474883201426818,4.3813000951401335,5.090045739074694,7.925,2.1026682579914064,1.987308080053401,0.7236077540095169,3.655,0.7963085057935859,0.8059228359417969,0.0848007742254077,1.385
2026-10-09 17:23:57,4.474883201426818,4.3813000951401335,5.090045739074694,7.925,2.1026682579914064,1.987308080053401,0.7236077540095169,3.655,0.7963085057935859,0.8059228359417969,0.0848007742254077,1.385
2026-10-09 17:38:57,4.474883201426818,4.3813000951401335,5.090045739074694,7.925,2.1026682579914064,1.987308080053401,0.7236077540095169,3.655,0.7963085057935859,0.8059228359417969,0.0848007742254077,1.385
2026-10-09 17:53:57,4.474883201426818,4.3813000951401335,5.090045739074694,7.925,2.1026682579914064,1.987308080053401,0.7236077540095169,3.655,0.7963085057935859,0.8059228359417969,0.0848007742254077,1.385
2026-10-09 18:08:57,4.509404940591608,4.41707197878696,5.133284592542121,7.985,2.128519461008525,2.008229013247453,0.7319442134918606,3.695,0.7984886794086573,0.8077135412363655,0.08507599834243787,1.39
2026-10-09 18:23:57,4.509404940591608,4.41707197878696,5.133284592542121,7.985,2.128519461008525,2.008229013247453,0.7319442134918606,3.695,0.7984886794086573,0.8077135412363655,0.08507599834243787,1.39
2026-10-09 18:38:57,4.665649998488801,4.555764785919714,5.30577268641769,8.23,2.1809253029607554,2.057389214108285,0.7487483110761229,3.775,0.8110358637427016,0.817816506626736,0.08638101593672769,1.41
2026-10-09 18:53:57,4.750523262461747,4.636569561926956,5.403791810904804,8.39,2.2064074210644375,2.0870346160769486,0.7579171816911461,3.82,0.8201113240672417,0.8282291433810252,0.087315268014791,1.425
2026-10-09 19:08:57,4.894806596449629,4.77667564473731,5.592206041421259,8.65,2.2719497520694762,2.136207651513736,0.7766177436389288,3.91,0.8436967879587647,0.850501571053334,0.089216158419882,1.46
2026-10-09 19:23:57,5.036243115857206,4.933533015338794,5.767087090551685,8.915,2.3025678253972557,2.1679460971597977,0.7903372742702672,3.975,0.8804935479039065,0.8841393113585824,0.0927867746789358,1.515
2026-10-09 19:38:57,5.088059760825436,4.993968678747851,5.835379878697687,9.02,2.35141658070969,2.20811557119717,0.8067172480581443,4.055,0.8847226731531453,0.8930481080351323,0.09418053679877794,1.53
2026-10-09 19:53:57,5.157456370856679,5.069614858929409,5.923272138094681,9.14,2.392389290346153,2.2535094802501385,0.8214723239614907,4.135,0.8931810006179118,0.902383909605164,0.09538174623570439,1.545
2026-10-09 20:08:57,5.325873449881737,5.2411851891311425,6.12988534726165,9.445,2.4568813157958913,2.3244395170267436,0.8429151705164555,4.25,0.9298977065857861,0.9382835482954213,0.09955964851710185,1.61
2026-10-09 20:23:57,5.371261987579388,5.293937812698315,6.195283472593074,9.54,2.483410744137633,2.348711180048617,0.8516786945223295,4.295,0.9427266909189637,0.9518810411493841,0.10170855026606149,1.64
2026-10-09 20:38:57,5.371261987579388,5.293937812698315,6.195283472593074,9.54,2.483410744137633,2.348711180048617,0.8516786945223295,4.295,0.9427266909189637,0.9518810411493841,0.10170855026606149,1.64
2026-10-09 20:53:57,5.543742254989732,5.494365435870358,6.409943500647245,9.845,2.5525901573674585,2.4162847237975718,0.8742645600190991,4.41,0.9702007139179647,0.9891230575724528,0.10513432469238278,1.7
2026-10-09 21:08:57,5.651804299346893,5.614819581557763,6.535017060124662,10.045,2.604712144725334,2.469651566540529,0.8900318641427565,4.505,0.9838553189914048,1.0070232498552159,0.10686141527349031,1.725
2026-10-09 21:23:57,5.774996284021856,5.720170765410598,6.670318939146642,10.245,2.654250456333741,2.519625081376397,0.9042255011336338,4.59,1.0142980187593684,1.037346428004905,0.10961924684158808,1.775
2026-10-09 21:38:57,5.931934690148885,5.885194812244845,6.849299304011454,10.525,2.7264964002626013,2.5852388186453683,0.9300936651672481,4.72,1.065689092098241,1.0954567545423113,0.11482131855550741,1.865
2026-10-09 21:53:57,6.005465145550273,5.9760928398685165,6.940394182008766,10.67,2.763773058686281,2.632506407711905,0.9462860817747742,4.795,1.0894552264079032,1.1167477768724243,0.11743051980986768,1.91
2026-10-09 22:08:57,6.060965746054097,6.027750069435031,7.012857209045277,10.785,2.775720386339974,2.6472180938037098,0.9508829158344627,4.815,1.0949170419371081,1.1241368772645228,0.11795120174773435,1.92
2026-10-09 22:23:57,6.112238393298768,6.065206599326123,7.075853414512385,10.87,2.7899047732682862,2.665276971293383,0.9566940845970037,4.845,1.1070273721065107,1.1384024556903818,0.11995140589726033,1.95
2026-10-09 22:38:57,6.112238393298768,6.065206599326123,7.075853414512385,10.87,2.792263740897748,2.6661132878638885,0.9581919434180284,4.85,1.1070273721065107,1.1384024556903818,0.11995140589726033,1.95
2026-10-09 22:53:57,6.112238393298768,6.065206599326123,7.075853414512385,10.87,2.792263740897748,2.6661132878638885,0.9581919434180284,4.85,1.1070273721065107,1.1384024556903818,0.11995140589726033,1.95
2026-10-09 23:08:57,6.112238393298768,6.065206599326123,7.075853414512385,10.87,2.792263740897748,2.6661132878638885,0.9581919434180284,4.85,1.1070273721065107,1.1384024556903818,0.11995140589726033,1.95
2026-10-09 23:23:57,6.112238393298768,6.065206599326123,7.075853414512385,10.87,2.792263740897748,2.6661132878638885,0.9581919434180284,4.85,1.1087641622300557,1.1396067385483688,0.12012296506255052,1.955
2026-10-09 23:38:57,6.114937780537091,6.067438645217197,7.079994796221726,10.875,2.792263740897748,2.6661132878638885,0.9581919434180284,4.85,1.1087641622300557,1.1396067385483688,0.12012296506255052,1.955
2026-10-09 23:53:57,6.114937780537091,6.067438645217197,7.079994796221726,10.875,2.792263740897748,2.6661132878638885,0.9581919434180284,4.85,1.1087641622300557,1.1396067385483688,0.12012296506255052,1.955
2026-10-10 00:08:57,6.163630446996903,6.126558433166873,7.14095303240161,10.97,2.816369441803173,2.6928298102793393,0.9675925597031481,4.895,1.1202704575652411,1.1578833649335039,0.12205964795363951,1.985
2026-10-10 00:23:57,6.207725258919011,6.153152408449273,7.171331508118603,11.025,2.8514360707186555,2.7286938868715263,0.9797720740000462,4.955,1.1316064557566643,1.1730453487881702,0.12335558664849679,2.005
2026-10-10 00:38:57,6.263264337197322,6.202796819951911,7.234832305099197,11.115,2.8755763398226653,2.7500578923861285,0.9860219040891012,4.99,1.152552154532194,1.1976715537142286,0.12609988678524817,2.045
2026-10-10 00:53:57,6.263264337197322,6.202796819951911,7.234832305099197,11.115,2.8755763398226653,2.7500578923861285,0.9860219040891012,4.99,1.152552154532194,1.1976715537142286,0.12609988678524817,2.045
2026-10-10 01:08:57,6.263264337197322,6.202796819951911,7.234832305099197,11.115,2.8755763398226653,2.7500578923861285,0.9860219040891012,4.99,1.1538049547448685,1.2020034414387866,0.1263535211446675,2.05
2026-10-10 01:23:57,6.263264337197322,6.202796819951911,7.234832305099197,11.115,2.8755763398226653,2.7500578923861285,0.9860219040891012,4.99,1.1538049547448685,1.2020034414387866,0.1263535211446675,2.05
2026-10-10 01:38:57,6.263264337197322,6.202796819951911,7.234832305099197,11.115,2.8755763398226653,2.7500578923861285,0.9860219040891012,4.99,1.1538049547448685,1.2020034414387866,0.1263535211446675,2.05
2026-10-10 01:53:57,6.263264337197322,6.202796819951911,7.234832305099197,11.115,2.877237818168662,2.755001513811492,0.9871190710822434,4.995,1.1538049547448685,1.2020034414387866,0.1263535211446675,2.05
2026-10-10 02:08:57,6.264947517138567,6.206762568837883,7.238149110140072,11.12,2.877237818168662,2.755001513811492,0.9871190710822434,4.995,1.1538049547448685,1.2020034414387866,0.1263535211446675,2.05
2026-10-10 02:23:57,6.264947517138567,6.206762568837883,7.238149110140072,11.12,2.877237818168662,2.755001513811492,0.9871190710822434,4.995,1.1538049547448685,1.2020034414387866,0.1263535211446675,2.05
2026-10-10 02:38:57,6.331735497649207,6.276384902733479,7.320402714216172,11.245,2.917956134356331,2.795028875082279,0.9988528053662376,5.06,1.1651941208350887,1.2134595028898991,0.12719350842535457,2.07
2026-10-10 02:53:57,6.364913658452119,6.3081750399295355,7.367328982457253,11.315,2.9449362432961372,2.8316619199613573,1.0088539470443572,5.11,1.1872259051210599,1.2324396020146466,0.1292799773788286,2.11
2026-10-10 03:08:57,6.364913658452119,6.3081750399295355,7.367328982457253,11.315,2.9449362432961372,2.8316619199613573,1.0088539470443572,5.11,1.1872259051210599,1.2324396020146466,0.1292799773788286,2.11
2026-10-10 03:23:57,6.364913658452119,6.3081750399295355,7.367328982457253,11.315,2.9449362432961372,2.8316619199613573,1.0088539470443572,5.11,1.1872259051210599,1.2324396020146466,0.1292799773788286,2.11
2026-10-10 03:38:57,6.364913658452119,6.3081750399295355,7.367328982457253,11.315,2.9449362432961372,2.8316619199613573,1.0088539470443572,5.11,1.1872259051210599,1.2324396020146466,0.1292799773788286,2.11
2026-10-10 03:53:57,6.364913658452119,6.3081750399295355,7.367328982457253,11.315,2.9449362432961372,2.8316619199613573,1.0088539470443572,5.11,1.1872259051210599,1.2324396020146466,0.1292799773788286,2.11
2026-10-10 04:08:57,6.364913658452119,6.3081750399295355,7.367328982457253,11.315,2.9449362432961372,2.8316619199613573,1.0088539470443572,5.11,1.1872259051210599,1.2324396020146466,0.1292799773788286,2.11
2026-10-10 04:23:57,6.367805496112579,6.312697604868714,7.369411154379885,11.32,2.9449362432961372,2.8316619199613573,1.0088539470443572,5.11,1.1883279613829976,1.237207552871128,0.12970132735081338,2.115
2026-10-10 04:38:57,6.370898947350629,6.317582781345225,7.371491494010583,11.325,2.9449362432961372,2.8316619199613573,1.0088539470443572,5.11,1.1883279613829976,1.237207552871128,0.12970132735081338,2.115
2026-10-10 04:53:57,6.370898947350629,6.317582781345225,7.371491494010583,11.325,2.9449362432961372,2.8316619199613573,1.0088539470443572,5.11,1.1883279613829976,1.237207552871128,0.12970132735081338,2.115
2026-10-10 05:08:57,6.370898947350629,6.317582781345225,7.371491494010583,11.325,2.9449362432961372,2.8316619199613573,1.0088539470443572,5.11,1.1883279613829976,1.237207552871128,0.12970132735081338,2.115
2026-10-10 05:23:57,6.370898947350629,6.317582781345225,7.371491494010583,11.325,2.9449362432961372,2.8316619199613573,1.0088539470443572,5.11,1.1883279613829976,1.237207552871128,0.12970132735081338,2.115
2026-10-10 05:38:57,6.375643498135114,6.3189944527877975,7.374217063896908,11.33,2.9449362432961372,2.8316619199613573,1.0088539470443572,5.11,1.1883279613829976,1.237207552871128,0.12970132735081338,2.115
2026-10-10 05:53:57,6.375643498135114,6.3189944527877975,7.374217063896908,11.33,2.9449362432961372,2.8316619199613573,1.0088539470443572,5.11,1.1883279613829976,1.237207552871128,0.12970132735081338,2.115
2026-10-10 06:08:57,6.375643498135114,6.3189944527877975,7.374217063896908,11.33,2.9449362432961372,2.8316619199613573,1.0088539470443572,5.11,1.1883279613829976,1.237207552871128,0.12970132735081338,2.115
2026-10-10 06:23:57,6.380067471648963,6.320350350264296,7.378106997066981,11.335,2.9449362432961372,2.8316619199613573,1.0088539470443572,5.11,1.1883279613829976,1.237207552871128,0.12970132735081338,2.115
2026-10-10 06:38:57,6.380067471648963,6.320350350264296,7.378106997066981,11.335,2.9462832461750463,2.8349857013148125,1.0094073025539847,5.115,1.1883279613829976,1.237207552871128,0.12970132735081338,2.115
2026-10-10 06:53:57,6.544298277420222,6.48506793332139,7.553242151288999,11.615,3.0142298911215963,2.899228566215052,1.0317287824783268,5.23,1.2081143625311344,1.2551631169260593,0.13231895424929932,2.155
2026-10-10 07:08:57,6.544298277420222,6.48506793332139,7.553242151288999,11.615,3.0142298911215963,2.899228566215052,1.0317287824783268,5.23,1.2122466290241365,1.2566385010897372,0.13244548396819872,2.16
2026-10-10 07:23:57,6.544298277420222,6.48506793332139,7.553242151288999,11.615,3.0142298911215963,2.899228566215052,1.0317287824783268,5.23,1.2122466290241365,1.2566385010897372,0.13244548396819872,2.16
2026-10-10 07:38:57,6.544298277420222,6.48506793332139,7.553242151288999,11.615,3.0142298911215963,2.899228566215052,1.0317287824783268,5.23,1.2122466290241365,1.2566385010897372,0.13244548396819872,2.16
2026-10-10 07:53:57,6.544298277420222,6.48506793332139,7.553242151288999,11.615,3.0142298911215963,2.899228566215052,1.0317287824783268,5.23,1.2122466290241365,1.2566385010897372,0.13244548396819872,2.16
2026-10-10 08:08:57,6.544298277420222,6.48506793332139,7.553242151288999,11.615,3.0142298911215963,2.899228566215052,1.0317287824783268,5.23,1.2122466290241365,1.2566385010897372,0.13244548396819872,2.16
2026-10-10 08:23:57,6.544298277420222,6.48506793332139,7.553242151288999,11.615,3.0142298911215963,2.899228566215052,1.0317287824783268,5.23,1.2122466290241365,1.2566385010897372,0.13244548396819872,2.16
2026-10-10 08:38:57,6.548715436062208,6.487828085394843,7.557538315572893,11.62,3.0142298911215963,2.899228566215052,1.0317287824783268,5.23,1.2122466290241365,1.2566385010897372,0.13244548396819872,2.16
2026-10-10 08:53:57,6.548715436062208,6.487828085394843,7.557538315572893,11.62,3.0142298911215963,2.899228566215052,1.0317287824783268,5.23,1.2122466290241365,1.2566385010897372,0.13244548396819872,2.16
2026-10-10 09:08:57,6.548715436062208,6.487828085394843,7.557538315572893,11.62,3.0142298911215963,2.899228566215052,1.0317287824783268,5.23,1.2122466290241365,1.2566385010897372,0.13244548396819872,2.16
2026-10-10 09:23:57,6.555150511135867,6.493905400147692,7.564701524125624,11.63,3.0142298911215963,2.899228566215052,1.0317287824783268,5.23,1.2122466290241365,1.2566385010897372,0.13244548396819872,2.16
2026-10-10 09:38:57,6.555150511135867,6.493905400147692,7.564701524125624,11.63,3.0142298911215963,2.899228566215052,1.0317287824783268,5.23,1.2122466290241365,1.2566385010897372,0.13244548396819872,2.16
2026-10-10 09:53:57,6.555150511135867,6.493905400147692,7.564701524125624,11.63,3.0142298911215963,2.899228566215052,1.0317287824783268,5.23,1.2122466290241365,1.2566385010897372,0.13244548396819872,2.16
2026-10-10 10:08:57,6.555150511135867,6.493905400147692,7.564701524125624,11.63,3.0142298911215963,2.899228566215052,1.0317287824783268,5.23,1.2122466290241365,1.2566385010897372,0.13244548396819872,2.16
2026-10-10 10:23:57,6.555150511135867,6.493905400147692,7.564701524125624,11.63,3.0142298911215963,2.899228566215052,1.0317287824783268,5.23,1.2122466290241365,1.2566385010897372,0.13244548396819872,2.16
2026-10-10 10:38:57,6.555150511135867,6.493905400147692,7.564701524125624,11.63,3.0142298911215963,2.899228566215052,1.0317287824783268,5.23,1.2122466290241365,1.2566385010897372,0.13244548396819872,2.16
2026-10-10 10:53:57,6.555150511135867,6.493905400147692,7.564701524125624,11.63,3.0142298911215963,2.899228566215052,1.0317287824783268,5.23,1.2122466290241365,1.2566385010897372,0.13244548396819872,2.16
2026-10-10 11:08:57,6.627653491373025,6.56642224706799,7.646726778577295,11.755,3.029569616455716,2.9220423610938875,1.0381395329411793,5.26,1.224826528694254,1.2680491052660523,0.13371627198729683,2.185
2026-10-10 11:23:57,6.627653491373025,6.56642224706799,7.646726778577295,11.755,3.029569616455716,2.9220423610938875,1.0381395329411793,5.26,1.224826528694254,1.2680491052660523,0.13371627198729683,2.185
2026-10-10 11:38:57,6.684729276740428,6.629442768352707,7.722513038684677,11.855,3.039452301934164,2.9260847109838655,1.0406368940394937,5.275,1.224826528694254,1.2680491052660523,0.13371627198729683,2.185
2026-10-10 11:53:57,6.684729276740428,6.629442768352707,7.722513038684677,11.855,3.039452301934164,2.9260847109838655,1.0406368940394937,5.275,1.224826528694254,1.2680491052660523,0.13371627198729683,2.185
2026-10-10 12:08:57,6.684729276740428,6.629442768352707,7.722513038684677,11.855,3.039452301934164,2.9260847109838655,1.0406368940394937,5.275,1.224826528694254,1.2680491052660523,0.13371627198729683,2.185
2026-10-10 12:23:57,6.684729276740428,6.629442768352707,7.722513038684677,11.855,3.039452301934164,2.9260847109838655,1.0406368940394937,5.275,1.224826528694254,1.2680491052660523,0.13371627198729683,2.185
2026-10-10 12:38:57,6.684729276740428,6.629442768352707,7.722513038684677,11.855,3.039452301934164,2.9260847109838655,1.0406368940394937,5.275,1.224826528694254,1.2680491052660523,0.13371627198729683,2.185
2026-10-10 12:53:57,6.708633504415608,6.647935533932021,7.7443344766297475,11.895,3.039452301934164,2.9260847109838655,1.0406368940394937,5.275,1.225532696977348,1.26913067133755,0.13411781717546103,2.19
2026-10-10 13:08:57,6.764407078426691,6.706622160832326,7.811547648738784,11.995,3.056730229148835,2.944705191757105,1.0473214361715417,5.305,1.225532696977348,1.26913067133755,0.13411781717546103,2.19
2026-10-10 13:23:57,6.764407078426691,6.706622160832326,7.811547648738784,11.995,3.056730229148835,2.944705191757105,1.0473214361715417,5.305,1.225532696977348,1.26913067133755,0.13411781717546103,2.19
2026-10-10 13:38:57,6.764407078426691,6.706622160832326,7.811547648738784,11.995,3.056730229148835,2.944705191757105,1.0473214361715417,5.305,1.225532696977348,1.26913067133755,0.13411781717546103,2.19
2026-10-10 13:53:57,6.7693247825741505,6.7117115675570345,7.82147433598446,12.005,3.058602448434046,2.947754000526536,1.0483586644109018,5.31,1.225532696977348,1.26913067133755,0.13411781717546103,2.19
2026-10-10 14:08:57,6.817574984704513,6.752593826554799,7.868071780055129,12.08,3.0745041817264687,2.9624089289481508,1.0536049391761901,5.335,1.225532696977348,1.26913067133755,0.13411781717546103,2.19
2026-10-10 14:23:57,6.880684379738174,6.823195503238123,7.947841138985377,12.195,3.0802437377624257,2.9691989155091343,1.0558254627888946,5.345,1.225532696977348,1.26913067133755,0.13411781717546103,2.19
2026-10-10 14:38:57,6.880684379738174,6.823195503238123,7.947841138985377,12.195,3.0802437377624257,2.9691989155091343,1.0558254627888946,5.345,1.225532696977348,1.26913067133755,0.13411781717546103,2.19
2026-10-10 14:53:57,6.922218766219067,6.861256450648729,7.990315076140498,12.26,3.0855806342507646,2.9743834235004813,1.0593193871815205,5.36,1.2395828805233988,1.2859689183397016,0.13578418337372627,2.22
2026-10-10 15:08:57,6.938467625893756,6.876324974462208,8.012704558482428,12.285,3.1038112804247895,2.988874876725776,1.0659791011504998,5.39,1.2395828805233988,1.2859689183397016,0.13578418337372627,2.22
2026-10-10 15:23:57,6.955249432458813,6.8976516738591505,8.03943882758959,12.325,3.1215679505784655,3.0094728586123027,1.0728138924124646,5.42,1.2432350533474985,1.2891201708762994,0.13623350690737965,2.225
2026-10-10 15:38:57,7.00480172179398,6.960232246418334,8.106592822813516,12.425,3.150580565039262,3.0292835629434784,1.0807280219813296,5.46,1.2530159583811047,1.296692161632068,0.13706631332742286,2.24
2026-10-10 15:53:57,7.008983669346161,6.964171107827691,8.110100310130512,12.43,3.1648241618953774,3.0419365630247155,1.086640845479589,5.485,1.2530159583811047,1.296692161632068,0.13706631332742286,2.24
2026-10-10 16:08:57,7.021794118687665,6.982235609196811,8.129008301187039,12.455,3.1648241618953774,3.0419365630247155,1.086640845479589,5.485,1.2530159583811047,1.296692161632068,0.13706631332742286,2.24
2026-10-10 16:23:57,7.042217261866834,7.012627902323682,8.154366020489208,12.495,3.172073608980476,3.0469608571118307,1.088808658894721,5.495,1.260016156014808,1.3055404351297566,0.13740706580155118,2.25
2026-10-10 16:38:57,7.070007700261746,7.039537287736758,8.186502948235788,12.545,3.1806685288579533,3.053749561209566,1.0909327938362865,5.505,1.260016156014808,1.3055404351297566,0.13740706580155118,2.25
2026-10-10 16:53:57,7.117053565645754,7.084200539910141,8.24176070775721,12.625,3.184484088526931,3.056465441094185,1.0930998586639538,5.515,1.260016156014808,1.3055404351297566,0.13740706580155118,2.25
2026-10-10 17:08:57,7.119294221818932,7.085626288027218,8.24361583797986,12.63,3.184484088526931,3.056465441094185,1.0930998586639538,5.515,1.260016156014808,1.3055404351297566,0.13740706580155118,2.25
2026-10-10 17:23:57,7.138254225793009,7.106605492715076,8.266542612935858,12.665,3.1851242381171794,3.0603076613741926,1.094046792496377,5.52,1.2626974975446137,1.308084587696743,0.13782400982224152,2.255
2026-10-10 17:38:57,7.152584309834261,7.121410345389196,8.285597714981344,12.695,3.187835193559523,3.0638906804841333,1.0948159297904418,5.525,1.2645371321010483,1.3092413163729084,0.13817088384367684,2.26
2026-10-10 17:53:57,7.198384384624345,7.16639284314167,8.339544908329922,12.775,3.199795394556749,3.077729779341179,1.0987037605839072,5.55,1.2679428953626264,1.3141775879271227,0.1384325299421753,2.265
2026-10-10 18:08:57,7.248229780035565,7.218881817594933,8.399709133870982,12.86,3.204358326818057,3.082171474600987,1.1002251499207922,5.56,1.2811318125572666,1.3295056521659367,0.13951167490572283,2.29
2026-10-10 18:23:57,7.248229780035565,7.218881817594933,8.399709133870982,12.86,3.204358326818057,3.082171474600987,1.1002251499207922,5.56,1.2811318125572666,1.3295056521659367,0.13951167490572283,2.29
2026-10-10 18:38:57,7.248229780035565,7.218881817594933,8.399709133870982,12.86,3.204358326818057,3.082171474600987,1.1002251499207922,5.56,1.2811318125572666,1.3295056521659367,0.13951167490572283,2.29
2026-10-10 18:53:57,7.248229780035565,7.218881817594933,8.399709133870982,12.86,3.204358326818057,3.082171474600987,1.1002251499207922,5.56,1.2811318125572666,1.3295056521659367,0.13951167490572283,2.29
2026-10-10 19:08:57,7.248229780035565,7.218881817594933,8.399709133870982,12.86,3.204358326818057,3.082171474600987,1.1002251499207922,5.56,1.2811318125572666,1.3295056521659367,0.13951167490572283,2.29
2026-10-10 19:23:57,7.248229780035565,7.218881817594933,8.399709133870982,12.86,3.204358326818057,3.082171474600987,1.1002251499207922,5.56,1.2811318125572666,1.3295056521659367,0.13951167490572283,2.29
2026-10-10 19:38:57,7.248229780035565,7.218881817594933,8.399709133870982,12.86,3.204358326818057,3.082171474600987,1.1002251499207922,5.56,1.2811318125572666,1.3295056521659367,0.13951167490572283,2.29
2026-10-10 19:53:57,7.367598226512906,7.349503879055678,8.557914849477307,13.085,3.2552219809356644,3.12806439284245,1.1183518151124001,5.65,1.3142608662626576,1.353780071339836,0.14265322967671948,2.335
2026-10-10 20:08:57,7.367598226512906,7.349503879055678,8.557914849477307,13.085,3.2552219809356644,3.12806439284245,1.1183518151124001,5.65,1.3142608662626576,1.353780071339836,0.14265322967671948,2.335
2026-10-10 20:23:57,7.367598226512906,7.349503879055678,8.557914849477307,13.085,3.2552219809356644,3.12806439284245,1.1183518151124001,5.65,1.3142608662626576,1.353780071339836,0.14265322967671948,2.335
2026-10-10 20:38:57,7.3705988026721405,7.3526149561325855,8.561992668277972,13.09,3.2552219809356644,3.12806439284245,1.1183518151124001,5.65,1.3142608662626576,1.353780071339836,0.14265322967671948,2.335
2026-10-10 20:53:57,7.3705988026721405,7.3526149561325855,8.561992668277972,13.09,3.2552219809356644,3.12806439284245,1.1183518151124001,5.65,1.3142608662626576,1.353780071339836,0.14265322967671948,2.335
2026-10-10 21:08:57,7.3705988026721405,7.3526149561325855,8.561992668277972,13.09,3.2569768618495756,3.1322718159194953,1.1189685039022195,5.655,1.3142608662626576,1.353780071339836,0.14265322967671948,2.335
2026-10-10 21:23:57,7.371315624232969,7.355552033563575,8.566939828166166,13.095,3.2569768618495756,3.1322718159194953,1.1189685039022195,5.655,1.3142608662626576,1.353780071339836,0.14265322967671948,2.335
2026-10-10 21:38:57,7.371315624232969,7.355552033563575,8.566939828166166,13.095,3.2569768618495756,3.1322718159194953,1.1189685039022195,5.655,1.3142608662626576,1.353780071339836,0.14265322967671948,2.335
2026-10-10 21:53:57,7.371315624232969,7.355552033563575,8.566939828166166,13.095,3.2569768618495756,3.1322718159194953,1.1189685039022195,5.655,1.3142608662626576,1.353780071339836,0.14265322967671948,2.335
2026-10-10 22:08:57,7.371315624232969,7.355552033563575,8.566939828166166,13.095,3.2569768618495756,3.1322718159194953,1.1189685039022195,5.655,1.3142608662626576,1.353780071339836,0.14265322967671948,2.335
2026-10-10 22:23:57,7.371315624232969,7.355552033563575,8.566939828166166,13.095,3.2569768618495756,3.1322718159194953,1.1189685039022195,5.655,1.3142608662626576,1.353780071339836,0.14265322967671948,2.335
2026-10-10 22:38:57,7.371315624232969,7.355552033563575,8.566939828166166,13.095,3.2569768618495756,3.1322718159194953,1.1189685039022195,5.655,1.3142608662626576,1.353780071339836,0.14265322967671948,2.335
2026-10-10 22:53:57,7.371315624232969,7.355552033563575,8.566939828166166,13.095,3.2569768618495756,3.1322718159194953,1.1189685039022195,5.655,1.3142608662626576,1.353780071339836,0.14265322967671948,2.335
2026-10-10 23:08:57,7.371315624232969,7.355552033563575,8.566939828166166,13.095,3.2569768618495756,3.1322718159194953,1.1189685039022195,5.655,1.3142608662626576,1.353780071339836,0.14265322967671948,2.335
2026-10-10 23:23:57,7.371315624232969,7.355552033563575,8.566939828166166,13.095,3.2569768618495756,3.1322718159194953,1.1189685039022195,5.655,1.3142608662626576,1.353780071339836,0.14265322967671948,2.335
2026-10-10 23:38:57,7.463164287247473,7.4508434765791,8.683944340690108,13.27,3.298718867371531,3.1673117061920513,1.1310992725641185,5.72,1.3542204137957188,1.3877866761605986,0.14738520303993347,2.4
2026-10-10 23:53:57,7.549791341306862,7.537615620674543,8.786756992371707,13.43,3.3545631141142325,3.2189419447576872,1.149225942204732,5.82,1.3769159641911035,1.4161148782772826,0.14977136940009997,2.44
2026-10-11 00:08:57,7.753339414528797,7.730818712595466,9.017388737476255,13.795,3.460326240646884,3.3200162311321892,1.1859658205610786,6.0,1.433632380504982,1.4779637883796206,0.15632014437695593,2.535
2026-10-11 00:23:57,7.753339414528797,7.730818712595466,9.017388737476255,13.795,3.460326240646884,3.3200162311321892,1.1859658205610786,6.0,1.433632380504982,1.4779637883796206,0.15632014437695593,2.535
2026-10-11 00:38:57,7.753339414528797,7.730818712595466,9.017388737476255,13.795,3.460326240646884,3.3200162311321892,1.1859658205610786,6.0,1.433632380504982,1.4779637883796206,0.15632014437695593,2.535
2026-10-11 00:53:57,7.753339414528797,7.730818712595466,9.017388737476255,13.795,3.460326240646884,3.3200162311321892,1.1859658205610786,6.0,1.433632380504982,1.4779637883796206,0.15632014437695593,2.535
2026-10-11 01:08:57,7.753339414528797,7.730818712595466,9.017388737476255,13.795,3.460326240646884,3.3200162311321892,1.1859658205610786,6.0,1.433632380504982,1.4779637883796206,0.15632014437695593,2.535
2026-10-11 01:23:57,7.753339414528797,7.730818712595466,9.017388737476255,13.795,3.462773752280346,3.3248961571238422,1.187121536989443,6.005,1.433632380504982,1.4779637883796206,0.15632014437695593,2.535
2026-10-11 01:38:57,7.958701276561367,7.949732689394883,9.272652115618572,14.195,3.5746136511262656,3.4293661087144893,1.2249490226248863,6.19,1.4742615526769198,1.5188387247552964,0.16111028281877776,2.62
2026-10-11 01:53:57,7.958701276561367,7.949732689394883,9.272652115618572,14.195,3.5746136511262656,3.4293661087144893,1.2249490226248863,6.19,1.4742615526769198,1.5188387247552964,0.16111028281877776,2.62
2026-10-11 02:08:57,8.189449698921383,8.186302370978616,9.53680423995304,14.605,3.689818634715987,3.5428978271687197,1.2630181498798947,6.375,1.5575432400264517,1.5992574335427778,0.16933429601234667,2.755
2026-10-11 02:23:57,8.45114594122849,8.445527680621423,9.852466736402997,15.085,3.8172262772646683,3.673298008865893,1.3068091448823946,6.605,1.617493427006249,1.662407408014736,0.17644231059914456,2.87
2026-10-11 02:38:57,8.531516696754776,8.514730696940543,9.942364958301097,15.225,3.8819077018748422,3.7210294758052957,1.3276862258362865,6.705,1.644730921189995,1.7054557050804375,0.18037427986388008,2.93
2026-10-11 02:53:57,8.531516696754776,8.514730696940543,9.942364958301097,15.225,3.8819077018748422,3.7210294758052957,1.3276862258362865,6.705,1.644730921189995,1.7054557050804375,0.18037427986388008,2.93
2026-10-11 03:08:57,8.531516696754776,8.514730696940543,9.942364958301097,15.225,3.8819077018748422,3.7210294758052957,1.3276862258362865,6.705,1.644730921189995,1.7054557050804375,0.18037427986388008,2.93
2026-10-11 03:23:57,8.531516696754776,8.514730696940543,9.942364958301097,15.225,3.8819077018748422,3.7210294758052957,1.3276862258362865,6.705,1.644730921189995,1.7054557050804375,0.18037427986388008,2.93
2026-10-11 03:38:57,8.531516696754776,8.514730696940543,9.942364958301097,15.225,3.8819077018748422,3.7210294758052957,1.3276862258362865,6.705,1.644730921189995,1.7054557050804375,0.18037427986388008,2.93
2026-10-11 03:53:57,8.531516696754776,8.514730696940543,9.942364958301097,15.225,3.8819077018748422,3.7210294758052957,1.3276862258362865,6.705,1.644730921189995,1.7054557050804375,0.18037427986388008,2.93
2026-10-11 04:08:57,8.531516696754776,8.514730696940543,9.942364958301097,15.225,3.8819077018748422,3.7210294758052957,1.3276862258362865,6.705,1.644730921189995,1.7054557050804375,0.18037427986388008,2.93
2026-10-11 04:23:57,8.531516696754776,8.514730696940543,9.942364958301097,15.225,3.8819077018748422,3.7210294758052957,1.3276862258362865,6.705,1.644730921189995,1.7054557050804375,0.18037427986388008,2.93
2026-10-11 04:38:57,8.605775198724665,8.586735956194993,10.018880164166852,15.35,3.9296244420361734,3.7707177901682227,1.343016571915564,6.785,1.6672487430588232,1.72440575662817,0.1833016806970518,2.97
2026-10-11 04:53:57,8.605775198724665,8.586735956194993,10.018880164166852,15.35,3.9296244420361734,3.7707177901682227,1.343016571915564,6.785,1.6672487430588232,1.72440575662817,0.1833016806970518,2.97
2026-10-11 05:08:57,8.67657449020856,8.655150293071255,10.100741479598447,15.47,3.9595506066007724,3.794945215804858,1.3525675487778979,6.835,1.6957098900917187,1.7481340080630976,0.18587863122786544,3.015
2026-10-11 05:23:57,8.67657449020856,8.655150293071255,10.100741479598447,15.47,3.9595506066007724,3.794945215804858,1.3525675487778979,6.835,1.6957098900917187,1.7481340080630976,0.18587863122786544,3.015
2026-10-11 05:38:57,8.67657449020856,8.655150293071255,10.100741479598447,15.47,3.9595506066007724,3.794945215804858,1.3525675487778979,6.835,1.6957098900917187,1.7481340080630976,0.18587863122786544,3.015
2026-10-11 05:53:57,8.67657449020856,8.655150293071255,10.100741479598447,15.47,3.9595506066007724,3.794945215804858,1.3525675487778979,6.835,1.6957098900917187,1.7481340080630976,0.18587863122786544,3.015
2026-10-11 06:08:57,8.67657449020856,8.655150293071255,10.100741479598447,15.47,3.9595506066007724,3.794945215804858,1.3525675487778979,6.835,1.6974795645649237,1.7525527016752582,0.18606470314177662,3.02
2026-10-11 06:23:57,8.67657449020856,8.655150293071255,10.100741479598447,15.47,3.9626428362731176,3.7999374901135416,1.3540254526116593,6.84,1.6974795645649237,1.7525527016752582,0.18606470314177662,3.02
2026-10-11 06:38:57,8.67657449020856,8.655150293071255,10.100741479598447,15.47,3.9626428362731176,3.7999374901135416,1.3540254526116593,6.84,1.6974795645649237,1.7525527016752582,0.18606470314177662,3.02
2026-10-11 06:53:57,8.678086455999946,8.656610779469439,10.1022693549988,15.475,3.9644529310440695,3.801163975751853,1.3548053187999374,6.845,1.6974795645649237,1.7525527016752582,0.18606470314177662,3.02
2026-10-11 07:08:57,8.678086455999946,8.656610779469439,10.1022693549988,15.475,3.9644529310440695,3.801163975751853,1.3548053187999374,6.845,1.6974795645649237,1.7525527016752582,0.18606470314177662,3.02
2026-10-11 07:23:57,8.678086455999946,8.656610779469439,10.1022693549988,15.475,3.9644529310440695,3.801163975751853,1.3548053187999374,6.845,1.6974795645649237,1.7525527016752582,0.18606470314177662,3.02
2026-10-11 07:38:57,8.678086455999946,8.656610779469439,10.1022693549988,15.475,3.9644529310440695,3.801163975751853,1.3548053187999374,6.845,1.6974795645649237,1.7525527016752582,0.18606470314177662,3.02
2026-10-11 07:53:57,8.678086455999946,8.656610779469439,10.1022693549988,15.475,3.9644529310440695,3.801163975751853,1.3548053187999374,6.845,1.6974795645649237,1.7525527016752582,0.18606470314177662,3.02
2026-10-11 08:08:57,8.681583576635324,8.65754819146428,10.106924880794049,15.48,3.9644529310440695,3.801163975751853,1.3548053187999374,6.845,1.6974795645649237,1.7525527016752582,0.18606470314177662,3.02
2026-10-11 08:23:57,8.681583576635324,8.65754819146428,10.106924880794049,15.48,3.9644529310440695,3.801163975751853,1.3548053187999374,6.845,1.6974795645649237,1.7525527016752582,0.18606470314177662,3.02
2026-10-11 08:38:57,8.681583576635324,8.65754819146428,10.106924880794049,15.48,3.9671471158729306,3.80268394041774,1.3561207996043867,6.85,1.6974795645649237,1.7525527016752582,0.18606470314177662,3.02
2026-10-11 08:53:57,8.684112639725415,8.661848866300705,10.110543153899298,15.485,3.9671471158729306,3.80268394041774,1.3561207996043867,6.85,1.6974795645649237,1.7525527016752582,0.18606470314177662,3.02
2026-10-11 09:08:57,8.684112639725415,8.661848866300705,10.110543153899298,15.485,3.9671471158729306,3.80268394041774,1.3561207996043867,6.85,1.6974795645649237,1.7525527016752582,0.18606470314177662,3.02
2026-10-11 09:23:57,8.684112639725415,8.661848866300705,10.110543153899298,15.485,3.9671471158729306,3.80268394041774,1.3561207996043867,6.85,1.6974795645649237,1.7525527016752582,0.18606470314177662,3.02
2026-10-11 09:38:57,8.684112639725415,8.661848866300705,10.110543153899298,15.485,3.9671471158729306,3.80268394041774,1.3561207996043867,6.85,1.6974795645649237,1.7525527016752582,0.18606470314177662,3.02
2026-10-11 09:53:57,8.684112639725415,8.661848866300705,10.110543153899298,15.485,3.9671471158729306,3.80268394041774,1.3561207996043867,6.85,1.6974795645649237,1.7525527016752582,0.18606470314177662,3.02
2026-10-11 10:08:57,8.684112639725415,8.661848866300705,10.110543153899298,15.485,3.969408916555705,3.806812735286205,1.3573077565311749,6.855,1.6974795645649237,1.7525527016752582,0.18606470314177662,3.02
2026-10-11 10:23:57,8.684112639725415,8.661848866300705,10.110543153899298,15.485,3.969408916555705,3.806812735286205,1.3573077565311749,6.855,1.6974795645649237,1.7525527016752582,0.18606470314177662,3.02
2026-10-11 10:38:57,8.684112639725415,8.661848866300705,10.110543153899298,15.485,3.969408916555705,3.806812735286205,1.3573077565311749,6.855,1.6974795645649237,1.7525527016752582,0.18606470314177662,3.02
2026-10-11 10:53:57,8.684112639725415,8.661848866300705,10.110543153899298,15.485,3.969408916555705,3.806812735286205,1.3573077565311749,6.855,1.6974795645649237,1.7525527016752582,0.18606470314177662,3.02
2026-10-11 11:08:57,8.684112639725415,8.661848866300705,10.110543153899298,15.485,3.969408916555705,3.806812735286205,1.3573077565311749,6.855,1.6974795645649237,1.7525527016752582,0.18606470314177662,3.02
2026-10-11 11:23:57,8.684112639725415,8.661848866300705,10.110543153899298,15.485,3.969408916555705,3.806812735286205,1.3573077565311749,6.855,1.6974795645649237,1.7525527016752582,0.18606470314177662,3.02
2026-10-11 11:38:57,8.684112639725415,8.661848866300705,10.110543153899298,15.485,3.969408916555705,3.806812735286205,1.3573077565311749,6.855,1.6974795645649237,1.7525527016752582,0.18606470314177662,3.02
2026-10-11 11:53:57,8.684112639725415,8.661848866300705,10.110543153899298,15.485,3.969408916555705,3.806812735286205,1.3573077565311749,6.855,1.6974795645649237,1.7525527016752582,0.18606470314177662,3.02
2026-10-11 12:08:57,8.684112639725415,8.661848866300705,10.110543153899298,15.485,3.969408916555705,3.806812735286205,1.3573077565311749,6.855,1.6974795645649237,1.7525527016752582,0.18606470314177662,3.02
2026-10-11 12:23:57,8.684112639725415,8.661848866300705,10.110543153899298,15.485,3.969408916555705,3.806812735286205,1.3573077565311749,6.855,1.6974795645649237,1.7525527016752582,0.18606470314177662,3.02
2026-10-11 12:38:57,8.684112639725415,8.661848866300705,10.110543153899298,15.485,3.969408916555705,3.806812735286205,1.3573077565311749,6.855,1.6974795645649237,1.7525527016752582,0.18606470314177662,3.02
2026-10-11 12:53:57,8.721165284104442,8.696130903840322,10.153720486318894,15.55,3.9801793843259334,3.8187137968364167,1.3609844502703303,6.875,1.705895079062532,1.7568964740086366,0.1868490752984872,3.03
2026-10-11 13:08:57,8.73315829418102,8.710191122646433,10.169117388851973,15.57,3.983882124168976,3.822877027018958,1.362198310351344,6.88,1.7115996552515689,1.762751719986969,0.18731309368376786,3.04
2026-10-11 13:23:57,8.791286558776525,8.77929529753962,10.243644966665158,15.695,3.9989594657961263,3.8359601389476325,1.3678689942083653,6.91,1.7199888387760351,1.7736612273149297,0.18803934965846886,3.055
2026-10-11 13:38:57,8.793455217816582,8.783704939359055,10.248098939957202,15.7,3.9989594657961263,3.8359601389476325,1.3678689942083653,6.91,1.7199888387760351,1.7736612273149297,0.18803934965846886,3.055
2026-10-11 13:53:57,8.887427287626895,8.855708220300011,10.335945367017384,15.845,4.0270996818509595,3.865986649384245,1.3774549908982883,6.96,1.7355744663805983,1.7861537880909213,0.18929235674486117,3.08
2026-10-11 14:08:57,8.946390629918337,8.914601586841982,10.420116957683492,15.96,4.05368124473413,3.892701130202874,1.386328177567542,7.005,1.7388002904630437,1.7902407529182989,0.18963023499350018,3.085
2026-10-11 14:23:57,9.065339612408644,9.032715479465418,10.55036543242037,16.18,4.093676443213854,3.925014958296401,1.3981447286155821,7.065,1.7661169816683768,1.8192823954155894,0.19337447336146402,3.135
2026-10-11 14:38:57,9.169167085098778,9.129271730957663,10.658820046923786,16.35,4.126355473995588,3.962780165168179,1.4098487415322507,7.13,1.7701040853609489,1.8218616105138943,0.19370880598290502,3.14
2026-10-11 14:53:57,9.199240678498587,9.150082094097996,10.68535390790146,16.395,4.13132599972549,3.9682552700185747,1.4119354278150975,7.14,1.7701040853609489,1.8218616105138943,0.19370880598290502,3.14
2026-10-11 15:08:57,9.199240678498587,9.150082094097996,10.68535390790146,16.395,4.13132599972549,3.9682552700185747,1.4119354278150975,7.14,1.7701040853609489,1.8218616105138943,0.19370880598290502,3.14
2026-10-11 15:23:57,9.199240678498587,9.150082094097996,10.68535390790146,16.395,4.13132599972549,3.9682552700185747,1.4119354278150975,7.14,1.7701040853609489,1.8218616105138943,0.19370880598290502,3.14
2026-10-11 15:38:57,9.199240678498587,9.150082094097996,10.68535390790146,16.395,4.13132599972549,3.9682552700185747,1.4119354278150975,7.14,1.7701040853609489,1.8218616105138943,0.19370880598290502,3.14
2026-10-11 15:53:57,9.199240678498587,9.150082094097996,10.68535390790146,16.395,4.13132599972549,3.9682552700185747,1.4119354278150975,7.14,1.7701040853609489,1.8218616105138943,0.19370880598290502,3.14
2026-10-11 16:08:57,9.226570445972692,9.169715995422559,10.713229863713137,16.445,4.135375868540182,3.9720263676882483,1.4129532552456963,7.145,1.7765353411347884,1.8241507065535019,0.1943383172124106,3.15
2026-10-11 16:23:57,9.242357215657641,9.189363925560826,10.737676903705541,16.48,4.145552023142436,3.9807007024257057,1.416676321437124,7.16,1.7765353411347884,1.8241507065535019,0.1943383172124106,3.15
2026-10-11 16:38:57,9.250401034717713,9.198718155510328,10.746398132836111,16.495,4.151092456200434,3.9924674776223443,1.4190428399334012,7.175,1.7803842911435157,1.827158364296849,0.19474391749607978,3.155
2026-10-11 16:53:57,9.272240087347319,9.219741788698023,10.770401836724842,16.53,4.155970514520492,3.9973967516504407,1.421169887718588,7.185,1.7828735380245755,1.8283350358275896,0.19492370249299373,3.16
2026-10-11 17:08:57,9.297039635138415,9.241307399078789,10.798280331639528,16.57,4.1668590369808305,4.005043900589406,1.4247190653671007,7.205,1.7828735380245755,1.8283350358275896,0.19492370249299373,3.16
2026-10-11 17:23:57,9.311103526839332,9.260001300051542,10.811781748513177,16.595,4.168686221988169,4.006113414930716,1.4254890222705219,7.21,1.7828735380245755,1.8283350358275896,0.19492370249299373,3.16
2026-10-11 17:38:57,9.337134643722187,9.283768071961793,10.84190704966592,16.645,4.170157461522193,4.009591652964411,1.4266757816740978,7.215,1.7899149060766555,1.8313981150096963,0.19544639825067567,3.17
2026-10-11 17:53:57,9.337134643722187,9.283768071961793,10.84190704966592,16.645,4.170157461522193,4.009591652964411,1.4266757816740978,7.215,1.7899149060766555,1.8313981150096963,0.19544639825067567,3.17
2026-10-11 18:08:57,9.337134643722187,9.283768071961793,10.84190704966592,16.645,4.170157461522193,4.009591652964411,1.4266757816740978,7.215,1.7899149060766555,1.8313981150096963,0.19544639825067567,3.17
2026-10-11 18:23:57,9.395591872925783,9.340470785887366,10.901512478980699,16.74,4.209070655432393,4.051903766968356,1.4400404563769524,7.285,1.812208573423134,1.8552202106282771,0.1977581804013238,3.21
2026-10-11 18:38:57,9.585756730422975,9.525977800661877,11.121225264743227,17.095,4.3142174809265095,4.155548637476524,1.4808211252432353,7.475,1.8593981274851965,1.9050044059970135,0.20357573699221376,3.3
2026-10-11 18:53:57,9.654030256989174,9.586125729030702,11.194126946768781,17.21,4.335439758084891,4.176534857843156,1.487410224620147,7.51,1.8641722680232216,1.909929071956588,0.2041191544217177,3.31
2026-10-11 19:08:57,9.71342693259713,9.644137125769047,11.260559444322134,17.32,4.370966367566726,4.214911663131281,1.498331571228785,7.575,1.8696721842035275,1.9198609617022435,0.20518385109885892,3.325
2026-10-11 19:23:57,9.782877782293284,9.711964268035516,11.346677635216125,17.445,4.402532359854623,4.245613570160087,1.5091569610729367,7.63,1.899859833900346,1.9416897092168464,0.20787380936696975,3.37
2026-10-11 19:38:57,9.9205435536128,9.835384928927935,11.500748564491428,17.675,4.472748594585157,4.330576990868444,1.5402671133912278,7.785,1.9330176759053945,1.9687035195886626,0.2116048249785489,3.435
2026-10-11 19:53:57,9.961458778267883,9.86778266717593,11.544202795833638,17.745,4.483399543773094,4.342766224965887,1.5447160043680785,7.81,1.9355666244115883,1.9754412941057606,0.2119730865698962,3.445
2026-10-11 20:08:57,9.961458778267883,9.86778266717593,11.544202795833638,17.745,4.483399543773094,4.342766224965887,1.5447160043680785,7.81,1.9355666244115883,1.9754412941057606,0.2119730865698962,3.445
2026-10-11 20:23:57,9.961458778267883,9.86778266717593,11.544202795833638,17.745,4.483399543773094,4.342766224965887,1.5447160043680785,7.81,1.9355666244115883,1.9754412941057606,0.2119730865698962,3.445
2026-10-11 20:38:57,9.961458778267883,9.86778266717593,11.544202795833638,17.745,4.483399543773094,4.342766224965887,1.5447160043680785,7.81,1.9355666244115883,1.9754412941057606,0.2119730865698962,3.445
2026-10-11 20:53:57,9.961458778267883,9.86778266717593,11.544202795833638,17.745,4.483399543773094,4.342766224965887,1.5447160043680785,7.81,1.9355666244115883,1.9754412941057606,0.2119730865698962,3.445
2026-10-11 21:08:57,9.961458778267883,9.86778266717593,11.544202795833638,17.745,4.483399543773094,4.342766224965887,1.5447160043680785,7.81,1.9355666244115883,1.9754412941057606,0.2119730865698962,3.445
2026-10-11 21:23:57,9.962654653271427,9.87198973126313,11.548474180871896,17.75,4.483399543773094,4.342766224965887,1.5447160043680785,7.81,1.9355666244115883,1.9754412941057606,0.2119730865698962,3.445
2026-10-11 21:38:57,9.962654653271427,9.87198973126313,11.548474180871896,17.75,4.483399543773094,4.342766224965887,1.5447160043680785,7.81,1.9355666244115883,1.9754412941057606,0.2119730865698962,3.445
2026-10-11 21:53:57,9.962654653271427,9.87198973126313,11.548474180871896,17.75,4.483399543773094,4.342766224965887,1.5447160043680785,7.81,1.9355666244115883,1.9754412941057606,0.2119730865698962,3.445
2026-10-11 22:08:57,10.205066913981083,10.151758139242773,11.857561859940073,18.23,4.624429153056398,4.476759006266935,1.5931182425732682,8.05,1.9970948708132734,2.0383060147552223,0.2187816867344765,3.555
2026-10-11 22:23:57,10.436256916059751,10.376841032271654,12.121024790857293,18.64,4.771717363272778,4.6196247523437055,1.646224362252039,8.315,2.0671742675582716,2.1109162604529836,0.2271973373853405,3.69
2026-10-11 22:38:57,10.436256916059751,10.376841032271654,12.121024790857293,18.64,4.771717363272778,4.6196247523437055,1.646224362252039,8.315,2.0671742675582716,2.1109162604529836,0.2271973373853405,3.69
2026-10-11 22:53:57,10.531404056040381,10.460131028794162,12.223847248921624,18.79,4.797612755628201,4.641967886764914,1.6544293793076048,8.36,2.107326345460063,2.1519322917181603,0.23135011172210665,3.755
2026-10-11 23:08:57,10.531404056040381,10.460131028794162,12.223847248921624,18.79,4.797612755628201,4.641967886764914,1.6544293793076048,8.36,2.107326345460063,2.1519322917181603,0.23135011172210665,3.755
2026-10-11 23:23:57,10.609650430586436,10.534695203397867,12.300993546768005,18.91,4.820824450131921,4.6685368555963205,1.6637403281227205,8.405,2.123205004760381,2.1624390805766014,0.23284841162864403,3.78
2026-10-11 23:38:57,10.609650430586436,10.534695203397867,12.300993546768005,18.91,4.820824450131921,4.6685368555963205,1.6637403281227205,8.405,2.123205004760381,2.1624390805766014,0.23284841162864403,3.78
2026-10-11 23:53:57,10.609650430586436,10.534695203397867,12.300993546768005,18.91,4.820824450131921,4.6685368555963205,1.6637403281227205,8.405,2.123205004760381,2.1624390805766014,0.23284841162864403,3.78
2026-10-12 00:08:57,10.61313117721405,10.535444311627254,12.305523865547208,18.915,4.820824450131921,4.6685368555963205,1.6637403281227205,8.405,2.123205004760381,2.1624390805766014,0.23284841162864403,3.78
2026-10-12 00:23:57,10.61313117721405,10.535444311627254,12.305523865547208,18.915,4.820824450131921,4.6685368555963205,1.6637403281227205,8.405,2.123205004760381,2.1624390805766014,0.23284841162864403,3.78
2026-10-12 00:38:57,10.61313117721405,10.535444311627254,12.305523865547208,18.915,4.820824450131921,4.6685368555963205,1.6637403281227205,8.405,2.123205004760381,2.1624390805766014,0.23284841162864403,3.78
2026-10-12 00:53:57,10.61313117721405,10.535444311627254,12.305523865547208,18.915,4.820824450131921,4.6685368555963205,1.6637403281227205,8.405,2.123205004760381,2.1624390805766014,0.23284841162864403,3.78
2026-10-12 01:08:57,10.699072692553507,10.620228755158854,12.399070055469743,19.06,4.860427511588667,4.699150822432255,1.675894703072217,8.47,2.138102602815613,2.1804724874600048,0.23465742005129026,3.815
2026-10-12 01:23:57,10.923498077671068,10.84348776757872,12.633794023202627,19.435,4.989990804119405,4.840406810267333,1.7233577073603494,8.7,2.2012293227598105,2.247535659779013,0.24219371798754322,3.93
2026-10-12 01:38:57,11.02305849090851,10.945489432473973,12.75028844407463,19.615,5.02647416082566,4.875134819435359,1.7361575391178583,8.76,2.2350710438833366,2.27140214063051,0.24438635153972219,3.975
2026-10-12 01:53:57,11.027141064586178,10.948719234159752,12.755000473876347,19.62,5.02647416082566,4.875134819435359,1.7361575391178583,8.76,2.2350710438833366,2.27140214063051,0.24438635153972219,3.975
2026-10-12 02:08:57,11.105204674190924,11.033246278496241,12.852157318388574,19.77,5.084469208605004,4.949352432158514,1.7598184694138903,8.87,2.267155953558549,2.3025273730749283,0.2470392955279279,4.025
2026-10-12 02:23:57,11.105204674190924,11.033246278496241,12.852157318388574,19.77,5.084469208605004,4.949352432158514,1.7598184694138903,8.87,2.267155953558549,2.3025273730749283,0.2470392955279279,4.025
2026-10-12 02:38:57,11.105204674190924,11.033246278496241,12.852157318388574,19.77,5.084469208605004,4.949352432158514,1.7598184694138903,8.87,2.267155953558549,2.3025273730749283,0.2470392955279279,4.025
2026-10-12 02:53:57,11.105204674190924,11.033246278496241,12.852157318388574,19.77,5.084469208605004,4.949352432158514,1.7598184694138903,8.87,2.267155953558549,2.3025273730749283,0.2470392955279279,4.025
2026-10-12 03:08:57,11.105204674190924,11.033246278496241,12.852157318388574,19.77,5.085158290925112,4.953055485870296,1.7610198394771943,8.875,2.267155953558549,2.3025273730749283,0.2470392955279279,4.025
2026-10-12 03:23:57,11.105204674190924,11.033246278496241,12.852157318388574,19.77,5.085158290925112,4.953055485870296,1.7610198394771943,8.875,2.267155953558549,2.3025273730749283,0.2470392955279279,4.025
2026-10-12 03:38:57,11.105861613294158,11.036379832938076,12.856842929873883,19.775,5.085158290925112,4.953055485870296,1.7610198394771943,8.875,2.267155953558549,2.3025273730749283,0.2470392955279279,4.025
2026-10-12 03:53:57,11.105861613294158,11.036379832938076,12.856842929873883,19.775,5.085158290925112,4.953055485870296,1.7610198394771943,8.875,2.267155953558549,2.3025273730749283,0.2470392955279279,4.025
2026-10-12 04:08:57,11.105861613294158,11.036379832938076,12.856842929873883,19.775,5.086691771117153,4.9543196444555955,1.7616395717615432,8.88,2.267155953558549,2.3025273730749283,0.2470392955279279,4.025
2026-10-12 04:23:57,11.105861613294158,11.036379832938076,12.856842929873883,19.775,5.086691771117153,4.9543196444555955,1.7616395717615432,8.88,2.271398202144306,2.3038805636229154,0.2475120075033069,4.03
2026-10-12 04:38:57,11.105861613294158,11.036379832938076,12.856842929873883,19.775,5.086691771117153,4.9543196444555955,1.7616395717615432,8.88,2.271398202144306,2.3038805636229154,0.2475120075033069,4.03
2026-10-12 04:53:57,11.105861613294158,11.036379832938076,12.856842929873883,19.775,5.086691771117153,4.9543196444555955,1.7616395717615432,8.88,2.271398202144306,2.3038805636229154,0.2475120075033069,4.03
2026-10-12 05:08:57,11.108685744522463,11.03862153701543,12.859818343807705,19.78,5.086691771117153,4.9543196444555955,1.7616395717615432,8.88,2.271398202144306,2.3038805636229154,0.2475120075033069,4.03
2026-10-12 05:23:57,11.108685744522463,11.03862153701543,12.859818343807705,19.78,5.086691771117153,4.9543196444555955,1.7616395717615432,8.88,2.271398202144306,2.3038805636229154,0.2475120075033069,4.03
2026-10-12 05:38:57,11.11190015396177,11.041997200361603,12.863993535847525,19.785,5.086691771117153,4.9543196444555955,1.7616395717615432,8.88,2.271398202144306,2.3038805636229154,0.2475120075033069,4.03
2026-10-12 05:53:57,11.11190015396177,11.041997200361603,12.863993535847525,19.785,5.086691771117153,4.9543196444555955,1.7616395717615432,8.88,2.271398202144306,2.3038805636229154,0.2475120075033069,4.03
2026-10-12 06:08:57,11.11670495560287,11.043531282145628,12.867700549116936,19.79,5.086691771117153,4.9543196444555955,1.7616395717615432,8.88,2.271398202144306,2.3038805636229154,0.2475120075033069,4.03
2026-10-12 06:23:57,11.11670495560287,11.043531282145628,12.867700549116936,19.79,5.086691771117153,4.9543196444555955,1.7616395717615432,8.88,2.271398202144306,2.3038805636229154,0.2475120075033069,4.03
2026-10-12 06:38:57,11.11670495560287,11.043531282145628,12.867700549116936,19.79,5.086691771117153,4.9543196444555955,1.7616395717615432,8.88,2.271398202144306,2.3038805636229154,0.2475120075033069,4.03
2026-10-12 06:53:57,11.11670495560287,11.043531282145628,12.867700549116936,19.79,5.086691771117153,4.9543196444555955,1.7616395717615432,8.88,2.271398202144306,2.3038805636229154,0.2475120075033069,4.03
2026-10-12 07:08:57,11.11670495560287,11.043531282145628,12.867700549116936,19.79,5.086691771117153,4.9543196444555955,1.7616395717615432,8.88,2.271398202144306,2.3038805636229154,0.2475120075033069,4.03
2026-10-12 07:23:57,11.11670495560287,11.043531282145628,12.867700549116936,19.79,5.086691771117153,4.9543196444555955,1.7616395717615432,8.88,2.271398202144306,2.3038805636229154,0.2475120075033069,4.03
2026-10-12 07:38:57,11.11670495560287,11.043531282145628,12.867700549116936,19.79,5.086691771117153,4.9543196444555955,1.7616395717615432,8.88,2.271398202144306,2.3038805636229154,0.2475120075033069,4.03
2026-10-12 07:53:57,11.119242739257926,11.04601495894987,12.872139753364591,19.795,5.086691771117153,4.9543196444555955,1.7616395717615432,8.88,2.271398202144306,2.3038805636229154,0.2475120075033069,4.03
2026-10-12 08:08:57,11.119242739257926,11.04601495894987,12.872139753364591,19.795,5.086691771117153,4.9543196444555955,1.7616395717615432,8.88,2.271398202144306,2.3038805636229154,0.2475120075033069,4.03
2026-10-12 08:23:57,11.119242739257926,11.04601495894987,12.872139753364591,19.795,5.086691771117153,4.9543196444555955,1.7616395717615432,8.88,2.271398202144306,2.3038805636229154,0.2475120075033069,4.03
2026-10-12 08:38:57,11.121772360012725,11.048374763146521,12.87397376195092,19.8,5.086691771117153,4.9543196444555955,1.7616395717615432,8.88,2.271398202144306,2.3038805636229154,0.2475120075033069,4.03
2026-10-12 08:53:57,11.121772360012725,11.048374763146521,12.87397376195092,19.8,5.086691771117153,4.9543196444555955,1.7616395717615432,8.88,2.271398202144306,2.3038805636229154,0.2475120075033069,4.03
2026-10-12 09:08:57,11.121772360012725,11.048374763146521,12.87397376195092,19.8,5.086691771117153,4.9543196444555955,1.7616395717615432,8.88,2.271398202144306,2.3038805636229154,0.2475120075033069,4.03
2026-10-12 09:23:57,11.121772360012725,11.048374763146521,12.87397376195092,19.8,5.086691771117153,4.9543196444555955,1.7616395717615432,8.88,2.2728709794510262,2.305035232907791,0.24772730561330766,4.035
2026-10-12 09:38:57,11.121772360012725,11.048374763146521,12.87397376195092,19.8,5.086691771117153,4.9543196444555955,1.7616395717615432,8.88,2.2728709794510262,2.305035232907791,0.24772730561330766,4.035
2026-10-12 09:53:57,11.121772360012725,11.048374763146521,12.87397376195092,19.8,5.086691771117153,4.9543196444555955,1.7616395717615432,8.88,2.2728709794510262,2.305035232907791,0.24772730561330766,4.035
2026-10-12 10:08:57,11.121772360012725,11.048374763146521,12.87397376195092,19.8,5.086691771117153,4.9543196444555955,1.7616395717615432,8.88,2.2728709794510262,2.305035232907791,0.24772730561330766,4.035
2026-10-12 10:23:57,11.121772360012725,11.048374763146521,12.87397376195092,19.8,5.086691771117153,4.9543196444555955,1.7616395717615432,8.88,2.2728709794510262,2.305035232907791,0.24772730561330766,4.035
2026-10-12 10:38:57,11.121772360012725,11.048374763146521,12.87397376195092,19.8,5.086691771117153,4.9543196444555955,1.7616395717615432,8.88,2.2728709794510262,2.305035232907791,0.24772730561330766,4.035
2026-10-12 10:53:57,11.121772360012725,11.048374763146521,12.87397376195092,19.8,5.086691771117153,4.9543196444555955,1.7616395717615432,8.88,2.2728709794510262,2.305035232907791,0.24772730561330766,4.035
2026-10-12 11:08:57,11.121772360012725,11.048374763146521,12.87397376195092,19.8,5.086691771117153,4.9543196444555955,1.7616395717615432,8.88,2.2728709794510262,2.305035232907791,0.24772730561330766,4.035
2026-10-12 11:23:57,11.121772360012725,11.048374763146521,12.87397376195092,19.8,5.086691771117153,4.9543196444555955,1.7616395717615432,8.88,2.2728709794510262,2.305035232907791,0.24772730561330766,4.035
2026-10-12 11:38:57,11.205750619589251,11.127420408752576,12.957450401747339,19.935,5.100460796903098,4.964611192128845,1.7659606344732526,8.905,2.282859926167491,2.3179280438995544,0.24849582495057354,4.05
2026-10-12 11:53:57,11.205750619589251,11.127420408752576,12.957450401747339,19.935,5.100460796903098,4.964611192128845,1.7659606344732526,8.905,2.282859926167491,2.3179280438995544,0.24849582495057354,4.05
2026-10-12 12:08:57,11.263765034895874,11.176607321314037,13.012864303306634,20.02,5.124390974669873,4.976878851234628,1.7733529896326339,8.94,2.2975512331154007,2.3326849478289553,0.250142610921028,4.075
2026-10-12 12:23:57,11.338042752510072,11.249719657884903,13.09120025462508,20.145,5.142580312217326,4.992737915258627,1.7797648542903648,8.975,2.3030868476008646,2.343308207185101,0.2509502237658822,4.09
2026-10-12 12:38:57,11.338042752510072,11.249719657884903,13.09120025462508,20.145,5.142580312217326,4.992737915258627,1.7797648542903648,8.975,2.3030868476008646,2.343308207185101,0.2509502237658822,4.09
2026-10-12 12:53:57,11.345591202662565,11.261147473331407,13.10656309250922,20.165,5.1463747563069075,4.996064993060061,1.780698614332126,8.98,2.3030868476008646,2.343308207185101,0.2509502237658822,4.09
2026-10-12 13:08:57,11.41096372003518,11.334442320247092,13.195004142662821,20.295,5.194183161261277,5.029981297485312,1.794017483665202,9.05,2.3201044702380287,2.358036686607593,0.25246094357847193,4.12
2026-10-12 13:23:57,11.41096372003518,11.334442320247092,13.195004142662821,20.295,5.194183161261277,5.029981297485312,1.794017483665202,9.05,2.3201044702380287,2.358036686607593,0.25246094357847193,4.12
2026-10-12 13:38:57,11.418515943548861,11.342022663032735,13.20504675931967,20.31,5.201155628367202,5.036821840528184,1.7963580058238509,9.06,2.3201044702380287,2.358036686607593,0.25246094357847193,4.12
2026-10-12 13:53:57,11.418515943548861,11.342022663032735,13.20504675931967,20.31,5.201155628367202,5.036821840528184,1.7963580058238509,9.06,2.3201044702380287,2.358036686607593,0.25246094357847193,4.12
2026-10-12 14:08:57,11.493484702085038,11.419984670341664,13.291599999229986,20.445,5.222685905366382,5.04985037382448,1.8044440236973598,9.1,2.3356022892308803,2.3827339766313695,0.25434376509345025,4.155
2026-10-12 14:23:57,11.534792757960671,11.455488393261083,13.333639715241496,20.51,5.23709238680823,5.0589558321586425,1.8080826460313784,9.12,2.3384816955428764,2.3866337957717967,0.2544756745140759,4.16
2026-10-12 14:38:57,11.589908618614684,11.52028121395764,13.412068899224312,20.625,5.250198416140487,5.072870017734229,1.8138321437865867,9.145,2.3484136525551444,2.4017487095459975,0.2560664300839811,4.185
2026-10-12 14:53:57,11.62781199835169,11.551336446264225,13.461428367527823,20.69,5.256554479191566,5.077020067242421,1.8158937728179905,9.155,2.3662894791510043,2.412881838434581,0.25748796305844257,4.21
2026-10-12 15:08:57,11.68642347052659,11.609181437827518,13.532153513107575,20.785,5.269129920814978,5.091284176350723,1.8211942439061282,9.185,2.367952705554119,2.4176585671260264,0.2578428955432785,4.215
2026-10-12 15:23:57,11.732006186043295,11.652596164187683,13.58053316026483,20.855,5.278492313816042,5.103352689991683,1.8253401332436356,9.205,2.3704246980254293,2.4196794758519875,0.25806895823290105,4.22
2026-10-12 15:38:57,11.775825370340515,11.694449278586287,13.634983404417355,20.935,5.285211754132097,5.11266371908171,1.8285179291734575,9.22,2.3758185208405043,2.4309045285735196,0.2594245425356864,4.24
2026-10-12 15:53:57,11.788128157082035,11.712497105129202,13.653612234027984,20.965,5.289726722439499,5.119626585982591,1.8304887589994971,9.23,2.386095575574204,2.4401658938094695,0.26068861948509875,4.255
2026-10-12 16:08:57,11.7897793058975,11.71553798294934,13.65512053777735,20.97,5.289726722439499,5.119626585982591,1.8304887589994971,9.23,2.386095575574204,2.4401658938094695,0.26068861948509875,4.255
2026-10-12 16:23:57,11.835229825989128,11.7466735067032,13.701483770192295,21.035,5.289726722439499,5.119626585982591,1.8304887589994971,9.23,2.386095575574204,2.4401658938094695,0.26068861948509875,4.255
2026-10-12 16:38:57,11.888666771140654,11.814910034203896,13.765458606868949,21.145,5.311544094967045,5.138930606720848,1.8373914116033838,9.26,2.4143431482862128,2.466316426539754,0.2631311940220445,4.295
2026-10-12 16:53:57,11.951166737805105,11.875349033961193,13.840004871969327,21.265,5.33344422689813,5.157047338155128,1.8453925018218678,9.295,2.4172537788868995,2.469168988068151,0.26358419285410767,4.3
2026-10-12 17:08:57,11.959888957918206,11.88858084557959,13.846902272886675,21.28,5.34163642121659,5.165072731642798,1.848366091470882,9.31,2.421749128493461,2.4709594235498997,0.2637810866354188,4.305
2026-10-12 17:23:57,11.985904588710222,11.907920174568888,13.879286381776502,21.32,5.353680811514194,5.179614401649839,1.8533702352929584,9.335,2.4276220301986275,2.47657169323185,0.2643510839627695,4.315
2026-10-12 17:38:57,12.014347095164133,11.933595548052729,13.917981285855396,21.37,5.375664595786308,5.202260729648695,1.8605566161436615,9.37,2.4276220301986275,2.47657169323185,0.2643510839627695,4.315
2026-10-12 17:53:57,12.017812548093392,11.939648042121476,13.93217088580635,21.385,5.391383824455836,5.215718561285126,1.8659994313724246,9.395,2.4276220301986275,2.47657169323185,0.2643510839627695,4.315
2026-10-12 18:08:57,12.029997802373023,11.953346610728536,13.951955429524379,21.415,5.391383824455836,5.215718561285126,1.8659994313724246,9.395,2.4276220301986275,2.47657169323185,0.2643510839627695,4.315
2026-10-12 18:23:57,12.276285276457804,12.200474855814173,14.231682966669371,21.84,5.51982758239915,5.356734449417422,1.9170651726111643,9.64,2.48684588319859,2.547888264767415,0.2726723552004249,4.44
2026-10-12 18:38:57,12.411727754020681,12.335141235260169,14.394715378625467,22.08,5.574492627584189,5.404046994730286,1.9331797972358518,9.735,2.514668235119616,2.5727269339286987,0.27596489467035823,4.485
2026-10-12 18:53:57,12.480795397295802,12.410985709550928,14.475575262781094,22.205,5.608128697897708,5.431571923982395,1.9434814623469558,9.785,2.528295113746775,2.585288012778896,0.27790764739330287,4.51
2026-10-12 19:08:57,12.604170764487506,12.535395666000767,14.617901637765922,22.445,5.679632254298103,5.508877454338816,1.97051937236422,9.91,2.54371298652045,2.6016431873976362,0.28011014970955506,4.54
2026-10-12 19:23:57,12.694936963990584,12.62477030306874,14.711821104410088,22.59,5.733822187521887,5.565631120985721,1.9886454056721632,10.0,2.573675008651424,2.6352040638728553,0.28324889339771486,4.6
2026-10-12 19:38:57,12.75416848772068,12.696009269021085,14.786584084893354,22.7,5.773198148789905,5.601329339318396,2.0046881161110015,10.07,2.573675008651424,2.6352040638728553,0.28324889339771486,4.6
2026-10-12 19:53:57,12.830644720786392,12.772908230636574,14.882259619255311,22.845,5.790411282032031,5.624080062678255,2.0125089184535003,10.105,2.591464515924726,2.643046795622082,0.2852170747334823,4.625
2026-10-12 20:08:57,12.889327649684997,12.825689524050293,14.941705257232309,22.945,5.8087547447233545,5.638990647871325,2.0186141463743374,10.135,2.5972306644718914,2.649873829841612,0.2858525045772554,4.635
2026-10-12 20:23:57,13.11022060935888,13.0590051293015,15.202722432309207,23.355,5.915752347300542,5.731555990872931,2.0522643477129368,10.31,2.6527891043318093,2.6999750826767555,0.2913795351544781,4.725
2026-10-12 20:38:57,13.177511674979574,13.115962221359245,15.2734295459974,23.465,5.947350114949141,5.759219953930783,2.061359137214373,10.36,2.6712616174117305,2.7202193475869243,0.29423672465713674,4.76
2026-10-12 20:53:57,13.375691578133987,13.32538580076324,15.52287511067526,23.835,6.051518921581681,5.862349131479289,2.0985641173798686,10.55,2.732529960861884,2.7716700735915674,0.3012997853032004,4.86
2026-10-12 21:08:57,13.480979467942289,13.432750201206943,15.63350155053604,24.005,6.121972305945814,5.940198109062896,2.122490493289911,10.675,2.7538013254939044,2.7939106000991716,0.30346043437834397,4.9
2026-10-12 21:23:57,13.614539720913,13.562805277614975,15.77766617830909,24.23,6.173654318281162,6.000315094462275,2.1416539925428646,10.775,2.786674841544921,2.8365438852895135,0.30843454445293533,4.975
2026-10-12 21:38:57,14.176766304527778,14.10893846536321,16.411561118208798,25.225,6.432307250562074,6.253236803866195,2.2359720066686393,11.26,2.9326023837913975,2.977864548330394,0.32531079477828734,5.24
2026-10-12 21:53:57,14.456701720868475,14.38821624647528,16.753930319223254,25.735,6.598671501091616,6.422048659253579,2.2984280916601705,11.58,3.022750352023035,3.0658661538602363,0.33541657585603885,5.4
2026-10-12 22:08:57,14.590044799269169,14.51985914025213,16.89959436389699,25.955,6.6585809506605145,6.493460501197959,2.3216622546257537,11.69,3.028450055029129,3.073818471352284,0.33683496088804427,5.415
2026-10-12 22:23:57,14.692927729637116,14.60759057067143,17.005067771553083,26.12,6.720983208064929,6.56491447692144,2.34648570182034,11.815,3.0648291158268455,3.1103947829314045,0.33991987587141936,5.47
2026-10-12 22:38:57,14.791954397921838,14.716543119530117,17.129585682791518,26.315,6.745187833019402,6.596262961871414,2.359453088994586,11.875,3.1083303533391184,3.1501616044660885,0.34500068568068804,5.545
2026-10-12 22:53:57,14.887281114003382,14.79308569787511,17.2164323084801,26.465,6.806634875143043,6.673433017840276,2.385525648523529,12.005,3.124620402894413,3.1635549856180742,0.3469816708589176,5.575
2026-10-12 23:08:57,14.887281114003382,14.79308569787511,17.2164323084801,26.465,6.806634875143043,6.673433017840276,2.385525648523529,12.005,3.124620402894413,3.1635549856180742,0.3469816708589176,5.575
2026-10-12 23:23:57,14.887281114003382,14.79308569787511,17.2164323084801,26.465,6.806634875143043,6.673433017840276,2.385525648523529,12.005,3.124620402894413,3.1635549856180742,0.3469816708589176,5.575
2026-10-12 23:38:57,14.888377311482436,14.795796836507881,17.218978660799177,26.47,6.806634875143043,6.673433017840276,2.385525648523529,12.005,3.124620402894413,3.1635549856180742,0.3469816708589176,5.575
2026-10-12 23:53:57,14.918562885707214,14.825373554235103,17.25508530125792,26.525,6.816420628538373,6.678583685531837,2.389067861583348,12.02,3.124620402894413,3.1635549856180742,0.3469816708589176,5.575
2026-10-13 00:08:57,15.058116539806107,14.95629727955411,17.404558746931716,26.76,6.877605044723521,6.757707335317106,2.4109468722051326,12.15,3.1725862158893774,3.207638961383125,0.3515224983077754,5.65
2026-10-13 00:23:57,15.058116539806107,14.95629727955411,17.404558746931716,26.76,6.877605044723521,6.757707335317106,2.4109468722051326,12.15,3.1725862158893774,3.207638961383125,0.3515224983077754,5.65
2026-10-13 00:38:57,15.063980623916297,14.963181172240269,17.41017420308006,26.77,6.877605044723521,6.757707335317106,2.4109468722051326,12.15,3.1742680234125,3.2120770290677365,0.3519761569453014,5.655
2026-10-13 00:53:57,15.063980623916297,14.963181172240269,17.41017420308006,26.77,6.877605044723521,6.757707335317106,2.4109468722051326,12.15,3.1742680234125,3.2120770290677365,0.3519761569453014,5.655
2026-10-13 01:08:57,15.063980623916297,14.963181172240269,17.41017420308006,26.77,6.877605044723521,6.757707335317106,2.4109468722051326,12.15,3.1742680234125,3.2120770290677365,0.3519761569453014,5.655
2026-10-13 01:23:57,15.065885659643117,14.963921209589794,17.41442186386283,26.775,6.877605044723521,6.757707335317106,2.4109468722051326,12.15,3.1742680234125,3.2120770290677365,0.3519761569453014,5.655
2026-10-13 01:38:57,15.065885659643117,14.963921209589794,17.41442186386283,26.775,6.877605044723521,6.757707335317106,2.4109468722051326,12.15,3.1742680234125,3.2120770290677365,0.3519761569453014,5.655
2026-10-13 01:53:57,15.065885659643117,14.963921209589794,17.41442186386283,26.775,6.877605044723521,6.757707335317106,2.4109468722051326,12.15,3.1776967523090485,3.218523821082985,0.35262463764385954,5.665
2026-10-13 02:08:57,15.065885659643117,14.963921209589794,17.41442186386283,26.775,6.877605044723521,6.757707335317106,2.4109468722051326,12.15,3.1776967523090485,3.218523821082985,0.35262463764385954,5.665
2026-10-13 02:23:57,15.065885659643117,14.963921209589794,17.41442186386283,26.775,6.877605044723521,6.757707335317106,2.4109468722051326,12.15,3.1776967523090485,3.218523821082985,0.35262463764385954,5.665
2026-10-13 02:38:57,15.065885659643117,14.963921209589794,17.41442186386283,26.775,6.877605044723521,6.757707335317106,2.4109468722051326,12.15,3.1776967523090485,3.218523821082985,0.35262463764385954,5.665
2026-10-13 02:53:57,15.065885659643117,14.963921209589794,17.41442186386283,26.775,6.877605044723521,6.757707335317106,2.4109468722051326,12.15,3.1776967523090485,3.218523821082985,0.35262463764385954,5.665
2026-10-13 03:08:57,15.065885659643117,14.963921209589794,17.41442186386283,26.775,6.877605044723521,6.757707335317106,2.4109468722051326,12.15,3.1776967523090485,3.218523821082985,0.35262463764385954,5.665
2026-10-13 03:23:57,15.065885659643117,14.963921209589794,17.41442186386283,26.775,6.877605044723521,6.757707335317106,2.4109468722051326,12.15,3.1776967523090485,3.218523821082985,0.35262463764385954,5.665
2026-10-13 03:38:57,15.065885659643117,14.963921209589794,17.41442186386283,26.775,6.877605044723521,6.757707335317106,2.4109468722051326,12.15,3.1776967523090485,3.218523821082985,0.35262463764385954,5.665
2026-10-13 03:53:57,15.065885659643117,14.963921209589794,17.41442186386283,26.775,6.877605044723521,6.757707335317106,2.4109468722051326,12.15,3.1776967523090485,3.218523821082985,0.35262463764385954,5.665
2026-10-13 04:08:57,15.065885659643117,14.963921209589794,17.41442186386283,26.775,6.877605044723521,6.757707335317106,2.4109468722051326,12.15,3.1776967523090485,3.218523821082985,0.35262463764385954,5.665
2026-10-13 04:23:57,15.144929303366341,15.035011245252317,17.504132375555635,26.915,6.927688349579971,6.8027395069788215,2.429278611810079,12.235,3.203238760132616,3.246867223182769,0.3550838079671566,5.71
2026-10-13 04:38:57,15.326150490419595,15.262910178036876,17.768794802790374,27.3,7.033559767762478,6.894973977012117,2.461929976594412,12.4,3.2629110580923664,3.3094752491177264,0.36196107583693815,5.825
2026-10-13 04:53:57,15.43077244550292,15.345347208250988,17.88197146741801,27.46,7.0721444906638125,6.940283271027973,2.477139885422344,12.475,3.291634305418327,3.3325270320697395,0.3650366025514187,5.87
2026-10-13 05:08:57,15.43077244550292,15.345347208250988,17.88197146741801,27.46,7.0721444906638125,6.940283271027973,2.477139885422344,12.475,3.291634305418327,3.3325270320697395,0.3650366025514187,5.87
2026-10-13 05:23:57,15.559633093909024,15.464545145412902,18.037274998049625,27.69,7.156189094051192,7.013394625913789,2.504036480308945,12.605,3.3255552927392014,3.358962501101501,0.3691277119686179,5.925
2026-10-13 05:38:57,15.691832539393639,15.602638687315984,18.190086009008727,27.93,7.260743809558522,7.096934876121953,2.5376444480787286,12.77,3.352556423901286,3.403032622406479,0.3724248944760033,5.985
2026-10-13 05:53:57,15.821178548994265,15.707347539746605,18.33458669167312,28.14,7.310583895320803,7.159545177569814,2.56122532781119,12.89,3.368303544555057,3.4216167941525515,0.3750650344224313,6.025
2026-10-13 06:08:57,15.984356028551902,15.867695383034683,18.51545820557556,28.425,7.383963809676096,7.226680749455247,2.583967151127839,13.01,3.410485391565896,3.46388895556962,0.3800294914394258,6.1
2026-10-13 06:23:57,15.986205500965408,15.868864966177336,18.51977213317389,28.43,7.383963809676096,7.226680749455247,2.583967151127839,13.01,3.410485391565896,3.46388895556962,0.3800294914394258,6.1
2026-10-13 06:38:57,15.986205500965408,15.868864966177336,18.51977213317389,28.43,7.383963809676096,7.226680749455247,2.583967151127839,13.01,3.410485391565896,3.46388895556962,0.3800294914394258,6.1
2026-10-13 06:53:57,15.986205500965408,15.868864966177336,18.51977213317389,28.43,7.383963809676096,7.226680749455247,2.583967151127839,13.01,3.410485391565896,3.46388895556962,0.3800294914394258,6.1
2026-10-13 07:08:57,15.986205500965408,15.868864966177336,18.51977213317389,28.43,7.383963809676096,7.226680749455247,2.583967151127839,13.01,3.410485391565896,3.46388895556962,0.3800294914394258,6.1
2026-10-13 07:23:57,15.987155310543761,15.871648611336166,18.52435667470198,28.435,7.383963809676096,7.226680749455247,2.583967151127839,13.01,3.410485391565896,3.46388895556962,0.3800294914394258,6.1
2026-10-13 07:38:57,15.987155310543761,15.871648611336166,18.52435667470198,28.435,7.383963809676096,7.226680749455247,2.583967151127839,13.01,3.410485391565896,3.46388895556962,0.3800294914394258,6.1
2026-10-13 07:53:57,16.10725280938946,16.00214051095391,18.693433176831366,28.68,7.453117445397733,7.295733816371449,2.606590404045952,13.125,3.4620378264022023,3.509768614926543,0.38476255882855603,6.175
2026-10-13 08:08:57,16.20424588852969,16.103219920914622,18.793455235172882,28.85,7.484313267320802,7.3316300569058726,2.6198796516831395,13.185,3.4907575971648845,3.537260344271729,0.38783382091213225,6.22
2026-10-13 08:23:57,16.260995727012574,16.161413468828254,18.85681206442202,28.95,7.5197469726890205,7.3800829477029435,2.636503152972456,13.265,3.508797460179845,3.562180924083643,0.38991009948813765,6.255
2026-10-13 08:38:57,16.325829726407573,16.22906296527193,18.951122379442616,29.08,7.554162430376012,7.420799808501981,2.6479591271217298,13.325,3.531586107186167,3.5875767418475557,0.39305862819621545,6.305
2026-10-13 08:53:57,16.405147790073773,16.313023973461764,19.028872089269132,29.205,7.592883256329436,7.457138123301169,2.6623607835201013,13.405,3.550512691825911,3.606167452914182,0.39565090176973244,6.34
2026-10-13 09:08:57,16.480408785832033,16.379582146896393,19.116265938602602,29.335,7.629984342135854,7.492870854242839,2.673972889365437,13.47,3.5627582159934392,3.6220054535926707,0.3970212321230892,6.365
2026-10-13 09:23:57,16.548111454286598,16.452231456483343,19.197611194433595,29.46,7.656628854849447,7.534061157877379,2.684565806782058,13.525,3.59019816806915,3.646749618029775,0.39946859504594995,6.4
2026-10-13 09:38:57,16.63728827786244,16.535823357447367,19.292988214839447,29.6,7.698767112209986,7.577918994565251,2.701125095992469,13.6,3.613176729810509,3.663127993283696,0.4017884985100671,6.44
2026-10-13 09:53:57,16.63728827786244,16.535823357447367,19.292988214839447,29.6,7.700874391268317,7.579491472930529,2.7019369682638867,13.605,3.613176729810509,3.663127993283696,0.4017884985100671,6.44
2026-10-13 10:08:57,16.641947816603462,16.537141593555823,19.297315425602452,29.605,7.700874391268317,7.579491472930529,2.7019369682638867,13.605,3.613176729810509,3.663127993283696,0.4017884985100671,6.44
2026-10-13 10:23:57,16.641947816603462,16.537141593555823,19.297315425602452,29.605,7.700874391268317,7.579491472930529,2.7019369682638867,13.605,3.613176729810509,3.663127993283696,0.4017884985100671,6.44
2026-10-13 10:38:57,16.641947816603462,16.537141593555823,19.297315425602452,29.605,7.700874391268317,7.579491472930529,2.7019369682638867,13.605,3.613176729810509,3.663127993283696,0.4017884985100671,6.44
2026-10-13 10:53:57,16.641947816603462,16.537141593555823,19.297315425602452,29.605,7.700874391268317,7.579491472930529,2.7019369682638867,13.605,3.613176729810509,3.663127993283696,0.4017884985100671,6.44
2026-10-13 11:08:57,16.641947816603462,16.537141593555823,19.297315425602452,29.605,7.700874391268317,7.579491472930529,2.7019369682638867,13.605,3.613176729810509,3.663127993283696,0.4017884985100671,6.44
2026-10-13 11:23:57,16.69241378691024,16.57750225566679,19.349957790817392,29.685,7.713291449967124,7.586798695271825,2.7068020540994797,13.625,3.614223957651326,3.664477003108672,0.402059047002872,6.445
2026-10-13 11:38:57,16.741699631416203,16.618123840138033,19.400676446241107,29.76,7.730476693733228,7.602448907895003,2.711343079367531,13.65,3.614223957651326,3.664477003108672,0.402059047002872,6.445
2026-10-13 11:53:57,16.741699631416203,16.618123840138033,19.400676446241107,29.76,7.730476693733228,7.602448907895003,2.711343079367531,13.65,3.614223957651326,3.664477003108672,0.402059047002872,6.445
2026-10-13 12:08:57,16.85631576068188,16.738285435766993,19.53943186378406,29.975,7.777341091532403,7.645292297959813,2.7298240137385377,13.74,3.6193419631812853,3.6714045925703322,0.4026097221450194,6.455
2026-10-13 12:23:57,16.86158887096706,16.749077539288088,19.550508267295033,29.99,7.777341091532403,7.645292297959813,2.7298240137385377,13.74,3.6193419631812853,3.6714045925703322,0.4026097221450194,6.455
2026-10-13 12:38:57,16.885489527063452,16.77291681020346,19.582288745123446,30.035,7.779218426589932,7.651998406050317,2.731969979713226,13.75,3.6193419631812853,3.6714045925703322,0.4026097221450194,6.455
2026-10-13 12:53:57,16.966832609264756,16.863496254419143,19.668834554532488,30.185,7.800595484178771,7.680214544023939,2.7423717315926472,13.795,3.61997499853132,3.6763522004077123,0.4028251470579132,6.46
2026-10-13 13:08:57,16.98202500982191,16.87888593549455,19.68416454549177,30.21,7.806818263172986,7.687660145564655,2.745507146976221,13.81,3.61997499853132,3.6763522004077123,0.4028251470579132,6.46
2026-10-13 13:23:57,17.003702779158687,16.901138546219862,19.70762278249466,30.245,7.8115531841617045,7.696859254398176,2.7492840111738905,13.83,3.6216777853758853,3.681187223349807,0.4031951202572516,6.465
2026-10-13 13:38:57,17.01347255754615,16.915865859760217,19.729247493638887,30.27,7.8115531841617045,7.696859254398176,2.7492840111738905,13.83,3.625919374334822,3.6822225450773467,0.4034735312806636,6.47
2026-10-13 13:53:57,17.106178436298748,17.01800512376743,19.855022972959674,30.45,7.834278056385867,7.722137501061693,2.75952405706702,13.875,3.6373942377831607,3.6945427310475907,0.40509653071733126,6.495
2026-10-13 14:08:57,17.17658959617393,17.084650410709877,19.938560079777606,30.59,7.853267994218103,7.741869817158172,2.7667206141083462,13.905,3.657855534274202,3.715137658996578,0.40710558689747683,6.525
2026-10-13 14:23:57,17.199696872493725,17.117459887573794,19.96508967822875,30.635,7.860055837056683,7.746032019451557,2.7687389339688804,13.915,3.657855534274202,3.715137658996578,0.40710558689747683,6.525
2026-10-13 14:38:57,17.247305495072396,17.16359349432002,20.021383001902002,30.715,7.881412118022132,7.759468634408522,2.7757993632373266,13.95,3.6637057773020967,3.7232819024062147,0.4077580766471468,6.535
2026-10-13 14:53:57,17.247305495072396,17.16359349432002,20.021383001902002,30.715,7.881412118022132,7.759468634408522,2.7757993632373266,13.95,3.6637057773020967,3.7232819024062147,0.4077580766471468,6.535
2026-10-13 15:08:57,17.35491774064453,17.261276338091033,20.140711814529777,30.9,7.89608168700118,7.771985584607296,2.7813560106189112,13.975,3.6782494334700093,3.7344530688544872,0.4095103512239964,6.56
2026-10-13 15:23:57,17.37173075932687,17.273279974876854,20.158414399060888,30.925,7.9052318897768785,7.779078519736227,2.784014164403009,13.99,3.6782494334700093,3.7344530688544872,0.4095103512239964,6.56
2026-10-13 15:38:57,17.372790228389178,17.275436542809704,20.16339237712008,30.93,7.9052318897768785,7.779078519736227,2.784014164403009,13.99,3.6832404689482128,3.739230377940365,0.4096728083157685,6.565
2026-10-13 15:53:57,17.382757096486525,17.28748422850619,20.17589053381737,30.95,7.9052318897768785,7.779078519736227,2.784014164403009,13.99,3.6832404689482128,3.739230377940365,0.4096728083157685,6.565
2026-10-13 16:08:57,17.40500468230621,17.31747235200933,20.20574185934456,31.0,7.911615218174505,7.788159847229958,2.7873840375194137,14.005,3.684103048233595,3.740160643635725,0.4100531120187858,6.57
2026-10-13 16:23:57,17.413062345543732,17.32988700832205,20.21633709106207,31.015,7.913916167256897,7.792196749014111,2.7883476627093082,14.01,3.6881506622126463,3.743695404335961,0.4104479458477247,6.575
2026-10-13 16:38:57,17.464724311086705,17.39355488603669,20.28725191094673,31.115,7.922763766599044,7.803965223014608,2.7907167690291184,14.025,3.692458138255488,3.746078766427439,0.4106902815418216,6.58
2026-10-13 16:53:57,17.490087180475353,17.418381170814932,20.319278646059814,31.16,7.938629752348765,7.822524939899749,2.795311964651064,14.05,3.692458138255488,3.746078766427439,0.4106902815418216,6.58
2026-10-13 17:08:57,17.508542303552968,17.44149154745842,20.341278100220272,31.2,7.941615045614046,7.82624504063717,2.797320023299979,14.06,3.697372819347747,3.7471160766324565,0.410911885887483,6.585
2026-10-13 17:23:57,17.527365763584918,17.466219200329842,20.36662328424001,31.235,7.945514581166407,7.8353969599574125,2.799737997646715,14.07,3.697372819347747,3.7471160766324565,0.410911885887483,6.585
2026-10-13 17:38:57,17.541013008848566,17.48212698460878,20.380574820117115,31.26,7.962851287781668,7.85109105171249,2.804448728811401,14.095,3.7006232695642027,3.7496601474428886,0.4114043771700756,6.59
2026-10-13 17:53:57,17.626883270369675,17.562830417447476,20.470941683583604,31.4,7.991622082895425,7.876088427418593,2.8149471812320703,14.145,3.709483860810691,3.75635616391516,0.4123319851156251,6.605
2026-10-13 18:08:57,17.675598517635876,17.60781855094571,20.532763291216973,31.495,8.005586420988703,7.890131059057434,2.8187908516560807,14.165,3.7220279740432667,3.7697287940742146,0.41324954920835993,6.625
2026-10-13 18:23:57,17.778264843495347,17.73329719269625,20.65693491049729,31.68,8.039196984920384,7.915221471549122,2.8282924688109796,14.215,3.742271053618567,3.7846885603105047,0.4154079328493671,6.66
2026-10-13 18:38:57,17.824356173061833,17.777571432046607,20.70819602333529,31.76,8.062239569587284,7.942952861952108,2.8363259019711173,14.26,3.743307168260476,3.789472972555805,0.415723234673713,6.665
2026-10-13 18:53:57,17.88684538176912,17.836823255158166,20.775357300269338,31.86,8.104391779572868,7.983806668750156,2.851555399180478,14.34,3.761028586756885,3.8016116005594305,0.41753250628490884,6.695
2026-10-13 19:08:57,18.00497694401657,17.93139221557214,20.90423313889617,32.075,8.16508845015025,8.053380719038353,2.87243776635777,14.45,3.7850274797656804,3.8220804294068738,0.42049080416430623,6.735
2026-10-13 19:23:57,18.051683581122667,17.98355370961415,20.962018066129787,32.17,8.191763864055144,8.077547395998653,2.883828654428634,14.5,3.7960804167459474,3.8321462013220504,0.4215954146469217,6.755
2026-10-13 19:38:57,18.28676113176892,18.210541039104626,21.220144844085578,32.575,8.290658964826628,8.1848604060148,2.924786482343424,14.69,3.8343547092553716,3.861213656403577,0.4254086268290411,6.81
2026-10-13 19:53:57,18.348489102280848,18.269219342215877,21.283573497339106,32.68,8.310490649178986,8.207491722779835,2.9336755932127754,14.725,3.8372024035190098,3.8653193281530225,0.4262345049504848,6.825
2026-10-13 20:08:57,18.634174264263304,18.534234811458436,21.609329679016106,33.165,8.41029024477977,8.314484030673139,2.9691419018258363,14.91,3.874166349379955,3.906381273055748,0.4305741362908027,6.89
2026-10-13 20:23:57,18.846394279596904,18.778134493068542,21.882392536992093,33.585,8.519822255185922,8.415382509039663,3.0086843452536214,15.1,3.9186069125488454,3.949881956946595,0.4360394845833276,6.965
2026-10-13 20:38:57,18.96199275794102,18.885369885005417,22.00700434535276,33.775,8.583404171428686,8.47952738113636,3.031336460087643,15.21,3.943788704340074,3.979616132366226,0.4384884815329238,7.01
2026-10-13 20:53:57,18.96199275794102,18.885369885005417,22.00700434535276,33.775,8.583404171428686,8.47952738113636,3.031336460087643,15.21,3.943788704340074,3.979616132366226,0.4384884815329238,7.01
2026-10-13 21:08:57,18.96199275794102,18.885369885005417,22.00700434535276,33.775,8.583404171428686,8.47952738113636,3.031336460087643,15.21,3.943788704340074,3.979616132366226,0.4384884815329238,7.01
2026-10-13 21:23:57,19.19231134179292,19.113287363349674,22.28129880173539,34.205,8.701659439444047,8.586007198810282,3.0667267134804628,15.4,3.982265435223786,4.018665191881059,0.44365694492166285,7.09
2026-10-13 21:38:57,19.42117145432167,19.331448359098566,22.549948021984118,34.61,8.840757350625257,8.736789516349386,3.1124129092163493,15.64,4.029846187612203,4.062685131986659,0.4485853989847821,7.17
2026-10-13 21:53:57,19.491777113931157,19.400306838936437,22.621260318374382,34.73,8.89817561366102,8.79411760666836,3.13048303911039,15.735,4.054392230510629,4.091548549743601,0.4516366729734108,7.22
2026-10-13 22:08:57,19.633910279297414,19.553000091903645,22.787848095041124,34.99,8.951347231301893,8.852096302000346,3.1514618258694536,15.84,4.080898528675571,4.121076699515044,0.4547542099867046,7.27
2026-10-13 22:23:57,19.672705831388342,19.60547640355904,22.836370532209592,35.07,8.977757912177324,8.866164604976808,3.1592027206759274,15.88,4.089780886218407,4.124238487285272,0.45542468422191906,7.28
2026-10-13 22:38:57,19.672705831388342,19.60547640355904,22.836370532209592,35.07,8.977757912177324,8.866164604976808,3.1592027206759274,15.88,4.089780886218407,4.124238487285272,0.45542468422191906,7.28
2026-10-13 22:53:57,19.672705831388342,19.60547640355904,22.836370532209592,35.07,8.977757912177324,8.866164604976808,3.1592027206759274,15.88,4.089780886218407,4.124238487285272,0.45542468422191906,7.28
2026-10-13 23:08:57,19.749700077548166,19.699361119848003,22.936605165454065,35.22,9.018838398900156,8.901079418053495,3.175548539955908,15.955,4.120127441959418,4.156071572694934,0.4578307845759019,7.325
2026-10-13 23:23:57,19.749700077548166,19.699361119848003,22.936605165454065,35.22,9.018838398900156,8.901079418053495,3.175548539955908,15.955,4.120127441959418,4.156071572694934,0.4578307845759019,7.325
2026-10-13 23:38:57,19.749700077548166,19.699361119848003,22.936605165454065,35.22,9.018838398900156,8.901079418053495,3.175548539955908,15.955,4.120127441959418,4.156071572694934,0.4578307845759019,7.325
2026-10-13 23:53:57,20.02367726400023,19.97239924831269,23.25683712648397,35.72,9.136485796525593,9.029580574972373,3.219679852497217,16.18,4.155361973949922,4.198417464391988,0.4624629965006884,7.4
2026-10-14 00:08:57,20.273604311414616,20.215270574104334,23.53671084804878,36.17,9.21863929575237,9.097504173160061,3.2501763511325215,16.335,4.223382044718504,4.261012015995463,0.46958971156964846,7.51
2026-10-14 00:23:57,20.55111470086385,20.495020012781335,23.871004858421994,36.67,9.356106591654477,9.225978872648923,3.3011814711718324,16.575,4.278751202913469,4.310714240074354,0.4756391327109997,7.605
2026-10-14 00:38:57,20.791816476006456,20.731262397246674,24.151705161421656,37.1,9.466683249310341,9.350260322158393,3.343190322728953,16.775,4.319278244119773,4.358778100072216,0.4803386323054193,7.68
2026-10-14 00:53:57,21.05133166200938,20.989214456137724,24.451473214280732,37.565,9.628559524506102,9.475482164989765,3.392782573262277,17.015,4.346687425530949,4.389690014948201,0.4840493347250391,7.73
2026-10-14 01:08:57,21.05133166200938,20.989214456137724,24.451473214280732,37.565,9.628559524506102,9.475482164989765,3.392782573262277,17.015,4.346687425530949,4.389690014948201,0.4840493347250391,7.73
2026-10-14 01:23:57,21.113938269892095,21.054938596743348,24.526852526106488,37.675,9.662589589193775,9.514340376634648,3.4068263282763995,17.09,4.34979901921128,4.391467633934024,0.48445566422504166,7.735
2026-10-14 01:38:57,21.113938269892095,21.054938596743348,24.526852526106488,37.675,9.662589589193775,9.514340376634648,3.4068263282763995,17.09,4.34979901921128,4.391467633934024,0.48445566422504166,7.735
2026-10-14 01:53:57,21.128355714544686,21.0699996791097,24.539923405577557,37.7,9.67315331474218,9.52912895874417,3.4119984456662316,17.115,4.350775935516036,4.394603360342635,0.48475679118845527,7.74
2026-10-14 02:08:57,21.128355714544686,21.0699996791097,24.539923405577557,37.7,9.67315331474218,9.52912895874417,3.4119984456662316,17.115,4.350775935516036,4.394603360342635,0.48475679118845527,7.74
2026-10-14 02:23:57,21.129747386786836,21.073373959958122,24.544851559413978,37.705,9.67315331474218,9.52912895874417,3.4119984456662316,17.115,4.350775935516036,4.394603360342635,0.48475679118845527,7.74
2026-10-14 02:38:57,21.144871142462033,21.088389605305103,24.558383928683508,37.73,9.685038263693984,9.545466082395283,3.4178029894554895,17.14,4.361004217642121,4.4010210428067165,0.4855444410194184,7.755
2026-10-14 02:53:57,21.502196406783384,21.433130980549826,24.96431702138998,38.355,9.817603089295257,9.673713555533359,3.463238945930612,17.375,4.419087033435633,4.451151728582994,0.49163608899439054,7.85
2026-10-14 03:08:57,21.80650110415169,21.724587344175774,25.291676601928877,38.875,9.968630523569349,9.83963990292874,3.5202821419840875,17.67,4.4616280017546135,4.499868946168729,0.4961705383496031,7.92
2026-10-14 03:23:57,21.99727444391646,21.919668103429032,25.520990160446118,39.21,10.043726422432826,9.916149542359484,3.5527821355753777,17.825,4.516664877013613,4.554662533672686,0.5039975611551564,8.03
2026-10-14 03:38:57,21.99727444391646,21.919668103429032,25.520990160446118,39.21,10.043726422432826,9.916149542359484,3.5527821355753777,17.825,4.516664877013613,4.554662533672686,0.5039975611551564,8.03
2026-10-14 03:53:57,22.24067339566883,22.17635060886705,25.8149896160065,39.65,10.150497337300594,10.039134090855656,3.5955039994392437,18.045,4.5758547053672745,4.6146928234379905,0.5106695890835825,8.13
2026-10-14 04:08:57,22.490446649455826,22.439106249535545,26.07717991831888,40.08,10.261279024485178,10.14339373093568,3.635981503647949,18.24,4.608619708000515,4.634913851208468,0.5134726369589684,8.175
2026-10-14 04:23:57,22.759891562793452,22.70488107252171,26.37843865378851,40.545,10.3710763473299,10.254597867745465,3.67285375668107,18.435,4.652583461941249,4.677511546415868,0.5175224669532948,8.245
2026-10-14 04:38:57,23.142861387971866,23.084989672349682,26.827954242698784,41.21,10.58303854854162,10.42948701561303,3.7450929918509424,18.795,4.737696558209567,4.768822044842739,0.528047234447075,8.395
2026-10-14 04:53:57,23.326159489052756,23.27811942913444,27.05101010233441,41.54,10.694853390140173,10.530876082844781,3.7821673359526513,18.99,4.794562835972632,4.823821331381851,0.5345442204678729,8.495
2026-10-14 05:08:57,23.541768801082192,23.485988052017362,27.3098620048058,41.93,10.79015390975794,10.622686759636183,3.8132934792547677,19.165,4.880252675730965,4.897554624719891,0.5433676948987882,8.64
2026-10-14 05:23:57,23.545251760733994,23.487922819487697,27.31302991789977,41.935,10.79015390975794,10.622686759636183,3.8132934792547677,19.165,4.880252675730965,4.897554624719891,0.5433676948987882,8.64
2026-10-14 05:38:57,23.548210951874136,23.49050856782833,27.317727317816036,41.94,10.79015390975794,10.622686759636183,3.8132934792547677,19.165,4.880252675730965,4.897554624719891,0.5433676948987882,8.64
2026-10-14 05:53:57,23.548210951874136,23.49050856782833,27.317727317816036,41.94,10.79015390975794,10.622686759636183,3.8132934792547677,19.165,4.880252675730965,4.897554624719891,0.5433676948987882,8.64
2026-10-14 06:08:57,23.548210951874136,23.49050856782833,27.317727317816036,41.94,10.79015390975794,10.622686759636183,3.8132934792547677,19.165,4.880252675730965,4.897554624719891,0.5433676948987882,8.64
2026-10-14 06:23:57,23.548210951874136,23.49050856782833,27.317727317816036,41.94,10.79015390975794,10.622686759636183,3.8132934792547677,19.165,4.880252675730965,4.897554624719891,0.5433676948987882,8.64
2026-10-14 06:38:57,23.59979896464014,23.540896221614364,27.380421837456332,42.035,10.834806339460608,10.678877482836732,3.8270067159506915,19.245,4.895305532710086,4.917425377802065,0.5447565184781352,8.665
2026-10-14 06:53:57,23.681838208218647,23.61785866297715,27.44832071007571,42.165,10.867707934708985,10.70332111333715,3.8340814938256624,19.29,4.898962389304388,4.924990712202568,0.5453982421285282,8.675
2026-10-14 07:08:57,23.758661050866273,23.689729499619453,27.54257115042212,42.305,10.918798237883841,10.75491046645053,3.852813020072324,19.37,4.916912355660853,4.945628319258926,0.547998769869959,8.71
2026-10-14 07:23:57,23.808643197903628,23.73493987573178,27.597397624231974,42.395,10.947631568615135,10.776997872101846,3.860974230871703,19.41,4.931793727755411,4.955924461174347,0.5489407817220654,8.73
2026-10-14 07:38:57,23.87759412801715,23.789893661872334,27.661367741015358,42.5,10.980045915742334,10.803419629561695,3.871955036754048,19.465,4.949420188458576,4.976851869464348,0.5509903438047301,8.76
2026-10-14 07:53:57,23.883031408391943,23.797248415475355,27.66935323852898,42.51,10.980045915742334,10.803419629561695,3.871955036754048,19.465,4.949420188458576,4.976851869464348,0.5509903438047301,8.76
2026-10-14 08:08:57,23.883031408391943,23.797248415475355,27.66935323852898,42.51,10.980045915742334,10.803419629561695,3.871955036754048,19.465,4.949420188458576,4.976851869464348,0.5509903438047301,8.76
2026-10-14 08:23:57,23.883031408391943,23.797248415475355,27.66935323852898,42.51,10.980045915742334,10.803419629561695,3.871955036754048,19.465,4.949420188458576,4.976851869464348,0.5509903438047301,8.76
2026-10-14 08:38:57,23.883031408391943,23.797248415475355,27.66935323852898,42.51,10.980045915742334,10.803419629561695,3.871955036754048,19.465,4.949420188458576,4.976851869464348,0.5509903438047301,8.76
2026-10-14 08:53:57,23.883031408391943,23.797248415475355,27.66935323852898,42.51,10.980045915742334,10.803419629561695,3.871955036754048,19.465,4.949420188458576,4.976851869464348,0.5509903438047301,8.76
2026-10-14 09:08:57,23.883031408391943,23.797248415475355,27.66935323852898,42.51,10.980045915742334,10.803419629561695,3.871955036754048,19.465,4.949420188458576,4.976851869464348,0.5509903438047301,8.76
2026-10-14 09:23:57,23.93269716775194,23.844523639036225,27.72815648548222,42.61,11.047191109661565,10.876847717874165,3.894602684362284,19.585,4.96819542733206,4.987803979813522,0.5530070779127854,8.79
2026-10-14 09:38:57,24.063922272594997,23.967847850960084,27.89497130785687,42.845,11.102775570261617,10.926343243662831,3.912486250018856,19.68,4.994745574108087,5.015050903072183,0.5563584428244026,8.84
2026-10-14 09:53:57,24.063922272594997,23.967847850960084,27.89497130785687,42.845,11.102775570261617,10.926343243662831,3.912486250018856,19.68,4.994745574108087,5.015050903072183,0.5563584428244026,8.84
2026-10-14 10:08:57,24.26028524981259,24.16870167764018,28.12115767924686,43.195,11.178899054513668,11.002225007542007,3.9365489763512143,19.8,5.037854950316685,5.0646040565017945,0.5607491607299889,8.92
2026-10-14 10:23:57,24.26028524981259,24.16870167764018,28.12115767924686,43.195,11.178899054513668,11.002225007542007,3.9365489763512143,19.8,5.037854950316685,5.0646040565017945,0.5607491607299889,8.92
2026-10-14 10:38:57,24.26028524981259,24.16870167764018,28.12115767924686,43.195,11.178899054513668,11.002225007542007,3.9365489763512143,19.8,5.037854950316685,5.0646040565017945,0.5607491607299889,8.92
2026-10-14 10:53:57,24.290762022030286,24.20119431907651,28.157729998710682,43.245,11.202173531794783,11.027701819994933,3.945184368905533,19.84,5.046715841651128,5.073113871756311,0.5616047756455329,8.935
2026-10-14 11:08:57,24.344381530049162,24.244375864880993,28.215241658761006,43.335,11.219635915190976,11.050656108394849,3.952695036617591,19.87,5.046715841651128,5.073113871756311,0.5616047756455329,8.935
2026-10-14 11:23:57,24.344381530049162,24.244375864880993,28.215241658761006,43.335,11.219635915190976,11.050656108394849,3.952695036617591,19.87,5.046715841651128,5.073113871756311,0.5616047756455329,8.935
2026-10-14 11:38:57,24.344381530049162,24.244375864880993,28.215241658761006,43.335,11.219635915190976,11.050656108394849,3.952695036617591,19.87,5.046715841651128,5.073113871756311,0.5616047756455329,8.935
2026-10-14 11:53:57,24.344381530049162,24.244375864880993,28.215241658761006,43.335,11.219635915190976,11.050656108394849,3.952695036617591,19.87,5.046715841651128,5.073113871756311,0.5616047756455329,8.935
2026-10-14 12:08:57,24.344381530049162,24.244375864880993,28.215241658761006,43.335,11.219635915190976,11.050656108394849,3.952695036617591,19.87,5.046715841651128,5.073113871756311,0.5616047756455329,8.935
2026-10-14 12:23:57,24.344381530049162,24.244375864880993,28.215241658761006,43.335,11.219635915190976,11.050656108394849,3.952695036617591,19.87,5.046715841651128,5.073113871756311,0.5616047756455329,8.935
2026-10-14 12:38:57,24.42515893878487,24.314850249436823,28.299474788632377,43.47,11.253923567770071,11.083954915373711,3.96473932843378,19.925,5.058003200188819,5.085507762749266,0.5632042810460535,8.96
2026-10-14 12:53:57,24.437764219140725,24.33253538057223,28.3163050243105,43.5,11.264759893832489,11.08959377655357,3.967825965625718,19.94,5.058003200188819,5.085507762749266,0.5632042810460535,8.96
2026-10-14 13:08:57,24.47689663413995,24.377483368343814,28.366471734690727,43.575,11.274028329456849,11.098893087509795,3.9710856660965366,19.955,5.063303497866625,5.0908601081842235,0.5639601957185782,8.97
2026-10-14 13:23:57,24.500275171218735,24.411844650780008,28.394443956073506,43.62,11.28223062256029,11.10799189525779,3.9727805221500883,19.965,5.063303497866625,5.0908601081842235,0.5639601957185782,8.97
2026-10-14 13:38:57,24.500275171218735,24.411844650780008,28.394443956073506,43.62,11.28223062256029,11.10799189525779,3.9727805221500883,19.965,5.063303497866625,5.0908601081842235,0.5639601957185782,8.97
2026-10-14 13:53:57,24.52056441036107,24.434226720641945,28.423500577614483,43.66,11.287460630089713,11.113304791142909,3.9752294077009527,19.975,5.068367624086654,5.09736828833068,0.5643990231755579,8.98
2026-10-14 14:08:57,24.52056441036107,24.434226720641945,28.423500577614483,43.66,11.287460630089713,11.113304791142909,3.9752294077009527,19.975,5.068367624086654,5.09736828833068,0.5643990231755579,8.98
2026-10-14 14:23:57,24.526920212826166,24.44058833665033,28.434242251123663,43.675,11.297753414219718,11.122836145539798,3.9787475442323115,19.99,5.072920686972619,5.098581121382778,0.5646857095561485,8.985
2026-10-14 14:38:57,24.538303725138455,24.452454220105714,28.453957850654295,43.7,11.301184810489218,11.127719839543644,3.9810943884895433,20.0,5.077221040818613,5.100547737408303,0.5649813091166789,8.99
2026-10-14 14:53:57,24.55127557946387,24.468450149280866,28.47066829210435,43.725,11.308767369081396,11.135352500020357,3.9828219021930127,20.01,5.078806081266824,5.103985428527109,0.5651780134728658,8.995
2026-10-14 15:08:57,24.55127557946387,24.468450149280866,28.47066829210435,43.725,11.308767369081396,11.135352500020357,3.9828219021930127,20.01,5.078806081266824,5.103985428527109,0.5651780134728658,8.995
2026-10-14 15:23:57,24.56703960903678,24.494334016575962,28.494797904708207,43.76,11.320165315061166,11.148615673805708,3.9863538698468783,20.03,5.089909694490171,5.114335045082093,0.5666209146244211,9.015
2026-10-14 15:38:57,24.608706283256403,24.536133896798365,28.5375824233032,43.83,11.33208652939598,11.159179287649406,3.989741149321298,20.045,5.097410134155144,5.119921795868545,0.5674198885153966,9.025
2026-10-14 15:53:57,24.608706283256403,24.536133896798365,28.5375824233032,43.83,11.33208652939598,11.159179287649406,3.989741149321298,20.045,5.097410134155144,5.119921795868545,0.5674198885153966,9.025
2026-10-14 16:08:57,24.648979994621094,24.57823776684765,28.575893823849206,43.895,11.349124410121423,11.171062041760658,3.994348863600622,20.07,5.105859730976888,5.130885586840803,0.568807003304843,9.045
2026-10-14 16:23:57,24.648979994621094,24.57823776684765,28.575893823849206,43.895,11.349124410121423,11.171062041760658,3.994348863600622,20.07,5.105859730976888,5.130885586840803,0.568807003304843,9.045
2026-10-14 16:38:57,24.648979994621094,24.57823776684765,28.575893823849206,43.895,11.349124410121423,11.171062041760658,3.994348863600622,20.07,5.105859730976888,5.130885586840803,0.568807003304843,9.045
2026-10-14 16:53:57,24.648979994621094,24.57823776684765,28.575893823849206,43.895,11.349124410121423,11.171062041760658,3.994348863600622,20.07,5.105859730976888,5.130885586840803,0.568807003304843,9.045
2026-10-14 17:08:57,24.648979994621094,24.57823776684765,28.575893823849206,43.895,11.349124410121423,11.171062041760658,3.994348863600622,20.07,5.105859730976888,5.130885586840803,0.568807003304843,9.045
2026-10-14 17:23:57,24.648979994621094,24.57823776684765,28.575893823849206,43.895,11.349124410121423,11.171062041760658,3.994348863600622,20.07,5.105859730976888,5.130885586840803,0.568807003304843,9.045
2026-10-14 17:38:57,24.683588158961054,24.608654988072495,28.61600149813128,43.955,11.36671792768379,11.192022731669098,4.001006728904754,20.105,5.105859730976888,5.130885586840803,0.568807003304843,9.045
2026-10-14 17:53:57,24.684785213993848,24.611738478754972,28.618118180362405,43.96,11.36671792768379,11.192022731669098,4.001006728904754,20.105,5.105859730976888,5.130885586840803,0.568807003304843,9.045
2026-10-14 18:08:57,24.684785213993848,24.611738478754972,28.618118180362405,43.96,11.36671792768379,11.192022731669098,4.001006728904754,20.105,5.105859730976888,5.130885586840803,0.568807003304843,9.045
2026-10-14 18:23:57,24.684785213993848,24.611738478754972,28.618118180362405,43.96,11.36671792768379,11.192022731669098,4.001006728904754,20.105,5.105859730976888,5.130885586840803,0.568807003304843,9.045
2026-10-14 18:38:57,24.684785213993848,24.611738478754972,28.618118180362405,43.96,11.36671792768379,11.192022731669098,4.001006728904754,20.105,5.105859730976888,5.130885586840803,0.568807003304843,9.045
2026-10-14 18:53:57,24.684785213993848,24.611738478754972,28.618118180362405,43.96,11.36671792768379,11.192022731669098,4.001006728904754,20.105,5.105859730976888,5.130885586840803,0.568807003304843,9.045
2026-10-14 19:08:57,24.722893650045812,24.654979125028706,28.670603859089592,44.035,11.395281428842232,11.227057999976543,4.011375892115632,20.165,5.113290245523623,5.139353386479636,0.5704274021882683,9.065
2026-10-14 19:23:57,24.876495305193565,24.809353152518973,28.859747753225978,44.315,11.4812663053771,11.314340433549326,4.036150290029986,20.305,5.1408762475849725,5.171025138218014,0.5731736885688696,9.115
2026-10-14 19:38:57,24.876495305193565,24.809353152518973,28.859747753225978,44.315,11.4812663053771,11.314340433549326,4.036150290029986,20.305,5.1408762475849725,5.171025138218014,0.5731736885688696,9.115
2026-10-14 19:53:57,24.876495305193565,24.809353152518973,28.859747753225978,44.315,11.4812663053771,11.314340433549326,4.036150290029986,20.305,5.1408762475849725,5.171025138218014,0.5731736885688696,9.115
2026-10-14 20:08:57,24.876495305193565,24.809353152518973,28.859747753225978,44.315,11.4812663053771,11.314340433549326,4.036150290029986,20.305,5.1408762475849725,5.171025138218014,0.5731736885688696,9.115
2026-10-14 20:23:57,25.105585637844392,25.048793742274956,29.117102559883588,44.73,11.635515329338624,11.468494684996001,4.091951686947776,20.57,5.201718607646906,5.2303031777463715,0.5799208348342867,9.225
2026-10-14 20:38:57,25.30921783160416,25.23202233007719,29.346957127965243,45.085,11.727710745670533,11.563803421993505,4.121139926150191,20.72,5.224048887948589,5.247048811403303,0.5828782106268721,9.27
2026-10-14 20:53:57,25.4119079857574,25.330757473838023,29.464069955424705,45.265,11.793053578590621,11.637127229836691,4.143500602571594,20.83,5.241808851221324,5.27086194206606,0.5858883391443993,9.31
2026-10-14 21:08:57,25.48348658437343,25.410949031134063,29.55306905855126,45.41,11.840280641747825,11.690703292569928,4.161837982685031,20.92,5.263973114626229,5.294640415572058,0.5881759375612778,9.35
2026-10-14 21:23:57,25.829573015253956,25.75888236213498,29.957443759355925,46.025,12.033912054990438,11.893997507296696,4.230346390483146,21.25,5.312684637935899,5.352351990139807,0.5943269717097275,9.45
2026-10-14 21:38:57,26.38990435780819,26.292197335457207,30.58397714591856,47.0,12.234849026968256,12.090048279674704,4.299344078832914,21.59,5.3796653920008755,5.445725022473326,0.6033327558822251,9.595
2026-10-14 21:53:57,26.58343643793888,26.47761776126885,30.80346861144856,47.325,12.322624172040841,12.183977331080705,4.327280474130464,21.745,5.413825715158599,5.470941297337662,0.6067920103170632,9.65
2026-10-14 22:08:57,26.799381127130037,26.681333242922797,31.041316875463526,47.695,12.42830219739282,12.29556196590184,4.367661789068139,21.94,5.446331220914978,5.501514845074393,0.610924307490256,9.705
2026-10-14 22:23:57,26.984417112374256,26.87550550832141,31.281901072492694,48.04,12.530190445215931,12.401935301981817,4.407421912005704,22.14,5.477770057424624,5.529022485240829,0.6142315913980705,9.755
2026-10-14 22:38:57,27.08396885570421,26.973814129703747,31.39410469297075,48.21,12.583808275247764,12.457339158734072,4.427232548307327,22.23,5.4950998482827185,5.544956991557138,0.6160262540162821,9.785
2026-10-14 22:53:57,27.18293040668103,27.072931263970123,31.500171133501407,48.385,12.644419608341943,12.507149989702219,4.444525384711001,22.325,5.512777275742877,5.562374214951118,0.6176828303509758,9.815
2026-10-14 23:08:57,27.404726576913067,27.2848977769417,31.76201433428544,48.765,12.760297410767315,12.631791010350018,4.488023541428407,22.535,5.565869525240997,5.617133906379785,0.6239942712802307,9.915
2026-10-14 23:23:57,27.501060670958378,27.398542253015986,31.877334930684157,48.945,12.799450663955145,12.669163283499294,4.503494742372187,22.61,5.58931902752672,5.6400334530845155,0.6267053902022852,9.96
2026-10-14 23:38:57,27.503332983448004,27.401370158396723,31.88216815448198,48.95,12.799450663955145,12.669163283499294,4.503494742372187,22.61,5.58931902752672,5.6400334530845155,0.6267053902022852,9.96
2026-10-14 23:53:57,27.560422449494627,27.458369324526764,31.939677722930984,49.05,12.821566697715154,12.687041926932311,4.509696537986267,22.645,5.597550702914177,5.645257804852983,0.6278308155590311,9.98
2026-10-15 00:08:57,27.560422449494627,27.458369324526764,31.939677722930984,49.05,12.821566697715154,12.687041926932311,4.509696537986267,22.645,5.597550702914177,5.645257804852983,0.6278308155590311,9.98
2026-10-15 00:23:57,27.712240713769912,27.611736773139107,32.1197642545751,49.33,12.900617884441234,12.766235058183154,4.537920191423795,22.785,5.620344100821174,5.663738846774371,0.629998252658429,10.025
2026-10-15 00:38:57,27.712240713769912,27.611736773139107,32.1197642545751,49.33,12.900617884441234,12.766235058183154,4.537920191423795,22.785,5.620344100821174,5.663738846774371,0.629998252658429,10.025
2026-10-15 00:53:57,27.712240713769912,27.611736773139107,32.1197642545751,49.33,12.900617884441234,12.766235058183154,4.537920191423795,22.785,5.620344100821174,5.663738846774371,0.629998252658429,10.025
2026-10-15 01:08:57,27.712240713769912,27.611736773139107,32.1197642545751,49.33,12.900617884441234,12.766235058183154,4.537920191423795,22.785,5.620344100821174,5.663738846774371,0.629998252658429,10.025
2026-10-15 01:23:57,27.71544108382051,27.61252210813038,32.12251633140412,49.335,12.900617884441234,12.766235058183154,4.537920191423795,22.785,5.620344100821174,5.663738846774371,0.629998252658429,10.025
2026-10-15 01:38:57,27.71544108382051,27.61252210813038,32.12251633140412,49.335,12.900617884441234,12.766235058183154,4.537920191423795,22.785,5.620344100821174,5.663738846774371,0.629998252658429,10.025
2026-10-15 01:53:57,27.71544108382051,27.61252210813038,32.12251633140412,49.335,12.900617884441234,12.766235058183154,4.537920191423795,22.785,5.620344100821174,5.663738846774371,0.629998252658429,10.025
2026-10-15 02:08:57,27.71544108382051,27.61252210813038,32.12251633140412,49.335,12.902233149710506,12.769739581838179,4.538926131010893,22.79,5.620344100821174,5.663738846774371,0.629998252658429,10.025
2026-10-15 02:23:57,27.71544108382051,27.61252210813038,32.12251633140412,49.335,12.902233149710506,12.769739581838179,4.538926131010893,22.79,5.620344100821174,5.663738846774371,0.629998252658429,10.025
2026-10-15 02:38:57,27.71544108382051,27.61252210813038,32.12251633140412,49.335,12.902233149710506,12.769739581838179,4.538926131010893,22.79,5.6215006262193326,5.666047680697495,0.630467730198951,10.03
2026-10-15 02:53:57,27.71544108382051,27.61252210813038,32.12251633140412,49.335,12.902233149710506,12.769739581838179,4.538926131010893,22.79,5.6215006262193326,5.666047680697495,0.630467730198951,10.03
2026-10-15 03:08:57,27.71544108382051,27.61252210813038,32.12251633140412,49.335,12.902233149710506,12.769739581838179,4.538926131010893,22.79,5.6215006262193326,5.666047680697495,0.630467730198951,10.03
2026-10-15 03:23:57,27.71544108382051,27.61252210813038,32.12251633140412,49.335,12.902233149710506,12.769739581838179,4.538926131010893,22.79,5.6215006262193326,5.666047680697495,0.630467730198951,10.03
2026-10-15 03:38:57,27.71544108382051,27.61252210813038,32.12251633140412,49.335,12.902233149710506,12.769739581838179,4.538926131010893,22.79,5.6215006262193326,5.666047680697495,0.630467730198951,10.03
2026-10-15 03:53:57,27.71544108382051,27.61252210813038,32.12251633140412,49.335,12.902233149710506,12.769739581838179,4.538926131010893,22.79,5.6215006262193326,5.666047680697495,0.630467730198951,10.03
2026-10-15 04:08:57,27.71544108382051,27.61252210813038,32.12251633140412,49.335,12.902233149710506,12.769739581838179,4.538926131010893,22.79,5.623870679006273,5.669291779340107,0.6308762450669875,10.035
2026-10-15 04:23:57,27.71544108382051,27.61252210813038,32.12251633140412,49.335,12.902233149710506,12.769739581838179,4.538926131010893,22.79,5.623870679006273,5.669291779340107,0.6308762450669875,10.035
2026-10-15 04:38:57,27.71544108382051,27.61252210813038,32.12251633140412,49.335,12.902233149710506,12.769739581838179,4.538926131010893,22.79,5.623870679006273,5.669291779340107,0.6308762450669875,10.035
2026-10-15 04:53:57,27.7194559295307,27.613349213576384,32.12659143650903,49.34,12.902233149710506,12.769739581838179,4.538926131010893,22.79,5.623870679006273,5.669291779340107,0.6308762450669875,10.035
2026-10-15 05:08:57,27.7194559295307,27.613349213576384,32.12659143650903,49.34,12.902233149710506,12.769739581838179,4.538926131010893,22.79,5.623870679006273,5.669291779340107,0.6308762450669875,10.035
2026-10-15 05:23:57,27.72023539579227,27.617645946273612,32.128428654344724,49.345,12.902233149710506,12.769739581838179,4.538926131010893,22.79,5.623870679006273,5.669291779340107,0.6308762450669875,10.035
2026-10-15 05:38:57,27.72023539579227,27.617645946273612,32.128428654344724,49.345,12.902233149710506,12.769739581838179,4.538926131010893,22.79,5.623870679006273,5.669291779340107,0.6308762450669875,10.035
2026-10-15 05:53:57,27.72023539579227,27.617645946273612,32.128428654344724,49.345,12.902233149710506,12.769739581838179,4.538926131010893,22.79,5.623870679006273,5.669291779340107,0.6308762450669875,10.035
2026-10-15 06:08:57,27.72023539579227,27.617645946273612,32.128428654344724,49.345,12.902233149710506,12.769739581838179,4.538926131010893,22.79,5.623870679006273,5.669291779340107,0.6308762450669875,10.035
2026-10-15 06:23:57,27.72023539579227,27.617645946273612,32.128428654344724,49.345,12.902233149710506,12.769739581838179,4.538926131010893,22.79,5.623870679006273,5.669291779340107,0.6308762450669875,10.035
2026-10-15 06:38:57,27.85611624101436,27.7604057286755,32.281014088746964,49.59,12.943503491463359,12.802028299375861,4.551719368379949,22.855,5.638909356846574,5.684089116384728,0.6324487273964048,10.06
2026-10-15 06:53:57,27.85611624101436,27.7604057286755,32.281014088746964,49.59,12.943503491463359,12.802028299375861,4.551719368379949,22.855,5.638909356846574,5.684089116384728,0.6324487273964048,10.06
2026-10-15 07:08:57,27.85611624101436,27.7604057286755,32.281014088746964,49.59,12.943503491463359,12.802028299375861,4.551719368379949,22.855,5.638909356846574,5.684089116384728,0.6324487273964048,10.06
2026-10-15 07:23:57,27.85611624101436,27.7604057286755,32.281014088746964,49.59,12.943503491463359,12.802028299375861,4.551719368379949,22.855,5.638909356846574,5.684089116384728,0.6324487273964048,10.06
2026-10-15 07:38:57,27.85611624101436,27.7604057286755,32.281014088746964,49.59,12.943503491463359,12.802028299375861,4.551719368379949,22.855,5.638909356846574,5.684089116384728,0.6324487273964048,10.06
2026-10-15 07:53:57,27.85611624101436,27.7604057286755,32.281014088746964,49.59,12.943503491463359,12.802028299375861,4.551719368379949,22.855,5.638909356846574,5.684089116384728,0.6324487273964048,10.06
2026-10-15 08:08:57,27.85611624101436,27.7604057286755,32.281014088746964,49.59,12.943503491463359,12.802028299375861,4.551719368379949,22.855,5.638909356846574,5.684089116384728,0.6324487273964048,10.06
2026-10-15 08:23:57,27.85611624101436,27.7604057286755,32.281014088746964,49.59,12.943503491463359,12.802028299375861,4.551719368379949,22.855,5.638909356846574,5.684089116384728,0.6324487273964048,10.06
2026-10-15 08:38:57,27.857013763427474,27.76397499234806,32.282705795389,49.595,12.943503491463359,12.802028299375861,4.551719368379949,22.855,5.638909356846574,5.684089116384728,0.6324487273964048,10.06
2026-10-15 08:53:57,27.857013763427474,27.76397499234806,32.282705795389,49.595,12.943503491463359,12.802028299375861,4.551719368379949,22.855,5.638909356846574,5.684089116384728,0.6324487273964048,10.06
2026-10-15 09:08:57,27.857013763427474,27.76397499234806,32.282705795389,49.595,12.943503491463359,12.802028299375861,4.551719368379949,22.855,5.638909356846574,5.684089116384728,0.6324487273964048,10.06
2026-10-15 09:23:57,27.859504414960085,27.767874584849533,32.28495629108718,49.6,12.943503491463359,12.802028299375861,4.551719368379949,22.855,5.638909356846574,5.684089116384728,0.6324487273964048,10.06
2026-10-15 09:38:57,27.859504414960085,27.767874584849533,32.28495629108718,49.6,12.943503491463359,12.802028299375861,4.551719368379949,22.855,5.638909356846574,5.684089116384728,0.6324487273964048,10.06
2026-10-15 09:53:57,27.859504414960085,27.767874584849533,32.28495629108718,49.6,12.943503491463359,12.802028299375861,4.551719368379949,22.855,5.638909356846574,5.684089116384728,0.6324487273964048,10.06
2026-10-15 10:08:57,27.859504414960085,27.767874584849533,32.28495629108718,49.6,12.943503491463359,12.802028299375861,4.551719368379949,22.855,5.638909356846574,5.684089116384728,0.6324487273964048,10.06
2026-10-15 10:23:57,27.885139407613238,27.792259973302954,32.31620677347641,49.645,12.949961475726932,12.81301939179679,4.555485313939237,22.87,5.646149180836836,5.6883763817234465,0.6332719399735126,10.07
2026-10-15 10:38:57,27.885139407613238,27.792259973302954,32.31620677347641,49.645,12.949961475726932,12.81301939179679,4.555485313939237,22.87,5.646149180836836,5.6883763817234465,0.6332719399735126,10.07
2026-10-15 10:53:57,27.885139407613238,27.792259973302954,32.31620677347641,49.645,12.949961475726932,12.81301939179679,4.555485313939237,22.87,5.646149180836836,5.6883763817234465,0.6332719399735126,10.07
2026-10-15 11:08:57,27.885139407613238,27.792259973302954,32.31620677347641,49.645,12.949961475726932,12.81301939179679,4.555485313939237,22.87,5.646149180836836,5.6883763817234465,0.6332719399735126,10.07
2026-10-15 11:23:57,27.885139407613238,27.792259973302954,32.31620677347641,49.645,12.949961475726932,12.81301939179679,4.555485313939237,22.87,5.646149180836836,5.6883763817234465,0.6332719399735126,10.07
2026-10-15 11:38:57,27.885139407613238,27.792259973302954,32.31620677347641,49.645,12.949961475726932,12.81301939179679,4.555485313939237,22.87,5.646149180836836,5.6883763817234465,0.6332719399735126,10.07
2026-10-15 11:53:57,27.885139407613238,27.792259973302954,32.31620677347641,49.645,12.949961475726932,12.81301939179679,4.555485313939237,22.87,5.646149180836836,5.6883763817234465,0.6332719399735126,10.07
2026-10-15 12:08:57,27.885139407613238,27.792259973302954,32.31620677347641,49.645,12.949961475726932,12.81301939179679,4.555485313939237,22.87,5.646149180836836,5.6883763817234465,0.6332719399735126,10.07
2026-10-15 12:23:57,27.885139407613238,27.792259973302954,32.31620677347641,49.645,12.949961475726932,12.81301939179679,4.555485313939237,22.87,5.646149180836836,5.6883763817234465,0.6332719399735126,10.07
2026-10-15 12:38:57,27.885139407613238,27.792259973302954,32.31620677347641,49.645,12.949961475726932,12.81301939179679,4.555485313939237,22.87,5.646149180836836,5.6883763817234465,0.6332719399735126,10.07
2026-10-15 12:53:57,27.885139407613238,27.792259973302954,32.31620677347641,49.645,12.949961475726932,12.81301939179679,4.555485313939237,22.87,5.646149180836836,5.6883763817234465,0.6332719399735126,10.07
2026-10-15 13:08:57,27.885139407613238,27.792259973302954,32.31620677347641,49.645,12.949961475726932,12.81301939179679,4.555485313939237,22.87,5.646149180836836,5.6883763817234465,0.6332719399735126,10.07
2026-10-15 13:23:57,27.885139407613238,27.792259973302954,32.31620677347641,49.645,12.949961475726932,12.81301939179679,4.555485313939237,22.87,5.646149180836836,5.6883763817234465,0.6332719399735126,10.07
2026-10-15 13:38:57,27.885139407613238,27.792259973302954,32.31620677347641,49.645,12.949961475726932,12.81301939179679,4.555485313939237,22.87,5.646149180836836,5.6883763817234465,0.6332719399735126,10.07
2026-10-15 13:53:57,27.903086116545996,27.814520372338855,32.341692823844916,49.685,12.958676870014553,12.820591899528521,4.558071715557352,22.885,5.647954301580492,5.689134671766461,0.633660963501372,10.075
2026-10-15 14:08:57,27.974351842402967,27.893209094467508,32.42482039071591,49.81,12.972205278885713,12.831551509825793,4.561962344434306,22.905,5.653618621212446,5.694363841806413,0.6340605791655094,10.085
2026-10-15 14:23:57,27.99105594657118,27.912987624382456,32.444142979802926,49.84,12.975116288980947,12.832421395449131,4.562648988395866,22.91,5.659029176251819,5.696696450070853,0.6347599004534137,10.095
2026-10-15 14:38:57,27.99105594657118,27.912987624382456,32.444142979802926,49.84,12.975116288980947,12.832421395449131,4.562648988395866,22.91,5.659029176251819,5.696696450070853,0.6347599004534137,10.095
2026-10-15 14:53:57,27.99105594657118,27.912987624382456,32.444142979802926,49.84,12.975116288980947,12.832421395449131,4.562648988395866,22.91,5.659029176251819,5.696696450070853,0.6347599004534137,10.095
2026-10-15 15:08:57,27.99105594657118,27.912987624382456,32.444142979802926,49.84,12.975116288980947,12.832421395449131,4.562648988395866,22.91,5.659029176251819,5.696696450070853,0.6347599004534137,10.095
2026-10-15 15:23:57,27.99105594657118,27.912987624382456,32.444142979802926,49.84,12.975116288980947,12.832421395449131,4.562648988395866,22.91,5.659029176251819,5.696696450070853,0.6347599004534137,10.095
2026-10-15 15:38:57,27.99105594657118,27.912987624382456,32.444142979802926,49.84,12.975116288980947,12.832421395449131,4.562648988395866,22.91,5.659029176251819,5.696696450070853,0.6347599004534137,10.095
2026-10-15 15:53:57,27.99105594657118,27.912987624382456,32.444142979802926,49.84,12.975116288980947,12.832421395449131,4.562648988395866,22.91,5.659029176251819,5.696696450070853,0.6347599004534137,10.095
2026-10-15 16:08:57,27.99105594657118,27.912987624382456,32.444142979802926,49.84,12.975116288980947,12.832421395449131,4.562648988395866,22.91,5.659029176251819,5.696696450070853,0.6347599004534137,10.095
2026-10-15 16:23:57,27.99105594657118,27.912987624382456,32.444142979802926,49.84,12.975116288980947,12.832421395449131,4.562648988395866,22.91,5.659029176251819,5.696696450070853,0.6347599004534137,10.095
2026-10-15 16:38:57,27.99105594657118,27.912987624382456,32.444142979802926,49.84,12.975116288980947,12.832421395449131,4.562648988395866,22.91,5.659029176251819,5.696696450070853,0.6347599004534137,10.095
2026-10-15 16:53:57,27.99105594657118,27.912987624382456,32.444142979802926,49.84,12.975116288980947,12.832421395449131,4.562648988395866,22.91,5.659029176251819,5.696696450070853,0.6347599004534137,10.095
2026-10-15 17:08:57,27.99105594657118,27.912987624382456,32.444142979802926,49.84,12.975116288980947,12.832421395449131,4.562648988395866,22.91,5.659029176251819,5.696696450070853,0.6347599004534137,10.095
2026-10-15 17:23:57,27.99105594657118,27.912987624382456,32.444142979802926,49.84,12.975116288980947,12.832421395449131,4.562648988395866,22.91,5.659029176251819,5.696696450070853,0.6347599004534137,10.095
2026-10-15 17:38:57,27.99105594657118,27.912987624382456,32.444142979802926,49.84,12.975116288980947,12.832421395449131,4.562648988395866,22.91,5.659029176251819,5.696696450070853,0.6347599004534137,10.095
2026-10-15 17:53:57,27.99105594657118,27.912987624382456,32.444142979802926,49.84,12.975116288980947,12.832421395449131,4.562648988395866,22.91,5.659029176251819,5.696696450070853,0.6347599004534137,10.095
2026-10-15 18:08:57,27.99105594657118,27.912987624382456,32.444142979802926,49.84,12.975116288980947,12.832421395449131,4.562648988395866,22.91,5.659029176251819,5.696696450070853,0.6347599004534137,10.095
2026-10-15 18:23:57,27.99105594657118,27.912987624382456,32.444142979802926,49.84,12.975116288980947,12.832421395449131,4.562648988395866,22.91,5.659029176251819,5.696696450070853,0.6347599004534137,10.095
2026-10-15 18:38:57,27.99105594657118,27.912987624382456,32.444142979802926,49.84,12.975116288980947,12.832421395449131,4.562648988395866,22.91,5.659029176251819,5.696696450070853,0.6347599004534137,10.095
2026-10-15 18:53:57,27.99105594657118,27.912987624382456,32.444142979802926,49.84,12.975116288980947,12.832421395449131,4.562648988395866,22.91,5.659029176251819,5.696696450070853,0.6347599004534137,10.095
2026-10-15 19:08:57,27.99105594657118,27.912987624382456,32.444142979802926,49.84,12.975116288980947,12.832421395449131,4.562648988395866,22.91,5.659029176251819,5.696696450070853,0.6347599004534137,10.095
2026-10-15 19:23:57,27.99105594657118,27.912987624382456,32.444142979802926,49.84,12.975116288980947,12.832421395449131,4.562648988395866,22.91,5.659029176251819,5.696696450070853,0.6347599004534137,10.095
2026-10-15 19:38:57,27.99105594657118,27.912987624382456,32.444142979802926,49.84,12.975116288980947,12.832421395449131,4.562648988395866,22.91,5.659029176251819,5.696696450070853,0.6347599004534137,10.095
2026-10-15 19:53:57,27.99105594657118,27.912987624382456,32.444142979802926,49.84,12.975116288980947,12.832421395449131,4.562648988395866,22.91,5.659029176251819,5.696696450070853,0.6347599004534137,10.095
2026-10-15 20:08:57,27.99105594657118,27.912987624382456,32.444142979802926,49.84,12.975116288980947,12.832421395449131,4.562648988395866,22.91,5.659029176251819,5.696696450070853,0.6347599004534137,10.095
2026-10-15 20:23:57,27.99105594657118,27.912987624382456,32.444142979802926,49.84,12.975116288980947,12.832421395449131,4.562648988395866,22.91,5.659029176251819,5.696696450070853,0.6347599004534137,10.095
2026-10-15 20:38:57,27.99105594657118,27.912987624382456,32.444142979802926,49.84,12.975116288980947,12.832421395449131,4.562648988395866,22.91,5.659029176251819,5.696696450070853,0.6347599004534137,10.095
2026-10-15 20:53:57,28.03297650485932,27.961204977420465,32.50967064228273,49.93,12.989834693508902,12.846496646784248,4.56654772512689,22.935,5.672887298263356,5.707232715131766,0.635923473598244,10.115
2026-10-15 21:08:57,28.12435841827551,28.050025221132064,32.61595272097635,50.095,13.033305631678704,12.89067185018218,4.580603922663876,23.005,5.699279933465468,5.730831193186833,0.6393195429337807,10.17
2026-10-15 21:23:57,28.12435841827551,28.050025221132064,32.61595272097635,50.095,13.033305631678704,12.89067185018218,4.580603922663876,23.005,5.699279933465468,5.730831193186833,0.6393195429337807,10.17
2026-10-15 21:38:57,28.12435841827551,28.050025221132064,32.61595272097635,50.095,13.033305631678704,12.89067185018218,4.580603922663876,23.005,5.699279933465468,5.730831193186833,0.6393195429337807,10.17
2026-10-15 21:53:57,28.12435841827551,28.050025221132064,32.61595272097635,50.095,13.033305631678704,12.89067185018218,4.580603922663876,23.005,5.703669513988884,5.734439362494424,0.6398165011447619,10.175
2026-10-15 22:08:57,28.127050363865393,28.05325882544636,32.62191240530034,50.105,13.037130126907293,12.892639877445543,4.5813363975866865,23.01,5.703669513988884,5.734439362494424,0.6398165011447619,10.175
2026-10-15 22:23:57,28.127050363865393,28.05325882544636,32.62191240530034,50.105,13.037130126907293,12.892639877445543,4.5813363975866865,23.01,5.703669513988884,5.734439362494424,0.6398165011447619,10.175
2026-10-15 22:38:57,28.127050363865393,28.05325882544636,32.62191240530034,50.105,13.037130126907293,12.892639877445543,4.5813363975866865,23.01,5.703669513988884,5.734439362494424,0.6398165011447619,10.175
2026-10-15 22:53:57,28.127050363865393,28.05325882544636,32.62191240530034,50.105,13.037130126907293,12.892639877445543,4.5813363975866865,23.01,5.703669513988884,5.734439362494424,0.6398165011447619,10.175
2026-10-15 23:08:57,28.127050363865393,28.05325882544636,32.62191240530034,50.105,13.037130126907293,12.892639877445543,4.5813363975866865,23.01,5.703669513988884,5.734439362494424,0.6398165011447619,10.175
2026-10-15 23:23:57,28.127050363865393,28.05325882544636,32.62191240530034,50.105,13.037130126907293,12.892639877445543,4.5813363975866865,23.01,5.703669513988884,5.734439362494424,0.6398165011447619,10.175
2026-10-15 23:38:57,28.127050363865393,28.05325882544636,32.62191240530034,50.105,13.037130126907293,12.892639877445543,4.5813363975866865,23.01,5.703669513988884,5.734439362494424,0.6398165011447619,10.175
2026-10-15 23:53:57,28.127050363865393,28.05325882544636,32.62191240530034,50.105,13.037130126907293,12.892639877445543,4.5813363975866865,23.01,5.703669513988884,5.734439362494424,0.6398165011447619,10.175
2026-10-16 00:08:57,28.127050363865393,28.05325882544636,32.62191240530034,50.105,13.037130126907293,12.892639877445543,4.5813363975866865,23.01,5.703669513988884,5.734439362494424,0.6398165011447619,10.175
2026-10-16 00:23:57,28.127050363865393,28.05325882544636,32.62191240530034,50.105,13.037130126907293,12.892639877445543,4.5813363975866865,23.01,5.703669513988884,5.734439362494424,0.6398165011447619,10.175
2026-10-16 00:38:57,28.127050363865393,28.05325882544636,32.62191240530034,50.105,13.037130126907293,12.892639877445543,4.5813363975866865,23.01,5.703669513988884,5.734439362494424,0.6398165011447619,10.175
2026-10-16 00:53:57,28.127050363865393,28.05325882544636,32.62191240530034,50.105,13.037130126907293,12.892639877445543,4.5813363975866865,23.01,5.703669513988884,5.734439362494424,0.6398165011447619,10.175
2026-10-16 01:08:57,28.127050363865393,28.05325882544636,32.62191240530034,50.105,13.037130126907293,12.892639877445543,4.5813363975866865,23.01,5.703669513988884,5.734439362494424,0.6398165011447619,10.175
2026-10-16 01:23:57,28.130163577292485,28.057906639664946,32.625801418809445,50.11,13.037130126907293,12.892639877445543,4.5813363975866865,23.01,5.703669513988884,5.734439362494424,0.6398165011447619,10.175
2026-10-16 01:38:57,28.35788645527866,28.281468046988568,32.89160545683249,50.515,13.166756270498194,13.021881411344323,4.629975962330715,23.245,5.793828343338819,5.806579104689007,0.6500255136799518,10.33
2026-10-16 01:53:57,28.666678024180328,28.61499168960447,33.28962368289682,51.12,13.36310548400994,13.220336406157559,4.692906487846822,23.575,5.879867422137103,5.8894583046457445,0.6594378433794136,10.48
2026-10-16 02:08:57,28.70522977008598,28.649065932980044,33.33191928128351,51.18,13.375733724771074,13.232595951110568,4.697418993549065,23.605,5.887698903404456,5.897067574991105,0.6603496208365602,10.49
2026-10-16 02:23:57,28.709592955157763,28.653691098173375,33.33555908810069,51.185,13.375733724771074,13.232595951110568,4.697418993549065,23.605,5.887698903404456,5.897067574991105,0.6603496208365602,10.49
2026-10-16 02:38:57,28.709592955157763,28.653691098173375,33.33555908810069,51.185,13.375733724771074,13.232595951110568,4.697418993549065,23.605,5.887698903404456,5.897067574991105,0.6603496208365602,10.49
2026-10-16 02:53:57,28.82476908882066,28.77041804465263,33.45783244845918,51.38,13.436437048330584,13.29047411840263,4.71871753701282,23.71,5.905703724760504,5.917419803983766,0.6630047123360088,10.525
2026-10-16 03:08:57,28.82476908882066,28.77041804465263,33.45783244845918,51.38,13.436437048330584,13.29047411840263,4.71871753701282,23.71,5.905703724760504,5.917419803983766,0.6630047123360088,10.525
2026-10-16 03:23:57,28.82476908882066,28.77041804465263,33.45783244845918,51.38,13.436437048330584,13.29047411840263,4.71871753701282,23.71,5.905703724760504,5.917419803983766,0.6630047123360088,10.525
2026-10-16 03:38:57,28.82476908882066,28.77041804465263,33.45783244845918,51.38,13.436437048330584,13.29047411840263,4.71871753701282,23.71,5.905703724760504,5.917419803983766,0.6630047123360088,10.525
2026-10-16 03:53:57,28.828184572199312,28.774078258996678,33.45967753370911,51.385,13.436437048330584,13.29047411840263,4.71871753701282,23.71,5.905703724760504,5.917419803983766,0.6630047123360088,10.525
2026-10-16 04:08:57,28.828184572199312,28.774078258996678,33.45967753370911,51.385,13.436437048330584,13.29047411840263,4.71871753701282,23.71,5.905703724760504,5.917419803983766,0.6630047123360088,10.525
2026-10-16 04:23:57,28.828184572199312,28.774078258996678,33.45967753370911,51.385,13.436437048330584,13.29047411840263,4.71871753701282,23.71,5.905703724760504,5.917419803983766,0.6630047123360088,10.525
2026-10-16 04:38:57,28.828184572199312,28.774078258996678,33.45967753370911,51.385,13.436437048330584,13.29047411840263,4.71871753701282,23.71,5.905703724760504,5.917419803983766,0.6630047123360088,10.525
2026-10-16 04:53:57,28.828184572199312,28.774078258996678,33.45967753370911,51.385,13.440341191881455,13.291965489191613,4.719581331409368,23.715,5.905703724760504,5.917419803983766,0.6630047123360088,10.525
2026-10-16 05:08:57,28.828184572199312,28.774078258996678,33.45967753370911,51.385,13.440341191881455,13.291965489191613,4.719581331409368,23.715,5.905703724760504,5.917419803983766,0.6630047123360088,10.525
2026-10-16 05:23:57,28.828184572199312,28.774078258996678,33.45967753370911,51.385,13.440341191881455,13.291965489191613,4.719581331409368,23.715,5.905703724760504,5.917419803983766,0.6630047123360088,10.525
2026-10-16 05:38:57,28.828184572199312,28.774078258996678,33.45967753370911,51.385,13.440341191881455,13.291965489191613,4.719581331409368,23.715,5.905703724760504,5.917419803983766,0.6630047123360088,10.525
2026-10-16 05:53:57,28.828184572199312,28.774078258996678,33.45967753370911,51.385,13.440341191881455,13.291965489191613,4.719581331409368,23.715,5.905703724760504,5.917419803983766,0.6630047123360088,10.525
2026-10-16 06:08:57,28.828184572199312,28.774078258996678,33.45967753370911,51.385,13.440341191881455,13.291965489191613,4.719581331409368,23.715,5.905703724760504,5.917419803983766,0.6630047123360088,10.525
2026-10-16 06:23:57,28.828184572199312,28.774078258996678,33.45967753370911,51.385,13.440341191881455,13.291965489191613,4.719581331409368,23.715,5.905703724760504,5.917419803983766,0.6630047123360088,10.525
2026-10-16 06:38:57,28.828184572199312,28.774078258996678,33.45967753370911,51.385,13.440341191881455,13.291965489191613,4.719581331409368,23.715,5.905703724760504,5.917419803983766,0.6630047123360088,10.525
2026-10-16 06:53:57,28.828184572199312,28.774078258996678,33.45967753370911,51.385,13.440341191881455,13.291965489191613,4.719581331409368,23.715,5.905703724760504,5.917419803983766,0.6630047123360088,10.525
2026-10-16 07:08:57,28.828184572199312,28.774078258996678,33.45967753370911,51.385,13.440341191881455,13.291965489191613,4.719581331409368,23.715,5.905703724760504,5.917419803983766,0.6630047123360088,10.525
2026-10-16 07:23:57,28.971753124781088,28.90596437760563,33.6156004129996,51.64,13.492794952671279,13.35729375081952,4.742357627941245,23.82,5.938253763903851,5.948046901681798,0.6663176886536636,10.585
2026-10-16 07:38:57,28.971753124781088,28.90596437760563,33.6156004129996,51.64,13.492794952671279,13.35729375081952,4.742357627941245,23.82,5.938253763903851,5.948046901681798,0.6663176886536636,10.585
2026-10-16 07:53:57,28.97405936186432,28.911971237030922,33.621701132848706,51.65,13.492794952671279,13.35729375081952,4.742357627941245,23.82,5.938253763903851,5.948046901681798,0.6663176886536636,10.585
2026-10-16 08:08:57,28.97405936186432,28.911971237030922,33.621701132848706,51.65,13.492794952671279,13.35729375081952,4.742357627941245,23.82,5.938253763903851,5.948046901681798,0.6663176886536636,10.585
2026-10-16 08:23:57,28.97405936186432,28.911971237030922,33.621701132848706,51.65,13.492794952671279,13.35729375081952,4.742357627941245,23.82,5.938253763903851,5.948046901681798,0.6663176886536636,10.585
2026-10-16 08:38:57,28.977705280428495,28.912954386031636,33.626225641123,51.655,13.493978066559837,13.360573523115626,4.7435392098958555,23.825,5.938253763903851,5.948046901681798,0.6663176886536636,10.585
2026-10-16 08:53:57,28.977705280428495,28.912954386031636,33.626225641123,51.655,13.493978066559837,13.360573523115626,4.7435392098958555,23.825,5.938253763903851,5.948046901681798,0.6663176886536636,10.585
2026-10-16 09:08:57,28.977705280428495,28.912954386031636,33.626225641123,51.655,13.493978066559837,13.360573523115626,4.7435392098958555,23.825,5.9431775780513405,5.950814163020659,0.666735098479615,10.59
2026-10-16 09:23:57,28.977705280428495,28.912954386031636,33.626225641123,51.655,13.493978066559837,13.360573523115626,4.7435392098958555,23.825,5.9431775780513405,5.950814163020659,0.666735098479615,10.59
2026-10-16 09:38:57,28.977705280428495,28.912954386031636,33.626225641123,51.655,13.498035062815807,13.364957333952477,4.744314228345371,23.83,5.9431775780513405,5.950814163020659,0.666735098479615,10.59
2026-10-16 09:53:57,28.977705280428495,28.912954386031636,33.626225641123,51.655,13.498035062815807,13.364957333952477,4.744314228345371,23.83,5.9431775780513405,5.950814163020659,0.666735098479615,10.59
2026-10-16 10:08:57,29.06092485188938,28.998216337631675,33.72783088555881,51.805,13.536927990921335,13.405110266673752,4.757101167362429,23.89,5.950489903250749,5.956541676762437,0.6673587276691278,10.6
2026-10-16 10:23:57,29.08728030508658,29.022189509989442,33.75872693405822,51.85,13.550768139095542,13.426291134670498,4.765133369586843,23.925,5.954902027863214,5.9600917732690295,0.6677415251911072,10.605
2026-10-16 10:38:57,29.08728030508658,29.022189509989442,33.75872693405822,51.85,13.550768139095542,13.426291134670498,4.765133369586843,23.925,5.954902027863214,5.9600917732690295,0.6677415251911072,10.605
2026-10-16 10:53:57,29.088406165623645,29.024045886631818,33.762794016464234,51.855,13.550768139095542,13.426291134670498,4.765133369586843,23.925,5.954902027863214,5.9600917732690295,0.6677415251911072,10.605
2026-10-16 11:08:57,29.088406165623645,29.024045886631818,33.762794016464234,51.855,13.550768139095542,13.426291134670498,4.765133369586843,23.925,5.954902027863214,5.9600917732690295,0.6677415251911072,10.605
2026-10-16 11:23:57,29.088406165623645,29.024045886631818,33.762794016464234,51.855,13.550768139095542,13.426291134670498,4.765133369586843,23.925,5.954902027863214,5.9600917732690295,0.6677415251911072,10.605
2026-10-16 11:38:57,29.088406165623645,29.024045886631818,33.762794016464234,51.855,13.550768139095542,13.426291134670498,4.765133369586843,23.925,5.954902027863214,5.9600917732690295,0.6677415251911072,10.605
2026-10-16 11:53:57,29.14983784528288,29.08178057966432,33.82348314595617,51.96,13.558784208674606,13.435537236855163,4.767313763640412,23.94,5.954902027863214,5.9600917732690295,0.6677415251911072,10.605
2026-10-16 12:08:57,29.14983784528288,29.08178057966432,33.82348314595617,51.96,13.558784208674606,13.435537236855163,4.767313763640412,23.94,5.954902027863214,5.9600917732690295,0.6677415251911072,10.605
2026-10-16 12:23:57,29.14983784528288,29.08178057966432,33.82348314595617,51.96,13.558784208674606,13.435537236855163,4.767313763640412,23.94,5.954902027863214,5.9600917732690295,0.6677415251911072,10.605
2026-10-16 12:38:57,29.160534513705326,29.09538352311262,33.837077040080416,51.98,13.559864775304945,13.436739937770083,4.768609542147734,23.945,5.961518364243633,5.965854808572915,0.6682787545844405,10.615
2026-10-16 12:53:57,29.218839670739513,29.165768435405187,33.91945639209097,52.095,13.578672565128771,13.453301188206211,4.776136344233498,23.98,5.971137966589398,5.973822663388271,0.6687322390023812,10.625
2026-10-16 13:08:57,29.265634078271628,29.212408941490775,33.974214570274405,52.175,13.617028548825553,13.48712504969578,4.788923965963576,24.035,5.983527582959838,5.986271814862354,0.6696884579958643,10.64
2026-10-16 13:23:57,29.31375691846829,29.248149799376453,34.02054343832553,52.245,13.630244679400795,13.500314960601985,4.794918644682399,24.06,5.994628239972972,5.996740060816135,0.6709909640034759,10.66
2026-10-16 13:38:57,29.371644987774086,29.306193369442756,34.09536674590985,52.355,13.648765001578717,13.519407244006565,4.800763637468038,24.085,6.006950987786923,6.009771605067331,0.6722738680360676,10.685
2026-10-16 13:53:57,29.386444118501842,29.321612042682165,34.10555766823773,52.375,13.658285550820379,13.527225086443167,4.804783675666947,24.105,6.006950987786923,6.009771605067331,0.6722738680360676,10.685
2026-10-16 14:08:57,29.416335999873198,29.355313666283283,34.145246242477626,52.43,13.661210542574583,13.534265228489765,4.806923072734721,24.115,6.006950987786923,6.009771605067331,0.6722738680360676,10.685
2026-10-16 14:23:57,29.43430605352955,29.374946017486558,34.167866890431256,52.465,13.673358970366952,13.555748552729149,4.813234434224393,24.145,6.0146738739035435,6.014323053578097,0.6726172775650541,10.695
2026-10-16 14:38:57,29.45896284112797,29.397426736438863,34.20077328550595,52.51,13.678606647660049,13.561621691345572,4.81589851618207,24.155,6.0146738739035435,6.014323053578097,0.6726172775650541,10.695
2026-10-16 14:53:57,29.473975918131856,29.422522300489504,34.22619414554199,52.545,13.68793543411133,13.568773419060939,4.819337834843859,24.17,6.0146738739035435,6.014323053578097,0.6726172775650541,10.695
2026-10-16 15:08:57,29.533025388773307,29.475909804582805,34.29357134617536,52.645,13.695262298625059,13.5815087670473,4.823533842516246,24.19,6.017926240489356,6.029397921500799,0.6735224327484731,10.715
2026-10-16 15:23:57,29.54754972232331,29.491047621147136,34.31360203713059,52.675,13.703829030806572,13.591507664236982,4.825947663891442,24.205,6.017926240489356,6.029397921500799,0.6735224327484731,10.715
2026-10-16 15:38:57,29.606646393819265,29.546689921701308,34.37681381639124,52.77,13.741157390135108,13.625663567188035,4.83985635577608,24.27,6.031578774432849,6.042429251286277,0.6755434868196456,10.745
2026-10-16 15:53:57,29.606646393819265,29.546689921701308,34.37681381639124,52.77,13.741157390135108,13.625663567188035,4.83985635577608,24.27,6.031578774432849,6.042429251286277,0.6755434868196456,10.745
2026-10-16 16:08:57,29.666050063163475,29.6007319777686,34.44697102572588,52.88,13.752172613637654,13.635830136504369,4.844041538110467,24.29,6.0385683196557,6.04786094377888,0.6762945814950595,10.755
2026-10-16 16:23:57,29.666050063163475,29.6007319777686,34.44697102572588,52.88,13.752172613637654,13.635830136504369,4.844041538110467,24.29,6.0385683196557,6.04786094377888,0.6762945814950595,10.755
2026-10-16 16:38:57,29.666050063163475,29.6007319777686,34.44697102572588,52.88,13.752172613637654,13.635830136504369,4.844041538110467,24.29,6.0385683196557,6.04786094377888,0.6762945814950595,10.755
2026-10-16 16:53:57,29.666050063163475,29.6007319777686,34.44697102572588,52.88,13.752172613637654,13.635830136504369,4.844041538110467,24.29,6.0385683196557,6.04786094377888,0.6762945814950595,10.755
2026-10-16 17:08:57,29.666050063163475,29.6007319777686,34.44697102572588,52.88,13.752172613637654,13.635830136504369,4.844041538110467,24.29,6.0385683196557,6.04786094377888,0.6762945814950595,10.755
2026-10-16 17:23:57,29.666050063163475,29.6007319777686,34.44697102572588,52.88,13.752172613637654,13.635830136504369,4.844041538110467,24.29,6.0385683196557,6.04786094377888,0.6762945814950595,10.755
2026-10-16 17:38:57,29.666050063163475,29.6007319777686,34.44697102572588,52.88,13.752172613637654,13.635830136504369,4.844041538110467,24.29,6.0385683196557,6.04786094377888,0.6762945814950595,10.755
2026-10-16 17:53:57,29.675026680949117,29.61297255876452,34.46036891324934,52.9,13.755581981162837,13.637442124226778,4.845251639347135,24.295,6.0385683196557,6.04786094377888,0.6762945814950595,10.755
2026-10-16 18:08:57,29.675026680949117,29.61297255876452,34.46036891324934,52.9,13.759507298645337,13.641630064540356,4.846553426435844,24.3,6.0385683196557,6.04786094377888,0.6762945814950595,10.755
2026-10-16 18:23:57,29.781196897351283,29.724335537767004,34.58333140911837,53.105,13.848166844488055,13.714634267381122,4.873803808263301,24.435,6.055285725296632,6.066644390999411,0.6782647015909982,10.785
2026-10-16 18:38:57,29.837516859244648,29.779895707774386,34.64495676494564,53.2,13.880791670694336,13.754824807690545,4.887454130365696,24.5,6.065702144543288,6.0745181496330645,0.6794135947740136,10.8
2026-10-16 18:53:57,29.92093138180656,29.860838589112234,34.73825501471725,53.335,13.901236685714554,13.78063143607361,4.896275515115904,24.555,6.066975366473957,6.075798629027147,0.6798395777420295,10.805
2026-10-16 19:08:57,30.0317718200146,29.969676160411364,34.87053476316134,53.54,13.946308482855832,13.82866414669781,4.9154418375078395,24.65,6.097206325325277,6.10417393061145,0.6829758014072189,10.855
2026-10-16 19:23:57,30.067270158441175,30.009112706746084,34.91457321584708,53.6,13.965218715145175,13.845455036811419,4.922469450161064,24.685,6.107935053844553,6.1202404348614206,0.6843385058711893,10.875
2026-10-16 19:38:57,30.184894523315435,30.129724459259414,35.0476561530103,53.815,14.021945777239308,13.908263987554454,4.941783309723439,24.785,6.133813863795327,6.149479529014181,0.6870826140796956,10.92
2026-10-16 19:53:57,30.240611880970587,30.173486804884345,35.104837254700236,53.9,14.032980403736,13.925076055971,4.946397957481774,24.81,6.150565241210313,6.164665082141656,0.6887528084392193,10.945
2026-10-16 20:08:57,30.240611880970587,30.173486804884345,35.104837254700236,53.9,14.032980403736,13.925076055971,4.946397957481774,24.81,6.150565241210313,6.164665082141656,0.6887528084392193,10.945
2026-10-16 20:23:57,30.240611880970587,30.173486804884345,35.104837254700236,53.9,14.032980403736,13.925076055971,4.946397957481774,24.81,6.150565241210313,6.164665082141656,0.6887528084392193,10.945
2026-10-16 20:38:57,30.240611880970587,30.173486804884345,35.104837254700236,53.9,14.032980403736,13.925076055971,4.946397957481774,24.81,6.150565241210313,6.164665082141656,0.6887528084392193,10.945
2026-10-16 20:53:57,30.240611880970587,30.173486804884345,35.104837254700236,53.9,14.032980403736,13.925076055971,4.946397957481774,24.81,6.150565241210313,6.164665082141656,0.6887528084392193,10.945
2026-10-16 21:08:57,30.389676298265524,30.3054470735202,35.27748711865317,54.16,14.119484200663527,14.0056912152616,4.9757899466932365,24.955,6.1729617109532855,6.181312291784826,0.6912137453648616,10.985
2026-10-16 21:23:57,30.47689656889046,30.395172947372274,35.379272162808824,54.32,14.175426308035714,14.064068707434913,4.99382900221314,25.05,6.210610283267668,6.213577440482687,0.6942800705196382,11.04
2026-10-16 21:38:57,30.60382698354957,30.51606022321696,35.50838747117848,54.535,14.273617324104455,14.142106643428933,5.027723030562655,25.215,6.253888219420267,6.251517414793309,0.6986219309275872,11.11
2026-10-16 21:53:57,30.66312156276031,30.56658311063627,35.57081291165813,54.63,14.306022129456066,14.165086942217023,5.037493318646109,25.26,6.266847242486609,6.264446070109317,0.7005572852333375,11.14
2026-10-16 22:08:57,30.70872546248105,30.616585872562116,35.63463220874865,54.725,14.337840902365597,14.19682536734214,5.048777895073723,25.32,6.274744887255656,6.272768095963379,0.7014530615400172,11.16
2026-10-16 22:23:57,30.768224279702633,30.671419061351067,35.69385869878192,54.82,14.362871618730306,14.215585611687683,5.055416103447913,25.36,6.292349700995001,6.294126990093108,0.70387821147248,11.2
2026-10-16 22:38:57,30.768224279702633,30.671419061351067,35.69385869878192,54.82,14.362871618730306,14.215585611687683,5.055416103447913,25.36,6.292349700995001,6.294126990093108,0.70387821147248,11.2
2026-10-16 22:53:57,30.768224279702633,30.671419061351067,35.69385869878192,54.82,14.362871618730306,14.215585611687683,5.055416103447913,25.36,6.292349700995001,6.294126990093108,0.70387821147248,11.2
2026-10-16 23:08:57,30.771081144689585,30.673346973748366,35.6954936912494,54.825,14.362871618730306,14.215585611687683,5.055416103447913,25.36,6.292349700995001,6.294126990093108,0.70387821147248,11.2
2026-10-16 23:23:57,30.771081144689585,30.673346973748366,35.6954936912494,54.825,14.362871618730306,14.215585611687683,5.055416103447913,25.36,6.292349700995001,6.294126990093108,0.70387821147248,11.2
2026-10-16 23:38:57,30.771081144689585,30.673346973748366,35.6954936912494,54.825,14.362871618730306,14.215585611687683,5.055416103447913,25.36,6.292349700995001,6.294126990093108,0.70387821147248,11.2
2026-10-16 23:53:57,30.771081144689585,30.673346973748366,35.6954936912494,54.825,14.362871618730306,14.215585611687683,5.055416103447913,25.36,6.292349700995001,6.294126990093108,0.70387821147248,11.2
2026-10-17 00:08:57,30.80724576708572,30.70677440898899,35.73940717748746,54.89,14.369814289103342,14.22856044993937,5.059995190229442,25.385,6.306365036903601,6.299973805698734,0.7045503034694927,11.215
2026-10-17 00:23:57,30.864067627118835,30.77482412713166,35.812896186527176,54.995,14.39232304333579,14.256054003344081,5.067956778984151,25.43,6.321683101401206,6.324279760410921,0.7068168122300287,11.25
2026-10-17 00:38:57,30.913895609856823,30.814442742210645,35.85851599582122,55.08,14.423941459011434,14.28700087133917,5.077578684381844,25.485,6.345854848744738,6.352556914574368,0.7103428081021819,11.3
2026-10-17 00:53:57,30.99919373608626,30.89468373450239,35.95207165862977,55.23,14.483000888103165,14.343197973415023,5.095366305549447,25.58,6.3859442588891415,6.38386982650086,0.7144495329891644,11.365
2026-10-17 01:08:57,30.99919373608626,30.89468373450239,35.95207165862977,55.23,14.483000888103165,14.343197973415023,5.095366305549447,25.58,6.3859442588891415,6.38386982650086,0.7144495329891644,11.365
2026-10-17 01:23:57,30.99919373608626,30.89468373450239,35.95207165862977,55.23,14.483000888103165,14.343197973415023,5.095366305549447,25.58,6.3859442588891415,6.38386982650086,0.7144495329891644,11.365
2026-10-17 01:38:57,30.99919373608626,30.89468373450239,35.95207165862977,55.23,14.483000888103165,14.343197973415023,5.095366305549447,25.58,6.3859442588891415,6.38386982650086,0.7144495329891644,11.365
2026-10-17 01:53:57,31.001250123031788,30.897101752738664,35.9567372376708,55.235,14.483000888103165,14.343197973415023,5.095366305549447,25.58,6.3859442588891415,6.38386982650086,0.7144495329891644,11.365
2026-10-17 02:08:57,31.001250123031788,30.897101752738664,35.9567372376708,55.235,14.483000888103165,14.343197973415023,5.095366305549447,25.58,6.3859442588891415,6.38386982650086,0.7144495329891644,11.365
2026-10-17 02:23:57,31.001250123031788,30.897101752738664,35.9567372376708,55.235,14.483000888103165,14.343197973415023,5.095366305549447,25.58,6.3859442588891415,6.38386982650086,0.7144495329891644,11.365
2026-10-17 02:38:57,31.06202722058852,30.96244084279174,36.03538079589808,55.35,14.51312212091535,14.377415320830673,5.107225322220786,25.635,6.39849441824449,6.3993228986971324,0.7158047267594181,11.385
2026-10-17 02:53:57,31.114185309018346,31.02840899773835,36.10376381636685,55.455,14.54317428541713,14.409163841774747,5.117071478897769,25.69,6.408507036044809,6.421431936691783,0.7175677116890642,11.41
2026-10-17 03:08:57,31.114185309018346,31.02840899773835,36.10376381636685,55.455,14.54317428541713,14.409163841774747,5.117071478897769,25.69,6.408507036044809,6.421431936691783,0.7175677116890642,11.41
2026-10-17 03:23:57,31.114185309018346,31.02840899773835,36.10376381636685,55.455,14.54317428541713,14.409163841774747,5.117071478897769,25.69,6.408507036044809,6.421431936691783,0.7175677116890642,11.41
2026-10-17 03:38:57,31.114185309018346,31.02840899773835,36.10376381636685,55.455,14.54317428541713,14.409163841774747,5.117071478897769,25.69,6.408507036044809,6.421431936691783,0.7175677116890642,11.41
2026-10-17 03:53:57,31.114185309018346,31.02840899773835,36.10376381636685,55.455,14.54317428541713,14.409163841774747,5.117071478897769,25.69,6.408507036044809,6.421431936691783,0.7175677116890642,11.41
2026-10-17 04:08:57,31.114185309018346,31.02840899773835,36.10376381636685,55.455,14.54317428541713,14.409163841774747,5.117071478897769,25.69,6.408507036044809,6.421431936691783,0.7175677116890642,11.41
2026-10-17 04:23:57,31.114185309018346,31.02840899773835,36.10376381636685,55.455,14.54317428541713,14.409163841774747,5.117071478897769,25.69,6.408507036044809,6.421431936691783,0.7175677116890642,11.41
2026-10-17 04:38:57,31.114185309018346,31.02840899773835,36.10376381636685,55.455,14.54317428541713,14.409163841774747,5.117071478897769,25.69,6.408507036044809,6.421431936691783,0.7175677116890642,11.41
2026-10-17 04:53:57,31.115852983798263,31.0318060665904,36.107271171723305,55.46,14.54317428541713,14.409163841774747,5.117071478897769,25.69,6.408507036044809,6.421431936691783,0.7175677116890642,11.41
2026-10-17 05:08:57,31.115852983798263,31.0318060665904,36.107271171723305,55.46,14.54317428541713,14.409163841774747,5.117071478897769,25.69,6.408507036044809,6.421431936691783,0.7175677116890642,11.41
2026-10-17 05:23:57,31.115852983798263,31.0318060665904,36.107271171723305,55.46,14.54317428541713,14.409163841774747,5.117071478897769,25.69,6.408507036044809,6.421431936691783,0.7175677116890642,11.41
2026-10-17 05:38:57,31.115852983798263,31.0318060665904,36.107271171723305,55.46,14.54317428541713,14.409163841774747,5.117071478897769,25.69,6.408507036044809,6.421431936691783,0.7175677116890642,11.41
2026-10-17 05:53:57,31.115852983798263,31.0318060665904,36.107271171723305,55.46,14.54317428541713,14.409163841774747,5.117071478897769,25.69,6.408507036044809,6.421431936691783,0.7175677116890642,11.41
2026-10-17 06:08:57,31.115852983798263,31.0318060665904,36.107271171723305,55.46,14.54317428541713,14.409163841774747,5.117071478897769,25.69,6.408507036044809,6.421431936691783,0.7175677116890642,11.41
2026-10-17 06:23:57,31.115852983798263,31.0318060665904,36.107271171723305,55.46,14.54317428541713,14.409163841774747,5.117071478897769,25.69,6.408507036044809,6.421431936691783,0.7175677116890642,11.41
2026-10-17 06:38:57,31.115852983798263,31.0318060665904,36.107271171723305,55.46,14.54317428541713,14.409163841774747,5.117071478897769,25.69,6.408507036044809,6.421431936691783,0.7175677116890642,11.41
2026-10-17 06:53:57,31.115852983798263,31.0318060665904,36.107271171723305,55.46,14.54317428541713,14.409163841774747,5.117071478897769,25.69,6.408507036044809,6.421431936691783,0.7175677116890642,11.41
2026-10-17 07:08:57,31.115852983798263,31.0318060665904,36.107271171723305,55.46,14.546244040009983,14.4111826569768,5.118282070586717,25.695,6.408507036044809,6.421431936691783,0.7175677116890642,11.41
2026-10-17 07:23:57,31.115852983798263,31.0318060665904,36.107271171723305,55.46,14.546244040009983,14.4111826569768,5.118282070586717,25.695,6.413354477633842,6.425034503214297,0.7179062983631138,11.415
2026-10-17 07:38:57,31.115852983798263,31.0318060665904,36.107271171723305,55.46,14.546244040009983,14.4111826569768,5.118282070586717,25.695,6.413354477633842,6.425034503214297,0.7179062983631138,11.415
2026-10-17 07:53:57,31.115852983798263,31.0318060665904,36.107271171723305,55.46,14.546244040009983,14.4111826569768,5.118282070586717,25.695,6.413354477633842,6.425034503214297,0.7179062983631138,11.415
2026-10-17 08:08:57,31.115852983798263,31.0318060665904,36.107271171723305,55.46,14.549454412808695,14.41251567780464,5.119683757428764,25.7,6.413354477633842,6.425034503214297,0.7179062983631138,11.415
2026-10-17 08:23:57,31.117136989907547,31.033168390874028,36.11078858801933,55.465,14.549454412808695,14.41251567780464,5.119683757428764,25.7,6.413354477633842,6.425034503214297,0.7179062983631138,11.415
2026-10-17 08:38:57,31.117136989907547,31.033168390874028,36.11078858801933,55.465,14.549454412808695,14.41251567780464,5.119683757428764,25.7,6.413354477633842,6.425034503214297,0.7179062983631138,11.415
2026-10-17 08:53:57,31.117136989907547,31.033168390874028,36.11078858801933,55.465,14.549454412808695,14.41251567780464,5.119683757428764,25.7,6.413354477633842,6.425034503214297,0.7179062983631138,11.415
2026-10-17 09:08:57,31.117136989907547,31.033168390874028,36.11078858801933,55.465,14.549454412808695,14.41251567780464,5.119683757428764,25.7,6.413354477633842,6.425034503214297,0.7179062983631138,11.415
2026-10-17 09:23:57,31.117136989907547,31.033168390874028,36.11078858801933,55.465,14.549454412808695,14.41251567780464,5.119683757428764,25.7,6.413354477633842,6.425034503214297,0.7179062983631138,11.415
2026-10-17 09:38:57,31.117136989907547,31.033168390874028,36.11078858801933,55.465,14.549454412808695,14.41251567780464,5.119683757428764,25.7,6.413354477633842,6.425034503214297,0.7179062983631138,11.415
2026-10-17 09:53:57,31.117136989907547,31.033168390874028,36.11078858801933,55.465,14.549454412808695,14.41251567780464,5.119683757428764,25.7,6.413354477633842,6.425034503214297,0.7179062983631138,11.415
2026-10-17 10:08:57,31.117136989907547,31.033168390874028,36.11078858801933,55.465,14.549454412808695,14.41251567780464,5.119683757428764,25.7,6.413354477633842,6.425034503214297,0.7179062983631138,11.415
2026-10-17 10:23:57,31.117136989907547,31.033168390874028,36.11078858801933,55.465,14.549454412808695,14.41251567780464,5.119683757428764,25.7,6.413354477633842,6.425034503214297,0.7179062983631138,11.415
2026-10-17 10:38:57,31.117136989907547,31.033168390874028,36.11078858801933,55.465,14.549454412808695,14.41251567780464,5.119683757428764,25.7,6.413354477633842,6.425034503214297,0.7179062983631138,11.415
2026-10-17 10:53:57,31.117136989907547,31.033168390874028,36.11078858801933,55.465,14.549454412808695,14.41251567780464,5.119683757428764,25.7,6.413354477633842,6.425034503214297,0.7179062983631138,11.415
2026-10-17 11:08:57,31.16657936933045,31.07258400640636,36.16619555093189,55.55,14.557970081042946,14.424465022867002,5.124367523601613,25.72,6.418259028784704,6.426387218211797,0.7180454156939828,11.42
2026-10-17 11:23:57,31.16657936933045,31.07258400640636,36.16619555093189,55.55,14.557970081042946,14.424465022867002,5.124367523601613,25.72,6.418259028784704,6.426387218211797,0.7180454156939828,11.42
2026-10-17 11:38:57,31.16657936933045,31.07258400640636,36.16619555093189,55.55,14.557970081042946,14.424465022867002,5.124367523601613,25.72,6.418259028784704,6.426387218211797,0.7180454156939828,11.42
2026-10-17 11:53:57,31.16657936933045,31.07258400640636,36.16619555093189,55.55,14.557970081042946,14.424465022867002,5.124367523601613,25.72,6.418259028784704,6.426387218211797,0.7180454156939828,11.42
2026-10-17 12:08:57,31.16657936933045,31.07258400640636,36.16619555093189,55.55,14.557970081042946,14.424465022867002,5.124367523601613,25.72,6.418259028784704,6.426387218211797,0.7180454156939828,11.42
2026-10-17 12:23:57,31.16657936933045,31.07258400640636,36.16619555093189,55.55,14.557970081042946,14.424465022867002,5.124367523601613,25.72,6.418259028784704,6.426387218211797,0.7180454156939828,11.42
2026-10-17 12:38:57,31.16657936933045,31.07258400640636,36.16619555093189,55.55,14.557970081042946,14.424465022867002,5.124367523601613,25.72,6.418259028784704,6.426387218211797,0.7180454156939828,11.42
2026-10-17 12:53:57,31.16657936933045,31.07258400640636,36.16619555093189,55.55,14.557970081042946,14.424465022867002,5.124367523601613,25.72,6.418259028784704,6.426387218211797,0.7180454156939828,11.42
2026-10-17 13:08:57,31.194959685661484,31.10072339662392,36.20186416675784,55.6,14.559715014490422,14.427905508554108,5.125178818068125,25.725,6.424236733248852,6.429823824996068,0.7185942372198146,11.43
2026-10-17 13:23:57,31.212566183399666,31.114311711481438,36.21434994007041,55.625,14.570133097027723,14.437157692860868,5.129414302989312,25.745,6.424236733248852,6.429823824996068,0.7185942372198146,11.43
2026-10-17 13:38:57,31.22711766809091,31.134582155053195,36.2293398800838,55.65,14.57576620225147,14.441922993277036,5.1328769217697126,25.76,6.431958768531834,6.440849433241818,0.7197397826045736,11.445
2026-10-17 13:53:57,31.30149724914364,31.20750517599518,36.3167298656365,55.77,14.592107284700337,14.460717335342828,5.1403743043476275,25.8,6.443473165267021,6.448193900476347,0.7210936343388333,11.465
2026-10-17 14:08:57,31.309185372530912,31.216071743330534,36.32437638024136,55.785,14.604540462890604,14.473163795215893,5.1442527262188245,25.82,6.443473165267021,6.448193900476347,0.7210936343388333,11.465
2026-10-17 14:23:57,31.31855171286447,31.221564574965196,36.333484083951014,55.8,14.606826741106048,14.4774802941974,5.145435028278155,25.825,6.443473165267021,6.448193900476347,0.7210936343388333,11.465
2026-10-17 14:38:57,31.3468037152428,31.242240797903253,36.35641447385543,55.84,14.606826741106048,14.4774802941974,5.145435028278155,25.825,6.443473165267021,6.448193900476347,0.7210936343388333,11.465
2026-10-17 14:53:57,31.3468037152428,31.242240797903253,36.35641447385543,55.84,14.606826741106048,14.4774802941974,5.145435028278155,25.825,6.443473165267021,6.448193900476347,0.7210936343388333,11.465
2026-10-17 15:08:57,31.43896598185073,31.33588002628784,36.47088494003862,56.01,14.636556049229073,14.506264026475636,5.155614292464299,25.88,6.453441694886914,6.457502864969067,0.7223854028468052,11.485
2026-10-17 15:23:57,31.455043217959247,31.356942090928058,36.48850144980424,56.04,14.653686506547137,14.527921107846856,5.162810984437085,25.91,6.453441694886914,6.457502864969067,0.7223854028468052,11.485
2026-10-17 15:38:57,31.455043217959247,31.356942090928058,36.48850144980424,56.04,14.653686506547137,14.527921107846856,5.162810984437085,25.91,6.453441694886914,6.457502864969067,0.7223854028468052,11.485
2026-10-17 15:53:57,31.47702684413384,31.381190304824678,36.512087834526525,56.075,14.653686506547137,14.527921107846856,5.162810984437085,25.91,6.453441694886914,6.457502864969067,0.7223854028468052,11.485
2026-10-17 16:08:57,31.513597831912236,31.41136151744029,36.55741536688491,56.14,14.662326949428376,14.538342347366385,5.166430294225788,25.925,6.458321809865667,6.458452156853228,0.7227212079245725,11.49
2026-10-17 16:23:57,31.53594948389904,31.427279036211146,36.584216897873354,56.18,14.664331110387964,14.541540685838498,5.167539117164281,25.93,6.458321809865667,6.458452156853228,0.7227212079245725,11.49
2026-10-17 16:38:57,31.53594948389904,31.427279036211146,36.584216897873354,56.18,14.664331110387964,14.541540685838498,5.167539117164281,25.93,6.458321809865667,6.458452156853228,0.7227212079245725,11.49
2026-10-17 16:53:57,31.559162484198197,31.447886851308077,36.60772209565779,56.215,14.67069137495132,14.548579209912349,5.169874824989778,25.94,6.458321809865667,6.458452156853228,0.7227212079245725,11.49
2026-10-17 17:08:57,31.559162484198197,31.447886851308077,36.60772209565779,56.215,14.67069137495132,14.548579209912349,5.169874824989778,25.94,6.458321809865667,6.458452156853228,0.7227212079245725,11.49
2026-10-17 17:23:57,31.624638862813395,31.5068015571383,36.68427439675982,56.33,14.686518211536198,14.55975043822101,5.173459296980473,25.965,6.463028536997212,6.4617516569714155,0.723102904981829,11.495
2026-10-17 17:38:57,31.643958004290376,31.528268805557943,36.70413213777972,56.365,14.696447444452065,14.571705126445503,5.177287398604565,25.99,6.463028536997212,6.4617516569714155,0.723102904981829,11.495
2026-10-17 17:53:57,31.65889329266524,31.54796428464712,36.73292903004399,56.4,14.71462461518268,14.598358481765302,5.183798987842383,26.025,6.463028536997212,6.4617516569714155,0.723102904981829,11.495
2026-10-17 18:08:57,31.65889329266524,31.54796428464712,36.73292903004399,56.4,14.71462461518268,14.598358481765302,5.183798987842383,26.025,6.463028536997212,6.4617516569714155,0.723102904981829,11.495
2026-10-17 18:23:57,31.65889329266524,31.54796428464712,36.73292903004399,56.4,14.71462461518268,14.598358481765302,5.183798987842383,26.025,6.463028536997212,6.4617516569714155,0.723102904981829,11.495
2026-10-17 18:38:57,31.72713134292243,31.62626676013264,36.81877840675548,56.53,14.75030716401457,14.641137062040652,5.199771914393967,26.1,6.471444506858264,6.468278816330877,0.7239158794244289,11.51
2026-10-17 18:53:57,31.791085767009665,31.690386427176712,36.89441216331768,56.65,14.780891875020304,14.668721706390695,5.210335076214731,26.16,6.492830577909344,6.486191082476179,0.7259970263611626,11.545
2026-10-17 19:08:57,31.791085767009665,31.690386427176712,36.89441216331768,56.65,14.780891875020304,14.668721706390695,5.210335076214731,26.16,6.492830577909344,6.486191082476179,0.7259970263611626,11.545
2026-10-17 19:23:57,31.791085767009665,31.690386427176712,36.89441216331768,56.65,14.780891875020304,14.668721706390695,5.210335076214731,26.16,6.492830577909344,6.486191082476179,0.7259970263611626,11.545
2026-10-17 19:38:57,31.976372130386068,31.885491499037204,37.10638340299308,56.98,14.874627109641597,14.763480411373887,5.242864802654633,26.32,6.551167559262646,6.543341111890105,0.7307989022186933,11.63
2026-10-17 19:53:57,31.976372130386068,31.885491499037204,37.10638340299308,56.98,14.874627109641597,14.763480411373887,5.242864802654633,26.32,6.551167559262646,6.543341111890105,0.7307989022186933,11.63
2026-10-17 20:08:57,32.24096367573629,32.14783566847804,37.425735525897416,57.44,14.978769844122528,14.871673906652456,5.277708534220719,26.49,6.589309903682828,6.58181184490314,0.7354390937678118,11.7
2026-10-17 20:23:57,32.24096367573629,32.14783566847804,37.425735525897416,57.44,14.978769844122528,14.871673906652456,5.277708534220719,26.49,6.589309903682828,6.58181184490314,0.7354390937678118,11.7
2026-10-17 20:38:57,32.24096367573629,32.14783566847804,37.425735525897416,57.44,14.978769844122528,14.871673906652456,5.277708534220719,26.49,6.589309903682828,6.58181184490314,0.7354390937678118,11.7
2026-10-17 20:53:57,32.30379529944176,32.218336181881135,37.49791607090428,57.555,14.99139236376608,14.88537738883441,5.284030205184795,26.52,6.600760298260893,6.5862564619974,0.7368027173578572,11.72
2026-10-17 21:08:57,32.30379529944176,32.218336181881135,37.49791607090428,57.555,14.99139236376608,14.88537738883441,5.284030205184795,26.52,6.600760298260893,6.5862564619974,0.7368027173578572,11.72
2026-10-17 21:23:57,32.3763417002767,32.29773232924793,37.598898909984236,57.695,15.035348599622486,14.92746676278756,5.302069452581095,26.6,6.6338046069182806,6.619569642350837,0.7400414729714018,11.78
2026-10-17 21:38:57,32.3763417002767,32.29773232924793,37.598898909984236,57.695,15.035348599622486,14.92746676278756,5.302069452581095,26.6,6.6338046069182806,6.619569642350837,0.7400414729714018,11.78
2026-10-17 21:53:57,32.544077326824876,32.48843907650111,37.81071623011104,58.02,15.15213359218769,15.057808476924842,5.345453173893751,26.815,6.678936498194091,6.670422571890785,0.7452103780115814,11.865
2026-10-17 22:08:57,32.648676107179995,32.60682895499145,37.930106826027114,58.21,15.230207951527722,15.130678797824876,5.372664103151546,26.955,6.731780530513354,6.713960057091618,0.7510688079621244,11.95
2026-10-17 22:23:57,32.648676107179995,32.60682895499145,37.930106826027114,58.21,15.230207951527722,15.130678797824876,5.372664103151546,26.955,6.731780530513354,6.713960057091618,0.7510688079621244,11.95
2026-10-17 22:38:57,32.648676107179995,32.60682895499145,37.930106826027114,58.21,15.230207951527722,15.130678797824876,5.372664103151546,26.955,6.731780530513354,6.713960057091618,0.7510688079621244,11.95
2026-10-17 22:53:57,32.648676107179995,32.60682895499145,37.930106826027114,58.21,15.230207951527722,15.130678797824876,5.372664103151546,26.955,6.731780530513354,6.713960057091618,0.7510688079621244,11.95
2026-10-17 23:08:57,32.648676107179995,32.60682895499145,37.930106826027114,58.21,15.230207951527722,15.130678797824876,5.372664103151546,26.955,6.731780530513354,6.713960057091618,0.7510688079621244,11.95
2026-10-17 23:23:57,32.648676107179995,32.60682895499145,37.930106826027114,58.21,15.230207951527722,15.130678797824876,5.372664103151546,26.955,6.731780530513354,6.713960057091618,0.7510688079621244,11.95
2026-10-17 23:38:57,32.763404999239675,32.72890968766615,38.07591227265828,58.425,15.31213378171867,15.201020499294572,5.398030763087204,27.085,6.752532585865763,6.736013302947901,0.7539327404260121,11.995
2026-10-17 23:53:57,32.841830849349044,32.81168222725486,38.173365007491256,58.57,15.363716405623697,15.248478725252914,5.414488435966647,27.17,6.7681286251896395,6.752426850719086,0.755465363600934,12.025
2026-10-18 00:08:57,32.913190405076165,32.888407374942354,38.2537835471458,58.705,15.418305801649861,15.302710186181923,5.437295395037687,27.28,6.790873357939528,6.774699545859154,0.7588826538732131,12.075
2026-10-18 00:23:57,32.913190405076165,32.888407374942354,38.2537835471458,58.705,15.42057796979289,15.305158805304739,5.438301241923613,27.285,6.790873357939528,6.774699545859154,0.7588826538732131,12.075
2026-10-18 00:38:57,32.913190405076165,32.888407374942354,38.2537835471458,58.705,15.42057796979289,15.305158805304739,5.438301241923613,27.285,6.794765101411124,6.77845263378486,0.7593672926021884,12.08
2026-10-18 00:53:57,32.91782784509201,32.89234464082093,38.257526377519405,58.71,15.42057796979289,15.305158805304739,5.438301241923613,27.285,6.794765101411124,6.77845263378486,0.7593672926021884,12.08
2026-10-18 01:08:57,32.91782784509201,32.89234464082093,38.257526377519405,58.71,15.42057796979289,15.305158805304739,5.438301241923613,27.285,6.794765101411124,6.77845263378486,0.7593672926021884,12.08
2026-10-18 01:23:57,32.91782784509201,32.89234464082093,38.257526377519405,58.71,15.42057796979289,15.305158805304739,5.438301241923613,27.285,6.794765101411124,6.77845263378486,0.7593672926021884,12.08
2026-10-18 01:38:57,32.91782784509201,32.89234464082093,38.257526377519405,58.71,15.42057796979289,15.305158805304739,5.438301241923613,27.285,6.794765101411124,6.77845263378486,0.7593672926021884,12.08
2026-10-18 01:53:57,32.921857315615036,32.8946760667076,38.26092850160573,58.715,15.42057796979289,15.305158805304739,5.438301241923613,27.285,6.794765101411124,6.77845263378486,0.7593672926021884,12.08
2026-10-18 02:08:57,33.181588833650196,33.192980010448224,38.6184966435793,59.23,15.534225206187056,15.404940645558195,5.478084497355936,27.485,6.869925861435246,6.846728721343896,0.7676471566429925,12.21
2026-10-18 02:23:57,33.42137005438545,33.40264381415442,38.876415046700366,59.62,15.642897858147016,15.531917253580914,5.523021819508313,27.715,6.9283314841015455,6.914391274948819,0.774435594525001,12.33
2026-10-18 02:38:57,33.547890225617984,33.52962658618863,39.03557805113093,59.86,15.684549226712802,15.570215972549201,5.54012245250033,27.795,6.949190769266878,6.933737019774411,0.7763884629375657,12.365
2026-10-18 02:53:57,33.547890225617984,33.52962658618863,39.03557805113093,59.86,15.684549226712802,15.570215972549201,5.54012245250033,27.795,6.949190769266878,6.933737019774411,0.7763884629375657,12.365
2026-10-18 03:08:57,33.547890225617984,33.52962658618863,39.03557805113093,59.86,15.684549226712802,15.570215972549201,5.54012245250033,27.795,6.949190769266878,6.933737019774411,0.7763884629375657,12.365
2026-10-18 03:23:57,33.55179550952702,33.53056174572119,39.03750732423985,59.865,15.684549226712802,15.570215972549201,5.54012245250033,27.795,6.949190769266878,6.933737019774411,0.7763884629375657,12.365
2026-10-18 03:38:57,33.55179550952702,33.53056174572119,39.03750732423985,59.865,15.684549226712802,15.570215972549201,5.54012245250033,27.795,6.949190769266878,6.933737019774411,0.7763884629375657,12.365
2026-10-18 03:53:57,33.55179550952702,33.53056174572119,39.03750732423985,59.865,15.684549226712802,15.570215972549201,5.54012245250033,27.795,6.949190769266878,6.933737019774411,0.7763884629375657,12.365
2026-10-18 04:08:57,33.58798196262974,33.56781658791832,39.07883697973623,59.93,15.70985879679133,15.593818344715082,5.550572738436782,27.845,6.964115885769969,6.952272624413457,0.7785862758561272,12.395
2026-10-18 04:23:57,33.58798196262974,33.56781658791832,39.07883697973623,59.93,15.70985879679133,15.593818344715082,5.550572738436782,27.845,6.964115885769969,6.952272624413457,0.7785862758561272,12.395
2026-10-18 04:38:57,33.67131632270553,33.64164246883682,39.16330376951123,60.06,15.736568490549198,15.6180687430438,5.561159981108819,27.895,6.9740203504810765,6.963863442456923,0.7798959866232149,12.415
2026-10-18 04:53:57,33.72649699557977,33.685544672940665,39.225524449229,60.15,15.768950532037525,15.648357284812562,5.572573358143293,27.95,6.993256783269203,6.981005146081576,0.7814966077509906,12.44
2026-10-18 05:08:57,33.79146949148518,33.745881919169946,39.292158934460865,60.25,15.798650516991122,15.675819968422905,5.581924649244794,28.0,7.009421611590275,6.997776329458787,0.7827941155071966,12.47
2026-10-18 05:23:57,33.79146949148518,33.745881919169946,39.292158934460865,60.25,15.798650516991122,15.675819968422905,5.581924649244794,28.0,7.009421611590275,6.997776329458787,0.7827941155071966,12.47
2026-10-18 05:38:57,33.79146949148518,33.745881919169946,39.292158934460865,60.25,15.798650516991122,15.675819968422905,5.581924649244794,28.0,7.009421611590275,6.997776329458787,0.7827941155071966,12.47
2026-10-18 05:53:57,33.79146949148518,33.745881919169946,39.292158934460865,60.25,15.798650516991122,15.675819968422905,5.581924649244794,28.0,7.009421611590275,6.997776329458787,0.7827941155071966,12.47
2026-10-18 06:08:57,33.79146949148518,33.745881919169946,39.292158934460865,60.25,15.798650516991122,15.675819968422905,5.581924649244794,28.0,7.009421611590275,6.997776329458787,0.7827941155071966,12.47
2026-10-18 06:23:57,33.79146949148518,33.745881919169946,39.292158934460865,60.25,15.798650516991122,15.675819968422905,5.581924649244794,28.0,7.009421611590275,6.997776329458787,0.7827941155071966,12.47
2026-10-18 06:38:57,33.79146949148518,33.745881919169946,39.292158934460865,60.25,15.798650516991122,15.675819968422905,5.581924649244794,28.0,7.009421611590275,6.997776329458787,0.7827941155071966,12.47
2026-10-18 06:53:57,33.79146949148518,33.745881919169946,39.292158934460865,60.25,15.798650516991122,15.675819968422905,5.581924649244794,28.0,7.009421611590275,6.997776329458787,0.7827941155071966,12.47
2026-10-18 07:08:57,33.79146949148518,33.745881919169946,39.292158934460865,60.25,15.798650516991122,15.675819968422905,5.581924649244794,28.0,7.009421611590275,6.997776329458787,0.7827941155071966,12.47
2026-10-18 07:23:57,33.79146949148518,33.745881919169946,39.292158934460865,60.25,15.798650516991122,15.675819968422905,5.581924649244794,28.0,7.0101477611842675,7.002061621641285,0.7831511428997825,12.475
2026-10-18 07:38:57,33.79146949148518,33.745881919169946,39.292158934460865,60.25,15.798650516991122,15.675819968422905,5.581924649244794,28.0,7.0101477611842675,7.002061621641285,0.7831511428997825,12.475
2026-10-18 07:53:57,33.79146949148518,33.745881919169946,39.292158934460865,60.25,15.798650516991122,15.675819968422905,5.581924649244794,28.0,7.0101477611842675,7.002061621641285,0.7831511428997825,12.475
2026-10-18 08:08:57,33.90744230883634,33.865590607397046,39.420005064915244,60.45,15.861039817044823,15.725954398204129,5.600457767634754,28.095,7.044217176460284,7.04373029119413,0.7881719777396273,12.55
2026-10-18 08:23:57,33.90744230883634,33.865590607397046,39.420005064915244,60.45,15.861039817044823,15.725954398204129,5.600457767634754,28.095,7.044217176460284,7.04373029119413,0.7881719777396273,12.55
2026-10-18 08:38:57,33.90744230883634,33.865590607397046,39.420005064915244,60.45,15.861039817044823,15.725954398204129,5.600457767634754,28.095,7.044217176460284,7.04373029119413,0.7881719777396273,12.55
2026-10-18 08:53:57,33.91468188280667,33.87039350279489,39.424245824233,60.46,15.861039817044823,15.725954398204129,5.600457767634754,28.095,7.044217176460284,7.04373029119413,0.7881719777396273,12.55
2026-10-18 09:08:57,33.91468188280667,33.87039350279489,39.424245824233,60.46,15.861039817044823,15.725954398204129,5.600457767634754,28.095,7.044217176460284,7.04373029119413,0.7881719777396273,12.55
2026-10-18 09:23:57,33.915696982501245,33.872045380288846,39.42868433288549,60.465,15.861039817044823,15.725954398204129,5.600457767634754,28.095,7.044217176460284,7.04373029119413,0.7881719777396273,12.55
2026-10-18 09:38:57,33.915696982501245,33.872045380288846,39.42868433288549,60.465,15.861039817044823,15.725954398204129,5.600457767634754,28.095,7.044217176460284,7.04373029119413,0.7881719777396273,12.55
2026-10-18 09:53:57,33.91985799961831,33.87556689770443,39.430997229125545,60.47,15.861039817044823,15.725954398204129,5.600457767634754,28.095,7.047385378786627,7.048727462589286,0.7883965982516643,12.555
2026-10-18 10:08:57,33.92372024722497,33.87878511505217,39.43538473420088,60.475,15.861039817044823,15.725954398204129,5.600457767634754,28.095,7.047385378786627,7.048727462589286,0.7883965982516643,12.555
2026-10-18 10:23:57,33.92372024722497,33.87878511505217,39.43538473420088,60.475,15.861039817044823,15.725954398204129,5.600457767634754,28.095,7.047385378786627,7.048727462589286,0.7883965982516643,12.555
2026-10-18 10:38:57,33.92372024722497,33.87878511505217,39.43538473420088,60.475,15.861039817044823,15.725954398204129,5.600457767634754,28.095,7.047385378786627,7.048727462589286,0.7883965982516643,12.555
2026-10-18 10:53:57,33.927113631311336,33.88026841716621,39.439017939717814,60.48,15.861039817044823,15.725954398204129,5.600457767634754,28.095,7.047385378786627,7.048727462589286,0.7883965982516643,12.555
2026-10-18 11:08:57,33.927113631311336,33.88026841716621,39.439017939717814,60.48,15.861039817044823,15.725954398204129,5.600457767634754,28.095,7.047385378786627,7.048727462589286,0.7883965982516643,12.555
2026-10-18 11:23:57,33.927113631311336,33.88026841716621,39.439017939717814,60.48,15.861039817044823,15.725954398204129,5.600457767634754,28.095,7.047385378786627,7.048727462589286,0.7883965982516643,12.555
2026-10-18 11:38:57,33.927113631311336,33.88026841716621,39.439017939717814,60.48,15.861039817044823,15.725954398204129,5.600457767634754,28.095,7.047385378786627,7.048727462589286,0.7883965982516643,12.555
2026-10-18 11:53:57,33.927113631311336,33.88026841716621,39.439017939717814,60.48,15.861039817044823,15.725954398204129,5.600457767634754,28.095,7.047385378786627,7.048727462589286,0.7883965982516643,12.555
2026-10-18 12:08:57,33.927113631311336,33.88026841716621,39.439017939717814,60.48,15.861039817044823,15.725954398204129,5.600457767634754,28.095,7.047385378786627,7.048727462589286,0.7883965982516643,12.555
2026-10-18 12:23:57,33.93859733555317,33.89457143273019,39.46040755976171,60.51,15.86905780743994,15.73467473962889,5.6026679275336235,28.105,7.047385378786627,7.048727462589286,0.7883965982516643,12.555
2026-10-18 12:38:57,33.960719443965836,33.90736522333894,39.48484990023485,60.54,15.87721590212517,15.738253455000137,5.605228123230142,28.115,7.047385378786627,7.048727462589286,0.7883965982516643,12.555
2026-10-18 12:53:57,33.99689813227775,33.94155663413484,39.52630530358876,60.605,15.914475190386375,15.773703051257007,5.617176075469803,28.18,7.053929047231639,7.052859245732634,0.7891989076622375,12.565
2026-10-18 13:08:57,34.00008406503144,33.94446906304398,39.528621826899254,60.61,15.914475190386375,15.773703051257007,5.617176075469803,28.18,7.053929047231639,7.052859245732634,0.7891989076622375,12.565
2026-10-18 13:23:57,34.10023938654079,34.03971397023854,39.6324640807924,60.78,15.930411813130524,15.794837583761414,5.622430450170502,28.215,7.0552874208255325,7.055060804178751,0.7894820627389247,12.57
2026-10-18 13:38:57,34.10023938654079,34.03971397023854,39.6324640807924,60.78,15.930411813130524,15.794837583761414,5.622430450170502,28.215,7.0552874208255325,7.055060804178751,0.7894820627389247,12.57
2026-10-18 13:53:57,34.171321179620556,34.117213641330075,39.73065298443245,60.925,15.944577119997884,15.813801508437976,5.627079330183314,28.245,7.059329025614958,7.064378165538343,0.7899876614607564,12.58
2026-10-18 14:08:57,34.30051373558782,34.248515653959025,39.88164375944497,61.185,15.969397888398015,15.84513727506134,5.638224806146748,28.3,7.084419719416452,7.079927668047114,0.7920897550699173,12.615
2026-10-18 14:23:57,34.384219135290195,34.33697526140489,39.9917966977787,61.36,15.98105018072441,15.85565381228999,5.642064662436438,28.32,7.088295886929834,7.080566564401051,0.7924495222877886,12.62
2026-10-18 14:38:57,34.436282831402835,34.39196402588545,40.070326952559846,61.465,16.00832455042334,15.881244094316525,5.651259487338406,28.365,7.094573146211563,7.089491103478414,0.7928843980169092,12.63
2026-10-18 14:53:57,34.483393902101064,34.42801032964361,40.11257110320363,61.54,16.01080992484022,15.887883391486099,5.653407217107587,28.375,7.0965074960564865,7.09403153523897,0.7932991756597647,12.635
2026-10-18 15:08:57,34.51157085431515,34.44898862903545,40.142658089451466,61.585,16.01501622988065,15.890229030214039,5.654580857888693,28.38,7.0965074960564865,7.09403153523897,0.7932991756597647,12.635
2026-10-18 15:23:57,34.51157085431515,34.44898862903545,40.142658089451466,61.585,16.01501622988065,15.890229030214039,5.654580857888693,28.38,7.0965074960564865,7.09403153523897,0.7932991756597647,12.635
2026-10-18 15:38:57,34.537821460233445,34.47916343323188,40.17565800300933,61.63,16.029657478188373,15.907561109809862,5.659524465294725,28.4,7.097682631176733,7.096105660575783,0.7935973200350719,12.64
2026-10-18 15:53:57,34.55395539694112,34.49191999321857,40.19958556890384,61.66,16.038991446594558,15.917833772953516,5.662962566583901,28.415,7.097682631176733,7.096105660575783,0.7935973200350719,12.64
2026-10-18 16:08:57,34.55610638272683,34.493695507956,40.204163925899856,61.665,16.04479720281618,15.92915716142132,5.667364203837716,28.435,7.097682631176733,7.096105660575783,0.7935973200350719,12.64
2026-10-18 16:23:57,34.59050361098115,34.523977798498294,40.238594858204245,61.725,16.059396624502373,15.945533240863178,5.672510307744618,28.46,7.097682631176733,7.096105660575783,0.7935973200350719,12.64
2026-10-18 16:38:57,34.65099465740057,34.58802017565382,40.31388268965168,61.855,16.083659733568922,15.963610442863075,5.67940235783343,28.5,7.103575180064922,7.102370993990252,0.794233335769168,12.65
2026-10-18 16:53:57,34.669893418049035,34.60718036157457,40.33172897894578,61.885,16.086079048316385,15.967922968046361,5.6804068434167405,28.505,7.103575180064922,7.102370993990252,0.794233335769168,12.65
2026-10-18 17:08:57,34.69943692259132,34.6323524251129,40.35365064867442,61.925,16.08812242612055,15.970720238550852,5.681411991042145,28.51,7.108343915126169,7.105768459073823,0.7944776374376454,12.655
2026-10-18 17:23:57,34.73694211187442,34.667634772161776,40.3969845631463,61.99,16.096494184430984,15.979162226098904,5.68462651254855,28.525,7.115042808515493,7.1090822358978425,0.7951589476370206,12.665
2026-10-18 17:38:57,34.75472723373493,34.680940452965096,40.41137651145769,62.02,16.09863630516754,15.983422815430869,5.685739619524819,28.53,7.117485119629763,7.1134123019896,0.7955510257401228,12.67
2026-10-18 17:53:57,34.75472723373493,34.680940452965096,40.41137651145769,62.02,16.09863630516754,15.983422815430869,5.685739619524819,28.53,7.117485119629763,7.1134123019896,0.7955510257401228,12.67
2026-10-18 18:08:57,34.75472723373493,34.680940452965096,40.41137651145769,62.02,16.09863630516754,15.983422815430869,5.685739619524819,28.53,7.117485119629763,7.1134123019896,0.7955510257401228,12.67
2026-10-18 18:23:57,34.81167453985905,34.73800349595183,40.47023208069591,62.12,16.127290092768487,16.018042489680838,5.697235247307769,28.59,7.1203017255571135,7.116497272092955,0.7957225653404129,12.675
2026-10-18 18:38:57,35.08088508760325,34.9784655654799,40.73266877922581,62.56,16.23078486480776,16.1103194189261,5.731935698130084,28.76,7.158416476132037,7.15343881145979,0.7998759175799532,12.74
2026-10-18 18:53:57,35.158755400039546,35.05470218280336,40.81729104314786,62.695,16.2773355478802,16.156633085724227,5.746523808708938,28.835,7.169686310332082,7.161935455713401,0.8007799433083649,12.76
2026-10-18 19:08:57,35.22444617721055,35.1135217240573,40.87589991727643,62.805,16.299275330753748,16.18123138588066,5.75508115796605,28.875,7.176931678019732,7.167487489168485,0.8016644084808544,12.77
2026-10-18 19:23:57,35.323384199071,35.23153576107456,40.98687258698604,62.985,16.3730578337393,16.26849018447383,5.77666069583052,29.0,7.195662218375759,7.186814454629347,0.8040416964110461,12.81
2026-10-18 19:38:57,35.323384199071,35.23153576107456,40.98687258698604,62.985,16.3730578337393,16.26849018447383,5.77666069583052,29.0,7.195662218375759,7.186814454629347,0.8040416964110461,12.81
2026-10-18 19:53:57,35.323384199071,35.23153576107456,40.98687258698604,62.985,16.3730578337393,16.26849018447383,5.77666069583052,29.0,7.195662218375759,7.186814454629347,0.8040416964110461,12.81
2026-10-18 20:08:57,35.323384199071,35.23153576107456,40.98687258698604,62.985,16.3730578337393,16.26849018447383,5.77666069583052,29.0,7.195662218375759,7.186814454629347,0.8040416964110461,12.81
2026-10-18 20:23:57,35.323384199071,35.23153576107456,40.98687258698604,62.985,16.3730578337393,16.26849018447383,5.77666069583052,29.0,7.195662218375759,7.186814454629347,0.8040416964110461,12.81
2026-10-18 20:38:57,35.323384199071,35.23153576107456,40.98687258698604,62.985,16.3730578337393,16.26849018447383,5.77666069583052,29.0,7.195662218375759,7.186814454629347,0.8040416964110461,12.81
2026-10-18 20:53:57,35.323384199071,35.23153576107456,40.98687258698604,62.985,16.3730578337393,16.26849018447383,5.77666069583052,29.0,7.195662218375759,7.186814454629347,0.8040416964110461,12.81
2026-10-18 21:08:57,35.323384199071,35.23153576107456,40.98687258698604,62.985,16.3730578337393,16.26849018447383,5.77666069583052,29.0,7.195662218375759,7.186814454629347,0.8040416964110461,12.81
2026-10-18 21:23:57,35.323384199071,35.23153576107456,40.98687258698604,62.985,16.374222856044103,16.273408630325275,5.777452946417231,29.005,7.195662218375759,7.186814454629347,0.8040416964110461,12.81
2026-10-18 21:38:57,35.323384199071,35.23153576107456,40.98687258698604,62.985,16.374222856044103,16.273408630325275,5.777452946417231,29.005,7.195662218375759,7.186814454629347,0.8040416964110461,12.81
2026-10-18 21:53:57,35.323384199071,35.23153576107456,40.98687258698604,62.985,16.374222856044103,16.273408630325275,5.777452946417231,29.005,7.195662218375759,7.186814454629347,0.8040416964110461,12.81
2026-10-18 22:08:57,35.49485038717513,35.41381590442694,41.188868632674605,63.305,16.481584800525766,16.37308066635318,5.812149869336034,29.18,7.246380031775369,7.240202960067358,0.8101251677770818,12.905
2026-10-18 22:23:57,35.49485038717513,35.41381590442694,41.188868632674605,63.305,16.481584800525766,16.37308066635318,5.812149869336034,29.18,7.246380031775369,7.240202960067358,0.8101251677770818,12.905
2026-10-18 22:38:57,35.49485038717513,35.41381590442694,41.188868632674605,63.305,16.481584800525766,16.37308066635318,5.812149869336034,29.18,7.249431005171607,7.24150841084411,0.810398184053141,12.91
2026-10-18 22:53:57,35.49959741985834,35.41620887221504,41.193864558347826,63.31,16.481584800525766,16.37308066635318,5.812149869336034,29.18,7.249431005171607,7.24150841084411,0.810398184053141,12.91
2026-10-18 23:08:57,35.7235306387865,35.63329210475914,41.43912709105061,63.695,16.619332090652573,16.49803530105311,5.857254614167372,29.405,7.321260793589318,7.306282252892404,0.8186266449376263,13.04
2026-10-18 23:23:57,35.80089040335884,35.703327434759856,41.52568812059996,63.83,16.63908503128981,16.521518252643226,5.864203906412075,29.44,7.338760956969698,7.327220247184781,0.8212235519977295,13.075
2026-10-18 23:38:57,35.80476975963546,35.70612022902867,41.52898091408192,63.835,16.63908503128981,16.521518252643226,5.864203906412075,29.44,7.338760956969698,7.327220247184781,0.8212235519977295,13.075
2026-10-18 23:53:57,35.80476975963546,35.70612022902867,41.52898091408192,63.835,16.63908503128981,16.521518252643226,5.864203906412075,29.44,7.338760956969698,7.327220247184781,0.8212235519977295,13.075
2026-10-19 00:08:57,35.80476975963546,35.70612022902867,41.52898091408192,63.835,16.63908503128981,16.521518252643226,5.864203906412075,29.44,7.338760956969698,7.327220247184781,0.8212235519977295,13.075
2026-10-19 00:23:57,35.838191057701934,35.73341512176987,41.556280197447045,63.885,16.645087219667626,16.524778653422842,5.86600191526755,29.45,7.344678704599741,7.334509013537778,0.8216686318121164,13.085
2026-10-19 00:38:57,35.842943390073,35.73603480607143,41.55841839951915,63.89,16.645087219667626,16.524778653422842,5.86600191526755,29.45,7.344678704599741,7.334509013537778,0.8216686318121164,13.085
2026-10-19 00:53:57,35.842943390073,35.73603480607143,41.55841839951915,63.89,16.645087219667626,16.524778653422842,5.86600191526755,29.45,7.344678704599741,7.334509013537778,0.8216686318121164,13.085
2026-10-19 01:08:57,35.934820518073295,35.82427020470918,41.663820481602635,64.055,16.69356253400503,16.571583226732333,5.884712678056628,29.535,7.363531881661887,7.358951242431333,0.8240913394245559,13.12
2026-10-19 01:23:57,36.38450456605559,36.288079317454326,42.174596709503355,64.87,16.959497934548775,16.828641756474774,5.973758864390249,29.97,7.49475833911176,7.505703366639505,0.8396565575342947,13.37
2026-10-19 01:38:57,36.38450456605559,36.288079317454326,42.174596709503355,64.87,16.959497934548775,16.828641756474774,5.973758864390249,29.97,7.49475833911176,7.505703366639505,0.8396565575342947,13.37
2026-10-19 01:53:57,36.491026191636045,36.38219443013123,42.287168114751886,65.05,17.002862205769553,16.877879840664235,5.988202654077405,30.045,7.5322177412896085,7.55047878287694,0.8436408028273811,13.44
2026-10-19 02:08:57,36.619904951467234,36.51612030834662,42.42753405676696,65.26,17.049348259627155,16.92212142443306,6.005162625606759,30.13,7.560281989514825,7.593849214876776,0.8472498277459146,13.505
2026-10-19 02:23:57,36.619904951467234,36.51612030834662,42.42753405676696,65.26,17.049348259627155,16.92212142443306,6.005162625606759,30.13,7.560281989514825,7.593849214876776,0.8472498277459146,13.505
2026-10-19 02:38:57,36.620663833976934,36.51950870351511,42.42924427792875,65.265,17.049348259627155,16.92212142443306,6.005162625606759,30.13,7.560281989514825,7.593849214876776,0.8472498277459146,13.505
2026-10-19 02:53:57,36.620663833976934,36.51950870351511,42.42924427792875,65.265,17.049348259627155,16.92212142443306,6.005162625606759,30.13,7.560281989514825,7.593849214876776,0.8472498277459146,13.505
2026-10-19 03:08:57,36.620663833976934,36.51950870351511,42.42924427792875,65.265,17.049348259627155,16.92212142443306,6.005162625606759,30.13,7.560281989514825,7.593849214876776,0.8472498277459146,13.505
2026-10-19 03:23:57,36.620663833976934,36.51950870351511,42.42924427792875,65.265,17.049348259627155,16.92212142443306,6.005162625606759,30.13,7.560281989514825,7.593849214876776,0.8472498277459146,13.505
2026-10-19 03:38:57,36.62191158890037,36.522931035333194,42.432313891733244,65.27,17.049348259627155,16.92212142443306,6.005162625606759,30.13,7.560281989514825,7.593849214876776,0.8472498277459146,13.505
2026-10-19 03:53:57,36.62191158890037,36.522931035333194,42.432313891733244,65.27,17.049348259627155,16.92212142443306,6.005162625606759,30.13,7.560281989514825,7.593849214876776,0.8472498277459146,13.505
2026-10-19 04:08:57,36.62191158890037,36.522931035333194,42.432313891733244,65.27,17.049348259627155,16.92212142443306,6.005162625606759,30.13,7.560281989514825,7.593849214876776,0.8472498277459146,13.505
2026-10-19 04:23:57,36.62191158890037,36.522931035333194,42.432313891733244,65.27,17.049348259627155,16.92212142443306,6.005162625606759,30.13,7.560281989514825,7.593849214876776,0.8472498277459146,13.505
2026-10-19 04:38:57,36.62191158890037,36.522931035333194,42.432313891733244,65.27,17.049348259627155,16.92212142443306,6.005162625606759,30.13,7.560281989514825,7.593849214876776,0.8472498277459146,13.505
2026-10-19 04:53:57,36.62191158890037,36.522931035333194,42.432313891733244,65.27,17.049348259627155,16.92212142443306,6.005162625606759,30.13,7.560281989514825,7.593849214876776,0.8472498277459146,13.505
2026-10-19 05:08:57,36.62191158890037,36.522931035333194,42.432313891733244,65.27,17.049348259627155,16.92212142443306,6.005162625606759,30.13,7.560281989514825,7.593849214876776,0.8472498277459146,13.505
2026-10-19 05:23:57,36.62191158890037,36.522931035333194,42.432313891733244,65.27,17.049348259627155,16.92212142443306,6.005162625606759,30.13,7.560281989514825,7.593849214876776,0.8472498277459146,13.505
2026-10-19 05:38:57,36.62191158890037,36.522931035333194,42.432313891733244,65.27,17.049348259627155,16.92212142443306,6.005162625606759,30.13,7.560281989514825,7.593849214876776,0.8472498277459146,13.505
2026-10-19 05:53:57,36.62191158890037,36.522931035333194,42.432313891733244,65.27,17.049348259627155,16.92212142443306,6.005162625606759,30.13,7.560281989514825,7.593849214876776,0.8472498277459146,13.505
2026-10-19 06:08:57,36.62191158890037,36.522931035333194,42.432313891733244,65.27,17.049348259627155,16.92212142443306,6.005162625606759,30.13,7.560281989514825,7.593849214876776,0.8472498277459146,13.505
2026-10-19 06:23:57,36.62191158890037,36.522931035333194,42.432313891733244,65.27,17.049348259627155,16.92212142443306,6.005162625606759,30.13,7.560281989514825,7.593849214876776,0.8472498277459146,13.505
2026-10-19 06:38:57,36.62191158890037,36.522931035333194,42.432313891733244,65.27,17.049348259627155,16.92212142443306,6.005162625606759,30.13,7.560281989514825,7.593849214876776,0.8472498277459146,13.505
2026-10-19 06:53:57,36.62191158890037,36.522931035333194,42.432313891733244,65.27,17.05219656490617,16.92667692230856,6.006157178096755,30.135,7.560281989514825,7.593849214876776,0.8472498277459146,13.505
2026-10-19 07:08:57,36.62397078764956,36.52741969284228,42.43696318886817,65.275,17.05550372088621,16.92852877652166,6.0074079579999,30.14,7.560281989514825,7.593849214876776,0.8472498277459146,13.505
2026-10-19 07:23:57,36.62397078764956,36.52741969284228,42.43696318886817,65.275,17.05550372088621,16.92852877652166,6.0074079579999,30.14,7.560281989514825,7.593849214876776,0.8472498277459146,13.505
2026-10-19 07:38:57,36.62397078764956,36.52741969284228,42.43696318886817,65.275,17.05550372088621,16.92852877652166,6.0074079579999,30.14,7.560281989514825,7.593849214876776,0.8472498277459146,13.505
2026-10-19 07:53:57,36.62397078764956,36.52741969284228,42.43696318886817,65.275,17.05550372088621,16.92852877652166,6.0074079579999,30.14,7.560281989514825,7.593849214876776,0.8472498277459146,13.505
2026-10-19 08:08:57,36.62397078764956,36.52741969284228,42.43696318886817,65.275,17.056664899029375,16.931177519308097,6.00851040304429,30.145,7.560281989514825,7.593849214876776,0.8472498277459146,13.505
2026-10-19 08:23:57,36.62397078764956,36.52741969284228,42.43696318886817,65.275,17.056664899029375,16.931177519308097,6.00851040304429,30.145,7.560281989514825,7.593849214876776,0.8472498277459146,13.505
2026-10-19 08:38:57,36.62397078764956,36.52741969284228,42.43696318886817,65.275,17.056664899029375,16.931177519308097,6.00851040304429,30.145,7.560281989514825,7.593849214876776,0.8472498277459146,13.505
2026-10-19 08:53:57,36.62397078764956,36.52741969284228,42.43696318886817,65.275,17.056664899029375,16.931177519308097,6.00851040304429,30.145,7.560281989514825,7.593849214876776,0.8472498277459146,13.505
2026-10-19 09:08:57,36.62397078764956,36.52741969284228,42.43696318886817,65.275,17.056664899029375,16.931177519308097,6.00851040304429,30.145,7.560281989514825,7.593849214876776,0.8472498277459146,13.505
2026-10-19 09:23:57,36.62397078764956,36.52741969284228,42.43696318886817,65.275,17.056664899029375,16.931177519308097,6.00851040304429,30.145,7.560281989514825,7.593849214876776,0.8472498277459146,13.505
2026-10-19 09:38:57,36.62397078764956,36.52741969284228,42.43696318886817,65.275,17.056664899029375,16.931177519308097,6.00851040304429,30.145,7.560281989514825,7.593849214876776,0.8472498277459146,13.505
2026-10-19 09:53:57,36.62397078764956,36.52741969284228,42.43696318886817,65.275,17.056664899029375,16.931177519308097,6.00851040304429,30.145,7.560281989514825,7.593849214876776,0.8472498277459146,13.505
2026-10-19 10:08:57,36.6254505774249,36.53233018539699,42.43909120967681,65.28,17.056664899029375,16.931177519308097,6.00851040304429,30.145,7.560281989514825,7.593849214876776,0.8472498277459146,13.505
2026-10-19 10:23:57,36.6254505774249,36.53233018539699,42.43909120967681,65.28,17.056664899029375,16.931177519308097,6.00851040304429,30.145,7.560281989514825,7.593849214876776,0.8472498277459146,13.505
2026-10-19 10:38:57,36.6254505774249,36.53233018539699,42.43909120967681,65.28,17.056664899029375,16.931177519308097,6.00851040304429,30.145,7.560281989514825,7.593849214876776,0.8472498277459146,13.505
2026-10-19 10:53:57,36.6254505774249,36.53233018539699,42.43909120967681,65.28,17.056664899029375,16.931177519308097,6.00851040304429,30.145,7.560281989514825,7.593849214876776,0.8472498277459146,13.505
2026-10-19 11:08:57,36.6254505774249,36.53233018539699,42.43909120967681,65.28,17.056664899029375,16.931177519308097,6.00851040304429,30.145,7.560281989514825,7.593849214876776,0.8472498277459146,13.505
2026-10-19 11:23:57,36.6254505774249,36.53233018539699,42.43909120967681,65.28,17.056664899029375,16.931177519308097,6.00851040304429,30.145,7.560281989514825,7.593849214876776,0.8472498277459146,13.505
2026-10-19 11:38:57,36.6254505774249,36.53233018539699,42.43909120967681,65.28,17.056664899029375,16.931177519308097,6.00851040304429,30.145,7.560281989514825,7.593849214876776,0.8472498277459146,13.505
2026-10-19 11:53:57,36.6254505774249,36.53233018539699,42.43909120967681,65.28,17.056664899029375,16.931177519308097,6.00851040304429,30.145,7.560281989514825,7.593849214876776,0.8472498277459146,13.505
2026-10-19 12:08:57,36.66200818365157,36.58842307059475,42.49794334374937,65.365,17.069843894415186,16.944965448976536,6.013190972135935,30.17,7.564817620031706,7.595585907855328,0.847457288916085,13.51
2026-10-19 12:23:57,36.7345658612617,36.669660823069165,42.58406911587397,65.5,17.088488960820392,16.963447801234864,6.019506561688296,30.2,7.5697745664533125,7.601624673044223,0.8479633309309914,13.52
2026-10-19 12:38:57,36.7963172907232,36.730234867695316,42.65042729700094,65.615,17.104185736457175,16.974626061009705,6.024529462936272,30.225,7.570883840686502,7.605955359355996,0.8483185806843728,13.525
2026-10-19 12:53:57,36.82388597673729,36.75319231563805,42.676922394978526,65.66,17.10755322819324,16.98164719661214,6.02656198975964,30.235,7.573861082241689,7.610917787273166,0.8485927102000731,13.53
2026-10-19 13:08:57,36.82388597673729,36.75319231563805,42.676922394978526,65.66,17.10755322819324,16.98164719661214,6.02656198975964,30.235,7.573861082241689,7.610917787273166,0.8485927102000731,13.53
2026-10-19 13:23:57,36.82388597673729,36.75319231563805,42.676922394978526,65.66,17.10755322819324,16.98164719661214,6.02656198975964,30.235,7.573861082241689,7.610917787273166,0.8485927102000731,13.53
2026-10-19 13:38:57,36.82388597673729,36.75319231563805,42.676922394978526,65.66,17.10755322819324,16.98164719661214,6.02656198975964,30.235,7.573861082241689,7.610917787273166,0.8485927102000731,13.53
2026-10-19 13:53:57,36.82388597673729,36.75319231563805,42.676922394978526,65.66,17.10755322819324,16.98164719661214,6.02656198975964,30.235,7.573861082241689,7.610917787273166,0.8485927102000731,13.53
2026-10-19 14:08:57,36.85613207619167,36.77857966799386,42.70597450191271,65.705,17.11699905137564,16.987549594208932,6.02845740446216,30.245,7.582828363285101,7.612643374458409,0.8490312601450725,13.54
2026-10-19 14:23:57,36.87979744843875,36.81356635855086,42.735992787854826,65.75,17.126835811982378,16.993238815381705,6.0316557557439205,30.26,7.591139799632655,7.61986654452455,0.849934487193904,13.55
2026-10-19 14:38:57,36.924259904672724,36.86443933512044,42.787462591160235,65.825,17.156902410381598,17.022700208612815,6.04189963707858,30.31,7.606588925214877,7.631116180468573,0.8512028299624207,13.575
2026-10-19 14:53:57,36.95583608747243,36.891943944423105,42.82053083028926,65.88,17.16359168490651,17.024720419041124,6.043657550780705,30.32,7.613425407118182,7.637504651500686,0.8517267627800631,13.585
2026-10-19 15:08:57,37.00692684537607,36.93787559406388,42.87081401638557,65.965,17.170769564199126,17.03338767429207,6.046735463406798,30.335,7.619753548164183,7.651479777066262,0.8530630876761653,13.6
2026-10-19 15:23:57,37.03769211913445,36.96504980652936,42.902306507214654,66.015,17.176361202909,17.041832194282392,6.048206003981605,30.345,7.619753548164183,7.651479777066262,0.8530630876761653,13.6
2026-10-19 15:38:57,37.08325065294796,37.001976810234446,42.9427782597136,66.085,17.195461122920964,17.066215476162018,6.056203792782518,30.38,7.622183108029193,7.655525877785979,0.853472903441162,13.61
2026-10-19 15:53:57,37.112891751399154,37.028408884810666,42.97853357000078,66.135,17.19722976523248,17.069215480187054,6.057432311003744,30.385,7.626527696151981,7.660032273016905,0.8536614222711201,13.615
2026-10-19 16:08:57,37.112891751399154,37.028408884810666,42.97853357000078,66.135,17.19722976523248,17.069215480187054,6.057432311003744,30.385,7.626527696151981,7.660032273016905,0.8536614222711201,13.615
2026-10-19 16:23:57,37.14383728666416,37.06370211767882,43.022895159923095,66.195,17.21638785699603,17.094515076018777,6.064742628887855,30.425,7.632983249398804,7.662891641071481,0.8543996027646102,13.625
2026-10-19 16:38:57,37.20984022034185,37.11991946465971,43.09369189036068,66.31,17.250604594186797,17.118737436555797,6.0756258219699,30.48,7.641841595233186,7.675909013810279,0.8553976390200632,13.645
2026-10-19 16:53:57,37.25081287965786,37.173838496577616,43.151118274694554,66.4,17.26764205023481,17.14132024899036,6.081175633427709,30.51,7.666424872516246,7.698411609924196,0.8583125484682609,13.69
2026-10-19 17:08:57,37.268215367644856,37.18368118837619,43.17045185157154,66.425,17.27205460312172,17.14588311723871,6.082213479383358,30.515,7.666424872516246,7.698411609924196,0.8583125484682609,13.69
2026-10-19 17:23:57,37.29421288718687,37.21666187458382,43.20804071865581,66.48,17.28456962280357,17.157658449428364,6.088275718422199,30.54,7.666424872516246,7.698411609924196,0.8583125484682609,13.69
2026-10-19 17:38:57,37.354863893713855,37.27107267322727,43.2799628922382,66.59,17.31047045129319,17.17658340870729,6.09784949869879,30.585,7.674445925776877,7.702101256614397,0.8588387807851878,13.7
2026-10-19 17:53:57,37.37280721525464,37.28820450376162,43.2939476594736,66.615,17.316468149789593,17.190372313357496,6.101111761321654,30.6,7.677005718633839,7.707094202864194,0.8592123563944629,13.705
2026-10-19 18:08:57,37.382405510442446,37.298008388499724,43.30292764047276,66.63,17.32835221038052,17.19972892253126,6.105276907099129,30.62,7.677005718633839,7.707094202864194,0.8592123563944629,13.705
2026-10-19 18:23:57,37.48402094288213,37.399909008069095,43.40827911930277,66.8,17.36465449897301,17.231877140934255,6.116899465367017,30.68,7.703742056630501,7.737849092419362,0.862432849241173,13.76
2026-10-19 18:38:57,37.79518498613154,37.70994256550809,43.761307591337975,67.33,17.48449472151604,17.374158142313924,6.16476385103386,30.92,7.771556774853213,7.812354151102518,0.8699713507174512,13.885
2026-10-19 18:53:57,38.01050209581015,37.91561010564626,44.00302615991886,67.7,17.59171739448786,17.46162493952338,6.199310733337225,31.095,7.824066547647191,7.862962636989296,0.8757257543356791,13.98
2026-10-19 19:08:57,38.11456767386483,38.02693131307436,44.13497570229394,67.905,17.661219930639778,17.536542297438515,6.221914696690238,31.22,7.846744535546515,7.882895082491094,0.878846516160004,14.035
2026-10-19 19:23:57,38.20489103469469,38.15367461069599,44.26956524633028,68.105,17.69646676453764,17.572324121150146,6.2331512369303095,31.28,7.858666327612062,7.89836763915026,0.8806671223441676,14.065
2026-10-19 19:38:57,38.293780268315054,38.24201622095794,44.38867753260276,68.285,17.734219566339952,17.615453308287545,6.245529520639314,31.345,7.876578746721052,7.911687540618725,0.8827340695027586,14.095
2026-10-19 19:53:57,38.36161260734961,38.31745008934085,44.47705896022522,68.42,17.793468614915017,17.678537449633307,6.266184096415396,31.445,7.915065011844125,7.942066650808443,0.885725342377927,14.145
2026-10-19 20:08:57,38.492646115566664,38.45815016954159,44.62486654050983,68.66,17.884745145624514,17.751929089500447,6.293616723828428,31.585,7.922754046084804,7.955367494420429,0.8871797429082087,14.165
2026-10-19 20:23:57,38.55366586804675,38.51613132840132,44.70183615201962,68.765,17.937077890958683,17.8049159242809,6.310293872336436,31.665,7.934222875380346,7.966667572348998,0.8886291141992405,14.185
2026-10-19 20:38:57,38.840506401319935,38.80397552371744,45.00564064347321,69.24,18.035305581645222,17.913290491552672,6.348736626353518,31.85,7.989844057906061,8.025166271524013,0.8949748029720466,14.285
2026-10-19 20:53:57,39.09927705743295,39.07328401600693,45.33648351184925,69.735,18.181284616261017,18.06004177100264,6.396954863749014,32.09,8.047534121559824,8.08238261444137,0.9018733947380311,14.385
2026-10-19 21:08:57,39.24127784249315,39.21480842666835,45.503491011414646,69.995,18.238573048565552,18.128946782122448,6.420833388167838,32.2,8.076710620926185,8.107873181731142,0.9044388890864713,14.43
2026-10-19 21:23:57,39.410234325044364,39.40159016396259,45.70067629763739,70.3,18.313526501790815,18.224491541290657,6.447822966083618,32.34,8.125067372964397,8.163443626552109,0.910015260382951,14.52
2026-10-19 21:38:57,39.717331603830566,39.71037333231135,46.07545681452635,70.855,18.486551820881125,18.40124354931659,6.505317669609634,32.645,8.215390253855947,8.251853533511307,0.920514929022904,14.675
2026-10-19 21:53:57,39.90044403588901,39.88666421471576,46.29988835607683,71.2,18.5981227809236,18.52155706674678,6.543590100842005,32.845,8.261799994834854,8.299271101633394,0.9263146190328198,14.76
2026-10-19 22:08:57,40.082363407277924,40.07768622505711,46.532153185093655,71.555,18.73002912793866,18.64663974452662,6.589651260014732,33.08,8.308926860139694,8.339775421628334,0.9320177045677605,14.84
2026-10-19 22:23:57,40.30483325231554,40.28684619081222,46.78987258898386,71.925,18.82991453455649,18.73427235056607,6.6210835376432025,33.235,8.342688048715491,8.381453446907488,0.9363227272408069,14.92
2026-10-19 22:38:57,40.40617712250248,40.380587002473156,46.88538966372786,72.095,18.911953411854263,18.81640923977272,6.646328263967736,33.36,8.365111568018165,8.408281171914794,0.9386562178725977,14.965
2026-10-19 22:53:57,40.54536295547648,40.49131003371774,47.02814793793038,72.325,18.94245023049305,18.853685183954074,6.657763460744143,33.415,8.388390122974737,8.425898962520058,0.9407645457620761,15.0
2026-10-19 23:08:57,40.54673177243834,40.49246551302164,47.030268981228424,72.33,18.94245023049305,18.853685183954074,6.657763460744143,33.415,8.388390122974737,8.425898962520058,0.9407645457620761,15.0
2026-10-19 23:23:57,40.54673177243834,40.49246551302164,47.030268981228424,72.33,18.94245023049305,18.853685183954074,6.657763460744143,33.415,8.388390122974737,8.425898962520058,0.9407645457620761,15.0
2026-10-19 23:38:57,40.54673177243834,40.49246551302164,47.030268981228424,72.33,18.94245023049305,18.853685183954074,6.657763460744143,33.415,8.388390122974737,8.425898962520058,0.9407645457620761,15.0
2026-10-19 23:53:57,40.54673177243834,40.49246551302164,47.030268981228424,72.33,18.94245023049305,18.853685183954074,6.657763460744143,33.415,8.388390122974737,8.425898962520058,0.9407645457620761,15.0
2026-10-20 00:08:57,40.730638629046894,40.676706154405345,47.243770060283204,72.66,19.048380692597824,18.948558207463066,6.69216350905298,33.59,8.427158121649718,8.48052434784434,0.94553414208701,15.09
2026-10-20 00:23:57,40.74130438502704,40.68623030518125,47.253928964727194,72.675,19.048380692597824,18.948558207463066,6.69216350905298,33.59,8.427158121649718,8.48052434784434,0.94553414208701,15.09
2026-10-20 00:38:57,40.74130438502704,40.68623030518125,47.253928964727194,72.675,19.051796551473963,18.9500959952427,6.693178382734357,33.595,8.427158121649718,8.48052434784434,0.94553414208701,15.09
2026-10-20 00:53:57,40.74130438502704,40.68623030518125,47.253928964727194,72.675,19.051796551473963,18.9500959952427,6.693178382734357,33.595,8.427158121649718,8.48052434784434,0.94553414208701,15.09
2026-10-20 01:08:57,40.74130438502704,40.68623030518125,47.253928964727194,72.675,19.051796551473963,18.9500959952427,6.693178382734357,33.595,8.427158121649718,8.48052434784434,0.94553414208701,15.09
2026-10-20 01:23:57,40.74130438502704,40.68623030518125,47.253928964727194,72.675,19.051796551473963,18.9500959952427,6.693178382734357,33.595,8.427158121649718,8.48052434784434,0.94553414208701,15.09
2026-10-20 01:38:57,40.74130438502704,40.68623030518125,47.253928964727194,72.675,19.051796551473963,18.9500959952427,6.693178382734357,33.595,8.427158121649718,8.48052434784434,0.94553414208701,15.09
2026-10-20 01:53:57,40.74130438502704,40.68623030518125,47.253928964727194,72.675,19.051796551473963,18.9500959952427,6.693178382734357,33.595,8.427158121649718,8.48052434784434,0.94553414208701,15.09
2026-10-20 02:08:57,40.74130438502704,40.68623030518125,47.253928964727194,72.675,19.051796551473963,18.9500959952427,6.693178382734357,33.595,8.427158121649718,8.48052434784434,0.94553414208701,15.09
2026-10-20 02:23:57,40.74130438502704,40.68623030518125,47.253928964727194,72.675,19.054794309726347,18.95468625614605,6.694236870616342,33.6,8.427158121649718,8.48052434784434,0.94553414208701,15.09
2026-10-20 02:38:57,40.74130438502704,40.68623030518125,47.253928964727194,72.675,19.054794309726347,18.95468625614605,6.694236870616342,33.6,8.427158121649718,8.48052434784434,0.94553414208701,15.09
2026-10-20 02:53:57,40.74130438502704,40.68623030518125,47.253928964727194,72.675,19.054794309726347,18.95468625614605,6.694236870616342,33.6,8.427158121649718,8.48052434784434,0.94553414208701,15.09
2026-10-20 03:08:57,40.74130438502704,40.68623030518125,47.253928964727194,72.675,19.054794309726347,18.95468625614605,6.694236870616342,33.6,8.427158121649718,8.48052434784434,0.94553414208701,15.09
2026-10-20 03:23:57,40.74130438502704,40.68623030518125,47.253928964727194,72.675,19.054794309726347,18.95468625614605,6.694236870616342,33.6,8.427158121649718,8.48052434784434,0.94553414208701,15.09
2026-10-20 03:38:57,40.74130438502704,40.68623030518125,47.253928964727194,72.675,19.054794309726347,18.95468625614605,6.694236870616342,33.6,8.427158121649718,8.48052434784434,0.94553414208701,15.09
2026-10-20 03:53:57,40.74130438502704,40.68623030518125,47.253928964727194,72.675,19.054794309726347,18.95468625614605,6.694236870616342,33.6,8.427158121649718,8.48052434784434,0.94553414208701,15.09
2026-10-20 04:08:57,40.74130438502704,40.68623030518125,47.253928964727194,72.675,19.054794309726347,18.95468625614605,6.694236870616342,33.6,8.427158121649718,8.48052434784434,0.94553414208701,15.09
2026-10-20 04:23:57,40.74130438502704,40.68623030518125,47.253928964727194,72.675,19.054794309726347,18.95468625614605,6.694236870616342,33.6,8.427158121649718,8.48052434784434,0.94553414208701,15.09
2026-10-20 04:38:57,40.92398709376443,40.87415244727584,47.47233031568705,73.025,19.157883069059107,19.071336539774542,6.733652664980668,33.795,8.500337898622524,8.552646087855951,0.9526451189372114,15.21
2026-10-20 04:53:57,41.007322142056715,40.979900993033255,47.57929092056687,73.18,19.20867845873378,19.13178367938974,6.753788079530229,33.9,8.526720587378689,8.576222134125478,0.9550076406131685,15.25
2026-10-20 05:08:57,41.007322142056715,40.979900993033255,47.57929092056687,73.18,19.20867845873378,19.13178367938974,6.753788079530229,33.9,8.526720587378689,8.576222134125478,0.9550076406131685,15.25
2026-10-20 05:23:57,41.170484222688984,41.11784664656739,47.731242012874226,73.415,19.265014539418747,19.183719190374465,6.770380436750169,33.985,8.554441902824133,8.605325676114969,0.958354825145795,15.305
2026-10-20 05:38:57,41.31020717416952,41.26704195062357,47.900928501454125,73.685,19.361007288349533,19.278677896906224,6.801323235272309,34.14,8.590481094246375,8.644393002686984,0.962717473878155,15.37
2026-10-20 05:53:57,41.44432488829366,41.409990228749244,48.071035677231436,73.935,19.424812193474015,19.35815145926612,6.829024501353125,34.275,8.630424763505493,8.675796647865383,0.9671516509013882,15.435
2026-10-20 06:08:57,41.44432488829366,41.409990228749244,48.071035677231436,73.935,19.424812193474015,19.35815145926612,6.829024501353125,34.275,8.630424763505493,8.675796647865383,0.9671516509013882,15.435
2026-10-20 06:23:57,41.44432488829366,41.409990228749244,48.071035677231436,73.935,19.424812193474015,19.35815145926612,6.829024501353125,34.275,8.630424763505493,8.675796647865383,0.9671516509013882,15.435
2026-10-20 06:38:57,41.44432488829366,41.409990228749244,48.071035677231436,73.935,19.424812193474015,19.35815145926612,6.829024501353125,34.275,8.630424763505493,8.675796647865383,0.9671516509013882,15.435
2026-10-20 06:53:57,41.448356080397105,41.413161301439295,48.074005865408154,73.94,19.424812193474015,19.35815145926612,6.829024501353125,34.275,8.630424763505493,8.675796647865383,0.9671516509013882,15.435
2026-10-20 07:08:57,41.45543116304788,41.41914617247181,48.08108044939858,73.95,19.424812193474015,19.35815145926612,6.829024501353125,34.275,8.630424763505493,8.675796647865383,0.9671516509013882,15.435
2026-10-20 07:23:57,41.458676007071354,41.424126245150326,48.08286490995704,73.955,19.42782524960533,19.36260890021044,6.8297728264013715,34.28,8.630424763505493,8.675796647865383,0.9671516509013882,15.435
2026-10-20 07:38:57,41.458676007071354,41.424126245150326,48.08286490995704,73.955,19.42782524960533,19.36260890021044,6.8297728264013715,34.28,8.630424763505493,8.675796647865383,0.9671516509013882,15.435
2026-10-20 07:53:57,41.458676007071354,41.424126245150326,48.08286490995704,73.955,19.42782524960533,19.36260890021044,6.8297728264013715,34.28,8.630424763505493,8.675796647865383,0.9671516509013882,15.435
2026-10-20 08:08:57,41.65552381654966,41.60308702729296,48.29455087953187,74.29,19.54772007797292,19.48276841573294,6.872108962017141,34.485,8.688499438227824,8.726019740462409,0.9731802907604573,15.52
2026-10-20 08:23:57,41.70739319126428,41.65582470313836,48.36278016133317,74.385,19.56921440096796,19.500046117803464,6.880616853376263,34.525,8.706978843123531,8.745185477140359,0.9755434655229059,15.555
2026-10-20 08:38:57,41.76750993338945,41.71921350565474,48.43110097223579,74.495,19.605575754101885,19.539997142351428,6.891874551089344,34.59,8.713274832844299,8.749482305183978,0.9762031177805921,15.565
2026-10-20 08:53:57,41.858405920841946,41.80242965862843,48.53090323570815,74.645,19.65713499997734,19.596953919903296,6.91127371689351,34.69,8.731972721947415,8.769157607380047,0.9783566792216706,15.595
2026-10-20 09:08:57,41.958372761358774,41.89282364954935,48.625912846212216,74.8,19.696076489118937,19.636289895408606,6.924500039932192,34.755,8.749809481239447,8.788002791027257,0.9804840958439444,15.625
2026-10-20 09:23:57,42.032474130669584,41.970155615145615,48.73573155754016,74.955,19.752176288533853,19.69121772331745,6.941251163857276,34.85,8.760984336760417,8.805595029307208,0.9822609571566998,15.655
2026-10-20 09:38:57,42.099185602081825,42.03896548135703,48.81240355608431,75.075,19.809739816150238,19.751481052168515,6.958272697881431,34.935,8.772431787337457,8.81905386928034,0.9833193286159368,15.675
2026-10-20 09:53:57,42.103860954086954,42.04273610203039,48.8165561291879,75.08,19.809739816150238,19.751481052168515,6.958272697881431,34.935,8.772431787337457,8.81905386928034,0.9833193286159368,15.675
2026-10-20 10:08:57,42.19360959480572,42.130814134190885,48.91683426917201,75.235,19.86529716436709,19.80115444583362,6.9755660619836775,35.02,8.784201645153697,8.82930541295416,0.9840360255674132,15.695
2026-10-20 10:23:57,42.19360959480572,42.130814134190885,48.91683426917201,75.235,19.86529716436709,19.80115444583362,6.9755660619836775,35.02,8.784201645153697,8.82930541295416,0.9840360255674132,15.695
2026-10-20 10:38:57,42.19360959480572,42.130814134190885,48.91683426917201,75.235,19.86529716436709,19.80115444583362,6.9755660619836775,35.02,8.784201645153697,8.82930541295416,0.9840360255674132,15.695
2026-10-20 10:53:57,42.19360959480572,42.130814134190885,48.91683426917201,75.235,19.86529716436709,19.80115444583362,6.9755660619836775,35.02,8.784201645153697,8.82930541295416,0.9840360255674132,15.695
2026-10-20 11:08:57,42.19360959480572,42.130814134190885,48.91683426917201,75.235,19.86529716436709,19.80115444583362,6.9755660619836775,35.02,8.784201645153697,8.82930541295416,0.9840360255674132,15.695
2026-10-20 11:23:57,42.19360959480572,42.130814134190885,48.91683426917201,75.235,19.86529716436709,19.80115444583362,6.9755660619836775,35.02,8.784201645153697,8.82930541295416,0.9840360255674132,15.695
2026-10-20 11:38:57,42.19360959480572,42.130814134190885,48.91683426917201,75.235,19.86529716436709,19.80115444583362,6.9755660619836775,35.02,8.784201645153697,8.82930541295416,0.9840360255674132,15.695
2026-10-20 11:53:57,42.19360959480572,42.130814134190885,48.91683426917201,75.235,19.86529716436709,19.80115444583362,6.9755660619836775,35.02,8.784201645153697,8.82930541295416,0.9840360255674132,15.695
2026-10-20 12:08:57,42.205408282490524,42.1464857288743,48.935213407255205,75.26,19.866563707021026,19.806144560146976,6.976392104013967,35.025,8.784201645153697,8.82930541295416,0.9840360255674132,15.695
2026-10-20 12:23:57,42.27967471480798,42.22068316946266,49.00743026492855,75.385,19.885796036774988,19.83363611243971,6.983591582112956,35.07,8.79163779928709,8.83135623094553,0.9846335128793512,15.705
2026-10-20 12:38:57,42.35728079429231,42.28349241392344,49.09023310319736,75.505,19.912196278616918,19.85963721000378,6.9922208849543095,35.115,8.79163779928709,8.83135623094553,0.9846335128793512,15.705
2026-10-20 12:53:57,42.38463837141925,42.30004908401485,49.11884671278042,75.545,19.92294440734964,19.874225664807604,6.996190869296157,35.135,8.802304126521776,8.841140967721655,0.9856170765318288,15.725
2026-10-20 13:08:57,42.441008021006056,42.358366847399544,49.194687437210355,75.655,19.952519198188906,19.904543845555242,7.005226842795454,35.18,8.8100309786515,8.849862396614341,0.9867544790718272,15.74
2026-10-20 13:23:57,42.4998746113815,42.41418158652485,49.26154392078488,75.755,19.96852610019161,19.91928395804413,7.010839790562363,35.21,8.814339066620326,8.85644465336016,0.9874961160130774,15.75
2026-10-20 13:38:57,42.595298270655945,42.514914934195,49.3645297785797,75.915,20.00078395943512,19.944461089117976,7.021536300247951,35.265,8.817627593153802,8.8594679349416,0.9876608037856204,15.755
2026-10-20 13:53:57,42.74341083357871,42.64870906581553,49.52294992542508,76.15,20.05081352994345,19.97741435128227,7.036052531935959,35.34,8.826238085910497,8.868560945973638,0.988383678667796,15.77
2026-10-20 14:08:57,42.76665994412986,42.677495557621484,49.55419685524735,76.2,20.066168171886282,19.991215068147454,7.041215067252894,35.365,8.826238085910497,8.868560945973638,0.988383678667796,15.77
2026-10-20 14:23:57,42.76665994412986,42.677495557621484,49.55419685524735,76.2,20.066168171886282,19.991215068147454,7.041215067252894,35.365,8.826238085910497,8.868560945973638,0.988383678667796,15.77
2026-10-20 14:38:57,42.77540781795601,42.69012266516534,49.566041095165744,76.22,20.066168171886282,19.991215068147454,7.041215067252894,35.365,8.826238085910497,8.868560945973638,0.988383678667796,15.77
2026-10-20 14:53:57,42.77540781795601,42.69012266516534,49.566041095165744,76.22,20.066168171886282,19.991215068147454,7.041215067252894,35.365,8.826238085910497,8.868560945973638,0.988383678667796,15.77
2026-10-20 15:08:57,42.783862605444,42.703386962575834,49.582593531105985,76.24,20.066168171886282,19.991215068147454,7.041215067252894,35.365,8.826238085910497,8.868560945973638,0.988383678667796,15.77
2026-10-20 15:23:57,42.80721885177536,42.73063986546339,49.60930986264454,76.28,20.078784887195393,20.01098876924926,7.045230894434104,35.39,8.83429203017534,8.872847566781296,0.9890014954317937,15.78
2026-10-20 15:38:57,42.81173311571173,42.74138073742124,49.61927654918319,76.295,20.08013524122363,20.012015483356482,7.0458162898471155,35.395,8.83429203017534,8.872847566781296,0.9890014954317937,15.78
2026-10-20 15:53:57,42.82062630421878,42.75279501031443,49.62684484230461,76.31,20.080793125769762,20.016304099035693,7.047070630077269,35.4,8.83429203017534,8.872847566781296,0.9890014954317937,15.78
2026-10-20 16:08:57,42.872847659788896,42.80664804580768,49.68526745432499,76.405,20.098999849641405,20.031494108006235,7.052193618743332,35.43,8.835960283619322,8.8755029613239,0.9893412189863031,15.785
2026-10-20 16:23:57,42.929084235080595,42.85674958241761,49.75017976455246,76.505,20.11564133407831,20.05634712919921,7.060208854098821,35.47,8.835960283619322,8.8755029613239,0.9893412189863031,15.785
2026-10-20 16:38:57,42.968866347314844,42.893786604798734,49.790052107479916,76.575,20.128340056808515,20.062475685651354,7.064974621381568,35.49,8.844719399525314,8.881238136190218,0.9903285068358946,15.8
2026-10-20 16:53:57,43.04280633692646,42.96303292793854,49.87575848852118,76.7,20.14400669967313,20.083977654590345,7.070589808440614,35.52,8.85327593002427,8.884337187921542,0.9908048078861659,15.81
2026-10-20 17:08:57,43.090891037753025,43.01204132525732,49.9324500344203,76.785,20.157940968972248,20.104155109020983,7.076110400443807,35.545,8.857969420432255,8.88656549822501,0.9911545885245396,15.815
2026-10-20 17:23:57,43.13660034511782,43.064851517109865,49.9955802800171,76.875,20.176802948474265,20.12997675420433,7.084088002518406,35.58,8.862881379970537,8.889394411064432,0.9915703186826258,15.82
2026-10-20 17:38:57,43.16191238493207,43.08226453395072,50.018811694435854,76.91,20.187979094234745,20.13684117620991,7.086313699868708,35.595,8.86371285422559,8.891228721236253,0.9919969769429634,15.825
2026-10-20 17:53:57,43.176948311061516,43.09802994435724,50.03525139786789,76.935,20.187979094234745,20.13684117620991,7.086313699868708,35.595,8.86371285422559,8.891228721236253,0.9919969769429634,15.825
2026-10-20 18:08:57,43.221056392697996,43.13895396497141,50.088911358915574,77.02,20.193543588615313,20.144358268109286,7.088238562349745,35.605,8.87511385337623,8.90382499379268,0.9927053045499282,15.845
2026-10-20 18:23:57,43.28867677131756,43.2155219295417,50.17193424970847,77.155,20.230202816041835,20.178958453502894,7.100025009604975,35.67,8.884888223363665,8.916812925203555,0.994185196764893,15.87
2026-10-20 18:38:57,43.62486742998892,43.553143177999985,50.56803344038071,77.755,20.38662622386862,20.33120198380044,7.1587664060794545,35.965,8.969559090283788,9.002103836367631,1.0046633945050478,16.04
2026-10-20 18:53:57,43.733397184613004,43.64784002332123,50.6854183926692,77.935,20.45004330899816,20.403531534859304,7.182320739725408,36.09,8.99113155827366,9.019988270553116,1.007145865793109,16.08
2026-10-20 19:08:57,43.85890855950805,43.7757950678524,50.8413659337411,78.155,20.507600995194018,20.454268726178626,7.199269946251091,36.175,9.014841180551995,9.049531271537067,1.0103359718895304,16.13
2026-10-20 19:23:57,43.95828752693636,43.86700501603911,50.95963757138045,78.345,20.571181440820116,20.527283080462162,7.22495483305555,36.3,9.029266373119677,9.062998232610415,1.0125489457829762,16.165
2026-10-20 19:38:57,44.215784634423535,44.11986962680564,51.26495585582254,78.8,20.66232278877466,20.63014016423748,7.254917741931658,36.475,9.073770895378273,9.116433715482861,1.0168789836092051,16.25
2026-10-20 19:53:57,44.25267999244715,44.16376632558475,51.31949259847834,78.88,20.680447393000314,20.65547586310725,7.263093274444301,36.51,9.08312823358489,9.127458328903431,1.017877246232994,16.27
2026-10-20 20:08:57,44.37994635091554,44.29271994782193,51.47704164647351,79.12,20.731309759643324,20.70176660649663,7.2799594190177315,36.605,9.10645498548914,9.1456168554075,1.0208308357946743,16.31
2026-10-20 20:23:57,44.56172727121024,44.46886503749178,51.69240202621432,79.45,20.814212449208597,20.762832334344186,7.306344588711074,36.73,9.127348388384407,9.169911947818548,1.02361370226522,16.35
2026-10-20 20:38:57,44.751985211543165,44.643336555590906,51.91465301819565,79.775,20.89630167278297,20.83399258224344,7.332248080849525,36.86,9.146699737503273,9.18886199735124,1.0253195080216086,16.39
2026-10-20 20:53:57,44.751985211543165,44.643336555590906,51.91465301819565,79.775,20.89630167278297,20.83399258224344,7.332248080849525,36.86,9.146699737503273,9.18886199735124,1.0253195080216086,16.39
2026-10-20 21:08:57,44.751985211543165,44.643336555590906,51.91465301819565,79.775,20.89630167278297,20.83399258224344,7.332248080849525,36.86,9.146699737503273,9.18886199735124,1.0253195080216086,16.39
2026-10-20 21:23:57,45.041839714013776,44.93927360781342,52.26440464610361,80.305,21.004138809337057,20.94943059906953,7.367165387247336,37.045,9.211307870026133,9.255889766402108,1.0323206366776339,16.5
2026-10-20 21:38:57,45.07837731341532,44.97478440833067,52.3019846463654,80.365,21.035417134460833,20.975227297632994,7.3755393460457634,37.09,9.213676804036005,9.25746990140313,1.0325946071896697,16.505
2026-10-20 21:53:57,45.16133762457134,45.06996964946961,52.39594201180598,80.515,21.05911473631835,20.99497731024453,7.381483273592426,37.13,9.21959893743677,9.26678195472407,1.0333339853005217,16.515
2026-10-20 22:08:57,45.27185536470031,45.192509973387814,52.52661419108937,80.73,21.134853838055637,21.06958695111967,7.4046899288793915,37.26,9.260651912129937,9.303912584119445,1.0373695247434127,16.585
2026-10-20 22:23:57,45.3223185109161,45.24739832177316,52.58691299309375,80.82,21.171307758666643,21.10781251125293,7.418903303409485,37.325,9.269046747284678,9.312461215174498,1.0382420177787768,16.6
2026-10-20 22:38:57,45.410844867085544,45.339194365509265,52.69363383781565,80.98,21.216378376192086,21.151762288629616,7.436413708295119,37.405,9.286324225880426,9.328266264716007,1.0395502432655077,16.625
2026-10-20 22:53:57,45.46936417727418,45.38322288509672,52.74285515982023,81.06,21.22804217410524,21.161624012701587,7.442180749256363,37.43,9.287869284376564,9.331216749486417,1.039754774204482,16.63
2026-10-20 23:08:57,45.58798303881133,45.51423877162094,52.885827713642996,81.29,21.293111774162977,21.22562602765199,7.463445999876987,37.545,9.304453750700025,9.354678147366394,1.0421908074453352,16.675
2026-10-20 23:23:57,45.78632634003349,45.68960547029736,53.09774054940045,81.605,21.341587347436377,21.280947218805256,7.482275477792401,37.64,9.33599190272283,9.38221346645879,1.0450633858266414,16.725
2026-10-20 23:38:57,45.78632634003349,45.68960547029736,53.09774054940045,81.605,21.341587347436377,21.280947218805256,7.482275477792401,37.64,9.33599190272283,9.38221346645879,1.0450633858266414,16.725
2026-10-20 23:53:57,45.78632634003349,45.68960547029736,53.09774054940045,81.605,21.341587347436377,21.280947218805256,7.482275477792401,37.64,9.33599190272283,9.38221346645879,1.0450633858266414,16.725
2026-10-21 00:08:57,45.97076849311358,45.869713306355166,53.31285896939036,81.925,21.462210056526274,21.398920750307482,7.524781305371357,37.845,9.378626058158465,9.437142153707484,1.0507684653579705,16.815
2026-10-21 00:23:57,45.97143658159357,45.87229595190795,53.31437820269795,81.93,21.462210056526274,21.398920750307482,7.524781305371357,37.845,9.378626058158465,9.437142153707484,1.0507684653579705,16.815
2026-10-21 00:38:57,46.16293316156186,46.04078187695118,53.5354751332815,82.26,21.5823235101876,21.50297488051801,7.568774972153491,38.055,9.433170507928763,9.487712815520085,1.0566901616251811,16.91
2026-10-21 00:53:57,46.389791665009966,46.26867051366753,53.789893764573485,82.66,21.6700671146992,21.603593566928485,7.605880442965311,38.225,9.475929295149479,9.54597314087408,1.0621036894500475,17.0
2026-10-21 01:08:57,46.389791665009966,46.26867051366753,53.789893764573485,82.66,21.6700671146992,21.603593566928485,7.605880442965311,38.225,9.475929295149479,9.54597314087408,1.0621036894500475,17.0
2026-10-21 01:23:57,46.389791665009966,46.26867051366753,53.789893764573485,82.66,21.6700671146992,21.603593566928485,7.605880442965311,38.225,9.475929295149479,9.54597314087408,1.0621036894500475,17.0
2026-10-21 01:38:57,46.389791665009966,46.26867051366753,53.789893764573485,82.66,21.6700671146992,21.603593566928485,7.605880442965311,38.225,9.475929295149479,9.54597314087408,1.0621036894500475,17.0
2026-10-21 01:53:57,46.40310680238809,46.282564530968735,53.810063854708865,82.685,21.68053413166064,21.62168597308265,7.610876004801425,38.25,9.491219300760221,9.558490329687844,1.0632436334631938,17.02
2026-10-21 02:08:57,46.40310680238809,46.282564530968735,53.810063854708865,82.685,21.68053413166064,21.62168597308265,7.610876004801425,38.25,9.491219300760221,9.558490329687844,1.0632436334631938,17.02
2026-10-21 02:23:57,46.40310680238809,46.282564530968735,53.810063854708865,82.685,21.68053413166064,21.62168597308265,7.610876004801425,38.25,9.491219300760221,9.558490329687844,1.0632436334631938,17.02
2026-10-21 02:38:57,46.46461296451583,46.332893662867335,53.87010368559226,82.79,21.708088955600985,21.646941763269876,7.622136693816206,38.3,9.503974703093432,9.570201219271308,1.0646935369656305,17.04
2026-10-21 02:53:57,46.74489808797432,46.66383612792776,54.242153655892935,83.335,21.86283650199058,21.79701014509459,7.6751664399466195,38.565,9.555724172396818,9.61091810347241,1.06970738168342,17.12
2026-10-21 03:08:57,47.05964923357502,46.958355187773826,54.57502186770342,83.845,21.97201189434982,21.90965128649473,7.711038759688339,38.74,9.597519721521005,9.662257378471981,1.07516455737195,17.205
2026-10-21 03:23:57,47.29993317995017,47.20569671198999,54.86433185352299,84.28,22.134721083139635,22.061962865265016,7.770351925704012,39.035,9.64856064867962,9.711352499240537,1.0811867757420763,17.295
2026-10-21 03:38:57,47.30301208261584,47.20727120027173,54.86597514069045,84.285,22.134721083139635,22.061962865265016,7.770351925704012,39.035,9.64856064867962,9.711352499240537,1.0811867757420763,17.295
2026-10-21 03:53:57,47.505348444660434,47.423622980741236,55.1070331535946,84.66,22.278155838550934,22.211213154497944,7.819403654676092,39.28,9.672004776136273,9.73981015691493,1.0845000022149647,17.345
2026-10-21 04:08:57,47.74701047067485,47.638795740518376,55.37991842272997,85.09,22.347683338493297,22.268696217694593,7.8425933662429514,39.405,9.723993947600327,9.777116850496194,1.0897699700676504,17.425
2026-10-21 04:23:57,48.00150582373875,47.87502952501449,55.66878493505562,85.52,22.43539605296428,22.361994563489915,7.875640003882093,39.585,9.783093469329689,9.82926610711387,1.095594253376449,17.52
2026-10-21 04:38:57,48.36687683385737,48.24128302891819,56.084528693212334,86.155,22.622595097986736,22.561081173857726,7.9453538955663685,39.92,9.865122105936077,9.923268261395437,1.1052154293915561,17.675
2026-10-21 04:53:57,48.76955368190302,48.64512679357278,56.5413715499965,86.865,22.777600237786853,22.710348478472273,7.995905548255722,40.185,9.952353358009315,10.011965277115094,1.1145565132591924,17.83
2026-10-21 05:08:57,49.085331478495085,48.9539364098965,56.90233053598686,87.41,22.888938137575913,22.799725184143274,8.033744272989367,40.375,10.017462773765134,10.065938738692278,1.1218570980847107,17.93
2026-10-21 05:23:57,49.085331478495085,48.9539364098965,56.90233053598686,87.41,22.888938137575913,22.799725184143274,8.033744272989367,40.375,10.017462773765134,10.065938738692278,1.1218570980847107,17.93
2026-10-21 05:38:57,49.085331478495085,48.9539364098965,56.90233053598686,87.41,22.888938137575913,22.799725184143274,8.033744272989367,40.375,10.017462773765134,10.065938738692278,1.1218570980847107,17.93
2026-10-21 05:53:57,49.085331478495085,48.9539364098965,56.90233053598686,87.41,22.888938137575913,22.799725184143274,8.033744272989367,40.375,10.017462773765134,10.065938738692278,1.1218570980847107,17.93
2026-10-21 06:08:57,49.085331478495085,48.9539364098965,56.90233053598686,87.41,22.888938137575913,22.799725184143274,8.033744272989367,40.375,10.017462773765134,10.065938738692278,1.1218570980847107,17.93
2026-10-21 06:23:57,49.19308250615088,49.063291012458734,57.03067227843145,87.605,22.933549057612282,22.84839857433838,8.051821100776362,40.47,10.042687577204282,10.093477870090426,1.1241889037072488,17.975
2026-10-21 06:38:57,49.26071952642258,49.123436976250005,57.110089895415236,87.725,22.956099768005537,22.869830839240127,8.057823823902599,40.505,10.047007483977493,10.102579801831174,1.124921265993935,17.99
2026-10-21 06:53:57,49.28689342271468,49.14414039677286,57.134282483003375,87.765,22.972993270968516,22.890865213212592,8.064120850959844,40.54,10.068158142272965,10.123889508881557,1.1272077278880666,18.02
2026-10-21 07:08:57,49.34344044903578,49.20404422783679,57.21230754209652,87.88,23.007441772573685,22.93502164070528,8.07763915339568,40.61,10.076244750923866,10.134754797648187,1.1287823441268636,18.04
2026-10-21 07:23:57,49.38874174196261,49.259451856308736,57.26753913929203,87.975,23.021167824668613,22.948030020665975,8.081928489510041,40.635,10.077941692055843,10.13893451285583,1.129150702291044,18.045
2026-10-21 07:38:57,49.455827713814315,49.31875271303263,57.335448394393644,88.08,23.042232845796903,22.97054717507206,8.091827072530432,40.68,10.097404293289099,10.159243530019928,1.131365330200863,18.075
2026-10-21 07:53:57,49.455827713814315,49.31875271303263,57.335448394393644,88.08,23.042232845796903,22.97054717507206,8.091827072530432,40.68,10.097404293289099,10.159243530019928,1.131365330200863,18.075
2026-10-21 08:08:57,49.455827713814315,49.31875271303263,57.335448394393644,88.08,23.042232845796903,22.97054717507206,8.091827072530432,40.68,10.097404293289099,10.159243530019928,1.131365330200863,18.075
2026-10-21 08:23:57,49.455827713814315,49.31875271303263,57.335448394393644,88.08,23.042232845796903,22.97054717507206,8.091827072530432,40.68,10.097404293289099,10.159243530019928,1.131365330200863,18.075
2026-10-21 08:38:57,49.455827713814315,49.31875271303263,57.335448394393644,88.08,23.042232845796903,22.97054717507206,8.091827072530432,40.68,10.097404293289099,10.159243530019928,1.131365330200863,18.075
2026-10-21 08:53:57,49.57390156083194,49.443090857899804,57.465315777537796,88.285,23.11828808600592,23.04026719732429,8.118166951723497,40.81,10.130827968547594,10.19647828589362,1.135762884698665,18.135
2026-10-21 09:08:57,49.57390156083194,49.443090857899804,57.465315777537796,88.285,23.11828808600592,23.04026719732429,8.118166951723497,40.81,10.130827968547594,10.19647828589362,1.135762884698665,18.135
2026-10-21 09:23:57,49.69813975990289,49.56464928595618,57.60978118846323,88.525,23.17222515045015,23.088344299142694,8.13171571874797,40.895,10.154979380425988,10.215601463949419,1.1380190525357519,18.17
2026-10-21 09:38:57,49.777621248222225,49.65070480175755,57.712836117467106,88.68,23.219740274303295,23.126375881401444,8.144432511313013,40.965,10.189340932241008,10.246417486818794,1.1416466579668663,18.225
2026-10-21 09:53:57,49.994745309004315,49.86513506476594,57.942520047068825,89.055,23.319422625738063,23.23435481701957,8.174730631891526,41.13,10.208188876712546,10.267365584308603,1.1433445848274495,18.26
2026-10-21 10:08:57,50.21123829671009,50.08920479225423,58.19143529065285,89.435,23.415002013836776,23.32075106142959,8.208012362783714,41.305,10.244178509651901,10.308552085402889,1.1472131799636878,18.325
2026-10-21 10:23:57,50.21123829671009,50.08920479225423,58.19143529065285,89.435,23.415002013836776,23.32075106142959,8.208012362783714,41.305,10.244178509651901,10.308552085402889,1.1472131799636878,18.325
2026-10-21 10:38:57,50.21123829671009,50.08920479225423,58.19143529065285,89.435,23.415002013836776,23.32075106142959,8.208012362783714,41.305,10.244178509651901,10.308552085402889,1.1472131799636878,18.325
2026-10-21 10:53:57,50.25916134004509,50.13943551862543,58.24514317454688,89.525,23.43674581257468,23.344987851765246,8.215706774709783,41.35,10.247119867216195,10.310082583555326,1.147677825659735,18.33
2026-10-21 11:08:57,50.25916134004509,50.13943551862543,58.24514317454688,89.525,23.43674581257468,23.344987851765246,8.215706774709783,41.35,10.247119867216195,10.310082583555326,1.147677825659735,18.33
2026-10-21 11:23:57,50.25916134004509,50.13943551862543,58.24514317454688,89.525,23.43674581257468,23.344987851765246,8.215706774709783,41.35,10.247119867216195,10.310082583555326,1.147677825659735,18.33
2026-10-21 11:38:57,50.25916134004509,50.13943551862543,58.24514317454688,89.525,23.43674581257468,23.344987851765246,8.215706774709783,41.35,10.247119867216195,10.310082583555326,1.147677825659735,18.33
2026-10-21 11:53:57,50.25916134004509,50.13943551862543,58.24514317454688,89.525,23.43674581257468,23.344987851765246,8.215706774709783,41.35,10.247119867216195,10.310082583555326,1.147677825659735,18.33
2026-10-21 12:08:57,50.25916134004509,50.13943551862543,58.24514317454688,89.525,23.43674581257468,23.344987851765246,8.215706774709783,41.35,10.247119867216195,10.310082583555326,1.147677825659735,18.33
2026-10-21 12:23:57,50.25916134004509,50.13943551862543,58.24514317454688,89.525,23.43674581257468,23.344987851765246,8.215706774709783,41.35,10.247119867216195,10.310082583555326,1.147677825659735,18.33
2026-10-21 12:38:57,50.276835393860594,50.161306150162886,58.26243711208403,89.555,23.444051941068942,23.35189026842136,8.217321297812685,41.36,10.247119867216195,10.310082583555326,1.147677825659735,18.33
2026-10-21 12:53:57,50.2815615647592,50.16595519593233,58.27411960856548,89.57,23.455421883646014,23.362404786934963,8.221449529367115,41.375,10.248423590129638,10.313435998910625,1.147885444534756,18.335
2026-10-21 13:08:57,50.2815615647592,50.16595519593233,58.27411960856548,89.57,23.455421883646014,23.362404786934963,8.221449529367115,41.375,10.248423590129638,10.313435998910625,1.147885444534756,18.335
2026-10-21 13:23:57,50.31183962171041,50.19141179468616,58.3018832998561,89.61,23.460758231779568,23.368605572270482,8.22488088095423,41.39,10.248423590129638,10.313435998910625,1.147885444534756,18.335
2026-10-21 13:38:57,50.32853250301987,50.204961155233434,58.323033562559125,89.64,23.474753694444388,23.38013451131236,8.229080348580482,41.415,10.25775548784894,10.322336886133517,1.1485854996627496,18.35
2026-10-21 13:53:57,50.35083031687531,50.22711536811763,58.352487333686916,89.685,23.480047649894058,23.382257752929437,8.231428053132984,41.425,10.258888531866237,10.325041885040044,1.148962177612834,18.355
2026-10-21 14:08:57,50.390089979440525,50.26525637216454,58.39870561797221,89.75,23.48141507527939,23.38519732260594,8.232521461458276,41.43,10.262302617147322,10.325948788735158,1.149439815869688,18.36
2026-10-21 14:23:57,50.390089979440525,50.26525637216454,58.39870561797221,89.75,23.48141507527939,23.38519732260594,8.232521461458276,41.43,10.262302617147322,10.325948788735158,1.149439815869688,18.36
2026-10-21 14:38:57,50.40993761612351,50.27828299674392,58.41871171659731,89.78,23.48141507527939,23.38519732260594,8.232521461458276,41.43,10.264292700723793,10.329129665227224,1.1495655359467518,18.365
2026-10-21 14:53:57,50.430973907805914,50.30251712333608,58.44088598391887,89.815,23.486431829689053,23.39045569497386,8.234667261262294,41.44,10.264292700723793,10.329129665227224,1.1495655359467518,18.365
2026-10-21 15:08:57,50.44574953040026,50.31766964179013,58.461075235170604,89.845,23.49195576698371,23.39340352137231,8.235882314375527,41.45,10.272188054327206,10.338095301343914,1.150739792288659,18.38
2026-10-21 15:23:57,50.44574953040026,50.31766964179013,58.461075235170604,89.845,23.49195576698371,23.39340352137231,8.235882314375527,41.45,10.272188054327206,10.338095301343914,1.150739792288659,18.38
2026-10-21 15:38:57,50.47915002380249,50.371228660540105,58.51359392084977,89.92,23.493134214668157,23.39789313748916,8.23714651555965,41.455,10.272188054327206,10.338095301343914,1.150739792288659,18.38
2026-10-21 15:53:57,50.51406639909082,50.39629752692342,58.550697592095986,89.98,23.50139049331097,23.40427816966662,8.240198259803938,41.47,10.279406415675425,10.340763131276328,1.1513800074896132,18.39
2026-10-21 16:08:57,50.5273685223857,50.40995637711951,58.573436756303835,90.01,23.50779584021611,23.409421785410316,8.242419618269361,41.48,10.282833761031325,10.34408359289269,1.1515137042900108,18.395
2026-10-21 16:23:57,50.54160904816655,50.42292885513415,58.58751723217792,90.035,23.514005260736354,23.416370141606286,8.244503854216976,41.49,10.287240059838227,10.344987399445145,1.1517318310841842,18.4
2026-10-21 16:38:57,50.54160904816655,50.42292885513415,58.58751723217792,90.035,23.514005260736354,23.416370141606286,8.244503854216976,41.49,10.287240059838227,10.344987399445145,1.1517318310841842,18.4
2026-10-21 16:53:57,50.5481512446758,50.428737510026366,58.59601319716483,90.045,23.52331321186734,23.427568907946704,8.246872287522216,41.505,10.287240059838227,10.344987399445145,1.1517318310841842,18.4
2026-10-21 17:08:57,50.5481512446758,50.428737510026366,58.59601319716483,90.045,23.52331321186734,23.427568907946704,8.246872287522216,41.505,10.287240059838227,10.344987399445145,1.1517318310841842,18.4
2026-10-21 17:23:57,50.5481512446758,50.428737510026366,58.59601319716483,90.045,23.52331321186734,23.427568907946704,8.246872287522216,41.505,10.287240059838227,10.344987399445145,1.1517318310841842,18.4
2026-10-21 17:38:57,50.589899335885605,50.47603629572382,58.6449458365154,90.12,23.54263650996499,23.441652824960702,8.254042390045564,41.535,10.291170450536313,10.347329013302637,1.1519659848264785,18.405
2026-10-21 17:53:57,50.60925737083206,50.49427388086326,58.6666529233256,90.155,23.561257639187346,23.46388025590934,8.260450238320907,41.57,10.296663420604276,10.35112594860875,1.1527087587318712,18.415
2026-10-21 18:08:57,50.63325386868,50.51287527980489,58.699327090886484,90.195,23.57399754657666,23.47321692966147,8.264110359765162,41.59,10.298799422355827,10.354757583522552,1.152924420632099,18.42
2026-10-21 18:23:57,50.786584432667176,50.66490390689149,58.88453725841781,90.48,23.64717864068535,23.566900820273485,8.294782028085873,41.735,10.328661174679297,10.379714293179212,1.1556650967297635,18.465
2026-10-21 18:38:57,50.786584432667176,50.66490390689149,58.88453725841781,90.48,23.64717864068535,23.566900820273485,8.294782028085873,41.735,10.328661174679297,10.379714293179212,1.1556650967297635,18.465
2026-10-21 18:53:57,50.786584432667176,50.66490390689149,58.88453725841781,90.48,23.64717864068535,23.566900820273485,8.294782028085873,41.735,10.328661174679297,10.379714293179212,1.1556650967297635,18.465
2026-10-21 19:08:57,50.786584432667176,50.66490390689149,58.88453725841781,90.48,23.64717864068535,23.566900820273485,8.294782028085873,41.735,10.328661174679297,10.379714293179212,1.1556650967297635,18.465
2026-10-21 19:23:57,50.917296576920066,50.80176146449481,59.01510128031192,90.705,23.721540353981414,23.642654059084776,8.320482461253002,41.865,10.368936687384469,10.418533314895166,1.160288308486156,18.54
2026-10-21 19:38:57,50.917296576920066,50.80176146449481,59.01510128031192,90.705,23.721540353981414,23.642654059084776,8.320482461253002,41.865,10.368936687384469,10.418533314895166,1.160288308486156,18.54
2026-10-21 19:53:57,50.917296576920066,50.80176146449481,59.01510128031192,90.705,23.721540353981414,23.642654059084776,8.320482461253002,41.865,10.368936687384469,10.418533314895166,1.160288308486156,18.54
2026-10-21 20:08:57,50.917296576920066,50.80176146449481,59.01510128031192,90.705,23.721540353981414,23.642654059084776,8.320482461253002,41.865,10.368936687384469,10.418533314895166,1.160288308486156,18.54
2026-10-21 20:23:57,51.09935105148729,50.992333571879946,59.234625496076916,91.035,23.822492584012867,23.743386292771255,8.36019344419026,42.055,10.40863970070821,10.463395351796146,1.164831589020042,18.62
2026-10-21 20:38:57,51.09935105148729,50.992333571879946,59.234625496076916,91.035,23.822492584012867,23.743386292771255,8.36019344419026,42.055,10.40863970070821,10.463395351796146,1.164831589020042,18.62
2026-10-21 20:53:57,51.09935105148729,50.992333571879946,59.234625496076916,91.035,23.822492584012867,23.743386292771255,8.36019344419026,42.055,10.40863970070821,10.463395351796146,1.164831589020042,18.62
2026-10-21 21:08:57,51.18155533548049,51.08425452358489,59.322146651165546,91.185,23.844852651985413,23.768798365032687,8.367276012561744,42.09,10.423789569416723,10.480845592471603,1.1671348931347199,18.655
2026-10-21 21:23:57,51.535245021747315,51.40408518250749,59.71565211041162,91.79,23.966875035660813,23.867622882333453,8.40797603376335,42.3,10.488586867717542,10.547276826331586,1.174151961084931,18.765
2026-10-21 21:38:57,51.698078646072936,51.566833596568095,59.89841946947136,92.08,24.058475381449536,23.94731785124135,8.437344116391232,42.445,10.526078626972524,10.592706390078833,1.1783025890147052,18.835
2026-10-21 21:53:57,51.798560257863535,51.67184528606072,60.00695289364551,92.25,24.097898584100708,23.983928551444933,8.452173081169782,42.52,10.535448661890417,10.603206301827651,1.1798246133224688,18.86
2026-10-21 22:08:57,51.89036009663564,51.755524580437346,60.112566234017805,92.415,24.150132669910207,24.040170958194203,8.471680733045192,42.615,10.544428098207257,10.611273234745141,1.1807528183166545,18.875
2026-10-21 22:23:57,51.89036009663564,51.755524580437346,60.112566234017805,92.415,24.150132669910207,24.040170958194203,8.471680733045192,42.615,10.544428098207257,10.611273234745141,1.1807528183166545,18.875
2026-10-21 22:38:57,51.89036009663564,51.755524580437346,60.112566234017805,92.415,24.150132669910207,24.040170958194203,8.471680733045192,42.615,10.544428098207257,10.611273234745141,1.1807528183166545,18.875
2026-10-21 22:53:57,51.89036009663564,51.755524580437346,60.112566234017805,92.415,24.150132669910207,24.040170958194203,8.471680733045192,42.615,10.544428098207257,10.611273234745141,1.1807528183166545,18.875
2026-10-21 23:08:57,51.968344706401425,51.832101807471794,60.187294381232135,92.54,24.20766705964766,24.101495975556706,8.488558825432241,42.705,10.559667379501034,10.631060165783396,1.1827109093837538,18.91
2026-10-21 23:23:57,52.08057884907625,51.93780312924752,60.31066121974567,92.735,24.24610292421042,24.13839978949045,8.502778077185772,42.775,10.577346254116579,10.644678947185653,1.1847567504356347,18.94
2026-10-21 23:38:57,52.08057884907625,51.93780312924752,60.31066121974567,92.735,24.24610292421042,24.13839978949045,8.502778077185772,42.775,10.577346254116579,10.644678947185653,1.1847567504356347,18.94
2026-10-21 23:53:57,52.234363441635466,52.11196819769378,60.49419574715921,93.015,24.312039441004767,24.201140964028124,8.52593316429024,42.895,10.612018568929612,10.681975274230824,1.1886343577184282,19.0
2026-10-22 00:08:57,52.234363441635466,52.11196819769378,60.49419574715921,93.015,24.312039441004767,24.201140964028124,8.52593316429024,42.895,10.615842609123035,10.685581834948483,1.1890743432214343,19.005
2026-10-22 00:23:57,52.234363441635466,52.11196819769378,60.49419574715921,93.015,24.312039441004767,24.201140964028124,8.52593316429024,42.895,10.615842609123035,10.685581834948483,1.1890743432214343,19.005
2026-10-22 00:38:57,52.35407896661821,52.23347213592247,60.64224986349998,93.23,24.360332001859756,24.2519343671662,8.543627542270317,42.98,10.630314942238194,10.704425687247628,1.1903385699131612,19.03
2026-10-22 00:53:57,52.43845424882312,52.31370792723528,60.74043956951435,93.38,24.388590323570234,24.280774437895804,8.553916218964526,43.025,10.655878550266591,10.733607043351705,1.1931450298513309,19.085
2026-10-22 01:08:57,52.43845424882312,52.31370792723528,60.74043956951435,93.38,24.388590323570234,24.280774437895804,8.553916218964526,43.025,10.655878550266591,10.733607043351705,1.1931450298513309,19.085
2026-10-22 01:23:57,52.43845424882312,52.31370792723528,60.74043956951435,93.38,24.388590323570234,24.280774437895804,8.553916218964526,43.025,10.655878550266591,10.733607043351705,1.1931450298513309,19.085
2026-10-22 01:38:57,52.43981266012363,52.31782575863769,60.74326070441883,93.385,24.388590323570234,24.280774437895804,8.553916218964526,43.025,10.655878550266591,10.733607043351705,1.1931450298513309,19.085
2026-10-22 01:53:57,52.43981266012363,52.31782575863769,60.74326070441883,93.385,24.388590323570234,24.280774437895804,8.553916218964526,43.025,10.655878550266591,10.733607043351705,1.1931450298513309,19.085
2026-10-22 02:08:57,52.43981266012363,52.31782575863769,60.74326070441883,93.385,24.388590323570234,24.280774437895804,8.553916218964526,43.025,10.655878550266591,10.733607043351705,1.1931450298513309,19.085
2026-10-22 02:23:57,52.43981266012363,52.31782575863769,60.74326070441883,93.385,24.388590323570234,24.280774437895804,8.553916218964526,43.025,10.655878550266591,10.733607043351705,1.1931450298513309,19.085
2026-10-22 02:38:57,52.43981266012363,52.31782575863769,60.74326070441883,93.385,24.388590323570234,24.280774437895804,8.553916218964526,43.025,10.655878550266591,10.733607043351705,1.1931450298513309,19.085
2026-10-22 02:53:57,52.43981266012363,52.31782575863769,60.74326070441883,93.385,24.388590323570234,24.280774437895804,8.553916218964526,43.025,10.655878550266591,10.733607043351705,1.1931450298513309,19.085
2026-10-22 03:08:57,52.43981266012363,52.31782575863769,60.74326070441883,93.385,24.388590323570234,24.280774437895804,8.553916218964526,43.025,10.655878550266591,10.733607043351705,1.1931450298513309,19.085
2026-10-22 03:23:57,52.43981266012363,52.31782575863769,60.74326070441883,93.385,24.388590323570234,24.280774437895804,8.553916218964526,43.025,10.655878550266591,10.733607043351705,1.1931450298513309,19.085
2026-10-22 03:38:57,52.43981266012363,52.31782575863769,60.74326070441883,93.385,24.388590323570234,24.280774437895804,8.553916218964526,43.025,10.655878550266591,10.733607043351705,1.1931450298513309,19.085
2026-10-22 03:53:57,52.44270200245916,52.3211855028511,60.74567633857772,93.39,24.388590323570234,24.280774437895804,8.553916218964526,43.025,10.655878550266591,10.733607043351705,1.1931450298513309,19.085
2026-10-22 04:08:57,52.44270200245916,52.3211855028511,60.74567633857772,93.39,24.388590323570234,24.280774437895804,8.553916218964526,43.025,10.655878550266591,10.733607043351705,1.1931450298513309,19.085
2026-10-22 04:23:57,52.44270200245916,52.3211855028511,60.74567633857772,93.39,24.388590323570234,24.280774437895804,8.553916218964526,43.025,10.655878550266591,10.733607043351705,1.1931450298513309,19.085
2026-10-22 04:38:57,52.44270200245916,52.3211855028511,60.74567633857772,93.39,24.388590323570234,24.280774437895804,8.553916218964526,43.025,10.655878550266591,10.733607043351705,1.1931450298513309,19.085
2026-10-22 04:53:57,52.44270200245916,52.3211855028511,60.74567633857772,93.39,24.388590323570234,24.280774437895804,8.553916218964526,43.025,10.655878550266591,10.733607043351705,1.1931450298513309,19.085
2026-10-22 05:08:57,52.44270200245916,52.3211855028511,60.74567633857772,93.39,24.388590323570234,24.280774437895804,8.553916218964526,43.025,10.655878550266591,10.733607043351705,1.1931450298513309,19.085
2026-10-22 05:23:57,52.44270200245916,52.3211855028511,60.74567633857772,93.39,24.388590323570234,24.280774437895804,8.553916218964526,43.025,10.660535524670252,10.737625068206802,1.1936396126987077,19.09
2026-10-22 05:38:57,52.44270200245916,52.3211855028511,60.74567633857772,93.39,24.388590323570234,24.280774437895804,8.553916218964526,43.025,10.660535524670252,10.737625068206802,1.1936396126987077,19.09
2026-10-22 05:53:57,52.44270200245916,52.3211855028511,60.74567633857772,93.39,24.388590323570234,24.280774437895804,8.553916218964526,43.025,10.660535524670252,10.737625068206802,1.1936396126987077,19.09
2026-10-22 06:08:57,52.44270200245916,52.3211855028511,60.74567633857772,93.39,24.388590323570234,24.280774437895804,8.553916218964526,43.025,10.660535524670252,10.737625068206802,1.1936396126987077,19.09
2026-10-22 06:23:57,52.44759667636934,52.32376163634857,60.74813733199468,93.395,24.390793175423262,24.28166073326698,8.554903426142657,43.03,10.660535524670252,10.737625068206802,1.1936396126987077,19.09
2026-10-22 06:38:57,52.67853183493291,52.5930084934775,61.03171955934912,93.845,24.523084792503212,24.3983888603354,8.59670648296395,43.245,10.706308321843595,10.79658681473565,1.2002230021312552,19.185
2026-10-22 06:53:57,52.67853183493291,52.5930084934775,61.03171955934912,93.845,24.523084792503212,24.3983888603354,8.59670648296395,43.245,10.706308321843595,10.79658681473565,1.2002230021312552,19.185
2026-10-22 07:08:57,52.67853183493291,52.5930084934775,61.03171955934912,93.845,24.523084792503212,24.3983888603354,8.59670648296395,43.245,10.706308321843595,10.79658681473565,1.2002230021312552,19.185
2026-10-22 07:23:57,52.67853183493291,52.5930084934775,61.03171955934912,93.845,24.523084792503212,24.3983888603354,8.59670648296395,43.245,10.706308321843595,10.79658681473565,1.2002230021312552,19.185
2026-10-22 07:38:57,52.67853183493291,52.5930084934775,61.03171955934912,93.845,24.523084792503212,24.3983888603354,8.59670648296395,43.245,10.706308321843595,10.79658681473565,1.2002230021312552,19.185
2026-10-22 07:53:57,52.67853183493291,52.5930084934775,61.03171955934912,93.845,24.523084792503212,24.3983888603354,8.59670648296395,43.245,10.706308321843595,10.79658681473565,1.2002230021312552,19.185
2026-10-22 08:08:57,52.67853183493291,52.5930084934775,61.03171955934912,93.845,24.523084792503212,24.3983888603354,8.59670648296395,43.245,10.706308321843595,10.79658681473565,1.2002230021312552,19.185
2026-10-22 08:23:57,52.67853183493291,52.5930084934775,61.03171955934912,93.845,24.523084792503212,24.3983888603354,8.59670648296395,43.245,10.706308321843595,10.79658681473565,1.2002230021312552,19.185
2026-10-22 08:38:57,52.67853183493291,52.5930084934775,61.03171955934912,93.845,24.523084792503212,24.3983888603354,8.59670648296395,43.245,10.706308321843595,10.79658681473565,1.2002230021312552,19.185
2026-10-22 08:53:57,52.67853183493291,52.5930084934775,61.03171955934912,93.845,24.523084792503212,24.3983888603354,8.59670648296395,43.245,10.706308321843595,10.79658681473565,1.2002230021312552,19.185
2026-10-22 09:08:57,52.67853183493291,52.5930084934775,61.03171955934912,93.845,24.523084792503212,24.3983888603354,8.59670648296395,43.245,10.706308321843595,10.79658681473565,1.2002230021312552,19.185
2026-10-22 09:23:57,52.68021628412031,52.59795700873101,61.036048602945456,93.85,24.523084792503212,24.3983888603354,8.59670648296395,43.245,10.706308321843595,10.79658681473565,1.2002230021312552,19.185
2026-10-22 09:38:57,52.68021628412031,52.59795700873101,61.036048602945456,93.85,24.523084792503212,24.3983888603354,8.59670648296395,43.245,10.706308321843595,10.79658681473565,1.2002230021312552,19.185
2026-10-22 09:53:57,52.68021628412031,52.59795700873101,61.036048602945456,93.85,24.523084792503212,24.3983888603354,8.59670648296395,43.245,10.706308321843595,10.79658681473565,1.2002230021312552,19.185
2026-10-22 10:08:57,52.68021628412031,52.59795700873101,61.036048602945456,93.85,24.523084792503212,24.3983888603354,8.59670648296395,43.245,10.706308321843595,10.79658681473565,1.2002230021312552,19.185
2026-10-22 10:23:57,52.68147946708935,52.60225962628533,61.03777392355934,93.855,24.523084792503212,24.3983888603354,8.59670648296395,43.245,10.706308321843595,10.79658681473565,1.2002230021312552,19.185
2026-10-22 10:38:57,52.68147946708935,52.60225962628533,61.03777392355934,93.855,24.523084792503212,24.3983888603354,8.59670648296395,43.245,10.706308321843595,10.79658681473565,1.2002230021312552,19.185
2026-10-22 10:53:57,52.68147946708935,52.60225962628533,61.03777392355934,93.855,24.523084792503212,24.3983888603354,8.59670648296395,43.245,10.706308321843595,10.79658681473565,1.2002230021312552,19.185
2026-10-22 11:08:57,52.68147946708935,52.60225962628533,61.03777392355934,93.855,24.523084792503212,24.3983888603354,8.59670648296395,43.245,10.706308321843595,10.79658681473565,1.2002230021312552,19.185
2026-10-22 11:23:57,52.68147946708935,52.60225962628533,61.03777392355934,93.855,24.523084792503212,24.3983888603354,8.59670648296395,43.245,10.706308321843595,10.79658681473565,1.2002230021312552,19.185
2026-10-22 11:38:57,52.68147946708935,52.60225962628533,61.03777392355934,93.855,24.523084792503212,24.3983888603354,8.59670648296395,43.245,10.706308321843595,10.79658681473565,1.2002230021312552,19.185
2026-10-22 11:53:57,52.68147946708935,52.60225962628533,61.03777392355934,93.855,24.523084792503212,24.3983888603354,8.59670648296395,43.245,10.706308321843595,10.79658681473565,1.2002230021312552,19.185
2026-10-22 12:08:57,52.68147946708935,52.60225962628533,61.03777392355934,93.855,24.523084792503212,24.3983888603354,8.59670648296395,43.245,10.706308321843595,10.79658681473565,1.2002230021312552,19.185
2026-10-22 12:23:57,52.68147946708935,52.60225962628533,61.03777392355934,93.855,24.523084792503212,24.3983888603354,8.59670648296395,43.245,10.706308321843595,10.79658681473565,1.2002230021312552,19.185
2026-10-22 12:38:57,52.68147946708935,52.60225962628533,61.03777392355934,93.855,24.523084792503212,24.3983888603354,8.59670648296395,43.245,10.706308321843595,10.79658681473565,1.2002230021312552,19.185
2026-10-22 12:53:57,52.68147946708935,52.60225962628533,61.03777392355934,93.855,24.523084792503212,24.3983888603354,8.59670648296395,43.245,10.706308321843595,10.79658681473565,1.2002230021312552,19.185
2026-10-22 13:08:57,52.69825083216315,52.615582469148094,61.05430369565918,93.88,24.52996470774276,24.402194094422974,8.59939348177063,43.255,10.706308321843595,10.79658681473565,1.2002230021312552,19.185
2026-10-22 13:23:57,52.69825083216315,52.615582469148094,61.05430369565918,93.88,24.52996470774276,24.402194094422974,8.59939348177063,43.255,10.706308321843595,10.79658681473565,1.2002230021312552,19.185
2026-10-22 13:38:57,52.69825083216315,52.615582469148094,61.05430369565918,93.88,24.52996470774276,24.402194094422974,8.59939348177063,43.255,10.706308321843595,10.79658681473565,1.2002230021312552,19.185
2026-10-22 13:53:57,52.71400347242338,52.62713439771849,61.07045803030437,93.91,24.535835907494704,24.408488275767144,8.601273967975022,43.265,10.71301604385718,10.800029026715208,1.2007654849307632,19.195
2026-10-22 14:08:57,52.736677639167354,52.64679017948302,61.09606193810036,93.945,24.537877179712144,24.410612843252004,8.602224932788651,43.27,10.71301604385718,10.800029026715208,1.2007654849307632,19.195
2026-10-22 14:23:57,52.80478199981364,52.71171063435728,61.1790090887802,94.065,24.54085180633815,24.413831085900622,8.602795553846867,43.275,10.719455698118999,10.8087925516994,1.201575313951636,19.21
2026-10-22 14:38:57,52.80478199981364,52.71171063435728,61.1790090887802,94.065,24.54085180633815,24.413831085900622,8.602795553846867,43.275,10.719455698118999,10.8087925516994,1.201575313951636,19.21
2026-10-22 14:53:57,52.80478199981364,52.71171063435728,61.1790090887802,94.065,24.54085180633815,24.413831085900622,8.602795553846867,43.275,10.719455698118999,10.8087925516994,1.201575313951636,19.21
2026-10-22 15:08:57,52.87240475748202,52.781256509349305,61.24853088957828,94.18,24.553443576290007,24.436245811186396,8.610301070514334,43.31,10.729832841981143,10.81745528622989,1.2028404582471146,19.225
2026-10-22 15:23:57,52.916501255079005,52.81887969286184,61.29792148832765,94.25,24.564586707336925,24.4550811230881,8.615932621502365,43.34,10.736266386888433,10.82352012045286,1.2033305124827773,19.235
2026-10-22 15:38:57,52.916501255079005,52.81887969286184,61.29792148832765,94.25,24.564586707336925,24.4550811230881,8.615932621502365,43.34,10.736266386888433,10.82352012045286,1.2033305124827773,19.235
2026-10-22 15:53:57,52.916501255079005,52.81887969286184,61.29792148832765,94.25,24.564586707336925,24.4550811230881,8.615932621502365,43.34,10.736266386888433,10.82352012045286,1.2033305124827773,19.235
2026-10-22 16:08:57,52.916501255079005,52.81887969286184,61.29792148832765,94.25,24.564586707336925,24.4550811230881,8.615932621502365,43.34,10.736266386888433,10.82352012045286,1.2033305124827773,19.235
2026-10-22 16:23:57,52.916501255079005,52.81887969286184,61.29792148832765,94.25,24.564586707336925,24.4550811230881,8.615932621502365,43.34,10.736266386888433,10.82352012045286,1.2033305124827773,19.235
2026-10-22 16:38:57,52.916501255079005,52.81887969286184,61.29792148832765,94.25,24.564586707336925,24.4550811230881,8.615932621502365,43.34,10.736266386888433,10.82352012045286,1.2033305124827773,19.235
2026-10-22 16:53:57,52.916501255079005,52.81887969286184,61.29792148832765,94.25,24.564586707336925,24.4550811230881,8.615932621502365,43.34,10.736266386888433,10.82352012045286,1.2033305124827773,19.235
2026-10-22 17:08:57,52.916501255079005,52.81887969286184,61.29792148832765,94.25,24.564586707336925,24.4550811230881,8.615932621502365,43.34,10.736266386888433,10.82352012045286,1.2033305124827773,19.235
2026-10-22 17:23:57,52.916501255079005,52.81887969286184,61.29792148832765,94.25,24.564586707336925,24.4550811230881,8.615932621502365,43.34,10.736266386888433,10.82352012045286,1.2033305124827773,19.235
2026-10-22 17:38:57,52.916501255079005,52.81887969286184,61.29792148832765,94.25,24.564586707336925,24.4550811230881,8.615932621502365,43.34,10.736266386888433,10.82352012045286,1.2033305124827773,19.235
2026-10-22 17:53:57,52.916501255079005,52.81887969286184,61.29792148832765,94.25,24.564586707336925,24.4550811230881,8.615932621502365,43.34,10.736266386888433,10.82352012045286,1.2033305124827773,19.235
2026-10-22 18:08:57,52.916501255079005,52.81887969286184,61.29792148832765,94.25,24.564586707336925,24.4550811230881,8.615932621502365,43.34,10.736266386888433,10.82352012045286,1.2033305124827773,19.235
2026-10-22 18:23:57,52.916501255079005,52.81887969286184,61.29792148832765,94.25,24.564586707336925,24.4550811230881,8.615932621502365,43.34,10.736266386888433,10.82352012045286,1.2033305124827773,19.235
2026-10-22 18:38:57,52.916501255079005,52.81887969286184,61.29792148832765,94.25,24.564586707336925,24.4550811230881,8.615932621502365,43.34,10.736266386888433,10.82352012045286,1.2033305124827773,19.235
2026-10-22 18:53:57,52.920668186380645,52.82070939693408,61.30070827074118,94.255,24.564586707336925,24.4550811230881,8.615932621502365,43.34,10.736266386888433,10.82352012045286,1.2033305124827773,19.235
2026-10-22 19:08:57,52.920668186380645,52.82070939693408,61.30070827074118,94.255,24.564586707336925,24.4550811230881,8.615932621502365,43.34,10.736266386888433,10.82352012045286,1.2033305124827773,19.235
2026-10-22 19:23:57,52.920668186380645,52.82070939693408,61.30070827074118,94.255,24.564586707336925,24.4550811230881,8.615932621502365,43.34,10.736266386888433,10.82352012045286,1.2033305124827773,19.235
2026-10-22 19:38:57,52.920668186380645,52.82070939693408,61.30070827074118,94.255,24.564586707336925,24.4550811230881,8.615932621502365,43.34,10.736266386888433,10.82352012045286,1.2033305124827773,19.235
2026-10-22 19:53:57,52.92260306287984,52.823942090814946,61.305537581017404,94.26,24.564586707336925,24.4550811230881,8.615932621502365,43.34,10.736266386888433,10.82352012045286,1.2033305124827773,19.235
2026-10-22 20:08:57,52.92260306287984,52.823942090814946,61.305537581017404,94.26,24.564586707336925,24.4550811230881,8.615932621502365,43.34,10.736266386888433,10.82352012045286,1.2033305124827773,19.235
2026-10-22 20:23:57,52.92260306287984,52.823942090814946,61.305537581017404,94.26,24.564586707336925,24.4550811230881,8.615932621502365,43.34,10.736266386888433,10.82352012045286,1.2033305124827773,19.235
2026-10-22 20:38:57,52.99537630938545,52.89943702798786,61.3867442574491,94.4,24.602510632433695,24.48831834132569,8.62693988627179,43.4,10.752650419776359,10.84500417682018,1.206238752242886,19.275
2026-10-22 20:53:57,53.05442965740741,52.966245979357524,61.46719948402599,94.51,24.630854956090598,24.517425326481668,8.637899416880494,43.455,10.764981574674714,10.859077299143097,1.2073095914380745,19.295
2026-10-22 21:08:57,53.218049292063846,53.110274107505255,61.624920831598324,94.77,24.70001192324629,24.576522045896876,8.658478135208632,43.56,10.780607936651084,10.873465191724984,1.2089414235960432,19.325
2026-10-22 21:23:57,53.218049292063846,53.110274107505255,61.624920831598324,94.77,24.70001192324629,24.576522045896876,8.658478135208632,43.56,10.780607936651084,10.873465191724984,1.2089414235960432,19.325
2026-10-22 21:38:57,53.21973348687954,53.113328299278585,61.626615905535616,94.775,24.70001192324629,24.576522045896876,8.658478135208632,43.56,10.780607936651084,10.873465191724984,1.2089414235960432,19.325
2026-10-22 21:53:57,53.28220470151932,53.17266644520437,61.69802660003785,94.88,24.739682981381428,24.60719338097917,8.668996245896187,43.615,10.788766245756184,10.882542591659625,1.2098629854559115,19.34
2026-10-22 22:08:57,53.28220470151932,53.17266644520437,61.69802660003785,94.88,24.739682981381428,24.60719338097917,8.668996245896187,43.615,10.788766245756184,10.882542591659625,1.2098629854559115,19.34
2026-10-22 22:23:57,53.28220470151932,53.17266644520437,61.69802660003785,94.88,24.739682981381428,24.60719338097917,8.668996245896187,43.615,10.788766245756184,10.882542591659625,1.2098629854559115,19.34
2026-10-22 22:38:57,53.28220470151932,53.17266644520437,61.69802660003785,94.88,24.739682981381428,24.60719338097917,8.668996245896187,43.615,10.788766245756184,10.882542591659625,1.2098629854559115,19.34
2026-10-22 22:53:57,53.28220470151932,53.17266644520437,61.69802660003785,94.88,24.739682981381428,24.60719338097917,8.668996245896187,43.615,10.788766245756184,10.882542591659625,1.2098629854559115,19.34
2026-10-22 23:08:57,53.28220470151932,53.17266644520437,61.69802660003785,94.88,24.739682981381428,24.60719338097917,8.668996245896187,43.615,10.788766245756184,10.882542591659625,1.2098629854559115,19.34
2026-10-22 23:23:57,53.28220470151932,53.17266644520437,61.69802660003785,94.88,24.739682981381428,24.60719338097917,8.668996245896187,43.615,10.788766245756184,10.882542591659625,1.2098629854559115,19.34
2026-10-22 23:38:57,53.28220470151932,53.17266644520437,61.69802660003785,94.88,24.739682981381428,24.60719338097917,8.668996245896187,43.615,10.788766245756184,10.882542591659625,1.2098629854559115,19.34
2026-10-22 23:53:57,53.28220470151932,53.17266644520437,61.69802660003785,94.88,24.739682981381428,24.60719338097917,8.668996245896187,43.615,10.791816466355224,10.88397908480299,1.210076847681744,19.345
2026-10-23 00:08:57,53.28220470151932,53.17266644520437,61.69802660003785,94.88,24.739682981381428,24.60719338097917,8.668996245896187,43.615,10.791816466355224,10.88397908480299,1.210076847681744,19.345
2026-10-23 00:23:57,53.28220470151932,53.17266644520437,61.69802660003785,94.88,24.739682981381428,24.60719338097917,8.668996245896187,43.615,10.791816466355224,10.88397908480299,1.210076847681744,19.345
2026-10-23 00:38:57,53.28220470151932,53.17266644520437,61.69802660003785,94.88,24.739682981381428,24.60719338097917,8.668996245896187,43.615,10.792795533344878,10.88635532760739,1.2103078511867853,19.35
2026-10-23 00:53:57,53.28220470151932,53.17266644520437,61.69802660003785,94.88,24.739682981381428,24.60719338097917,8.668996245896187,43.615,10.792795533344878,10.88635532760739,1.2103078511867853,19.35
2026-10-23 01:08:57,53.28220470151932,53.17266644520437,61.69802660003785,94.88,24.739682981381428,24.60719338097917,8.668996245896187,43.615,10.792795533344878,10.88635532760739,1.2103078511867853,19.35
2026-10-23 01:23:57,53.28220470151932,53.17266644520437,61.69802660003785,94.88,24.739682981381428,24.60719338097917,8.668996245896187,43.615,10.792795533344878,10.88635532760739,1.2103078511867853,19.35
2026-10-23 01:38:57,53.383796835724695,53.26329663163976,61.78841590575206,95.035,24.78995857365518,24.655626330648243,8.688741635088734,43.705,10.804585235763195,10.899596290211967,1.211966583659829,19.375
2026-10-23 01:53:57,53.754266702170455,53.64271492606359,62.22898343448551,95.725,24.98146678093957,24.849137182821416,8.757945167136887,44.035,10.911842241104045,11.003439634619731,1.2238208012413134,19.56
2026-10-23 02:08:57,53.76073208861755,53.65506726734851,62.239546161852836,95.74,24.985305509892665,24.85533966179618,8.760604835934174,44.045,10.912850430537771,11.004537507404505,1.2242517479328074,19.565
2026-10-23 02:23:57,53.76073208861755,53.65506726734851,62.239546161852836,95.74,24.985305509892665,24.85533966179618,8.760604835934174,44.045,10.912850430537771,11.004537507404505,1.2242517479328074,19.565
2026-10-23 02:38:57,53.76073208861755,53.65506726734851,62.239546161852836,95.74,24.985305509892665,24.85533966179618,8.760604835934174,44.045,10.912850430537771,11.004537507404505,1.2242517479328074,19.565
2026-10-23 02:53:57,53.76073208861755,53.65506726734851,62.239546161852836,95.74,24.985305509892665,24.85533966179618,8.760604835934174,44.045,10.912850430537771,11.004537507404505,1.2242517479328074,19.565
2026-10-23 03:08:57,53.76073208861755,53.65506726734851,62.239546161852836,95.74,24.985305509892665,24.85533966179618,8.760604835934174,44.045,10.912850430537771,11.004537507404505,1.2242517479328074,19.565
2026-10-23 03:23:57,53.76073208861755,53.65506726734851,62.239546161852836,95.74,24.985305509892665,24.85533966179618,8.760604835934174,44.045,10.912850430537771,11.004537507404505,1.2242517479328074,19.565
2026-10-23 03:38:57,53.76073208861755,53.65506726734851,62.239546161852836,95.74,24.985305509892665,24.85533966179618,8.760604835934174,44.045,10.912850430537771,11.004537507404505,1.2242517479328074,19.565
2026-10-23 03:53:57,53.76073208861755,53.65506726734851,62.239546161852836,95.74,24.986425319033163,24.85738905162094,8.76190550428051,44.05,10.912850430537771,11.004537507404505,1.2242517479328074,19.565
2026-10-23 04:08:57,53.76073208861755,53.65506726734851,62.239546161852836,95.74,24.986425319033163,24.85738905162094,8.76190550428051,44.05,10.912850430537771,11.004537507404505,1.2242517479328074,19.565
2026-10-23 04:23:57,53.76073208861755,53.65506726734851,62.239546161852836,95.74,24.986425319033163,24.85738905162094,8.76190550428051,44.05,10.912850430537771,11.004537507404505,1.2242517479328074,19.565
2026-10-23 04:38:57,53.76073208861755,53.65506726734851,62.239546161852836,95.74,24.986425319033163,24.85738905162094,8.76190550428051,44.05,10.912850430537771,11.004537507404505,1.2242517479328074,19.565
2026-10-23 04:53:57,53.76073208861755,53.65506726734851,62.239546161852836,95.74,24.986425319033163,24.85738905162094,8.76190550428051,44.05,10.912850430537771,11.004537507404505,1.2242517479328074,19.565
2026-10-23 05:08:57,53.76205958401048,53.65762709644793,62.242555943848565,95.745,24.986425319033163,24.85738905162094,8.76190550428051,44.05,10.912850430537771,11.004537507404505,1.2242517479328074,19.565
2026-10-23 05:23:57,53.76205958401048,53.65762709644793,62.242555943848565,95.745,24.986425319033163,24.85738905162094,8.76190550428051,44.05,10.912850430537771,11.004537507404505,1.2242517479328074,19.565
2026-10-23 05:38:57,53.76205958401048,53.65762709644793,62.242555943848565,95.745,24.986425319033163,24.85738905162094,8.76190550428051,44.05,10.912850430537771,11.004537507404505,1.2242517479328074,19.565
2026-10-23 05:53:57,53.76205958401048,53.65762709644793,62.242555943848565,95.745,24.986425319033163,24.85738905162094,8.76190550428051,44.05,10.912850430537771,11.004537507404505,1.2242517479328074,19.565
2026-10-23 06:08:57,53.766800131058154,53.66249290378641,62.24521882735576,95.75,24.986425319033163,24.85738905162094,8.76190550428051,44.05,10.912850430537771,11.004537507404505,1.2242517479328074,19.565
2026-10-23 06:23:57,53.766800131058154,53.66249290378641,62.24521882735576,95.75,24.986425319033163,24.85738905162094,8.76190550428051,44.05,10.912850430537771,11.004537507404505,1.2242517479328074,19.565
2026-10-23 06:38:57,53.769418677750174,53.666840467468056,62.24956816242977,95.755,24.986425319033163,24.85738905162094,8.76190550428051,44.05,10.912850430537771,11.004537507404505,1.2242517479328074,19.565
2026-10-23 06:53:57,53.77315399952536,53.67163479556064,62.25364516428819,95.76,24.986425319033163,24.85738905162094,8.76190550428051,44.05,10.912850430537771,11.004537507404505,1.2242517479328074,19.565
2026-10-23 07:08:57,53.77315399952536,53.67163479556064,62.25364516428819,95.76,24.986425319033163,24.85738905162094,8.76190550428051,44.05,10.912850430537771,11.004537507404505,1.2242517479328074,19.565
2026-10-23 07:23:57,53.77315399952536,53.67163479556064,62.25364516428819,95.76,24.986425319033163,24.85738905162094,8.76190550428051,44.05,10.912850430537771,11.004537507404505,1.2242517479328074,19.565
2026-10-23 07:38:57,53.77315399952536,53.67163479556064,62.25364516428819,95.76,24.986425319033163,24.85738905162094,8.76190550428051,44.05,10.912850430537771,11.004537507404505,1.2242517479328074,19.565
2026-10-23 07:53:57,53.77315399952536,53.67163479556064,62.25364516428819,95.76,24.986425319033163,24.85738905162094,8.76190550428051,44.05,10.912850430537771,11.004537507404505,1.2242517479328074,19.565
2026-10-23 08:08:57,53.77315399952536,53.67163479556064,62.25364516428819,95.76,24.986425319033163,24.85738905162094,8.76190550428051,44.05,10.912850430537771,11.004537507404505,1.2242517479328074,19.565
2026-10-23 08:23:57,53.77315399952536,53.67163479556064,62.25364516428819,95.76,24.986425319033163,24.85738905162094,8.76190550428051,44.05,10.912850430537771,11.004537507404505,1.2242517479328074,19.565
2026-10-23 08:38:57,53.77315399952536,53.67163479556064,62.25364516428819,95.76,24.986425319033163,24.85738905162094,8.76190550428051,44.05,10.912850430537771,11.004537507404505,1.2242517479328074,19.565
2026-10-23 08:53:57,53.77315399952536,53.67163479556064,62.25364516428819,95.76,24.986425319033163,24.85738905162094,8.76190550428051,44.05,10.912850430537771,11.004537507404505,1.2242517479328074,19.565
2026-10-23 09:08:57,53.77315399952536,53.67163479556064,62.25364516428819,95.76,24.989214739627926,24.86463960191179,8.7641788854694,44.06,10.912850430537771,11.004537507404505,1.2242517479328074,19.565
2026-10-23 09:23:57,53.77315399952536,53.67163479556064,62.25364516428819,95.76,24.989214739627926,24.86463960191179,8.7641788854694,44.06,10.912850430537771,11.004537507404505,1.2242517479328074,19.565
2026-10-23 09:38:57,53.77315399952536,53.67163479556064,62.25364516428819,95.76,24.989214739627926,24.86463960191179,8.7641788854694,44.06,10.912850430537771,11.004537507404505,1.2242517479328074,19.565
2026-10-23 09:53:57,53.77315399952536,53.67163479556064,62.25364516428819,95.76,24.989214739627926,24.86463960191179,8.7641788854694,44.06,10.912850430537771,11.004537507404505,1.2242517479328074,19.565
2026-10-23 10:08:57,53.85050649779454,53.74600534374215,62.342145162106995,95.895,25.013309695185335,24.891495928961273,8.77259556051697,44.105,10.930035928881084,11.017901370663695,1.2264114502576935,19.595
2026-10-23 10:23:57,53.86568111211745,53.75842019793607,62.35819390814117,95.92,25.033225342941822,24.90722574867479,8.778066804280414,44.13,10.930035928881084,11.017901370663695,1.2264114502576935,19.595
2026-10-23 10:38:57,53.86568111211745,53.75842019793607,62.35819390814117,95.92,25.033225342941822,24.90722574867479,8.778066804280414,44.13,10.930035928881084,11.017901370663695,1.2264114502576935,19.595
2026-10-23 10:53:57,53.86568111211745,53.75842019793607,62.35819390814117,95.92,25.033225342941822,24.90722574867479,8.778066804280414,44.13,10.930035928881084,11.017901370663695,1.2264114502576935,19.595
2026-10-23 11:08:57,53.86568111211745,53.75842019793607,62.35819390814117,95.92,25.033225342941822,24.90722574867479,8.778066804280414,44.13,10.930035928881084,11.017901370663695,1.2264114502576935,19.595
2026-10-23 11:23:57,53.86568111211745,53.75842019793607,62.35819390814117,95.92,25.033225342941822,24.90722574867479,8.778066804280414,44.13,10.930035928881084,11.017901370663695,1.2264114502576935,19.595
2026-10-23 11:38:57,53.911860053183915,53.803758972861736,62.40928572187508,96.005,25.06008094665556,24.930675521340024,8.787420767851104,44.18,10.94344357894196,11.027091268663844,1.2275991587779094,19.62
2026-10-23 11:53:57,53.911860053183915,53.803758972861736,62.40928572187508,96.005,25.06008094665556,24.930675521340024,8.787420767851104,44.18,10.94344357894196,11.027091268663844,1.2275991587779094,19.62
2026-10-23 12:08:57,53.911860053183915,53.803758972861736,62.40928572187508,96.005,25.06008094665556,24.930675521340024,8.787420767851104,44.18,10.94344357894196,11.027091268663844,1.2275991587779094,19.62
2026-10-23 12:23:57,53.93773174935618,53.83289485704001,62.440213301292744,96.055,25.061440576684763,24.932231142198688,8.788114670774906,44.185,10.94344357894196,11.027091268663844,1.2275991587779094,19.62
2026-10-23 12:38:57,53.93773174935618,53.83289485704001,62.440213301292744,96.055,25.061440576684763,24.932231142198688,8.788114670774906,44.185,10.94344357894196,11.027091268663844,1.2275991587779094,19.62
2026-10-23 12:53:57,53.9535171267019,53.849815909987086,62.46393436703406,96.085,25.062744033102742,24.933519735203877,8.789183132492871,44.19,10.94344357894196,11.027091268663844,1.2275991587779094,19.62
2026-10-23 13:08:57,53.98600868993328,53.8846769961671,62.50133893153976,96.14,25.08327982188734,24.958460839124367,8.797005919109786,44.23,10.946130777229762,11.029249435120068,1.2278764796175667,19.625
2026-10-23 13:23:57,54.01964873489092,53.90764834291617,62.538252913988394,96.195,25.10669155775042,24.989966687022246,8.806627518363221,44.275,10.956773235416874,11.037117434584793,1.228785508582822,19.64
2026-10-23 13:38:57,54.01964873489092,53.90764834291617,62.538252913988394,96.195,25.10669155775042,24.989966687022246,8.806627518363221,44.275,10.956773235416874,11.037117434584793,1.228785508582822,19.64
2026-10-23 13:53:57,54.05550994480964,53.957647297102824,62.58343181196091,96.275,25.116668948828885,25.001057915142635,8.810016699536177,44.29,10.968267290299494,11.05745138117627,1.2305687142534485,19.67
2026-10-23 14:08:57,54.111727924916806,54.01403887745199,62.644326085746684,96.37,25.133551531594442,25.015035156214907,8.81562311277611,44.32,10.971554025785466,11.060542369848847,1.2314594797490288,19.68
2026-10-23 14:23:57,54.15702326402477,54.05600383240485,62.69842210554475,96.45,25.15271983576166,25.02908956604121,8.821356845271005,44.35,10.971554025785466,11.060542369848847,1.2314594797490288,19.68
2026-10-23 14:38:57,54.19527513784099,54.08182505096302,62.73622245834785,96.5,25.161459761419906,25.039417535235213,8.825168030222114,44.37,10.975754212339455,11.061856002215384,1.2315913771270575,19.685
2026-10-23 14:53:57,54.2044680622044,54.090898054715765,62.745915081622215,96.515,25.165905796881038,25.045253410086914,8.82738500842344,44.38,10.975754212339455,11.061856002215384,1.2315913771270575,19.685
2026-10-23 15:08:57,54.2059122913386,54.093314489763785,62.75021956859692,96.52,25.168507914815713,25.04762013906473,8.828774174793786,44.385,10.975754212339455,11.061856002215384,1.2315913771270575,19.685
2026-10-23 15:23:57,54.21310196727892,54.10203258885275,62.76171877149841,96.535,25.172497994012055,25.053908199337116,8.83072490644243,44.395,10.979101856367464,11.063336383538665,1.2320121419832255,19.69
2026-10-23 15:38:57,54.21310196727892,54.10203258885275,62.76171877149841,96.535,25.172497994012055,25.053908199337116,8.83072490644243,44.395,10.979101856367464,11.063336383538665,1.2320121419832255,19.69
2026-10-23 15:53:57,54.276965603400235,54.15703405099549,62.832596763348924,96.645,25.182709319823214,25.068075571424977,8.835652098967184,44.415,10.982317660456546,11.069364400864833,1.2326864836491152,19.7
2026-10-23 16:08:57,54.28759150481111,54.173722440216274,62.850398109519034,96.67,25.190548628120805,25.07468785851515,8.838429672803091,44.425,10.992191979364026,11.077393290989493,1.233427130661509,19.715
2026-10-23 16:23:57,54.28759150481111,54.173722440216274,62.850398109519034,96.67,25.190548628120805,25.07468785851515,8.838429672803091,44.425,10.992191979364026,11.077393290989493,1.233427130661509,19.715
2026-10-23 16:38:57,54.28759150481111,54.173722440216274,62.850398109519034,96.67,25.190548628120805,25.07468785851515,8.838429672803091,44.425,10.992191979364026,11.077393290989493,1.233427130661509,19.715
2026-10-23 16:53:57,54.28759150481111,54.173722440216274,62.850398109519034,96.67,25.190548628120805,25.07468785851515,8.838429672803091,44.425,10.992191979364026,11.077393290989493,1.233427130661509,19.715
2026-10-23 17:08:57,54.28759150481111,54.173722440216274,62.850398109519034,96.67,25.190548628120805,25.07468785851515,8.838429672803091,44.425,10.992191979364026,11.077393290989493,1.233427130661509,19.715
2026-10-23 17:23:57,54.29043685143418,54.176479295031555,62.853700854000024,96.675,25.190548628120805,25.07468785851515,8.838429672803091,44.425,10.992191979364026,11.077393290989493,1.233427130661509,19.715
2026-10-23 17:38:57,54.29043685143418,54.176479295031555,62.853700854000024,96.675,25.190548628120805,25.07468785851515,8.838429672803091,44.425,10.992191979364026,11.077393290989493,1.233427130661509,19.715
2026-10-23 17:53:57,54.29043685143418,54.176479295031555,62.853700854000024,96.675,25.190548628120805,25.07468785851515,8.838429672803091,44.425,10.992191979364026,11.077393290989493,1.233427130661509,19.715
2026-10-23 18:08:57,54.29043685143418,54.176479295031555,62.853700854000024,96.675,25.190548628120805,25.07468785851515,8.838429672803091,44.425,10.992191979364026,11.077393290989493,1.233427130661509,19.715
2026-10-23 18:23:57,54.29444007351926,54.17872379387196,62.85683067934052,96.68,25.190548628120805,25.07468785851515,8.838429672803091,44.425,10.992191979364026,11.077393290989493,1.233427130661509,19.715
2026-10-23 18:38:57,54.398910493721,54.272886406530745,62.96319276329371,96.865,25.259357351178096,25.133347809753193,8.8606850604611,44.535,11.004503574561904,11.089811410199703,1.2352840862154957,19.74
2026-10-23 18:53:57,54.47643489305312,54.342250597847176,63.04136452203098,96.99,25.281069879560434,25.158268185259672,8.868557217737711,44.575,11.017035244424978,11.098144819810143,1.2366789300607084,19.765
2026-10-23 19:08:57,54.589487636561635,54.46136497229915,63.17561127334601,97.185,25.349203915273236,25.216525108823294,8.89165701209575,44.68,11.034968959855359,11.113716728030326,1.238742642920465,19.795
2026-10-23 19:23:57,54.64171081833429,54.51749848251965,63.23542724111996,97.28,25.380005375486252,25.251256723137,8.90195464232702,44.735,11.045066771513929,11.12500932150868,1.2395221208061211,19.815
2026-10-23 19:38:57,54.71642988904775,54.59241277330402,63.33728800416136,97.43,25.407445428697166,25.282751723624425,8.912202092057802,44.785,11.051594281583345,11.132840162066284,1.2401744077850934,19.825
2026-10-23 19:53:57,54.892776549500375,54.763155049256795,63.52312605425678,97.735,25.504794989791986,25.3843778150009,8.946396894325929,44.97,11.086313789724136,11.173566309952314,1.244376081886636,19.89
2026-10-23 20:08:57,54.892776549500375,54.763155049256795,63.52312605425678,97.735,25.504794989791986,25.3843778150009,8.946396894325929,44.97,11.086313789724136,11.173566309952314,1.244376081886636,19.89
2026-10-23 20:23:57,54.892776549500375,54.763155049256795,63.52312605425678,97.735,25.504794989791986,25.3843778150009,8.946396894325929,44.97,11.086313789724136,11.173566309952314,1.244376081886636,19.89
2026-10-23 20:38:57,54.892776549500375,54.763155049256795,63.52312605425678,97.735,25.504794989791986,25.3843778150009,8.946396894325929,44.97,11.086313789724136,11.173566309952314,1.244376081886636,19.89
2026-10-23 20:53:57,54.994841128017136,54.8851905304564,63.67556715202991,97.945,25.60984534842588,25.486506434812924,8.984617244988065,45.16,11.124770366484757,11.210701042348886,1.2485689909095274,19.97
2026-10-23 21:08:57,55.087393817157995,54.97566698059613,63.76649224155947,98.1,25.64089719675719,25.515262178010072,8.993620696512357,45.21,11.13548376817053,11.217493427934038,1.2496547138097256,19.985
2026-10-23 21:23:57,55.27775631766997,55.16455160658798,63.978656113313136,98.43,25.771605329448178,25.660737079573142,9.03811033994929,45.44,11.200713257277217,11.287832454671964,1.2565290696748466,20.085
2026-10-23 21:38:57,55.52260511565,55.41925158461581,64.25755853048652,98.87,25.889936118476616,25.804159215073124,9.08349093271964,45.66,11.285177150648614,11.356322159268776,1.2654682484952042,20.215
2026-10-23 21:53:57,55.552256904541565,55.45673753945419,64.29215594886455,98.93,25.909936075119955,25.825667601977838,9.091158384797522,45.695,11.305388767068118,11.36662829559468,1.2672459228109714,20.245
2026-10-23 22:08:57,55.592083892042645,55.50959751709836,64.34571823020248,99.015,25.941145144199602,25.85469252775151,9.101554750521952,45.745,11.329517883885352,11.393850080667159,1.2700951018692235,20.285
2026-10-23 22:23:57,55.656109573567676,55.57257247711813,64.42197568719642,99.13,25.964244711188933,25.88270033546003,9.106250328664355,45.78,11.347490856361036,11.416450002720719,1.2728336567940532,20.33
2026-10-23 22:38:57,55.656109573567676,55.57257247711813,64.42197568719642,99.13,25.964244711188933,25.88270033546003,9.106250328664355,45.78,11.347490856361036,11.416450002720719,1.2728336567940532,20.33
2026-10-23 22:53:57,55.656109573567676,55.57257247711813,64.42197568719642,99.13,25.964244711188933,25.88270033546003,9.106250328664355,45.78,11.347490856361036,11.416450002720719,1.2728336567940532,20.33
2026-10-23 23:08:57,55.656109573567676,55.57257247711813,64.42197568719642,99.13,25.964244711188933,25.88270033546003,9.106250328664355,45.78,11.347490856361036,11.416450002720719,1.2728336567940532,20.33
2026-10-23 23:23:57,55.65996390891054,55.57681649637145,64.42683741043844,99.135,25.964244711188933,25.88270033546003,9.106250328664355,45.78,11.347490856361036,11.416450002720719,1.2728336567940532,20.33
2026-10-23 23:38:57,55.65996390891054,55.57681649637145,64.42683741043844,99.135,25.964244711188933,25.88270033546003,9.106250328664355,45.78,11.347490856361036,11.416450002720719,1.2728336567940532,20.33
2026-10-23 23:53:57,55.65996390891054,55.57681649637145,64.42683741043844,99.135,25.964244711188933,25.88270033546003,9.106250328664355,45.78,11.348296102803326,11.417456369026151,1.2730043145462673,20.335
2026-10-24 00:08:57,55.71300740482401,55.634289808990594,64.47806700843738,99.225,25.99607295259487,25.91229828069711,9.117052972401268,45.835,11.367666704020383,11.446233577698614,1.2760006299109032,20.38
2026-10-24 00:23:57,55.73960793695054,55.67269179346035,64.52221889703488,99.28,26.017988597922653,25.9329693827008,9.124083298804788,45.875,11.383872764535854,11.462198014669582,1.2781053262778732,20.41
2026-10-24 00:38:57,55.76725069889944,55.710248011059036,64.56497294685758,99.345,26.08119684571376,25.991468900675514,9.14431483814001,45.97,11.396493883968521,11.47463363826858,1.2792149754545223,20.43
2026-10-24 00:53:57,55.84685492715145,55.78420928781153,64.65846647887199,99.485,26.139178070721176,26.054906654554806,9.166373615063216,46.075,11.43625376681436,11.514219635207562,1.283246984896503,20.49
2026-10-24 01:08:57,55.84685492715145,55.78420928781153,64.65846647887199,99.485,26.139178070721176,26.054906654554806,9.166373615063216,46.075,11.43625376681436,11.514219635207562,1.283246984896503,20.49
2026-10-24 01:23:57,55.84685492715145,55.78420928781153,64.65846647887199,99.485,26.139178070721176,26.054906654554806,9.166373615063216,46.075,11.43625376681436,11.514219635207562,1.283246984896503,20.49
2026-10-24 01:38:57,55.84685492715145,55.78420928781153,64.65846647887199,99.485,26.139178070721176,26.054906654554806,9.166373615063216,46.075,11.43625376681436,11.514219635207562,1.283246984896503,20.49
2026-10-24 01:53:57,55.84685492715145,55.78420928781153,64.65846647887199,99.485,26.139178070721176,26.054906654554806,9.166373615063216,46.075,11.43625376681436,11.514219635207562,1.283246984896503,20.49
2026-10-24 02:08:57,55.849604045077626,55.78617791842095,64.66035126208537,99.49,26.139178070721176,26.054906654554806,9.166373615063216,46.075,11.44018215279545,11.516173873280572,1.2835826438161957,20.495
2026-10-24 02:23:57,55.849604045077626,55.78617791842095,64.66035126208537,99.49,26.139178070721176,26.054906654554806,9.166373615063216,46.075,11.44018215279545,11.516173873280572,1.2835826438161957,20.495
2026-10-24 02:38:57,55.93947560796163,55.8729226460643,64.75042033031099,99.625,26.162395181063026,26.077506052934716,9.173716704159155,46.11,11.457303142635897,11.53175496893036,1.2857240354510067,20.53
2026-10-24 02:53:57,56.010614776191105,55.94062641711675,64.8255893714419,99.745,26.183026092020977,26.099530776862906,9.180763907135672,46.145,11.478424126610792,11.5482864387447,1.2876746233135372,20.56
2026-10-24 03:08:57,56.010614776191105,55.94062641711675,64.8255893714419,99.745,26.183026092020977,26.099530776862906,9.180763907135672,46.145,11.478424126610792,11.5482864387447,1.2876746233135372,20.56
2026-10-24 03:23:57,56.010614776191105,55.94062641711675,64.8255893714419,99.745,26.183026092020977,26.099530776862906,9.180763907135672,46.145,11.478424126610792,11.5482864387447,1.2876746233135372,20.56
2026-10-24 03:38:57,56.010614776191105,55.94062641711675,64.8255893714419,99.745,26.183026092020977,26.099530776862906,9.180763907135672,46.145,11.478424126610792,11.5482864387447,1.2876746233135372,20.56
2026-10-24 03:53:57,56.010614776191105,55.94062641711675,64.8255893714419,99.745,26.183026092020977,26.099530776862906,9.180763907135672,46.145,11.478424126610792,11.5482864387447,1.2876746233135372,20.56
2026-10-24 04:08:57,56.010614776191105,55.94062641711675,64.8255893714419,99.745,26.183026092020977,26.099530776862906,9.180763907135672,46.145,11.478424126610792,11.5482864387447,1.2876746233135372,20.56
2026-10-24 04:23:57,56.010614776191105,55.94062641711675,64.8255893714419,99.745,26.183026092020977,26.099530776862906,9.180763907135672,46.145,11.478424126610792,11.5482864387447,1.2876746233135372,20.56
2026-10-24 04:38:57,56.010614776191105,55.94062641711675,64.8255893714419,99.745,26.183026092020977,26.099530776862906,9.180763907135672,46.145,11.478424126610792,11.5482864387447,1.2876746233135372,20.56
2026-10-24 04:53:57,56.010614776191105,55.94062641711675,64.8255893714419,99.745,26.183026092020977,26.099530776862906,9.180763907135672,46.145,11.478424126610792,11.5482864387447,1.2876746233135372,20.56
2026-10-24 05:08:57,56.010614776191105,55.94062641711675,64.8255893714419,99.745,26.183026092020977,26.099530776862906,9.180763907135672,46.145,11.478424126610792,11.5482864387447,1.2876746233135372,20.56
2026-10-24 05:23:57,56.01559110558521,55.94320184676004,64.83010961156691,99.75,26.183026092020977,26.099530776862906,9.180763907135672,46.145,11.478424126610792,11.5482864387447,1.2876746233135372,20.56
2026-10-24 05:38:57,56.01891601740968,55.947900866477845,64.8346478229992,99.755,26.183026092020977,26.099530776862906,9.180763907135672,46.145,11.478424126610792,11.5482864387447,1.2876746233135372,20.56
2026-10-24 05:53:57,56.01891601740968,55.947900866477845,64.8346478229992,99.755,26.183026092020977,26.099530776862906,9.180763907135672,46.145,11.478424126610792,11.5482864387447,1.2876746233135372,20.56
2026-10-24 06:08:57,56.01891601740968,55.947900866477845,64.8346478229992,99.755,26.183026092020977,26.099530776862906,9.180763907135672,46.145,11.478424126610792,11.5482864387447,1.2876746233135372,20.56
2026-10-24 06:23:57,56.01891601740968,55.947900866477845,64.8346478229992,99.755,26.183026092020977,26.099530776862906,9.180763907135672,46.145,11.478424126610792,11.5482864387447,1.2876746233135372,20.56
2026-10-24 06:38:57,56.01891601740968,55.947900866477845,64.8346478229992,99.755,26.183026092020977,26.099530776862906,9.180763907135672,46.145,11.478424126610792,11.5482864387447,1.2876746233135372,20.56
2026-10-24 06:53:57,56.14688697464481,56.09857281923085,65.00589002333395,100.005,26.233643156690967,26.143598066723857,9.1972781937366,46.22,11.495089109033206,11.575983891942725,1.2900233911435766,20.6
2026-10-24 07:08:57,56.14688697464481,56.09857281923085,65.00589002333395,100.005,26.233643156690967,26.143598066723857,9.1972781937366,46.22,11.495089109033206,11.575983891942725,1.2900233911435766,20.6
2026-10-24 07:23:57,56.14688697464481,56.09857281923085,65.00589002333395,100.005,26.23637779931024,26.148149596384414,9.198553406219414,46.225,11.495089109033206,11.575983891942725,1.2900233911435766,20.6
2026-10-24 07:38:57,56.14688697464481,56.09857281923085,65.00589002333395,100.005,26.23637779931024,26.148149596384414,9.198553406219414,46.225,11.495089109033206,11.575983891942725,1.2900233911435766,20.6
2026-10-24 07:53:57,56.14688697464481,56.09857281923085,65.00589002333395,100.005,26.23637779931024,26.148149596384414,9.198553406219414,46.225,11.495089109033206,11.575983891942725,1.2900233911435766,20.6
2026-10-24 08:08:57,56.14688697464481,56.09857281923085,65.00589002333395,100.005,26.23637779931024,26.148149596384414,9.198553406219414,46.225,11.499179253600465,11.579078134512796,1.2904754442036142,20.605
2026-10-24 08:23:57,56.14688697464481,56.09857281923085,65.00589002333395,100.005,26.23637779931024,26.148149596384414,9.198553406219414,46.225,11.499179253600465,11.579078134512796,1.2904754442036142,20.605
2026-10-24 08:38:57,56.14688697464481,56.09857281923085,65.00589002333395,100.005,26.23637779931024,26.148149596384414,9.198553406219414,46.225,11.499179253600465,11.579078134512796,1.2904754442036142,20.605
2026-10-24 08:53:57,56.14688697464481,56.09857281923085,65.00589002333395,100.005,26.23637779931024,26.148149596384414,9.198553406219414,46.225,11.502563016032239,11.583301681587496,1.2908058749731002,20.61
2026-10-24 09:08:57,56.14688697464481,56.09857281923085,65.00589002333395,100.005,26.23637779931024,26.148149596384414,9.198553406219414,46.225,11.502563016032239,11.583301681587496,1.2908058749731002,20.61
2026-10-24 09:23:57,56.14688697464481,56.09857281923085,65.00589002333395,100.005,26.23637779931024,26.148149596384414,9.198553406219414,46.225,11.502563016032239,11.583301681587496,1.2908058749731002,20.61
2026-10-24 09:38:57,56.14688697464481,56.09857281923085,65.00589002333395,100.005,26.23637779931024,26.148149596384414,9.198553406219414,46.225,11.502563016032239,11.583301681587496,1.2908058749731002,20.61
2026-10-24 09:53:57,56.14688697464481,56.09857281923085,65.00589002333395,100.005,26.23637779931024,26.148149596384414,9.198553406219414,46.225,11.502563016032239,11.583301681587496,1.2908058749731002,20.61
2026-10-24 10:08:57,56.14981418263088,56.09952360748868,65.0087036445059,100.01,26.23637779931024,26.148149596384414,9.198553406219414,46.225,11.502563016032239,11.583301681587496,1.2908058749731002,20.61
2026-10-24 10:23:57,56.14981418263088,56.09952360748868,65.0087036445059,100.01,26.23637779931024,26.148149596384414,9.198553406219414,46.225,11.502563016032239,11.583301681587496,1.2908058749731002,20.61
2026-10-24 10:38:57,56.14981418263088,56.09952360748868,65.0087036445059,100.01,26.23637779931024,26.148149596384414,9.198553406219414,46.225,11.502563016032239,11.583301681587496,1.2908058749731002,20.61
2026-10-24 10:53:57,56.20604256289604,56.15803857821141,65.06936300324367,100.11,26.24923215134875,26.16925654844519,9.204356110254107,46.255,11.510787412439429,11.589348667974749,1.2917648809577538,20.625
2026-10-24 11:08:57,56.24938730695568,56.20187796658457,65.1217537945016,100.19,26.27307933134872,26.20340320512317,9.213064261258708,46.295,11.512408965578606,11.589984290563558,1.2921524043834478,20.63
2026-10-24 11:23:57,56.24938730695568,56.20187796658457,65.1217537945016,100.19,26.27307933134872,26.20340320512317,9.213064261258708,46.295,11.512408965578606,11.589984290563558,1.2921524043834478,20.63
2026-10-24 11:38:57,56.305344120116786,56.2606005445722,65.18497817365007,100.29,26.28193277219262,26.210113140612872,9.21730847002737,46.315,11.513337315689657,11.59141112386888,1.2922847662199288,20.635
2026-10-24 11:53:57,56.305344120116786,56.2606005445722,65.18497817365007,100.29,26.28193277219262,26.210113140612872,9.21730847002737,46.315,11.513337315689657,11.59141112386888,1.2922847662199288,20.635
2026-10-24 12:08:57,56.305344120116786,56.2606005445722,65.18497817365007,100.29,26.28193277219262,26.210113140612872,9.21730847002737,46.315,11.513337315689657,11.59141112386888,1.2922847662199288,20.635
2026-10-24 12:23:57,56.305344120116786,56.2606005445722,65.18497817365007,100.29,26.28193277219262,26.210113140612872,9.21730847002737,46.315,11.513337315689657,11.59141112386888,1.2922847662199288,20.635
2026-10-24 12:38:57,56.305344120116786,56.2606005445722,65.18497817365007,100.29,26.28193277219262,26.210113140612872,9.21730847002737,46.315,11.513337315689657,11.59141112386888,1.2922847662199288,20.635
2026-10-24 12:53:57,56.305344120116786,56.2606005445722,65.18497817365007,100.29,26.28193277219262,26.210113140612872,9.21730847002737,46.315,11.513337315689657,11.59141112386888,1.2922847662199288,20.635
2026-10-24 13:08:57,56.305344120116786,56.2606005445722,65.18497817365007,100.29,26.28193277219262,26.210113140612872,9.21730847002737,46.315,11.513337315689657,11.59141112386888,1.2922847662199288,20.635
2026-10-24 13:23:57,56.3110564955805,56.2682256936462,65.19693586982093,100.305,26.286755061553865,26.212251644118158,9.218290120455562,46.32,11.513337315689657,11.59141112386888,1.2922847662199288,20.635
2026-10-24 13:38:57,56.35731422312719,56.30344834978892,65.25021967670897,100.385,26.29483672569422,26.216331568852368,9.221032955890308,46.335,11.516256005108641,11.593551180057396,1.2927504733685748,20.64
2026-10-24 13:53:57,56.41994260391865,56.36753520983581,65.32683536785345,100.5,26.30956648600433,26.223962575340586,9.225996663201263,46.355,11.522536596093193,11.600529467009883,1.2933067640562252,20.65
2026-10-24 14:08:57,56.41994260391865,56.36753520983581,65.32683536785345,100.5,26.30956648600433,26.223962575340586,9.225996663201263,46.355,11.522536596093193,11.600529467009883,1.2933067640562252,20.65
2026-10-24 14:23:57,56.44268512366974,56.39271024377928,65.35276481238908,100.54,26.314375610756265,26.229672466576655,9.228170497436642,46.365,11.522536596093193,11.600529467009883,1.2933067640562252,20.65
2026-10-24 14:38:57,56.462040520875135,56.41227060290498,65.37347392267095,100.575,26.315049020957318,26.23449676593621,9.229059027140444,46.37,11.524520730859484,11.601168193155376,1.2936096780781685,20.655
2026-10-24 14:53:57,56.462040520875135,56.41227060290498,65.37347392267095,100.575,26.315049020957318,26.23449676593621,9.229059027140444,46.37,11.524520730859484,11.601168193155376,1.2936096780781685,20.655
2026-10-24 15:08:57,56.500828454702166,56.446783954671,65.41880899115183,100.64,26.33532987333584,26.256966683443633,9.239058596938152,46.415,11.524520730859484,11.601168193155376,1.2936096780781685,20.655
2026-10-24 15:23:57,56.52016338362907,56.46838287322285,65.43992413073721,100.67,26.337427621909555,26.260566011559007,9.240421826641464,46.42,11.529306566534105,11.606046445024882,1.2938992695050877,20.66
2026-10-24 15:38:57,56.52947622887542,56.47534940229384,65.4535854066714,100.69,26.33969637293523,26.262560164889912,9.241866003165052,46.425,11.533496024589937,11.60957380075382,1.2942091801507996,20.665
2026-10-24 15:53:57,56.54059119315467,56.486823753498754,65.46521608210634,100.71,26.343874970277152,26.26570183645773,9.243022244614245,46.43,11.533496024589937,11.60957380075382,1.2942091801507996,20.665
2026-10-24 16:08:57,56.54059119315467,56.486823753498754,65.46521608210634,100.71,26.343874970277152,26.26570183645773,9.243022244614245,46.43,11.533496024589937,11.60957380075382,1.2942091801507996,20.665
2026-10-24 16:23:57,56.557089350197856,56.508818377341214,65.48389216852982,100.745,26.348456501827393,26.26992257767574,9.244264576857358,46.44,11.539328705888638,11.615419279975137,1.2946344438369617,20.675
2026-10-24 16:38:57,56.5794931069326,56.525419435877915,65.50234254066513,100.78,26.353551263644285,26.273052117569335,9.246444655448336,46.45,11.54176020097405,11.616649804077602,1.2950402799338927,20.68
2026-10-24 16:53:57,56.59135236055432,56.53765900868033,65.51875061400749,100.805,26.360035629006205,26.28138094356901,9.249447500352382,46.465,11.54176020097405,11.616649804077602,1.2950402799338927,20.68
2026-10-24 17:08:57,56.59135236055432,56.53765900868033,65.51875061400749,100.805,26.360035629006205,26.28138094356901,9.249447500352382,46.465,11.54176020097405,11.616649804077602,1.2950402799338927,20.68
2026-10-24 17:23:57,56.60966506453077,56.55423740887195,65.54318649684257,100.84,26.3622613973562,26.284162506370883,9.25025301086995,46.47,11.54176020097405,11.616649804077602,1.2950402799338927,20.68
2026-10-24 17:38:57,56.60966506453077,56.55423740887195,65.54318649684257,100.84,26.3622613973562,26.284162506370883,9.25025301086995,46.47,11.54176020097405,11.616649804077602,1.2950402799338927,20.68
2026-10-24 17:53:57,56.60966506453077,56.55423740887195,65.54318649684257,100.84,26.3622613973562,26.284162506370883,9.25025301086995,46.47,11.54176020097405,11.616649804077602,1.2950402799338927,20.68
2026-10-24 18:08:57,56.60966506453077,56.55423740887195,65.54318649684257,100.84,26.3622613973562,26.284162506370883,9.25025301086995,46.47,11.54176020097405,11.616649804077602,1.2950402799338927,20.68
2026-10-24 18:23:57,56.67183325783956,56.62074049079624,65.61102613518855,100.95,26.381914880171195,26.307838161321143,9.260122215247927,46.52,11.557279737443432,11.636661395344394,1.2974928804720474,20.72
2026-10-24 18:38:57,56.938159940511675,56.88132481127036,65.91704978839766,101.43,26.469109924671006,26.394992291787332,9.29139451640271,46.67,11.610719424621307,11.691321720549151,1.3034941478009108,20.82
2026-10-24 18:53:57,56.938159940511675,56.88132481127036,65.91704978839766,101.43,26.469109924671006,26.394992291787332,9.29139451640271,46.67,11.610719424621307,11.691321720549151,1.3034941478009108,20.82
2026-10-24 19:08:57,56.938159940511675,56.88132481127036,65.91704978839766,101.43,26.469109924671006,26.394992291787332,9.29139451640271,46.67,11.610719424621307,11.691321720549151,1.3034941478009108,20.82
2026-10-24 19:23:57,56.93901481718391,56.88593731673019,65.92094107400189,101.435,26.469109924671006,26.394992291787332,9.29139451640271,46.67,11.610719424621307,11.691321720549151,1.3034941478009108,20.82
2026-10-24 19:38:57,56.93901481718391,56.88593731673019,65.92094107400189,101.435,26.469109924671006,26.394992291787332,9.29139451640271,46.67,11.610719424621307,11.691321720549151,1.3034941478009108,20.82
2026-10-24 19:53:57,57.024211218905364,56.974249188946644,66.02071902911838,101.595,26.50220188455736,26.42500615665506,9.305313180942644,46.74,11.62060675231842,11.698885439663396,1.3044713970082886,20.835
2026-10-24 20:08:57,57.268312343603,57.20921011147312,66.29059474054915,102.02,26.620224110768678,26.532458128321984,9.350556091778197,46.95,11.674080886343903,11.74549015560696,1.309799106735804,20.925
2026-10-24 20:23:57,57.268312343603,57.20921011147312,66.29059474054915,102.02,26.620224110768678,26.532458128321984,9.350556091778197,46.95,11.674080886343903,11.74549015560696,1.309799106735804,20.925
2026-10-24 20:38:57,57.268312343603,57.20921011147312,66.29059474054915,102.02,26.620224110768678,26.532458128321984,9.350556091778197,46.95,11.674080886343903,11.74549015560696,1.309799106735804,20.925
2026-10-24 20:53:57,57.34434614537615,57.27061955646852,66.36455652876963,102.135,26.658759741973796,26.56947815556017,9.3660642612812,47.02,11.6898915601561,11.761722713960038,1.3109911630474558,20.95
2026-10-24 21:08:57,57.40878582023797,57.338493621318584,66.43650503867838,102.25,26.680880997812896,26.612181530801312,9.377778076091058,47.08,11.703272283491286,11.781973770150499,1.3132187273721427,20.98
2026-10-24 21:23:57,57.40878582023797,57.338493621318584,66.43650503867838,102.25,26.680880997812896,26.612181530801312,9.377778076091058,47.08,11.703272283491286,11.781973770150499,1.3132187273721427,20.98
2026-10-24 21:38:57,57.40878582023797,57.338493621318584,66.43650503867838,102.25,26.680880997812896,26.612181530801312,9.377778076091058,47.08,11.703272283491286,11.781973770150499,1.3132187273721427,20.98
2026-10-24 21:53:57,57.63240715783148,57.56182137209249,66.70718691471983,102.67,26.802171308345002,26.724994740759286,9.421326877585791,47.3,11.734156712544573,11.820296479135376,1.3176492811208154,21.05
2026-10-24 22:08:57,57.70640371924335,57.65050331720985,66.79462104253712,102.81,26.864615009119312,26.78704075323183,9.442994810299874,47.405,11.781774118981339,11.86798537789119,1.3230433284739287,21.135
2026-10-24 22:23:57,57.70640371924335,57.65050331720985,66.79462104253712,102.81,26.864615009119312,26.78704075323183,9.442994810299874,47.405,11.781774118981339,11.86798537789119,1.3230433284739287,21.135
2026-10-24 22:38:57,57.70640371924335,57.65050331720985,66.79462104253712,102.81,26.864615009119312,26.78704075323183,9.442994810299874,47.405,11.781774118981339,11.86798537789119,1.3230433284739287,21.135
2026-10-24 22:53:57,57.70640371924335,57.65050331720985,66.79462104253712,102.81,26.864615009119312,26.78704075323183,9.442994810299874,47.405,11.781774118981339,11.86798537789119,1.3230433284739287,21.135
2026-10-24 23:08:57,57.70640371924335,57.65050331720985,66.79462104253712,102.81,26.864615009119312,26.78704075323183,9.442994810299874,47.405,11.781774118981339,11.86798537789119,1.3230433284739287,21.135
2026-10-24 23:23:57,57.70640371924335,57.65050331720985,66.79462104253712,102.81,26.864615009119312,26.78704075323183,9.442994810299874,47.405,11.781774118981339,11.86798537789119,1.3230433284739287,21.135
2026-10-24 23:38:57,57.82646172621802,57.76887160431719,66.93272738698997,103.03,26.9118851483783,26.836686427628578,9.460310004627274,47.495,11.811169702533158,11.894344675912325,1.3262566258501471,21.185
2026-10-24 23:53:57,57.917664082876584,57.85652862957218,67.02372298782436,103.185,26.961022893802152,26.887910645854014,9.475319663752181,47.57,11.82880725552134,11.911144034438268,1.3278305496155693,21.215
2026-10-25 00:08:57,58.02220951081103,57.93338879213279,67.13645370967753,103.36,27.017453388924338,26.938732007772835,9.493135574616264,47.66,11.864994938390865,11.948220739683268,1.3313153070301387,21.28
2026-10-25 00:23:57,58.02220951081103,57.93338879213279,67.13645370967753,103.36,27.017453388924338,26.938732007772835,9.493135574616264,47.66,11.864994938390865,11.948220739683268,1.3313153070301387,21.28
2026-10-25 00:38:57,58.02220951081103,57.93338879213279,67.13645370967753,103.36,27.017453388924338,26.938732007772835,9.493135574616264,47.66,11.864994938390865,11.948220739683268,1.3313153070301387,21.28
2026-10-25 00:53:57,58.02220951081103,57.93338879213279,67.13645370967753,103.36,27.017453388924338,26.938732007772835,9.493135574616264,47.66,11.864994938390865,11.948220739683268,1.3313153070301387,21.28
2026-10-25 01:08:57,58.02220951081103,57.93338879213279,67.13645370967753,103.36,27.017453388924338,26.938732007772835,9.493135574616264,47.66,11.864994938390865,11.948220739683268,1.3313153070301387,21.28
2026-10-25 01:23:57,58.02220951081103,57.93338879213279,67.13645370967753,103.36,27.017453388924338,26.938732007772835,9.493135574616264,47.66,11.864994938390865,11.948220739683268,1.3313153070301387,21.28
2026-10-25 01:38:57,58.277654808333246,58.17672286897652,67.40318698374801,103.79,27.165505931522336,27.091820929552945,9.541853160274183,47.92,11.907558304525297,11.98272140211136,1.3354391487455701,21.345
2026-10-25 01:53:57,58.277654808333246,58.17672286897652,67.40318698374801,103.79,27.165505931522336,27.091820929552945,9.541853160274183,47.92,11.907558304525297,11.98272140211136,1.3354391487455701,21.345
2026-10-25 02:08:57,58.4987532648437,58.395521773620324,67.64564664657966,104.175,27.26716661199334,27.21263403405026,9.578644969073057,48.11,11.977617012038738,12.051065286908448,1.3422841500315508,21.47
2026-10-25 02:23:57,58.757881867923295,58.65639088462928,67.93166524095479,104.615,27.434687940026862,27.376635494113742,9.637185695607673,48.4,12.0472870040757,12.108617003989417,1.3498124165910013,21.59
2026-10-25 02:38:57,58.757881867923295,58.65639088462928,67.93166524095479,104.615,27.434687940026862,27.376635494113742,9.637185695607673,48.4,12.0472870040757,12.108617003989417,1.3498124165910013,21.59
2026-10-25 02:53:57,58.757881867923295,58.65639088462928,67.93166524095479,104.615,27.434687940026862,27.376635494113742,9.637185695607673,48.4,12.0472870040757,12.108617003989417,1.3498124165910013,21.59
2026-10-25 03:08:57,58.757881867923295,58.65639088462928,67.93166524095479,104.615,27.434687940026862,27.376635494113742,9.637185695607673,48.4,12.0472870040757,12.108617003989417,1.3498124165910013,21.59
2026-10-25 03:23:57,58.87909315482733,58.798169623433395,68.09735150302187,104.865,27.527139890833542,27.479874110953613,9.67590276496194,48.58,12.09077699944975,12.145706348400696,1.3550232187889328,21.665
2026-10-25 03:38:57,58.87909315482733,58.798169623433395,68.09735150302187,104.865,27.527139890833542,27.479874110953613,9.67590276496194,48.58,12.09077699944975,12.145706348400696,1.3550232187889328,21.665
2026-10-25 03:53:57,58.87909315482733,58.798169623433395,68.09735150302187,104.865,27.527139890833542,27.479874110953613,9.67590276496194,48.58,12.09077699944975,12.145706348400696,1.3550232187889328,21.665
2026-10-25 04:08:57,58.87909315482733,58.798169623433395,68.09735150302187,104.865,27.527139890833542,27.479874110953613,9.67590276496194,48.58,12.09077699944975,12.145706348400696,1.3550232187889328,21.665
2026-10-25 04:23:57,58.87909315482733,58.798169623433395,68.09735150302187,104.865,27.527139890833542,27.479874110953613,9.67590276496194,48.58,12.09077699944975,12.145706348400696,1.3550232187889328,21.665
2026-10-25 04:38:57,58.87909315482733,58.798169623433395,68.09735150302187,104.865,27.527139890833542,27.479874110953613,9.67590276496194,48.58,12.09077699944975,12.145706348400696,1.3550232187889328,21.665
2026-10-25 04:53:57,58.95060629974597,58.864349167770186,68.16494709210508,104.975,27.55890747249214,27.513013714100516,9.686765018872421,48.635,12.102891441593888,12.155588295317903,1.3566912400932998,21.685
2026-10-25 05:08:57,59.007939921051374,58.929638397083195,68.23766725932482,105.09,27.56800226351467,27.524006539768003,9.691415630454886,48.655,12.122779052730811,12.177342886923592,1.3590300099177939,21.72
2026-10-25 05:23:57,59.007939921051374,58.929638397083195,68.23766725932482,105.09,27.56800226351467,27.524006539768003,9.691415630454886,48.655,12.122779052730811,12.177342886923592,1.3590300099177939,21.72
2026-10-25 05:38:57,59.007939921051374,58.929638397083195,68.23766725932482,105.09,27.56800226351467,27.524006539768003,9.691415630454886,48.655,12.122779052730811,12.177342886923592,1.3590300099177939,21.72
2026-10-25 05:53:57,59.007939921051374,58.929638397083195,68.23766725932482,105.09,27.56800226351467,27.524006539768003,9.691415630454886,48.655,12.122779052730811,12.177342886923592,1.3590300099177939,21.72
2026-10-25 06:08:57,59.007939921051374,58.929638397083195,68.23766725932482,105.09,27.56800226351467,27.524006539768003,9.691415630454886,48.655,12.122779052730811,12.177342886923592,1.3590300099177939,21.72
2026-10-25 06:23:57,59.007939921051374,58.929638397083195,68.23766725932482,105.09,27.570175096241154,27.528397810214038,9.692624537185146,48.66,12.122779052730811,12.177342886923592,1.3590300099177939,21.72
2026-10-25 06:38:57,59.007939921051374,58.929638397083195,68.23766725932482,105.09,27.570175096241154,27.528397810214038,9.692624537185146,48.66,12.122779052730811,12.177342886923592,1.3590300099177939,21.72
2026-10-25 06:53:57,59.012739385541046,58.93338295353357,68.24015251066473,105.095,27.570175096241154,27.528397810214038,9.692624537185146,48.66,12.122779052730811,12.177342886923592,1.3590300099177939,21.72
2026-10-25 07:08:57,59.012739385541046,58.93338295353357,68.24015251066473,105.095,27.570175096241154,27.528397810214038,9.692624537185146,48.66,12.122779052730811,12.177342886923592,1.3590300099177939,21.72
2026-10-25 07:23:57,59.012739385541046,58.93338295353357,68.24015251066473,105.095,27.570175096241154,27.528397810214038,9.692624537185146,48.66,12.122779052730811,12.177342886923592,1.3590300099177939,21.72
2026-10-25 07:38:57,59.012739385541046,58.93338295353357,68.24015251066473,105.095,27.570175096241154,27.528397810214038,9.692624537185146,48.66,12.122779052730811,12.177342886923592,1.3590300099177939,21.72
2026-10-25 07:53:57,59.012739385541046,58.93338295353357,68.24015251066473,105.095,27.570175096241154,27.528397810214038,9.692624537185146,48.66,12.122779052730811,12.177342886923592,1.3590300099177939,21.72
2026-10-25 08:08:57,59.012739385541046,58.93338295353357,68.24015251066473,105.095,27.570175096241154,27.528397810214038,9.692624537185146,48.66,12.122779052730811,12.177342886923592,1.3590300099177939,21.72
2026-10-25 08:23:57,59.012739385541046,58.93338295353357,68.24015251066473,105.095,27.570175096241154,27.528397810214038,9.692624537185146,48.66,12.122779052730811,12.177342886923592,1.3590300099177939,21.72
2026-10-25 08:38:57,59.012739385541046,58.93338295353357,68.24015251066473,105.095,27.570175096241154,27.528397810214038,9.692624537185146,48.66,12.122779052730811,12.177342886923592,1.3590300099177939,21.72
2026-10-25 08:53:57,59.01393588745378,58.93665477327191,68.24483465240093,105.1,27.570175096241154,27.528397810214038,9.692624537185146,48.66,12.122779052730811,12.177342886923592,1.3590300099177939,21.72
2026-10-25 09:08:57,59.01393588745378,58.93665477327191,68.24483465240093,105.1,27.570175096241154,27.528397810214038,9.692624537185146,48.66,12.122779052730811,12.177342886923592,1.3590300099177939,21.72
2026-10-25 09:23:57,59.01393588745378,58.93665477327191,68.24483465240093,105.1,27.570175096241154,27.528397810214038,9.692624537185146,48.66,12.122779052730811,12.177342886923592,1.3590300099177939,21.72
2026-10-25 09:38:57,59.01393588745378,58.93665477327191,68.24483465240093,105.1,27.570175096241154,27.528397810214038,9.692624537185146,48.66,12.122779052730811,12.177342886923592,1.3590300099177939,21.72
2026-10-25 09:53:57,59.01844968406154,58.9381052912359,68.24827182062728,105.105,27.570175096241154,27.528397810214038,9.692624537185146,48.66,12.122779052730811,12.177342886923592,1.3590300099177939,21.72
2026-10-25 10:08:57,59.01844968406154,58.9381052912359,68.24827182062728,105.105,27.570175096241154,27.528397810214038,9.692624537185146,48.66,12.122779052730811,12.177342886923592,1.3590300099177939,21.72
2026-10-25 10:23:57,59.022156135325595,58.942876454288346,68.25127868808383,105.11,27.570175096241154,27.528397810214038,9.692624537185146,48.66,12.122779052730811,12.177342886923592,1.3590300099177939,21.72
2026-10-25 10:38:57,59.022156135325595,58.942876454288346,68.25127868808383,105.11,27.570175096241154,27.528397810214038,9.692624537185146,48.66,12.122779052730811,12.177342886923592,1.3590300099177939,21.72
2026-10-25 10:53:57,59.022156135325595,58.942876454288346,68.25127868808383,105.11,27.570175096241154,27.528397810214038,9.692624537185146,48.66,12.122779052730811,12.177342886923592,1.3590300099177939,21.72
2026-10-25 11:08:57,59.022156135325595,58.942876454288346,68.25127868808383,105.11,27.570175096241154,27.528397810214038,9.692624537185146,48.66,12.122779052730811,12.177342886923592,1.3590300099177939,21.72
2026-10-25 11:23:57,59.022156135325595,58.942876454288346,68.25127868808383,105.11,27.570175096241154,27.528397810214038,9.692624537185146,48.66,12.122779052730811,12.177342886923592,1.3590300099177939,21.72
2026-10-25 11:38:57,59.050067621690204,58.97314752902679,68.28489867653461,105.16,27.57476386344228,27.535204928715565,9.694365969710999,48.67,12.125057857729821,12.184009622683417,1.3597709417937227,21.73
2026-10-25 11:53:57,59.050067621690204,58.97314752902679,68.28489867653461,105.16,27.575597239827353,27.539166694898906,9.69567955683567,48.675,12.125057857729821,12.184009622683417,1.3597709417937227,21.73
2026-10-25 12:08:57,59.050067621690204,58.97314752902679,68.28489867653461,105.16,27.575597239827353,27.539166694898906,9.69567955683567,48.675,12.125057857729821,12.184009622683417,1.3597709417937227,21.73
2026-10-25 12:23:57,59.050067621690204,58.97314752902679,68.28489867653461,105.16,27.575597239827353,27.539166694898906,9.69567955683567,48.675,12.125057857729821,12.184009622683417,1.3597709417937227,21.73
2026-10-25 12:38:57,59.06325245762534,58.98356578050244,68.30332328550725,105.185,27.580502591188296,27.54163414716076,9.697086621290094,48.68,12.128907945534513,12.185801674543335,1.359958674151863,21.735
2026-10-25 12:53:57,59.06325245762534,58.98356578050244,68.30332328550725,105.185,27.580502591188296,27.54163414716076,9.697086621290094,48.68,12.128907945534513,12.185801674543335,1.359958674151863,21.735
2026-10-25 13:08:57,59.06325245762534,58.98356578050244,68.30332328550725,105.185,27.580502591188296,27.54163414716076,9.697086621290094,48.68,12.128907945534513,12.185801674543335,1.359958674151863,21.735
2026-10-25 13:23:57,59.06325245762534,58.98356578050244,68.30332328550725,105.185,27.580502591188296,27.54163414716076,9.697086621290094,48.68,12.128907945534513,12.185801674543335,1.359958674151863,21.735
2026-10-25 13:38:57,59.084253576571115,59.004461681555604,68.32491121161999,105.22,27.580502591188296,27.54163414716076,9.697086621290094,48.68,12.128907945534513,12.185801674543335,1.359958674151863,21.735
2026-10-25 13:53:57,59.15275966597454,59.07018674260093,68.39568502945149,105.33,27.604654997704277,27.56399752907325,9.706888713055056,48.73,12.142787296277197,12.19586823868032,1.3615920809944058,21.76
2026-10-25 14:08:57,59.25101217886432,59.16483797758691,68.49146610256373,105.49,27.654030563205033,27.61324181173778,9.723457085292186,48.815,12.160232209297991,12.215399334128092,1.3635644862392566,21.79
2026-10-25 14:23:57,59.324119685848736,59.22522745857511,68.57222668442432,105.61,27.67391088451837,27.62794897522013,9.730128420626375,48.84,12.178957973156454,12.228647955891267,1.3658387761952024,21.82
2026-10-25 14:38:57,59.449655261299355,59.35840782171802,68.7263610728757,105.855,27.71594811112619,27.66558237361333,9.742278104345289,48.9,12.195660219623239,12.248206445757779,1.3677472654930531,21.85
2026-10-25 14:53:57,59.45553663089481,59.364666300428006,68.73671777210551,105.87,27.722388432475537,27.675384553129994,9.745160585491536,48.915,12.195660219623239,12.248206445757779,1.3677472654930531,21.85
2026-10-25 15:08:57,59.49349507429203,59.40077156848354,68.77944116402915,105.935,27.733617269897923,27.683139754218633,9.748218418048271,48.93,12.195660219623239,12.248206445757779,1.3677472654930531,21.85
2026-10-25 15:23:57,59.51102033804011,59.42112544106443,68.80460822997993,105.97,27.740725094840702,27.689890191127407,9.751728890771176,48.945,12.202071807285948,12.253273385175984,1.3685367832963258,21.86
2026-10-25 15:38:57,59.55032424612748,59.46238787129902,68.85589225880898,106.045,27.757289088540215,27.702790482062763,9.758564572286804,48.975,12.204285188333346,12.257380061683266,1.3689955997401055,21.865
2026-10-25 15:53:57,59.55032424612748,59.46238787129902,68.85589225880898,106.045,27.757289088540215,27.702790482062763,9.758564572286804,48.975,12.204285188333346,12.257380061683266,1.3689955997401055,21.865
2026-10-25 16:08:57,59.55032424612748,59.46238787129902,68.85589225880898,106.045,27.757289088540215,27.702790482062763,9.758564572286804,48.975,12.204285188333346,12.257380061683266,1.3689955997401055,21.865
2026-10-25 16:23:57,59.6238480746862,59.535676276091785,68.93794623481189,106.17,27.786282410114158,27.732256733993072,9.769272061927785,49.03,12.21858323502362,12.267970267929465,1.370322544056255,21.89
2026-10-25 16:38:57,59.64537051312011,59.55566826330566,68.95670479247539,106.205,27.795871825684262,27.7390791753351,9.772967521849848,49.045,12.21858323502362,12.267970267929465,1.370322544056255,21.89
2026-10-25 16:53:57,59.671562722064195,59.58184997458949,68.99520001333376,106.265,27.81270922068421,27.752324816726333,9.778346774228991,49.07,12.224152304496,12.273093429596834,1.3711906416585737,21.9
2026-10-25 17:08:57,59.69273584735989,59.59948293232512,69.01762329816374,106.295,27.816339099665342,27.756823287865224,9.779618288982206,49.075,12.224152304496,12.273093429596834,1.3711906416585737,21.9
2026-10-25 17:23:57,59.70646963215928,59.61809095108485,69.03724168294826,106.33,27.816339099665342,27.756823287865224,9.779618288982206,49.075,12.224152304496,12.273093429596834,1.3711906416585737,21.9
2026-10-25 17:38:57,59.725630114938554,59.63411602719851,69.05493787254572,106.36,27.826181358235687,27.767713314585702,9.784466381657538,49.095,12.225168429519806,12.277831534160297,1.3713580545660295,21.905
2026-10-25 17:53:57,59.725630114938554,59.63411602719851,69.05493787254572,106.36,27.826181358235687,27.767713314585702,9.784466381657538,49.095,12.225168429519806,12.277831534160297,1.3713580545660295,21.905
2026-10-25 18:08:57,59.725630114938554,59.63411602719851,69.05493787254572,106.36,27.826181358235687,27.767713314585702,9.784466381657538,49.095,12.225168429519806,12.277831534160297,1.3713580545660295,21.905
2026-10-25 18:23:57,59.77617768727471,59.68772276176654,69.10491002527161,106.445,27.859868485624755,27.813891663121765,9.79472122029362,49.155,12.23586529559927,12.29064489880609,1.371992059173412,21.925
2026-10-25 18:38:57,60.000524088400645,59.91266938952395,69.35162059179416,106.84,27.97944303138437,27.941252028441156,9.833930420907038,49.35,12.274982010620068,12.337900791194995,1.3760891837434739,21.995
2026-10-25 18:53:57,60.07719248672778,59.98022730864517,69.44397112231741,106.97,27.994644434456,27.952386669653414,9.837536402474083,49.375,12.289558404417326,12.351131810988347,1.3776009961419509,22.015
2026-10-25 19:08:57,60.11504520823473,60.0137918506884,69.49185138774567,107.04,28.011108145011725,27.97225036538379,9.84374722780602,49.405,12.30262702298505,12.36363239427767,1.378948025044492,22.04
2026-10-25 19:23:57,60.20322053785081,60.10737667690449,69.59534630507932,107.195,28.043094587352048,28.001468290020068,9.854139829887067,49.46,12.316853484250169,12.37496146050894,1.380369171220761,22.065
2026-10-25 19:38:57,60.40023325219784,60.30906316032804,69.80797455498725,107.54,28.116796189592275,28.069468592600266,9.876216440802608,49.57,12.353182934020529,12.404895466183408,1.3839568089798913,22.125
2026-10-25 19:53:57,60.40023325219784,60.30906316032804,69.80797455498725,107.54,28.116796189592275,28.069468592600266,9.876216440802608,49.57,12.353182934020529,12.404895466183408,1.3839568089798913,22.125
2026-10-25 20:08:57,60.40023325219784,60.30906316032804,69.80797455498725,107.54,28.116796189592275,28.069468592600266,9.876216440802608,49.57,12.353182934020529,12.404895466183408,1.3839568089798913,22.125
2026-10-25 20:23:57,60.40459814153737,60.312921445811966,69.8119763344969,107.545,28.116796189592275,28.069468592600266,9.876216440802608,49.57,12.353182934020529,12.404895466183408,1.3839568089798913,22.125
2026-10-25 20:38:57,60.40459814153737,60.312921445811966,69.8119763344969,107.545,28.116796189592275,28.069468592600266,9.876216440802608,49.57,12.353182934020529,12.404895466183408,1.3839568089798913,22.125
2026-10-25 20:53:57,60.40459814153737,60.312921445811966,69.8119763344969,107.545,28.116796189592275,28.069468592600266,9.876216440802608,49.57,12.353182934020529,12.404895466183408,1.3839568089798913,22.125
2026-10-25 21:08:57,60.40459814153737,60.312921445811966,69.8119763344969,107.545,28.116796189592275,28.069468592600266,9.876216440802608,49.57,12.353182934020529,12.404895466183408,1.3839568089798913,22.125
2026-10-25 21:23:57,60.40459814153737,60.312921445811966,69.8119763344969,107.545,28.116796189592275,28.069468592600266,9.876216440802608,49.57,12.353182934020529,12.404895466183408,1.3839568089798913,22.125
2026-10-25 21:38:57,60.40459814153737,60.312921445811966,69.8119763344969,107.545,28.116796189592275,28.069468592600266,9.876216440802608,49.57,12.353182934020529,12.404895466183408,1.3839568089798913,22.125
2026-10-25 21:53:57,60.521830061900104,60.42136381772472,69.93799749585216,107.735,28.166742370701638,28.120878022940346,9.895289365335724,49.655,12.378875259312377,12.427238595333069,1.3861427108175273,22.165
2026-10-25 22:08:57,60.521830061900104,60.42136381772472,69.93799749585216,107.735,28.166742370701638,28.120878022940346,9.895289365335724,49.655,12.378875259312377,12.427238595333069,1.3861427108175273,22.165
2026-10-25 22:23:57,60.521830061900104,60.42136381772472,69.93799749585216,107.735,28.166742370701638,28.120878022940346,9.895289365335724,49.655,12.378875259312377,12.427238595333069,1.3861427108175273,22.165
2026-10-25 22:38:57,60.521830061900104,60.42136381772472,69.93799749585216,107.735,28.166742370701638,28.120878022940346,9.895289365335724,49.655,12.378875259312377,12.427238595333069,1.3861427108175273,22.165
2026-10-25 22:53:57,60.521830061900104,60.42136381772472,69.93799749585216,107.735,28.166742370701638,28.120878022940346,9.895289365335724,49.655,12.378875259312377,12.427238595333069,1.3861427108175273,22.165
2026-10-25 23:08:57,60.521830061900104,60.42136381772472,69.93799749585216,107.735,28.166742370701638,28.120878022940346,9.895289365335724,49.655,12.378875259312377,12.427238595333069,1.3861427108175273,22.165
2026-10-25 23:23:57,60.571289868006595,60.469571825529734,69.99597641692664,107.83,28.211252372241653,28.1670911905321,9.911067819158804,49.735,12.383013012243312,12.431365723052119,1.3866597957345912,22.175
2026-10-25 23:38:57,60.571289868006595,60.469571825529734,69.99597641692664,107.83,28.211252372241653,28.1670911905321,9.911067819158804,49.735,12.383013012243312,12.431365723052119,1.3866597957345912,22.175
2026-10-25 23:53:57,60.571289868006595,60.469571825529734,69.99597641692664,107.83,28.211252372241653,28.1670911905321,9.911067819158804,49.735,12.383013012243312,12.431365723052119,1.3866597957345912,22.175
2026-10-26 00:08:57,60.571289868006595,60.469571825529734,69.99597641692664,107.83,28.211252372241653,28.1670911905321,9.911067819158804,49.735,12.383013012243312,12.431365723052119,1.3866597957345912,22.175
2026-10-26 00:23:57,60.692162609236334,60.60160912710328,70.15195520509647,108.055,28.312360028392696,28.29506481508161,9.949611153550908,49.925,12.454661133706471,12.500659767007114,1.394104433414196,22.295
2026-10-26 00:38:57,60.90417866364833,60.83507020181461,70.40514869347635,108.445,28.416119710927536,28.404681730318753,9.987135846282648,50.115,12.501011687919664,12.539306938177832,1.399235520201203,22.38
2026-10-26 00:53:57,60.90417866364833,60.83507020181461,70.40514869347635,108.445,28.420942148941727,28.407475681076612,9.988199639598951,50.12,12.501011687919664,12.539306938177832,1.399235520201203,22.38
2026-10-26 01:08:57,60.90417866364833,60.83507020181461,70.40514869347635,108.445,28.420942148941727,28.407475681076612,9.988199639598951,50.12,12.501011687919664,12.539306938177832,1.399235520201203,22.38
2026-10-26 01:23:57,61.238526096289874,61.156293625287425,70.7767162552023,108.99,28.631308207816495,28.585598724387626,10.054866552757929,50.445,12.618615231029159,12.668738710431827,1.413198209424905,22.6
2026-10-26 01:38:57,61.238526096289874,61.156293625287425,70.7767162552023,108.99,28.631308207816495,28.585598724387626,10.054866552757929,50.445,12.618615231029159,12.668738710431827,1.413198209424905,22.6
2026-10-26 01:53:57,61.238526096289874,61.156293625287425,70.7767162552023,108.99,28.631308207816495,28.585598724387626,10.054866552757929,50.445,12.618615231029159,12.668738710431827,1.413198209424905,22.6
2026-10-26 02:08:57,61.238526096289874,61.156293625287425,70.7767162552023,108.99,28.631308207816495,28.585598724387626,10.054866552757929,50.445,12.618615231029159,12.668738710431827,1.413198209424905,22.6
2026-10-26 02:23:57,61.24080779640745,61.15835293007602,70.78144585503553,108.995,28.631308207816495,28.585598724387626,10.054866552757929,50.445,12.618615231029159,12.668738710431827,1.413198209424905,22.6
2026-10-26 02:38:57,61.24080779640745,61.15835293007602,70.78144585503553,108.995,28.631308207816495,28.585598724387626,10.054866552757929,50.445,12.618615231029159,12.668738710431827,1.413198209424905,22.6
2026-10-26 02:53:57,61.24491628740138,61.15968594859378,70.78439902098965,109.0,28.631308207816495,28.585598724387626,10.054866552757929,50.445,12.623471232560599,12.672833531858437,1.413643816106897,22.605
2026-10-26 03:08:57,61.24491628740138,61.15968594859378,70.78439902098965,109.0,28.631308207816495,28.585598724387626,10.054866552757929,50.445,12.623471232560599,12.672833531858437,1.413643816106897,22.605
2026-10-26 03:23:57,61.24491628740138,61.15968594859378,70.78439902098965,109.0,28.631308207816495,28.585598724387626,10.054866552757929,50.445,12.623471232560599,12.672833531858437,1.413643816106897,22.605
2026-10-26 03:38:57,61.246142093003435,61.16039006773138,70.78799977863048,109.005,28.634069935185877,28.5896277608323,10.056176649403273,50.45,12.623471232560599,12.672833531858437,1.413643816106897,22.605
2026-10-26 03:53:57,61.246142093003435,61.16039006773138,70.78799977863048,109.005,28.634069935185877,28.5896277608323,10.056176649403273,50.45,12.623471232560599,12.672833531858437,1.413643816106897,22.605
2026-10-26 04:08:57,61.246142093003435,61.16039006773138,70.78799977863048,109.005,28.634069935185877,28.5896277608323,10.056176649403273,50.45,12.623471232560599,12.672833531858437,1.413643816106897,22.605
2026-10-26 04:23:57,61.246142093003435,61.16039006773138,70.78799977863048,109.005,28.634069935185877,28.5896277608323,10.056176649403273,50.45,12.623471232560599,12.672833531858437,1.413643816106897,22.605
2026-10-26 04:38:57,61.246142093003435,61.16039006773138,70.78799977863048,109.005,28.634069935185877,28.5896277608323,10.056176649403273,50.45,12.623471232560599,12.672833531858437,1.413643816106897,22.605
2026-10-26 04:53:57,61.246142093003435,61.16039006773138,70.78799977863048,109.005,28.634069935185877,28.5896277608323,10.056176649403273,50.45,12.623471232560599,12.672833531858437,1.413643816106897,22.605
2026-10-26 05:08:57,61.246142093003435,61.16039006773138,70.78799977863048,109.005,28.634069935185877,28.5896277608323,10.056176649403273,50.45,12.623471232560599,12.672833531858437,1.413643816106897,22.605
2026-10-26 05:23:57,61.246142093003435,61.16039006773138,70.78799977863048,109.005,28.634069935185877,28.5896277608323,10.056176649403273,50.45,12.623471232560599,12.672833531858437,1.413643816106897,22.605
2026-10-26 05:38:57,61.25351713142244,61.166538045115,70.794542913556,109.015,28.634069935185877,28.5896277608323,10.056176649403273,50.45,12.623471232560599,12.672833531858437,1.413643816106897,22.605
2026-10-26 05:53:57,61.25351713142244,61.166538045115,70.794542913556,109.015,28.634069935185877,28.5896277608323,10.056176649403273,50.45,12.623471232560599,12.672833531858437,1.413643816106897,22.605
2026-10-26 06:08:57,61.25351713142244,61.166538045115,70.794542913556,109.015,28.634069935185877,28.5896277608323,10.056176649403273,50.45,12.623471232560599,12.672833531858437,1.413643816106897,22.605
2026-10-26 06:23:57,61.25351713142244,61.166538045115,70.794542913556,109.015,28.634069935185877,28.5896277608323,10.056176649403273,50.45,12.623471232560599,12.672833531858437,1.413643816106897,22.605
2026-10-26 06:38:57,61.25351713142244,61.166538045115,70.794542913556,109.015,28.634069935185877,28.5896277608323,10.056176649403273,50.45,12.623471232560599,12.672833531858437,1.413643816106897,22.605
2026-10-26 06:53:57,61.25351713142244,61.166538045115,70.794542913556,109.015,28.634069935185877,28.5896277608323,10.056176649403273,50.45,12.623471232560599,12.672833531858437,1.413643816106897,22.605
2026-10-26 07:08:57,61.25351713142244,61.166538045115,70.794542913556,109.015,28.634069935185877,28.5896277608323,10.056176649403273,50.45,12.623471232560599,12.672833531858437,1.413643816106897,22.605
2026-10-26 07:23:57,61.25351713142244,61.166538045115,70.794542913556,109.015,28.634069935185877,28.5896277608323,10.056176649403273,50.45,12.623471232560599,12.672833531858437,1.413643816106897,22.605
2026-10-26 07:38:57,61.25351713142244,61.166538045115,70.794542913556,109.015,28.634069935185877,28.5896277608323,10.056176649403273,50.45,12.623471232560599,12.672833531858437,1.413643816106897,22.605
2026-10-26 07:53:57,61.25351713142244,61.166538045115,70.794542913556,109.015,28.634069935185877,28.5896277608323,10.056176649403273,50.45,12.623471232560599,12.672833531858437,1.413643816106897,22.605
2026-10-26 08:08:57,61.25351713142244,61.166538045115,70.794542913556,109.015,28.637961883252945,28.59171618555837,10.057043124854088,50.455,12.623471232560599,12.672833531858437,1.413643816106897,22.605
2026-10-26 08:23:57,61.25351713142244,61.166538045115,70.794542913556,109.015,28.637961883252945,28.59171618555837,10.057043124854088,50.455,12.623471232560599,12.672833531858437,1.413643816106897,22.605
2026-10-26 08:38:57,61.25351713142244,61.166538045115,70.794542913556,109.015,28.637961883252945,28.59171618555837,10.057043124854088,50.455,12.623471232560599,12.672833531858437,1.413643816106897,22.605
2026-10-26 08:53:57,61.25351713142244,61.166538045115,70.794542913556,109.015,28.637961883252945,28.59171618555837,10.057043124854088,50.455,12.623471232560599,12.672833531858437,1.413643816106897,22.605
2026-10-26 09:08:57,61.25351713142244,61.166538045115,70.794542913556,109.015,28.637961883252945,28.59171618555837,10.057043124854088,50.455,12.623471232560599,12.672833531858437,1.413643816106897,22.605
2026-10-26 09:23:57,61.25351713142244,61.166538045115,70.794542913556,109.015,28.637961883252945,28.59171618555837,10.057043124854088,50.455,12.623471232560599,12.672833531858437,1.413643816106897,22.605
2026-10-26 09:38:57,61.25351713142244,61.166538045115,70.794542913556,109.015,28.637961883252945,28.59171618555837,10.057043124854088,50.455,12.625823357898065,12.676934347809038,1.4139300503306023,22.61
2026-10-26 09:53:57,61.25351713142244,61.166538045115,70.794542913556,109.015,28.637961883252945,28.59171618555837,10.057043124854088,50.455,12.625823357898065,12.676934347809038,1.4139300503306023,22.61
2026-10-26 10:08:57,61.25351713142244,61.166538045115,70.794542913556,109.015,28.637961883252945,28.59171618555837,10.057043124854088,50.455,12.625823357898065,12.676934347809038,1.4139300503306023,22.61
2026-10-26 10:23:57,61.25351713142244,61.166538045115,70.794542913556,109.015,28.637961883252945,28.59171618555837,10.057043124854088,50.455,12.625823357898065,12.676934347809038,1.4139300503306023,22.61
2026-10-26 10:38:57,61.25351713142244,61.166538045115,70.794542913556,109.015,28.637961883252945,28.59171618555837,10.057043124854088,50.455,12.625823357898065,12.676934347809038,1.4139300503306023,22.61
2026-10-26 10:53:57,61.25351713142244,61.166538045115,70.794542913556,109.015,28.637961883252945,28.59171618555837,10.057043124854088,50.455,12.625823357898065,12.676934347809038,1.4139300503306023,22.61
2026-10-26 11:08:57,61.25351713142244,61.166538045115,70.794542913556,109.015,28.637961883252945,28.59171618555837,10.057043124854088,50.455,12.625823357898065,12.676934347809038,1.4139300503306023,22.61
2026-10-26 11:23:57,61.25351713142244,61.166538045115,70.794542913556,109.015,28.637961883252945,28.59171618555837,10.057043124854088,50.455,12.625823357898065,12.676934347809038,1.4139300503306023,22.61
2026-10-26 11:38:57,61.25351713142244,61.166538045115,70.794542913556,109.015,28.637961883252945,28.59171618555837,10.057043124854088,50.455,12.625823357898065,12.676934347809038,1.4139300503306023,22.61
2026-10-26 11:53:57,61.25770432709638,61.171387786661505,70.79629071590244,109.02,28.637961883252945,28.59171618555837,10.057043124854088,50.455,12.625823357898065,12.676934347809038,1.4139300503306023,22.61
2026-10-26 12:08:57,61.372122687988686,61.27083893790511,70.89716327376142,109.195,28.698259209782883,28.655410902854154,10.075660350820337,50.545,12.641036111254314,12.686915707997887,1.4154210868208301,22.63
2026-10-26 12:23:57,61.38290379605187,61.2834969091201,70.90505325637493,109.215,28.70323316191282,28.663485824258057,10.07740087761077,50.555,12.641036111254314,12.686915707997887,1.4154210868208301,22.63
2026-10-26 12:38:57,61.435076124668015,61.33120231246886,70.96535420076229,109.31,28.7166916460984,28.675815950449596,10.082137133227063,50.58,12.645311381193034,12.689884935658984,1.4155811329312862,22.635
2026-10-26 12:53:57,61.44665878348937,61.33991160632314,70.97844013790787,109.33,28.72050247009926,28.679664225239286,10.08266181382269,50.585,12.645311381193034,12.689884935658984,1.4155811329312862,22.635
2026-10-26 13:08:57,61.44665878348937,61.33991160632314,70.97844013790787,109.33,28.72050247009926,28.679664225239286,10.08266181382269,50.585,12.645311381193034,12.689884935658984,1.4155811329312862,22.635
2026-10-26 13:23:57,61.44665878348937,61.33991160632314,70.97844013790787,109.33,28.72050247009926,28.679664225239286,10.08266181382269,50.585,12.645311381193034,12.689884935658984,1.4155811329312862,22.635
2026-10-26 13:38:57,61.44665878348937,61.33991160632314,70.97844013790787,109.33,28.72050247009926,28.679664225239286,10.08266181382269,50.585,12.645311381193034,12.689884935658984,1.4155811329312862,22.635
2026-10-26 13:53:57,61.47205879028514,61.36297524251832,71.00645673791986,109.38,28.727750600653767,28.68745773039884,10.086518845759546,50.605,12.645311381193034,12.689884935658984,1.4155811329312862,22.635
2026-10-26 14:08:57,61.52730467721956,61.40784100332507,71.05317164442107,109.46,28.732681530189982,28.696172224546892,10.088852342622053,50.615,12.647023478062634,12.691464727020628,1.4157430556665003,22.64
2026-10-26 14:23:57,61.55602265775899,61.43984237009252,71.08218066285433,109.51,28.741498831327483,28.70639802124236,10.092252577238996,50.63,12.650718858824497,12.695605595735596,1.4159194857447448,22.645
2026-10-26 14:38:57,61.58145318533937,61.466309168823216,71.11940750478027,109.57,28.749536976446354,28.71275973222005,10.095664423394027,50.645,12.650718858824497,12.695605595735596,1.4159194857447448,22.645
2026-10-26 14:53:57,61.61546882874747,61.50263488213488,71.15583294489878,109.625,28.751899527017773,28.713466980846594,10.096522457429643,50.65,12.657664935147654,12.701330556381539,1.4165464894582704,22.655
2026-10-26 15:08:57,61.684536649852745,61.56351668147226,71.2302856115796,109.74,28.761074427744067,28.719756007829368,10.097870168111228,50.66,12.66012856639098,12.706285467697152,1.4170205655842623,22.66
2026-10-26 15:23:57,61.71440114102981,61.59447211659507,71.26184044565117,109.79,28.76518971880324,28.722054153278076,10.099225799533464,50.665,12.663358750528218,12.710322943226565,1.4172441690841402,22.665
2026-10-26 15:38:57,61.760428324417944,61.6405289903636,71.31064752263069,109.87,28.778561962024817,28.730005412727248,10.103991650208439,50.685,12.672507427158596,12.719003771583175,1.418176905253264,22.68
2026-10-26 15:53:57,61.79894570437044,61.66835497007616,71.35835658171332,109.935,28.795480461192504,28.741328935794265,10.107356549132247,50.705,12.676427015822403,12.72457973508975,1.4187880897442375,22.69
2026-10-26 16:08:57,61.821396774606605,61.68729707247427,71.3812514827413,109.97,28.801401649309586,28.74960984232232,10.110810036862727,50.72,12.680765888063751,12.727549429372573,1.4191793681392235,22.695
2026-10-26 16:23:57,61.865208511742544,61.72999904333116,71.4254731654316,110.045,28.81677312039181,28.764471067747856,10.115849848653536,50.745,12.682893658818811,12.730523115601377,1.4193281349738436,22.7
2026-10-26 16:38:57,62.007834666696255,61.86440897156081,71.58300119818998,110.29,28.862045683686674,28.804646724787744,10.132332711681341,50.825,12.699507100948527,12.746836375520136,1.4210841863491206,22.725
2026-10-26 16:53:57,62.081001826574216,61.94172427131597,71.69519336046044,110.45,28.918143502474233,28.857002411611116,10.14996997451821,50.915,12.70495729981789,12.752975712827046,1.4218753413002363,22.74
2026-10-26 17:08:57,62.13253573131948,61.99824114535148,71.76987048935922,110.555,28.938633930136408,28.87355778095413,10.15765194638249,50.95,12.714961481931718,12.757891225100622,1.4231436588663742,22.755
2026-10-26 17:23:57,62.15516275152613,62.021133534534435,71.80841029329669,110.6,28.95858680480572,28.89491580819665,10.167331774207623,50.99,12.717951948973184,12.762753482734231,1.4233471247241634,22.76
2026-10-26 17:38:57,62.18935611408603,62.05495140206226,71.85272583842784,110.67,28.97063450377901,28.9051720798805,10.172318330183801,51.01,12.72652595346683,12.770583881598654,1.4241592407661314,22.77
2026-10-26 17:53:57,62.20316164431345,62.06588146096515,71.86859671143431,110.69,28.973533446137697,28.909051682319184,10.174264922607884,51.02,12.727729534316468,12.772047627712213,1.4244122592526909,22.775
2026-10-26 18:08:57,62.25433458397105,62.102133174397686,71.91805024719726,110.76,28.979496774109098,28.913016957428983,10.176919621509256,51.03,12.730248475436417,12.776416804789452,1.424853110975807,22.78
2026-10-26 18:23:57,62.54745626975247,62.36719545272056,72.25607715438,111.265,29.104744475598416,29.036506973430424,10.224005723532736,51.265,12.779096562799827,12.84143771723978,1.4309258289698061,22.875
2026-10-26 18:38:57,62.707764846093994,62.506207805732494,72.43007628509832,111.535,29.17084699978256,29.096172722562482,10.248998690205198,51.385,12.795987295745899,12.853733521412897,1.4323373573497677,22.9
2026-10-26 18:53:57,62.772743275321645,62.579875690707816,72.5177957694714,111.67,29.222896253556797,29.14689266787302,10.264740493686679,51.475,12.806568731538185,12.863957866610972,1.4333690283094644,22.915
2026-10-26 19:08:57,62.970457891914826,62.791138716673395,72.75527977435432,112.045,29.32158677791857,29.25450839198586,10.300996677628394,51.67,12.827016331087622,12.888412433618756,1.4363419079178825,22.96
2026-10-26 19:23:57,63.05668585735216,62.87904154463778,72.8527773620553,112.195,29.3542535104366,29.29214611112744,10.313096341204307,51.735,12.840302673303182,12.8963548143845,1.4372410251238117,22.98
2026-10-26 19:38:57,63.23908780825325,63.02760524556508,73.03283932339194,112.475,29.420954550252937,29.36475091171756,10.342136639775436,51.875,12.885018680350413,12.934118748653452,1.4414759120685972,23.05
2026-10-26 19:53:57,63.29164944566422,63.07917946390749,73.11283963126625,112.59,29.465596060160777,29.40275530280278,10.355392090898558,51.94,12.894829396097853,12.949977766311042,1.4436586428176015,23.08
2026-10-26 20:08:57,63.37914149190687,63.1683670400258,73.21354527265551,112.74,29.50269666789227,29.44086730984425,10.368879288940317,52.015,12.912816944251496,12.970817785915257,1.4455215838628404,23.115
2026-10-26 20:23:57,63.43292483768198,63.21923264461552,73.27305822574195,112.835,29.53909403527772,29.4840722373277,10.382973730705725,52.085,12.922024112289217,12.979843494780395,1.4465969149250084,23.135
2026-10-26 20:38:57,63.657950800279266,63.44497787550764,73.52510324741192,113.23,29.70839828683369,29.618967567750285,10.438024885633336,52.355,12.961524496891728,13.00651536873823,1.4504700514854443,23.205
2026-10-26 20:53:57,63.945005449262815,63.737776998266106,73.83524357282064,113.71,29.832458869525965,29.731098957590525,10.481376305705664,52.575,13.007734097086141,13.057675479570506,1.4562531609804805,23.285
2026-10-26 21:08:57,64.01829077878095,63.82700442880867,73.94398154895255,113.865,29.888523383618388,29.79458289572331,10.504384601836339,52.68,13.027008851311113,13.078778592590892,1.458605994361407,23.325
2026-10-26 21:23:57,64.64921833967936,64.43712064595,74.63802538120851,114.945,30.203409662923164,30.09818932578884,10.620015972113457,53.26,13.195279474777799,13.260706222908457,1.4780308527063764,23.62
2026-10-26 21:38:57,64.96246857328556,64.74798495002395,74.99063684198617,115.49,30.386362331598175,30.27894926223642,10.685042638905095,53.585,13.30298678074149,13.36309446120196,1.4891295200640013,23.805
2026-10-26 21:53:57,65.13414424606194,64.91680818941985,75.18957038199886,115.8,30.489675107523922,30.36142385542685,10.717702667001513,53.745,13.34857927113317,13.402835996978217,1.4935751356856355,23.885
2026-10-26 22:08:57,65.32898895605611,65.1173378761106,75.43098148530426,116.16,30.59417886826098,30.46676468664684,10.75590084502964,53.935,13.401713049866082,13.45470037843617,1.4989811842234693,23.98
2026-10-26 22:23:57,65.52801064312665,65.30310749706916,75.65533049735156,116.485,30.707467189718834,30.583788711769238,10.792909878406837,54.12,13.438234148989789,13.487898182248506,1.502076909016755,24.04
2026-10-26 22:38:57,65.65416497157257,65.4218918740105,75.7996151814775,116.705,30.774101881138208,30.64805806013443,10.813987799201122,54.23,13.457582652532611,13.510771112478109,1.5039055425751742,24.075
2026-10-26 22:53:57,65.74287941594629,65.51091680431924,75.8961587100878,116.865,30.833287535242253,30.699051956043654,10.832897018436046,54.32,13.481436399868793,13.537712944410947,1.5069675055614475,24.125
2026-10-26 23:08:57,65.74709035698798,65.51340199140488,75.89894408708322,116.87,30.833287535242253,30.699051956043654,10.832897018436046,54.32,13.481436399868793,13.537712944410947,1.5069675055614475,24.125
2026-10-26 23:23:57,65.74709035698798,65.51340199140488,75.89894408708322,116.87,30.833287535242253,30.699051956043654,10.832897018436046,54.32,13.481436399868793,13.537712944410947,1.5069675055614475,24.125
2026-10-26 23:38:57,65.74914498419406,65.51804372921552,75.90305200942574,116.875,30.833287535242253,30.699051956043654,10.832897018436046,54.32,13.481436399868793,13.537712944410947,1.5069675055614475,24.125
2026-10-26 23:53:57,65.76689732737852,65.534147359461,75.9249337478903,116.905,30.84168220815137,30.71407545471582,10.837928502213902,54.34,13.49644829035138,13.550778900852713,1.5084435515541879,24.15
2026-10-27 00:08:57,65.87062451015558,65.64111849976736,76.04052196296115,117.09,30.895105602943012,30.78689148526998,10.858482771028793,54.445,13.525441009692539,13.580168120363297,1.5114796236032342,24.2
2026-10-27 00:23:57,65.87062451015558,65.64111849976736,76.04052196296115,117.09,30.895105602943012,30.78689148526998,10.858482771028793,54.445,13.525441009692539,13.580168120363297,1.5114796236032342,24.2
2026-10-27 00:38:57,65.87062451015558,65.64111849976736,76.04052196296115,117.09,30.895105602943012,30.78689148526998,10.858482771028793,54.445,13.525441009692539,13.580168120363297,1.5114796236032342,24.2
2026-10-27 00:53:57,65.87062451015558,65.64111849976736,76.04052196296115,117.09,30.895105602943012,30.78689148526998,10.858482771028793,54.445,13.525441009692539,13.580168120363297,1.5114796236032342,24.2
2026-10-27 01:08:57,65.87062451015558,65.64111849976736,76.04052196296115,117.09,30.895105602943012,30.78689148526998,10.858482771028793,54.445,13.525441009692539,13.580168120363297,1.5114796236032342,24.2
2026-10-27 01:23:57,65.87062451015558,65.64111849976736,76.04052196296115,117.09,30.895105602943012,30.78689148526998,10.858482771028793,54.445,13.525441009692539,13.580168120363297,1.5114796236032342,24.2
2026-10-27 01:38:57,65.87062451015558,65.64111849976736,76.04052196296115,117.09,30.895105602943012,30.78689148526998,10.858482771028793,54.445,13.525441009692539,13.580168120363297,1.5114796236032342,24.2
2026-10-27 01:53:57,65.87062451015558,65.64111849976736,76.04052196296115,117.09,30.895105602943012,30.78689148526998,10.858482771028793,54.445,13.525441009692539,13.580168120363297,1.5114796236032342,24.2
2026-10-27 02:08:57,65.87062451015558,65.64111849976736,76.04052196296115,117.09,30.895105602943012,30.78689148526998,10.858482771028793,54.445,13.525441009692539,13.580168120363297,1.5114796236032342,24.2
2026-10-27 02:23:57,65.87062451015558,65.64111849976736,76.04052196296115,117.09,30.895105602943012,30.78689148526998,10.858482771028793,54.445,13.525441009692539,13.580168120363297,1.5114796236032342,24.2
2026-10-27 02:38:57,65.87062451015558,65.64111849976736,76.04052196296115,117.09,30.895105602943012,30.78689148526998,10.858482771028793,54.445,13.525441009692539,13.580168120363297,1.5114796236032342,24.2
2026-10-27 02:53:57,65.87062451015558,65.64111849976736,76.04052196296115,117.09,30.895105602943012,30.78689148526998,10.858482771028793,54.445,13.525441009692539,13.580168120363297,1.5114796236032342,24.2
2026-10-27 03:08:57,65.87062451015558,65.64111849976736,76.04052196296115,117.09,30.895105602943012,30.78689148526998,10.858482771028793,54.445,13.525441009692539,13.580168120363297,1.5114796236032342,24.2
2026-10-27 03:23:57,65.87062451015558,65.64111849976736,76.04052196296115,117.09,30.895105602943012,30.78689148526998,10.858482771028793,54.445,13.525441009692539,13.580168120363297,1.5114796236032342,24.2
2026-10-27 03:38:57,65.87062451015558,65.64111849976736,76.04052196296115,117.09,30.895105602943012,30.78689148526998,10.858482771028793,54.445,13.525441009692539,13.580168120363297,1.5114796236032342,24.2
2026-10-27 03:53:57,65.87062451015558,65.64111849976736,76.04052196296115,117.09,30.895105602943012,30.78689148526998,10.858482771028793,54.445,13.525441009692539,13.580168120363297,1.5114796236032342,24.2
2026-10-27 04:08:57,65.87062451015558,65.64111849976736,76.04052196296115,117.09,30.895105602943012,30.78689148526998,10.858482771028793,54.445,13.525441009692539,13.580168120363297,1.5114796236032342,24.2
2026-10-27 04:23:57,65.87062451015558,65.64111849976736,76.04052196296115,117.09,30.895105602943012,30.78689148526998,10.858482771028793,54.445,13.525441009692539,13.580168120363297,1.5114796236032342,24.2
2026-10-27 04:38:57,65.96346476879857,65.74148834253643,76.14303755407153,117.255,30.9638898435038,30.841256417879503,10.878636987168862,54.555,13.548945206036828,13.600960720554646,1.5142578129598954,24.245
2026-10-27 04:53:57,66.07882183774925,65.8617562869703,76.27642899290466,117.465,31.01558513769681,30.873437649477133,10.892656809540005,54.63,13.556165719652913,13.609589084192447,1.51504545492441,24.255
2026-10-27 05:08:57,66.13499601527147,65.92755194841888,76.33750563574789,117.57,31.07040724286759,30.92816868984588,10.910127694603304,54.725,13.604509016891557,13.663248109580339,1.5210994965748688,24.35
2026-10-27 05:23:57,66.13499601527147,65.92755194841888,76.33750563574789,117.57,31.07040724286759,30.92816868984588,10.910127694603304,54.725,13.604509016891557,13.663248109580339,1.5210994965748688,24.35
2026-10-27 05:38:57,66.2507136824421,66.04615419409585,76.47080699427012,117.79,31.142095820617527,30.996996282689754,10.93338856913831,54.85,13.638967342770792,13.69847343171978,1.524449457667332,24.415
2026-10-27 05:53:57,66.2507136824421,66.04615419409585,76.47080699427012,117.79,31.142095820617527,30.996996282689754,10.93338856913831,54.85,13.642123326277993,13.701995736075293,1.524923521172341,24.42
2026-10-27 06:08:57,66.25270885225338,66.05111152554862,76.47579980521351,117.795,31.142095820617527,30.996996282689754,10.93338856913831,54.85,13.642123326277993,13.701995736075293,1.524923521172341,24.42
2026-10-27 06:23:57,66.25270885225338,66.05111152554862,76.47579980521351,117.795,31.142095820617527,30.996996282689754,10.93338856913831,54.85,13.642123326277993,13.701995736075293,1.524923521172341,24.42
2026-10-27 06:38:57,66.25270885225338,66.05111152554862,76.47579980521351,117.795,31.142095820617527,30.996996282689754,10.93338856913831,54.85,13.642123326277993,13.701995736075293,1.524923521172341,24.42
2026-10-27 06:53:57,66.25781927006611,66.05919788334003,76.48282017439362,117.805,31.14672145200955,30.999303318888185,10.934482763040108,54.855,13.642123326277993,13.701995736075293,1.524923521172341,24.42
2026-10-27 07:08:57,66.25781927006611,66.05919788334003,76.48282017439362,117.805,31.14672145200955,30.999303318888185,10.934482763040108,54.855,13.642123326277993,13.701995736075293,1.524923521172341,24.42
2026-10-27 07:23:57,66.25781927006611,66.05919788334003,76.48282017439362,117.805,31.14672145200955,30.999303318888185,10.934482763040108,54.855,13.642123326277993,13.701995736075293,1.524923521172341,24.42
2026-10-27 07:38:57,66.25781927006611,66.05919788334003,76.48282017439362,117.805,31.14672145200955,30.999303318888185,10.934482763040108,54.855,13.642123326277993,13.701995736075293,1.524923521172341,24.42
2026-10-27 07:53:57,66.25781927006611,66.05919788334003,76.48282017439362,117.805,31.14672145200955,30.999303318888185,10.934482763040108,54.855,13.642123326277993,13.701995736075293,1.524923521172341,24.42
2026-10-27 08:08:57,66.47307505784445,66.23754710163306,76.71626997273117,118.165,31.280295588150324,31.138257137201375,10.981769931296355,55.105,13.685216866676928,13.736201475293207,1.5295463472552544,24.49
2026-10-27 08:23:57,66.52734815789533,66.31143812715538,76.79236496051817,118.285,31.320785107842983,31.178931370974222,10.99596113074973,55.175,13.699107105259824,13.752382426422399,1.5309037460118506,24.515
2026-10-27 08:38:57,66.6001828049898,66.37438339311872,76.87446919971178,118.425,31.35283846737785,31.200726750988476,11.00740785736577,55.225,13.721573406406035,13.784916974760481,1.5334325926366121,24.56
2026-10-27 08:53:57,66.70215114962126,66.46146448843528,76.98715850114273,118.595,31.384936898602554,31.231824860259795,11.018502955927138,55.275,13.742944249962454,13.801752827716383,1.5361704458995264,24.6
2026-10-27 09:08:57,66.7565461313838,66.51275238245101,77.04356592182009,118.675,31.40965002051175,31.255213713030823,11.030512407776444,55.325,13.760250520228038,13.818849707151287,1.5380661415301446,24.63
2026-10-27 09:23:57,66.8106564502792,66.57137403272968,77.12043656697814,118.785,31.460549871994836,31.2935495517415,11.045260151823147,55.4,13.769064919333657,13.828374629428787,1.5389680881840895,24.65
2026-10-27 09:38:57,66.90641095120588,66.6703671952022,77.23204410982872,118.95,31.486715096015992,31.31827989964226,11.053720221803196,55.445,13.781677627222953,13.840392859489407,1.5403703505634936,24.67
2026-10-27 09:53:57,66.90641095120588,66.6703671952022,77.23204410982872,118.95,31.486715096015992,31.31827989964226,11.053720221803196,55.445,13.781677627222953,13.840392859489407,1.5403703505634936,24.67
2026-10-27 10:08:57,66.90641095120588,66.6703671952022,77.23204410982872,118.95,31.486715096015992,31.31827989964226,11.053720221803196,55.445,13.781677627222953,13.840392859489407,1.5403703505634936,24.67
2026-10-27 10:23:57,66.90641095120588,66.6703671952022,77.23204410982872,118.95,31.486715096015992,31.31827989964226,11.053720221803196,55.445,13.781677627222953,13.840392859489407,1.5403703505634936,24.67
2026-10-27 10:38:57,66.90641095120588,66.6703671952022,77.23204410982872,118.95,31.486715096015992,31.31827989964226,11.053720221803196,55.445,13.781677627222953,13.840392859489407,1.5403703505634936,24.67
2026-10-27 10:53:57,66.90641095120588,66.6703671952022,77.23204410982872,118.95,31.486715096015992,31.31827989964226,11.053720221803196,55.445,13.781677627222953,13.840392859489407,1.5403703505634936,24.67
2026-10-27 11:08:57,66.90641095120588,66.6703671952022,77.23204410982872,118.95,31.486715096015992,31.31827989964226,11.053720221803196,55.445,13.781677627222953,13.840392859489407,1.5403703505634936,24.67
2026-10-27 11:23:57,66.90641095120588,66.6703671952022,77.23204410982872,118.95,31.486715096015992,31.31827989964226,11.053720221803196,55.445,13.781677627222953,13.840392859489407,1.5403703505634936,24.67
2026-10-27 11:38:57,66.90641095120588,66.6703671952022,77.23204410982872,118.95,31.486715096015992,31.31827989964226,11.053720221803196,55.445,13.781677627222953,13.840392859489407,1.5403703505634936,24.67
2026-10-27 11:53:57,66.90641095120588,66.6703671952022,77.23204410982872,118.95,31.486715096015992,31.31827989964226,11.053720221803196,55.445,13.781677627222953,13.840392859489407,1.5403703505634936,24.67
2026-10-27 12:08:57,67.02750072684492,66.80221489157064,77.36392985235719,119.17,31.535392369674653,31.371429157271383,11.072073065776898,55.53,13.799849631068382,13.853160342474952,1.5424185036860294,24.705
2026-10-27 12:23:57,67.02750072684492,66.80221489157064,77.36392985235719,119.17,31.535392369674653,31.371429157271383,11.072073065776898,55.53,13.799849631068382,13.853160342474952,1.5424185036860294,24.705
2026-10-27 12:38:57,67.05261042861801,66.82360682234967,77.38602205709273,119.21,31.53946745590484,31.377208070516378,11.0750119352862,55.54,13.803500277273548,13.854678516401027,1.5428225340600692,24.71
2026-10-27 12:53:57,67.08103428319222,66.85725258302729,77.41856315123508,119.265,31.549829353679144,31.387567922252295,11.07811374938822,55.555,13.808664169620233,13.862115597175434,1.5435552346804764,24.72
2026-10-27 13:08:57,67.08416686038021,66.86057205915453,77.42508001263798,119.275,31.549829353679144,31.387567922252295,11.07811374938822,55.555,13.809559985181597,13.8665222990605,1.5438681940713808,24.725
2026-10-27 13:23:57,67.09819203443037,66.88081135520936,77.44692821713775,119.305,31.560029663221204,31.395905633057065,11.08076555728465,55.57,13.809559985181597,13.8665222990605,1.5438681940713808,24.725
2026-10-27 13:38:57,67.29328110612288,67.03942980857853,77.65705313050293,119.63,31.61283397359567,31.44585077822968,11.097524975028803,55.65,13.830939679040705,13.882495283686502,1.545514448981695,24.755
2026-10-27 13:53:57,67.37173217478436,67.12388742148865,77.74548953735317,119.77,31.658441076620655,31.48812964141133,11.115697602849002,55.735,13.855651963182813,13.90587283219432,1.5475106471387512,24.79
2026-10-27 14:08:57,67.45549254616587,67.18813076310964,77.83409626028553,119.91,31.67677016534949,31.501735045392216,11.122989782885918,55.765,13.870931344641868,13.917533216581528,1.548773781508868,24.81
2026-10-27 14:23:57,67.46343026726356,67.20073213908707,77.8474816096778,119.93,31.68749327478087,31.51100125784984,11.125488495568002,55.78,13.870931344641868,13.917533216581528,1.548773781508868,24.81
2026-10-27 14:38:57,67.46343026726356,67.20073213908707,77.8474816096778,119.93,31.68749327478087,31.51100125784984,11.125488495568002,55.78,13.870931344641868,13.917533216581528,1.548773781508868,24.81
2026-10-27 14:53:57,67.47617396789711,67.21952916102576,77.86403825662511,119.96,31.69415867036026,31.518674292648665,11.128624904680166,55.795,13.870931344641868,13.917533216581528,1.548773781508868,24.81
2026-10-27 15:08:57,67.48892661675687,67.22749905411459,77.88048049044659,119.985,31.69415867036026,31.518674292648665,11.128624904680166,55.795,13.870931344641868,13.917533216581528,1.548773781508868,24.81
2026-10-27 15:23:57,67.51155815691688,67.25219583162172,77.9079253956659,120.02,31.69415867036026,31.518674292648665,11.128624904680166,55.795,13.875026951698088,13.919182879942255,1.5492349738497524,24.815
2026-10-27 15:38:57,67.51690092220868,67.25554216924176,77.91299220692504,120.03,31.695768806484303,31.519649971241314,11.12966049548885,55.8,13.877751142330325,13.920693503420424,1.549623594668132,24.82
2026-10-27 15:53:57,67.5250304108873,67.26358078752152,77.92410679814397,120.045,31.69705379758794,31.523356861799602,11.13091382891575,55.805,13.880776338047385,13.921696604528305,1.550105246162248,24.825
2026-10-27 16:08:57,67.54213430902222,67.27302331669192,77.94183461497649,120.07,31.699325208296067,31.530025470107358,11.132631859715357,55.815,13.880776338047385,13.921696604528305,1.550105246162248,24.825
2026-10-27 16:23:57,67.55669052667228,67.28174861324496,77.95402707954197,120.09,31.699325208296067,31.530025470107358,11.132631859715357,55.815,13.881970942429245,13.923127113698714,1.5505006932356886,24.83
2026-10-27 16:38:57,67.63866832783542,67.36691998806673,78.03185259983843,120.22,31.7165397829516,31.54470488924186,11.1379291049492,55.84,13.888528006625132,13.927550846017258,1.5514383057196566,24.84
2026-10-27 16:53:57,67.71075563893885,67.44576253484473,78.1259156991633,120.36,31.738241756174286,31.568795500994426,11.145311070560915,55.88,13.901543278722126,13.938814938088282,1.5521141780557202,24.855
2026-10-27 17:08:57,67.74345023340908,67.4769195032818,78.16513446621887,120.42,31.749984056194236,31.574461430121946,11.147661552398162,55.895,13.901543278722126,13.938814938088282,1.5521141780557202,24.855
2026-10-27 17:23:57,67.81420155447192,67.54908883505635,78.25534857179564,120.545,31.78713024773681,31.606862882932386,11.162226280184143,55.97,13.91081663185379,13.948984007324114,1.5534917016258603,24.87
2026-10-27 17:38:57,67.84317429252377,67.5802871286113,78.29597117872078,120.605,31.818725992247963,31.63487563298243,11.172204313409416,56.015,13.91081663185379,13.948984007324114,1.5534917016258603,24.87
2026-10-27 17:53:57,67.94462208294632,67.6927449183085,78.41867952787615,120.785,31.843343204925016,31.65852439848374,11.179132407379024,56.055,13.92763407370827,13.95570766550986,1.554926306780004,24.89
2026-10-27 18:08:57,67.97858555202188,67.72464770170612,78.45281042065614,120.835,31.847309574872472,31.669784138079063,11.181860704369996,56.07,13.92763407370827,13.95570766550986,1.554926306780004,24.89
2026-10-27 18:23:57,68.07662084494598,67.81172770488875,78.5561298071014,121.005,31.90243254120466,31.71831600617963,11.19816661668839,56.16,13.931705688581587,13.961434772550678,1.5556128895090557,24.9
2026-10-27 18:38:57,68.1489959757374,67.8912215736168,78.64136016268822,121.15,31.926937794449728,31.746356202596864,11.207431368545633,56.215,13.94856403440438,13.984793166548933,1.5582482852379616,24.935
2026-10-27 18:53:57,68.20274915588392,67.93455392641052,78.69499701321047,121.235,31.939968924407236,31.765561880375866,11.212775480787847,56.245,13.94856403440438,13.984793166548933,1.5582482852379616,24.935
2026-10-27 19:08:57,68.24775532847501,67.98476060100128,78.76103181974474,121.335,31.954902571998932,31.783323517275853,11.21827378602563,56.27,13.963207045110833,13.995044653935496,1.5594384626894666,24.955
2026-10-27 19:23:57,68.3280270283166,68.07738336563969,78.85249632996664,121.485,31.98872454456836,31.8125623754435,11.2287044580863,56.32,13.987636211157616,14.01503211789289,1.5615342461681625,24.99
2026-10-27 19:38:57,68.51113120406808,68.25187915028812,79.06750776904985,121.805,32.082493519539824,31.905335698646837,11.261984080389995,56.485,14.032266537093099,14.054982645669108,1.565891781107201,25.055
2026-10-27 19:53:57,68.66137876293656,68.39489332053012,79.22680077658326,122.05,32.14030322960034,31.965550285895365,11.282550410660471,56.59,14.053689711489882,14.072707782250758,1.5676458840926788,25.095
2026-10-27 20:08:57,68.82419908056418,68.54187073444652,79.40412482242297,122.32,32.21163706409641,32.034947807943794,11.307372531854725,56.725,14.100587194676935,14.097277907258677,1.571722651335845,25.165
2026-10-27 20:23:57,68.98908991561171,68.69471360598995,79.58238668205325,122.6,32.307591549414575,32.130506365770785,11.337905810838306,56.885,14.119137648764442,14.109877096553594,1.573856021019218,25.195
2026-10-27 20:38:57,69.11007554976689,68.81128051647788,79.73024950469639,122.825,32.35486068031713,32.185369041160705,11.357389164336725,56.98,14.138995333072096,14.123620128906559,1.5760353506551492,25.23
2026-10-27 20:53:57,69.24841084422283,68.97293687672654,79.89272997435852,123.075,32.408676978804905,32.23137560508878,11.375746244286107,57.075,14.15402211546653,14.138396214106585,1.577650703315215,25.26
2026-10-27 21:08:57,69.24841084422283,68.97293687672654,79.89272997435852,123.075,32.408676978804905,32.23137560508878,11.375746244286107,57.075,14.15402211546653,14.138396214106585,1.577650703315215,25.26
2026-10-27 21:23:57,69.28608539592173,69.00498351625093,79.93304575142223,123.14,32.422759709916924,32.2412565611557,11.380030753553768,57.095,14.165161346469397,14.146390769799282,1.5782307846277515,25.275
2026-10-27 21:38:57,69.51025349054481,69.23917973533122,80.20913172429567,123.55,32.55227353338104,32.357194095885596,11.426310368168643,57.32,14.197632527190878,14.181750971252667,1.5825085575040905,25.34
2026-10-27 21:53:57,69.65811960422863,69.380572783529,80.38210437599676,123.8,32.602380897353754,32.40940377101482,11.444071262960954,57.41,14.245495513334642,14.219256554329153,1.5868216982529433,25.405
2026-10-27 22:08:57,69.73744146054503,69.46647083143424,80.4687953518406,123.955,32.66136954420102,32.47427246591722,11.470457807163603,57.53,14.283676882942826,14.254162834349255,1.591043378299511,25.465
2026-10-27 22:23:57,69.78149328834537,69.50720631910542,80.52119067684787,124.03,32.68376454808693,32.509955178250856,11.48032212821435,57.58,14.298520116245117,14.268012212399737,1.592550419454424,25.49
2026-10-27 22:38:57,69.7837750644546,69.51211077920013,80.52586058461233,124.035,32.68376454808693,32.509955178250856,11.48032212821435,57.58,14.298520116245117,14.268012212399737,1.592550419454424,25.49
2026-10-27 22:53:57,70.0005467662229,69.72532663714873,80.76943120330715,124.405,32.77768294461717,32.59507793642942,11.511301137932334,57.735,14.353994458495237,14.317691667287775,1.5982594170730036,25.585
2026-10-27 23:08:57,70.0005467662229,69.72532663714873,80.76943120330715,124.405,32.77768294461717,32.59507793642942,11.511301137932334,57.735,14.353994458495237,14.317691667287775,1.5982594170730036,25.585
2026-10-27 23:23:57,70.0005467662229,69.72532663714873,80.76943120330715,124.405,32.77768294461717,32.59507793642942,11.511301137932334,57.735,14.353994458495237,14.317691667287775,1.5982594170730036,25.585
2026-10-27 23:38:57,70.13809812198303,69.85865961877973,80.9346407106102,124.645,32.843449159508445,32.66188446905428,11.536539565259165,57.865,14.394938233620922,14.34063317509802,1.601707662015871,25.65
2026-10-27 23:53:57,70.13809812198303,69.85865961877973,80.9346407106102,124.645,32.843449159508445,32.66188446905428,11.536539565259165,57.865,14.394938233620922,14.34063317509802,1.601707662015871,25.65
2026-10-28 00:08:57,70.13809812198303,69.85865961877973,80.9346407106102,124.645,32.843449159508445,32.66188446905428,11.536539565259165,57.865,14.394938233620922,14.34063317509802,1.601707662015871,25.65
2026-10-28 00:23:57,70.13809812198303,69.85865961877973,80.9346407106102,124.645,32.843449159508445,32.66188446905428,11.536539565259165,57.865,14.394938233620922,14.34063317509802,1.601707662015871,25.65
2026-10-28 00:38:57,70.34360525487413,70.07574922273393,81.15771010248181,124.995,32.94892301362157,32.77703890765658,11.573188860984816,58.06,14.436432128928708,14.38150808101288,1.6064877595331557,25.72
2026-10-28 00:53:57,70.57257676068934,70.30000494999271,81.42485272316137,125.395,33.076741530728015,32.90829424883561,11.619032110295219,58.29,14.468350657893316,14.414703902684277,1.6107525540372714,25.785
2026-10-28 01:08:57,70.57257676068934,70.30000494999271,81.42485272316137,125.395,33.076741530728015,32.90829424883561,11.619032110295219,58.29,14.468350657893316,14.414703902684277,1.6107525540372714,25.785
2026-10-28 01:23:57,70.57257676068934,70.30000494999271,81.42485272316137,125.395,33.076741530728015,32.90829424883561,11.619032110295219,58.29,14.468350657893316,14.414703902684277,1.6107525540372714,25.785
2026-10-28 01:38:57,70.57257676068934,70.30000494999271,81.42485272316137,125.395,33.076741530728015,32.90829424883561,11.619032110295219,58.29,14.468350657893316,14.414703902684277,1.6107525540372714,25.785
2026-10-28 01:53:57,70.59180437672377,70.31881977349101,81.43966882289688,125.425,33.08371899134351,32.911182895937074,11.62084955392187,58.3,14.468350657893316,14.414703902684277,1.6107525540372714,25.785
2026-10-28 02:08:57,70.59180437672377,70.31881977349101,81.43966882289688,125.425,33.08371899134351,32.911182895937074,11.62084955392187,58.3,14.471403734825094,14.418045725018123,1.6111236579431438,25.79
2026-10-28 02:23:57,70.59350517183795,70.31995962831755,81.44247547476817,125.43,33.08371899134351,32.911182895937074,11.62084955392187,58.3,14.471403734825094,14.418045725018123,1.6111236579431438,25.79
2026-10-28 02:38:57,70.874927558232,70.59225341614352,81.75179681742155,125.915,33.17905138071698,33.00930667081754,11.653144710252898,58.475,14.546290889935003,14.475883587948754,1.6182063642376752,25.9
2026-10-28 02:53:57,71.15604085265787,70.87937873981693,82.06193786730041,126.41,33.30910724916308,33.13742272159708,11.699160315704978,58.695,14.61414322878104,14.530532657252074,1.625202795356441,26.01
2026-10-28 03:08:57,71.4494852343935,71.18739577267769,82.38255697690911,126.925,33.45137877179634,33.27739408228319,11.7544899986541,58.955,14.665449116955152,14.583301914975998,1.6309707958626922,26.115
2026-10-28 03:23:57,71.68725786495052,71.46251372474602,82.67624958967367,127.36,33.53369150965095,33.363486983286656,11.785870437622329,59.11,14.692939264368325,14.610084161011493,1.6345034546679265,26.165
2026-10-28 03:38:57,71.68725786495052,71.46251372474602,82.67624958967367,127.36,33.53369150965095,33.363486983286656,11.785870437622329,59.11,14.692939264368325,14.610084161011493,1.6345034546679265,26.165
2026-10-28 03:53:57,71.89789983921392,71.71397574456834,82.94072319204787,127.77,33.67099680147078,33.49216900913619,11.830889444398126,59.345,14.734134498792685,14.63700463698938,1.6386487989687935,26.225
2026-10-28 04:08:57,72.12474467748761,71.92750167112766,83.18128641437858,128.155,33.77979231543987,33.588259957647665,11.86922346462091,59.535,14.785166428970657,14.68385232545968,1.6444704008426858,26.315
2026-10-28 04:23:57,72.36488459867235,72.18551909533578,83.4656421907957,128.61,33.86598294977677,33.66065449146302,11.897273043648882,59.68,14.836888997216088,14.73341584482846,1.650480150315436,26.405
2026-10-28 04:38:57,72.762121680832,72.59492858131667,83.92698491289332,129.33,33.99612958797752,33.79317573795586,11.947240417132402,59.93,14.912985316320986,14.82104337025785,1.6593150007404485,26.545
2026-10-28 04:53:57,73.11485344978558,72.95964572862498,84.32184577747509,129.975,34.140745553101844,33.955636386631284,12.005907423594229,60.225,14.984656195476203,14.893424555772505,1.6677019472485675,26.67
2026-10-28 05:08:57,73.36597611851596,73.18619766637478,84.60999607777546,130.415,34.216928100468856,34.057265410688835,12.034379288839471,60.375,15.067383240882156,14.970012814332065,1.6768850695884474,26.805
2026-10-28 05:23:57,73.36597611851596,73.18619766637478,84.60999607777546,130.415,34.216928100468856,34.057265410688835,12.034379288839471,60.375,15.067383240882156,14.970012814332065,1.6768850695884474,26.805
2026-10-28 05:38:57,73.36597611851596,73.18619766637478,84.60999607777546,130.415,34.216928100468856,34.057265410688835,12.034379288839471,60.375,15.067383240882156,14.970012814332065,1.6768850695884474,26.805
2026-10-28 05:53:57,73.36597611851596,73.18619766637478,84.60999607777546,130.415,34.216928100468856,34.057265410688835,12.034379288839471,60.375,15.067383240882156,14.970012814332065,1.6768850695884474,26.805
2026-10-28 06:08:57,73.36597611851596,73.18619766637478,84.60999607777546,130.415,34.216928100468856,34.057265410688835,12.034379288839471,60.375,15.067383240882156,14.970012814332065,1.6768850695884474,26.805
2026-10-28 06:23:57,73.4684450115483,73.29872217048789,84.72112519667725,130.61,34.26166551169866,34.09444551565129,12.047083537342331,60.445,15.08024019166985,14.980934273138294,1.6784870440483401,26.825
2026-10-28 06:38:57,73.54382254806893,73.38030331166213,84.81578961299655,130.76,34.28737886262214,34.12106380538018,12.056057274305678,60.49,15.099692347170468,15.002705069972558,1.6809103320228502,26.865
2026-10-28 06:53:57,73.60073549107264,73.43811101076729,84.89240185417518,130.865,34.30969246140812,34.14077359324342,12.065041727473451,60.535,15.118306117938586,15.01616103611,1.6825019142893933,26.89
2026-10-28 07:08:57,73.66354458436648,73.49851168365947,84.97524666092711,130.985,34.341105643161406,34.162187907079606,12.076167213777266,60.585,15.124881163089109,15.028505614027388,1.683826225981812,26.91
2026-10-28 07:23:57,73.73067317761034,73.56739619915294,85.05999713010559,131.105,34.37613430249341,34.2054668312839,12.089898307802558,60.655,15.14127004923326,15.045399057767781,1.6860522306376189,26.945
2026-10-28 07:38:57,73.79577078797308,73.63259544646277,85.14459545783599,131.235,34.399635689337515,34.2365588025647,12.102837467247456,60.71,15.146221894490097,15.05265822062097,1.6864280469740534,26.955
2026-10-28 07:53:57,73.79577078797308,73.63259544646277,85.14459545783599,131.235,34.399635689337515,34.2365588025647,12.102837467247456,60.71,15.146221894490097,15.05265822062097,1.6864280469740534,26.955
2026-10-28 08:08:57,73.79577078797308,73.63259544646277,85.14459545783599,131.235,34.399635689337515,34.2365588025647,12.102837467247456,60.71,15.146221894490097,15.05265822062097,1.6864280469740534,26.955
2026-10-28 08:23:57,73.79577078797308,73.63259544646277,85.14459545783599,131.235,34.399635689337515,34.2365588025647,12.102837467247456,60.71,15.146221894490097,15.05265822062097,1.6864280469740534,26.955
2026-10-28 08:38:57,73.79577078797308,73.63259544646277,85.14459545783599,131.235,34.399635689337515,34.2365588025647,12.102837467247456,60.71,15.146221894490097,15.05265822062097,1.6864280469740534,26.955
2026-10-28 08:53:57,73.79577078797308,73.63259544646277,85.14459545783599,131.235,34.399635689337515,34.2365588025647,12.102837467247456,60.71,15.14854159873807,15.056481883092037,1.6868142901293404,26.96
2026-10-28 09:08:57,73.79577078797308,73.63259544646277,85.14459545783599,131.235,34.399635689337515,34.2365588025647,12.102837467247456,60.71,15.14854159873807,15.056481883092037,1.6868142901293404,26.96
2026-10-28 09:23:57,73.94077531724234,73.77624122678925,85.27180372923654,131.46,34.44750735300874,34.286853476525906,12.12429886070032,60.81,15.168422851821319,15.070543576411117,1.6885399498181664,26.995
2026-10-28 09:38:57,74.05838179471036,73.90477091767248,85.42256638178272,131.68,34.493550001613116,34.345524082120136,12.141380448739804,60.9,15.180613915395751,15.076003429447372,1.6897126089276708,27.01
2026-10-28 09:53:57,74.35453107871007,74.20228762467613,85.74291865255128,132.21,34.64665631622284,34.52051248634902,12.199111929083479,61.19,15.23607047406015,15.12871612769928,1.6949443426467856,27.11
2026-10-28 10:08:57,74.54820098381269,74.3804406013087,85.94187141844954,132.535,34.71873103628809,34.602860069429525,12.225228045946468,61.325,15.273338997886635,15.160429113332059,1.698694105633572,27.17
2026-10-28 10:23:57,74.54820098381269,74.3804406013087,85.94187141844954,132.535,34.71873103628809,34.602860069429525,12.225228045946468,61.325,15.273338997886635,15.160429113332059,1.698694105633572,27.17
2026-10-28 10:38:57,74.54820098381269,74.3804406013087,85.94187141844954,132.535,34.71873103628809,34.602860069429525,12.225228045946468,61.325,15.273338997886635,15.160429113332059,1.698694105633572,27.17
2026-10-28 10:53:57,74.58752383375167,74.41398236876633,85.98510798053697,132.6,34.73630638828588,34.61838894281817,12.231392768017576,61.355,15.28084046386051,15.167531722266938,1.6992955334920872,27.18
2026-10-28 11:08:57,74.58752383375167,74.41398236876633,85.98510798053697,132.6,34.73630638828588,34.61838894281817,12.231392768017576,61.355,15.28084046386051,15.167531722266938,1.6992955334920872,27.18
2026-10-28 11:23:57,74.61850702618354,74.45019433336482,86.03262571333082,132.665,34.740967745952254,34.62631575911738,12.233747974078545,61.37,15.28084046386051,15.167531722266938,1.6992955334920872,27.18
2026-10-28 11:38:57,74.61850702618354,74.45019433336482,86.03262571333082,132.665,34.740967745952254,34.62631575911738,12.233747974078545,61.37,15.28084046386051,15.167531722266938,1.6992955334920872,27.18
2026-10-28 11:53:57,74.61850702618354,74.45019433336482,86.03262571333082,132.665,34.740967745952254,34.62631575911738,12.233747974078545,61.37,15.28084046386051,15.167531722266938,1.6992955334920872,27.18
2026-10-28 12:08:57,74.65152750306777,74.47342006277545,86.06753867018908,132.72,34.7656186548201,34.64845286223832,12.241572748805641,61.405,15.298239974854724,15.188702300870531,1.7013825331176533,27.21
