date,low_cpu,low_mem,low_num,low_ttl,mid_cpu,mid_mem,mid_num,mid_ttl,high_cpu,high_mem,high_num,high_ttl
2026-10-07 12:31:44,0.0,0.0,0.0,0.0,0.0,0.0,0.0,0.0,0.0,0.0,0.0,0.0
2026-10-07 12:46:44,0.0035993253557397194,0.004894257491142852,0.003669161812505465,0.005,0.00407919398413898,0.0016861256241676628,0.0007661078333621081,0.005,0.0,0.0,0.0,0.0
2026-10-07 13:01:44,0.013273481976141087,0.009424104760367643,0.010142890972697717,0.02,0.008489944044784849,0.0061371850656311705,0.0012999254283143622,0.01,0.0009857476389654363,0.000822826630078287,0.00021700556393731803,0.005
2026-10-07 13:16:44,0.016783072041205473,0.019849229623979624,0.01780626891890677,0.035,0.008489944044784849,0.0061371850656311705,0.0012999254283143622,0.01,0.0034912404533343063,0.004841034505899744,0.00047544337214199976,0.01
2026-10-07 13:31:44,0.029394877324555403,0.03490725700673093,0.03268702708643603,0.06,0.014464695299532,0.014459889307768965,0.004156373980020394,0.025,0.0034912404533343063,0.004841034505899744,0.00047544337214199976,0.01
2026-10-07 13:46:44,0.037991517111594486,0.04273887764955154,0.04048336573465553,0.075,0.014464695299532,0.014459889307768965,0.004156373980020394,0.025,0.0034912404533343063,0.004841034505899744,0.00047544337214199976,0.01
2026-10-07 14:01:44,0.037991517111594486,0.04273887764955154,0.04048336573465553,0.075,0.014464695299532,0.014459889307768965,0.004156373980020394,0.025,0.0034912404533343063,0.004841034505899744,0.00047544337214199976,0.01
2026-10-07 14:16:44,0.0437681315474534,0.0469761653513333,0.04615353639996365,0.085,0.014464695299532,0.014459889307768965,0.004156373980020394,0.025,0.0034912404533343063,0.004841034505899744,0.00047544337214199976,0.01
2026-10-07 14:31:44,0.044873608161899066,0.050334018857064566,0.04929719040651802,0.09,0.014464695299532,0.014459889307768965,0.004156373980020394,0.025,0.0034912404533343063,0.004841034505899744,0.00047544337214199976,0.01
2026-10-07 14:46:44,0.053670529648171365,0.059663583120037306,0.06250390885003454,0.105,0.01715722229334101,0.01792815499527059,0.004794816638483438,0.03,0.0034912404533343063,0.004841034505899744,0.00047544337214199976,0.01
2026-10-07 15:01:44,0.05734347679745183,0.06369647817745044,0.06710505335819772,0.11,0.022702501141200378,0.023575560855485025,0.006528469678180954,0.04,0.0034912404533343063,0.004841034505899744,0.00047544337214199976,0.01
2026-10-07 15:16:44,0.0620408825513805,0.06718144504739745,0.07053163759140164,0.115,0.022702501141200378,0.023575560855485025,0.006528469678180954,0.04,0.0034912404533343063,0.004841034505899744,0.00047544337214199976,0.01
2026-10-07 15:31:44,0.06325664967694505,0.06858378863249853,0.07322570113141096,0.12,0.022702501141200378,0.023575560855485025,0.006528469678180954,0.04,0.0034912404533343063,0.004841034505899744,0.00047544337214199976,0.01
2026-10-07 15:46:44,0.07269969792595385,0.07504938964071642,0.08335908387860097,0.135,0.027042532861792277,0.02742144886163726,0.007760842123463062,0.045,0.0034912404533343063,0.004841034505899744,0.00047544337214199976,0.01
2026-10-07 16:01:44,0.07269969792595385,0.07504938964071642,0.08335908387860097,0.135,0.027042532861792277,0.02742144886163726,0.007760842123463062,0.045,0.0034912404533343063,0.004841034505899744,0.00047544337214199976,0.01
2026-10-07 16:16:44,0.08200613050033481,0.08190560721418431,0.09093219775455258,0.15,0.027042532861792277,0.02742144886163726,0.007760842123463062,0.045,0.0034912404533343063,0.004841034505899744,0.00047544337214199976,0.01
2026-10-07 16:31:44,0.08826176792294729,0.08974978077785353,0.09900814632175113,0.16,0.027042532861792277,0.02742144886163726,0.007760842123463062,0.045,0.0034912404533343063,0.004841034505899744,0.00047544337214199976,0.01
2026-10-07 16:46:44,0.08826176792294729,0.08974978077785353,0.09900814632175113,0.16,0.029851911641774892,0.028382464239678416,0.009199461089997817,0.05,0.007803864986131314,0.009030276262129556,0.0009731511959020923,0.015
2026-10-07 17:01:44,0.11689874277256876,0.11364467449276497,0.1308853884263871,0.21,0.03596676218470443,0.03610474184493915,0.011629589278472897,0.065,0.009411822868586264,0.013052025851542345,0.0012532972056320045,0.02
2026-10-07 17:16:44,0.15462061983814418,0.14486873353722501,0.1615080446928032,0.26,0.03800670045459035,0.040552319368395415,0.012788051739821062,0.07,0.01159050792640747,0.016243720584741262,0.001526878732984153,0.025
2026-10-07 17:31:44,0.16190635145893206,0.15341193061741293,0.1722405087516177,0.275,0.03800670045459035,0.040552319368395415,0.012788051739821062,0.07,0.013886015625789309,0.020667994143093754,0.0018226514082941606,0.03
2026-10-07 17:46:44,0.16463477239889265,0.1581149562621995,0.17706931424333794,0.28,0.04001174561322952,0.04484043212080197,0.014113351325871753,0.075,0.013886015625789309,0.020667994143093754,0.0018226514082941606,0.03
2026-10-07 18:01:44,0.17437377084081412,0.16218705435854724,0.18488070200174292,0.295,0.04001174561322952,0.04484043212080197,0.014113351325871753,0.075,0.013886015625789309,0.020667994143093754,0.0018226514082941606,0.03
2026-10-07 18:16:44,0.1898759808356608,0.18033861021855874,0.20590361287638184,0.325,0.043498918540471616,0.04587005978026492,0.015536028537111463,0.08,0.01835760876360261,0.02450233025652246,0.00216629846330918,0.035
2026-10-07 18:31:44,0.24004377976461766,0.2279397001190005,0.25472246531738985,0.415,0.060958956698045824,0.06519941121015314,0.01976773820032124,0.105,0.037447171164377416,0.04830893694532649,0.003783173603498373,0.07
2026-10-07 18:46:44,0.2993911445800345,0.2980600997044533,0.33483138087505787,0.525,0.08964834161450191,0.08306594949848135,0.02800028838554315,0.145,0.042322242579198144,0.053281645117680895,0.004241123360042476,0.075
2026-10-07 19:01:44,0.3483935711738966,0.33966000012342545,0.38427413796174625,0.61,0.09754668031566424,0.09036894192629036,0.0309578318428128,0.16,0.06251797696605063,0.07246762173629631,0.0063787288254247695,0.11
2026-10-07 19:16:44,0.3616868983628095,0.3567665509243979,0.4050266382178192,0.64,0.10230150313251346,0.09413978528786192,0.03291420897857311,0.17,0.0688386790326074,0.08010119774606597,0.006962763533915372,0.12
2026-10-07 19:31:44,0.39355358903491056,0.3916401313457748,0.4462011159502561,0.69,0.11094310678783154,0.10774053506320141,0.03650144880566291,0.19,0.0688386790326074,0.08010119774606597,0.006962763533915372,0.12
2026-10-07 19:46:44,0.42453696925024,0.41850067278069836,0.48320781085626957,0.745,0.13245283436748656,0.127033537983713,0.04353199804397323,0.225,0.08189380090274126,0.08724404285225615,0.007538972369081215,0.135
2026-10-07 20:01:44,0.5104419785572712,0.49587591047398055,0.578739460864935,0.895,0.16570758615372835,0.16053686924737054,0.05447256604656596,0.285,0.09065964090821368,0.10096217973343616,0.008701016676669759,0.155
2026-10-07 20:16:44,0.6159724015475699,0.5981917315063272,0.7073172320909952,1.085,0.22321704391688219,0.2139149770510941,0.07077055075065034,0.375,0.10658645048490097,0.12022423388984246,0.01066481394341938,0.19
2026-10-07 20:31:44,0.708296954053532,0.6977899133123655,0.8167228399271401,1.25,0.290010911779542,0.2916313661862597,0.09543945364493266,0.5,0.13246345965543854,0.1472290159499632,0.013229934451834366,0.235
2026-10-07 20:46:44,0.7823364534559577,0.7727901120503354,0.9000726908955224,1.375,0.3327797763004202,0.33718114899832324,0.10862243210704098,0.57,0.14358472964116298,0.1599217592433843,0.014452872747947142,0.255
2026-10-07 21:01:44,0.9211637502907055,0.9088829229384893,1.053906427260805,1.615,0.38921007602126717,0.3801353223618106,0.12791029934510648,0.665,0.16643207422873094,0.1747293079475008,0.016067468739838,0.285
2026-10-07 21:16:44,0.984956333514611,0.9747498377783774,1.1137763069312179,1.715,0.409383044955517,0.40908544613379233,0.13636764023836262,0.705,0.1862855424973982,0.1852255030920201,0.017905406385416326,0.31
2026-10-07 21:31:44,1.049580791595796,1.0443542866395672,1.1945486617446377,1.83,0.4722527392522017,0.46789272798984094,0.15513582846997853,0.8,0.1959756641193396,0.19318782232941517,0.01887289087615331,0.325
2026-10-07 21:46:44,1.105467278764176,1.0913008502504373,1.2535400540133546,1.935,0.49300161883050214,0.48919621431656,0.16253655085689728,0.835,0.20406089317432605,0.19556495446481648,0.019620732080437176,0.335
2026-10-07 22:01:44,1.18781916385188,1.1659389359011572,1.3318951921946482,2.06,0.5272713723795778,0.5207654667195276,0.1726917594779032,0.89,0.21291231002324745,0.20477103085018736,0.020093520999057944,0.35
2026-10-07 22:16:44,1.289241297997226,1.2677671640269834,1.441232929795532,2.23,0.5794329171277735,0.5739846512461825,0.19119734698829163,0.985,0.23059483159220645,0.21850015199088418,0.021669276454912626,0.375
2026-10-07 22:31:44,1.399986312505778,1.3591548624555585,1.5757906591422544,2.43,0.6205356546504717,0.6236516623494635,0.20984702106645492,1.075,0.2632956426911945,0.24503677400232513,0.025561660880703635,0.44
2026-10-07 22:46:44,1.5496505098605033,1.4928938227475,1.7416388737108324,2.685,0.6590346807623255,0.6595647294925163,0.22516863315480729,1.15,0.28260062112587625,0.27001372849545874,0.02835032407077145,0.48
2026-10-07 23:01:44,1.6510481833543749,1.5904557859770074,1.8545694979461589,2.855,0.6933522121639378,0.6927145978812335,0.237719853369991,1.21,0.30104248248325394,0.2914309800314972,0.030901260507294574,0.515
2026-10-07 23:16:44,1.7517119811320208,1.695746696104755,1.9709200445856123,3.045,0.7562390498226447,0.7528533147874651,0.26065171551521005,1.32,0.3266031577822645,0.30949959709538144,0.03350403391300626,0.555
2026-10-07 23:31:44,1.8345173848199123,1.7726888520695887,2.0604542649973965,3.185,0.815372393236257,0.8156868804861294,0.27759630780447814,1.41,0.34084669582450106,0.31876229814873525,0.03483845911833128,0.58
2026-10-07 23:46:44,2.0212661490038255,1.9404436105656817,2.2781933007441384,3.515,0.9002750646898731,0.9187808356234081,0.3131379945833688,1.585,0.3789807362135242,0.3590150704334865,0.039456296522432426,0.66
2026-10-08 00:01:44,2.160644163322822,2.0920793647363154,2.456513747070149,3.775,0.9840063662871424,0.9956810804348535,0.34365073834638865,1.73,0.4138648056194225,0.39773199793271047,0.04318767287659796,0.73
2026-10-08 00:16:44,2.259773742926137,2.1945906007455247,2.5724903102615144,3.955,1.0205945313116132,1.023675951607794,0.35449332902403463,1.785,0.4473943658166714,0.42668668353714234,0.04699200322766993,0.79
2026-10-08 00:31:44,2.3811965887966,2.304223508873826,2.720237362424219,4.175,1.059604282077445,1.0546954607164045,0.3658438485483255,1.85,0.46239975877737294,0.43681396787194826,0.04854675872000403,0.82
2026-10-08 00:46:44,2.52309744421966,2.4489252088216804,2.8695202987835082,4.415,1.112530816048978,1.1063916440150936,0.386092725685297,1.94,0.4947388015148027,0.470310614697405,0.05248997123485604,0.875
2026-10-08 01:01:44,2.582041877860694,2.5281582980284734,2.939807193844186,4.53,1.1538051118079384,1.1600451866059989,0.4031422990749839,2.025,0.5226656869234171,0.4891464249421125,0.055574127577873986,0.92
2026-10-08 01:16:44,2.711882351829861,2.6580754123326513,3.0797978597688735,4.755,1.2403296076527208,1.2486837558233224,0.43593961753546184,2.18,0.5417138303546615,0.5058052793046682,0.057186047571777456,0.95
2026-10-08 01:31:44,2.811945715026867,2.7771190333081,3.2079186965230027,4.95,1.2682020931544875,1.2793707060672341,0.4487452870216688,2.24,0.5718697505723694,0.5321662063795866,0.06052696090786822,0.995
2026-10-08 01:46:44,2.9174140146079544,2.872035470320686,3.3212760987815124,5.125,1.334712294160703,1.3416458336923691,0.47029115675388766,2.345,0.5941028739934747,0.5672828999726933,0.06351211349324612,1.045
2026-10-08 02:01:44,2.9819323916135145,2.936514099546832,3.387656124224749,5.23,1.3690652327667188,1.3736918807809144,0.4825561555487165,2.405,0.5941028739934747,0.5672828999726933,0.06351211349324612,1.045
2026-10-08 02:16:44,3.0518482598452867,2.989410701669868,3.460259536109384,5.335,1.3895290537199216,1.402639105426611,0.49079413204754546,2.445,0.6143123944872663,0.5868819189538127,0.06553506232194861,1.085
2026-10-08 02:31:44,3.1705263091889555,3.1039590049745254,3.5907274100216298,5.545,1.458168987470254,1.4784977317594508,0.5179546907001594,2.575,0.6386278636030077,0.6191868304529833,0.06976535404848729,1.14
2026-10-08 02:46:44,3.2408392702886273,3.169310541290871,3.665118885047124,5.655,1.519317914080625,1.5329217107333826,0.5358208637932943,2.665,0.6509657690908182,0.6324929821417031,0.07101315493178849,1.16
2026-10-08 03:01:44,3.3288978175504185,3.2376943359396915,3.754993682502674,5.795,1.555156778442739,1.5778564951640173,0.5487661668984134,2.73,0.665982353187207,0.645666294742214,0.0733819182742902,1.19
2026-10-08 03:16:44,3.3844969186521072,3.3001194625127503,3.832461807557915,5.915,1.5742436124576122,1.5969636380825452,0.5567806155760346,2.765,0.6750717202395683,0.6507323625203746,0.07443956212962226,1.205
2026-10-08 03:31:44,3.415135869652471,3.3296102985140106,3.8643008259710743,5.965,1.5836735717457715,1.6057030468848503,0.5608773099868387,2.785,0.6890494515221214,0.6692365093707467,0.07549402032306385,1.225
2026-10-08 03:46:44,3.498136604714426,3.416850973286722,3.958871705490711,6.105,1.634612353029887,1.6577020806722216,0.5814109114250328,2.875,0.7153636366004883,0.6973190488830419,0.0794361575051945,1.28
2026-10-08 04:01:44,3.574713927033783,3.4796537094220934,4.0451864465436165,6.235,1.6723210660258252,1.696373959793867,0.5944920451043547,2.94,0.7216406280568075,0.7027454520397964,0.08024314720068057,1.29
2026-10-08 04:16:44,3.6932289349529954,3.5864151005240714,4.166377004372635,6.43,1.7137159783584175,1.7403573869549236,0.6090330678811692,3.015,0.7396481971890407,0.7263349464366414,0.08250813163772125,1.325
2026-10-08 04:31:44,3.7614821843233637,3.662711295476745,4.256204853544175,6.56,1.7560640851050582,1.7726664876969436,0.6210010749682705,3.075,0.7464527845303067,0.7422225108714217,0.08382140690447129,1.345
2026-10-08 04:46:44,3.825897237553723,3.734641889378815,4.326535428107918,6.685,1.7963680686511916,1.8234031777624504,0.6365038556512329,3.155,0.7647756461026114,0.757943053141815,0.08549326971142124,1.375
2026-10-08 05:01:44,3.8718012382787896,3.7784070654811632,4.3873534520244934,6.775,1.8379099570643254,1.8630434436214953,0.6505348670371986,3.225,0.7775427591688234,0.7737182812702744,0.08677237171635702,1.4
2026-10-08 05:16:44,3.9094803499227093,3.8192763809175725,4.426996852413058,6.84,1.8606690748862573,1.884539609335836,0.6584746447234396,3.26,0.7967429581946416,0.7970957980593523,0.08887402575458596,1.435
2026-10-08 05:31:44,3.9838235643884583,3.8955707064836056,4.518444484501369,6.97,1.9101631476788312,1.936843667684969,0.6757946146204469,3.35,0.8209506253923795,0.8136512504036334,0.0907556202882129,1.47
2026-10-08 05:46:44,4.001456074591781,3.9175746765906183,4.540838257789973,7.005,1.9258579577666701,1.9495358309004485,0.6804658170271536,3.375,0.8250256216287324,0.8184634295962121,0.09102761603116796,1.475
2026-10-08 06:01:44,4.058725313168329,3.973025803151919,4.597485716667115,7.11,1.94399373060345,1.9621659290363316,0.6859425168793752,3.405,0.8420875210350837,0.827557295627107,0.09256681403084961,1.505
2026-10-08 06:16:44,4.101733138152419,4.003261466203938,4.651868653728631,7.185,1.9718827510332848,1.9836202863296877,0.694325538817403,3.45,0.8499089860046294,0.8316811127910844,0.09308116953232236,1.515
2026-10-08 06:31:44,4.119808972450677,4.021131441723019,4.676334495422223,7.22,1.9733936447812708,1.9880198797040802,0.695449050966428,3.455,0.852098616299053,0.8361072010328658,0.09329861588894804,1.52
2026-10-08 06:46:44,4.143471617896503,4.059813405229034,4.711818799272163,7.27,1.9881313986652795,2.004095025965768,0.7007500773056983,3.48,0.8543996042582856,0.837151942515288,0.09370573882141087,1.525
2026-10-08 07:01:44,4.171780268091224,4.0874727166410105,4.744677646425208,7.325,2.0139947451726288,2.0260934255899503,0.709631066488175,3.52,0.8543996042582856,0.837151942515288,0.09370573882141087,1.525
2026-10-08 07:16:44,4.187337517013646,4.098673707126609,4.7617529384190345,7.35,2.022732891586504,2.032739939411769,0.7123313255178103,3.535,0.8572976643485922,0.8445306428873908,0.09462890651858878,1.535
2026-10-08 07:31:44,4.199536208441268,4.109208554522544,4.773920503063848,7.375,2.035848577633119,2.042029501606074,0.7162002276753446,3.555,0.8572976643485922,0.8445306428873908,0.09462890651858878,1.535
2026-10-08 07:46:44,4.242992951054508,4.151917860877979,4.817792496455216,7.44,2.046095276078108,2.049576101008576,0.7207270316372196,3.575,0.8572976643485922,0.8445306428873908,0.09462890651858878,1.535
2026-10-08 08:01:44,4.263414438948893,4.179225116317227,4.8482975898690555,7.485,2.0668499162411784,2.0651573429903762,0.7268906852132991,3.605,0.8572976643485922,0.8445306428873908,0.09462890651858878,1.535
2026-10-08 08:16:44,4.314094361160122,4.250949390789931,4.9249576556029435,7.595,2.1076424023949527,2.106124688062078,0.7414044973223948,3.675,0.8756367817182961,0.8618628197044033,0.09626062017815701,1.56
2026-10-08 08:31:44,4.402740756259841,4.335283200036912,5.03073116100427,7.745,2.1258469111176335,2.130141323482411,0.7476317170858496,3.71,0.8986715213827742,0.8793848040841385,0.09849403775193556,1.595
2026-10-08 08:46:44,4.445990498302284,4.382569385456117,5.089719537183365,7.83,2.1584150309766104,2.1621215986188664,0.7574290215221751,3.76,0.9020621271434891,0.8808504514508588,0.09897550085313746,1.6
2026-10-08 09:01:44,4.499706616401809,4.436106967385152,5.159054091972398,7.93,2.189608738951555,2.1986754631859524,0.7697293556783549,3.82,0.920317901529607,0.894197630037334,0.10132953815113674,1.63
2026-10-08 09:16:44,4.560537051894306,4.5085394450954235,5.222564277620002,8.04,2.2101577976412643,2.217406034060006,0.7778202233310813,3.86,0.932170677196266,0.9067072081269927,0.10297226120789628,1.65
2026-10-08 09:31:44,4.601859009379463,4.54999473210895,5.266174206375373,8.11,2.225052333738171,2.232110185583866,0.783388959575007,3.885,0.9338486506032796,0.9084587847148008,0.10316177099035083,1.655
2026-10-08 09:46:44,4.644985240581381,4.591177221985666,5.314702501884034,8.185,2.2433759074138213,2.24205779065941,0.7884402406225686,3.91,0.9387942185713831,0.9120021016148774,0.10374864440925119,1.665
2026-10-08 10:01:44,4.6928090601523875,4.650732694940517,5.372969868636125,8.275,2.27041553474245,2.2688432505460203,0.8000443511098474,3.97,0.9446973818445048,0.9181058583753036,0.10463829573297923,1.68
2026-10-08 10:16:44,4.743407861785173,4.718486565042488,5.437322674162313,8.375,2.295380557849924,2.302079469748567,0.8089555957751948,4.025,0.962788607419997,0.9326445302843954,0.1059942459975549,1.705
2026-10-08 10:31:44,4.761465963033742,4.739383371289208,5.46321043641938,8.41,2.2981859291852462,2.3050613255723946,0.8101874478274266,4.03,0.962788607419997,0.9326445302843954,0.1059942459975549,1.705
2026-10-08 10:46:44,4.78102970480146,4.757665909008842,5.480397156580132,8.44,2.2981859291852462,2.3050613255723946,0.8101874478274266,4.03,0.962788607419997,0.9326445302843954,0.1059942459975549,1.705
2026-10-08 11:01:44,4.792259506321494,4.761101581374733,5.490175749974421,8.455,2.301558534151588,2.306118660943836,0.8111114726384321,4.035,0.962788607419997,0.9326445302843954,0.1059942459975549,1.705
2026-10-08 11:16:44,4.796742504543939,4.766535241348697,5.49672951216057,8.465,2.302909302362471,2.309002525978262,0.8116800425836571,4.04,0.962788607419997,0.9326445302843954,0.1059942459975549,1.705
2026-10-08 11:31:44,4.810265229453969,4.780005946891616,5.505252730539777,8.485,2.3141000749473477,2.3257410554295426,0.8155378846295955,4.06,0.962788607419997,0.9326445302843954,0.1059942459975549,1.705
2026-10-08 11:46:44,4.82534664165107,4.793601615565188,5.526477806827561,8.515,2.3141000749473477,2.3257410554295426,0.8155378846295955,4.06,0.962788607419997,0.9326445302843954,0.1059942459975549,1.705
2026-10-08 12:01:44,4.82534664165107,4.793601615565188,5.526477806827561,8.515,2.3141000749473477,2.3257410554295426,0.8155378846295955,4.06,0.962788607419997,0.9326445302843954,0.1059942459975549,1.705
2026-10-08 12:16:44,4.842180693596739,4.808307331001446,5.5490168851716595,8.545,2.3203135198989884,2.3358117141404704,0.8191903706826097,4.075,0.962788607419997,0.9326445302843954,0.1059942459975549,1.705
2026-10-08 12:31:44,4.842180693596739,4.808307331001446,5.5490168851716595,8.545,2.3203135198989884,2.3358117141404704,0.8191903706826097,4.075,0.962788607419997,0.9326445302843954,0.1059942459975549,1.705
2026-10-08 12:46:44,4.846051127215967,4.812112137407822,5.552918465414714,8.55,2.3203135198989884,2.3358117141404704,0.8191903706826097,4.075,0.962788607419997,0.9326445302843954,0.1059942459975549,1.705
2026-10-08 13:01:44,4.8497861333319205,4.816866311943952,5.555778829140875,8.555,2.3250346706871485,2.342962264392624,0.8205516131406798,4.085,0.962788607419997,0.9326445302843954,0.1059942459975549,1.705
2026-10-08 13:16:44,4.851524159070456,4.820845581446644,5.557689176332814,8.56,2.3250346706871485,2.342962264392624,0.8205516131406798,4.085,0.962788607419997,0.9326445302843954,0.1059942459975549,1.705
2026-10-08 13:31:44,4.853935307744934,4.822677977565204,5.562188383472581,8.565,2.3250346706871485,2.342962264392624,0.8205516131406798,4.085,0.962788607419997,0.9326445302843954,0.1059942459975549,1.705
2026-10-08 13:46:44,4.853935307744934,4.822677977565204,5.562188383472581,8.565,2.3250346706871485,2.342962264392624,0.8205516131406798,4.085,0.96660275853181,0.93387263998277,0.1063215645349569,1.71
2026-10-08 14:01:44,4.853935307744934,4.822677977565204,5.562188383472581,8.565,2.3250346706871485,2.342962264392624,0.8205516131406798,4.085,0.96660275853181,0.93387263998277,0.1063215645349569,1.71
2026-10-08 14:16:44,4.853935307744934,4.822677977565204,5.562188383472581,8.565,2.3250346706871485,2.342962264392624,0.8205516131406798,4.085,0.96660275853181,0.93387263998277,0.1063215645349569,1.71
2026-10-08 14:31:44,4.853935307744934,4.822677977565204,5.562188383472581,8.565,2.3250346706871485,2.342962264392624,0.8205516131406798,4.085,0.96660275853181,0.93387263998277,0.1063215645349569,1.71
2026-10-08 14:46:44,4.855073337452017,4.823978520348952,5.565009913782568,8.57,2.3250346706871485,2.342962264392624,0.8205516131406798,4.085,0.9714365016589601,0.9361459026805156,0.10670608129535225,1.715
2026-10-08 15:01:44,4.855073337452017,4.823978520348952,5.565009913782568,8.57,2.3250346706871485,2.342962264392624,0.8205516131406798,4.085,0.9714365016589601,0.9361459026805156,0.10670608129535225,1.715
2026-10-08 15:16:44,4.864354899173307,4.828830555966699,5.569294164906724,8.58,2.3250346706871485,2.342962264392624,0.8205516131406798,4.085,0.9714365016589601,0.9361459026805156,0.10670608129535225,1.715
2026-10-08 15:31:44,4.873311923132656,4.831727057061422,5.575090283201222,8.59,2.3292943063935243,2.348112828274742,0.8226625532120319,4.095,0.9714365016589601,0.9361459026805156,0.10670608129535225,1.715
2026-10-08 15:46:44,4.886513354212755,4.844672576052384,5.590169774352995,8.61,2.3300452551294613,2.3524912936917013,0.8234767748003768,4.1,0.9714365016589601,0.9361459026805156,0.10670608129535225,1.715
2026-10-08 16:01:44,4.894505455940325,4.854430767202131,5.598827656442834,8.625,2.337415989153107,2.35776369946868,0.8247425929835027,4.11,0.9761291048086376,0.9389214443798329,0.10689933796920689,1.72
2026-10-08 16:16:44,4.894505455940325,4.854430767202131,5.598827656442834,8.625,2.337415989153107,2.35776369946868,0.8247425929835027,4.11,0.9761291048086376,0.9389214443798329,0.10689933796920689,1.72
2026-10-08 16:31:44,4.912198460072949,4.862108083470363,5.612680796502997,8.645,2.337415989153107,2.35776369946868,0.8247425929835027,4.11,0.9761291048086376,0.9389214443798329,0.10689933796920689,1.72
2026-10-08 16:46:44,4.923156976086518,4.877100676138524,5.628146033952559,8.675,2.3419295607533646,2.3611898993103924,0.8261577783240519,4.115,0.9761291048086376,0.9389214443798329,0.10689933796920689,1.72
2026-10-08 17:01:44,4.93813061236582,4.894687373088807,5.654918483601654,8.71,2.343783915908611,2.364230869221137,0.8271547860900433,4.12,0.9761291048086376,0.9389214443798329,0.10689933796920689,1.72
2026-10-08 17:16:44,4.955609470465161,4.91753578413434,5.671473261080444,8.74,2.3486047937728696,2.368742717945687,0.8285966936899709,4.125,0.9761291048086376,0.9389214443798329,0.10689933796920689,1.72
2026-10-08 17:31:44,4.961924340929303,4.925105629678755,5.678650544463777,8.75,2.3595004620962836,2.3754351869473838,0.8314929494150128,4.14,0.9811650835206351,0.9461290185536987,0.10740971962279351,1.73
2026-10-08 17:46:44,4.9648807122518654,4.927013515295255,5.682527285399052,8.755,2.361528732479424,2.378903887558682,0.832423452387549,4.145,0.9811650835206351,0.9461290185536987,0.10740971962279351,1.73
2026-10-08 18:01:44,4.974417203115007,4.934751227748541,5.694820369744148,8.77,2.361528732479424,2.378903887558682,0.832423452387549,4.145,0.9829167325339446,0.9510369948958313,0.10790420396483905,1.735
2026-10-08 18:16:44,4.980263150552212,4.9379708065387256,5.7010443230152665,8.78,2.3655361270315085,2.3873282296712395,0.8344327003191809,4.155,0.9835867634004306,0.9549517030615992,0.10804449944423787,1.74
2026-10-08 18:31:44,5.029179922145773,4.988992013385581,5.755086467119852,8.86,2.3740156479980623,2.3941288716573177,0.8373733501963304,4.17,0.989046790674128,0.9623585244203428,0.10861474315642895,1.75
2026-10-08 18:46:44,5.056365044644349,5.0233104022585175,5.789637781274025,8.915,2.3798536840684,2.4020114355923967,0.8400541669485436,4.18,1.0027550988929141,0.9763130326037974,0.11038041296376383,1.775
2026-10-08 19:01:44,5.1101202308001135,5.056585642894173,5.838737892693737,8.99,2.393314890610155,2.4157001408052436,0.8445928478748421,4.2,1.008720218489453,0.9815220960239496,0.11077753623438467,1.785
2026-10-08 19:16:44,5.120097411958866,5.0662010305234,5.852397887483219,9.015,2.4003604888159753,2.4203996433536603,0.8468472060244275,4.215,1.0115760299710066,0.9849029193919315,0.11108262959470752,1.79
2026-10-08 19:31:44,5.136612923902119,5.086086658889937,5.872707392300953,9.045,2.4003604888159753,2.4203996433536603,0.8468472060244275,4.215,1.0156015399186447,0.988738084741597,0.11151048679282514,1.795
2026-10-08 19:46:44,5.145952710887713,5.099537007344167,5.887441182143131,9.065,2.4046596091340877,2.4219336295447964,0.8481704421240244,4.22,1.019469637325843,0.9926724106763785,0.11173612687197768,1.8
2026-10-08 20:01:44,5.245820240308653,5.187150646488613,6.001521030625572,9.245,2.4535607589521318,2.4620673220616487,0.8633163067216888,4.295,1.0377301889384447,1.016402685324659,0.11412908525057971,1.835
2026-10-08 20:16:44,5.273229836014392,5.2141257422590055,6.0299773558685645,9.29,2.4606192116228964,2.471222349249911,0.8670553979984069,4.315,1.0451945138513463,1.0279922134099417,0.11549586075177265,1.855
2026-10-08 20:31:44,5.305528441569895,5.249118630389373,6.072641986664609,9.35,2.479897685232605,2.4910128396718276,0.8745950780789167,4.355,1.0485166804991208,1.0291990678057275,0.1156882544735016,1.86
2026-10-08 20:46:44,5.352887311644973,5.299829262671846,6.128876862246243,9.44,2.4893444884053055,2.5033788251487223,0.8785208631922108,4.375,1.0573083018553966,1.040470680196564,0.11678335099091341,1.88
2026-10-08 21:01:44,5.439739826500527,5.390218858665627,6.240030200685616,9.605,2.4985315861515405,2.512237062148304,0.8834973644872502,4.395,1.0597831135770466,1.041576857090091,0.11706499267381437,1.885
2026-10-08 21:16:44,5.439739826500527,5.390218858665627,6.240030200685616,9.605,2.4985315861515405,2.512237062148304,0.8834973644872502,4.395,1.0597831135770466,1.041576857090091,0.11706499267381437,1.885
2026-10-08 21:31:44,5.45054126246548,5.400624039712243,6.249990580898989,9.625,2.4985315861515405,2.512237062148304,0.8834973644872502,4.395,1.064112379688973,1.0450836718725913,0.11792400243510458,1.895
2026-10-08 21:46:44,5.458638571604517,5.410665516488308,6.2623018470209955,9.64,2.5023624119892816,2.519039108470909,0.8852839659687805,4.405,1.0683001718549268,1.046206095031401,0.11835753958856936,1.9
2026-10-08 22:01:44,5.520931786879297,5.477061853772695,6.327594610507089,9.74,2.540300996981319,2.5604047700533887,0.8978273324180638,4.47,1.0809253757327422,1.0606260240354852,0.11982605889035285,1.92
2026-10-08 22:16:44,5.576695258911721,5.532572401765486,6.384690133133454,9.835,2.5586278435832095,2.5834648813896335,0.9053688503560762,4.51,1.091164794596791,1.0668700288806283,0.12060546817071394,1.935
2026-10-08 22:31:44,5.602535308824827,5.552372418733427,6.412381890474197,9.88,2.566820803204739,2.586359622765981,0.9068834812791953,4.52,1.105500653930826,1.0822270349163943,0.121934471415172,1.955
2026-10-08 22:46:44,5.692016766137317,5.646518866879449,6.507936870425109,10.04,2.607512607873001,2.630553923898942,0.9241496510447365,4.6,1.1255527733577086,1.0973177862784294,0.12350019748334327,1.985
2026-10-08 23:01:44,5.720589854412515,5.6820023118110115,6.545744148569052,10.095,2.630868916673513,2.6566754636578875,0.9325700558021612,4.64,1.137606630742616,1.1078723635366579,0.12473709013166233,2.005
2026-10-08 23:16:44,5.794169666294014,5.7525932229231245,6.633512410493503,10.22,2.6563042534162298,2.6807118229521105,0.9423416484545574,4.69,1.1474817198661416,1.117978071015154,0.1261386850921163,2.025
2026-10-08 23:31:44,5.870176180144134,5.826237403737759,6.7202477325118215,10.36,2.6769357828235187,2.705993388283238,0.9529657213397946,4.735,1.171893007589073,1.1390894914039873,0.12899695253035778,2.065
2026-10-08 23:46:44,6.090294676399234,6.040520246180775,6.984055087101764,10.755,2.842673255393868,2.866761292231972,1.0120852599888877,5.025,1.2281832958356145,1.1989429944657255,0.1347180859516796,2.16
2026-10-09 00:01:44,6.159853977523152,6.10316952023833,7.054960515362339,10.87,2.888799272737055,2.9164287980113186,1.027729275032381,5.105,1.2521513543106733,1.2216699386591445,0.13728481311592539,2.2
2026-10-09 00:16:44,6.219843366645587,6.161297128245171,7.1237491390071055,10.97,2.91615789477651,2.94581564904833,1.038952150465851,5.16,1.2813748501822662,1.2418978440191273,0.13962223553631925,2.24
2026-10-09 00:31:44,6.241720669490393,6.187004614945763,7.146042280022497,11.005,2.9244979983120527,2.954161313413331,1.0413271495153038,5.175,1.2872794507222953,1.2477514271701262,0.1408676992268672,2.255
2026-10-09 00:46:44,6.256992462940384,6.200741749826875,7.167401095395743,11.04,2.934444572120215,2.9617380992812317,1.0438537836489528,5.19,1.2912144148712221,1.2567904326661172,0.14160315579169147,2.265
2026-10-09 01:01:44,6.27786232434979,6.217749329655233,7.182309767770679,11.07,2.946641781971146,2.9820199312192046,1.050840948226017,5.225,1.2949779093800453,1.2609077262316475,0.14181130628792263,2.27
2026-10-09 01:16:44,6.305113441692861,6.253377610448085,7.227659219244659,11.135,2.9758937703054693,3.0117724678519413,1.0611850480365492,5.28,1.3037139675224743,1.27031841943618,0.14305374629741202,2.29
2026-10-09 01:31:44,6.330604977943959,6.276324227937258,7.25484838668076,11.18,3.0070278627278104,3.0473119534304036,1.073062526630322,5.335,1.3285356490420985,1.2897037275203864,0.14503868706551373,2.325
2026-10-09 01:46:44,6.391298406018779,6.33852271364904,7.319858717407418,11.29,3.0540682912165877,3.1081021398651463,1.0895680388465638,5.43,1.3443655893318325,1.3036866541185017,0.1463341316846173,2.35
2026-10-09 02:01:44,6.469315726662299,6.423456606207424,7.424193125145039,11.435,3.0885307266830675,3.1360244653592746,1.100554044397089,5.485,1.3663020049818733,1.325685351888188,0.14837880979980284,2.385
2026-10-09 02:16:44,6.568907744851256,6.529495959351205,7.5510506838708125,11.625,3.1397697430671965,3.187400489151799,1.1191246445249925,5.58,1.405864324803104,1.3623058688024707,0.15234129623642642,2.45
2026-10-09 02:31:44,6.658223554688624,6.609163003549588,7.642944520421513,11.77,3.175212352436351,3.2295421791133747,1.1339200636276596,5.65,1.438331435430645,1.3901570646448826,0.15623934711526863,2.505
2026-10-09 02:46:44,6.750211032285824,6.707138945538643,7.749822931125749,11.94,3.213515760058018,3.26638022952743,1.150084155518939,5.725,1.4664075772317928,1.415416592842105,0.15983939595060867,2.555
2026-10-09 03:01:44,6.81404495794628,6.785422417659218,7.82137578595036,12.07,3.2455853410345425,3.290335883248817,1.1582639211927428,5.77,1.497175236953614,1.4483992192652497,0.16357041055408053,2.615
2026-10-09 03:16:44,6.870996571424311,6.845942513585489,7.8950067928279495,12.18,3.2709829191882935,3.3129647760775685,1.1681441033430546,5.82,1.5056654774304519,1.4562822066508572,0.1642645026498137,2.63
2026-10-09 03:31:44,6.911075684246284,6.893073529216494,7.95250046480148,12.26,3.2980357737068986,3.329716989124567,1.1747500354835498,5.855,1.5098168177847142,1.459155461970603,0.16455673585122998,2.635
2026-10-09 03:46:44,6.974361623182084,6.945588526968757,8.013741991147532,12.35,3.317249084455686,3.3462907955523242,1.18185682945472,5.885,1.5197707987977527,1.4712979038532163,0.16602504720676173,2.66
2026-10-09 04:01:44,6.979852583835106,6.950857333212764,8.018060325234417,12.36,3.3233987963657476,3.353652340287099,1.1840916812325175,5.895,1.529787795102634,1.479626038322128,0.16718678114341115,2.675
2026-10-09 04:16:44,6.989361795546533,6.96063024584641,8.029564304771592,12.38,3.324271017240291,3.3552291810033372,1.1849191760119955,5.9,1.529787795102634,1.479626038322128,0.16718678114341115,2.675
2026-10-09 04:31:44,7.031325245559604,7.007333590128845,8.080398984280485,12.46,3.3508176439137394,3.3788271737256106,1.1944436991065286,5.945,1.5314341371215419,1.4830465594631657,0.16742511049545583,2.68
2026-10-09 04:46:44,7.032031390003734,7.009920817641767,8.084403165064804,12.465,3.3557272344262845,3.3805224997365353,1.1954114420916961,5.95,1.53692759058088,1.4892136836325403,0.16803079214465363,2.69
2026-10-09 05:01:44,7.038755527879048,7.022067769754529,8.094146594412335,12.48,3.3557272344262845,3.3805224997365353,1.1954114420916961,5.95,1.542589091873788,1.4959431102835172,0.16889836556910728,2.7
2026-10-09 05:16:44,7.04528145150685,7.033185988561551,8.10477652244705,12.495,3.359498530949899,3.3819469776454736,1.1960820295302534,5.955,1.5448239266842176,1.5005500538122412,0.16936910322596294,2.705
2026-10-09 05:31:44,7.062145594515286,7.04214352101121,8.122701925204515,12.52,3.359498530949899,3.3819469776454736,1.1960820295302534,5.955,1.547123095406971,1.5027307368791656,0.17015267660444558,2.715
2026-10-09 05:46:44,7.072115190595825,7.050763439452542,8.131200643352008,12.535,3.359498530949899,3.3819469776454736,1.1960820295302534,5.955,1.5511296670201196,1.5067935033491964,0.17053883574380369,2.725
2026-10-09 06:01:44,7.090367393812982,7.070297340245025,8.153301474462001,12.57,3.3733341757790196,3.390694735860739,1.1995955813018926,5.97,1.552584134529039,1.5106307651911335,0.17066726641281021,2.73
2026-10-09 06:16:44,7.104301947312932,7.080495713286296,8.167112099430014,12.59,3.3764202583845964,3.391355604940349,1.2002034825665322,5.975,1.552584134529039,1.5106307651911335,0.17066726641281021,2.73
2026-10-09 06:31:44,7.118527316298225,7.098291095658999,8.179524402692733,12.61,3.380808904630963,3.3953352144492692,1.2011916368311117,5.98,1.5588729474449894,1.5160697690207232,0.17112842811940643,2.74
2026-10-09 06:46:44,7.131944429025537,7.111204858374036,8.203788761196018,12.64,3.3947714123452446,3.4115237863446777,1.2055398410484526,6.005,1.5611516725895074,1.5196627937707126,0.17158055262398553,2.75
2026-10-09 07:01:44,7.14161396423273,7.123308828022465,8.218709719109697,12.665,3.4057151551043057,3.4231798721977467,1.2103392268017017,6.03,1.5666634889665363,1.5262938502199839,0.17218875506722062,2.76
2026-10-09 07:16:44,7.204506921030359,7.208922561161095,8.296818423135312,12.785,3.4343550981369724,3.452553724147841,1.2208716040897378,6.08,1.5788716135507912,1.5371672545672508,0.1736157311087123,2.78
2026-10-09 07:31:44,7.266677070375464,7.270786356215238,8.372288223372747,12.905,3.4586714110059704,3.473576356623501,1.2301535563228183,6.125,1.5873555495344993,1.5420169703226883,0.1748195062874101,2.795
2026-10-09 07:46:44,7.3080089176203105,7.315774836692764,8.422984945527869,12.985,3.4717240187151104,3.4854593563001126,1.2346540457324113,6.15,1.6037215857015292,1.5589136509851789,0.17621101690111957,2.82
2026-10-09 08:01:44,7.372666478198815,7.3711534618563,8.478653769935486,13.08,3.507253701310314,3.533840129632161,1.2489691583222449,6.22,1.6108666637210922,1.5703798421264294,0.17750496212990047,2.84
2026-10-09 08:16:44,7.430393067546739,7.437963583923267,8.545767708723826,13.185,3.540716066677134,3.574469399938267,1.2609358976914307,6.285,1.6276360821182738,1.5836534748585531,0.1790557460641379,2.865
2026-10-09 08:31:44,7.496905000214118,7.513768819269133,8.619379344677228,13.3,3.5958627193249573,3.6299846308384134,1.2785276489610906,6.38,1.634851624769979,1.5916291521797434,0.18007689937112037,2.88
2026-10-09 08:46:44,7.52375168814402,7.53715533581618,8.6477544857071,13.345,3.604081195875923,3.639323655980948,1.2823926622106312,6.4,1.6424624355754187,1.5973841410878276,0.18069319588325575,2.89
2026-10-09 09:01:44,7.557194692867341,7.5721247446973,8.692474141774905,13.41,3.623654817038019,3.660041779109687,1.288820945016702,6.435,1.654067552222461,1.606371803824604,0.18180532572633976,2.91
2026-10-09 09:16:44,7.581867258608084,7.592474086058216,8.720979679655757,13.455,3.6365696477075655,3.6727878851238334,1.2928734941151103,6.46,1.6550063751848703,1.610249637025203,0.18194130029746008,2.915
2026-10-09 09:31:44,7.59602895909467,7.613292959846686,8.74316153040466,13.49,3.6365696477075655,3.6727878851238334,1.2928734941151103,6.46,1.6576743252837947,1.6112313818444164,0.18214569504395337,2.92
2026-10-09 09:46:44,7.609383224420238,7.62316132785632,8.753752977430056,13.505,3.6365696477075655,3.6727878851238334,1.2928734941151103,6.46,1.6633502336597668,1.6195259173664842,0.18285275804740286,2.93
2026-10-09 10:01:44,7.626360609742102,7.6404103729099075,8.764988028539742,13.525,3.6406636251594477,3.6786139157049704,1.294971524921894,6.47,1.6633502336597668,1.6195259173664842,0.18285275804740286,2.93
2026-10-09 10:16:44,7.643729790441787,7.6572329607843646,8.781694026122048,13.555,3.653267808947522,3.6885983344053686,1.2984070232657452,6.49,1.6633502336597668,1.6195259173664842,0.18285275804740286,2.93
2026-10-09 10:31:44,7.6497607034079085,7.662798279177612,8.788343630136781,13.565,3.653267808947522,3.6885983344053686,1.2984070232657452,6.49,1.6633502336597668,1.6195259173664842,0.18285275804740286,2.93
2026-10-09 10:46:44,7.654302422701768,7.667073424553116,8.790456328925453,13.57,3.657426149452389,3.689371521549295,1.2993866062426498,6.495,1.6633502336597668,1.6195259173664842,0.18285275804740286,2.93
2026-10-09 11:01:44,7.654302422701768,7.667073424553116,8.790456328925453,13.57,3.657426149452389,3.689371521549295,1.2993866062426498,6.495,1.6633502336597668,1.6195259173664842,0.18285275804740286,2.93
2026-10-09 11:16:44,7.660339699450409,7.676320687332046,8.797957894904032,13.58,3.6613659502337987,3.69212164902091,1.3005864292837919,6.5,1.6633502336597668,1.6195259173664842,0.18285275804740286,2.93
2026-10-09 11:31:44,7.6709531634529515,7.695974081374777,8.816801881618819,13.605,3.662270666236231,3.6969771313298363,1.3016431534552018,6.505,1.6633502336597668,1.6195259173664842,0.18285275804740286,2.93
2026-10-09 11:46:44,7.673941575551342,7.70136985222309,8.822877902928127,13.615,3.668763195180411,3.7022630196388073,1.3038425549282915,6.515,1.6633502336597668,1.6195259173664842,0.18285275804740286,2.93
2026-10-09 12:01:44,7.6845706869506945,7.71565289333277,8.841254308142135,13.645,3.674326722210511,3.709120292176542,1.306592384489109,6.525,1.6670381053805108,1.620779839839759,0.18323896580476454,2.935
2026-10-09 12:16:44,7.690160169046104,7.7232092466135756,8.846269681492462,13.655,3.674326722210511,3.709120292176542,1.306592384489109,6.525,1.6670381053805108,1.620779839839759,0.18323896580476454,2.935
2026-10-09 12:31:44,7.693810980510134,7.727879877616565,8.848237051670116,13.66,3.674326722210511,3.709120292176542,1.306592384489109,6.525,1.6670381053805108,1.620779839839759,0.18323896580476454,2.935
2026-10-09 12:46:44,7.699528354953981,7.734174339741454,8.855563389988669,13.67,3.676546759023079,3.710324508594006,1.3072839374623795,6.53,1.6670381053805108,1.620779839839759,0.18323896580476454,2.935
2026-10-09 13:01:44,7.711044529033309,7.743603512197266,8.86479064509367,13.685,3.6781233665636006,3.714145920367595,1.3087169283445999,6.535,1.670300313230515,1.6234613310655905,0.1837286872240513,2.94
2026-10-09 13:16:44,7.71325417024407,7.746689038374706,8.868210116010836,13.69,3.679956452696296,3.7151581918118977,1.3097650940326206,6.54,1.670300313230515,1.6234613310655905,0.1837286872240513,2.94
2026-10-09 13:31:44,7.716907095775354,7.74819088477495,8.871480555697094,13.695,3.682741303665929,3.718298000552139,1.310596750845004,6.545,1.6720133664454706,1.6241149483058508,0.18401186968518,2.945
2026-10-09 13:46:44,7.731121924229532,7.762048616474979,8.886424711118044,13.715,3.6855119577222504,3.7229891613648105,1.312444533693857,6.555,1.6720133664454706,1.6241149483058508,0.18401186968518,2.945
2026-10-09 14:01:44,7.733048626822939,7.764510880901015,8.888361649267017,13.72,3.689268896787473,3.725170733630283,1.3137204889849898,6.56,1.6720133664454706,1.6241149483058508,0.18401186968518,2.945
2026-10-09 14:16:44,7.737702684620522,7.769723135533263,8.8923381950387,13.73,3.6920710683819356,3.7301277811110993,1.314763327492142,6.565,1.6720133664454706,1.6241149483058508,0.18401186968518,2.945
2026-10-09 14:31:44,7.739537789880739,7.773326756440167,8.895732734941594,13.735,3.6920710683819356,3.7301277811110993,1.314763327492142,6.565,1.67658684520797,1.6255089959757925,0.1842129775808213,2.95
2026-10-09 14:46:44,7.74942260995222,7.790754065028386,8.910613961290162,13.76,3.6977787015322887,3.737430944462594,1.3168507257254565,6.575,1.6775879225578274,1.6297935225185662,0.18454410161025717,2.955
2026-10-09 15:01:44,7.757297139648675,7.796023376688472,8.920767553704806,13.775,3.6977787015322887,3.737430944462594,1.3168507257254565,6.575,1.6775879225578274,1.6297935225185662,0.18454410161025717,2.955
2026-10-09 15:16:44,7.761992954398009,7.799221463784285,8.923673644914546,13.78,3.7010413763457732,3.739502335104632,1.318208130215082,6.58,1.6775879225578274,1.6297935225185662,0.18454410161025717,2.955
2026-10-09 15:31:44,7.805023334178622,7.831655519498911,8.969144958236205,13.845,3.7010413763457732,3.739502335104632,1.318208130215082,6.58,1.6867228203625815,1.6400702465596466,0.18540736377582565,2.975
2026-10-09 15:46:44,7.81111531631446,7.836991261650278,8.973702657389662,13.855,3.7010413763457732,3.739502335104632,1.318208130215082,6.58,1.6867228203625815,1.6400702465596466,0.18540736377582565,2.975
2026-10-09 16:01:44,7.8248538790371835,7.842471632851841,8.989082927107496,13.875,3.7027170531576723,3.7452396710542897,1.3197352206433917,6.59,1.6891128368328299,1.6426859836691405,0.1856043061231364,2.98
2026-10-09 16:16:44,7.829677527234487,7.849612671601053,8.994474376469418,13.885,3.7027170531576723,3.7452396710542897,1.3197352206433917,6.59,1.6902719599126566,1.6466121359450967,0.185944243904086,2.985
2026-10-09 16:31:44,7.831797359637028,7.850615068340621,8.998670407259189,13.89,3.7027170531576723,3.7452396710542897,1.3197352206433917,6.59,1.6902719599126566,1.6466121359450967,0.185944243904086,2.985
2026-10-09 16:46:44,7.831797359637028,7.850615068340621,8.998670407259189,13.89,3.7027170531576723,3.7452396710542897,1.3197352206433917,6.59,1.6902719599126566,1.6466121359450967,0.185944243904086,2.985
2026-10-09 17:01:44,7.840352479033966,7.858764845175739,9.009432708145034,13.905,3.7027170531576723,3.7452396710542897,1.3197352206433917,6.59,1.6902719599126566,1.6466121359450967,0.185944243904086,2.985
2026-10-09 17:16:44,7.844792912229437,7.861758638818914,9.011986993391606,13.91,3.7091586095797413,3.7541175501447515,1.322138231952767,6.6,1.6902719599126566,1.6466121359450967,0.185944243904086,2.985
2026-10-09 17:31:44,7.850817245931024,7.869457035213076,9.020808756336457,13.92,3.712993668880303,3.757059475799215,1.3227850930989136,6.605,1.6902719599126566,1.6466121359450967,0.185944243904086,2.985
2026-10-09 17:46:44,7.850817245931024,7.869457035213076,9.020808756336457,13.92,3.712993668880303,3.757059475799215,1.3227850930989136,6.605,1.6902719599126566,1.6466121359450967,0.185944243904086,2.985
2026-10-09 18:01:44,7.857783261910932,7.872524237604563,9.024760211495392,13.93,3.714224881473711,3.758081884014207,1.3241760852552604,6.61,1.6902719599126566,1.6466121359450967,0.185944243904086,2.985
2026-10-09 18:16:44,7.857783261910932,7.872524237604563,9.024760211495392,13.93,3.718912238798626,3.7591256206932235,1.325553683702715,6.615,1.6902719599126566,1.6466121359450967,0.185944243904086,2.985
2026-10-09 18:31:44,7.938568462325826,7.961619212099767,9.119434378818234,14.08,3.7436400689273337,3.782279373088063,1.3335118298580741,6.66,1.7020128897600693,1.6598407868516298,0.18706685305394843,3.005
2026-10-09 18:46:44,7.994021120548077,8.013293035672435,9.176824882114495,14.175,3.7800128240750905,3.8077944995573882,1.3432359234094415,6.715,1.7064782324771757,1.6640972435893808,0.18789950768272404,3.015
2026-10-09 19:01:44,7.994021120548077,8.013293035672435,9.176824882114495,14.175,3.7800128240750905,3.8077944995573882,1.3432359234094415,6.715,1.7064782324771757,1.6640972435893808,0.18789950768272404,3.015
2026-10-09 19:16:44,7.994021120548077,8.013293035672435,9.176824882114495,14.175,3.7800128240750905,3.8077944995573882,1.3432359234094415,6.715,1.7064782324771757,1.6640972435893808,0.18789950768272404,3.015
2026-10-09 19:31:44,8.035822742860324,8.057261134471934,9.223701114351169,14.25,3.803250879973425,3.8235308820499125,1.3491476818770807,6.745,1.7064782324771757,1.6640972435893808,0.18789950768272404,3.015
2026-10-09 19:46:44,8.05689849107285,8.0702099107115,9.243223376410663,14.285,3.8152690540654493,3.8343456403912173,1.354872457736275,6.77,1.7064782324771757,1.6640972435893808,0.18789950768272404,3.015
2026-10-09 20:01:44,8.071365897787658,8.079738349857918,9.25885579274947,14.305,3.8152690540654493,3.8343456403912173,1.354872457736275,6.77,1.7064782324771757,1.6640972435893808,0.18789950768272404,3.015
2026-10-09 20:16:44,8.099882446608854,8.111414532785261,9.302379364505644,14.365,3.8343878297765435,3.8534338308165137,1.3617035779674291,6.805,1.7064782324771757,1.6640972435893808,0.18789950768272404,3.015
2026-10-09 20:31:44,8.128630687249132,8.134564853133856,9.326709651578046,14.405,3.852616244213342,3.8787605127523976,1.3694992801928723,6.845,1.71221228253206,1.669865505257917,0.18877588724565522,3.025
2026-10-09 20:46:44,8.187838659142614,8.18860027704569,9.396157673815908,14.515,3.8700742262966283,3.8904021310151435,1.375923263675943,6.875,1.7264165991980525,1.6801280905203213,0.19031545155270432,3.045
2026-10-09 21:01:44,8.208602339795402,8.208430080030997,9.421936649621784,14.555,3.870968802942676,3.89205997533406,1.3770935858626174,6.88,1.729383092955166,1.6844490054960524,0.1904862529270898,3.05
2026-10-09 21:16:44,8.220120618882339,8.224927147540537,9.436158065528451,14.58,3.879953843308053,3.9000659658177876,1.37946316973683,6.895,1.729383092955166,1.6844490054960524,0.1904862529270898,3.05
2026-10-09 21:31:44,8.239425766784404,8.246298010197386,9.454937159838193,14.615,3.881226140577984,3.901551082071276,1.3806919238317152,6.9,1.729383092955166,1.6844490054960524,0.1904862529270898,3.05
2026-10-09 21:46:44,8.264777121398412,8.261751342080213,9.480838594063783,14.655,3.887219524001664,3.9062607827279776,1.38429084481985,6.915,1.737637653329718,1.6925692707866486,0.19123304314412018,3.065
2026-10-09 22:01:44,8.286960591238024,8.287013305790907,9.498182040571885,14.695,3.8933539746271366,3.911272819616711,1.3863817555430713,6.925,1.7409372648182972,1.6939094324773971,0.19149401828331797,3.07
2026-10-09 22:16:44,8.339352344124219,8.352687275796933,9.560452579761062,14.795,3.9231442272156496,3.949073679361693,1.3981839868264594,6.985,1.755060882926251,1.7098755224486886,0.19277581261702054,3.095
2026-10-09 22:31:44,8.341189891930567,8.355034344538,9.563554238309035,14.8,3.926019854266808,3.9544933377860487,1.4006451130155215,6.995,1.7564378791356747,1.7111692703398724,0.19319586937618893,3.1
2026-10-09 22:46:44,8.375471284924574,8.383303434747596,9.6043151750984,14.855,3.931984472895687,3.9594124390702192,1.4029791918192815,7.005,1.7652496350832767,1.7191207023677684,0.1940415215959262,3.115
2026-10-09 23:01:44,8.481000189066087,8.49350066536668,9.723002450814244,15.045,3.992834451658632,4.017599549903503,1.4260148501573828,7.11,1.789320165979945,1.734999601112252,0.19641201589427792,3.155
2026-10-09 23:16:44,8.520307264069015,8.539723639216843,9.767603117660151,15.115,4.003300526632256,4.024214387743065,1.4292641492106903,7.125,1.8033250606173337,1.7550053431058192,0.1985994694819508,3.19
2026-10-09 23:31:44,8.536062605067476,8.555728804267247,9.786714343371717,15.14,4.037394322269413,4.0522284348715925,1.4391467555382664,7.175,1.8142735747866545,1.7657699054126759,0.199478898715384,3.21
2026-10-09 23:46:44,8.584840878670544,8.597903475442696,9.843593844501441,15.225,4.090646422628214,4.111159398275261,1.4607772705677586,7.28,1.8370642847261016,1.7932302617478928,0.20239714833380706,3.26
2026-10-10 00:01:44,8.62549017998926,8.631307755542885,9.892313080173786,15.3,4.095194698545988,4.116603873885158,1.4629995948746688,7.29,1.8531191699739507,1.8135084796140488,0.2047812048121853,3.295
2026-10-10 00:16:44,8.638469527746896,8.643294162048353,9.905607334204863,15.32,4.1005407686232145,4.121061615358919,1.4650650761230113,7.3,1.8584599046071806,1.8193115547210306,0.2051247678095138,3.305
2026-10-10 00:31:44,8.67198590009738,8.68317798452917,9.95141013662429,15.385,4.10249425375413,4.127392942379455,1.4670107435742563,7.31,1.8671380817884542,1.8280350410962232,0.20599834295079664,3.32
2026-10-10 00:46:44,8.718687580696479,8.723043420203037,9.995841262025014,15.465,4.126173939714721,4.14845685341077,1.4752357950294233,7.355,1.8788334011739138,1.8389337063341307,0.20701972042454667,3.34
2026-10-10 01:01:44,8.758399427290236,8.763780309401252,10.041000732387353,15.54,4.136961457854054,4.161682709232558,1.4797746617059748,7.375,1.8852516191233382,1.8491935275143538,0.2079914002753262,3.355
2026-10-10 01:16:44,8.76266972688655,8.768282308003608,10.046685551260436,15.55,4.148267106161327,4.177934062077964,1.4845557050339255,7.4,1.8908231931470145,1.8561675072004626,0.20868706678849538,3.365
2026-10-10 01:31:44,8.831911570145879,8.840450824380513,10.13269791285856,15.68,4.173523255711101,4.203244120333067,1.4941033500024885,7.44,1.899201157625424,1.867668557714851,0.20964331290202373,3.38
2026-10-10 01:46:44,8.83772783726534,8.847183212475237,10.136292837464376,15.69,4.177055937555214,4.207937689490076,1.4951206827562398,7.445,1.899201157625424,1.867668557714851,0.20964331290202373,3.38
2026-10-10 02:01:44,8.847099979844216,8.855746833612054,10.144179141627877,15.705,4.181329281911942,4.21221364471732,1.4965115051791709,7.45,1.9023329949777543,1.8696993283233292,0.20992412493610216,3.385
2026-10-10 02:16:44,8.87723184633668,8.89104215399071,10.174744778066003,15.755,4.196151965232522,4.22248256593181,1.5028425020725729,7.475,1.9060518270260365,1.8741201417512716,0.21086374371514563,3.395
2026-10-10 02:31:44,8.880751814598824,8.895563679214613,10.184052348452932,15.765,4.197569499853383,4.224516515038449,1.5034700113480677,7.48,1.9091020639756013,1.8767628939005616,0.21132126268597798,3.4
2026-10-10 02:46:44,8.884122491004948,8.896950203319184,10.187358998475453,15.77,4.200471943290664,4.225792832244164,1.5049607472445847,7.485,1.9118484667963078,1.8838853978464487,0.21215598965581905,3.41
2026-10-10 03:01:44,8.930390274665122,8.947021538013416,10.238411668710343,15.855,4.213463245921056,4.2454837096121665,1.51069255234292,7.515,1.915371376388159,1.8865274530984715,0.21261540565350465,3.415
2026-10-10 03:16:44,8.96965307347294,8.987351568433052,10.2798887925547,15.92,4.223489052777833,4.2591018006823145,1.5156718063281702,7.54,1.920305478051202,1.8943424002121787,0.21308789744576181,3.425
2026-10-10 03:31:44,8.989646754734503,9.008494664185402,10.304374958285333,15.96,4.22639467132955,4.261342110743046,1.5161794398255537,7.545,1.9211174804251478,1.8973813114555094,0.21346877823928354,3.43
2026-10-10 03:46:44,9.018333432810113,9.036594524406254,10.33511163744883,16.01,4.249555210201316,4.285233851876911,1.5231182756350192,7.585,1.9243070357056635,1.903140700420689,0.2140666957083243,3.44
2026-10-10 04:01:44,9.032351190576977,9.055159529239608,10.350782578100654,16.035,4.257259315795472,4.291508766601617,1.5257146993283826,7.595,1.9243070357056635,1.903140700420689,0.2140666957083243,3.44
2026-10-10 04:16:44,9.041527561323482,9.06235428022188,10.356313347300368,16.045,4.260283539280197,4.296003795294132,1.5265379716894338,7.6,1.9243070357056635,1.903140700420689,0.2140666957083243,3.44
2026-10-10 04:31:44,9.049453231467627,9.071694428320205,10.367733285153323,16.06,4.265249682293308,4.302614503513054,1.528439082637941,7.61,1.9243070357056635,1.903140700420689,0.2140666957083243,3.44
2026-10-10 04:46:44,9.059032250476992,9.079292687602402,10.376528429092346,16.075,4.270987297059036,4.313252849122923,1.5315377318715162,7.625,1.9271906883858356,1.9042853050366653,0.21440920582469722,3.445
2026-10-10 05:01:44,9.066088043686436,9.08220227284029,10.380571542617712,16.085,4.281885914866903,4.321867996070899,1.5361700033954673,7.645,1.9271906883858356,1.9042853050366653,0.21440920582469722,3.445
2026-10-10 05:16:44,9.066088043686436,9.08220227284029,10.380571542617712,16.085,4.286146414670241,4.3273090181166936,1.537351025318176,7.655,1.9271906883858356,1.9042853050366653,0.21440920582469722,3.445
2026-10-10 05:31:44,9.081201907117725,9.110913633797262,10.409971627533816,16.125,4.29368482192303,4.3379893232060995,1.5406840497400747,7.67,1.9271906883858356,1.9042853050366653,0.21440920582469722,3.445
2026-10-10 05:46:44,9.18502136959437,9.221425862647397,10.535567128251785,16.32,4.30583911927353,4.3517466428200455,1.5450880200697523,7.695,1.9418273667366721,1.9180430131347475,0.2160091114708347,3.475
2026-10-10 06:01:44,9.199383084425252,9.235246921535923,10.551527870167243,16.345,4.3150069194482,4.364344127791173,1.5486639399493054,7.715,1.9433363378719444,1.919506486232895,0.21648539088965726,3.48
2026-10-10 06:16:44,9.220607041185588,9.258166492560807,10.576733152223808,16.38,4.32711468955095,4.376176252216648,1.5530869753988565,7.74,1.9480588082110766,1.9213234902865355,0.216979889436183,3.485
2026-10-10 06:31:44,9.243994216828186,9.276139077017307,10.603050753594923,16.415,4.334577761186099,4.37981848586541,1.5557066621323814,7.75,1.9480588082110766,1.9213234902865355,0.216979889436183,3.485
2026-10-10 06:46:44,9.259663491077154,9.287783477605613,10.623842232404924,16.445,4.337684176634057,4.384296063242124,1.5565879137500016,7.755,1.9480588082110766,1.9213234902865355,0.216979889436183,3.485
2026-10-10 07:01:44,9.272638881031599,9.30210995296961,10.63569649718854,16.465,4.337684176634057,4.384296063242124,1.5565879137500016,7.755,1.9540903078574632,1.925516650305869,0.21791069975126862,3.495
2026-10-10 07:16:44,9.30453181782373,9.332141273237623,10.673948257254311,16.515,4.342402674963453,4.387079110951852,1.5577476765550153,7.76,1.9577673220779233,1.9328777709965428,0.21874055386275054,3.505
2026-10-10 07:31:44,9.406906442159375,9.426905241263732,10.786106825008877,16.695,4.3753456178522185,4.4204206475770915,1.5689501405477513,7.815,1.9664861220169765,1.938064763657342,0.21943454058879858,3.52
2026-10-10 07:46:44,9.429455557515304,9.448895540790874,10.811678958728484,16.73,4.388133850415144,4.432424011916067,1.5726368040078067,7.835,1.9677563478499382,1.9401162214615775,0.2197543855496829,3.525
2026-10-10 08:01:44,9.495123792623206,9.51777589578465,10.877572625325895,16.845,4.408806583790701,4.458489433844299,1.5817564893159812,7.88,1.9776097653917324,1.9534319530227395,0.2213643123653721,3.55
2026-10-10 08:16:44,9.513237293798419,9.532794453375482,10.892400246067904,16.87,4.408806583790701,4.458489433844299,1.5817564893159812,7.88,1.9776097653917324,1.9534319530227395,0.2213643123653721,3.55
2026-10-10 08:31:44,9.529153706895476,9.542534419637361,10.908343412327632,16.89,4.420026947442075,4.4663644958798105,1.5841558028356562,7.895,1.9865965043476974,1.966864139969205,0.2222021747231776,3.565
2026-10-10 08:46:44,9.54078908037259,9.558852196737371,10.933860612647473,16.925,4.424876485855689,4.473384197025122,1.5862004405384942,7.905,1.9897812632394771,1.9706628139890763,0.2223312098088163,3.57
2026-10-10 09:01:44,9.54078908037259,9.558852196737371,10.933860612647473,16.925,4.424876485855689,4.473384197025122,1.5862004405384942,7.905,1.9897812632394771,1.9706628139890763,0.2223312098088163,3.57
2026-10-10 09:16:44,9.559361268010752,9.575949804111982,10.950255317860432,16.955,4.43631379973427,4.487461791701595,1.593167854592413,7.935,1.9897812632394771,1.9706628139890763,0.2223312098088163,3.57
2026-10-10 09:31:44,9.575086260077443,9.595014885677076,10.98180195957451,16.995,4.454735214920051,4.498201240690879,1.5981719135705308,7.96,1.9897812632394771,1.9706628139890763,0.2223312098088163,3.57
2026-10-10 09:46:44,9.591336638101774,9.61278390499911,11.001709725141584,17.03,4.456677939383954,4.503051159394604,1.599120592682447,7.965,1.9897812632394771,1.9706628139890763,0.2223312098088163,3.57
2026-10-10 10:01:44,9.603436678864622,9.630513262607247,11.014445835170054,17.055,4.459742698184933,4.504220420939428,1.600228658856688,7.97,1.9897812632394771,1.9706628139890763,0.2223312098088163,3.57
2026-10-10 10:16:44,9.613744727004043,9.642826150298848,11.033338523443502,17.08,4.461659374862631,4.505216469295973,1.6013960012891957,7.975,1.9897812632394771,1.9706628139890763,0.2223312098088163,3.57
2026-10-10 10:31:44,9.625950179773827,9.654461158597467,11.04728581216122,17.1,4.461659374862631,4.505216469295973,1.6013960012891957,7.975,1.9897812632394771,1.9706628139890763,0.2223312098088163,3.57
2026-10-10 10:46:44,9.63025414489492,9.66032267517839,11.052707134848701,17.11,4.461659374862631,4.505216469295973,1.6013960012891957,7.975,1.9919790629555687,1.9721088118272412,0.22267620378874153,3.575
2026-10-10 11:01:44,9.63686735772442,9.668183559010686,11.060686242501324,17.12,4.468891560986615,4.509757802073685,1.6039747500182808,7.985,1.992693609752759,1.9753672146903367,0.222987391186113,3.58
2026-10-10 11:16:44,9.648718428037698,9.680973954775945,11.075349734131848,17.145,4.470426000078101,4.510485008889509,1.6054390530703855,7.99,1.992693609752759,1.9753672146903367,0.222987391186113,3.58
2026-10-10 11:31:44,9.663890107971799,9.689639268948214,11.088357149431943,17.165,4.470426000078101,4.510485008889509,1.6054390530703855,7.99,1.992693609752759,1.9753672146903367,0.222987391186113,3.58
2026-10-10 11:46:44,9.674822731611915,9.700096573697055,11.102713316278392,17.185,4.473921269498224,4.511610993198286,1.6060997680232099,7.995,1.992693609752759,1.9753672146903367,0.222987391186113,3.58
2026-10-10 12:01:44,9.68819667182284,9.712271329474678,11.117649040778176,17.21,4.4857493251201666,4.52126351715793,1.6107765987972427,8.015,1.992693609752759,1.9753672146903367,0.222987391186113,3.58
2026-10-10 12:16:44,9.69844468368532,9.72028584361013,11.128358363945853,17.225,4.497940695307975,4.530066329915224,1.6146754726838373,8.035,1.9972314065806018,1.9778476928564834,0.22318717477141453,3.585
2026-10-10 12:31:44,9.704505625984112,9.729748108037533,11.133677532654835,17.235,4.497940695307975,4.530066329915224,1.6146754726838373,8.035,2.000172571005792,1.9792918617543163,0.2234878385328848,3.59
2026-10-10 12:46:44,9.722677520612775,9.746555249456842,11.153151304067316,17.265,4.508080564100306,4.540587627915813,1.6190383648511308,8.055,2.000172571005792,1.9792918617543163,0.2234878385328848,3.59
2026-10-10 13:01:44,9.730936267822177,9.752974380480657,11.158632889078062,17.275,4.508080564100306,4.540587627915813,1.6190383648511308,8.055,2.000172571005792,1.9792918617543163,0.2234878385328848,3.59
2026-10-10 13:16:44,9.735618480030753,9.759322792217525,11.163237819965914,17.285,4.510464324236886,4.54312478075137,1.6199685626327507,8.06,2.000172571005792,1.9792918617543163,0.2234878385328848,3.59
2026-10-10 13:31:44,9.735618480030753,9.759322792217525,11.163237819965914,17.285,4.510464324236886,4.54312478075137,1.6199685626327507,8.06,2.000172571005792,1.9792918617543163,0.2234878385328848,3.59
2026-10-10 13:46:44,9.741635547059802,9.766358561745841,11.16841185770887,17.295,4.521214984128409,4.5516585261696045,1.6227250818923975,8.075,2.000172571005792,1.9792918617543163,0.2234878385328848,3.59
2026-10-10 14:01:44,9.774665678053017,9.799282212468025,11.205943715717066,17.35,4.525873962762915,4.554110808037462,1.6234530438460486,8.08,2.000172571005792,1.9792918617543163,0.2234878385328848,3.59
2026-10-10 14:16:44,9.788709038069197,9.813177534993002,11.22394036786932,17.375,4.530656469749616,4.558972487421338,1.6244877855324111,8.085,2.000172571005792,1.9792918617543163,0.2234878385328848,3.59
2026-10-10 14:31:44,9.802974678197382,9.828992830146385,11.247513968847507,17.405,4.539537539490302,4.564714101842425,1.6264043837616124,8.095,2.0046414045035044,1.9809854532824238,0.22372482217622036,3.595
2026-10-10 14:46:44,9.806386392565134,9.830452304351947,11.25219532138358,17.41,4.544000805262736,4.566054426045987,1.6275245961588976,8.1,2.0046414045035044,1.9809854532824238,0.22372482217622036,3.595
2026-10-10 15:01:44,9.806386392565134,9.830452304351947,11.25219532138358,17.41,4.545080817565868,4.57083414317983,1.6286619155410405,8.105,2.0046414045035044,1.9809854532824238,0.22372482217622036,3.595
2026-10-10 15:16:44,9.811924561167542,9.832868980130083,11.261609854328611,17.42,4.545080817565868,4.57083414317983,1.6286619155410405,8.105,2.0046414045035044,1.9809854532824238,0.22372482217622036,3.595
2026-10-10 15:31:44,9.816432903926378,9.835020827909181,11.26401753957641,17.425,4.546837057291038,4.57432086791353,1.6293234919341153,8.11,2.0046414045035044,1.9809854532824238,0.22372482217622036,3.595
2026-10-10 15:46:44,9.818669633067968,9.836395133205242,11.26785370076678,17.43,4.546837057291038,4.57432086791353,1.6293234919341153,8.11,2.0046414045035044,1.9809854532824238,0.22372482217622036,3.595
2026-10-10 16:01:44,9.823457657491334,9.840292460867916,11.274871938195382,17.44,4.546837057291038,4.57432086791353,1.6293234919341153,8.11,2.0046414045035044,1.9809854532824238,0.22372482217622036,3.595
2026-10-10 16:16:44,9.8400468230715,9.862150730754085,11.29524575233546,17.47,4.550579116835524,4.576626784350477,1.6306206032100845,8.115,2.0046414045035044,1.9809854532824238,0.22372482217622036,3.595
2026-10-10 16:31:44,9.851612084584794,9.876659889034336,11.314291021778843,17.495,4.558394144158904,4.583755635027628,1.6326097682448104,8.125,2.0046414045035044,1.9809854532824238,0.22372482217622036,3.595
2026-10-10 16:46:44,9.854759342465517,9.880129722572386,11.317152842528037,17.5,4.562071734392116,4.590721237753397,1.634324949439796,8.135,2.005823152982911,1.983584652378341,0.22407954776723008,3.6
2026-10-10 17:01:44,9.857019098095849,9.88403306836774,11.319127295097834,17.505,4.571175506601294,4.598257566137017,1.6376231690314174,8.15,2.005823152982911,1.983584652378341,0.22407954776723008,3.6
2026-10-10 17:16:44,9.88063136347266,9.897281718848372,11.337337838476953,17.535,4.578907749851872,4.603193984980029,1.6396526872041641,8.16,2.0095080756275987,1.9903515395490532,0.22456716359849724,3.61
2026-10-10 17:31:44,9.890563911073489,9.905688657558716,11.348003304797869,17.55,4.5814680343330325,4.60551982610424,1.6405413771683786,8.165,2.0095080756275987,1.9903515395490532,0.22456716359849724,3.61
2026-10-10 17:46:44,9.912332750179623,9.926765039130856,11.368710200269216,17.585,4.5814680343330325,4.60551982610424,1.6405413771683786,8.165,2.0095080756275987,1.9903515395490532,0.22456716359849724,3.61
2026-10-10 18:01:44,9.930889946881274,9.944140438833141,11.386104669601258,17.615,4.583626397097663,4.610044010902762,1.6419322743837368,8.17,2.01048751617873,1.993846324593496,0.22477942686451607,3.615
2026-10-10 18:16:44,9.947869612562497,9.964989097359256,11.409069507650123,17.65,4.583626397097663,4.610044010902762,1.6419322743837368,8.17,2.01048751617873,1.993846324593496,0.22477942686451607,3.615
2026-10-10 18:31:44,9.972992309484654,9.99540515599028,11.437259573172625,17.7,4.583626397097663,4.610044010902762,1.6419322743837368,8.17,2.0161959700799517,2.0022906112241348,0.2256434716559439,3.625
2026-10-10 18:46:44,9.988749176445484,10.013833043176959,11.457667807450823,17.735,4.599625950155585,4.6275064239506145,1.64942243296974,8.205,2.020193728529638,2.0069575530371564,0.2263445212627139,3.635
2026-10-10 19:01:44,10.01391364054035,10.047549374868321,11.49418773434588,17.79,4.618501759848235,4.654811575505485,1.6580063766288802,8.25,2.0267609313794837,2.0119187972355723,0.22741276754524029,3.65
2026-10-10 19:16:44,10.061280890408634,10.103316564218499,11.559441962131963,17.88,4.637330769056295,4.669764107035702,1.6637969349670116,8.275,2.034271056847316,2.0178117945258016,0.22806948234916202,3.665
2026-10-10 19:31:44,10.085669064687728,10.11527334868492,11.574522840212506,17.91,4.638575852350722,4.674747045746875,1.6646130890273192,8.28,2.0360574624138943,2.0206765697746647,0.2283089652850756,3.67
2026-10-10 19:46:44,10.102619464533804,10.130694373648273,11.591332240136097,17.935,4.646110874916707,4.6803932568904685,1.6666617918496947,8.29,2.038389634181967,2.029809792863143,0.22909897603443033,3.68
2026-10-10 20:01:44,10.126800221689273,10.159104398247452,11.615924643702362,17.975,4.661848721351327,4.692835409671678,1.6718664103655927,8.315,2.038389634181967,2.029809792863143,0.22909897603443033,3.68
2026-10-10 20:16:44,10.179650298458672,10.197514502231813,11.669495752383183,18.05,4.664372926933395,4.693664910897644,1.6725846032777854,8.32,2.0440594726498715,2.0353905602931337,0.2295608083497866,3.69
2026-10-10 20:31:44,10.20731132225881,10.226236007000372,11.698457940087655,18.1,4.677518382165067,4.70319593062011,1.6769228442705604,8.34,2.0487940401819493,2.0426137706317524,0.2301615029310725,3.7
2026-10-10 20:46:44,10.242264094035807,10.268836926428449,11.738390845991583,18.16,4.707583483269364,4.726461124764039,1.6838643403177893,8.38,2.057179724935375,2.051312878421549,0.23126984050063015,3.715
2026-10-10 21:01:44,10.24888094097638,10.27838044075408,11.753459141394284,18.18,4.707583483269364,4.726461124764039,1.6838643403177893,8.38,2.0605105079605477,2.053185999742516,0.23145953990413953,3.72
2026-10-10 21:16:44,10.334010628864846,10.36196629327542,11.844515484698599,18.32,4.736038839243897,4.748060898638655,1.696259725036599,8.435,2.0715687039667117,2.0701189841660668,0.23279128465202995,3.745
2026-10-10 21:31:44,10.442593913641044,10.46769241621802,11.971838438040482,18.53,4.78230195092448,4.810798122829831,1.7160595776625336,8.525,2.1009683386084674,2.106663008063287,0.23645577009499183,3.805
2026-10-10 21:46:44,10.445921414373851,10.475580571926868,11.981589538043814,18.54,4.784041670534003,4.814228160786345,1.7170216805156298,8.53,2.104088854940346,2.1084970494941695,0.23669420807178979,3.81
2026-10-10 22:01:44,10.51995480836599,10.541832450472803,12.064250073248045,18.66,4.816009691317312,4.849314076757193,1.7295447490474778,8.595,2.1241553824631807,2.135001429781198,0.2394810228540147,3.85
2026-10-10 22:16:44,10.549352873858474,10.567519111240376,12.093810802304239,18.705,4.829807001055133,4.863697448491926,1.7341780146629266,8.62,2.1318553327128047,2.1404104487489475,0.24021109216762648,3.865
2026-10-10 22:31:44,10.5892829408367,10.609910285737698,12.138834079990259,18.77,4.841319661260948,4.882980421897333,1.7401639937217528,8.645,2.1450924092272317,2.1500247966812633,0.24151945633618913,3.885
2026-10-10 22:46:44,10.66735751290558,10.701617315263272,12.254734791711051,18.93,4.908565818897465,4.9501778196547415,1.7623554556461984,8.76,2.170210619757553,2.1778526133574103,0.24526544755100413,3.94
2026-10-10 23:01:44,10.694836512734296,10.743244462397945,12.297336716668095,18.99,4.92774626310368,4.972147437174387,1.7694858516428564,8.795,2.180985519758335,2.1900442368178337,0.24635581241115648,3.96
2026-10-10 23:16:44,10.747641659948806,10.798475892833732,12.354460073179961,19.09,4.969259932040792,5.008253306218631,1.7809119616303504,8.86,2.1881283087682544,2.1946177142812777,0.24727052767753357,3.975
2026-10-10 23:31:44,10.789214632545969,10.840922370756543,12.407298848381187,19.165,5.010045353487502,5.038013146634365,1.793574301808401,8.93,2.1899264942567007,2.1970664014775236,0.24769232898716326,3.98
2026-10-10 23:46:44,10.89945940223551,10.954212923297167,12.556620583924465,19.37,5.0640701721402515,5.083727510634871,1.8131324819761068,9.02,2.2154237366344534,2.23146833804746,0.25027393446538865,4.03
2026-10-11 00:01:44,10.996727857449269,11.04817240944374,12.669692315610927,19.545,5.139093050258607,5.150189429338698,1.8370495889432086,9.14,2.2443220895002707,2.271099681720446,0.2539045783678855,4.09
2026-10-11 00:16:44,11.057157124490113,11.113128419149195,12.736452301703316,19.655,5.193395318642967,5.205785189333184,1.855216578899701,9.23,2.2581397162775567,2.28275059683582,0.25509787440721304,4.115
2026-10-11 00:31:44,11.115872519148924,11.158642394309908,12.792627888684345,19.735,5.231073963904662,5.245655618109818,1.8703125249340349,9.305,2.285535867634767,2.3097955490236988,0.25756492007412585,4.165
2026-10-11 00:46:44,11.153247723300305,11.208339836680492,12.840166646365105,19.81,5.233797528803738,5.250821483022442,1.8714899645641023,9.315,2.301814705227141,2.3299816608842296,0.25937432152086937,4.195
2026-10-11 01:01:44,11.163325111392872,11.21817790571219,12.851634332129006,19.825,5.244523335878271,5.2585098639519146,1.873792085476528,9.33,2.301814705227141,2.3299816608842296,0.25937432152086937,4.195
2026-10-11 01:16:44,11.223154318714412,11.268616347124372,12.912061769872814,19.92,5.276360510563417,5.283861090603338,1.8825004290584912,9.38,2.312851554900207,2.338948640674844,0.26049729016807505,4.215
2026-10-11 01:31:44,11.288826599283812,11.33133840986368,12.982270794705734,20.03,5.3013682953386825,5.30815696930292,1.8906636226424984,9.42,2.3437657784804045,2.3718042587250654,0.26440257201702944,4.275
2026-10-11 01:46:44,11.328495395920239,11.375722295954013,13.029551588549706,20.1,5.318143553244167,5.319378757028926,1.8950357402260347,9.445,2.348717606186364,2.379395226816367,0.26539385744418326,4.29
2026-10-11 02:01:44,11.348652040359331,11.402722865339209,13.058381645065124,20.14,5.330840754631023,5.3379540815672675,1.9004787585078937,9.475,2.3520816626299945,2.3825271206254874,0.26561855368348297,4.295
2026-10-11 02:16:44,11.41034622091229,11.472470111796742,13.133820473833193,20.255,5.355840529230724,5.361355857000738,1.908298685447207,9.515,2.370918188618198,2.4003237838778197,0.26810105310951093,4.335
2026-10-11 02:31:44,11.488617222155774,11.545108703285976,13.2365297464782,20.395,5.4030999989755495,5.4034145705796846,1.9257678328489418,9.595,2.3762445843499154,2.405389886071262,0.2686263960600139,4.345
2026-10-11 02:46:44,11.523029649754534,11.58338927939685,13.2754935944043,20.455,5.42681705829549,5.425459815297115,1.9311910399636205,9.63,2.384147651044737,2.414408701050857,0.2692476015447637,4.36
2026-10-11 03:01:44,11.581258563410008,11.63326243788993,13.348339816012508,20.56,5.446955591316723,5.454880243547784,1.9399859960025976,9.68,2.3952876783061394,2.43164722161045,0.2713166531749472,4.39
2026-10-11 03:16:44,11.602926764825305,11.648249251601463,13.368823739021519,20.595,5.468857818365702,5.472835479408904,1.9459476244296932,9.715,2.4068085613586923,2.444267370552184,0.27230283978882197,4.405
2026-10-11 03:31:44,11.628537987546355,11.669751638450817,13.398064294632094,20.64,5.5066716929261,5.505360498850025,1.958158963781484,9.775,2.419452477970072,2.457189517622758,0.27356829892521367,4.425
2026-10-11 03:46:44,11.64123616629669,11.68511480940874,13.413902065704441,20.665,5.5087739342083974,5.508955756439583,1.9593081037323254,9.78,2.425852437561254,2.463105875353664,0.27420190185832966,4.435
2026-10-11 04:01:44,11.653846436321999,11.70045407811614,13.424805473491809,20.69,5.515048262852782,5.515999813995958,1.9624548038075877,9.795,2.428159991223541,2.4676270100870403,0.2748874347247587,4.445
2026-10-11 04:16:44,11.701235574522949,11.746117427106235,13.472317603640874,20.775,5.541388011911681,5.54762486661275,1.9725940170596599,9.845,2.446021526960333,2.481315574695515,0.2762419401857714,4.47
2026-10-11 04:31:44,11.719894061390645,11.764975489244566,13.49309301619524,20.81,5.543446153619384,5.551285685994208,1.9733901132345737,9.85,2.455210281796278,2.4910017976775096,0.27740309512222994,4.485
2026-10-11 04:46:44,11.759872550097025,11.808290754630324,13.536453546621477,20.885,5.554199046587082,5.558834561868058,1.9771897163883907,9.875,2.4565429707934636,2.492481628894506,0.2777260326703243,4.49
2026-10-11 05:01:44,11.763932523520829,11.8105555368171,13.539525834746302,20.89,5.558647572782506,5.560274509799789,1.978445144202922,9.88,2.4614589277081835,2.495473932565154,0.27796383925544266,4.495
2026-10-11 05:16:44,11.777491294344811,11.82056306967689,13.553482612709916,20.91,5.5653688544862945,5.565587503973414,1.9826217677221918,9.895,2.4628920711966793,2.498824106363633,0.27826295459116035,4.5
2026-10-11 05:31:44,11.78928836086269,11.829165236726288,13.567292508861158,20.93,5.577423395820027,5.570830162957572,1.9854715636421074,9.91,2.4645882010547884,2.5008993418948595,0.2785971751148125,4.505
2026-10-11 05:46:44,11.79436025337499,11.836586311030606,13.577583036340863,20.945,5.586184481292116,5.578525254519899,1.9875717987489114,9.925,2.4709215223775542,2.504693608569535,0.27898023524261223,4.515
2026-10-11 06:01:44,11.809127970779224,11.856293883975523,13.595108360184687,20.975,5.587823992307728,5.583018118212157,1.9895452496583081,9.935,2.4719777813797084,2.506051802300256,0.2791799373085959,4.52
2026-10-11 06:16:44,11.82284144616385,11.87197672109158,13.60941378503737,21.0,5.59973507648439,5.592443163239855,1.9927327244947046,9.955,2.4719777813797084,2.506051802300256,0.2791799373085959,4.52
2026-10-11 06:31:44,11.873164600389357,11.922267131584048,13.671612873813622,21.09,5.6181038890314845,5.61178909001071,1.9994476146771993,9.99,2.48154725639816,2.513654596786698,0.2800943245221101,4.535
2026-10-11 06:46:44,11.890248120690053,11.934235504394975,13.69085065566448,21.115,5.629187394843985,5.618032325131838,2.002503680252608,10.005,2.48154725639816,2.513654596786698,0.2800943245221101,4.535
2026-10-11 07:01:44,11.902298807634743,11.944755493482186,13.704913184572643,21.135,5.643707878175114,5.629731662922804,2.006349747863717,10.025,2.484398270175087,2.51513873246425,0.28051470465531925,4.54
2026-10-11 07:16:44,11.91129242479149,11.957703402079204,13.717997802043314,21.16,5.647778066634902,5.634432487795334,2.0081222823373786,10.035,2.4883170532559387,2.5193849578596677,0.28076845833389363,4.545
2026-10-11 07:31:44,11.925312505221445,11.975838824929339,13.738463832475867,21.19,5.6524833261898495,5.638590476712136,2.0093511222010907,10.04,2.4883170532559387,2.5193849578596677,0.28076845833389363,4.545
2026-10-11 07:46:44,11.935393013235565,11.993500529114474,13.758308489018964,21.22,5.658090178385868,5.641514075040433,2.0120514914349026,10.05,2.491199788980301,2.521850317747646,0.2809112819791868,4.55
2026-10-11 08:01:44,11.948449527560594,12.00400942751314,13.77080726362307,21.24,5.66273881132586,5.646880836561068,2.013745281053919,10.06,2.491199788980301,2.521850317747646,0.2809112819791868,4.55
2026-10-11 08:16:44,11.958040546563188,12.016221993782485,13.784316616214882,21.26,5.6664238777307565,5.648349251468015,2.0147794738105347,10.065,2.4932557674184594,2.526380213253518,0.2813700433972205,4.555
2026-10-11 08:31:44,11.975085885999588,12.028160635581935,13.80419630776497,21.29,5.67342557759714,5.650590443259947,2.0170203712574986,10.075,2.4932557674184594,2.526380213253518,0.2813700433972205,4.555
2026-10-11 08:46:44,11.996552313433865,12.065819731641971,13.838868221711234,21.345,5.687772520942409,5.667430510821872,2.0221369544097176,10.1,2.495758060243095,2.528424184697835,0.28176700476077127,4.56
2026-10-11 09:01:44,12.010050894959823,12.073527456015626,13.853088912907316,21.365,5.687772520942409,5.667430510821872,2.0221369544097176,10.1,2.495758060243095,2.528424184697835,0.28176700476077127,4.56
2026-10-11 09:16:44,12.014162637552175,12.076931414790415,13.857822824257113,21.37,5.687772520942409,5.667430510821872,2.0221369544097176,10.1,2.495758060243095,2.528424184697835,0.28176700476077127,4.56
2026-10-11 09:31:44,12.038815592774037,12.100359729648456,13.880650135593847,21.41,5.700027150466586,5.676416976690303,2.0255807995399944,10.115,2.5014182331202797,2.534136665360016,0.2825496976440068,4.57
2026-10-11 09:46:44,12.043661931225062,12.11163621838075,13.893134159597444,21.425,5.703792863256985,5.678342935263442,2.026215351436146,10.12,2.5032889940600542,2.5360210799087195,0.28271971648593536,4.575
2026-10-11 10:01:44,12.058131327203126,12.123960193153074,13.902117182846116,21.445,5.706257401634505,5.682471240404188,2.027515057074551,10.125,2.5063285193547697,2.538584766513294,0.28301178219300926,4.58
2026-10-11 10:16:44,12.067406484904327,12.131676150227278,13.911496634706648,21.46,5.706257401634505,5.682471240404188,2.027515057074551,10.125,2.5063285193547697,2.538584766513294,0.28301178219300926,4.58
2026-10-11 10:31:44,12.068756341487171,12.134071782695468,13.91471435628028,21.465,5.706257401634505,5.682471240404188,2.027515057074551,10.125,2.5063285193547697,2.538584766513294,0.28301178219300926,4.58
2026-10-11 10:46:44,12.069729970123587,12.135962641433455,13.916702474396555,21.47,5.708633471472155,5.685102276208418,2.0283298777214367,10.13,2.5063285193547697,2.538584766513294,0.28301178219300926,4.58
2026-10-11 11:01:44,12.078022842302987,12.142926795220411,13.922157545283275,21.48,5.708633471472155,5.685102276208418,2.0283298777214367,10.13,2.5063285193547697,2.538584766513294,0.28301178219300926,4.58
2026-10-11 11:16:44,12.092588003401993,12.16439698437886,13.941399526534138,21.51,5.716013253050405,5.689188897812054,2.0305068126835977,10.14,2.5063285193547697,2.538584766513294,0.28301178219300926,4.58
2026-10-11 11:31:44,12.107354611560025,12.18456295289244,13.964908208508911,21.545,5.721427258917306,5.697205182267164,2.0318832201249806,10.15,2.5063285193547697,2.538584766513294,0.28301178219300926,4.58
2026-10-11 11:46:44,12.126285151497223,12.205672966270201,13.986818460128314,21.58,5.726821440102386,5.700541288734364,2.03436374957213,10.165,2.5063285193547697,2.538584766513294,0.28301178219300926,4.58
2026-10-11 12:01:44,12.14509684428636,12.225574099188453,14.01124369767887,21.62,5.734922794578226,5.70929707363664,2.0378488832035244,10.18,2.509346294087368,2.5428228174047725,0.28327214124065014,4.585
2026-10-11 12:16:44,12.173886333251389,12.252846620462973,14.044745317805688,21.67,5.761695731811112,5.7297462930891205,2.044669192167558,10.215,2.5136099640199783,2.549698925645686,0.2839092765012404,4.595
2026-10-11 12:31:44,12.17566899756694,12.254279245399527,14.049112232144608,21.675,5.761695731811112,5.7297462930891205,2.044669192167558,10.215,2.5136099640199783,2.549698925645686,0.2839092765012404,4.595
2026-10-11 12:46:44,12.17566899756694,12.254279245399527,14.049112232144608,21.675,5.761695731811112,5.7297462930891205,2.044669192167558,10.215,2.5136099640199783,2.549698925645686,0.2839092765012404,4.595
2026-10-11 13:01:44,12.189531449743951,12.271645615258716,14.067805770822956,21.705,5.768584636943214,5.738181873656294,2.047246385430623,10.23,2.5273670822785785,2.56370605741856,0.28512734655329364,4.615
2026-10-11 13:16:44,12.19382164761426,12.27661479319292,14.071778738676924,21.71,5.77332414460618,5.741674876359177,2.0497914139053663,10.24,2.530314268009008,2.566460161981151,0.2854044459365927,4.62
2026-10-11 13:31:44,12.217989630652472,12.295446440493699,14.100196317789713,21.75,5.7817718673187795,5.749209431308959,2.054572701247034,10.26,2.539806110632529,2.5749281386994127,0.2861229146171833,4.635
2026-10-11 13:46:44,12.241476418703787,12.310653446608654,14.125017419708188,21.785,5.786349574514684,5.757467130193281,2.057242770288454,10.275,2.543498329313324,2.5784661281357106,0.2862583666873649,4.64
2026-10-11 14:01:44,12.28671049087502,12.343804619410587,14.172836120886238,21.86,5.794176128531616,5.763287215780308,2.0603334414343015,10.29,2.544713534519151,2.580570095973746,0.28654324946729737,4.645
2026-10-11 14:16:44,12.3018990232401,12.358090029033008,14.19141150980929,21.885,5.794176128531616,5.763287215780308,2.0603334414343015,10.29,2.549430043618696,2.582785896312199,0.28675655672868156,4.65
2026-10-11 14:31:44,12.316736551575083,12.36245758628148,14.202082932940094,21.905,5.796267599858538,5.7656756287850035,2.0615257877665254,10.295,2.549430043618696,2.582785896312199,0.28675655672868156,4.65
2026-10-11 14:46:44,12.321040151820043,12.366421048336175,14.209806220599658,21.915,5.798218799602389,5.766729055542615,2.062749105735744,10.3,2.549430043618696,2.582785896312199,0.28675655672868156,4.65
2026-10-11 15:01:44,12.333722677331403,12.384071436410077,14.224700971340392,21.94,5.806486965809131,5.772809681433165,2.064090289564121,10.31,2.5508803154717947,2.586612419918786,0.28719971242787934,4.655
2026-10-11 15:16:44,12.351474748899994,12.403960348970376,14.249084584600372,21.97,5.8100754853219705,5.777646518228725,2.065282311937147,10.315,2.5532442870089485,2.5923818535716876,0.2876645539889426,4.665
2026-10-11 15:31:44,12.351474748899994,12.403960348970376,14.249084584600372,21.97,5.813734727074649,5.780520949080465,2.066414282100878,10.32,2.5532442870089485,2.5923818535716876,0.2876645539889426,4.665
2026-10-11 15:46:44,12.353911326170458,12.408069856538694,14.253175953659566,21.975,5.813734727074649,5.780520949080465,2.066414282100878,10.32,2.5532442870089485,2.5923818535716876,0.2876645539889426,4.665
2026-10-11 16:01:44,12.361575830012772,12.412668028024587,14.257837904955291,21.985,5.820335615592128,5.78764976217029,2.068651272726042,10.335,2.5532442870089485,2.5923818535716876,0.2876645539889426,4.665
2026-10-11 16:16:44,12.367663603575574,12.418284893209933,14.264948460338445,21.995,5.820335615592128,5.78764976217029,2.068651272726042,10.335,2.557449479254595,2.5970424914364236,0.28794842212905236,4.67
2026-10-11 16:31:44,12.372484484068202,12.426056271105924,14.273228617987582,22.005,5.820335615592128,5.78764976217029,2.068651272726042,10.335,2.5591786410136845,2.600669082896444,0.288266450587625,4.675
2026-10-11 16:46:44,12.377078999225136,12.431672021945172,14.277627575424024,22.015,5.820335615592128,5.78764976217029,2.068651272726042,10.335,2.5591786410136845,2.600669082896444,0.288266450587625,4.675
2026-10-11 17:01:44,12.379866006541585,12.433761268058365,14.279601427084547,22.02,5.820335615592128,5.78764976217029,2.068651272726042,10.335,2.5591786410136845,2.600669082896444,0.288266450587625,4.675
2026-10-11 17:16:44,12.385520189386865,12.437834713548655,14.285817114630806,22.03,5.820335615592128,5.78764976217029,2.068651272726042,10.335,2.5591786410136845,2.600669082896444,0.288266450587625,4.675
2026-10-11 17:31:44,12.414173077540577,12.466026268872248,14.320712418158795,22.08,5.824659434223744,5.788305491815945,2.0697991973706364,10.34,2.5621771130121154,2.6046889329564133,0.28851343977215427,4.68
2026-10-11 17:46:44,12.414173077540577,12.466026268872248,14.320712418158795,22.08,5.824659434223744,5.788305491815945,2.0697991973706364,10.34,2.5621771130121154,2.6046889329564133,0.28851343977215427,4.68
2026-10-11 18:01:44,12.416947045956453,12.47036783446715,14.323118541876147,22.085,5.824659434223744,5.788305491815945,2.0697991973706364,10.34,2.5621771130121154,2.6046889329564133,0.28851343977215427,4.68
2026-10-11 18:16:44,12.434845212282001,12.483977078082052,14.343874864818742,22.12,5.8307981274894045,5.795336146366385,2.0722687956071946,10.35,2.5621771130121154,2.6046889329564133,0.28851343977215427,4.68
2026-10-11 18:31:44,12.46875997905017,12.5183982716845,14.387492728254593,22.185,5.8384229868373305,5.8039378444972165,2.0756120896913504,10.365,2.5694769230198444,2.611597008759093,0.28914318102275655,4.69
2026-10-11 18:46:44,12.486921097274575,12.541616507422727,14.411475552507106,22.22,5.845064250645679,5.814801253126372,2.0785684848460426,10.38,2.5736166084387206,2.614601924847605,0.28940927059688687,4.695
2026-10-11 19:01:44,12.518811375068829,12.568588805397935,14.442698868882324,22.27,5.854455559655076,5.827438841546444,2.082915999937784,10.4,2.5880710928629482,2.6317828569843322,0.2911060227103237,4.72
2026-10-11 19:16:44,12.552669221206974,12.604577600084944,14.481474623094817,22.33,5.8699683158539475,5.842848052847512,2.087818586403893,10.43,2.5972263331311494,2.6368584145766856,0.29167472799362226,4.73
2026-10-11 19:31:44,12.563711794372303,12.62335947795183,14.503906174507996,22.36,5.880803273150966,5.858953352049059,2.093409739572426,10.455,2.599487664621583,2.6421316938661277,0.29227002333102675,4.74
2026-10-11 19:46:44,12.586096965122954,12.653003306446774,14.536934436160443,22.41,5.905802772128088,5.885746203771068,2.1023576103469424,10.5,2.613117057238984,2.6540077256347523,0.2936035315205398,4.765
2026-10-11 20:01:44,12.595742865622977,12.658244463252414,14.544255589018887,22.42,5.906550448044644,5.888874096590642,2.103602378387172,10.505,2.618029838873044,2.6601117432256305,0.2942279233263115,4.775
2026-10-11 20:16:44,12.641973107291971,12.708362130029856,14.586147811495218,22.5,5.9288074442179415,5.907850462361256,2.111444342305724,10.54,2.6346748126918818,2.6784644542670657,0.295731725454848,4.805
2026-10-11 20:31:44,12.648393365491147,12.720331747957568,14.595266444562748,22.515,5.9369852548851005,5.918005113389204,2.1136911980833397,10.555,2.6346748126918818,2.6784644542670657,0.295731725454848,4.805
2026-10-11 20:46:44,12.746903749837344,12.827983099217429,14.715469812397691,22.7,5.995579476202092,5.960128253883,2.1291190483710816,10.63,2.642918351825161,2.684614431449642,0.29643522780549925,4.82
2026-10-11 21:01:44,12.810679240630684,12.89258650275304,14.786358627207507,22.81,6.010163929226491,5.979396703591479,2.137759490342237,10.67,2.6598724278693604,2.713109594390889,0.29858261048126716,4.855
2026-10-11 21:16:44,12.892756822604145,12.95935416896972,14.864392827979167,22.935,6.022402124225239,5.9930612035905035,2.1432269739556555,10.695,2.664049440597118,2.718738770043518,0.29931955429659385,4.865
2026-10-11 21:31:44,12.940096289824004,13.012322607506691,14.931968595255741,23.025,6.052933386530042,6.018366101836042,2.1545109053380473,10.745,2.685624687865151,2.742293359013729,0.30161438731918533,4.905
2026-10-11 21:46:44,12.995255351127073,13.085494855826289,15.025863073291502,23.165,6.1054476581414345,6.088265091596968,2.1775798091625687,10.86,2.7108829131477075,2.761240471432905,0.30400094040757436,4.945
2026-10-11 22:01:44,13.092618481639219,13.160869245954062,15.124098890612316,23.32,6.153664135285077,6.130558259738994,2.1941610954746484,10.945,2.7198391115527327,2.768204904481556,0.3051184963872671,4.96
2026-10-11 22:16:44,13.165997668366352,13.250356466760246,15.213348032739287,23.465,6.2010636608770815,6.175152059101022,2.2084383394910843,11.025,2.740388798127642,2.78027092974025,0.3071286786810516,4.99
2026-10-11 22:31:44,13.280213536537634,13.369343709896873,15.35344736537482,23.67,6.261739498908483,6.236057212196194,2.2297039778630747,11.13,2.7551183685170937,2.798968607835531,0.30883382501480294,5.015
2026-10-11 22:46:44,13.347981889537675,13.43220853552918,15.421482762684748,23.785,6.2921990317584635,6.2577622299285744,2.242224713340684,11.185,2.7688364752198824,2.8138175769440736,0.31063126247233636,5.04
2026-10-11 23:01:44,13.421147313212172,13.502049473248071,15.496835179533077,23.91,6.306851280723268,6.274385007914855,2.247954284246831,11.215,2.7977426511938424,2.835735974202337,0.3128626491818858,5.075
2026-10-11 23:16:44,13.548886938946593,13.62607457196026,15.655477402447016,24.135,6.395706602986048,6.361221627595826,2.278858078261651,11.365,2.8222614658113847,2.852127752269328,0.3157765928890468,5.115
2026-10-11 23:31:44,13.730370586042126,13.778943240385594,15.849588933650217,24.445,6.469244523073837,6.442850940931573,2.3083337660677494,11.515,2.8564096744246483,2.8793335725419347,0.318879234006974,5.165
2026-10-11 23:46:44,13.786727872644665,13.83909116594414,15.92206926071574,24.545,6.49723071139317,6.470924746981407,2.321182259866965,11.585,2.874240065797519,2.8939979528774997,0.3210247857151486,5.2
2026-10-12 00:01:44,13.808113552698337,13.85411164978807,15.93872822351035,24.575,6.500702837582678,6.4742892613004495,2.322094835662649,11.59,2.8799584280106636,2.899564313841806,0.32180452179835534,5.21
2026-10-12 00:16:44,13.840793696269639,13.881049516308103,15.97344340186185,24.63,6.5115875713363,6.483614855016592,2.325089610057043,11.605,2.886230489382665,2.90507300282891,0.32222552320815195,5.22
2026-10-12 00:31:44,13.88384953281209,13.914443661242297,16.012231841369996,24.695,6.5400381619729275,6.511714868022894,2.3349704678182257,11.655,2.898534630344101,2.9209022911811453,0.32382500841897727,5.245
2026-10-12 00:46:44,13.945851324266577,13.970834501724806,16.085088826824375,24.8,6.584973000189481,6.557780529277978,2.349788601061656,11.74,2.9330906516375674,2.9517093905078537,0.3266684529437875,5.295
2026-10-12 01:01:44,13.993618618748574,14.008943066812273,16.128661392206446,24.87,6.599206506511582,6.577963980933637,2.3577744518765034,11.78,2.9405492269964273,2.9549991141388086,0.3275521244721229,5.305
2026-10-12 01:16:44,14.072818646345041,14.080905182794282,16.209900243530484,24.995,6.617563411005683,6.6004479157863285,2.3642863545190504,11.81,2.964318635256127,2.979759472766435,0.33054977136977426,5.355
2026-10-12 01:31:44,14.139411593831014,14.145903309490654,16.2941077852651,25.12,6.6494625203275675,6.629186844898231,2.3752685209965336,11.865,2.989995703688617,3.006865422225997,0.33339354116805603,5.4
2026-10-12 01:46:44,14.22301168650887,14.225352964876825,16.391556445558557,25.27,6.673886266584013,6.663828342880194,2.3887707845774755,11.93,3.008884469057123,3.026792633622215,0.33539942395242245,5.43
2026-10-12 02:01:44,14.230484095283133,14.228082003021665,16.39994260912767,25.28,6.673886266584013,6.663828342880194,2.3887707845774755,11.93,3.0190621096068715,3.0350655160886046,0.33612769173981044,5.445
2026-10-12 02:16:44,14.241250459945094,14.237508570642389,16.409989564717026,25.295,6.673886266584013,6.663828342880194,2.3887707845774755,11.93,3.020417731715299,3.0400645489178717,0.33659868908008744,5.45
2026-10-12 02:31:44,14.300788531010724,14.303315421048948,16.478729172321575,25.4,6.711007116252262,6.697174875409156,2.4014350336060937,11.99,3.0316143085615184,3.059614423004919,0.3384624543854444,5.48
2026-10-12 02:46:44,14.333845573893791,14.34059941952101,16.527656857992827,25.475,6.747823957107419,6.7206439922107855,2.410413918627837,12.04,3.0482603209892467,3.0736642543357764,0.34025361635081314,5.505
2026-10-12 03:01:44,14.346196087219134,14.359495355324274,16.54390330495853,25.5,6.750464454922592,6.721756481753649,2.4112520097665806,12.045,3.0482603209892467,3.0736642543357764,0.34025361635081314,5.505
2026-10-12 03:16:44,14.423870755919356,14.42974481536079,16.6223401441503,25.63,6.782411027314541,6.747675993678624,2.4248981929989277,12.105,3.067501195331042,3.096458276133584,0.34276124839486444,5.54
2026-10-12 03:31:44,14.42799554112598,14.437316303598124,16.629600672845644,25.64,6.7841857413669455,6.748667166264748,2.4261895915005773,12.11,3.076053948575068,3.102168658868487,0.3434567928757233,5.55
2026-10-12 03:46:44,14.443567508112233,14.450765519957063,16.650911456509103,25.67,6.791004820673594,6.754721754229632,2.4293311609704102,12.125,3.0807845653645116,3.110366961250743,0.34427618994426895,5.56
2026-10-12 04:01:44,14.448216952781802,14.455463999860422,16.657981624367228,25.68,6.795902912658037,6.758211164619345,2.43079479834763,12.13,3.0861399511919756,3.116550194875788,0.3447496040399301,5.57
2026-10-12 04:16:44,14.457997894709594,14.463275892671831,16.667350218337173,25.695,6.800584011248577,6.761329911861944,2.4315790562580952,12.135,3.0861399511919756,3.116550194875788,0.3447496040399301,5.57
2026-10-12 04:31:44,14.457997894709594,14.463275892671831,16.667350218337173,25.695,6.800584011248577,6.761329911861944,2.4315790562580952,12.135,3.0861399511919756,3.116550194875788,0.3447496040399301,5.57
2026-10-12 04:46:44,14.466097028345962,14.469618003817047,16.67296346446211,25.705,6.817624415173291,6.779785404545512,2.437371914271905,12.165,3.0879686288287127,3.1197649043447635,0.345024026060101,5.575
2026-10-12 05:01:44,14.47716532314391,14.479253722799367,16.688978349570974,25.73,6.819216707744179,6.784228006148601,2.4379665764346115,12.17,3.089850464927318,3.1241708186498753,0.3453322012967888,5.58
2026-10-12 05:16:44,14.47716532314391,14.479253722799367,16.688978349570974,25.73,6.819216707744179,6.784228006148601,2.4379665764346115,12.17,3.089850464927318,3.1241708186498753,0.3453322012967888,5.58
2026-10-12 05:31:44,14.47716532314391,14.479253722799367,16.688978349570974,25.73,6.819216707744179,6.784228006148601,2.4379665764346115,12.17,3.089850464927318,3.1241708186498753,0.3453322012967888,5.58
2026-10-12 05:46:44,14.47716532314391,14.479253722799367,16.688978349570974,25.73,6.819216707744179,6.784228006148601,2.4379665764346115,12.17,3.089850464927318,3.1241708186498753,0.3453322012967888,5.58
2026-10-12 06:01:44,14.47716532314391,14.479253722799367,16.688978349570974,25.73,6.819216707744179,6.784228006148601,2.4379665764346115,12.17,3.089850464927318,3.1241708186498753,0.3453322012967888,5.58
2026-10-12 06:16:44,14.47716532314391,14.479253722799367,16.688978349570974,25.73,6.819216707744179,6.784228006148601,2.4379665764346115,12.17,3.089850464927318,3.1241708186498753,0.3453322012967888,5.58
2026-10-12 06:31:44,14.47716532314391,14.479253722799367,16.688978349570974,25.73,6.819216707744179,6.784228006148601,2.4379665764346115,12.17,3.089850464927318,3.1241708186498753,0.3453322012967888,5.58
2026-10-12 06:46:44,14.47716532314391,14.479253722799367,16.688978349570974,25.73,6.821920802471716,6.787663674588156,2.438831187647344,12.175,3.089850464927318,3.1241708186498753,0.3453322012967888,5.58
2026-10-12 07:01:44,14.511908011688472,14.514427398436682,16.725888704559956,25.795,6.8279009632489585,6.796122183208972,2.4405102786785453,12.185,3.0939211460028404,3.1261468666742163,0.34576637398673926,5.585
2026-10-12 07:16:44,14.550982927023053,14.559557702398847,16.783008269182268,25.875,6.850344657986912,6.817005423611217,2.447086615200214,12.225,3.108206958373313,3.138768886785605,0.34674775747020875,5.605
2026-10-12 07:31:44,14.550982927023053,14.559557702398847,16.783008269182268,25.875,6.850344657986912,6.817005423611217,2.447086615200214,12.225,3.108206958373313,3.138768886785605,0.34674775747020875,5.605
2026-10-12 07:46:44,14.550982927023053,14.559557702398847,16.783008269182268,25.875,6.850344657986912,6.817005423611217,2.447086615200214,12.225,3.108206958373313,3.138768886785605,0.34674775747020875,5.605
2026-10-12 08:01:44,14.550982927023053,14.559557702398847,16.783008269182268,25.875,6.850344657986912,6.817005423611217,2.447086615200214,12.225,3.108206958373313,3.138768886785605,0.34674775747020875,5.605
2026-10-12 08:16:44,14.550982927023053,14.559557702398847,16.783008269182268,25.875,6.850344657986912,6.817005423611217,2.447086615200214,12.225,3.108206958373313,3.138768886785605,0.34674775747020875,5.605
2026-10-12 08:31:44,14.550982927023053,14.559557702398847,16.783008269182268,25.875,6.850344657986912,6.817005423611217,2.447086615200214,12.225,3.108206958373313,3.138768886785605,0.34674775747020875,5.605
2026-10-12 08:46:44,14.550982927023053,14.559557702398847,16.783008269182268,25.875,6.850344657986912,6.817005423611217,2.447086615200214,12.225,3.108206958373313,3.138768886785605,0.34674775747020875,5.605
2026-10-12 09:01:44,14.550982927023053,14.559557702398847,16.783008269182268,25.875,6.850344657986912,6.817005423611217,2.447086615200214,12.225,3.108206958373313,3.138768886785605,0.34674775747020875,5.605
2026-10-12 09:16:44,14.550982927023053,14.559557702398847,16.783008269182268,25.875,6.850344657986912,6.817005423611217,2.447086615200214,12.225,3.108206958373313,3.138768886785605,0.34674775747020875,5.605
2026-10-12 09:31:44,14.552884717472237,14.56065266975338,16.785382496762605,25.88,6.850344657986912,6.817005423611217,2.447086615200214,12.225,3.108206958373313,3.138768886785605,0.34674775747020875,5.605
2026-10-12 09:46:44,14.552884717472237,14.56065266975338,16.785382496762605,25.88,6.850344657986912,6.817005423611217,2.447086615200214,12.225,3.108206958373313,3.138768886785605,0.34674775747020875,5.605
2026-10-12 10:01:44,14.552884717472237,14.56065266975338,16.785382496762605,25.88,6.850344657986912,6.817005423611217,2.447086615200214,12.225,3.108206958373313,3.138768886785605,0.34674775747020875,5.605
2026-10-12 10:16:44,14.552884717472237,14.56065266975338,16.785382496762605,25.88,6.850344657986912,6.817005423611217,2.447086615200214,12.225,3.108206958373313,3.138768886785605,0.34674775747020875,5.605
2026-10-12 10:31:44,14.565310803280907,14.57224304325296,16.797483866022183,25.9,6.8582901863484445,6.8265523178910925,2.4496649765972114,12.24,3.111576445057519,3.1407561788922367,0.34708920717519715,5.61
2026-10-12 10:46:44,14.565310803280907,14.57224304325296,16.797483866022183,25.9,6.860668499056208,6.830622963697928,2.4504400621191786,12.245,3.111576445057519,3.1407561788922367,0.34708920717519715,5.61
2026-10-12 11:01:44,14.565310803280907,14.57224304325296,16.797483866022183,25.9,6.860668499056208,6.830622963697928,2.4504400621191786,12.245,3.111576445057519,3.1407561788922367,0.34708920717519715,5.61
2026-10-12 11:16:44,14.565310803280907,14.57224304325296,16.797483866022183,25.9,6.860668499056208,6.830622963697928,2.4504400621191786,12.245,3.111576445057519,3.1407561788922367,0.34708920717519715,5.61
2026-10-12 11:31:44,14.565310803280907,14.57224304325296,16.797483866022183,25.9,6.860668499056208,6.830622963697928,2.4504400621191786,12.245,3.1142219558045756,3.1418343905933934,0.34731176702161365,5.615
2026-10-12 11:46:44,14.573870743048253,14.579167583226253,16.803626752797385,25.91,6.860668499056208,6.830622963697928,2.4504400621191786,12.245,3.1142219558045756,3.1418343905933934,0.34731176702161365,5.615
2026-10-12 12:01:44,14.594627279261193,14.599183844963834,16.82938598956664,25.945,6.860668499056208,6.830622963697928,2.4504400621191786,12.245,3.1183755156104858,3.142634111333881,0.34762380968464507,5.62
2026-10-12 12:16:44,14.594627279261193,14.599183844963834,16.82938598956664,25.945,6.860668499056208,6.830622963697928,2.4504400621191786,12.245,3.1183755156104858,3.142634111333881,0.34762380968464507,5.62
2026-10-12 12:31:44,14.605905740764745,14.61344416969695,16.848316930059617,25.97,6.863394079718378,6.833003084094624,2.451647995948117,12.25,3.1183755156104858,3.142634111333881,0.34762380968464507,5.62
2026-10-12 12:46:44,14.624846300639636,14.628668038993112,16.86648548723215,26.0,6.863394079718378,6.833003084094624,2.451647995948117,12.25,3.1183755156104858,3.142634111333881,0.34762380968464507,5.62
2026-10-12 13:01:44,14.624846300639636,14.628668038993112,16.86648548723215,26.0,6.863394079718378,6.833003084094624,2.451647995948117,12.25,3.1183755156104858,3.142634111333881,0.34762380968464507,5.62
2026-10-12 13:16:44,14.629020637793678,14.633410307344018,16.868389836832744,26.005,6.863394079718378,6.833003084094624,2.451647995948117,12.25,3.1183755156104858,3.142634111333881,0.34762380968464507,5.62
2026-10-12 13:31:44,14.648216743248337,14.653357396042033,16.89437276806937,26.04,6.863394079718378,6.833003084094624,2.451647995948117,12.25,3.1183755156104858,3.142634111333881,0.34762380968464507,5.62
2026-10-12 13:46:44,14.65101703377191,14.659499892606718,16.9010452037264,26.05,6.872100935417721,6.841081772059907,2.453629318892816,12.26,3.1230108190606343,3.1462849159965063,0.34795155166895536,5.625
2026-10-12 14:01:44,14.661831846713758,14.673019469168194,16.920869924410287,26.08,6.882867107796265,6.851703951201847,2.457279766336478,12.275,3.1230108190606343,3.1462849159965063,0.34795155166895536,5.625
2026-10-12 14:16:44,14.690201764447286,14.709986980753703,16.952547878974798,26.13,6.88487355169707,6.856613515613664,2.4586072584395144,12.28,3.1230108190606343,3.1462849159965063,0.34795155166895536,5.625
2026-10-12 14:31:44,14.690201764447286,14.709986980753703,16.952547878974798,26.13,6.88487355169707,6.856613515613664,2.4586072584395144,12.28,3.1230108190606343,3.1462849159965063,0.34795155166895536,5.625
2026-10-12 14:46:44,14.690201764447286,14.709986980753703,16.952547878974798,26.13,6.88487355169707,6.856613515613664,2.4586072584395144,12.28,3.1230108190606343,3.1462849159965063,0.34795155166895536,5.625
2026-10-12 15:01:44,14.699947731688386,14.715586497774108,16.967081725755982,26.15,6.88670861750434,6.860818775614641,2.4601018028449375,12.285,3.129819982153784,3.1496188494425845,0.34857397320681655,5.635
2026-10-12 15:16:44,14.699947731688386,14.715586497774108,16.967081725755982,26.15,6.890123748464708,6.863374201571081,2.4612552717304816,12.29,3.129819982153784,3.1496188494425845,0.34857397320681655,5.635
2026-10-12 15:31:44,14.715120183541215,14.728845284779567,16.98084444521413,26.175,6.891306696676682,6.865687614397796,2.4619655844208697,12.295,3.129819982153784,3.1496188494425845,0.34857397320681655,5.635
2026-10-12 15:46:44,14.734410954028164,14.747953280351542,17.00004673445357,26.205,6.892602377705758,6.869829675616626,2.462912394204426,12.3,3.135921998465866,3.153020155983346,0.3491521193149922,5.645
2026-10-12 16:01:44,14.746670290204897,14.762683920210716,17.01341717180362,26.23,6.898348791779951,6.8774367338743,2.464398224242666,12.31,3.1375094064546483,3.1547894671488064,0.34930422639670755,5.65
2026-10-12 16:16:44,14.749876675543964,14.765575247758294,17.015624461090436,26.235,6.898348791779951,6.8774367338743,2.464398224242666,12.31,3.1375094064546483,3.1547894671488064,0.34930422639670755,5.65
2026-10-12 16:31:44,14.755109369119488,14.771423695981484,17.02913792507824,26.25,6.901968269149273,6.8801774130853754,2.4657776281090213,12.315,3.144174799154205,3.160017986993264,0.3498858279753873,5.66
2026-10-12 16:46:44,14.762147592540598,14.78015600902598,17.041480633318546,26.265,6.901968269149273,6.8801774130853754,2.4657776281090213,12.315,3.144174799154205,3.160017986993264,0.3498858279753873,5.66
2026-10-12 17:01:44,14.762147592540598,14.78015600902598,17.041480633318546,26.265,6.905695680977646,6.8828188231457315,2.466562864088214,12.32,3.144174799154205,3.160017986993264,0.3498858279753873,5.66
2026-10-12 17:16:44,14.779049348298543,14.796531691657238,17.06058588580884,26.29,6.914276418678206,6.888476746441406,2.4699104408195365,12.335,3.1488832663516004,3.164247704038991,0.35050050783984077,5.67
2026-10-12 17:31:44,14.790356865634022,14.80271591630725,17.069481568672497,26.305,6.914276418678206,6.888476746441406,2.4699104408195365,12.335,3.1488832663516004,3.164247704038991,0.35050050783984077,5.67
2026-10-12 17:46:44,14.802933492386215,14.816231850948615,17.080742771532908,26.325,6.914276418678206,6.888476746441406,2.4699104408195365,12.335,3.1530068573611705,3.166511452451257,0.35075060511915834,5.675
2026-10-12 18:01:44,14.817612034789965,14.830065028611319,17.09484830825688,26.345,6.920886106307729,6.898751460549265,2.473562312135784,12.35,3.1604201283643074,3.171997056088123,0.35130501950559,5.69
2026-10-12 18:16:44,14.817612034789965,14.830065028611319,17.09484830825688,26.345,6.9236667120246835,6.899449351055138,2.4747512009397186,12.355,3.1604201283643074,3.171997056088123,0.35130501950559,5.69
2026-10-12 18:31:44,14.855456138564465,14.859757138201978,17.12932522654045,26.4,6.931358810972924,6.9108024339350544,2.480146035070329,12.375,3.1642732911556406,3.175297446828203,0.3514815210910275,5.695
2026-10-12 18:46:44,14.903374779090528,14.904917416612912,17.18088791423325,26.48,6.942355093124042,6.931911082171887,2.4869173484899125,12.405,3.1697410143675713,3.181031617527592,0.3523029561044258,5.705
2026-10-12 19:01:44,14.904327372014071,14.909399451827323,17.183311519323276,26.485,6.950543105167217,6.9377255458303235,2.4901206162108647,12.42,3.1710415200599105,3.182360878379372,0.3524550815952633,5.71
2026-10-12 19:16:44,14.942788430931179,14.939770027589987,17.21636888220968,26.545,6.9621119924493104,6.9485514234108745,2.4940777848873688,12.44,3.1829094562925087,3.19490128312314,0.35398979392044294,5.73
2026-10-12 19:31:44,14.996737491353226,14.985699739198756,17.268841835756394,26.625,6.973425259990242,6.960585851631463,2.4978642181460966,12.46,3.190882527131479,3.205637362117066,0.3550200384844378,5.745
2026-10-12 19:46:44,15.0675596111854,15.056782177983179,17.34654210587517,26.75,6.994456947222381,6.989297742332506,2.5067120221378656,12.505,3.2142656399009177,3.2264166037292448,0.3572630410607117,5.78
2026-10-12 20:01:44,15.122449663591583,15.116284104707715,17.407308050657253,26.845,7.019400743361442,7.013867191408872,2.5168045552164804,12.555,3.219668218410623,3.2327235662974267,0.35784351191334635,5.79
2026-10-12 20:16:44,15.170116978962682,15.150242949151407,17.449373311008003,26.91,7.038357023480618,7.021773225458114,2.5225043739292343,12.58,3.224974442034355,3.2397528302823893,0.3586045437537653,5.8
2026-10-12 20:31:44,15.179819160886975,15.158568932974788,17.45713167076056,26.92,7.044169208648113,7.02576362834254,2.523999631175752,12.59,3.22903183722812,3.247751321107122,0.359334549086454,5.81
2026-10-12 20:46:44,15.229780897808029,15.220132702690067,17.51682304148955,27.015,7.070880408466291,7.056333612971121,2.533863342490938,12.64,3.236285611095327,3.2507523044532594,0.36024237355232,5.82
2026-10-12 21:01:44,15.330504311157377,15.335410650367008,17.627237119247273,27.195,7.109851652706914,7.097969902496509,2.548835077141978,12.715,3.2491694110494134,3.261541322755792,0.36197988109592427,5.845
2026-10-12 21:16:44,15.368710444480849,15.369759269800602,17.68185353565005,27.27,7.13146146169024,7.126889513455887,2.5566365912240037,12.755,3.2553672426028433,3.2679862805514084,0.3623666982839191,5.855
2026-10-12 21:31:44,15.440311112518453,15.44264226964965,17.772288944068308,27.41,7.201570237271243,7.208671057433953,2.5844756649775307,12.89,3.2771885943818635,3.2941744939925384,0.3644497732641233,5.89
2026-10-12 21:46:44,15.473191654633887,15.47302716649962,17.810530591367346,27.465,7.209285060086225,7.218708706302649,2.5869425683913647,12.905,3.287949926219685,3.2986313155072327,0.36562223278827005,5.91
2026-10-12 22:01:44,15.528671110301492,15.520577029427967,17.86349496138883,27.555,7.233958853294583,7.235612829417196,2.594734237503291,12.95,3.2903813704420912,3.3032797705115624,0.3663295505538287,5.92
2026-10-12 22:16:44,15.583091880976552,15.577198379062668,17.932791044388317,27.665,7.2663584472030935,7.274627580097938,2.6073692193336506,13.015,3.301731754477009,3.3122978419240927,0.3668561218397889,5.935
2026-10-12 22:31:44,15.622007325574902,15.617000146732277,17.97388103803889,27.735,7.281703240638146,7.2920207113331905,2.6135739273473924,13.045,3.3096386420731347,3.318680192799714,0.36763627930384435,5.95
2026-10-12 22:46:44,15.690482127622086,15.679856649882748,18.062727857562294,27.86,7.324362718168894,7.335932263625721,2.631786252360128,13.13,3.341908141727058,3.3578933846944903,0.37112279008586607,6.005
2026-10-12 23:01:44,15.726802459512019,15.713382305426816,18.10163298760437,27.915,7.341785293902856,7.358612552333137,2.6374461014941866,13.16,3.345798152468233,3.3616517236526695,0.3714250686473751,6.01
2026-10-12 23:16:44,15.853991635514232,15.849245079583499,18.25143245965283,28.14,7.393331198033554,7.4262281642561145,2.656737039970449,13.26,3.389650960188027,3.413657592974625,0.37562635362957975,6.09
2026-10-12 23:31:44,15.900351858040105,15.895590679071228,18.29837251111385,28.215,7.445850530739986,7.470088502094135,2.6713801188814434,13.34,3.4096384838975746,3.42991697115259,0.3771873859126209,6.12
2026-10-12 23:46:44,15.93081835846883,15.924511725410424,18.324129205963043,28.26,7.458811518454886,7.485816296235942,2.676072128158771,13.36,3.4281759588120813,3.4486901334899063,0.37920095132776666,6.15
2026-10-13 00:01:44,15.977122508307827,15.973935845058417,18.375120707426596,28.34,7.484828743522616,7.514337760308977,2.686475508447233,13.415,3.434439655352678,3.4586629545462,0.3800412636687519,6.165
2026-10-13 00:16:44,16.048007207415296,16.048366682319664,18.465901287460184,28.47,7.524551053007059,7.561376482493425,2.7022332536380116,13.49,3.4462348274491688,3.4751267907108603,0.3816281157328719,6.19
2026-10-13 00:31:44,16.0717362829341,16.07556368509856,18.49220302648917,28.51,7.552169506215363,7.592673037749448,2.710162645737304,13.535,3.4558113429610784,3.487400269661697,0.3827887631651025,6.21
2026-10-13 00:46:44,16.115968040817418,16.121157560378716,18.54304981539633,28.59,7.595052436417207,7.637647816199314,2.7226580943948067,13.605,3.4805308990367814,3.517395949730961,0.38606489428176466,6.26
2026-10-13 01:01:44,16.16108930563312,16.173412873695483,18.600485402425825,28.68,7.616451580249976,7.660757805316788,2.731691749564001,13.65,3.511226171970857,3.5437130759588134,0.3890830527975438,6.305
2026-10-13 01:16:44,16.175996444346275,16.195251134662104,18.62058322935763,28.71,7.6205740693153565,7.66529809818513,2.7326428882234595,13.655,3.513455466540013,3.5468284388315725,0.3893552222919585,6.31
2026-10-13 01:31:44,16.193309820127794,16.209693956785017,18.640951753822876,28.735,7.630427241057333,7.678055142782481,2.736694613245958,13.675,3.5176250159990783,3.5535076911913692,0.3900444919878657,6.32
2026-10-13 01:46:44,16.252019857235304,16.266459928310926,18.701691025126937,28.825,7.651754787389817,7.697084710983768,2.742718064171561,13.715,3.5388597810871487,3.565606711931301,0.3915725358996013,6.35
2026-10-13 02:01:44,16.349959810721977,16.355178087880564,18.80282821547335,29.0,7.694709877112846,7.737003712556978,2.758288378414667,13.79,3.5596556278387665,3.5944741942679546,0.394360888968823,6.395
2026-10-13 02:16:44,16.35489890353846,16.368307598966233,18.814848552289778,29.02,7.704248691858253,7.743520694717356,2.7628133536554493,13.81,3.5658422175410243,3.6008344827780134,0.3952629194635718,6.405
2026-10-13 02:31:44,16.409314316333514,16.415419299032827,18.869533213595467,29.1,7.7091470861817974,7.74914747098557,2.765326004149851,13.825,3.583257808335093,3.6313732965507066,0.39802374066558216,6.455
2026-10-13 02:46:44,16.52812053780619,16.553389479145054,19.019296347144618,29.315,7.7512100327954245,7.793492261298948,2.781477173741865,13.905,3.612698137790774,3.6585993172486937,0.4016231676959043,6.515
2026-10-13 03:01:44,16.584637004656276,16.616949154764885,19.100833146786517,29.43,7.784699255478313,7.82465857029438,2.7955180569595544,13.97,3.6429157950384767,3.6824860250700526,0.4044911306753712,6.565
2026-10-13 03:16:44,16.678325502808363,16.702304120580145,19.204415343456866,29.59,7.82540848112667,7.885383980902011,2.814791515094746,14.06,3.6504619428034357,3.6949630669092377,0.40531428826025157,6.58
2026-10-13 03:31:44,16.72939823895964,16.75076294489827,19.269117909982416,29.69,7.878948678394283,7.936076797038124,2.8318564248714138,14.15,3.656653134351799,3.701670037403148,0.4059948757509797,6.59
2026-10-13 03:46:44,16.833607517027758,16.843176611000157,19.38999576221428,29.87,7.9067670724223476,7.966987151056403,2.845122601752045,14.22,3.6793466112745614,3.7236131568234767,0.4073922759414825,6.62
2026-10-13 04:01:44,16.913471205228678,16.904473165541322,19.473334353157547,29.99,7.951299668643683,8.028751464432544,2.8669217811350696,14.32,3.68862519278821,3.735751460533601,0.4087399226932245,6.64
2026-10-13 04:16:44,16.970918419511072,16.97001641848949,19.541293829017476,30.1,7.987725927264565,8.063188326202003,2.879488155156537,14.38,3.7076111464685204,3.754745766699558,0.41055520792410144,6.675
2026-10-13 04:31:44,17.0662920882785,17.058462748224557,19.63233554005604,30.26,8.06318117004463,8.137968309700845,2.9082500602248658,14.515,3.7298406370699393,3.7734424095769343,0.4126626124431196,6.705
2026-10-13 04:46:44,17.112230450396,17.101829225286902,19.684836250362522,30.335,8.091532492798935,8.166027513434804,2.917753682237803,14.565,3.735733442860314,3.778099772871311,0.41304275589907313,6.715
2026-10-13 05:01:44,17.150812114002633,17.134360319667714,19.73068572910488,30.405,8.0976434684167,8.1716180584552,2.919842710137989,14.575,3.750688184659988,3.791109883797379,0.41462056917049495,6.74
2026-10-13 05:16:44,17.16551148137494,17.14820716253023,19.745521555639225,30.43,8.103756508783327,8.177020202956163,2.922165709900691,14.585,3.750688184659988,3.791109883797379,0.41462056917049495,6.74
2026-10-13 05:31:44,17.208910614474288,17.190351945184467,19.792963691939594,30.505,8.12801311454125,8.19814001997688,2.9306817869944615,14.63,3.751508090760293,3.791862667612479,0.41495469951178454,6.745
2026-10-13 05:46:44,17.264387005211006,17.253481788631923,19.85276884579239,30.6,8.150453139158765,8.217961982544283,2.938110137701364,14.67,3.7570557071407045,3.797496089401593,0.4156051839842057,6.755
2026-10-13 06:01:44,17.352461146556546,17.33349093163903,19.932299963646017,30.735,8.178453460799613,8.24467302791011,2.949236139965906,14.72,3.772685213814832,3.8061986680348814,0.41682735834815704,6.775
2026-10-13 06:16:44,17.419684392037297,17.408996544386703,20.003136256919166,30.855,8.195993579171901,8.26426676077426,2.956630044400224,14.755,3.7800168357838433,3.8156829005709696,0.4177180839760652,6.79
2026-10-13 06:31:44,17.491953501426426,17.474456098843415,20.07669962993011,30.97,8.223224459789291,8.294952922609484,2.9687024598696343,14.805,3.7980986830741656,3.8344919653765346,0.41914199556920556,6.815
2026-10-13 06:46:44,17.534251886429452,17.522583942947026,20.14811599444877,31.07,8.24819514752031,8.323308830750602,2.9783728789465984,14.85,3.804718813716023,3.8444978411711186,0.42022059223997876,6.83
2026-10-13 07:01:44,17.598396619770785,17.588832140677738,20.22921122706345,31.19,8.273016938869748,8.341168577271072,2.9844032481334306,14.885,3.8170776858437767,3.857326003049315,0.4217526429747289,6.855
2026-10-13 07:16:44,17.67585157946035,17.666887257537415,20.312294749457912,31.33,8.280217065386934,8.347934713536125,2.987246465291907,14.9,3.84024209919942,3.877109128464036,0.4241843348727228,6.89
2026-10-13 07:31:44,17.71218696148508,17.70014079133467,20.34670522125593,31.385,8.297574476364732,8.37093770609064,2.9954935617708247,14.935,3.8430459452157044,3.8783476563183896,0.424425025418619,6.895
2026-10-13 07:46:44,17.78930311914521,17.77420982697371,20.434665232548777,31.515,8.327011994032546,8.402945479601144,3.006578847467339,14.99,3.8642373708116233,3.8998702494500215,0.42665788429507523,6.925
2026-10-13 08:01:44,17.843174196740758,17.828616236588594,20.50840240321107,31.625,8.368575755531342,8.444072870012402,3.0190205848657863,15.05,3.87661600398992,3.9102511846438315,0.42820729647810246,6.945
2026-10-13 08:16:44,17.921780620857582,17.908559174359436,20.598490448267007,31.765,8.393288909408563,8.472437161710065,3.027160927937664,15.1,3.8884076598879855,3.926253967681554,0.4303643700048749,6.975
2026-10-13 08:31:44,17.97692180307926,17.97119106429934,20.663403206761103,31.865,8.419982769271837,8.50644446951114,3.036321212031853,15.15,3.9076565561132064,3.9415780550063864,0.43227967804936773,7.005
2026-10-13 08:46:44,18.037428430921125,18.03943877208392,20.745902573402173,31.98,8.459126672140536,8.554196432388752,3.050831758207227,15.225,3.9220830146689307,3.9605134016404997,0.43453934158072643,7.035
2026-10-13 09:01:44,18.10186568447655,18.10117915982153,20.830303162988795,32.105,8.480505381571724,8.575808338579906,3.059635780854634,15.27,3.9400620187209534,3.983221509389992,0.4366802863080514,7.07
2026-10-13 09:16:44,18.10186568447655,18.10117915982153,20.830303162988795,32.105,8.480505381571724,8.575808338579906,3.059635780854634,15.27,3.9400620187209534,3.983221509389992,0.4366802863080514,7.07
2026-10-13 09:31:44,18.169301264068846,18.162441903732343,20.925351654870695,32.235,8.510870015448162,8.605725372284178,3.069425074507654,15.315,3.9520149682479384,4.003144332723369,0.4388860076473542,7.1
2026-10-13 09:46:44,18.26702205172316,18.24561221854066,21.031639493711058,32.405,8.536660856946082,8.629106164411612,3.079490727371105,15.365,3.963029515289025,4.010063065567418,0.43979438748303346,7.12
2026-10-13 10:01:44,18.322576569847865,18.301484360371248,21.096532838470814,32.51,8.562570068365215,8.654710472605856,3.0893416804115654,15.415,3.982550381728782,4.033842734132091,0.4421481686319561,7.15
2026-10-13 10:16:44,18.37111990989569,18.349055946653255,21.15555744813261,32.595,8.588260339093797,8.674946797296647,3.0987388234569573,15.455,3.9884054664133846,4.0417302295371025,0.4432712861463766,7.165
2026-10-13 10:31:44,18.39230613824245,18.368768765039253,21.181156468335935,32.635,8.600044094511427,8.68837183252034,3.1044440692549897,15.48,3.9917194714113413,4.045103874173931,0.4436080961688352,7.17
2026-10-13 10:46:44,18.41999528826657,18.39882792492354,21.214554980470076,32.685,8.605586754366815,8.697198012760742,3.1083860928796283,15.495,3.9917194714113413,4.045103874173931,0.4436080961688352,7.17
2026-10-13 11:01:44,18.45330774667155,18.435670511035074,21.25346543184415,32.745,8.611664448046296,8.700364348268945,3.110132302056213,15.505,3.9926790695726173,4.046735751345623,0.44373678576006176,7.175
2026-10-13 11:16:44,18.470279822248596,18.453414253844258,21.27451483710121,32.78,8.616150607970377,8.707831127312245,3.111974515002188,15.515,3.994776339457136,4.05020002763848,0.443878722608482,7.18
2026-10-13 11:31:44,18.484990423069284,18.46524515046881,21.2940796231451,32.81,8.627741745806645,8.719286458181312,3.1154296424662205,15.535,3.994776339457136,4.05020002763848,0.443878722608482,7.18
2026-10-13 11:46:44,18.49561475118898,18.480918781854133,21.3102680630051,32.835,8.635728392816613,8.731989838789383,3.1194072032577633,15.555,3.994776339457136,4.05020002763848,0.443878722608482,7.18
2026-10-13 12:01:44,18.543274577649843,18.533930664018552,21.371021335566418,32.93,8.661624517441226,8.7571897308726,3.1287182211508333,15.595,3.994776339457136,4.05020002763848,0.443878722608482,7.18
2026-10-13 12:16:44,18.564420541783512,18.559747507991283,21.400454858009084,32.97,8.676869365603865,8.774267086553742,3.135030894319954,15.625,4.000179824597431,4.053232467834269,0.4445098599669349,7.19
2026-10-13 12:31:44,18.577816490537135,18.57866644569973,21.422207370603836,33.0,8.681325516502257,8.776602256427568,3.1356934611001166,15.63,4.000179824597431,4.053232467834269,0.4445098599669349,7.19
2026-10-13 12:46:44,18.599385526328167,18.59180751824863,21.443785604287218,33.035,8.684406160238353,8.781313591912745,3.1365501693629696,15.635,4.006418860723391,4.059143488851605,0.44516933708584117,7.2
2026-10-13 13:01:44,18.604194450508793,18.59486209777584,21.44965528063093,33.045,8.689211658749631,8.785690991600534,3.137749132749824,15.64,4.007046494539779,4.0603564954988185,0.445491005935026,7.205
2026-10-13 13:16:44,18.610014109466174,18.59984864876873,21.456348923946656,33.055,8.691567013408509,8.788117037719342,3.138742685858116,15.645,4.007046494539779,4.0603564954988185,0.445491005935026,7.205
2026-10-13 13:31:44,18.61308878693416,18.604118158484642,21.460911441861043,33.06,8.691567013408509,8.788117037719342,3.138742685858116,15.645,4.007046494539779,4.0603564954988185,0.445491005935026,7.205
2026-10-13 13:46:44,18.61308878693416,18.604118158484642,21.460911441861043,33.06,8.691567013408509,8.788117037719342,3.138742685858116,15.645,4.007046494539779,4.0603564954988185,0.445491005935026,7.205
2026-10-13 14:01:44,18.61308878693416,18.604118158484642,21.460911441861043,33.06,8.691567013408509,8.788117037719342,3.138742685858116,15.645,4.007046494539779,4.0603564954988185,0.445491005935026,7.205
2026-10-13 14:16:44,18.615307932071342,18.60784137700188,21.462597124558034,33.065,8.691567013408509,8.788117037719342,3.138742685858116,15.645,4.007046494539779,4.0603564954988185,0.445491005935026,7.205
2026-10-13 14:31:44,18.620302781976328,18.613551850747864,21.469373015310367,33.075,8.698035989580635,8.791854026693802,3.1409100861750554,15.655,4.007046494539779,4.0603564954988185,0.445491005935026,7.205
2026-10-13 14:46:44,18.643912722168118,18.641276039430828,21.495309532859306,33.115,8.701757397230903,8.794013469364861,3.1419109769426328,15.66,4.007046494539779,4.0603564954988185,0.445491005935026,7.205
2026-10-13 15:01:44,18.655018745733724,18.65125421912309,21.504618051418127,33.13,8.705205519956841,8.802329673591206,3.1439995610402423,15.67,4.007046494539779,4.0603564954988185,0.445491005935026,7.205
2026-10-13 15:16:44,18.669721099119823,18.66131914901123,21.52255400598472,33.155,8.708443505294897,8.804982333550372,3.1454913597663707,15.68,4.007046494539779,4.0603564954988185,0.445491005935026,7.205
2026-10-13 15:31:44,18.67568624126851,18.66981933428159,21.526423348877458,33.165,8.716887366483121,8.808273505374261,3.149053194748448,15.695,4.007046494539779,4.0603564954988185,0.445491005935026,7.205
2026-10-13 15:46:44,18.67568624126851,18.66981933428159,21.526423348877458,33.165,8.719302312033332,8.81247767429233,3.149784658373036,15.7,4.007046494539779,4.0603564954988185,0.445491005935026,7.205
2026-10-13 16:01:44,18.681567823517184,18.67655190464739,21.531885456293587,33.175,8.722735253083142,8.816476418909366,3.1506431979480976,15.705,4.007046494539779,4.0603564954988185,0.445491005935026,7.205
2026-10-13 16:16:44,18.69342508525842,18.68732257824686,21.54490943605153,33.195,8.724712246872514,8.817500634614946,3.151539477156846,15.71,4.011868813236152,4.06405845562587,0.4458905473376505,7.21
2026-10-13 16:31:44,18.69342508525842,18.68732257824686,21.54490943605153,33.195,8.724712246872514,8.817500634614946,3.151539477156846,15.71,4.011868813236152,4.06405845562587,0.4458905473376505,7.21
2026-10-13 16:46:44,18.7220019150881,18.718587259199865,21.572017537107374,33.24,8.73020901971856,8.826066966543506,3.1541373501761623,15.725,4.011868813236152,4.06405845562587,0.4458905473376505,7.21
2026-10-13 17:01:44,18.728047089071985,18.72124961771184,21.578822507564148,33.25,8.732335312286494,8.828064669947397,3.155459847939069,15.73,4.011868813236152,4.06405845562587,0.4458905473376505,7.21
2026-10-13 17:16:44,18.739118083678253,18.735307435710734,21.594930252985236,33.275,8.735001285845705,8.832035589496796,3.157314964212141,15.74,4.011868813236152,4.06405845562587,0.4458905473376505,7.21
2026-10-13 17:31:44,18.769685619447642,18.76742816888611,21.627039688001048,33.325,8.752838743362245,8.841816654812968,3.1626636165502324,15.765,4.018791382493871,4.071112470416712,0.44708833461507785,7.225
2026-10-13 17:46:44,18.77729257505138,18.771382098174985,21.632681865083406,33.335,8.752838743362245,8.841816654812968,3.1626636165502324,15.765,4.018791382493871,4.071112470416712,0.44708833461507785,7.225
2026-10-13 18:01:44,18.77729257505138,18.771382098174985,21.632681865083406,33.335,8.754558253633892,8.845036134543024,3.16337652400384,15.77,4.018791382493871,4.071112470416712,0.44708833461507785,7.225
2026-10-13 18:16:44,18.790775046687127,18.789344933838834,21.64479944904042,33.36,8.76478487598818,8.855315855836958,3.166365984408848,15.785,4.018791382493871,4.071112470416712,0.44708833461507785,7.225
2026-10-13 18:31:44,18.804816673262618,18.80420044374527,21.65922053683978,33.39,8.77941450108175,8.868318993291942,3.1697372885344435,15.81,4.022849607849471,4.075108654372429,0.4472460540385191,7.23
2026-10-13 18:46:44,18.80928485014172,18.808689952535822,21.661642224548874,33.395,8.785795644980029,8.877401182397644,3.173299813856556,15.825,4.027128602292816,4.077511878895859,0.4475263676761901,7.235
2026-10-13 19:01:44,18.865267539155415,18.855939785887465,21.729539136969155,33.485,8.807148716435421,8.903596862926971,3.182119902111562,15.865,4.027128602292816,4.077511878895859,0.4475263676761901,7.235
2026-10-13 19:16:44,18.917010752503842,18.91008395542399,21.793524078618404,33.58,8.820044170234263,8.92436427195816,3.189072921652842,15.9,4.029929746561014,4.078562944820274,0.4478550271897058,7.24
2026-10-13 19:31:44,19.02565339064699,19.046160725547537,21.923882819567844,33.785,8.873422503948964,8.975359446229836,3.20832746984433,15.99,4.035144867134198,4.082088490740797,0.4482905688532216,7.25
2026-10-13 19:46:44,19.071153314014524,19.088139174894987,21.96627678419823,33.855,8.892793079071101,8.990874562719888,3.215028888199064,16.025,4.036928549835153,4.085382658894514,0.44869497660695307,7.255
2026-10-13 20:01:44,19.07506842778029,19.090632330424175,21.969428614667176,33.86,8.906753455304855,9.013142629815325,3.2207013619619023,16.06,4.045736368494929,4.097889874030757,0.4495906264839726,7.275
2026-10-13 20:16:44,19.09967807599743,19.111465361988568,21.99646723801265,33.9,8.922551176831458,9.026294366259547,3.2254736651563727,16.085,4.053528376163533,4.104795510187279,0.45083033679597034,7.29
2026-10-13 20:31:44,19.168026887697575,19.170118256587568,22.078563171549344,34.02,8.966234417053105,9.06696490555558,3.2400574773828663,16.16,4.066658136975509,4.122654951487952,0.45261877428328334,7.32
2026-10-13 20:46:44,19.21295717396607,19.218655538966388,22.12189216562718,34.11,8.982929429829827,9.084830370179894,3.246949465960689,16.185,4.070968071901148,4.126717197595384,0.45295450975852497,7.325
2026-10-13 21:01:44,19.238124536415647,19.25882214682718,22.156254236605367,34.165,8.998222547509174,9.09563887055088,3.2500324123131388,16.205,4.081639312442351,4.136764078414706,0.453683815359428,7.345
2026-10-13 21:16:44,19.272949560551194,19.304464336835288,22.207219423653548,34.24,9.01819854204622,9.11638719270656,3.256487069971334,16.235,4.085155431500713,4.143479389479358,0.45434646476571805,7.355
2026-10-13 21:31:44,19.38599337463636,19.423770536880344,22.347945742792533,34.44,9.076198665663336,9.167788339791928,3.2733618661488784,16.335,4.100982526284659,4.157498870645235,0.4559924668669743,7.38
2026-10-13 21:46:44,19.51258681617998,19.533046227411596,22.49975577068667,34.66,9.153563102852301,9.239148948483251,3.299945988352503,16.47,4.125770547715541,4.187234023531504,0.459053962402834,7.425
2026-10-13 22:01:44,19.588377839679165,19.617106424552357,22.591598526663354,34.795,9.198178313649139,9.29342430097001,3.316935045882601,16.56,4.143625543579812,4.212774544161347,0.4612711435056112,7.47
2026-10-13 22:16:44,19.734549463639418,19.758228970221513,22.73044064688303,35.02,9.24087783699994,9.340644785911095,3.331625367495341,16.635,4.160157537226418,4.233065011251799,0.4626937644364802,7.5
2026-10-13 22:31:44,19.887473905498,19.921162610396266,22.925412486905255,35.31,9.347493137151918,9.43991778727448,3.365372092180922,16.81,4.200014016385484,4.286858510184946,0.466968827747181,7.575
2026-10-13 22:46:44,20.00445625422627,20.062604845786343,23.071408424656216,35.53,9.415251562400607,9.51563134440007,3.3911756329669696,16.94,4.236256888271199,4.324083464245053,0.4711201803472686,7.635
2026-10-13 23:01:44,20.125045916751915,20.167699541519433,23.21943193152712,35.755,9.470744807430298,9.563000395799603,3.4088156915623786,17.035,4.268455131082653,4.360445597562462,0.47415428716666685,7.695
2026-10-13 23:16:44,20.25018383531669,20.293293019340783,23.3561554024988,35.98,9.531733980840148,9.629033222077556,3.4285060442271877,17.145,4.280355880679931,4.370580002915599,0.4759400053209628,7.725
2026-10-13 23:31:44,20.44925064171947,20.506667128639364,23.619221773347306,36.37,9.653808221617767,9.72531755920555,3.4671541243013015,17.335,4.316545647496495,4.40581324412414,0.4799229029693212,7.79
2026-10-13 23:46:44,20.564106891747134,20.623697143019797,23.763215845365004,36.585,9.728831491658973,9.778180497236313,3.4879337154776286,17.45,4.342869566428526,4.428021702084548,0.48189666612597015,7.825
2026-10-14 00:01:44,20.699891975618854,20.78678052762904,23.92244903780942,36.83,9.788852911243712,9.834881156815133,3.5091913522863254,17.56,4.3789550257694065,4.4583600951748465,0.4858835244753098,7.885
2026-10-14 00:16:44,20.78626627150711,20.87927524690034,24.02837502702178,37.0,9.829742607703407,9.871610895648464,3.5223460867135366,17.63,4.390412326961896,4.471212809030037,0.4872145117326526,7.905
2026-10-14 00:31:44,20.923126913220322,21.000814512717923,24.171104301036667,37.215,9.891182917779528,9.926412058213003,3.5440867386693027,17.735,4.422903469850144,4.496099806989761,0.49093334813123196,7.955
2026-10-14 00:46:44,21.02486475303021,21.112635714228528,24.293230236408476,37.405,9.94358164563896,9.979673281956673,3.563548249513689,17.83,4.442971788613411,4.508521614377149,0.4934350756478799,7.99
2026-10-14 01:01:44,21.0592920516578,21.142601710280253,24.337227403092005,37.465,9.976866270064082,9.999642516068004,3.5719748121758688,17.875,4.458370243292649,4.52525156759787,0.4944603538655766,8.015
2026-10-14 01:16:44,21.211946191669558,21.293939539337202,24.527763548644987,37.75,10.01498969195987,10.038152061415195,3.5861028512226962,17.94,4.491752078328783,4.556016213285246,0.49798674093801115,8.065
2026-10-14 01:31:44,21.308288095218877,21.387855880285223,24.647313053500557,37.92,10.07586955391868,10.092044431032388,3.606504928140928,18.04,4.526160415250729,4.593786766106719,0.5028133592093232,8.13
2026-10-14 01:46:44,21.420824357414865,21.504329870536598,24.767176092069068,38.105,10.114134342666128,10.143689862505509,3.6218909710661547,18.12,4.530261695494953,4.59875246695774,0.5037303203162444,8.145
2026-10-14 02:01:44,21.49340344509569,21.591045613722866,24.859773228638375,38.245,10.129559233925956,10.157294280960846,3.630873854754462,18.155,4.54258731547484,4.605914968784325,0.5046684545737475,8.16
2026-10-14 02:16:44,21.58288912052725,21.702831455550513,24.990407600547883,38.43,10.201730408657085,10.217322996995398,3.656703398291622,18.28,4.551576000445286,4.614407889817654,0.5054682055739929,8.175
2026-10-14 02:31:44,21.682499100876374,21.789980593236052,25.102845110956025,38.605,10.245437939460254,10.263729866548733,3.6715596622969997,18.36,4.573769596831065,4.631864676809814,0.5074329142551711,8.215
2026-10-14 02:46:44,21.821051934346222,21.929159299828033,25.265467381336517,38.855,10.315901312667831,10.327120001411537,3.6956976449822636,18.475,4.593431728194755,4.652089654188152,0.5099440926191803,8.25
2026-10-14 03:01:44,21.9221728240268,22.01777742436089,25.371260160156865,39.025,10.379961626927741,10.38451447192122,3.7178709888259216,18.585,4.621025961542362,4.6703709244268214,0.5126301381848489,8.295
2026-10-14 03:16:44,21.98557956238539,22.073906615499578,25.43701528396735,39.13,10.406276777901764,10.416977421051492,3.7298498458636655,18.64,4.641575602141491,4.690810776426638,0.5150692006323383,8.33
2026-10-14 03:31:44,22.0122811072031,22.10502603860726,25.471946048296825,39.185,10.45728641322301,10.46064881667531,3.7462055018554428,18.72,4.6464288395548055,4.691832904886972,0.5155564912105972,8.335
2026-10-14 03:46:44,22.05801628380575,22.15851691243883,25.53300951477426,39.275,10.490803084148101,10.487909104919627,3.75732452825091,18.775,4.654940168347079,4.704685077986573,0.516524675605428,8.355
2026-10-14 04:01:44,22.1408205335202,22.25525878718933,25.64706117374823,39.45,10.519277568112082,10.515002022797425,3.7666342638414547,18.825,4.684685283409528,4.728737207474788,0.5192978594040913,8.4
2026-10-14 04:16:44,22.228167292730465,22.324443422285345,25.741337669640032,39.605,10.577674499884356,10.569089699962444,3.784646543197594,18.92,4.733399157183888,4.771745705774336,0.523372927856281,8.47
2026-10-14 04:31:44,22.246468101886006,22.354403923563545,25.766495293712115,39.645,10.594969094027672,10.589889732491395,3.790713035962566,18.955,4.738728651395158,4.780328602745034,0.5241909345256445,8.48
2026-10-14 04:46:44,22.32693727515194,22.446089005591258,25.871590990776564,39.79,10.65401665459544,10.653879442570805,3.8115664816286157,19.065,4.763471882437773,4.803678971687785,0.5271724241217923,8.525
2026-10-14 05:01:44,22.37047909659436,22.483781352052187,25.923486403958975,39.865,10.676574015958025,10.670069182808655,3.8180125117452275,19.1,4.776973693953638,4.81774815546163,0.5292071666154937,8.55
2026-10-14 05:16:44,22.409788544369082,22.527910942946026,25.97419098468501,39.94,10.697407213914442,10.690456481551983,3.8256979215298785,19.135,4.78420267358652,4.828623875115048,0.530467083233439,8.57
2026-10-14 05:31:44,22.490923121042112,22.62945086355449,26.08165425252761,40.105,10.733445341852136,10.732091657051114,3.8390793114272843,19.21,4.797660219583717,4.836991753737493,0.5313484385265853,8.585
2026-10-14 05:46:44,22.523552612741106,22.65874388656833,26.116808546073212,40.16,10.751345941716469,10.74425464382417,3.844235195730851,19.24,4.799068136890243,4.839214461840313,0.5315889124178435,8.59
2026-10-14 06:01:44,22.601354224118833,22.7279329678389,26.19863819585683,40.285,10.77709114021255,10.766246036188402,3.853542636119579,19.285,4.808557337976771,4.855378703326662,0.5327205976103643,8.61
2026-10-14 06:16:44,22.656768544789575,22.78079209808385,26.264245488377778,40.38,10.79156294385466,10.783295535180127,3.8588121354255,19.315,4.808557337976771,4.855378703326662,0.5327205976103643,8.61
2026-10-14 06:31:44,22.72112734624227,22.84603469077711,26.33175358913192,40.49,10.811602163952223,10.796142344975328,3.866370089272109,19.345,4.833460781616396,4.869369547724547,0.5348397600320528,8.645
2026-10-14 06:46:44,22.822139773984144,22.936287394513187,26.45073788536583,40.665,10.8698614790116,10.839899706713757,3.8832969904795527,19.435,4.855024863591936,4.890732754776276,0.5367955513800334,8.685
2026-10-14 07:01:44,22.905364909553654,23.0232660311719,26.54457417419228,40.82,10.902567141954568,10.873116077033899,3.89436334362157,19.49,4.874276082267776,4.908200235734864,0.5384671566631699,8.715
2026-10-14 07:16:44,22.993395649558572,23.086722680855946,26.631095087492493,40.95,10.935019099190962,10.92055661800017,3.9065600708208756,19.555,4.903269137133347,4.940462296017393,0.5416355211368039,8.765
2026-10-14 07:31:44,23.051317506240984,23.151187762643435,26.697590826230655,41.055,10.958325844805445,10.945719975416186,3.91285372203131,19.595,4.917813699703612,4.958187429664824,0.5432634131901937,8.79
2026-10-14 07:46:44,23.147315675606308,23.2401975951357,26.800208070962114,41.22,10.990131755304748,10.988099831565368,3.9278995250820956,19.67,4.935343702523934,4.971650272469827,0.5447037196701429,8.815
2026-10-14 08:01:44,23.2459171894686,23.352851778673344,26.932877245740798,41.415,11.028354641403892,11.023994517395101,3.9398857248555816,19.73,4.956041041058445,4.986468172174231,0.546734670445924,8.845
2026-10-14 08:16:44,23.269840199029908,23.37718864664507,26.959337261980686,41.45,11.052139028476212,11.043969897438227,3.9471528338567956,19.765,4.962626209461442,4.996046439320072,0.5476407082234543,8.86
2026-10-14 08:31:44,23.31163155051302,23.425383484724904,27.016843280726242,41.54,11.070819058245513,11.067907172469502,3.956740767272221,19.81,4.976911651564456,5.010374215896132,0.5490718611169444,8.88
2026-10-14 08:46:44,23.364890234048683,23.486949234613746,27.096076155617567,41.64,11.106267808332227,11.094314042518153,3.9662141318110207,19.86,4.981804843893526,5.018403133354541,0.5494421838397958,8.89
2026-10-14 09:01:44,23.399639588564945,23.506470448862316,27.126253004998233,41.69,11.11911354733417,11.109497227068879,3.9714220327385408,19.88,4.988721185819655,5.024353059160798,0.5501126544687593,8.9
2026-10-14 09:16:44,23.420552337189715,23.533024735639327,27.149896588932112,41.735,11.135341241126529,11.125470901710255,3.9773873645201845,19.91,4.991571328151342,5.025109864595359,0.5503200065332207,8.905
2026-10-14 09:31:44,23.4349253445546,23.544345987422613,27.16966782953639,41.76,11.142844954856669,11.13142543181515,3.979260021073037,19.92,4.99751885208584,5.029560768802506,0.5510606025260985,8.915
2026-10-14 09:46:44,23.44542017412115,23.555766085785894,27.18982277282006,41.785,11.147147150993684,11.143209363150453,3.982940557690001,19.935,5.00272829391312,5.033083076581832,0.5516484514116639,8.925
2026-10-14 10:01:44,23.47478037726511,23.58427125126593,27.226428870607037,41.84,11.158491328286539,11.153658948863482,3.9885862570738047,19.96,5.005233100088162,5.034723553156524,0.551881780754665,8.93
2026-10-14 10:16:44,23.55159123479481,23.659734575180156,27.307588159480698,41.97,11.170590875907129,11.165581839874722,3.9917604060533067,19.975,5.014280175828131,5.044978135484643,0.5533954609173599,8.95
2026-10-14 10:31:44,23.58079373522943,23.693636201410342,27.342179826827547,42.025,11.174083371560295,11.170312325784097,3.9925505267001227,19.98,5.01838956447254,5.052347695239606,0.554166468650238,8.96
2026-10-14 10:46:44,23.59296398833294,23.702092125874454,27.356393572981826,42.045,11.174083371560295,11.170312325784097,3.9925505267001227,19.98,5.020315594495753,5.0530726116950735,0.5544111601570455,8.965
2026-10-14 11:01:44,23.60190133410801,23.711106140556527,27.3651516898101,42.06,11.174083371560295,11.170312325784097,3.9925505267001227,19.98,5.021719688089123,5.057246820059657,0.5549021894574168,8.97
2026-10-14 11:16:44,23.61297908290109,23.724308822422223,27.38522113504728,42.085,11.174083371560295,11.170312325784097,3.9925505267001227,19.98,5.021719688089123,5.057246820059657,0.5549021894574168,8.97
2026-10-14 11:31:44,23.625826014025645,23.74783228219449,27.41046308099572,42.115,11.174083371560295,11.170312325784097,3.9925505267001227,19.98,5.021719688089123,5.057246820059657,0.5549021894574168,8.97
2026-10-14 11:46:44,23.630585154336888,23.749557240910914,27.416388474147734,42.125,11.174083371560295,11.170312325784097,3.9925505267001227,19.98,5.021719688089123,5.057246820059657,0.5549021894574168,8.97
2026-10-14 12:01:44,23.641440267804974,23.756970233884942,27.42488426528005,42.14,11.176920056639219,11.173262716226535,3.993394232447027,19.985,5.023667965195766,5.061434482373604,0.5550546987260625,8.975
2026-10-14 12:16:44,23.678803427876513,23.78099433483485,27.460011504803703,42.19,11.18144712115588,11.179543040135583,3.994978387534828,19.995,5.023667965195766,5.061434482373604,0.5550546987260625,8.975
2026-10-14 12:31:44,23.686220085620697,23.785264286926864,27.46706576728604,42.2,11.18144712115588,11.179543040135583,3.994978387534828,19.995,5.023667965195766,5.061434482373604,0.5550546987260625,8.975
2026-10-14 12:46:44,23.6902835442751,23.786055275253627,27.471033375846623,42.205,11.186327629350734,11.184292883582021,3.9961348438448505,20.0,5.023667965195766,5.061434482373604,0.5550546987260625,8.975
2026-10-14 13:01:44,23.700326975824417,23.801255025572768,27.482404737701987,42.225,11.191745205819245,11.191666670209912,3.998344168241278,20.01,5.023667965195766,5.061434482373604,0.5550546987260625,8.975
2026-10-14 13:16:44,23.705113249278785,23.806389672762467,27.48915139665636,42.235,11.197660593027827,11.199255148530758,4.000640148413994,20.02,5.023667965195766,5.061434482373604,0.5550546987260625,8.975
2026-10-14 13:31:44,23.724435590837928,23.825512637462197,27.512872193267874,42.275,11.199033389900231,11.201507320342621,4.001756058323846,20.025,5.027801636076826,5.063358484409228,0.5552013816114097,8.98
2026-10-14 13:46:44,23.724435590837928,23.825512637462197,27.512872193267874,42.275,11.199033389900231,11.201507320342621,4.001756058323846,20.025,5.027801636076826,5.063358484409228,0.5552013816114097,8.98
2026-10-14 14:01:44,23.72763859397397,23.82819719740875,27.517255631158186,42.28,11.201990459847735,11.203021578172567,4.002519286381158,20.03,5.027801636076826,5.063358484409228,0.5552013816114097,8.98
2026-10-14 14:16:44,23.72763859397397,23.82819719740875,27.517255631158186,42.28,11.201990459847735,11.203021578172567,4.002519286381158,20.03,5.027801636076826,5.063358484409228,0.5552013816114097,8.98
2026-10-14 14:31:44,23.73093050250023,23.83195179444758,27.523500490457195,42.29,11.201990459847735,11.203021578172567,4.002519286381158,20.03,5.027801636076826,5.063358484409228,0.5552013816114097,8.98
2026-10-14 14:46:44,23.733885671274013,23.837115308060795,27.532420657784144,42.3,11.210337263825979,11.209512858687352,4.004736401845088,20.04,5.027801636076826,5.063358484409228,0.5552013816114097,8.98
2026-10-14 15:01:44,23.733885671274013,23.837115308060795,27.532420657784144,42.3,11.213317472360156,11.211754933938586,4.005630978594199,20.045,5.027801636076826,5.063358484409228,0.5552013816114097,8.98
2026-10-14 15:16:44,23.734696067234186,23.839229170195274,27.536842878178568,42.305,11.213317472360156,11.211754933938586,4.005630978594199,20.045,5.027801636076826,5.063358484409228,0.5552013816114097,8.98
2026-10-14 15:31:44,23.73838326075115,23.845674753236988,27.545364601019244,42.315,11.213317472360156,11.211754933938586,4.005630978594199,20.045,5.027801636076826,5.063358484409228,0.5552013816114097,8.98
2026-10-14 15:46:44,23.73838326075115,23.845674753236988,27.545364601019244,42.315,11.213317472360156,11.211754933938586,4.005630978594199,20.045,5.027801636076826,5.063358484409228,0.5552013816114097,8.98
2026-10-14 16:01:44,23.76208170927187,23.85925367281687,27.5709518075903,42.35,11.215555463043412,11.216241757426056,4.006781425496242,20.05,5.027801636076826,5.063358484409228,0.5552013816114097,8.98
2026-10-14 16:16:44,23.77171992094635,23.870477217992853,27.580824557216157,42.365,11.215555463043412,11.216241757426056,4.006781425496242,20.05,5.027801636076826,5.063358484409228,0.5552013816114097,8.98
2026-10-14 16:31:44,23.783744105698965,23.88166639728562,27.594245694684897,42.385,11.217550553622784,11.222396744447497,4.009221264024125,20.06,5.028946386367063,5.067232403924641,0.5554235810786261,8.985
2026-10-14 16:46:44,23.797970000390084,23.893490309699967,27.60828263686296,42.405,11.222274259023633,11.231621066668875,4.0113740073117015,20.07,5.031925018691445,5.069916476949116,0.5556792176077106,8.99
2026-10-14 17:01:44,23.823073281493702,23.923006035494257,27.639833357083887,42.45,11.227167227311686,11.234068573617707,4.012735031834952,20.075,5.037391441844183,5.078693057208885,0.5559935360369777,9.0
2026-10-14 17:16:44,23.84983753779136,23.949042045980818,27.67103445329813,42.505,11.231958996790835,11.237800722078951,4.0147080700553905,20.085,5.037391441844183,5.078693057208885,0.5559935360369777,9.0
2026-10-14 17:31:44,23.85798576328288,23.954995139821207,27.67596615613876,42.515,11.231958996790835,11.237800722078951,4.0147080700553905,20.085,5.037391441844183,5.078693057208885,0.5559935360369777,9.0
2026-10-14 17:46:44,23.862549803746727,23.95706909945476,27.67753616353677,42.52,11.235415356352908,11.242527511274895,4.015990851950192,20.09,5.037391441844183,5.078693057208885,0.5559935360369777,9.0
2026-10-14 18:01:44,23.8645497362238,23.96197944226646,27.682395361074484,42.525,11.239471939395141,11.245132324109433,4.0174729069097195,20.095,5.038250798966559,5.083402198892113,0.5562879954235135,9.005
2026-10-14 18:16:44,23.88316548362917,23.984961244716455,27.703584665484442,42.555,11.244851493110914,11.249478984371525,4.018960244626043,20.105,5.038250798966559,5.083402198892113,0.5562879954235135,9.005
2026-10-14 18:31:44,23.919400064689597,24.01860738895939,27.747746399812126,42.62,11.257437184480382,11.257639260755122,4.02098700910061,20.12,5.05235794920442,5.0952249518078325,0.5572132755037112,9.025
2026-10-14 18:46:44,23.957414664367352,24.062866687725435,27.796986536819702,42.69,11.296583213565263,11.28998495218359,4.033946428984097,20.18,5.072502778092814,5.1118947733471725,0.5586998124985695,9.055
2026-10-14 19:01:44,24.01055711950338,24.1093487162203,27.848471408181126,42.77,11.316156170625241,11.312787208950116,4.041834078408635,20.225,5.08604580038238,5.12943592027073,0.5601479438919778,9.08
2026-10-14 19:16:44,24.01055711950338,24.1093487162203,27.848471408181126,42.77,11.327538059327678,11.322204334186738,4.0447140140875995,20.24,5.088235588496139,5.1309723492277985,0.5604112829932334,9.085
2026-10-14 19:31:44,24.028949452916553,24.133210800671552,27.876947293724797,42.81,11.343222431529572,11.335570721555515,4.053594406778246,20.275,5.091357530616099,5.13347119403291,0.5607724942035939,9.09
2026-10-14 19:46:44,24.090780050852906,24.19569851013567,27.957199432412178,42.935,11.382839573264002,11.360722906546634,4.065662247646561,20.33,5.106762659621539,5.150476510697021,0.5621775333075797,9.12
2026-10-14 20:01:44,24.135110113058094,24.251361641272375,28.005535065198725,43.01,11.404536222903959,11.381399576227533,4.072947503265339,20.365,5.109432955051564,5.156249767782875,0.5629360795946337,9.13
2026-10-14 20:16:44,24.174185158021555,24.287637131860233,28.057396356791084,43.085,11.416781759480699,11.396494788306295,4.079048478048582,20.395,5.126757528191089,5.176754370384784,0.5644117169010644,9.165
2026-10-14 20:31:44,24.250659951740502,24.359070016319148,28.14239873438476,43.22,11.440559295415468,11.418777930261149,4.0861058461954975,20.43,5.151704105991397,5.206427779856658,0.5674322588401768,9.205
2026-10-14 20:46:44,24.313708788785927,24.426351895446977,28.225157501624196,43.34,11.474106531419746,11.448120918020722,4.096064120131939,20.485,5.169315836941729,5.224878731712797,0.5698016759958319,9.24
2026-10-14 21:01:44,24.399895719378737,24.514204061434032,28.335619266011584,43.5,11.532944166080252,11.512162258262778,4.117571394005771,20.59,5.186723410057696,5.24512460060449,0.5717971306717847,9.275
2026-10-14 21:16:44,24.469088926025602,24.582608529659794,28.408093962861944,43.615,11.55028987559906,11.528164612647316,4.1236014930287785,20.62,5.199161569962789,5.254447927765497,0.5733476870213441,9.3
2026-10-14 21:31:44,24.533016687061995,24.64815194543677,28.489527416443565,43.745,11.576110349130598,11.543843911249244,4.131193743934173,20.66,5.212715715838519,5.271197484118342,0.5744946725096765,9.325
2026-10-14 21:46:44,24.62518513308474,24.718238291036,28.585767515931604,43.9,11.608682123241287,11.579948195621363,4.143025436290689,20.725,5.235976863519956,5.2867241931581415,0.5763242259223587,9.36
2026-10-14 22:01:44,24.71195725995807,24.80692105747444,28.69773351969895,44.065,11.63343684425551,11.596431748458482,4.150209411810518,20.765,5.251919017783685,5.301861311051431,0.5782394472232469,9.39
2026-10-14 22:16:44,24.791621707488556,24.894823917854968,28.810970612695556,44.225,11.663657553420054,11.629841210516467,4.163091497435235,20.83,5.266327925475495,5.3153758079508995,0.5795735483979502,9.415
2026-10-14 22:31:44,24.910257722823776,25.01274300280538,28.945935116609824,44.43,11.69793052038688,11.672468840365665,4.17562362086901,20.895,5.293225957244428,5.346397500720993,0.5829062224310602,9.47
2026-10-14 22:46:44,25.00087721498671,25.121727343875918,29.05191393614845,44.59,11.736851829240374,11.703613490223756,4.189474546891392,20.96,5.3045220813400284,5.357886439683058,0.5839391778694724,9.49
2026-10-14 23:01:44,25.058746450443813,25.185277369298213,29.13572657345051,44.705,11.771536348572178,11.741948684336743,4.203516192775069,21.03,5.309290147795662,5.358986526172006,0.5842551570181928,9.495
2026-10-14 23:16:44,25.19152746095834,25.282079322879213,29.265648571675605,44.905,11.825361606678822,11.800856335142777,4.224247809761733,21.125,5.334313376196394,5.378668992053308,0.5861883024102063,9.535
2026-10-14 23:31:44,25.30110492872482,25.400709808137716,29.39461450893511,45.11,11.888854211190898,11.851701154343777,4.247079743049509,21.235,5.346566058361124,5.391345626478294,0.588053785174705,9.565
2026-10-14 23:46:44,25.38116000506204,25.492630873051407,29.498921730345202,45.26,11.92942673093239,11.895223061222547,4.264197325204638,21.315,5.364584808214698,5.405926356963625,0.5895242058346024,9.595
2026-10-15 00:01:44,25.499443184415597,25.622860113799693,29.63674358450033,45.47,11.99060055824232,11.967430950723847,4.2892431284765715,21.445,5.38857948657993,5.42599503054116,0.5918354535011796,9.64
2026-10-15 00:16:44,25.59977746412862,25.704691580593188,29.74241609816999,45.63,12.01379872368997,11.997631448850328,4.29778682681946,21.485,5.392021077822644,5.428900584719248,0.5921893616815819,9.645
2026-10-15 00:31:44,25.693277781396894,25.81646127495241,29.865319378569268,45.815,12.103199518160116,12.081352323082143,4.328756032636035,21.64,5.428723624704662,5.466104775860404,0.5959061409172111,9.705
2026-10-15 00:46:44,25.82886130273108,25.95629075530044,30.004814420013847,46.055,12.173804271359876,12.153823992301449,4.356721910516729,21.77,5.446293770704418,5.482856460196382,0.5979605400249375,9.735
2026-10-15 01:01:44,25.90739859717407,26.03597984261683,30.101864543065584,46.205,12.193637845020282,12.172057491313419,4.3653815462021,21.81,5.459896186105565,5.501532066534602,0.5995045688335089,9.76
2026-10-15 01:16:44,26.068126501293147,26.189441147333284,30.27672123424081,46.475,12.260445975025288,12.244647981325073,4.3911023321583444,21.935,5.49776889166393,5.540205085853079,0.6040753254403435,9.835
2026-10-15 01:31:44,26.127930745641127,26.24140522617699,30.333076974145843,46.57,12.304467807916835,12.282715618598496,4.407754223281005,22.015,5.524491969673216,5.557761903438215,0.6070413297236427,9.88
2026-10-15 01:46:44,26.26755896061034,26.36330953967622,30.499630102732088,46.825,12.363328501485585,12.3486779255189,4.426561662429086,22.115,5.543160183978658,5.5882038869627575,0.6092972691570049,9.92
2026-10-15 02:01:44,26.32488129302693,26.425117496606102,30.563062882169195,46.93,12.384486920787706,12.373098123523024,4.435632657756496,22.16,5.548973398135717,5.596369003786322,0.6103301627292745,9.935
2026-10-15 02:16:44,26.39876208926277,26.50871340258398,30.65194353081374,47.07,12.41937206348442,12.399122953945527,4.445843950985106,22.215,5.564765087075099,5.612444999725872,0.6121433000155143,9.96
2026-10-15 02:31:44,26.546344105325637,26.653685803937197,30.81079032019579,47.32,12.490407522694197,12.460059061927776,4.471030972698988,22.335,5.605946766354159,5.650868821542257,0.616129897022077,10.03
2026-10-15 02:46:44,26.640570656534116,26.747030050262772,30.923810990030926,47.49,12.52662037917193,12.505011682060152,4.487581273305035,22.415,5.615036102844,5.657760986380709,0.6168204844228667,10.045
2026-10-15 03:01:44,26.753784338120628,26.86562604854682,31.05168153271951,47.695,12.568888605555857,12.558084358139903,4.503609602000612,22.505,5.62878614265444,5.67817510277446,0.6192500587975006,10.08
2026-10-15 03:16:44,26.800199114425087,26.917051966810156,31.103515181645182,47.78,12.589992331635052,12.578670631645071,4.51109394767327,22.545,5.6424195113366515,5.689908467538656,0.6205579264712541,10.1
2026-10-15 03:31:44,26.825849392357682,26.949988730214912,31.13512134784189,47.83,12.607505693479297,12.59691007321229,4.515738275902732,22.57,5.653323790960793,5.699498944156592,0.6216494095813913,10.12
2026-10-15 03:46:44,26.937509958816875,27.05362169025094,31.250501744853803,48.015,12.63113348023763,12.627052554460853,4.522461546916667,22.605,5.670829277421676,5.714366860799137,0.6234070075644017,10.145
2026-10-15 04:01:44,26.992510944516024,27.12758269558953,31.332339542731013,48.135,12.671827878435076,12.673503587710638,4.540875007941585,22.685,5.690108858175244,5.734343026597041,0.6251794437567467,10.18
2026-10-15 04:16:44,27.07246183659668,27.217176190026937,31.426832943264376,48.275,12.706732890735662,12.709876109954248,4.5559078843852285,22.755,5.720259723786699,5.7675120597303104,0.6284874066353979,10.235
2026-10-15 04:31:44,27.1249500065745,27.282299498448086,31.511641390505883,48.405,12.750436064894224,12.752637371030923,4.570973762496838,22.825,5.734723633965726,5.7868052025315135,0.6297318383849503,10.265
2026-10-15 04:46:44,27.210170743460527,27.37808169694499,31.605015032716576,48.56,12.769531879228062,12.772497611949067,4.577257965760457,22.855,5.747861742725293,5.798776789644628,0.6310127233618427,10.285
2026-10-15 05:01:44,27.267161745932324,27.436619888252892,31.671662309064228,48.67,12.798365501797308,12.804128180079745,4.588650789726416,22.91,5.766983462793158,5.81416471687925,0.6327500661931574,10.31
2026-10-15 05:16:44,27.30045498806063,27.480723381901623,31.718811122643057,48.735,12.806629371616365,12.810584138840905,4.591674093692048,22.925,5.7707857346113896,5.81766060500699,0.6330459419918186,10.315
2026-10-15 05:31:44,27.36670818075111,27.53491270725656,31.77184840500903,48.835,12.853370421451356,12.866303333936052,4.611253205144764,23.015,5.785812940107967,5.828020645196109,0.6345347839509355,10.34
2026-10-15 05:46:44,27.3951787230535,27.572174202890093,31.813716174494118,48.9,12.878298472925126,12.892910881553927,4.620357575320797,23.055,5.794758708287942,5.838443534654489,0.6355067940616625,10.355
2026-10-15 06:01:44,27.4150494304151,27.592045551635657,31.832420095103657,48.935,12.885927037567457,12.903207660616124,4.624539252852612,23.075,5.799696896011641,5.842329229086116,0.6357588451060466,10.36
2026-10-15 06:16:44,27.422120324971615,27.60894234699174,31.847573976634585,48.96,12.897650243937527,12.910137697297984,4.62766948235161,23.09,5.805030190944111,5.848345932334135,0.6363167507742543,10.37
2026-10-15 06:31:44,27.4399506984295,27.62808803373488,31.871884317685232,48.995,12.908086303416697,12.926948684565675,4.63334218758514,23.115,5.813090206857132,5.859226886041061,0.6376115235972909,10.385
2026-10-15 06:46:44,27.456327099451403,27.643123877598903,31.883898797880438,49.02,12.909276840102246,12.930295961504207,4.633921635421137,23.12,5.8156219127909745,5.86021540694029,0.6379445494177449,10.39
2026-10-15 07:01:44,27.52285429616527,27.70573197853124,31.959098511218343,49.13,12.949354437866624,12.97590377977414,4.650096519526882,23.195,5.819797868262859,5.861063446364936,0.6381750428684853,10.395
2026-10-15 07:16:44,27.546429134062198,27.72308112255229,31.982136824526837,49.165,12.959813761353642,12.990208271891605,4.654951504670326,23.215,5.825332479307653,5.8695487725355955,0.6387125438624576,10.405
2026-10-15 07:31:44,27.567495063206962,27.742223508158336,32.000174239937266,49.195,12.970209167987228,13.005540708832044,4.658645249171645,23.235,5.827609830534874,5.87179702624875,0.6388612025087131,10.41
2026-10-15 07:46:44,27.5866441863348,27.75839260566941,32.02277159650105,49.23,12.99245635439101,13.027069444387415,4.665217453807676,23.27,5.834479669572953,5.881270576787729,0.6394678009973672,10.42
2026-10-15 08:01:44,27.608851905057705,27.78497532984843,32.05089487874429,49.275,12.997025012327484,13.03146129018195,4.665793184582823,23.275,5.839099537868764,5.883192980932411,0.6398281752206589,10.425
2026-10-15 08:16:44,27.650704790703262,27.831626029718507,32.09313116585155,49.35,13.011011896237354,13.041932892977455,4.671952087635641,23.3,5.844101391209921,5.890130197271691,0.6409691255347525,10.44
2026-10-15 08:31:44,27.70642884173107,27.899382488390412,32.162983030826396,49.465,13.063141673450396,13.082162361824844,4.688246267253258,23.375,5.852914059387907,5.8951129712484205,0.6417997808632269,10.455
2026-10-15 08:46:44,27.76113840373623,27.946341353803373,32.21583854871553,49.555,13.093271920041706,13.116227166417424,4.697912102857184,23.43,5.863014633152774,5.904149549482074,0.6424220958138739,10.47
2026-10-15 09:01:44,27.82302517865682,28.00740764212972,32.27648187416318,49.66,13.11408597154657,13.13793943198082,4.70492269893866,23.46,5.8706238129413775,5.915345816663729,0.6435751206518805,10.485
2026-10-15 09:16:44,27.91949611519483,28.09951197617662,32.36921875492319,49.805,13.154077001493608,13.169342862683628,4.719527827742583,23.53,5.875430783898581,5.923065191080806,0.6443238208723623,10.5
2026-10-15 09:31:44,27.972460272818708,28.162023504909524,32.439186863639776,49.91,13.18104006143601,13.192854159763135,4.726245289237621,23.575,5.886084522414339,5.930723117306436,0.6450671645584312,10.52
2026-10-15 09:46:44,28.00560087209451,28.19581552871978,32.47055009795712,49.96,13.193708865964462,13.203469912041387,4.7284476419307655,23.59,5.888525638807033,5.933951820708628,0.6455042063136965,10.525
2026-10-15 10:01:44,28.04934236545069,28.23866147038751,32.51944768512342,50.03,13.214604298545181,13.223298492717031,4.733757467650601,23.62,5.901162729597456,5.947080876387954,0.6471875278653542,10.55
2026-10-15 10:16:44,28.11509316940165,28.298943078914945,32.598224984775,50.14,13.24372127868354,13.253535787250314,4.745555169767799,23.68,5.904818113615685,5.9544659423448225,0.6477102650965749,10.56
2026-10-15 10:31:44,28.14276715599547,28.327240483438146,32.624209099429244,50.185,13.251461047393464,13.26256659469355,4.747882678891179,23.69,5.912886840497419,5.961904819085778,0.6482871782693299,10.57
2026-10-15 10:46:44,28.16292562319873,28.348776543122337,32.64152123630663,50.22,13.254117684790737,13.264182411143684,4.7484440804660295,23.695,5.915462462367268,5.963776654314594,0.6485325110887143,10.575
2026-10-15 11:01:44,28.171282612810437,28.35695785848893,32.65322221570083,50.235,13.256260123658773,13.264902718841132,4.749115483530053,23.7,5.918468124404714,5.9681463168055116,0.6490244162337717,10.58
2026-10-15 11:16:44,28.178832855844156,28.368136179159656,32.66491844336484,50.255,13.256260123658773,13.264902718841132,4.749115483530053,23.7,5.924876025161653,5.973314709771413,0.6494536956390613,10.59
2026-10-15 11:31:44,28.211223364995764,28.39371206484187,32.68599638713104,50.295,13.259838443804028,13.267724774404153,4.751877796794968,23.71,5.928138287511157,5.976662680700499,0.649717220397296,10.595
2026-10-15 11:46:44,28.23134688572721,28.415177064378664,32.7084052095996,50.33,13.27061980360513,13.275167662428395,4.755058513810581,23.725,5.931985458623752,5.980096181096543,0.6499774041768176,10.6
2026-10-15 12:01:44,28.235560486237198,28.418424551804634,32.71198137671872,50.335,13.274105277216536,13.277594584718464,4.75642039904426,23.73,5.931985458623752,5.980096181096543,0.6499774041768176,10.6
2026-10-15 12:16:44,28.247260975083126,28.431344941924614,32.726401706896006,50.355,13.281618019175324,13.284747901023824,4.760285105908795,23.745,5.9329080709865405,5.982589423894092,0.6504408627245544,10.605
2026-10-15 12:31:44,28.26241316094213,28.445260421040146,32.74983103608158,50.385,13.281618019175324,13.284747901023824,4.760285105908795,23.745,5.9329080709865405,5.982589423894092,0.6504408627245544,10.605
2026-10-15 12:46:44,28.26241316094213,28.445260421040146,32.74983103608158,50.385,13.285970753883017,13.287842035931575,4.761111313703014,23.75,5.9329080709865405,5.982589423894092,0.6504408627245544,10.605
2026-10-15 13:01:44,28.274351729720692,28.451373162124625,32.75901489545166,50.4,13.285970753883017,13.287842035931575,4.761111313703014,23.75,5.9329080709865405,5.982589423894092,0.6504408627245544,10.605
2026-10-15 13:16:44,28.274351729720692,28.451373162124625,32.75901489545166,50.4,13.285970753883017,13.287842035931575,4.761111313703014,23.75,5.9329080709865405,5.982589423894092,0.6504408627245544,10.605
2026-10-15 13:31:44,28.274351729720692,28.451373162124625,32.75901489545166,50.4,13.285970753883017,13.287842035931575,4.761111313703014,23.75,5.9329080709865405,5.982589423894092,0.6504408627245544,10.605
2026-10-15 13:46:44,28.274351729720692,28.451373162124625,32.75901489545166,50.4,13.285970753883017,13.287842035931575,4.761111313703014,23.75,5.9329080709865405,5.982589423894092,0.6504408627245544,10.605
2026-10-15 14:01:44,28.274351729720692,28.451373162124625,32.75901489545166,50.4,13.285970753883017,13.287842035931575,4.761111313703014,23.75,5.9329080709865405,5.982589423894092,0.6504408627245544,10.605
2026-10-15 14:16:44,28.274351729720692,28.451373162124625,32.75901489545166,50.4,13.285970753883017,13.287842035931575,4.761111313703014,23.75,5.9329080709865405,5.982589423894092,0.6504408627245544,10.605
2026-10-15 14:31:44,28.274351729720692,28.451373162124625,32.75901489545166,50.4,13.285970753883017,13.287842035931575,4.761111313703014,23.75,5.9329080709865405,5.982589423894092,0.6504408627245544,10.605
2026-10-15 14:46:44,28.274351729720692,28.451373162124625,32.75901489545166,50.4,13.285970753883017,13.287842035931575,4.761111313703014,23.75,5.9329080709865405,5.982589423894092,0.6504408627245544,10.605
2026-10-15 15:01:44,28.278462503659096,28.45592787898244,32.76186276587768,50.405,13.285970753883017,13.287842035931575,4.761111313703014,23.75,5.9329080709865405,5.982589423894092,0.6504408627245544,10.605
2026-10-15 15:16:44,28.278462503659096,28.45592787898244,32.76186276587768,50.405,13.285970753883017,13.287842035931575,4.761111313703014,23.75,5.9329080709865405,5.982589423894092,0.6504408627245544,10.605
2026-10-15 15:31:44,28.278462503659096,28.45592787898244,32.76186276587768,50.405,13.285970753883017,13.287842035931575,4.761111313703014,23.75,5.9329080709865405,5.982589423894092,0.6504408627245544,10.605
2026-10-15 15:46:44,28.296052108528293,28.47366165051848,32.78145605548823,50.435,13.289383748987989,13.291748183793292,4.7629003733069855,23.76,5.937571110995056,5.98909992317038,0.6513375780325977,10.615
2026-10-15 16:01:44,28.299918865342406,28.477174657320234,32.78659617405918,50.445,13.289383748987989,13.291748183793292,4.7629003733069855,23.76,5.937571110995056,5.98909992317038,0.6513375780325977,10.615
2026-10-15 16:16:44,28.304512211592506,28.482212372028666,32.793221540288535,50.455,13.289383748987989,13.291748183793292,4.7629003733069855,23.76,5.937571110995056,5.98909992317038,0.6513375780325977,10.615
2026-10-15 16:31:44,28.315283346567725,28.48962338257237,32.80420160599224,50.475,13.289383748987989,13.291748183793292,4.7629003733069855,23.76,5.937571110995056,5.98909992317038,0.6513375780325977,10.615
2026-10-15 16:46:44,28.318300211474092,28.498505822937915,32.80978872152299,50.485,13.290105968019377,13.295699485838636,4.76395543488906,23.765,5.937571110995056,5.98909992317038,0.6513375780325977,10.615
2026-10-15 17:01:44,28.334272649956933,28.519028389735983,32.82858782892355,50.515,13.293848499780811,13.299347028729569,4.764475108663409,23.77,5.9404485907371845,5.9898305864290124,0.6517279132212834,10.62
2026-10-15 17:16:44,28.348101747768236,28.530562860626574,32.84237801365401,50.54,13.301031428962379,13.30572548790029,4.766623105041568,23.78,5.9404485907371845,5.9898305864290124,0.6517279132212834,10.62
2026-10-15 17:31:44,28.35555770763345,28.5338193373083,32.85476332770465,50.56,13.308390109402419,13.310354595512147,4.769357624432276,23.795,5.945229640495249,5.996574990586219,0.652131887061376,10.63
2026-10-15 17:46:44,28.35555770763345,28.5338193373083,32.85476332770465,50.56,13.316869436351068,13.31576305661685,4.771938115425846,23.805,5.945229640495249,5.996574990586219,0.652131887061376,10.63
2026-10-15 18:01:44,28.36566035163352,28.539987295826464,32.86817064801791,50.575,13.320771552003043,13.317361842420961,4.773207398112529,23.81,5.945229640495249,5.996574990586219,0.652131887061376,10.63
2026-10-15 18:16:44,28.39368684478298,28.561144284268607,32.89270505999519,50.615,13.320771552003043,13.317361842420961,4.773207398112529,23.81,5.945229640495249,5.996574990586219,0.652131887061376,10.63
2026-10-15 18:31:44,28.435172883635076,28.597788911402606,32.93884221866994,50.685,13.326779765971272,13.328918940969743,4.777012750031867,23.825,5.951058442972591,6.002745631484001,0.6528876218892218,10.64
2026-10-15 18:46:44,28.449556528650742,28.60985997219811,32.956164919700925,50.71,13.326779765971272,13.328918940969743,4.777012750031867,23.825,5.954703742201982,6.004903549316782,0.6531724276332294,10.645
2026-10-15 19:01:44,28.485672099656814,28.650210314736928,32.994897885920565,50.775,13.34644798765202,13.348184180257462,4.78373589846473,23.86,5.962350325619754,6.019581410231985,0.6543380214934769,10.67
2026-10-15 19:16:44,28.497605073329332,28.66712282293109,33.011083069223744,50.805,13.34644798765202,13.348184180257462,4.78373589846473,23.86,5.970212964117757,6.027639002010655,0.6549470034824334,10.68
2026-10-15 19:31:44,28.506048421451244,28.6784032728414,33.02508142487579,50.825,13.350965123631338,13.35092055222961,4.785508086115538,23.87,5.975155478527529,6.029024514924938,0.6551108726917554,10.685
2026-10-15 19:46:44,28.54489729691144,28.721000019237625,33.07026275781477,50.9,13.366630329906135,13.360264110946465,4.789810174133064,23.895,5.983149549579305,6.0313994153011885,0.6557991309390632,10.695
2026-10-15 20:01:44,28.590825744906756,28.76897110109112,33.12387642092073,50.99,13.39531566940302,13.392860435851526,4.798684020981067,23.945,6.003932924930044,6.045928430786567,0.6588873568501753,10.735
2026-10-15 20:16:44,28.61609680927547,28.799812235590263,33.15746950452602,51.04,13.409775735342688,13.40834141485793,4.803175966083461,23.97,6.003932924930044,6.045928430786567,0.6588873568501753,10.735
2026-10-15 20:31:44,28.669644747029846,28.85194319173824,33.214477137213066,51.125,13.428192403916896,13.428306543369304,4.809849308861358,24.005,6.013425817773747,6.053955071453441,0.6599030183832786,10.75
2026-10-15 20:46:44,28.69613298011431,28.879078945141295,33.246823673402645,51.175,13.45312773184311,13.450320939714846,4.818161290355253,24.045,6.017691082323121,6.060076647416742,0.6605275576261095,10.76
2026-10-15 21:01:44,28.71799959431297,28.89705433711984,33.26697554170409,51.205,13.457774996550127,13.45469383305253,4.819263969808746,24.05,6.017691082323121,6.060076647416742,0.6605275576261095,10.76
2026-10-15 21:16:44,28.71799959431297,28.89705433711984,33.26697554170409,51.205,13.457774996550127,13.45469383305253,4.819263969808746,24.05,6.017691082323121,6.060076647416742,0.6605275576261095,10.76
2026-10-15 21:31:44,28.77131237478959,28.942395838094054,33.31758660220317,51.29,13.499079274265382,13.4842068338503,4.831661902399556,24.115,6.025740153270009,6.0720772367141835,0.6618312175862455,10.78
2026-10-15 21:46:44,28.825258131257517,29.000668333225313,33.38025020579699,51.385,13.52406168768371,13.515652193435237,4.84214469783498,24.17,6.050590382781403,6.0943482833224465,0.6649650155637485,10.825
2026-10-15 22:01:44,28.845700415856125,29.02074360754368,33.401402338661256,51.42,13.529281812461708,13.524875134530541,4.846724455254257,24.19,6.055332112134976,6.101776331885098,0.6655629238760846,10.835
2026-10-15 22:16:44,28.886772422985054,29.06440976079964,33.45433096370003,51.5,13.564739335879047,13.571471219339566,4.861721638183373,24.26,6.066220058823825,6.114185051078507,0.6666924629962815,10.86
2026-10-15 22:31:44,28.913584683885567,29.08695272593491,33.48339817313088,51.545,13.58164164380798,13.581373097867562,4.865908329246606,24.285,6.073562988313277,6.117657283696857,0.6673226661640747,10.87
2026-10-15 22:46:44,28.97036632039954,29.14369087473565,33.53963295104948,51.635,13.62748207545552,13.632764608114133,4.87940790285021,24.35,6.090210045011844,6.133031165730509,0.6693334009113924,10.905
2026-10-15 23:01:44,29.007846145880613,29.181534985495368,33.579135710628016,51.7,13.672995289204417,13.668769993980986,4.893050118644688,24.415,6.104788832634946,6.143726995669697,0.6708611687829671,10.93
2026-10-15 23:16:44,29.083865278471524,29.26352361442153,33.66749290898,51.84,13.708338456532877,13.711002812112229,4.905842755785432,24.485,6.124725310682665,6.162245848688179,0.6730964988969564,10.965
2026-10-15 23:31:44,29.179267246257698,29.36235146650745,33.77687189659808,52.015,13.781253789243493,13.789263688115332,4.927295079410943,24.61,6.152808221931302,6.191472498427865,0.6754028261843441,11.01
2026-10-15 23:46:44,29.331461594096957,29.513681772251143,33.943062030494815,52.295,13.872985295428137,13.877142079086777,4.961048874872728,24.775,6.204984590985483,6.244935047489797,0.6810894698976738,11.095
2026-10-16 00:01:44,29.414449164589378,29.59743026381151,34.04336534940754,52.44,13.90733356228101,13.91942339526674,4.975797346043031,24.845,6.234683470944544,6.281559855952458,0.6847557779050841,11.16
2026-10-16 00:16:44,29.49870556047254,29.693054161301976,34.14018806053356,52.6,13.957747854721363,13.974136673684315,4.9941434225978965,24.935,6.261115001620303,6.297208207433135,0.6872288233870861,11.2
2026-10-16 00:31:44,29.519927340408472,29.725327509874507,34.170665188174006,52.65,13.978812346136458,13.994507256925063,5.001352262601673,24.97,6.266310009736027,6.302869019310231,0.6879811783588948,11.21
2026-10-16 00:46:44,29.527237944027675,29.733961070981927,34.17444734516564,52.66,13.985987893880436,14.001808090596398,5.003799840119419,24.985,6.274138003498424,6.311280866802652,0.6889020327720469,11.225
2026-10-16 01:01:44,29.59407535096026,29.80192406952359,34.24909270934124,52.775,14.029037867739047,14.059309553950456,5.017378406510185,25.06,6.292304296597755,6.320232334834314,0.6905211567010678,11.25
2026-10-16 01:16:44,29.6211586886484,29.822287079562987,34.28465146823188,52.825,14.053949218737172,14.07814390117079,5.023947044490425,25.095,6.29478677421448,6.322039024270987,0.6908277127036773,11.255
2026-10-16 01:31:44,29.665400913963907,29.863328301358212,34.33617415966654,52.905,14.079857821817164,14.102865668121796,5.034129882321304,25.14,6.301220994741953,6.330409772630845,0.6915519636816141,11.27
2026-10-16 01:46:44,29.701844590923688,29.892827188101023,34.37262174459066,52.965,14.110296059337406,14.127540791050746,5.043143516159759,25.19,6.3087828730900455,6.3388580621580495,0.6921431476952111,11.285
2026-10-16 02:01:44,29.7955108529882,29.979510890889337,34.48913677261308,53.145,14.140215667829773,14.157979969993487,5.0550111227395575,25.24,6.319691613012463,6.346875568766602,0.6933552275764897,11.305
2026-10-16 02:16:44,29.879341589868655,30.063773481135268,34.59020085582338,53.295,14.197855691506339,14.203074017505566,5.071226219734079,25.325,6.344303851349362,6.364607733627414,0.6961760105023185,11.345
2026-10-16 02:31:44,29.93304567875598,30.114488972337966,34.661639422795986,53.395,14.228617385737426,14.240591711133753,5.081049549656945,25.38,6.378904758142725,6.398913320202285,0.6997257186462773,11.4
2026-10-16 02:46:44,30.00996515296967,30.19136942579557,34.76114569540338,53.545,14.288583356967028,14.29615862905507,5.102816963740435,25.49,6.3814444495908225,6.403072247244302,0.6998667963601577,11.405
2026-10-16 03:01:44,30.095827031189835,30.283072548714777,34.85663248947831,53.69,14.327056510338334,14.336431140239528,5.114999982317777,25.555,6.393764177300799,6.413442194108187,0.7011319733633995,11.425
2026-10-16 03:16:44,30.18362420203321,30.398280600799204,34.99028989624052,53.88,14.376636693105041,14.379384976854542,5.129378909297737,25.63,6.4171623200755255,6.442685703060463,0.7036137158063298,11.465
2026-10-16 03:31:44,30.22146752003881,30.432529619418805,35.02308594523836,53.935,14.384133562378508,14.389011130911841,5.133021933456477,25.645,6.425505129258813,6.44756357176527,0.7045629878697427,11.475
2026-10-16 03:46:44,30.280739603466593,30.489620885430575,35.08780906872355,54.04,14.403440376445394,14.411591867221992,5.141159551374663,25.685,6.450947361135277,6.471834315751545,0.7071318665565688,11.515
2026-10-16 04:01:44,30.33677435296922,30.533325423345534,35.1417645749094,54.125,14.431581718850998,14.442133139276738,5.149086571595416,25.73,6.46807312165185,6.494203558304065,0.708990957120522,11.55
2026-10-16 04:16:44,30.359807714312623,30.553198966593346,35.165386412080856,54.16,14.44295853604807,14.453880975819807,5.151598261674161,25.745,6.469623807878079,6.496516091798,0.709341886499012,11.555
2026-10-16 04:31:44,30.402141863624653,30.589394845400758,35.21328717573322,54.225,14.475623377411173,14.481567847762458,5.163929295840598,25.805,6.494131582053688,6.514353602826598,0.712400451161272,11.6
2026-10-16 04:46:44,30.41615484143358,30.60606460333857,35.23148997299073,54.255,14.475623377411173,14.481567847762458,5.163929295840598,25.805,6.496072425290749,6.515761422334584,0.7127593768915151,11.605
2026-10-16 05:01:44,30.423195832119546,30.614296496121835,35.2433136839624,54.275,14.47991533927796,14.48649075069071,5.165329372542829,25.81,6.498607506229445,6.5181281719732365,0.7130670408189641,11.61
2026-10-16 05:16:44,30.42929472629354,30.621138632316423,35.250755813832974,54.285,14.484788064392678,14.490864827672612,5.166662830729238,25.815,6.503001739444558,6.519956286455961,0.7134968430614523,11.615
2026-10-16 05:31:44,30.437994763210853,30.631895446252912,35.26645545568151,54.305,14.495937441013385,14.49830120577382,5.169379406268077,25.83,6.507644037811942,6.526350954598101,0.7139833426973212,11.625
2026-10-16 05:46:44,30.460156121139974,30.659669532274158,35.29668343999138,54.345,14.495937441013385,14.49830120577382,5.169379406268077,25.83,6.51145767335401,6.5276339019043395,0.7141811677702734,11.63
2026-10-16 06:01:44,30.47133967881317,30.674900642550504,35.31269068843784,54.37,14.508357362951548,14.517049133693524,5.175795890396011,25.865,6.51145767335401,6.5276339019043395,0.7141811677702734,11.63
2026-10-16 06:16:44,30.48580936402429,30.69256839664266,35.33370538603142,54.4,14.51328589405219,14.520793935458665,5.177208802303347,25.87,6.51145767335401,6.5276339019043395,0.7141811677702734,11.63
2026-10-16 06:31:44,30.496493827355355,30.698806457487525,35.348035251494395,54.42,14.520000662410721,14.528286808171481,5.17865597400573,25.88,6.5124442844678425,6.5288240495954994,0.7146476994081887,11.635
2026-10-16 06:46:44,30.515892771863317,30.718742040134032,35.37970504474259,54.46,14.530901516581022,14.542237850207224,5.182368711424693,25.9,6.513511051951226,6.532535924052046,0.7150891217396298,11.64
2026-10-16 07:01:44,30.52865093841537,30.730894159098526,35.394856290565244,54.485,14.535491836031452,14.54689275842709,5.183092228517048,25.905,6.5271000883182655,6.542246373691359,0.7163279639086811,11.655
2026-10-16 07:16:44,30.569235868428848,30.782515658765142,35.447708522596756,54.57,14.560889255407774,14.572678473765105,5.190140174325764,25.945,6.535692583891696,6.5535824057028655,0.717088565965449,11.67
2026-10-16 07:31:44,30.62301518510323,30.838160336853726,35.51678345218981,54.665,14.572151029244223,14.582295736441926,5.1946866546460315,25.97,6.5423267718057945,6.564228012435172,0.7181688524621169,11.685
2026-10-16 07:46:44,30.684578020462475,30.904519786227915,35.58854365989156,54.775,14.602831084725736,14.620123753766709,5.20759395831689,26.035,6.545072822017382,6.571453493230876,0.719134614243617,11.695
2026-10-16 08:01:44,30.732882377876976,30.950312054454518,35.6380845746906,54.85,14.621192844283193,14.640310071147853,5.215242828269393,26.07,6.545072822017382,6.571453493230876,0.719134614243617,11.695
2026-10-16 08:16:44,30.79045517022154,31.009425584225195,35.70867014001019,54.95,14.64611155517178,14.662532951328753,5.223933570353395,26.11,6.556118304935284,6.586214690885072,0.7198528323087666,11.715
2026-10-16 08:31:44,30.859192840340512,31.0716689874568,35.78410773432025,55.075,14.677413788597693,14.70783884923296,5.239840479947157,26.18,6.573690318669684,6.6120540917628015,0.722020932313626,11.76
2026-10-16 08:46:44,30.887398978853426,31.100309076169147,35.81916111405284,55.125,14.68936511419312,14.723929354187714,5.244237758556303,26.2,6.581264122102142,6.621869914533283,0.7231184608558525,11.775
2026-10-16 09:01:44,30.916104791954773,31.11545408616045,35.84888866575527,55.165,14.710372926551614,14.741717294285465,5.251664051416295,26.235,6.593396794965695,6.629232507124144,0.7237152418553457,11.79
2026-10-16 09:16:44,30.955686163598987,31.152957601947698,35.88670903933592,55.22,14.71663823392982,14.747395040125436,5.253833781321229,26.245,6.593396794965695,6.629232507124144,0.7237152418553457,11.79
2026-10-16 09:31:44,30.967231636198782,31.162628437101052,35.90038625257087,55.245,14.720476708285375,14.750942886440805,5.254622223618174,26.25,6.593396794965695,6.629232507124144,0.7237152418553457,11.79
2026-10-16 09:46:44,30.980384014036673,31.175414064946498,35.909525678767174,55.26,14.733132426261141,14.76156544915577,5.257799291027071,26.27,6.595729685749871,6.63395461785596,0.7238981614514736,11.795
2026-10-16 10:01:44,30.997782996473124,31.192804902759494,35.93256976891565,55.29,14.733924968498552,14.766555992532057,5.259113658315261,26.275,6.605221912978754,6.64169502671221,0.7250158917765727,11.81
2026-10-16 10:16:44,31.024605768036597,31.217650668929036,35.96042088784493,55.34,14.734929042145763,14.771432844033905,5.26030843574913,26.28,6.612400007981974,6.651750381921152,0.7261540945806978,11.825
2026-10-16 10:31:44,31.024605768036597,31.217650668929036,35.96042088784493,55.34,14.737978023644256,14.772726421257833,5.260947459700515,26.285,6.618796861722714,6.6565344727767854,0.7268888829770948,11.835
2026-10-16 10:46:44,31.024605768036597,31.217650668929036,35.96042088784493,55.34,14.74088805491595,14.77526716757745,5.26186508472762,26.29,6.618796861722714,6.6565344727767854,0.7268888829770948,11.835
2026-10-16 11:01:44,31.024605768036597,31.217650668929036,35.96042088784493,55.34,14.74088805491595,14.77526716757745,5.26186508472762,26.29,6.618796861722714,6.6565344727767854,0.7268888829770948,11.835
2026-10-16 11:16:44,31.024605768036597,31.217650668929036,35.96042088784493,55.34,14.74088805491595,14.77526716757745,5.26186508472762,26.29,6.618796861722714,6.6565344727767854,0.7268888829770948,11.835
2026-10-16 11:31:44,31.02945883365474,31.21858318193477,35.96296893801172,55.345,14.74273427663715,14.776175524180411,5.262607130464111,26.295,6.618796861722714,6.6565344727767854,0.7268888829770948,11.835
2026-10-16 11:46:44,31.03764287705533,31.224674128366487,35.97366994493323,55.36,14.751331434678669,14.783274233691998,5.26536796865806,26.31,6.618796861722714,6.6565344727767854,0.7268888829770948,11.835
2026-10-16 12:01:44,31.041560627078166,31.233376408554594,35.98058303713526,55.37,14.754209880118642,14.787783863654957,5.266140759904499,26.315,6.623983952603774,6.662693351585373,0.7275098108063274,11.845
2026-10-16 12:16:44,31.057363714859193,31.245434255514283,35.99104962486681,55.39,14.755035972731147,14.790098195151673,5.266971116556381,26.32,6.623983952603774,6.662693351585373,0.7275098108063274,11.845
2026-10-16 12:31:44,31.05814721048377,31.247978006407884,35.995508732406364,55.395,14.755035972731147,14.790098195151673,5.266971116556381,26.32,6.626905633387975,6.667023440216622,0.7277576142701875,11.85
2026-10-16 12:46:44,31.059986774861013,31.25148370161871,35.99804730562328,55.4,14.756949703933508,14.791483174026721,5.268243664479397,26.325,6.627829919223002,6.669498382657408,0.7279018056593541,11.855
2026-10-16 13:01:44,31.064776378416756,31.252825516663748,35.99997721707107,55.405,14.760889617273891,14.794809004705618,5.269429519570972,26.33,6.627829919223002,6.669498382657408,0.7279018056593541,11.855
2026-10-16 13:16:44,31.072698873648374,31.26070962889648,36.00832409104285,55.42,14.760889617273891,14.794809004705618,5.269429519570972,26.33,6.627829919223002,6.669498382657408,0.7279018056593541,11.855
2026-10-16 13:31:44,31.072698873648374,31.26070962889648,36.00832409104285,55.42,14.760889617273891,14.794809004705618,5.269429519570972,26.33,6.627829919223002,6.669498382657408,0.7279018056593541,11.855
2026-10-16 13:46:44,31.074849737977754,31.26255300429848,36.01148068471157,55.425,14.762258302118356,14.798346968070812,5.27038016415304,26.335,6.627829919223002,6.669498382657408,0.7279018056593541,11.855
2026-10-16 14:01:44,31.081232871679553,31.267313398118198,36.01695729954949,55.435,14.762258302118356,14.798346968070812,5.27038016415304,26.335,6.627829919223002,6.669498382657408,0.7279018056593541,11.855
2026-10-16 14:16:44,31.087223546099942,31.272210695841537,36.026392574218,55.445,14.762258302118356,14.798346968070812,5.27038016415304,26.335,6.627829919223002,6.669498382657408,0.7279018056593541,11.855
2026-10-16 14:31:44,31.087223546099942,31.272210695841537,36.026392574218,55.445,14.762258302118356,14.798346968070812,5.27038016415304,26.335,6.631952402652842,6.671362853296061,0.7281132438165687,11.86
2026-10-16 14:46:44,31.08925790429427,31.272880385812897,36.02857881807786,55.45,14.76316067259687,14.799346675265474,5.271038375651079,26.34,6.631952402652842,6.671362853296061,0.7281132438165687,11.86
2026-10-16 15:01:44,31.0997773677407,31.279959634859754,36.03910183557191,55.465,14.765041718538983,14.802968790755825,5.272040344500092,26.345,6.631952402652842,6.671362853296061,0.7281132438165687,11.86
2026-10-16 15:16:44,31.10751774441824,31.288008972578247,36.04372790607439,55.475,14.768275032618039,14.804062506499196,5.272649153139477,26.35,6.631952402652842,6.671362853296061,0.7281132438165687,11.86
2026-10-16 15:31:44,31.10751774441824,31.288008972578247,36.04372790607439,55.475,14.770493374165495,14.807105193640258,5.274035241718408,26.355,6.631952402652842,6.671362853296061,0.7281132438165687,11.86
2026-10-16 15:46:44,31.13486650216339,31.314195300736177,36.071929572145585,55.52,14.784517247506193,14.818523725109566,5.278521709709428,26.375,6.634433999579574,6.679528650193311,0.7284158381775176,11.87
2026-10-16 16:01:44,31.143152696558193,31.320449879323814,36.07976975567836,55.535,14.787957387488198,14.81948164635825,5.279864906103103,26.38,6.645051051662334,6.691401005605568,0.7292929398464211,11.885
2026-10-16 16:16:44,31.150966905068977,31.323876461550437,36.08508402484269,55.545,14.787957387488198,14.81948164635825,5.279864906103103,26.38,6.645051051662334,6.691401005605568,0.7292929398464211,11.885
2026-10-16 16:31:44,31.15540642924487,31.331739222604313,36.09266675052161,55.555,14.787957387488198,14.81948164635825,5.279864906103103,26.38,6.645051051662334,6.691401005605568,0.7292929398464211,11.885
2026-10-16 16:46:44,31.15540642924487,31.331739222604313,36.09266675052161,55.555,14.787957387488198,14.81948164635825,5.279864906103103,26.38,6.645051051662334,6.691401005605568,0.7292929398464211,11.885
2026-10-16 17:01:44,31.16491361992078,31.341057632693683,36.11058299670187,55.575,14.796678967729315,14.824007793690624,5.28255815042359,26.395,6.645051051662334,6.691401005605568,0.7292929398464211,11.885
2026-10-16 17:16:44,31.16491361992078,31.341057632693683,36.11058299670187,55.575,14.796678967729315,14.824007793690624,5.28255815042359,26.395,6.645051051662334,6.691401005605568,0.7292929398464211,11.885
2026-10-16 17:31:44,31.16491361992078,31.341057632693683,36.11058299670187,55.575,14.796678967729315,14.824007793690624,5.28255815042359,26.395,6.645051051662334,6.691401005605568,0.7292929398464211,11.885
2026-10-16 17:46:44,31.16803599635846,31.342800302854393,36.11454529173451,55.58,14.796678967729315,14.824007793690624,5.28255815042359,26.395,6.645051051662334,6.691401005605568,0.7292929398464211,11.885
2026-10-16 18:01:44,31.168668484898372,31.347372040684274,36.11904536693069,55.585,14.796678967729315,14.824007793690624,5.28255815042359,26.395,6.645051051662334,6.691401005605568,0.7292929398464211,11.885
2026-10-16 18:16:44,31.17719265840197,31.353728179831943,36.12741632442541,55.6,14.804620803048673,14.828721209909661,5.284963020535876,26.405,6.645051051662334,6.691401005605568,0.7292929398464211,11.885
2026-10-16 18:31:44,31.22140177371018,31.39857458250906,36.185374242601476,55.685,14.8377699458201,14.862242698425401,5.294783163427757,26.455,6.655237873535517,6.702769705562718,0.7302686809524974,11.905
2026-10-16 18:46:44,31.265960995855504,31.42848993850058,36.21670685947583,55.745,14.838402928694293,14.863162956264652,5.296030451095068,26.46,6.663513129456319,6.709541443403238,0.7309315216527282,11.915
2026-10-16 19:01:44,31.265960995855504,31.42848993850058,36.21670685947583,55.745,14.838402928694293,14.863162956264652,5.296030451095068,26.46,6.663513129456319,6.709541443403238,0.7309315216527282,11.915
2026-10-16 19:16:44,31.269729037209423,31.43299830287059,36.21891732854869,55.75,14.842717151513549,14.86530892961321,5.296781066646216,26.465,6.664817369727155,6.713881799363759,0.7312517180439467,11.92
2026-10-16 19:31:44,31.341109396455817,31.50799385411546,36.30303492038947,55.875,14.870730796762526,14.893569642793963,5.306831376165257,26.515,6.673081012009701,6.729232413411539,0.7329360910915674,11.945
2026-10-16 19:46:44,31.419326860457726,31.593538469749,36.38189982995115,56.0,14.906310999686832,14.9247605036106,5.3195948823670625,26.58,6.694263301799716,6.755567310186438,0.7349221397221171,11.985
2026-10-16 20:01:44,31.434509700857358,31.61778633546345,36.40511204058035,56.04,14.919370238512105,14.930070258688923,5.322469000945897,26.595,6.703077197914339,6.766397125586112,0.7359039192427514,12.0
2026-10-16 20:16:44,31.469635690040814,31.65204664175175,36.44962079212422,56.105,14.946873909426886,14.955978615982374,5.331626030298344,26.645,6.708577196308461,6.772454087074489,0.7363162361117982,12.01
2026-10-16 20:31:44,31.4786049557379,31.66288664467458,36.46199226294447,56.125,14.957563160731672,14.972452564354677,5.33670422661969,26.665,6.711695712345807,6.778368014450752,0.7366734655805118,12.02
2026-10-16 20:46:44,31.52575861146904,31.716569339110706,36.51885403387283,56.21,14.978834042318901,14.991574061921133,5.344660024841871,26.7,6.716405550414553,6.785046657222203,0.7374612397655987,12.03
2026-10-16 21:01:44,31.555454575838844,31.741898565822694,36.54059839131947,56.255,14.994436793391154,15.003400077370229,5.349101013636937,26.72,6.716405550414553,6.785046657222203,0.7374612397655987,12.03
2026-10-16 21:16:44,31.572618444372814,31.75988705864997,36.562340250158336,56.285,14.996930054684478,15.004795679426481,5.349783184175322,26.725,6.719870166112328,6.785970554885905,0.7377191280666086,12.035
2026-10-16 21:31:44,31.586333160663468,31.77028161102753,36.572659620625295,56.3,14.996930054684478,15.004795679426481,5.349783184175322,26.725,6.724946067935706,6.792489092915269,0.7384361033423775,12.045
2026-10-16 21:46:44,31.62840265655253,31.81548352293279,36.61227778644652,56.37,15.01929968827088,15.030798647419696,5.358609626039235,26.77,6.735985396781892,6.806265891144347,0.7396201990873827,12.065
2026-10-16 22:01:44,31.6425155189299,31.8271099006534,36.62931276376315,56.395,15.027207263396111,15.036716908359631,5.360982237903769,26.785,6.742858018410144,6.812575428317979,0.740142714008863,12.075
2026-10-16 22:16:44,31.714069451978613,31.895977958795523,36.70662115297514,56.515,15.062503830880354,15.072219292074948,5.373693111442289,26.845,6.77253380190891,6.843396856695344,0.7440494670990965,12.135
2026-10-16 22:31:44,31.72771478013417,31.911617172866944,36.71951116013338,56.535,15.065941149064574,15.076358057436769,5.37513996919773,26.85,6.781220600332899,6.851678922491983,0.7444845200889914,12.145
2026-10-16 22:46:44,31.7714934861098,31.941248434609385,36.76361085910709,56.605,15.094091263532851,15.099778819830979,5.3861455835285,26.895,6.786911790901083,6.854376126809335,0.7448589332322925,12.155
2026-10-16 23:01:44,31.88495181028819,32.03942410170092,36.8976324332255,56.8,15.138020181477518,15.148594526455403,5.401633055228743,26.98,6.809576650858716,6.873217568626892,0.7464284243377042,12.185
2026-10-16 23:16:44,31.938911201182904,32.096907525548446,36.95546496760907,56.895,15.180448335317456,15.191727604229769,5.417336766773439,27.06,6.818661880135553,6.883032198109803,0.7470333273865876,12.2
2026-10-16 23:31:44,31.999739868572036,32.16224723004449,37.02927871763763,57.005,15.234924304298882,15.245147052010065,5.433179694127989,27.145,6.82986267503374,6.897995923243713,0.7488342829470545,12.23
2026-10-16 23:46:44,32.07468476116077,32.2185242440176,37.11451822335038,57.13,15.27686658461873,15.296271248738767,5.446938418404039,27.22,6.85028685434845,6.920829046639924,0.7517040713844938,12.27
2026-10-17 00:01:44,32.09096161516321,32.228147399833354,37.12769561934899,57.15,15.28062202116203,15.30086645446348,5.4481452009662545,27.225,6.853770379159421,6.9239668060358825,0.7521528234618985,12.275
2026-10-17 00:16:44,32.09582785649407,32.23506945279307,37.13730999104613,57.16,15.28062202116203,15.30086645446348,5.4481452009662545,27.225,6.853770379159421,6.9239668060358825,0.7521528234618985,12.275
2026-10-17 00:31:44,32.12033018746703,32.256717661831,37.16424133268153,57.2,15.288718543144524,15.307213234085001,5.450142367632726,27.235,6.855249213151487,6.928715910150161,0.7524276720070221,12.28
2026-10-17 00:46:44,32.136328282974546,32.27579168312228,37.18584029084432,57.23,15.290926779324764,15.310036071042573,5.451242280810775,27.24,6.855249213151487,6.928715910150161,0.7524276720070221,12.28
2026-10-17 01:01:44,32.15815316021793,32.29815988906388,37.213253359383394,57.27,15.314737326764794,15.333323140605728,5.46033642714602,27.28,6.8701140307264845,6.949883722828352,0.7539396920300045,12.31
2026-10-17 01:16:44,32.19726786473486,32.32824562408307,37.25559495439099,57.33,15.323814580283651,15.34033041828026,5.463007173481932,27.295,6.87584095917662,6.953518896110487,0.754294036828203,12.32
2026-10-17 01:31:44,32.204228394557965,32.340650149194346,37.27063069338046,57.35,15.326628783032394,15.343809309478274,5.464269473618144,27.3,6.879320168954012,6.95777728463376,0.7546898113183607,12.325
2026-10-17 01:46:44,32.22091707337888,32.36625693504156,37.299785587768845,57.385,15.345268272962945,15.35673009026699,5.47132335785622,27.335,6.888607244843472,6.9637353830404845,0.7554929670321271,12.335
2026-10-17 02:01:44,32.251512498592774,32.39762910535881,37.333275511351395,57.44,15.358133593031683,15.368279542660662,5.475401795767283,27.355,6.909074737780281,6.982131393719059,0.757850909520244,12.37
2026-10-17 02:16:44,32.26128753404835,32.40997813595661,37.34698191315216,57.46,15.36565199440542,15.378571048441744,5.479077240916879,27.37,6.909074737780281,6.982131393719059,0.757850909520244,12.37
2026-10-17 02:31:44,32.26840076768161,32.41991591344723,37.35552910917461,57.475,15.3791681347114,15.399934422851661,5.484478078948418,27.395,6.918396944914751,6.991432204522653,0.7592772571404263,12.39
2026-10-17 02:46:44,32.30920753085201,32.45238343918404,37.39777492568891,57.54,15.391192868024293,15.417201539521844,5.48944172559032,27.425,6.925115330567608,6.997266403605913,0.7601086500340616,12.4
2026-10-17 03:01:44,32.343705970515884,32.47392461216648,37.42826960738964,57.59,15.399818695593016,15.424332717282807,5.492830649904213,27.44,6.929772926972775,6.998222024523552,0.7602583104415906,12.405
2026-10-17 03:16:44,32.350357096449464,32.47810800903085,37.43451490878658,57.6,15.403890918217348,15.43156920322652,5.494416712811388,27.45,6.931588867375014,7.001924714829966,0.7605334086491417,12.41
2026-10-17 03:31:44,32.36420289033907,32.488613168026035,37.44865446563545,57.625,15.409182911643576,15.442189782183162,5.498226114598649,27.47,6.932919120465348,7.004602696173171,0.7609839402800286,12.415
2026-10-17 03:46:44,32.38628730550435,32.514533800962944,37.475155024522145,57.67,15.416769863095144,15.44793575193113,5.500141581561064,27.48,6.943955178452611,7.014133895097109,0.7623088013969288,12.435
2026-10-17 04:01:44,32.40920901545147,32.53451535437738,37.497336356368564,57.7,15.433793473805439,15.468497984507682,5.506580304119049,27.515,6.949904199017119,7.0207559513315845,0.7627825460345432,12.445
2026-10-17 04:16:44,32.41711790216927,32.54284553929754,37.50763738114829,57.72,15.439525955965909,15.475312639750157,5.508845624023589,27.525,6.949904199017119,7.0207559513315845,0.7627825460345432,12.445
2026-10-17 04:31:44,32.43556499776728,32.56244805885059,37.523783813125334,57.75,15.445547258037264,15.485574148045412,5.5116116795031465,27.54,6.951400868184,7.022194337166808,0.7631827604394176,12.45
2026-10-17 04:46:44,32.44541921289648,32.56804527599392,37.529300068990224,57.765,15.447064984995189,15.486500524129603,5.512742305477038,27.545,6.953569281704928,7.026928528514797,0.7637529004883653,12.46
2026-10-17 05:01:44,32.46123072536802,32.579437488714106,37.54492021795137,57.79,15.454871466867456,15.494881357983308,5.514461515406182,27.555,6.954565393899799,7.029314301523096,0.7641863837551981,12.465
2026-10-17 05:16:44,32.48157741405846,32.60176127443062,37.580080152566616,57.835,15.466306923034672,15.503291231540237,5.5189382435313,27.575,6.960102919949592,7.036286841954067,0.7649727545400327,12.475
2026-10-17 05:31:44,32.51287310465885,32.640799586805734,37.61668110591994,57.895,15.476189115542562,15.513783374815848,5.52200065371516,27.59,6.970319525587709,7.039637804613737,0.7657818554620717,12.49
2026-10-17 05:46:44,32.528793022611175,32.65021600621858,37.62942405360599,57.915,15.488005607827205,15.525664110208426,5.52640552510353,27.61,6.973632866628062,7.0411259048793875,0.7659862954701431,12.495
2026-10-17 06:01:44,32.55486641367881,32.673324129391666,37.6605685739778,57.955,15.503010525911353,15.539609435671236,5.532122589086031,27.64,6.978895036005859,7.051817349764922,0.7670082639974835,12.51
2026-10-17 06:16:44,32.5661047498437,32.68965323245681,37.68101448304895,57.98,15.51253774799869,15.547140816521825,5.53472009784555,27.655,6.978895036005859,7.051817349764922,0.7670082639974835,12.51
2026-10-17 06:31:44,32.58504747313073,32.70857374746543,37.70165633874811,58.01,15.521035287387692,15.553357315045407,5.5373800982875165,27.67,6.978895036005859,7.051817349764922,0.7670082639974835,12.51
2026-10-17 06:46:44,32.603394497536165,32.72068858233415,37.72382937851926,58.04,15.524138883041179,15.555969479017921,5.537920959459931,27.675,6.982699926751582,7.054518739213889,0.767468066568219,12.515
2026-10-17 07:01:44,32.62736606322638,32.75005272433296,37.75277487223317,58.085,15.537549874716301,15.564618538184368,5.541825716852459,27.695,6.985967495949979,7.058368743389785,0.7678705468391367,12.52
2026-10-17 07:16:44,32.6316601607157,32.75377970788967,37.75828300312114,58.095,15.540510076485642,15.568625598459235,5.542965681471304,27.7,6.992419509318333,7.066487593553435,0.7688404420688674,12.535
2026-10-17 07:31:44,32.7235258078019,32.84727343901059,37.86701859384339,58.26,15.57854262483984,15.604661435719114,5.557026523105078,27.78,7.00384331149227,7.081369344407423,0.7703998349768678,12.56
2026-10-17 07:46:44,32.74186784224797,32.866665854617374,37.88712389284664,58.29,15.582727091098013,15.609944236789232,5.560263848634154,27.795,7.00384331149227,7.081369344407423,0.7703998349768678,12.56
2026-10-17 08:01:44,32.750331257177265,32.87829489946352,37.89626926694754,58.305,15.593790846424454,15.626347345863527,5.565606193420975,27.82,7.006653072347,7.084441828648967,0.7706816059832327,12.565
2026-10-17 08:16:44,32.762119256619236,32.892767320822706,37.910206573200725,58.325,15.604616834261225,15.63291438500117,5.569312729688667,27.835,7.009246567317508,7.08536978612188,0.7709948784385545,12.57
2026-10-17 08:31:44,32.79016103220747,32.90857755811511,37.93680646446958,58.365,15.612750572668665,15.647394536371293,5.573054113009713,27.855,7.010200492339595,7.0877688839715605,0.7713737057614233,12.575
2026-10-17 08:46:44,32.80285305346135,32.92210585953009,37.948496540285966,58.39,15.612750572668665,15.647394536371293,5.573054113009713,27.855,7.010200492339595,7.0877688839715605,0.7713737057614233,12.575
2026-10-17 09:01:44,32.80285305346135,32.92210585953009,37.948496540285966,58.39,15.612750572668665,15.647394536371293,5.573054113009713,27.855,7.010200492339595,7.0877688839715605,0.7713737057614233,12.575
2026-10-17 09:16:44,32.818030451683356,32.93856408115894,37.97138082500823,58.425,15.617458275536963,15.64847052527971,5.5737180982207235,27.86,7.013787233708824,7.089401281974197,0.771520555101318,12.58
2026-10-17 09:31:44,32.83060460326033,32.94874192788119,37.98116050224626,58.445,15.632271573823429,15.662511034314088,5.578952243800585,27.885,7.017629779730773,7.0914579893797285,0.7718388627693475,12.585
2026-10-17 09:46:44,32.84414131405919,32.95887937298231,37.997489833682025,58.47,15.639326729633726,15.670968935663884,5.581002736008223,27.9,7.017629779730773,7.0914579893797285,0.7718388627693475,12.585
2026-10-17 10:01:44,32.85947716747744,32.97323875302434,38.01376565696721,58.495,15.643362009615968,15.67611122602029,5.583055450758375,27.91,7.023332201553114,7.097127539764427,0.7723902114657845,12.595
2026-10-17 10:16:44,32.87495391932511,32.98663519733574,38.03182325357351,58.52,15.644953168629344,15.679166088547591,5.583670240178599,27.915,7.024429481268862,7.09920868663149,0.7726635262393702,12.6
2026-10-17 10:31:44,32.88510286722824,32.99602281391695,38.04086955216903,58.535,15.652699770902531,15.683099541259967,5.585524692224766,27.925,7.024429481268862,7.09920868663149,0.7726635262393702,12.6
2026-10-17 10:46:44,32.89776860007106,33.00317196471573,38.0541015676202,58.555,15.652699770902531,15.683099541259967,5.585524692224766,27.925,7.024429481268862,7.09920868663149,0.7726635262393702,12.6
2026-10-17 11:01:44,32.89989831768106,33.0039488456089,38.055876002457296,58.56,15.65491930748575,15.68620473958133,5.587881378985276,27.935,7.027056957783603,7.099870506919592,0.7730755641519086,12.605
2026-10-17 11:16:44,32.901373011803834,33.00602240753868,38.05922933798822,58.565,15.65491930748575,15.68620473958133,5.587881378985276,27.935,7.027056957783603,7.099870506919592,0.7730755641519086,12.605
2026-10-17 11:31:44,32.922448029000265,33.02808947784443,38.08732389748721,58.605,15.664498861666718,15.693880504737168,5.590718140723645,27.95,7.027056957783603,7.099870506919592,0.7730755641519086,12.605
2026-10-17 11:46:44,32.922448029000265,33.02808947784443,38.08732389748721,58.605,15.665998704861732,15.69505708919207,5.591495784882461,27.955,7.036538520813926,7.1113942450138845,0.7740909219677562,12.62
2026-10-17 12:01:44,32.947741217009,33.05652902996892,38.12261632916205,58.655,15.670069048527818,15.697458095784091,5.593886696190958,27.965,7.036538520813926,7.1113942450138845,0.7740909219677562,12.62
2026-10-17 12:16:44,32.97067489847006,33.08161932552564,38.148806810232834,58.695,15.678483260817961,15.701010251280852,5.595144709185562,27.975,7.040857793891187,7.114874001963389,0.7744882642187727,12.625
2026-10-17 12:31:44,32.974850657240104,33.091883533808215,38.15960929375994,58.71,15.678483260817961,15.701010251280852,5.595144709185562,27.975,7.046771663329897,7.120717246807052,0.7748135074002468,12.635
2026-10-17 12:46:44,32.98837455100432,33.10875622494051,38.174071750482206,58.735,15.685714772324953,15.70607258796484,5.597214155152718,27.985,7.048778904765832,7.121482699246361,0.7752673154470391,12.64
2026-10-17 13:01:44,32.99220787682296,33.11308394145129,38.177669657646305,58.74,15.685714772324953,15.70607258796484,5.597214155152718,27.985,7.048778904765832,7.121482699246361,0.7752673154470391,12.64
2026-10-17 13:16:44,33.00157818186768,33.121738190977,38.18783071315061,58.76,15.687114198228882,15.710771700179512,5.59866856069443,27.99,7.053548993464534,7.122829146170086,0.7757105203738138,12.645
2026-10-17 13:31:44,33.00157818186768,33.121738190977,38.18783071315061,58.76,15.687114198228882,15.710771700179512,5.59866856069443,27.99,7.053548993464534,7.122829146170086,0.7757105203738138,12.645
2026-10-17 13:46:44,33.018910316821845,33.13426005889678,38.20068307955064,58.785,15.688888085299226,15.711633695318435,5.599958211096945,27.995,7.0548828010330125,7.125791306163137,0.7761615300365685,12.65
2026-10-17 14:01:44,33.03688397525653,33.152570884216196,38.219049161513105,58.815,15.688888085299226,15.711633695318435,5.599958211096945,27.995,7.0548828010330125,7.125791306163137,0.7761615300365685,12.65
2026-10-17 14:16:44,33.04810383048165,33.16490048474958,38.22903165753827,58.835,15.688888085299226,15.711633695318435,5.599958211096945,27.995,7.0548828010330125,7.125791306163137,0.7761615300365685,12.65
2026-10-17 14:31:44,33.05810404122949,33.17670414399988,38.237311811308146,58.85,15.691735464260367,15.716495371704228,5.600553435992971,28.0,7.0548828010330125,7.125791306163137,0.7761615300365685,12.65
2026-10-17 14:46:44,33.060335979563625,33.18113578484431,38.240688238647074,58.855,15.691735464260367,15.716495371704228,5.600553435992971,28.0,7.055881804442877,7.130407708716736,0.7765398693943608,12.655
2026-10-17 15:01:44,33.06862756636896,33.185855881309024,38.24657522507917,58.865,15.698910744993833,15.722089699858572,5.601982916485886,28.01,7.055881804442877,7.130407708716736,0.7765398693943608,12.655
2026-10-17 15:16:44,33.06862756636896,33.185855881309024,38.24657522507917,58.865,15.703781413112766,15.722738644878763,5.6025974875420665,28.015,7.055881804442877,7.130407708716736,0.7765398693943608,12.655
2026-10-17 15:31:44,33.07639015720673,33.19262975270431,38.255757128662374,58.875,15.703781413112766,15.722738644878763,5.6025974875420665,28.015,7.055881804442877,7.130407708716736,0.7765398693943608,12.655
2026-10-17 15:46:44,33.11020040037191,33.224674268242815,38.30132265267477,58.94,15.711085400766622,15.730286861402021,5.605106240729174,28.025,7.064749442723846,7.134195640467964,0.7772713514490668,12.665
2026-10-17 16:01:44,33.11289380029281,33.23222697533223,38.30651343149889,58.95,15.712592660375124,15.731180075962007,5.60593681220459,28.03,7.068603230694531,7.136214014611075,0.7774146012548202,12.67
2026-10-17 16:16:44,33.13282285248871,33.2585051009545,38.33632336861105,58.995,15.718579473894474,15.741913677746776,5.609294835083357,28.045,7.068603230694531,7.136214014611075,0.7774146012548202,12.67
2026-10-17 16:31:44,33.153290093703745,33.280481339352676,38.36487881723586,59.035,15.718579473894474,15.741913677746776,5.609294835083357,28.045,7.068603230694531,7.136214014611075,0.7774146012548202,12.67
2026-10-17 16:46:44,33.15595853116179,33.283261944120774,38.36965347034652,59.04,15.719890608969568,15.746159617122032,5.610586207163254,28.05,7.068603230694531,7.136214014611075,0.7774146012548202,12.67
2026-10-17 17:01:44,33.16060346809887,33.28580126798012,38.372620106824904,59.045,15.719890608969568,15.746159617122032,5.610586207163254,28.05,7.068603230694531,7.136214014611075,0.7774146012548202,12.67
2026-10-17 17:16:44,33.18053948994663,33.30011103046963,38.39396190647643,59.07,15.72696469219521,15.752713879327136,5.6129090928753405,28.06,7.071040464418523,7.139607171039801,0.777661904214815,12.675
2026-10-17 17:31:44,33.20065229162652,33.32890508087644,38.429223545917054,59.115,15.731479419817418,15.754924379816433,5.614190434545783,28.065,7.075498863483146,7.143630866595721,0.7780810952335313,12.68
2026-10-17 17:46:44,33.21993809217787,33.34109039606649,38.450821895270884,59.15,15.736965063372248,15.75945155262087,5.61567017905378,28.075,7.075498863483146,7.143630866595721,0.7780810952335313,12.68
2026-10-17 18:01:44,33.243687178817886,33.37104280522521,38.47699037415391,59.19,15.736965063372248,15.75945155262087,5.61567017905378,28.075,7.075498863483146,7.143630866595721,0.7780810952335313,12.68
2026-10-17 18:16:44,33.25428864594043,33.38766549310179,38.49083456049203,59.21,15.742930531073917,15.765684519844426,5.617367819034662,28.085,7.075498863483146,7.143630866595721,0.7780810952335313,12.68
2026-10-17 18:31:44,33.281838200000536,33.407989261173746,38.51827213049068,59.26,15.746319025496966,15.77057234222874,5.6187828256270755,28.09,7.079240055088962,7.145934637871274,0.778381105270693,12.685
2026-10-17 18:46:44,33.34198693169105,33.47456453693825,38.59037536814351,59.365,15.78464762691721,15.810354751054701,5.629521308331199,28.155,7.086169598904634,7.15517074568038,0.7791101834066416,12.695
2026-10-17 19:01:44,33.39336726820762,33.52888579806839,38.6442067676317,59.455,15.826247001069886,15.852106098880682,5.643718105220133,28.225,7.101048177417206,7.159407925350238,0.7803242547952043,12.715
2026-10-17 19:16:44,33.46055724477077,33.59533905691636,38.721540597701186,59.57,15.85116937451553,15.882120278223077,5.65208310340593,28.27,7.113888974619643,7.174159159487934,0.7819562920263199,12.74
2026-10-17 19:31:44,33.494396189074834,33.63034533216959,38.75441149521427,59.62,15.853959524440892,15.887521899602312,5.654502396438836,28.28,7.120259810049522,7.180481744339429,0.7825028483148774,12.75
2026-10-17 19:46:44,33.55689117752746,33.683934292626,38.81721704215318,59.715,15.87285654361682,15.909151703545984,5.661103645316022,28.315,7.125433977849648,7.1885371567510745,0.7833398764633837,12.76
2026-10-17 20:01:44,33.59060255443168,33.71909333616665,38.860700053498874,59.785,15.8904846893999,15.924455981746304,5.668103451999705,28.35,7.13424875699819,7.194607036105882,0.7843868547984161,12.775
2026-10-17 20:16:44,33.637139102910226,33.75629859380998,38.90963535784664,59.86,15.915712695295358,15.945861704706045,5.676102307702862,28.395,7.136815899221859,7.19684720722863,0.7846759017508972,12.78
2026-10-17 20:31:44,33.69888814487356,33.8050706798498,38.98458867839616,59.97,15.932861039379736,15.953658421811046,5.681399375617877,28.42,7.148657532783893,7.206947748042415,0.7859198403795064,12.8
2026-10-17 20:46:44,33.71352805751067,33.81961399978971,39.00020471752372,59.99,15.94106607358239,15.959023118456036,5.684118969737373,28.43,7.148657532783893,7.206947748042415,0.7859198403795064,12.8
2026-10-17 21:01:44,33.72600102144481,33.830251718166274,39.015027347404335,60.01,15.948508018497806,15.966810749789959,5.687946260294757,28.445,7.149851548221204,7.210350682066393,0.7861164932885213,12.805
2026-10-17 21:16:44,33.76315900466227,33.86589518641067,39.065175075205964,60.085,15.949820386451036,15.967907426858378,5.689176071791525,28.45,7.155845771467699,7.220867635117925,0.7868138896897309,12.82
2026-10-17 21:31:44,33.85346553948307,33.962139830227194,39.166139015370284,60.24,15.988586800172985,16.0058030758049,5.703108565956713,28.52,7.186164756889242,7.249726601979859,0.7901456551137368,12.865
2026-10-17 21:46:44,33.93881714921801,34.06022591239774,39.27243490703959,60.4,16.054728704593547,16.07540220050155,5.729305373535343,28.655,7.21948459241503,7.287418342414988,0.7938057947582193,12.92
2026-10-17 22:01:44,33.97722815299112,34.094808452344104,39.31155683455171,60.47,16.096654961759057,16.12215803729542,5.744725915436095,28.735,7.2377076396374855,7.309276017483539,0.7962144167646212,12.955
2026-10-17 22:16:44,34.071001372344604,34.18896599522954,39.43469640723311,60.655,16.13250193652374,16.152970679203012,5.756820922140319,28.8,7.262694066461777,7.332605872513973,0.7990085293393425,13.0
2026-10-17 22:31:44,34.104708343810394,34.21395709835176,39.47315171161113,60.72,16.153229584826867,16.176692571441464,5.762497091032262,28.83,7.265909809182787,7.335071838979149,0.799446281230182,13.005
2026-10-17 22:46:44,34.14238488120295,34.25212833155585,39.52009613337724,60.79,16.184393567807646,16.209311276001287,5.77523320415461,28.895,7.2739254245752525,7.3401039202128,0.8002143084175125,13.02
2026-10-17 23:01:44,34.16063579982726,34.27108510171823,39.54569951685175,60.825,16.204019431608025,16.233221984689322,5.783624435685159,28.935,7.294812234383161,7.350653476447411,0.8017994838007569,13.045
2026-10-17 23:16:44,34.17713942333092,34.28022748234833,39.556701285138416,60.85,16.212101496204962,16.24210438435281,5.787811282685296,28.955,7.299651319674807,7.3551935259868975,0.8022329910696774,13.05
2026-10-17 23:31:44,34.23219153309119,34.33158556371136,39.622778513647845,60.95,16.233039392226733,16.262833032052704,5.794667014246476,28.99,7.315598424369956,7.36913390619475,0.8042961997700568,13.08
2026-10-17 23:46:44,34.30766718650483,34.406111348800046,39.70681605893969,61.09,16.27015058299189,16.30202157011996,5.810287491191039,29.06,7.324628355894211,7.377449210251607,0.8064898937807592,13.105
2026-10-18 00:01:44,34.38791314030401,34.48621081293397,39.794321213423665,61.225,16.331970880343228,16.366575284119246,5.8320766403927164,29.16,7.351162751512323,7.4074230744059,0.8096868619306938,13.15
2026-10-18 00:16:44,34.494196590724506,34.5901263282543,39.92555466765105,61.425,16.38072053087584,16.415480141228702,5.8487406434678615,29.245,7.371251357159092,7.42918901367624,0.8123222343977528,13.195
2026-10-18 00:31:44,34.52537157356468,34.617102448058986,39.970996632656885,61.48,16.389370402182116,16.427653756247853,5.851489393555736,29.26,7.377313650678175,7.434449956919801,0.8133049236883211,13.21
2026-10-18 00:46:44,34.536265512470045,34.62813060506817,39.98654742043669,61.5,16.389370402182116,16.427653756247853,5.851489393555736,29.26,7.37899866313911,7.437241160436213,0.8135250878671942,13.215
2026-10-18 01:01:44,34.564550560833354,34.65425196817756,40.015693230939696,61.545,16.403951473969954,16.443731412257833,5.857588337220855,29.29,7.382658791876136,7.4420235525609115,0.8137928866177848,13.22
2026-10-18 01:16:44,34.58646057035285,34.683120814965385,40.04410070929038,61.59,16.41949466051771,16.464651460207683,5.862886555245706,29.32,7.392605469525023,7.452683451913919,0.8147120909264384,13.24
2026-10-18 01:31:44,34.6441741556781,34.75071899662744,40.111813113074696,61.705,16.459743680571055,16.49894155041639,5.876193266666515,29.38,7.400447148805945,7.462542698488658,0.8156949716372134,13.255
2026-10-18 01:46:44,34.65996922252832,34.7666558613095,40.12718947162492,61.73,16.472063345723004,16.51135274856182,5.880807678690286,29.405,7.404500029699554,7.465696196748613,0.816078970747264,13.26
2026-10-18 02:01:44,34.686782994585876,34.7887253238742,40.15012850293157,61.765,16.489527547669752,16.53337516522505,5.888305715618488,29.435,7.415198624133699,7.472358474031069,0.8172263695657708,13.275
2026-10-18 02:16:44,34.76672195128971,34.86195479331521,40.242870452343126,61.905,16.521516559778902,16.56908538666038,5.898168460057677,29.49,7.4327157545566,7.497640120665861,0.8195201516922911,13.315
2026-10-18 02:31:44,34.818665418862906,34.92010136515124,40.31574845390593,62.005,16.55024538223951,16.602396721892475,5.909921563986409,29.545,7.449369415790968,7.517512508406851,0.822068085450749,13.35
2026-10-18 02:46:44,34.84036093585388,34.93864608874234,40.33773229722089,62.04,16.566144907462235,16.62341486962241,5.916456574652405,29.58,7.449369415790968,7.517512508406851,0.822068085450749,13.35
2026-10-18 03:01:44,34.911267556299,34.99398882501919,40.42273659735029,62.155,16.586723718928262,16.64092274312259,5.9235001759225385,29.615,7.46185616902059,7.525972615209616,0.8230731714954768,13.365
2026-10-18 03:16:44,34.961550478603264,35.033912153151874,40.482974407967035,62.24,16.603209633090948,16.656341278119445,5.9288844216906655,29.64,7.46988528907689,7.53842087181388,0.8241408001166538,13.38
2026-10-18 03:31:44,34.99330251241794,35.0577306845827,40.51717015061018,62.29,16.625405114447446,16.678970139907516,5.936810073243716,29.685,7.474828425596814,7.542269676827687,0.8246916444148057,13.39
2026-10-18 03:46:44,35.00410635884693,35.06720563684168,40.53102051102963,62.31,16.64448347799086,16.69715697726185,5.942373513339384,29.715,7.479834506113145,7.54934996448215,0.8252626195592007,13.4
2026-10-18 04:01:44,35.01847531114438,35.08223631625162,40.553026583549666,62.34,16.66100029543815,16.721681227428803,5.946886039682779,29.745,7.482981054440964,7.556468335522014,0.8258765867949802,13.41
2026-10-18 04:16:44,35.060368401380074,35.11875702303366,40.600118537207834,62.415,16.676248240791985,16.733932092166416,5.952838994882724,29.77,7.513464308627733,7.581914441413632,0.8281289586372447,13.45
2026-10-18 04:31:44,35.08536838117462,35.14695996837194,40.62934858168364,62.46,16.689825340059063,16.745480500496356,5.957081434859894,29.795,7.532901944945957,7.598248714479596,0.8297509647803454,13.475
2026-10-18 04:46:44,35.11785952221534,35.17748425400397,40.65343782578343,62.505,16.70531168594177,16.75971673481032,5.963116456455142,29.82,7.537235567051015,7.602282892655517,0.8301705083943847,13.48
2026-10-18 05:01:44,35.15509273168817,35.21023929688374,40.70221947003712,62.57,16.70639496618596,16.762027686692,5.9640612060025795,29.825,7.541629806620224,7.604881337440368,0.8304203378623992,13.485
2026-10-18 05:16:44,35.182361206297244,35.23239719261251,40.73143382992367,62.605,16.712081672570083,16.767614664578247,5.965597275428021,29.835,7.545011786838626,7.607630899878728,0.8306573834346734,13.49
2026-10-18 05:31:44,35.201911777461305,35.24439929656108,40.74765780204112,62.63,16.724942645780676,16.78381420101792,5.969151318975271,29.855,7.547410806156901,7.611927898617024,0.8310836726605102,13.495
2026-10-18 05:46:44,35.21580007949161,35.25476538380328,40.76008090986262,62.65,16.728690358230633,16.787062523966146,5.969844019920925,29.86,7.547410806156901,7.611927898617024,0.8310836726605102,13.495
2026-10-18 06:01:44,35.240766023561676,35.26901635114431,40.78657417051504,62.685,16.740646588763923,16.7952828032459,5.9744248621708165,29.88,7.55389718706868,7.617494862921583,0.8316131510135724,13.505
2026-10-18 06:16:44,35.263895670719144,35.288035623563275,40.80920096397431,62.715,16.754052919975308,16.805839071309332,5.9787233536843125,29.9,7.55389718706868,7.617494862921583,0.8316131510135724,13.505
2026-10-18 06:31:44,35.3198160138058,35.350497182270814,40.86930286752458,62.82,16.779252957161642,16.82817975421086,5.985060495485052,29.935,7.564740450350531,7.6244492086931395,0.8322921258159731,13.52
2026-10-18 06:46:44,35.33462438651254,35.36322993119022,40.88652450441677,62.845,16.78837074853681,16.837038276591183,5.987896895135188,29.95,7.564740450350531,7.6244492086931395,0.8322921258159731,13.52
2026-10-18 07:01:44,35.35707204625349,35.38590169702708,40.91552883904145,62.89,16.803395097708012,16.854581781049358,5.993486020531593,29.98,7.564740450350531,7.6244492086931395,0.8322921258159731,13.52
2026-10-18 07:16:44,35.364826162457945,35.39926896417659,40.92420880544911,62.91,16.806891291031857,16.85678828855202,5.994163842531052,29.985,7.564740450350531,7.6244492086931395,0.8322921258159731,13.52
2026-10-18 07:31:44,35.37260416122911,35.40703451993066,40.93510551225235,62.93,16.809192590079558,16.860762484467653,5.994833791388101,29.99,7.564740450350531,7.6244492086931395,0.8322921258159731,13.52
2026-10-18 07:46:44,35.396726178502014,35.424660540085355,40.953844890844834,62.965,16.82756680681377,16.87875301625254,6.001961527350033,30.02,7.564740450350531,7.6244492086931395,0.8322921258159731,13.52
2026-10-18 08:01:44,35.40425581109921,35.4330293465015,40.964030017235984,62.98,16.837305117770274,16.885225865837274,6.004724712145419,30.035,7.565844685975186,7.6275110775773625,0.8324408915423794,13.525
2026-10-18 08:16:44,35.425034385618254,35.45304685617378,40.98598592447255,63.015,16.84671385473655,16.89355641868025,6.007461374678146,30.05,7.565844685975186,7.6275110775773625,0.8324408915423794,13.525
2026-10-18 08:31:44,35.43705891615439,35.47253643863276,41.000031640494534,63.04,16.84671385473655,16.89355641868025,6.007461374678146,30.05,7.565844685975186,7.6275110775773625,0.8324408915423794,13.525
2026-10-18 08:46:44,35.46183259260187,35.494669433954236,41.02498540775562,63.08,16.85438398140583,16.904056106531083,6.0099916209409,30.065,7.57028326504811,7.629530057911476,0.83259760933124,13.53
2026-10-18 09:01:44,35.476524457535525,35.50997733410572,41.03585460442114,63.1,16.86525060857427,16.91345999126366,6.013411183377391,30.08,7.57028326504811,7.629530057911476,0.83259760933124,13.53
2026-10-18 09:16:44,35.492162474086136,35.5211011905318,41.05406458487006,63.13,16.87845445814564,16.92323489585553,6.016945047121227,30.1,7.573280833944991,7.632976471645754,0.8329166349216903,13.535
2026-10-18 09:31:44,35.508481315288144,35.53367525395556,41.07458284248909,63.16,16.881694663093427,16.926964093720116,6.018320637194709,30.105,7.578021417723552,7.637556718649997,0.833389304748707,13.545
2026-10-18 09:46:44,35.51584955527737,35.54035769517809,41.07926306636702,63.17,16.890223092242483,16.935445139118237,6.022591659802242,30.12,7.580782341482619,7.642077694927346,0.833662493332628,13.55
2026-10-18 10:01:44,35.53149543478144,35.55584765473851,41.09544251322071,63.195,16.892797752883308,16.939269261585583,6.025386027589983,30.13,7.585403880844547,7.6461513949174815,0.8339972080572603,13.555
2026-10-18 10:16:44,35.54948024121697,35.56843631878604,41.115956359354236,63.225,16.91748138024683,16.958564132287787,6.031868379566984,30.165,7.590190538759179,7.650999529244022,0.8344808397590641,13.56
2026-10-18 10:31:44,35.554667007782385,35.57210970089078,41.1253941529061,63.235,16.91748138024683,16.958564132287787,6.031868379566984,30.165,7.590190538759179,7.650999529244022,0.8344808397590641,13.56
2026-10-18 10:46:44,35.56886954386829,35.58777396559767,41.14387126213294,63.26,16.922438828755293,16.962859484136466,6.032704945765592,30.17,7.590190538759179,7.650999529244022,0.8344808397590641,13.56
2026-10-18 11:01:44,35.58889530444067,35.602090797084045,41.16276134062669,63.29,16.922438828755293,16.962859484136466,6.032704945765592,30.17,7.590190538759179,7.650999529244022,0.8344808397590641,13.56
2026-10-18 11:16:44,35.59116903303892,35.60872336837175,41.17025659366719,63.3,16.92600176262769,16.970279892520168,6.034326158406152,30.18,7.590190538759179,7.650999529244022,0.8344808397590641,13.56
2026-10-18 11:31:44,35.59985265165384,35.6191360059586,41.18011764040775,63.32,16.92719653856459,16.97331184409744,6.035674464978855,30.185,7.590190538759179,7.650999529244022,0.8344808397590641,13.56
2026-10-18 11:46:44,35.59985265165384,35.6191360059586,41.18011764040775,63.32,16.92890345376313,16.97814194825042,6.03625105799724,30.19,7.594852170757178,7.653038041796943,0.8346966566551655,13.565
2026-10-18 12:01:44,35.59985265165384,35.6191360059586,41.18011764040775,63.32,16.92890345376313,16.97814194825042,6.03625105799724,30.19,7.594852170757178,7.653038041796943,0.8346966566551655,13.565
2026-10-18 12:16:44,35.65161542639566,35.66871429956216,41.23525764597147,63.41,16.963494451602788,17.011428601364326,6.046695519334678,30.245,7.598816164396266,7.660623806298205,0.835437167337927,13.575
2026-10-18 12:31:44,35.65161542639566,35.66871429956216,41.23525764597147,63.41,16.963494451602788,17.011428601364326,6.046695519334678,30.245,7.598816164396266,7.660623806298205,0.835437167337927,13.575
2026-10-18 12:46:44,35.65262173418795,35.67266910265929,41.23868376009691,63.415,16.963494451602788,17.011428601364326,6.046695519334678,30.245,7.598816164396266,7.660623806298205,0.835437167337927,13.575
2026-10-18 13:01:44,35.680552318453316,35.69452807366287,41.268315290860905,63.465,16.966930320820413,17.01225028694309,6.047290088871335,30.25,7.598816164396266,7.660623806298205,0.835437167337927,13.575
2026-10-18 13:16:44,35.680552318453316,35.69452807366287,41.268315290860905,63.465,16.966930320820413,17.01225028694309,6.047290088871335,30.25,7.6022508251220655,7.664711969961275,0.8356559279264102,13.58
2026-10-18 13:31:44,35.68970589731777,35.706589081969845,41.277502851656855,63.485,16.966930320820413,17.01225028694309,6.047290088871335,30.25,7.6022508251220655,7.664711969961275,0.8356559279264102,13.58
2026-10-18 13:46:44,35.70929083525414,35.73170589714102,41.30842407553063,63.53,16.966930320820413,17.01225028694309,6.047290088871335,30.25,7.6022508251220655,7.664711969961275,0.8356559279264102,13.58
2026-10-18 14:01:44,35.75043729340325,35.77766476110147,41.35638096751396,63.6,16.97509168522512,17.025511725377022,6.0519113048685,30.275,7.605731341697369,7.670450113743981,0.8360754875262572,13.59
2026-10-18 14:16:44,35.772539029992004,35.793102399541404,41.377338100671686,63.64,16.97509168522512,17.025511725377022,6.0519113048685,30.275,7.608702234924533,7.675221186597974,0.8364045565002421,13.595
2026-10-18 14:31:44,35.772539029992004,35.793102399541404,41.377338100671686,63.64,16.97830131670025,17.02886268887204,6.052437808311681,30.28,7.608702234924533,7.675221186597974,0.8364045565002421,13.595
2026-10-18 14:46:44,35.78099407957472,35.80178057334315,41.390489113099456,63.66,16.980642252455887,17.031730544979073,6.053191240366398,30.285,7.608702234924533,7.675221186597974,0.8364045565002421,13.595
2026-10-18 15:01:44,35.78851177556837,35.80705687793306,41.39829590297027,63.675,16.984149051726284,17.036726708228525,6.055467458261115,30.295,7.608702234924533,7.675221186597974,0.8364045565002421,13.595
2026-10-18 15:16:44,35.80670418055291,35.82228031240254,41.42233909741182,63.705,16.984149051726284,17.036726708228525,6.055467458261115,30.295,7.6139549078973845,7.679778750850212,0.8370872660694885,13.605
2026-10-18 15:31:44,35.810948952960246,35.82884926099035,41.42828346236265,63.715,16.989145318697776,17.04231675453802,6.057817265126783,30.305,7.6139549078973845,7.679778750850212,0.8370872660694885,13.605
2026-10-18 15:46:44,35.825628488839705,35.84558642885975,41.45044706326468,63.745,16.989145318697776,17.04231675453802,6.057817265126783,30.305,7.6139549078973845,7.679778750850212,0.8370872660694885,13.605
2026-10-18 16:01:44,35.82980213014572,35.850757960489084,41.4573426314747,63.755,17.001890204540288,17.05951594550025,6.063599508910431,30.33,7.6139549078973845,7.679778750850212,0.8370872660694885,13.605
2026-10-18 16:16:44,35.82980213014572,35.850757960489084,41.4573426314747,63.755,17.001890204540288,17.05951594550025,6.063599508910431,30.33,7.618902993998831,7.687547129443412,0.8377061000207017,13.615
2026-10-18 16:31:44,35.83255976330616,35.85177648910886,41.46231279188441,63.76,17.001890204540288,17.05951594550025,6.063599508910431,30.33,7.618902993998831,7.687547129443412,0.8377061000207017,13.615
2026-10-18 16:46:44,35.8420664848872,35.86518424840665,41.47266940749525,63.78,17.00678314250558,17.060543568135337,6.064550397234917,30.335,7.625148268313973,7.6912818297374015,0.8381129078740355,13.625
2026-10-18 17:01:44,35.855619998682805,35.87303398197455,41.492824459614816,63.805,17.015672126004404,17.06720923829753,6.06698578572661,30.35,7.625148268313973,7.6912818297374015,0.8381129078740355,13.625
2026-10-18 17:16:44,35.85646367743946,35.875653131122796,41.496815957611354,63.81,17.018065962438953,17.068098464817428,6.067709861737055,30.355,7.625148268313973,7.6912818297374015,0.8381129078740355,13.625
2026-10-18 17:31:44,35.868359118509694,35.890044909660254,41.50794852378608,63.83,17.029029203498744,17.080084727042767,6.071651881785125,30.37,7.625148268313973,7.6912818297374015,0.8381129078740355,13.625
2026-10-18 17:46:44,35.871475930208554,35.89655314237501,41.51409514440187,63.84,17.035682435151145,17.090221946250146,6.075274725171018,30.385,7.625951658532733,7.693352325374511,0.8383941838840093,13.63
2026-10-18 18:01:44,35.873471269608835,35.89979479004136,41.517718398183064,63.845,17.0387736425542,17.091667353821528,6.076375883006403,30.39,7.625951658532733,7.693352325374511,0.8383941838840093,13.63
2026-10-18 18:16:44,35.88872957123533,35.91122012684492,41.53311375826468,63.875,17.049374764417287,17.102018316353153,6.079265919008218,30.405,7.625951658532733,7.693352325374511,0.8383941838840093,13.63
2026-10-18 18:31:44,35.94760662764055,35.95817544616515,41.589084010048595,63.97,17.073553291792024,17.122194004534137,6.086274129911626,30.445,7.629064486298012,7.698557550155298,0.8389595919090533,13.64
2026-10-18 18:46:44,35.96468013307145,35.975370312929336,41.60802131414348,64.0,17.079166425739484,17.126958748688516,6.088152541878688,30.455,7.633288651800078,7.704713283783756,0.8395550937930655,13.65
2026-10-18 19:01:44,35.99781493405747,36.0033603076109,41.639945631711385,64.045,17.089497437715984,17.134244847198012,6.0918150552253,30.47,7.63571333906174,7.7077595696213494,0.8397483309778898,13.655
2026-10-18 19:16:44,36.04916412637847,36.0464839939399,41.70043010421671,64.13,17.106950784727363,17.151729369135456,6.098693207387366,30.5,7.641196760630631,7.719634044136052,0.840625975752637,13.67
2026-10-18 19:31:44,36.082474875964195,36.08702951773307,41.7449514551272,64.205,17.12711157429924,17.172922209517818,6.107863981874576,30.545,7.646504062747257,7.7259664615624875,0.8412516486050293,13.68
2026-10-18 19:46:44,36.082474875964195,36.08702951773307,41.7449514551272,64.205,17.12711157429924,17.172922209517818,6.107863981874576,30.545,7.646504062747257,7.7259664615624875,0.8412516486050293,13.68
2026-10-18 20:01:44,36.09770554936163,36.10647382009343,41.764153957607235,64.23,17.130511196794284,17.1752678804829,6.108497358982501,30.55,7.646504062747257,7.7259664615624875,0.8412516486050293,13.68
2026-10-18 20:16:44,36.099900846926175,36.110092377806005,41.770931627267714,64.24,17.134034677347646,17.178731306245826,6.109063991588653,30.555,7.646504062747257,7.7259664615624875,0.8412516486050293,13.68
2026-10-18 20:31:44,36.119116049097464,36.13201561188452,41.79798961471189,64.275,17.151991750778333,17.20022719818453,6.115020662675335,30.585,7.657295346231324,7.7349567339709795,0.84256482208037,13.7
2026-10-18 20:46:44,36.23742373614493,36.222617236476225,41.91994163275673,64.47,17.18328305366648,17.22301912033743,6.125027207906228,30.635,7.675820436452961,7.750365519578512,0.8445427313164913,13.73
2026-10-18 21:01:44,36.29432125681443,36.27314773716421,41.978804278953675,64.56,17.22830300898175,17.272317301143286,6.143706701633248,30.725,7.69141604924365,7.769258014160867,0.8464340114764896,13.76
2026-10-18 21:16:44,36.35887153467028,36.33857764427233,42.06554673133169,64.685,17.268775004113866,17.312899356931453,6.1574176339352515,30.795,7.698741143685823,7.776829101690879,0.8476301053052246,13.775
2026-10-18 21:31:44,36.42310517563467,36.405725567557354,42.145048330069365,64.805,17.292100134756872,17.332495531573702,6.164692271671892,30.83,7.7016037162840645,7.781412363911514,0.8483376168873378,13.785
2026-10-18 21:46:44,36.524943568115475,36.50108761522896,42.276301553388464,64.99,17.333753150119826,17.384409223549586,6.179994080140909,30.915,7.733775235903246,7.810665677428288,0.8511865897681473,13.835
2026-10-18 22:01:44,36.58217597982119,36.571589832217484,42.35648224148286,65.105,17.357607877601705,17.417957381064284,6.18982736093828,30.965,7.772022491586095,7.839881495078632,0.8539968587096184,13.885
2026-10-18 22:16:44,36.65438249987326,36.63729857392774,42.43131939612528,65.225,17.390275820127187,17.45469618061776,6.201673363344494,31.025,7.7965051298358246,7.8652350330846446,0.8566149825946666,13.93
2026-10-18 22:31:44,36.75404003067315,36.71862883005081,42.53911008979754,65.39,17.467941152914182,17.549260562569696,6.23218672027801,31.175,7.831276867422806,7.911115658606166,0.8609333770390197,14.0
2026-10-18 22:46:44,36.82245331601215,36.8077859687846,42.62403908746526,65.525,17.527391477130212,17.608445040811834,6.254129956272285,31.275,7.855961129463263,7.9372853175003515,0.8638785994938843,14.05
2026-10-18 23:01:44,36.88234663908686,36.859446501112906,42.69370737097502,65.63,17.580721150656217,17.65456259718983,6.272593110126529,31.36,7.869697285222677,7.952890650766389,0.8652575702940395,14.075
2026-10-18 23:16:44,37.008934280872005,37.00554495426348,42.84866090396972,65.86,17.64259254194878,17.729372689043117,6.298564616156123,31.495,7.910395410444204,7.982845345977121,0.870251905635699,14.145
2026-10-18 23:31:44,37.186467890507274,37.19219685961628,43.058695907319,66.185,17.743764618848243,17.827255981474465,6.334009076098031,31.67,7.951797004906088,8.022458199761987,0.8744292069644705,14.21
2026-10-18 23:46:44,37.25678450223402,37.25881535529958,43.1332389599685,66.305,17.780748078316066,17.86755619831178,6.347499824688004,31.735,7.955740318547663,8.027929718398791,0.8750091981180473,14.22
2026-10-19 00:01:44,37.314848190245456,37.31272487079668,43.19280203848099,66.4,17.801038785789018,17.88310005087663,6.353525735782855,31.765,7.978070167673434,8.057887263955543,0.8777004166563427,14.265
2026-10-19 00:16:44,37.33773566018224,37.33521554325744,43.22028958097304,66.435,17.825324896449835,17.908529935595457,6.36030318746777,31.805,7.983477348666421,8.064051351501773,0.878432467791957,14.275
2026-10-19 00:31:44,37.3875009808496,37.38734032587098,43.278036263158306,66.525,17.891917474315253,17.971322241976274,6.381549228053604,31.91,7.990811535947495,8.074127327272409,0.8792922345334432,14.29
2026-10-19 00:46:44,37.443710852365385,37.437488420013,43.334840835233,66.62,17.923744231093774,17.99569813205573,6.3910307487856635,31.96,7.9948324082656494,8.078507145389485,0.8797811546732307,14.3
2026-10-19 01:01:44,37.47954788040369,37.475939318061336,43.37576937611031,66.68,17.942986004586693,18.015754171646613,6.397546333228499,31.995,7.998445864597176,8.079905567614535,0.8799072136911134,14.305
2026-10-19 01:16:44,37.53752690522358,37.536564551387976,43.43872043563903,66.785,17.97090582837424,18.047681810683812,6.407783214703633,32.045,8.00995536217376,8.09469019705745,0.880906775932947,14.325
2026-10-19 01:31:44,37.59119064415346,37.594169498782854,43.496370396657476,66.885,18.010328045714576,18.0868881331997,6.4224040259566575,32.115,8.018280402442903,8.102644608335849,0.881340155311227,14.335
2026-10-19 01:46:44,37.69534999106779,37.69909246242313,43.61854100989977,67.07,18.070105158955673,18.13589783776305,6.442800471864597,32.225,8.04973566248032,8.130541321052446,0.8837509153590503,14.385
2026-10-19 02:01:44,37.73864088718891,37.75215330319199,43.67713565161519,67.16,18.103433324714644,18.15871400264643,6.4530305270125305,32.27,8.056235117037735,8.134789859764522,0.8844413950211696,14.395
2026-10-19 02:16:44,37.751104247357866,37.76165758513724,43.69180329460816,67.18,18.10985762951951,18.169244319680754,6.456030125693305,32.285,8.056235117037735,8.134789859764522,0.8844413950211696,14.395
2026-10-19 02:31:44,37.76690565032154,37.7863252063175,43.71312360941749,67.215,18.116938226154566,18.175911000664787,6.4590445112255415,32.3,8.067784731553902,8.146653416512306,0.8854953967963927,14.42
2026-10-19 02:46:44,37.80282719840999,37.82788795454209,43.75780475605525,67.285,18.151772006704597,18.216338576334554,6.475632678425309,32.375,8.079376764708442,8.170680860273807,0.8873061594138539,14.45
2026-10-19 03:01:44,37.8517762488651,37.88728946923005,43.81370394425989,67.375,18.180480216709064,18.247549672295605,6.485205025929339,32.43,8.093338270497961,8.187727548085032,0.8887271276332794,14.47
2026-10-19 03:16:44,37.90856749773077,37.93486109575717,43.871645815805046,67.465,18.207431190696283,18.271547685170795,6.492723721642446,32.475,8.108527108780326,8.205678674399323,0.8904116723884667,14.505
2026-10-19 03:31:44,37.920051648264234,37.94839370642596,43.88786846108282,67.485,18.21688229079443,18.28001642107049,6.49602114352903,32.49,8.108527108780326,8.205678674399323,0.8904116723884667,14.505
2026-10-19 03:46:44,37.92420622503127,37.957584745115476,43.90054546508956,67.505,18.22105486404142,18.282826827572656,6.496712861212999,32.495,8.108527108780326,8.205678674399323,0.8904116723884667,14.505
2026-10-19 04:01:44,37.92896269888651,37.9596872424437,43.902464707446875,67.51,18.221834927819867,18.28488605146194,6.497969672436397,32.5,8.11195480597237,8.208015626538154,0.8907712964808342,14.51
2026-10-19 04:16:44,37.93490461753312,37.96605860697255,43.90866261239666,67.52,18.23052938078654,18.2926227976833,6.5000122280711405,32.515,8.11195480597237,8.208015626538154,0.8907712964808342,14.51
2026-10-19 04:31:44,37.94016959486212,37.97528267554997,43.91634759079694,67.53,18.236762667825246,18.299315171902037,6.5033215853774715,32.53,8.123918259400345,8.2228486806423,0.8922676266425651,14.535
2026-10-19 04:46:44,37.95151442455499,37.98120360978497,43.925401145415684,67.545,18.24000312658637,18.301787290595534,6.505008424137167,32.54,8.123918259400345,8.2228486806423,0.8922676266425651,14.535
2026-10-19 05:01:44,37.99896328174138,38.021621536403835,43.96656080527681,67.61,18.268373373342513,18.329371873327954,6.517216876861503,32.595,8.134642476335381,8.230163198078962,0.8931159637989795,14.55
2026-10-19 05:16:44,37.99896328174138,38.021621536403835,43.96656080527681,67.61,18.268373373342513,18.329371873327954,6.517216876861503,32.595,8.134642476335381,8.230163198078962,0.8931159637989795,14.55
2026-10-19 05:31:44,37.99896328174138,38.021621536403835,43.96656080527681,67.61,18.268373373342513,18.329371873327954,6.517216876861503,32.595,8.134642476335381,8.230163198078962,0.8931159637989795,14.55
2026-10-19 05:46:44,37.99896328174138,38.021621536403835,43.96656080527681,67.61,18.268373373342513,18.329371873327954,6.517216876861503,32.595,8.134642476335381,8.230163198078962,0.8931159637989795,14.55
2026-10-19 06:01:44,37.99896328174138,38.021621536403835,43.96656080527681,67.61,18.268373373342513,18.329371873327954,6.517216876861503,32.595,8.134642476335381,8.230163198078962,0.8931159637989795,14.55
2026-10-19 06:16:44,37.99896328174138,38.021621536403835,43.96656080527681,67.61,18.268373373342513,18.329371873327954,6.517216876861503,32.595,8.134642476335381,8.230163198078962,0.8931159637989795,14.55
2026-10-19 06:31:44,37.99896328174138,38.021621536403835,43.96656080527681,67.61,18.268373373342513,18.329371873327954,6.517216876861503,32.595,8.134642476335381,8.230163198078962,0.8931159637989795,14.55
2026-10-19 06:46:44,38.00388620488382,38.02378823177408,43.96967890216337,67.615,18.268373373342513,18.329371873327954,6.517216876861503,32.595,8.134642476335381,8.230163198078962,0.8931159637989795,14.55
2026-10-19 07:01:44,38.03141200323942,38.050189266845834,44.005200617157165,67.665,18.293076085888234,18.356392430503742,6.52613455718733,32.64,8.138861433913775,8.231275509572223,0.8935860408380818,14.555
2026-10-19 07:16:44,38.056561829826734,38.082915500511426,44.03514264914649,67.72,18.299365093557967,18.366256609412876,6.528666560269614,32.655,8.141567454241292,8.234858758244414,0.8943713734656246,14.565
2026-10-19 07:31:44,38.09191230891854,38.11861122337163,44.07291406212205,67.78,18.315626100712464,18.386824636275843,6.5331839902335656,32.685,8.151292165516915,8.247685090715573,0.895425732605756,14.58
2026-10-19 07:46:44,38.09191230891854,38.11861122337163,44.07291406212205,67.78,18.315626100712464,18.386824636275843,6.5331839902335656,32.685,8.15413491507086,8.249753960314267,0.8958353818262198,14.585
2026-10-19 08:01:44,38.09191230891854,38.11861122337163,44.07291406212205,67.78,18.315626100712464,18.386824636275843,6.5331839902335656,32.685,8.15413491507086,8.249753960314267,0.8958353818262198,14.585
2026-10-19 08:16:44,38.09191230891854,38.11861122337163,44.07291406212205,67.78,18.315626100712464,18.386824636275843,6.5331839902335656,32.685,8.154836814493255,8.25045062116121,0.896089614728611,14.59
2026-10-19 08:31:44,38.09191230891854,38.11861122337163,44.07291406212205,67.78,18.315626100712464,18.386824636275843,6.5331839902335656,32.685,8.154836814493255,8.25045062116121,0.896089614728611,14.59
2026-10-19 08:46:44,38.09191230891854,38.11861122337163,44.07291406212205,67.78,18.315626100712464,18.386824636275843,6.5331839902335656,32.685,8.154836814493255,8.25045062116121,0.896089614728611,14.59
2026-10-19 09:01:44,38.09191230891854,38.11861122337163,44.07291406212205,67.78,18.315626100712464,18.386824636275843,6.5331839902335656,32.685,8.154836814493255,8.25045062116121,0.896089614728611,14.59
2026-10-19 09:16:44,38.09191230891854,38.11861122337163,44.07291406212205,67.78,18.316464618757436,18.388061717952663,6.534249526010974,32.69,8.154836814493255,8.25045062116121,0.896089614728611,14.59
2026-10-19 09:31:44,38.09191230891854,38.11861122337163,44.07291406212205,67.78,18.317185262757487,18.389498454411346,6.535402986523078,32.695,8.154836814493255,8.25045062116121,0.896089614728611,14.59
2026-10-19 09:46:44,38.09471761461708,38.12350586658624,44.075874173025284,67.785,18.317185262757487,18.389498454411346,6.535402986523078,32.695,8.154836814493255,8.25045062116121,0.896089614728611,14.59
2026-10-19 10:01:44,38.11898027645137,38.14459835499743,44.10541185739593,67.83,18.332429738700544,18.41038411791846,6.538565894397771,32.72,8.154836814493255,8.25045062116121,0.896089614728611,14.59
2026-10-19 10:16:44,38.11898027645137,38.14459835499743,44.10541185739593,67.83,18.332429738700544,18.41038411791846,6.538565894397771,32.72,8.154836814493255,8.25045062116121,0.896089614728611,14.59
2026-10-19 10:31:44,38.127787642200104,38.15967525873593,44.1187228392078,67.85,18.332429738700544,18.41038411791846,6.538565894397771,32.72,8.154836814493255,8.25045062116121,0.896089614728611,14.59
2026-10-19 10:46:44,38.127787642200104,38.15967525873593,44.1187228392078,67.85,18.332429738700544,18.41038411791846,6.538565894397771,32.72,8.154836814493255,8.25045062116121,0.896089614728611,14.59
2026-10-19 11:01:44,38.127787642200104,38.15967525873593,44.1187228392078,67.85,18.332429738700544,18.41038411791846,6.538565894397771,32.72,8.154836814493255,8.25045062116121,0.896089614728611,14.59
2026-10-19 11:16:44,38.127787642200104,38.15967525873593,44.1187228392078,67.85,18.332429738700544,18.41038411791846,6.538565894397771,32.72,8.154836814493255,8.25045062116121,0.896089614728611,14.59
2026-10-19 11:31:44,38.127787642200104,38.15967525873593,44.1187228392078,67.85,18.332429738700544,18.41038411791846,6.538565894397771,32.72,8.154836814493255,8.25045062116121,0.896089614728611,14.59
2026-10-19 11:46:44,38.127787642200104,38.15967525873593,44.1187228392078,67.85,18.341355362479952,18.414517314276605,6.5410121634933605,32.73,8.154836814493255,8.25045062116121,0.896089614728611,14.59
2026-10-19 12:01:44,38.127787642200104,38.15967525873593,44.1187228392078,67.85,18.34460311323021,18.418156670213325,6.5421024802314065,32.735,8.154836814493255,8.25045062116121,0.896089614728611,14.59
2026-10-19 12:16:44,38.13290992030363,38.16909158028455,44.126555958556395,67.86,18.34753020989834,18.420305504235515,6.542843118451405,32.74,8.154836814493255,8.25045062116121,0.896089614728611,14.59
2026-10-19 12:31:44,38.155513436959936,38.1810216984894,44.147263417885554,67.89,18.3482396782766,18.42133017084811,6.54363135710075,32.745,8.154836814493255,8.25045062116121,0.896089614728611,14.59
2026-10-19 12:46:44,38.155513436959936,38.1810216984894,44.147263417885554,67.89,18.3482396782766,18.42133017084811,6.54363135710075,32.745,8.154836814493255,8.25045062116121,0.896089614728611,14.59
2026-10-19 13:01:44,38.155513436959936,38.1810216984894,44.147263417885554,67.89,18.35053351127526,18.422914845602868,6.5448216415147655,32.75,8.154836814493255,8.25045062116121,0.896089614728611,14.59
2026-10-19 13:16:44,38.16627298338708,38.1947187943622,44.16373683123097,67.915,18.35053351127526,18.422914845602868,6.5448216415147655,32.75,8.154836814493255,8.25045062116121,0.896089614728611,14.59
2026-10-19 13:31:44,38.17310200037121,38.20306695811745,44.1675264525454,67.925,18.35053351127526,18.422914845602868,6.5448216415147655,32.75,8.154836814493255,8.25045062116121,0.896089614728611,14.59
2026-10-19 13:46:44,38.18179348165445,38.218017744790444,44.18269574271452,67.95,18.35207757691087,18.426955579725526,6.545913900643555,32.755,8.157656943798173,8.251590669788305,0.8964603494616138,14.595
2026-10-19 14:01:44,38.20310197193519,38.240332778118855,44.208961636280996,67.985,18.355557976837005,18.429636200663577,6.546764482153668,32.76,8.157656943798173,8.251590669788305,0.8964603494616138,14.595
2026-10-19 14:16:44,38.23265482972486,38.26486076719809,44.23458039946769,68.03,18.355557976837005,18.429636200663577,6.546764482153668,32.76,8.162672712716198,8.258469981141145,0.8969719055089116,14.605
2026-10-19 14:31:44,38.234418259784725,38.268480682374694,44.238538677654695,68.035,18.355557976837005,18.429636200663577,6.546764482153668,32.76,8.162672712716198,8.258469981141145,0.8969719055089116,14.605
2026-10-19 14:46:44,38.247661320119875,38.283155637893685,44.257190767033585,68.06,18.355557976837005,18.429636200663577,6.546764482153668,32.76,8.162672712716198,8.258469981141145,0.8969719055089116,14.605
2026-10-19 15:01:44,38.27992368620808,38.30609879332473,44.28592537048515,68.11,18.359879702969387,18.432098977091236,6.548734205796226,32.77,8.162672712716198,8.258469981141145,0.8969719055089116,14.605
2026-10-19 15:16:44,38.28686885520161,38.31583535120199,44.29752344908217,68.125,18.36050680372671,18.435227051121846,6.549605056155469,32.775,8.162672712716198,8.258469981141145,0.8969719055089116,14.605
2026-10-19 15:31:44,38.295645628462765,38.327517896099636,44.30786080249502,68.145,18.36456040363053,18.438397401236962,6.550255305371201,32.78,8.167225172044581,8.262580878700563,0.897437708346152,14.61
2026-10-19 15:46:44,38.30683422268836,38.33338126893297,44.317716852762885,68.16,18.36456040363053,18.438397401236962,6.550255305371201,32.78,8.167225172044581,8.262580878700563,0.897437708346152,14.61
2026-10-19 16:01:44,38.31513325032543,38.340117827035606,44.32896878999831,68.175,18.36456040363053,18.438397401236962,6.550255305371201,32.78,8.17537025687917,8.270499195513597,0.8982065513732882,14.62
2026-10-19 16:16:44,38.321379973372366,38.346956231776886,44.341223631776714,68.195,18.36456040363053,18.438397401236962,6.550255305371201,32.78,8.17537025687917,8.270499195513597,0.8982065513732882,14.62
2026-10-19 16:31:44,38.33328109541145,38.362051071140115,44.35505464450295,68.22,18.36626183788695,18.439558637854507,6.551388255861986,32.785,8.181288660849605,8.278016916449916,0.898712822834346,14.63
2026-10-19 16:46:44,38.34214310655241,38.37177857614639,44.367939093204214,68.24,18.36626183788695,18.439558637854507,6.551388255861986,32.785,8.184803780747474,8.280465573009472,0.8989799362273699,14.635
2026-10-19 17:01:44,38.34214310655241,38.37177857614639,44.367939093204214,68.24,18.36626183788695,18.439558637854507,6.551388255861986,32.785,8.18749506771464,8.281284161607948,0.8994579784956845,14.64
2026-10-19 17:16:44,38.35171506306744,38.37532169821769,44.376107029984915,68.255,18.37109264712418,18.441422433391363,6.552845617273845,32.79,8.19099425057028,8.28606242671993,0.8996290877306956,14.645
2026-10-19 17:31:44,38.35171506306744,38.37532169821769,44.376107029984915,68.255,18.37109264712418,18.441422433391363,6.552845617273845,32.79,8.19099425057028,8.28606242671993,0.8996290877306956,14.645
2026-10-19 17:46:44,38.37639133602016,38.40653823004096,44.41086579324161,68.305,18.38260574523738,18.451544584949396,6.556608810470263,32.81,8.19099425057028,8.28606242671993,0.8996290877306956,14.645
2026-10-19 18:01:44,38.381209231184364,38.40720019496393,44.41357842605864,68.31,18.38260574523738,18.451544584949396,6.556608810470263,32.81,8.19099425057028,8.28606242671993,0.8996290877306956,14.645
2026-10-19 18:16:44,38.381209231184364,38.40720019496393,44.41357842605864,68.31,18.38727627226774,18.45588380835252,6.557950640342251,32.815,8.19099425057028,8.28606242671993,0.8996290877306956,14.645
2026-10-19 18:31:44,38.428269286161935,38.444777118309986,44.469740716850225,68.39,18.391228023381277,18.460668205851313,6.55868743998967,32.82,8.194925268946225,8.289955032390866,0.9001703582520645,14.655
2026-10-19 18:46:44,38.46437818134809,38.4810743783177,44.5134545191221,68.45,18.404155976198247,18.466478827432738,6.5623586645683725,32.835,8.200239895662113,8.296456098348104,0.9007776982354225,14.665
2026-10-19 19:01:44,38.48350873918867,38.49499330179371,44.53094480503636,68.475,18.408725710756592,18.47109210944087,6.5646126883512945,32.845,8.201806342875601,8.300859807550234,0.9010219907904891,14.67
2026-10-19 19:16:44,38.52944685893374,38.54146468309114,44.58967379605421,68.555,18.417466400936856,18.481354781937323,6.568024181680406,32.865,8.207375056698792,8.305561748836366,0.901586003681745,14.68
2026-10-19 19:31:44,38.571442597633634,38.58994637277435,44.64075125136864,68.635,18.428097785063635,18.490781058662044,6.5703413387115335,32.88,8.214744037714313,8.31884159242125,0.9024655487112483,14.695
2026-10-19 19:46:44,38.62884435303263,38.653505140543885,44.71160705256169,68.74,18.448615047102322,18.514039298615888,6.576738714781937,32.915,8.216207744461345,8.32088033912665,0.9028282123661139,14.7
2026-10-19 20:01:44,38.669694261402796,38.69183502410501,44.76478464692313,68.815,18.46888461646878,18.542134595744514,6.58539460113984,32.96,8.228224441780018,8.333006185551243,0.9040880040376081,14.72
2026-10-19 20:16:44,38.70572620807984,38.735653561901565,44.812013151783894,68.885,18.48630077527948,18.559683944155516,6.591447402226517,32.99,8.243023604356477,8.346569000413654,0.9050580354080061,14.745
2026-10-19 20:31:44,38.7104588857292,38.74616022427772,44.82214401813379,68.9,18.501245183332422,18.573319515804233,6.596881107874603,33.015,8.245509807701735,8.350525848560881,0.9054893588507252,14.75
2026-10-19 20:46:44,38.72589370633555,38.76623214939519,44.842500237599424,68.93,18.512157234683926,18.583915825302356,6.6002156532032945,33.03,8.24932705705975,8.35259069920755,0.9057907919350128,14.755
2026-10-19 21:01:44,38.76229003348876,38.80280909262919,44.886988522763716,69.0,18.518975836901706,18.597854713008747,6.604189327870216,33.05,8.24932705705975,8.35259069920755,0.9057907919350128,14.755
2026-10-19 21:16:44,38.79095408502309,38.82861354079849,44.919111152336136,69.045,18.52650008226856,18.610741871062316,6.608018473266604,33.07,8.255884410355968,8.358312452050212,0.9061961882568409,14.765
2026-10-19 21:31:44,38.83160218758673,38.87742042657084,44.97405297373803,69.13,18.5579062364134,18.646509989130326,6.617595273658959,33.12,8.260954195533731,8.36727274824244,0.9067128122845045,14.775
2026-10-19 21:46:44,38.8484385811459,38.8930146487913,44.99625914020769,69.16,18.56624379254768,18.655820734911426,6.619600547951986,33.13,8.274690587155515,8.374960019669837,0.9080364036283742,14.79
2026-10-19 22:01:44,38.87683089966045,38.92930096311923,45.03761710290714,69.22,18.589905499032675,18.67889582488476,6.626618162140013,33.165,8.276169076546594,8.378902681447679,0.908453913328935,14.795
2026-10-19 22:16:44,38.909601896046645,38.960954035531095,45.08055774414115,69.285,18.600519484292946,18.69105740657796,6.631574690142877,33.19,8.28105309810213,8.381669344181285,0.9091168166104105,14.805
2026-10-19 22:31:44,38.97662729293128,39.03012954667087,45.15077205620242,69.4,18.637907508416397,18.733920674857327,6.646703341057222,33.26,8.299653206242334,8.39941811536002,0.9114238276848274,14.84
2026-10-19 22:46:44,38.988756259197984,39.04510986638471,45.168899420930174,69.425,18.645048202347976,18.741509167958448,6.648909575285499,33.27,8.299653206242334,8.39941811536002,0.9114238276848274,14.84
2026-10-19 23:01:44,39.0191386793703,39.07239340292577,45.21294949515331,69.485,18.66562341209969,18.755105664826345,6.655289266131089,33.305,8.32121165260436,8.420297369595298,0.913933369419373,14.875
2026-10-19 23:16:44,39.09567717364726,39.17601132642838,45.323987038579695,69.655,18.70223658837684,18.781330994386625,6.668290063979055,33.37,8.336875532555641,8.436376612046537,0.9163158913437085,14.91
2026-10-19 23:31:44,39.18548213447401,39.272134920424826,45.420184868516415,69.81,18.7531795481324,18.854672643543058,6.692239410348754,33.49,8.358000905825728,8.45769629821815,0.9192137819148379,14.955
2026-10-19 23:46:44,39.222378322236295,39.303239078128186,45.45600365304527,69.865,18.769364443155315,18.869471456604412,6.696114976964276,33.515,8.364023047108903,8.47030358851868,0.9209120073966369,14.975
2026-10-20 00:01:44,39.25944554937316,39.3410415215412,45.49958713459771,69.93,18.795812642654116,18.881189780669235,6.70399079344374,33.545,8.3919949046945,8.492063280078362,0.9238256039201018,15.015
2026-10-20 00:16:44,39.30206158803638,39.394757960894424,45.561558989326784,70.02,18.820821419829553,18.908758493508635,6.714488913248474,33.595,8.39749573820068,8.497699231442096,0.9244928727010336,15.025
2026-10-20 00:31:44,39.35358911570014,39.44977397234902,45.61613522755447,70.11,18.83137926899568,18.915435409904664,6.716678704247012,33.61,8.407123638254474,8.509228919788226,0.9257593348732563,15.045
2026-10-20 00:46:44,39.36153896529178,39.46100525634248,45.62852462957443,70.13,18.832922901412214,18.91680400845597,6.718076474838283,33.615,8.409415137877573,8.510495495191519,0.9262142554689465,15.05
2026-10-20 01:01:44,39.37247666245112,39.47165027739145,45.640947959133435,70.15,18.84423327859691,18.924240284538946,6.721496119895095,33.635,8.411936028362664,8.513815096646235,0.9266793974911287,15.055
2026-10-20 01:16:44,39.37437037813961,39.474736099502216,45.64430851852994,70.155,18.84423327859691,18.924240284538946,6.721496119895095,33.635,8.412735350095891,8.515393460928099,0.9268507747045048,15.06
2026-10-20 01:31:44,39.37852890490254,39.47908018403203,45.65063466234943,70.165,18.84423327859691,18.924240284538946,6.721496119895095,33.635,8.412735350095891,8.515393460928099,0.9268507747045048,15.06
2026-10-20 01:46:44,39.439561160514515,39.54026467551994,45.72067443162504,70.27,18.87259782203521,18.944670116427844,6.730278519282985,33.68,8.427528314059776,8.529803586726523,0.9288458309646555,15.085
2026-10-20 02:01:44,39.518869041306765,39.6076264783462,45.79337855809638,70.385,18.92462095652898,18.993228244545076,6.746348030061471,33.765,8.45358423178172,8.559063683199668,0.931847136601669,15.14
2026-10-20 02:16:44,39.53854093522665,39.62980388446074,45.818345362516,70.425,18.942220868048274,19.015539827623286,6.7547083271014445,33.8,8.45358423178172,8.559063683199668,0.931847136601669,15.14
2026-10-20 02:31:44,39.642500820279004,39.72971077107097,45.93608444618351,70.605,19.010432094193828,19.08264275938318,6.7797472176298825,33.92,8.488259480844517,8.588307796007426,0.9353570989574255,15.195
2026-10-20 02:46:44,39.713842657236206,39.79772877629417,46.02643262606199,70.735,19.0307113466134,19.098690559988995,6.788590726209852,33.965,8.513836635316732,8.615872424227701,0.9388414585105281,15.245
2026-10-20 03:01:44,39.76625385229009,39.84892812523959,46.089637838356566,70.835,19.042911568086208,19.11578271475937,6.79437801977869,33.995,8.518830360556482,8.621468628146026,0.9393750826288537,15.255
2026-10-20 03:16:44,39.86832456392834,39.94923616461728,46.19450009162836,71.0,19.106043094440032,19.186499166789304,6.819523325832998,34.12,8.539602222884806,8.641015776224902,0.9415731800509675,15.29
2026-10-20 03:31:44,39.97812454697661,40.0624248025414,46.32246500676577,71.19,19.1471850726589,19.224259888971268,6.832720947753707,34.18,8.567906223481291,8.660543831704812,0.9439887674056489,15.33
2026-10-20 03:46:44,40.064084086385904,40.13992293551595,46.417837375601124,71.34,19.19622179675213,19.279756176000074,6.852503874454315,34.27,8.586211183383469,8.678731279698631,0.9458771524136589,15.365
2026-10-20 04:01:44,40.15987185316228,40.2444464034169,46.527069180927406,71.505,19.232035914029417,19.323841463927604,6.86523738065822,34.345,8.61701155335141,8.697768734065013,0.9480696843867481,15.41
2026-10-20 04:16:44,40.23624424923463,40.32854625603059,46.61082884833304,71.64,19.270715080431874,19.37449944018419,6.880449179193978,34.42,8.641885751704743,8.717358346037688,0.9505392293142699,15.45
2026-10-20 04:31:44,40.333070166573435,40.4296471271847,46.72079864779616,71.8,19.303669104579352,19.408358428229736,6.892586270805829,34.48,8.677420588688467,8.744014992792204,0.9542961027185408,15.5
2026-10-20 04:46:44,40.356365394046854,40.456207676914026,46.746091627282944,71.84,19.337042559817977,19.427113080426984,6.9010780510832666,34.525,8.689576259242576,8.76112158804782,0.9555927920696473,15.52
2026-10-20 05:01:44,40.41251945235085,40.50627565795388,46.80623802053232,71.94,19.357265169938195,19.446861024136478,6.905919092469861,34.555,8.70931149411969,8.78543202617457,0.9575930607985697,15.555
2026-10-20 05:16:44,40.43329336410924,40.52152797496233,46.82452346106389,71.965,19.367171222971784,19.457522013818895,6.909762023728076,34.57,8.71127529866859,8.786734671888532,0.9577612437574298,15.56
2026-10-20 05:31:44,40.48427418030212,40.55991827757887,46.871780741268495,72.05,19.39055450010111,19.477043039780312,6.91686539899724,34.61,8.721847494799816,8.796800704227493,0.9588233553886205,15.58
2026-10-20 05:46:44,40.54395331114489,40.62570593096315,46.943161125587196,72.17,19.425340832957016,19.508320170774002,6.927861900638149,34.665,8.735563025390682,8.809987524284567,0.960431587479251,15.6
2026-10-20 06:01:44,40.59096190196166,40.665993820311506,46.98701761505403,72.245,19.44915350448877,19.53403006459995,6.93751638361128,34.715,8.743923413567167,8.818156133218315,0.9613355721260863,15.615
2026-10-20 06:16:44,40.64744371576889,40.71605326688596,47.06081141963448,72.35,19.482227719601383,19.566277498554832,6.94918476955157,34.77,8.758178501101312,8.832641770637162,0.9634451680122608,15.645
2026-10-20 06:31:44,40.696890459756965,40.761792283210816,47.12022719040816,72.435,19.51107761603754,19.598327933918274,6.959358401492316,34.82,8.775409806164095,8.84561724694063,0.9653339548811795,15.675
2026-10-20 06:46:44,40.78933999870527,40.84200962664169,47.23060593987478,72.595,19.54365003415863,19.6331414687058,6.9710823853771124,34.88,8.786064608167424,8.850119395670479,0.9660242782092087,15.69
2026-10-20 07:01:44,40.86211473069855,40.92001666090217,47.32570605258789,72.73,19.577468745280292,19.654017985047293,6.981788780607257,34.935,8.796300171454766,8.864244341890338,0.9676434834849941,15.715
2026-10-20 07:16:44,40.92358823470133,40.980171658077126,47.4038142537973,72.84,19.60565014011664,19.68599087645277,6.989948441359127,34.985,8.799271203116541,8.866213333342353,0.967811122236711,15.72
2026-10-20 07:31:44,40.96983816017352,41.02003393538665,47.44849218167913,72.91,19.623097168670355,19.70029777302633,6.996624260427504,35.015,8.807088759534285,8.87438815268702,0.9692166864187222,15.735
2026-10-20 07:46:44,41.00313964839339,41.04899987964599,47.49387330501843,72.97,19.64939763194621,19.731094279132996,7.0063409210931,35.065,8.818546270100535,8.883064897925193,0.9696694009667636,15.75
2026-10-20 08:01:44,41.05462084544818,41.09889561324929,47.543297134627984,73.055,19.6750183109956,19.75811625081114,7.0161389032581765,35.11,8.841784605765614,8.899510746930313,0.9714343644431698,15.78
2026-10-20 08:16:44,41.101986973631604,41.13916998268096,47.59571050067809,73.135,19.695570243314215,19.77782988787769,7.022491824060361,35.145,8.847585069660061,8.903610394771116,0.9718917836249562,15.79
2026-10-20 08:31:44,41.14544272761278,41.17124849289899,47.64808316999149,73.205,19.739165116773375,19.818609316792983,7.036547072698122,35.215,8.863297357590023,8.921958345190728,0.9736439600907529,15.82
2026-10-20 08:46:44,41.2196987939704,41.229062105821846,47.725280209216706,73.325,19.767651932388503,19.852516190439,7.045130252657381,35.265,8.88981913082717,8.942981097361498,0.9757581102768064,15.855
2026-10-20 09:01:44,41.29406172385812,41.31140308314666,47.80992334010316,73.465,19.8013861392251,19.88455417891932,7.059000416035278,35.325,8.89912302168925,8.958118062638599,0.9769651458333078,15.88
2026-10-20 09:16:44,41.29406172385812,41.31140308314666,47.80992334010316,73.465,19.8013861392251,19.88455417891932,7.059000416035278,35.325,8.89912302168925,8.958118062638599,0.9769651458333078,15.88
2026-10-20 09:31:44,41.368638007940916,41.37871598065828,47.88188470408145,73.58,19.81973003979238,19.908332664428855,7.067797779053809,35.365,8.91971886648806,8.978950103430256,0.9788275873117199,15.915
2026-10-20 09:46:44,41.41653568107666,41.43461042215335,47.93747987731305,73.665,19.85365480901812,19.940054742372652,7.080077413392578,35.425,8.936931384133848,8.99983302587395,0.9814669231665188,15.95
2026-10-20 10:01:44,41.501267460694045,41.51448653764527,48.030696865057905,73.805,19.898889239012664,19.98552139608295,7.095872614640853,35.505,8.947387791421873,9.012427874710493,0.9828842378213084,15.97
2026-10-20 10:16:44,41.549887390943134,41.55404488954314,48.08308702199076,73.885,19.918000338237814,20.001404914974174,7.102135303562361,35.535,8.953404915313504,9.019030525817852,0.9840810770667835,15.985
2026-10-20 10:31:44,41.57341280124678,41.58881620182929,48.11530448623416,73.935,19.926424436851743,20.007446618370988,7.103563253084346,35.545,8.953404915313504,9.019030525817852,0.9840810770667835,15.985
2026-10-20 10:46:44,41.62691066829601,41.63519767625634,48.16480030206788,74.025,19.92812616460362,20.008340796689772,7.104700154885207,35.55,8.954890101551815,9.020824942138791,0.9843753204974313,15.99
2026-10-20 11:01:44,41.64866750902675,41.65954109268461,48.18885091765641,74.065,19.947140199852292,20.024343244052364,7.109975006308445,35.575,8.958684810110903,9.02470455908788,0.9848750080529283,15.995
2026-10-20 11:16:44,41.683121745431635,41.70576384648051,48.2341349847745,74.135,19.9562870083006,20.029613646679824,7.113407714807962,35.59,8.96355810370194,9.029540407204848,0.9853520004409694,16.0
2026-10-20 11:31:44,41.69598445205579,41.71513602413979,48.249049764450184,74.16,19.960409090343397,20.03792912999617,7.115365022253827,35.6,8.96646961169325,9.032569607015171,0.9858515100434944,16.005
2026-10-20 11:46:44,41.72655518341387,41.74468468898675,48.28000356698092,74.205,19.96357735923556,20.04397281692533,7.11822170740089,35.615,8.971403575646013,9.034048865887083,0.9862823897824267,16.01
2026-10-20 12:01:44,41.77080205449066,41.79931103149418,48.34781664143474,74.3,19.982009851203962,20.057744251190556,7.122499767088917,35.64,8.982802905569791,9.03949393546577,0.9872642785106245,16.025
2026-10-20 12:16:44,41.80039579739573,41.835022122153724,48.37976836320509,74.35,20.00208430449894,20.078563493741502,7.127931315730369,35.67,8.986312458897713,9.043608556854377,0.987741555682276,16.03
2026-10-20 12:31:44,41.81665702291417,41.84487150148135,48.394045664533856,74.375,20.00208430449894,20.078563493741502,7.127931315730369,35.67,8.986312458897713,9.043608556854377,0.987741555682276,16.03
2026-10-20 12:46:44,41.844973117494234,41.8687745852187,48.42223678856172,74.42,20.005272601347965,20.081048705461203,7.128919783649854,35.675,8.986312458897713,9.043608556854377,0.987741555682276,16.03
2026-10-20 13:01:44,41.84913390811843,41.8737015173061,48.42597404461481,74.425,20.01020090754434,20.08497806915156,7.129716726219153,35.68,8.986312458897713,9.043608556854377,0.987741555682276,16.03
2026-10-20 13:16:44,41.84913390811843,41.8737015173061,48.42597404461481,74.425,20.01020090754434,20.08497806915156,7.129716726219153,35.68,8.986312458897713,9.043608556854377,0.987741555682276,16.03
2026-10-20 13:31:44,41.84913390811843,41.8737015173061,48.42597404461481,74.425,20.01020090754434,20.08497806915156,7.129716726219153,35.68,8.986312458897713,9.043608556854377,0.987741555682276,16.03
2026-10-20 13:46:44,41.84913390811843,41.8737015173061,48.42597404461481,74.425,20.01020090754434,20.08497806915156,7.129716726219153,35.68,8.986312458897713,9.043608556854377,0.987741555682276,16.03
2026-10-20 14:01:44,41.86777124908465,41.88450356742851,48.44342748377493,74.455,20.014049038529826,20.089676954206855,7.131254409435109,35.69,8.986312458897713,9.043608556854377,0.987741555682276,16.03
2026-10-20 14:16:44,41.86988306462098,41.885556929821,48.448233501513826,74.46,20.015286343486675,20.093470138840654,7.132165827520271,35.695,8.986312458897713,9.043608556854377,0.987741555682276,16.03
2026-10-20 14:31:44,41.88448234897091,41.89893540494482,48.462454087044314,74.48,20.023207217432592,20.101661289214757,7.135187733300803,35.715,8.986312458897713,9.043608556854377,0.987741555682276,16.03
2026-10-20 14:46:44,41.88746553081051,41.90328934230287,48.46666289478455,74.485,20.032784655967035,20.112112209529858,7.138813144330937,35.735,8.988385294132872,9.046087767019076,0.9882375498795183,16.035
2026-10-20 15:01:44,41.90420682907176,41.92380733926928,48.48803487613788,74.515,20.03579943394783,20.113303928457615,7.140298577476895,35.74,8.988385294132872,9.046087767019076,0.9882375498795183,16.035
2026-10-20 15:16:44,41.90420682907176,41.92380733926928,48.48803487613788,74.515,20.03579943394783,20.113303928457615,7.140298577476895,35.74,8.988385294132872,9.046087767019076,0.9882375498795183,16.035
2026-10-20 15:31:44,41.91169516871195,41.933440976199314,48.498920872479204,74.53,20.03579943394783,20.113303928457615,7.140298577476895,35.74,8.988385294132872,9.046087767019076,0.9882375498795183,16.035
2026-10-20 15:46:44,41.92544721190235,41.94952932124404,48.51366524345079,74.555,20.03579943394783,20.113303928457615,7.140298577476895,35.74,8.988385294132872,9.046087767019076,0.9882375498795183,16.035
2026-10-20 16:01:44,41.949387116373515,41.9774750456603,48.54479277264254,74.595,20.044775815499047,20.122315310019747,7.14350729197265,35.755,8.988385294132872,9.046087767019076,0.9882375498795183,16.035
2026-10-20 16:16:44,41.98337850864934,42.00846935916113,48.58983978841721,74.655,20.05470426855859,20.12901823779022,7.1461439996461245,35.77,8.991841790416466,9.04882125894243,0.9886140694865534,16.04
2026-10-20 16:31:44,41.989250354779756,42.016410611156196,48.597743259045735,74.67,20.058985662401188,20.13339883697327,7.148439901566967,35.78,8.991841790416466,9.04882125894243,0.9886140694865534,16.04
2026-10-20 16:46:44,42.01034274372004,42.03958575537488,48.62567366543118,74.71,20.063862005072412,20.137821463063876,7.149862437442314,35.785,8.99359355264108,9.050346620077157,0.9887758916802731,16.045
2026-10-20 17:01:44,42.01910590338943,42.04816986194037,48.634299552204915,74.725,20.063862005072412,20.137821463063876,7.149862437442314,35.785,8.996762095861007,9.053746911971523,0.9889216126905419,16.05
2026-10-20 17:16:44,42.03268114596908,42.06110644033933,48.64964158808845,74.745,20.07091287042227,20.145743425100843,7.152748970254737,35.8,8.996762095861007,9.053746911971523,0.9889216126905419,16.05
2026-10-20 17:31:44,42.05295695925786,42.07836883294207,48.66860921179595,74.775,20.07504063945669,20.150017232737863,7.154153208998597,35.805,8.996762095861007,9.053746911971523,0.9889216126905419,16.05
2026-10-20 17:46:44,42.05295695925786,42.07836883294207,48.66860921179595,74.775,20.079021905984217,20.152849792161437,7.155050130773467,35.81,8.996762095861007,9.053746911971523,0.9889216126905419,16.05
2026-10-20 18:01:44,42.05446636655557,42.08252773710452,48.67248321996756,74.78,20.08173381266922,20.156120913179866,7.156105000953338,35.815,8.996762095861007,9.053746911971523,0.9889216126905419,16.05
2026-10-20 18:16:44,42.055877607774235,42.08695412613405,48.674873935758555,74.785,20.08173381266922,20.156120913179866,7.156105000953338,35.815,8.996762095861007,9.053746911971523,0.9889216126905419,16.05
2026-10-20 18:31:44,42.11999398274286,42.15832784667122,48.75409034677306,74.905,20.083471128603467,20.15986021753842,7.157512968913532,35.82,9.002381185251858,9.061928390687925,0.9895740423601388,16.06
2026-10-20 18:46:44,42.14269454764202,42.18221727289007,48.781378076559555,74.945,20.094530269556234,20.174881165578434,7.162063200945501,35.84,9.002381185251858,9.061928390687925,0.9895740423601388,16.06
2026-10-20 19:01:44,42.17119416958839,42.215561003745094,48.81739860875558,75.0,20.113469582706884,20.194141664643602,7.16880010365964,35.87,9.017191949151128,9.072913743033912,0.9912973548932582,16.08
2026-10-20 19:16:44,42.18847354128068,42.23124328012478,48.8377477173714,75.025,20.151389646191234,20.222453729232,7.178988689459109,35.92,9.022095580574693,9.07514009434975,0.9919554367633275,16.09
2026-10-20 19:31:44,42.26277519381879,42.305433357004375,48.91999462006759,75.15,20.16653503698635,20.236342825180465,7.1859121405300765,35.95,9.035669828448698,9.093994558607115,0.9940194126690024,16.12
2026-10-20 19:46:44,42.27311281147987,42.31580962369796,48.93172182623618,75.17,20.167823545434786,20.241170982554404,7.186929771412238,35.955,9.035669828448698,9.093994558607115,0.9940194126690024,16.12
2026-10-20 20:01:44,42.29962094484281,42.34048045725718,48.95809969047625,75.215,20.184657642924,20.256624020559244,7.193069233393776,35.985,9.043114298740052,9.09579075258039,0.9949077665033988,16.13
2026-10-20 20:16:44,42.31690277603893,42.360124923105396,48.97916278760304,75.25,20.211980487538767,20.27727387405548,7.201393953323799,36.02,9.049513120793101,9.100048361169334,0.9955135318885128,16.14
2026-10-20 20:31:44,42.3769118441447,42.410054584285255,49.05399419625471,75.36,20.250165059263406,20.32936391364488,7.214526214681858,36.09,9.057128743456284,9.10821789267886,0.9969091458828288,16.16
2026-10-20 20:46:44,42.482878708099555,42.52013394360295,49.15651055639444,75.525,20.300088721910623,20.377521116674323,7.230336173806547,36.18,9.084406678584974,9.135715228995132,1.0004822165068483,16.21
2026-10-20 21:01:44,42.53015419761074,42.56205991395481,49.21120390310866,75.6,20.320711658619807,20.402104386401458,7.23697964464194,36.215,9.087804074408714,9.138437383583423,1.0012365117749744,16.22
2026-10-20 21:16:44,42.60971479622911,42.64103567836449,49.30748412187133,75.74,20.338780950654474,20.430164435004205,7.245527432955772,36.26,9.10012545436636,9.14824824533055,1.0027744136018344,16.24
2026-10-20 21:31:44,42.6808385232232,42.698765874602216,49.38881998940059,75.855,20.35604783780825,20.45367987404459,7.252070454906012,36.295,9.119129778149988,9.169025744609815,1.0051682349328426,16.275
2026-10-20 21:46:44,42.7103981729145,42.73358106328683,49.42922893478924,75.915,20.392789341984514,20.487572395870522,7.265070293779532,36.36,9.133607667194429,9.188301662895695,1.007307756924654,16.31
2026-10-20 22:01:44,42.794793714955425,42.809702030988774,49.5187630618971,76.05,20.429818549343793,20.525757396847226,7.27882939981568,36.43,9.149799896645748,9.199666148780784,1.0085497718257843,16.33
2026-10-20 22:16:44,42.97058483690816,42.97212988142886,49.73311206461348,76.355,20.491721587497363,20.590198413737493,7.299856957054159,36.54,9.186062652501532,9.228298941910376,1.012052087787907,16.39
2026-10-20 22:31:44,43.10315389814423,43.10941434410804,49.87252994238933,76.58,20.537704022666638,20.64178910322029,7.319739513373141,36.635,9.215431747510133,9.25417382234947,1.0153211943132732,16.44
2026-10-20 22:46:44,43.276315921005995,43.28172901151187,50.07734491988574,76.875,20.604437922344886,20.70621634299587,7.3408959904198205,36.745,9.236693983191778,9.282870694661849,1.0182664695175763,16.485
2026-10-20 23:01:44,43.423479651480896,43.42264358901481,50.24865155540344,77.135,20.664638885229238,20.75579902879206,7.362427652845185,36.84,9.263321373574856,9.315395446381665,1.0219157929551115,16.54
2026-10-20 23:16:44,43.52945826309259,43.51193347462881,50.37274936313119,77.315,20.725505087469752,20.81879077169006,7.381430252478688,36.94,9.301275208456245,9.352235941950177,1.0269472524073784,16.615
2026-10-20 23:31:44,43.671062801981186,43.64362293844098,50.531724291910514,77.555,20.81481347097014,20.90090814383137,7.4123410001002705,37.085,9.325613659954085,9.36678434823133,1.0298042033981476,16.655
2026-10-20 23:46:44,43.821191972267236,43.79197050246987,50.704326917007464,77.835,20.911517380007545,20.99324194728333,7.449239292029374,37.265,9.360653206453723,9.414794467040608,1.0338553221494906,16.725
2026-10-21 00:01:44,43.97935026788745,43.96003977686866,50.89029676415031,78.135,20.99514042592237,21.06808796118855,7.476825337533867,37.4,9.395607066182759,9.446079690797767,1.0384701622707793,16.79
2026-10-21 00:16:44,44.089317087650265,44.07704003323153,51.02355030146775,78.34,21.054001547016444,21.110868291224072,7.494113324016129,37.5,9.401467115883783,9.453979121393152,1.0397496462870297,16.81
2026-10-21 00:31:44,44.252966024241886,44.25238701930072,51.20233402604631,78.63,21.098177686264563,21.163777544772163,7.509728617529529,37.59,9.445079337201829,9.498994188542225,1.0442371285327037,16.88
2026-10-21 00:46:44,44.31726452545995,44.29763130159461,51.266233104272445,78.73,21.13304692048959,21.19680290517222,7.520462267853497,37.645,9.451818723539269,9.508253175587056,1.0453127696054276,16.895
2026-10-21 01:01:44,44.43419659974354,44.40979249729617,51.39355755825614,78.92,21.185725295385634,21.235241036680268,7.536514689725513,37.725,9.473855278965774,9.529709154901033,1.0476833149374625,16.935
2026-10-21 01:16:44,44.530434050239315,44.52815759105351,51.525995761075755,79.125,21.232826404364516,21.289795540711477,7.558213459579932,37.825,9.497207156576124,9.554903563278486,1.0497723032689543,16.97
2026-10-21 01:31:44,44.62820947000435,44.628397973637654,51.62569561277953,79.28,21.28938623399665,21.343831228752546,7.5752716685721655,37.915,9.513368835356822,9.569257134969487,1.0512656481634943,17.0
2026-10-21 01:46:44,44.732563698954664,44.76858204938548,51.774752645386954,79.495,21.370219974306853,21.43266485964611,7.606861394188996,38.06,9.52479219017358,9.577593116461758,1.052536892849432,17.02
2026-10-21 02:01:44,44.789528452790826,44.832342009932724,51.851187380936956,79.605,21.410570330554947,21.466847287320327,7.619556938456275,38.13,9.555480457729294,9.612084878739095,1.056189892462605,17.075
2026-10-21 02:16:44,45.007811519518526,45.04127380239218,52.07625973127511,79.96,21.52638240600431,21.57906971485811,7.660193504692122,38.335,9.579333779006996,9.645341728492609,1.0592675175953012,17.125
2026-10-21 02:31:44,45.07990350799656,45.10402718747432,52.149653666017244,80.075,21.570419049935033,21.618437529801433,7.673291245980837,38.4,9.584406184721754,9.652731505789914,1.0598832811830647,17.135
2026-10-21 02:46:44,45.303901927996826,45.310775171944904,52.39451905097889,80.47,21.68102130700684,21.74147171750329,7.711810691686028,38.6,9.614915979366728,9.687977243187007,1.063384291778455,17.2
2026-10-21 03:01:44,45.3618908916078,45.36844264415517,52.469395961304336,80.58,21.720279810016038,21.787621033528314,7.726532323435718,38.675,9.6288498169599,9.707810123537838,1.0649507373068132,17.23
2026-10-21 03:16:44,45.426487639812926,45.42149803160471,52.524269652627204,80.675,21.741505169294857,21.810750445798597,7.73389590841276,38.715,9.634057619691049,9.710267680981937,1.06586546491701,17.24
2026-10-21 03:31:44,45.50331594282249,45.49890245106141,52.59884195706162,80.8,21.771468931465016,21.851845158761936,7.7461022834413455,38.78,9.640347518819983,9.716870200650526,1.0670676762619118,17.255
2026-10-21 03:46:44,45.61271347963757,45.61894055652421,52.722733413794266,81.0,21.8370412727508,21.914070778352354,7.77014553155593,38.9,9.650974586015662,9.729892145764373,1.0685936106700653,17.275
2026-10-21 04:01:44,45.70134592026131,45.7010169261505,52.8321037719674,81.165,21.88509484792594,21.957252664598204,7.785019248326691,38.975,9.667821131186004,9.74880456976855,1.0702507338971778,17.305
2026-10-21 04:16:44,45.811800111235534,45.82441655720598,52.96357507432479,81.375,21.923578043969254,22.0117869322718,7.801281082947077,39.06,9.689019031655754,9.778709093417234,1.0729901786802227,17.35
2026-10-21 04:31:44,45.87772720656895,45.898366849007836,53.03779435279484,81.495,21.956782401621357,22.048379627510855,7.811883766094688,39.115,9.699247213385334,9.786068632894658,1.0741836483534424,17.37
2026-10-21 04:46:44,45.972500622813804,46.00867135281847,53.15767114943359,81.685,21.986580532857467,22.086042145882132,7.821781311870334,39.175,9.70827284796806,9.795108826482798,1.0753559035460574,17.385
2026-10-21 05:01:44,46.00891915049457,46.048396648519876,53.19871964951397,81.76,22.00498504485107,22.108708549573585,7.828848577265376,39.21,9.717821322856489,9.805766248819417,1.0761949596485318,17.4
2026-10-21 05:16:44,46.06972748962142,46.12160976714725,53.26343597227685,81.87,22.014993802062623,22.12092825571916,7.833171308320597,39.23,9.723354854975396,9.811723099020176,1.0767921648591285,17.41
2026-10-21 05:31:44,46.11255022966792,46.17212350133592,53.32583846260157,81.965,22.054057101327185,22.17759787226476,7.848420625449668,39.31,9.728578651424291,9.815202716352793,1.0772686083913512,17.42
2026-10-21 05:46:44,46.130737197239085,46.19501556715807,53.34844624178018,82.0,22.06663009063244,22.192331899123104,7.853326990829821,39.34,9.738136040529202,9.821533236563852,1.077855037297055,17.43
2026-10-21 06:01:44,46.20295872137432,46.26724066901568,53.44133116689038,82.14,22.09219353438873,22.212538622196067,7.863210011807247,39.38,9.749454703476914,9.827203346018143,1.0795327690087586,17.45
2026-10-21 06:16:44,46.23737419661566,46.30604379725031,53.47869785803863,82.2,22.10404660621598,22.22672370700889,7.868660378600387,39.405,9.751986038755085,9.829306855456467,1.0798188115235885,17.455
2026-10-21 06:31:44,46.36375516406638,46.420537529919976,53.61039707511239,82.395,22.14669152275208,22.27671718896225,7.886874637689606,39.495,9.765168900228003,9.845627737087405,1.081338851788601,17.48
2026-10-21 06:46:44,46.43936429137541,46.486510772706175,53.700238826212235,82.53,22.182019587023152,22.306910178830904,7.899192485559582,39.555,9.777587129537617,9.854607853757981,1.0828985283905115,17.5
2026-10-21 07:01:44,46.492773653064404,46.53672058523833,53.768045393807384,82.625,22.197679698504288,22.322850235534023,7.90569687260862,39.595,9.791326616493508,9.875295378959471,1.0849658963151703,17.53
2026-10-21 07:16:44,46.555359420822754,46.60911162651765,53.844258726715616,82.74,22.22220857407192,22.343302348268942,7.915776182202356,39.64,9.799595003866404,9.885541865814572,1.0861847715649637,17.55
2026-10-21 07:31:44,46.63570825276826,46.68416519901265,53.94526079463611,82.88,22.24775679616562,22.373608050712395,7.923581879513861,39.69,9.807759141875524,9.891779978782493,1.087430087742796,17.565
2026-10-21 07:46:44,46.749185454293,46.792284714747424,54.07621205786626,83.075,22.280648490788526,22.40528408059266,7.933450947389247,39.745,9.818946776295762,9.904405431612082,1.0882391371692555,17.585
2026-10-21 08:01:44,46.83509868116418,46.880942822760304,54.177647758707835,83.23,22.32793293776087,22.45130747665862,7.953327429969097,39.835,9.842340287170744,9.922619898067405,1.0908201661403913,17.625
2026-10-21 08:16:44,46.89569390517768,46.93809481720364,54.251058646762154,83.335,22.35851083958381,22.482874572246367,7.962137476803262,39.885,9.851969874386802,9.932052350296598,1.0918995004869856,17.64
2026-10-21 08:31:44,46.95731364247952,46.990719869387135,54.3192023986398,83.435,22.374283368365294,22.5008982930136,7.969349176477073,39.925,9.86314461239034,9.938380544506721,1.09251200373638,17.655
2026-10-21 08:46:44,46.97301092258672,47.009151526806505,54.3332581953519,83.46,22.386794820989227,22.50945544344161,7.973628136513144,39.945,9.865236864811699,9.940327718387586,1.0928940673897338,17.66
2026-10-21 09:01:44,46.99070396263924,47.019287072646065,54.35092869653374,83.49,22.394894189382093,22.515695214237088,7.975978843173422,39.955,9.869154064254271,9.948106277902133,1.0934950074257759,17.67
2026-10-21 09:16:44,46.99493977082924,47.021806836829796,54.355109977373,83.495,22.394894189382093,22.515695214237088,7.975978843173422,39.955,9.869154064254271,9.948106277902133,1.0934950074257759,17.67
2026-10-21 09:31:44,47.01153099249993,47.0431679981783,54.37573887783277,83.53,22.410767825592995,22.53269480374187,7.981485758820162,39.98,9.869154064254271,9.948106277902133,1.0934950074257759,17.67
2026-10-21 09:46:44,47.033274138286835,47.06390766872094,54.39440262283893,83.56,22.429288376460743,22.55083333406198,7.987323786066068,40.01,9.87350996572074,9.9515920088699,1.0943371915609743,17.68
2026-10-21 10:01:44,47.050045432365586,47.08630588002322,54.41313231099631,83.59,22.443584175670587,22.564212589350475,7.991884448044066,40.03,9.875112658995299,9.955204044162278,1.094780606638533,17.685
2026-10-21 10:16:44,47.121237690538216,47.15622818395287,54.494216395528134,83.72,22.46845465065128,22.584290097089774,8.000375121754388,40.065,9.89212257157183,9.966363554342275,1.0959785390509549,17.71
2026-10-21 10:31:44,47.13440893341675,47.17597812565564,54.51396702352117,83.745,22.48406400238383,22.600664104677197,8.007026119965756,40.1,9.89212257157183,9.966363554342275,1.0959785390509549,17.71
2026-10-21 10:46:44,47.148450919153895,47.19378143966537,54.5326289144558,83.77,22.487707728373927,22.604098247718312,8.007774374999846,40.105,9.89212257157183,9.966363554342275,1.0959785390509549,17.71
2026-10-21 11:01:44,47.15509207742323,47.199253735501514,54.541382541743225,83.78,22.491846405652392,22.613347715888317,8.00946445833925,40.115,9.89212257157183,9.966363554342275,1.0959785390509549,17.71
2026-10-21 11:16:44,47.18169067487136,47.226709625286134,54.57495836889306,83.825,22.50874929620631,22.63780255855909,8.015583710932434,40.15,9.89212257157183,9.966363554342275,1.0959785390509549,17.71
2026-10-21 11:31:44,47.19745102640247,47.2414651647109,54.596686941213186,83.855,22.514357593507572,22.643944216396118,8.017601885335184,40.16,9.89212257157183,9.966363554342275,1.0959785390509549,17.71
2026-10-21 11:46:44,47.21940142584908,47.26462447766689,54.622627713889045,83.9,22.518464422299516,22.64923451644527,8.019989542873887,40.17,9.89212257157183,9.966363554342275,1.0959785390509549,17.71
2026-10-21 12:01:44,47.22855087561582,47.2744063345171,54.63040325695607,83.915,22.52550682487633,22.655044004433858,8.022148746567456,40.18,9.89212257157183,9.966363554342275,1.0959785390509549,17.71
2026-10-21 12:16:44,47.25261559277455,47.29281705477715,54.654217994928075,83.955,22.529874089292367,22.659926351808668,8.023346593287759,40.19,9.894538686084731,9.969174583587296,1.096447559251593,17.715
2026-10-21 12:31:44,47.25261559277455,47.29281705477715,54.654217994928075,83.955,22.53321702201404,22.663126388497222,8.024835871529055,40.195,9.894538686084731,9.969174583587296,1.096447559251593,17.715
2026-10-21 12:46:44,47.26275368935216,47.30323294768448,54.669770508029515,83.975,22.534820550952382,22.665130592159343,8.025546390108136,40.2,9.901312037533753,9.972932745537477,1.0971110822268402,17.725
2026-10-21 13:01:44,47.28948220882399,47.32461008073864,54.69972925344963,84.015,22.537645054485218,22.669846426737884,8.027320479552767,40.21,9.906055125724482,9.977082348352406,1.097487230114302,17.73
2026-10-21 13:16:44,47.297392330302806,47.33176421696431,54.705001450471535,84.025,22.537645054485218,22.669846426737884,8.027320479552767,40.21,9.906055125724482,9.977082348352406,1.097487230114302,17.73
2026-10-21 13:31:44,47.30591625738327,47.338818688209564,54.713962493472806,84.04,22.54095203026392,22.674152596895333,8.028321181862825,40.215,9.906055125724482,9.977082348352406,1.097487230114302,17.73
2026-10-21 13:46:44,47.30591625738327,47.338818688209564,54.713962493472806,84.04,22.54095203026392,22.674152596895333,8.028321181862825,40.215,9.906055125724482,9.977082348352406,1.097487230114302,17.73
2026-10-21 14:01:44,47.31121581046455,47.3433309679538,54.72010090788667,84.05,22.54095203026392,22.674152596895333,8.028321181862825,40.215,9.906055125724482,9.977082348352406,1.097487230114302,17.73
2026-10-21 14:16:44,47.31389540412348,47.350797275267894,54.72748942488318,84.06,22.54095203026392,22.674152596895333,8.028321181862825,40.215,9.906055125724482,9.977082348352406,1.097487230114302,17.73
2026-10-21 14:31:44,47.31487049121777,47.35207710945202,54.729274083944674,84.065,22.541705129523447,22.67628349791146,8.029100731433648,40.22,9.906055125724482,9.977082348352406,1.097487230114302,17.73
2026-10-21 14:46:44,47.330499627341155,47.36272062047752,54.74639067322036,84.09,22.541705129523447,22.67628349791146,8.029100731433648,40.22,9.906055125724482,9.977082348352406,1.097487230114302,17.73
2026-10-21 15:01:44,47.330499627341155,47.36272062047752,54.74639067322036,84.09,22.541705129523447,22.67628349791146,8.029100731433648,40.22,9.906055125724482,9.977082348352406,1.097487230114302,17.73
2026-10-21 15:16:44,47.330499627341155,47.36272062047752,54.74639067322036,84.09,22.54733655411489,22.68040447214587,8.031172265214636,40.23,9.906055125724482,9.977082348352406,1.097487230114302,17.73
2026-10-21 15:31:44,47.330499627341155,47.36272062047752,54.74639067322036,84.09,22.54733655411489,22.68040447214587,8.031172265214636,40.23,9.906055125724482,9.977082348352406,1.097487230114302,17.73
2026-10-21 15:46:44,47.34170311347196,47.37776918350243,54.75875936642446,84.11,22.551571631199813,22.682185128723038,8.031979410813173,40.235,9.906055125724482,9.977082348352406,1.097487230114302,17.73
2026-10-21 16:01:44,47.344541361021705,47.38177710913274,54.76043884646472,84.115,22.556650486456487,22.68903735194178,8.035163693767007,40.25,9.906055125724482,9.977082348352406,1.097487230114302,17.73
2026-10-21 16:16:44,47.35197603229403,47.38850827386255,54.76826688235134,84.13,22.56501717836992,22.69608405216967,8.036767297224518,40.26,9.909836724209882,9.981899856679268,1.097902298108952,17.735
2026-10-21 16:31:44,47.35197603229403,47.38850827386255,54.76826688235134,84.13,22.56501717836992,22.69608405216967,8.036767297224518,40.26,9.909836724209882,9.981899856679268,1.097902298108952,17.735
2026-10-21 16:46:44,47.36274059336005,47.395518690683346,54.78375725568619,84.15,22.567091406255265,22.698464048756918,8.038210898950375,40.265,9.909836724209882,9.981899856679268,1.097902298108952,17.735
2026-10-21 17:01:44,47.36340839689111,47.39716310648261,54.78602147410238,84.155,22.568379328678176,22.699586380257468,8.039161618704313,40.27,9.909836724209882,9.981899856679268,1.097902298108952,17.735
2026-10-21 17:16:44,47.382370713949406,47.41874104668867,54.80522096688573,84.19,22.570577908115187,22.708997598456904,8.040508709047387,40.28,9.909836724209882,9.981899856679268,1.097902298108952,17.735
2026-10-21 17:31:44,47.401051012214964,47.440845043649496,54.83064364095186,84.225,22.57845943927424,22.714406891447112,8.042107235382849,40.29,9.920545279472979,10.00003194150493,1.0998439401502411,17.76
2026-10-21 17:46:44,47.41214509276678,47.453975175077595,54.84694945436796,84.25,22.582413638233454,22.71704131747327,8.043604886365216,40.295,9.920545279472979,10.00003194150493,1.0998439401502411,17.76
2026-10-21 18:01:44,47.421850730264715,47.467026588914855,54.859969788440424,84.27,22.590255885721408,22.72599207008527,8.045342528517784,40.305,9.920545279472979,10.00003194150493,1.0998439401502411,17.76
2026-10-21 18:16:44,47.433367769600984,47.48065761631087,54.875275384675064,84.29,22.590255885721408,22.72599207008527,8.045342528517784,40.305,9.920545279472979,10.00003194150493,1.0998439401502411,17.76
2026-10-21 18:31:44,47.47493953986634,47.522956598587236,54.923623873195965,84.365,22.592920690191995,22.730786599118264,8.04707958503857,40.315,9.920545279472979,10.00003194150493,1.0998439401502411,17.76
2026-10-21 18:46:44,47.50677832234088,47.56225180505516,54.96051573184824,84.425,22.619093866143512,22.7471300350672,8.054267947933958,40.35,9.933673820495045,10.012973330148874,1.1013880747264573,17.785
2026-10-21 19:01:44,47.56381346801359,47.61916014242815,55.02933182923337,84.53,22.629195602709345,22.760245856246037,8.06158878031083,40.38,9.943797626675924,10.025087675009793,1.1023178091246901,17.8
2026-10-21 19:16:44,47.584124803324684,47.64624175727299,55.057703393068984,84.57,22.632900805832353,22.764075692012433,8.064359212379877,40.39,9.947656133825488,10.028556479131906,1.1027561974683504,17.81
2026-10-21 19:31:44,47.61225843481579,47.66853642779955,55.08622664365844,84.61,22.632900805832353,22.764075692012433,8.064359212379877,40.39,9.956653576348547,10.041404514166283,1.1042372439032435,17.83
2026-10-21 19:46:44,47.628786919199904,47.6861918386668,55.10595409814362,84.64,22.63974885658325,22.771866322579744,8.06587804225193,40.4,9.964785053350601,10.047466755782272,1.1047898501822173,17.84
2026-10-21 20:01:44,47.73006233868553,47.77059714243981,55.21290487325513,84.81,22.646262321131967,22.779469843233333,8.06990557702637,40.415,9.979902410397578,10.05788295694675,1.1065535211415853,17.865
2026-10-21 20:16:44,47.80919255623977,47.863782837831536,55.2898070740228,84.95,22.686056946419445,22.80927385474893,8.082862985673698,40.48,9.999933016653369,10.078344252898908,1.1086829744580424,17.905
2026-10-21 20:31:44,47.86998568904162,47.92193318893437,55.356231749420004,85.06,22.708155671825146,22.828272470052756,8.091594020571701,40.52,10.020796336614502,10.089681652928459,1.1104487694777947,17.935
2026-10-21 20:46:44,47.95686946753266,48.007374937000506,55.45793879674673,85.225,22.75370468914125,22.86225315410411,8.100628161741689,40.575,10.038975181840657,10.107279098711176,1.112000522371127,17.965
2026-10-21 21:01:44,48.029314689807066,48.082772237535444,55.54783176540461,85.365,22.768259046266817,22.872778624279544,8.105461470332104,40.6,10.059266116573424,10.132311972303066,1.114838595610272,18.005
2026-10-21 21:16:44,48.1547412806743,48.2101193784031,55.70268424037063,85.605,22.821857220128912,22.937678293701197,8.124721241826578,40.705,10.066453593794577,10.14375676719139,1.1156642798270802,18.02
2026-10-21 21:31:44,48.282279271412634,48.35921069764809,55.86323178648233,85.835,22.89676548744585,23.01261768743613,8.151221777764901,40.84,10.108431865222059,10.19250964779387,1.120116447776505,18.1
2026-10-21 21:46:44,48.30316305343778,48.3848384473936,55.890364219112946,85.875,22.90084112714961,23.01553094409451,8.152513332852891,40.85,10.108431865222059,10.19250964779387,1.120116447776505,18.1
2026-10-21 22:01:44,48.33444234364381,48.418685967385024,55.92020696627564,85.925,22.904771548979873,23.02088488184964,8.154744094997811,40.86,10.111753336652397,10.193159713933284,1.120502570847477,18.105
2026-10-21 22:16:44,48.35287646875871,48.43855290148151,55.935776670726426,85.95,22.92200432406672,23.039196233465404,8.162402868597251,40.895,10.112718665099809,10.194158320852056,1.1206354110441186,18.11
2026-10-21 22:31:44,48.41282993523663,48.501078729155246,56.00266724947271,86.055,22.94948591397507,23.072778309484754,8.172556262384278,40.94,10.118118934561346,10.204473241084322,1.121842978883932,18.125
2026-10-21 22:46:44,48.48811728749056,48.578773524479224,56.094147649088725,86.195,23.012548516732856,23.11880506598274,8.194886329910565,41.045,10.137600120569141,10.218188875531313,1.1245577829333313,18.16
2026-10-21 23:01:44,48.56553283796143,48.64942592425906,56.17907569403152,86.325,23.052806748845533,23.171849277732104,8.210966055154616,41.125,10.15965477486149,10.233725115876435,1.1270867070354313,18.195
2026-10-21 23:16:44,48.67091618648765,48.76466511448504,56.31862959879344,86.525,23.131430273769986,23.237640649867796,8.236110214289518,41.245,10.188181400462277,10.259463024187445,1.1305411431570158,18.245
2026-10-21 23:31:44,48.75478955646067,48.826935051045496,56.40550846322455,86.65,23.164115378016056,23.266919546119368,8.247008060194771,41.295,10.205211525272341,10.277098375777864,1.132344804612028,18.275
2026-10-21 23:46:44,48.94034288298446,49.03562423217483,56.64687283701729,87.005,23.220741106772884,23.317155125196376,8.26534832704896,41.39,10.227028640250492,10.306909222358746,1.1354294064811814,18.32
2026-10-22 00:01:44,49.11721814991488,49.22268622145186,56.860574835407924,87.325,23.29090826650282,23.37849814253221,8.287369746093113,41.505,10.258483361138424,10.333199614623805,1.1391130912190492,18.375
2026-10-22 00:16:44,49.18750792236569,49.29476083321247,56.9420175808234,87.45,23.3200309577339,23.420796438885766,8.302973784754863,41.58,10.276017558254123,10.351871984468959,1.1411762030329344,18.405
2026-10-22 00:31:44,49.26503612326863,49.36880755832406,57.02669398158677,87.57,23.379598973925056,23.47727209079921,8.322737739087327,41.675,10.30377178850138,10.370688601304598,1.1441018897544688,18.45
2026-10-22 00:46:44,49.41508155185899,49.52141631070184,57.2111003838831,87.835,23.443693189912988,23.551765488894958,8.347801460231498,41.8,10.333704473805652,10.40029355154014,1.1469726487484497,18.5
2026-10-22 01:01:44,49.47246962215101,49.586184272856414,57.281266590662824,87.95,23.471881573637326,23.582239064023074,8.358087417046288,41.855,10.351412196619943,10.425028052551468,1.1498699232823266,18.54
2026-10-22 01:16:44,49.567117844292255,49.69450858411995,57.401887366702596,88.13,23.543657151822753,23.65437613953113,8.383587015203132,41.99,10.38735213622996,10.462456639687495,1.1535338772124668,18.595
2026-10-22 01:31:44,49.681022351951434,49.80185969048335,57.54916962545071,88.335,23.61382311386499,23.72566012705336,8.410445697976886,42.115,10.446900599010045,10.514534706747028,1.1585270074950424,18.685
2026-10-22 01:46:44,49.82994950582635,49.93203142660714,57.68978922602447,88.58,23.67221384763494,23.78004112449881,8.432127503463184,42.22,10.46780965980108,10.535433601172212,1.161409606829293,18.73
2026-10-22 02:01:44,49.884825498956566,49.981308913390706,57.757699619440466,88.685,23.68954778902561,23.798568083530466,8.438764493943545,42.25,10.49076104117405,10.556490108937195,1.1640489460923191,18.77
2026-10-22 02:16:44,49.94539974082767,50.041847716384595,57.83648324864464,88.8,23.72383986725683,23.82906830697586,8.449571627006856,42.31,10.502865642318756,10.56632304580142,1.1658354024455688,18.795
2026-10-22 02:31:44,50.07552526411166,50.17308816782365,57.98502180674463,89.02,23.76932518807252,23.8772142014718,8.467957182886455,42.4,10.534767066725625,10.59726859361717,1.1693468455243412,18.845
2026-10-22 02:46:44,50.135218199929724,50.23310344532365,58.06392720782626,89.13,23.79418391263581,23.907064033386593,8.478260432937736,42.45,10.544497118446532,10.610485590664199,1.1714280793356628,18.87
2026-10-22 03:01:44,50.195650488769765,50.309970064136095,58.14211619446961,89.245,23.80178551832485,23.919533939382763,8.480865182622876,42.465,10.548391889387146,10.61883401700916,1.172069373236242,18.88
2026-10-22 03:16:44,50.28270669166052,50.39511119809583,58.2428658213467,89.39,23.84242156697436,23.962998944212707,8.494648418171256,42.54,10.568532144981209,10.637476352435286,1.1748639757502217,18.92
2026-10-22 03:31:44,50.30684862129222,50.416525177459775,58.27238322651963,89.44,23.865622931046,23.98406039082098,8.504199976797485,42.58,10.591499097303133,10.661862446310355,1.1768015992431233,18.955
2026-10-22 03:46:44,50.37810062521782,50.488993564002946,58.347938795240665,89.56,23.88355389843896,24.003258452001123,8.511301101593071,42.62,10.601134445765016,10.668815957263991,1.178022238849302,18.97
2026-10-22 04:01:44,50.46885282230711,50.58759376568242,58.46801234719952,89.73,23.912202463223252,24.034026084935658,8.52240178363431,42.675,10.624284012267053,10.701146609659995,1.1814300447507902,19.015
2026-10-22 04:16:44,50.59565412722985,50.70193889464333,58.59007006426372,89.925,23.93938538202679,24.06457755257463,8.533717520684588,42.73,10.643761050704075,10.721632317947682,1.1834896418755338,19.05
2026-10-22 04:31:44,50.669452897929126,50.78406235922047,58.68927008624367,90.065,23.974414461346218,24.103405293226885,8.547772610460562,42.795,10.648293659966935,10.723688431009272,1.1836148728207194,19.055
2026-10-22 04:46:44,50.741204490324996,50.848674065824525,58.76289370536406,90.18,24.000163124935547,24.13340450588841,8.5580340230314,42.845,10.672012236010115,10.738178601319257,1.1852893976344614,19.09
2026-10-22 05:01:44,50.814207140143786,50.92874519254615,58.853594479246986,90.32,24.056963446879625,24.195163342692233,8.576108510744346,42.94,10.700791304425058,10.759458577828804,1.1884270604430027,19.135
2026-10-22 05:16:44,50.83841686148239,50.94796100215889,58.87686602338365,90.36,24.073471982395432,24.206727294854918,8.580464301181843,42.96,10.700791304425058,10.759458577828804,1.1884270604430027,19.135
2026-10-22 05:31:44,50.9019916626726,51.002358722660986,58.946441305558025,90.475,24.099191874603203,24.239719131945055,8.590301773193124,43.01,10.718582299005634,10.778047256558578,1.1907730738159452,19.165
2026-10-22 05:46:44,50.91348994858787,51.012728682260544,58.96018870867452,90.495,24.10815482980692,24.25324674712901,8.594405187486876,43.03,10.719304334411165,10.781354756119143,1.1909027828200331,19.17
2026-10-22 06:01:44,50.9337222412026,51.04452361412912,58.99033977150139,90.54,24.12186643097641,24.26560272381792,8.598452283846827,43.05,10.72422165961784,10.782648763960875,1.1914015781552068,19.175
2026-10-22 06:16:44,51.00440639916522,51.098093852732475,59.05185742510694,90.65,24.14311551705956,24.286890055463015,8.60669401069427,43.09,10.72870034897616,10.784155656948565,1.1916651510833833,19.18
2026-10-22 06:31:44,51.04914411143675,51.1279107744088,59.1018040260763,90.725,24.157194666823045,24.303254085506655,8.613297439315089,43.12,10.732104043554575,10.78877938098315,1.1925017964485036,19.19
2026-10-22 06:46:44,51.08738259919135,51.16896605995827,59.1412140655462,90.79,24.169565421404815,24.31978340822659,8.620048267705599,43.15,10.736261049214143,10.790545230205206,1.192752965662025,19.195
2026-10-22 07:01:44,51.155353284783416,51.23797568336075,59.218406767627314,90.905,24.19882183985916,24.362526147810996,8.631006592478146,43.21,10.754252315347863,10.81059076423086,1.1941768919231086,19.225
2026-10-22 07:16:44,51.21360262828429,51.29393722656067,59.28888811337184,91.005,24.21827364076941,24.382721166482177,8.638120970371249,43.245,10.761487378225253,10.818784894663718,1.1948786212518505,19.235
2026-10-22 07:31:44,51.24171986296382,51.31859501912383,59.31676414484203,91.045,24.225716435121214,24.389975147243593,8.640735397216536,43.26,10.761487378225253,10.818784894663718,1.1948786212518505,19.235
2026-10-22 07:46:44,51.26523700122485,51.339320723348486,59.350752625879004,91.09,24.22849284162098,24.397113925463234,8.64274266365611,43.27,10.76938283734297,10.823302595773816,1.195529521873858,19.25
2026-10-22 08:01:44,51.27230542663195,51.349594136143544,59.360244569937734,91.105,24.23317172892901,24.40527377269202,8.6465577609366,43.285,10.770420045661993,10.825474023777339,1.1958170546194984,19.255
2026-10-22 08:16:44,51.309656078600604,51.3771779110467,59.402217344133085,91.165,24.263599720664487,24.432834996008914,8.65894339079899,43.345,10.783526700296859,10.837751917809742,1.1970673867277164,19.275
2026-10-22 08:31:44,51.36132926702982,51.43926512330455,59.47525845477125,91.27,24.29360696588678,24.461690028809855,8.671519936949455,43.4,10.799592795991309,10.855210260544755,1.1987535522584118,19.3
2026-10-22 08:46:44,51.42184175974943,51.50385142758416,59.53688987548753,91.375,24.339797625866954,24.500582398450696,8.68541696202152,43.475,10.806046994578582,10.860293150208232,1.1994299899241874,19.31
2026-10-22 09:01:44,51.489822297598536,51.570552775819245,59.614735591895794,91.49,24.374107040937194,24.533805203609464,8.6963210971682,43.53,10.814138129454614,10.867516059868958,1.200213155134447,19.32
2026-10-22 09:16:44,51.539649456058704,51.621160561922686,59.67638122013205,91.585,24.398371865730553,24.561976780781944,8.70353226216687,43.57,10.835037101058962,10.887266385682654,1.2025409044023208,19.36
2026-10-22 09:31:44,51.5992898333937,51.679822189581216,59.74337629360864,91.69,24.424043009586644,24.585686919691973,8.712319665745053,43.61,10.841170335817084,10.890793668122653,1.2029874362852493,19.37
2026-10-22 09:46:44,51.637250547141704,51.71778699681018,59.785185613051674,91.75,24.43597638639277,24.600628490818373,8.716331322633417,43.635,10.841170335817084,10.890793668122653,1.2029874362852493,19.37
2026-10-22 10:01:44,51.67325390222017,51.75769205262337,59.83037582626605,91.82,24.451513188345242,24.62614872432227,8.723746367945617,43.67,10.847477883810356,10.897237127101043,1.2039629423106302,19.38
2026-10-22 10:16:44,51.70256258267997,51.79406036206305,59.87093131682403,91.88,24.479453490355358,24.648880150951705,8.73215346072875,43.71,10.852150763780354,10.907949841761553,1.2044963868522445,19.395
2026-10-22 10:31:44,51.718803073255046,51.81355203348183,59.89716301120759,91.92,24.479453490355358,24.648880150951705,8.73215346072875,43.71,10.855249384071021,10.911917986761685,1.2049789838712148,19.4
2026-10-22 10:46:44,51.72952950698566,51.825436429002984,59.9117494313396,91.94,24.489237901786957,24.65735525549463,8.734485455453795,43.725,10.856071395267062,10.915632447975565,1.205222035285075,19.405
2026-10-22 11:01:44,51.744491809404295,51.83391461102877,59.92686884090936,91.965,24.493917065896554,24.658322045316254,8.735161359594363,43.73,10.856071395267062,10.915632447975565,1.205222035285075,19.405
2026-10-22 11:16:44,51.755627352558456,51.841211960254384,59.93742066087701,91.98,24.495519352290433,24.662201007210385,8.736133375386572,43.735,10.856071395267062,10.915632447975565,1.205222035285075,19.405
2026-10-22 11:31:44,51.755627352558456,51.841211960254384,59.93742066087701,91.98,24.502159417880634,24.66862881153943,8.737745357021586,43.745,10.856071395267062,10.915632447975565,1.205222035285075,19.405
2026-10-22 11:46:44,51.77074713745467,51.852001313053336,59.953074829433184,92.0,24.51579792917249,24.68584270593184,8.742614470339014,43.77,10.856071395267062,10.915632447975565,1.205222035285075,19.405
2026-10-22 12:01:44,51.77074713745467,51.852001313053336,59.953074829433184,92.0,24.51579792917249,24.68584270593184,8.742614470339014,43.77,10.856071395267062,10.915632447975565,1.205222035285075,19.405
2026-10-22 12:16:44,51.79349977898916,51.87280877721213,59.97501276639952,92.035,24.53582814740448,24.703122085131326,8.748068728954697,43.795,10.858732555725911,10.918528438582436,1.2055058412684785,19.41
2026-10-22 12:31:44,51.80166127223873,51.87842293039707,59.98189292981468,92.045,24.53582814740448,24.703122085131326,8.748068728954697,43.795,10.858732555725911,10.918528438582436,1.2055058412684785,19.41
2026-10-22 12:46:44,51.80166127223873,51.87842293039707,59.98189292981468,92.045,24.53582814740448,24.703122085131326,8.748068728954697,43.795,10.858732555725911,10.918528438582436,1.2055058412684785,19.41
2026-10-22 13:01:44,51.80166127223873,51.87842293039707,59.98189292981468,92.045,24.53857642278906,24.706205819540696,8.748873789559871,43.8,10.858732555725911,10.918528438582436,1.2055058412684785,19.41
2026-10-22 13:16:44,51.802588982262186,51.88117135425822,59.98364488348357,92.05,24.53857642278906,24.706205819540696,8.748873789559871,43.8,10.863556963365278,10.922281257155943,1.205838980745795,19.415
2026-10-22 13:31:44,51.81176373051126,51.8913994220532,59.99455399307808,92.065,24.54337055303931,24.709204867134204,8.750014907379942,43.805,10.87028778201036,10.931391789988862,1.2063797600504544,19.425
2026-10-22 13:46:44,51.815459153892235,51.89404007063478,59.99847675225925,92.07,24.545639901835354,24.71349694662331,8.750732921883849,43.81,10.87028778201036,10.931391789988862,1.2063797600504544,19.425
2026-10-22 14:01:44,51.815459153892235,51.89404007063478,59.99847675225925,92.07,24.547631978864587,24.716574631056478,8.752083802724336,43.815,10.874480125290924,10.932194838163,1.2065505687910847,19.43
2026-10-22 14:16:44,51.815459153892235,51.89404007063478,59.99847675225925,92.07,24.547631978864587,24.716574631056478,8.752083802724336,43.815,10.874480125290924,10.932194838163,1.2065505687910847,19.43
2026-10-22 14:31:44,51.815459153892235,51.89404007063478,59.99847675225925,92.07,24.547631978864587,24.716574631056478,8.752083802724336,43.815,10.874480125290924,10.932194838163,1.2065505687910847,19.43
2026-10-22 14:46:44,51.815459153892235,51.89404007063478,59.99847675225925,92.07,24.54949401643893,24.720091731766086,8.753166008515185,43.82,10.874480125290924,10.932194838163,1.2065505687910847,19.43
2026-10-22 15:01:44,51.82920328301915,51.90295205106111,60.01043333155244,92.09,24.55277591494132,24.723352409438103,8.754472779382896,43.825,10.874480125290924,10.932194838163,1.2065505687910847,19.43
2026-10-22 15:16:44,51.83440715421053,51.91081246240197,60.01852372845672,92.1,24.55277591494132,24.723352409438103,8.754472779382896,43.825,10.874480125290924,10.932194838163,1.2065505687910847,19.43
2026-10-22 15:31:44,51.84420029226069,51.92035276559846,60.02808140247268,92.115,24.56982218790581,24.747623556991197,8.761165434472023,43.86,10.877762583088145,10.933260979964524,1.2067645268825415,19.435
2026-10-22 15:46:44,51.854511143706745,51.931062548006004,60.04110521874669,92.135,24.56982218790581,24.747623556991197,8.761165434472023,43.86,10.877762583088145,10.933260979964524,1.2067645268825415,19.435
2026-10-22 16:01:44,51.85900664246526,51.93558886559192,60.04491106267655,92.14,24.575821361823,24.7543013733115,8.763138525969609,43.87,10.879158400984807,10.934020269882964,1.2070788270432145,19.44
2026-10-22 16:16:44,51.88473478399242,51.953421768297446,60.078080369082144,92.185,24.575821361823,24.7543013733115,8.763138525969609,43.87,10.879158400984807,10.934020269882964,1.2070788270432145,19.44
2026-10-22 16:31:44,51.90191317697317,51.970928173527,60.097066191940144,92.215,24.579887812246138,24.75834897564159,8.763775890515598,43.875,10.879158400984807,10.934020269882964,1.2070788270432145,19.44
2026-10-22 16:46:44,51.90191317697317,51.970928173527,60.097066191940144,92.215,24.584712202464708,24.762979819994996,8.764900459123544,43.88,10.879158400984807,10.934020269882964,1.2070788270432145,19.44
2026-10-22 17:01:44,51.91497614845679,51.98874678677914,60.11171320529818,92.24,24.59280116797797,24.776754024548843,8.768661072263118,43.895,10.879158400984807,10.934020269882964,1.2070788270432145,19.44
2026-10-22 17:16:44,51.925518825300934,51.999990641589115,60.12365285061568,92.26,24.59440177433777,24.7793730902695,8.769487517798947,43.9,10.879158400984807,10.934020269882964,1.2070788270432145,19.44
2026-10-22 17:31:44,51.93857644770172,52.01461928828307,60.134916051937275,92.285,24.603752414038745,24.791967290900985,8.771927315093839,43.915,10.884790757149531,10.94065409544593,1.2077130789680948,19.45
2026-10-22 17:46:44,51.93857644770172,52.01461928828307,60.134916051937275,92.285,24.60598815082746,24.79675576410723,8.773318581124952,43.925,10.884790757149531,10.94065409544593,1.2077130789680948,19.45
2026-10-22 18:01:44,51.949987296269136,52.02441458544958,60.147363533972,92.305,24.60598815082746,24.79675576410723,8.773318581124952,43.925,10.888786420986369,10.945141087110507,1.2081234043517588,19.455
2026-10-22 18:16:44,51.958148744598894,52.03031245860711,60.1535483205493,92.315,24.610328111122865,24.79846554580395,8.774001054251649,43.93,10.888786420986369,10.945141087110507,1.2081234043517588,19.455
2026-10-22 18:31:44,51.98268529004865,52.05082249229296,60.18399254159856,92.355,24.623367436841768,24.815026325149674,8.777842875446813,43.95,10.89726065361363,10.956108915623176,1.2090185042097548,19.47
2026-10-22 18:46:44,52.00571644950173,52.07190287125492,60.20785868514604,92.39,24.630360758754847,24.821326830315755,8.780550509105165,43.96,10.89726065361363,10.956108915623176,1.2090185042097548,19.47
2026-10-22 19:01:44,52.075852578626794,52.125692507432476,60.276481230880385,92.5,24.66319259697389,24.86127284161293,8.794116206430385,44.025,10.899909621360484,10.957982273263411,1.2091538119335454,19.475
2026-10-22 19:16:44,52.09032202250599,52.143209860492234,60.29663922799831,92.53,24.667639880640294,24.86409835014372,8.795066389124772,44.03,10.901325368192515,10.961786903187082,1.2095339964901781,19.48
2026-10-22 19:31:44,52.097657836687134,52.15456260627743,60.314297001474664,92.555,24.67860678207966,24.874114578654453,8.799306984781632,44.05,10.906504860097863,10.970340534067633,1.2099896733480022,19.49
2026-10-22 19:46:44,52.107597087511685,52.1662028064071,60.32876492608543,92.58,24.70935392872258,24.902854634415903,8.810662160897786,44.105,10.920764577210928,10.984095404824583,1.2110332684069054,19.515
2026-10-22 20:01:44,52.169768578958305,52.22627356628432,60.396716074408054,92.685,24.74681543551494,24.92555727544642,8.823203109660758,44.16,10.943768551449079,11.002148859999766,1.213169741144691,19.555
2026-10-22 20:16:44,52.20034470491493,52.25961212412019,60.440397258955464,92.745,24.765562633634254,24.946202655005916,8.830502453105419,44.195,10.948553040367427,11.009897457504856,1.214052920375114,19.565
2026-10-22 20:31:44,52.26167524730851,52.3178865511833,60.506168726569484,92.85,24.78116102479713,24.963879801139065,8.837659099668818,44.23,10.953461213010609,11.013920353081126,1.2147474136233258,19.575
2026-10-22 20:46:44,52.26380129590124,52.31853425286082,60.507829176615466,92.855,24.785974032141894,24.96826507918352,8.838533681115747,44.235,10.953461213010609,11.013920353081126,1.2147474136233258,19.575
2026-10-22 21:01:44,52.296784408585644,52.34285158728407,60.54138686686744,92.905,24.800805789092774,24.980311722953758,8.842549871713016,44.26,10.962285905834184,11.01819166598477,1.2152472758034136,19.585
2026-10-22 21:16:44,52.30202229922124,52.348296222858664,60.54720561834614,92.915,24.800805789092774,24.980311722953758,8.842549871713016,44.26,10.962285905834184,11.01819166598477,1.2152472758034136,19.585
2026-10-22 21:31:44,52.36854814966905,52.408240931149614,60.638844533619626,93.04,24.83874093718382,25.01303326308115,8.854045696738874,44.32,10.981593696972041,11.031726300054808,1.2167861322083218,19.62
2026-10-22 21:46:44,52.37463998118648,52.41197277148299,60.64663107097427,93.05,24.83874093718382,25.01303326308115,8.854045696738874,44.32,10.981593696972041,11.031726300054808,1.2167861322083218,19.62
2026-10-22 22:01:44,52.3970270498375,52.43182082757677,60.66708815139244,93.085,24.84983493576282,25.02503853639385,8.858067758992881,44.34,10.987573576198775,11.035016988155617,1.2174642562498283,19.63
2026-10-22 22:16:44,52.433942993290735,52.471080840841665,60.711850441684625,93.155,24.872264170130656,25.053683127570014,8.868117104718193,44.385,10.998703610942947,11.048505854959004,1.2190162516887904,19.655
2026-10-22 22:31:44,52.45945554144014,52.49172055786586,60.733613206932816,93.19,24.884003557070447,25.0660169379373,8.872369709895116,44.405,11.001638604757424,11.053318117472632,1.2194802854543836,19.66
2026-10-22 22:46:44,52.48285172400537,52.51604662078074,60.76000874288974,93.24,24.909961504827276,25.091989356225703,8.881906655014705,44.45,11.001638604757424,11.053318117472632,1.2194802854543836,19.66
2026-10-22 23:01:44,52.50657153436523,52.539742712914986,60.78217221553447,93.28,24.91931558519564,25.099095667448378,8.883977028255897,44.46,11.006342563368808,11.061103135242139,1.220224666311268,19.67
2026-10-22 23:16:44,52.58586177627675,52.60800398948581,60.872951323382026,93.415,24.93435107101308,25.12341045496181,8.889544472998425,44.495,11.034133897783125,11.084863377938076,1.2226462210854254,19.715
2026-10-22 23:31:44,52.679765658882324,52.72158161716353,60.98599552712804,93.6,24.980733720030454,25.17566541823319,8.905385563966895,44.58,11.07792275380051,11.127568629640383,1.2267793478751519,19.78
2026-10-22 23:46:44,52.823199395463696,52.86511690966387,61.14596758359426,93.85,25.055468961170504,25.265624743507832,8.934858179222484,44.725,11.115341211883056,11.176123477048307,1.2312613131561845,19.845
2026-10-23 00:01:44,52.91431028304857,52.95875766420067,61.250822820224606,94.015,25.127530508083254,25.322056316575086,8.96083142103847,44.835,11.153180782525009,11.206946278870879,1.2348194212012116,19.9
2026-10-23 00:16:44,52.963502963335834,53.02246657461004,61.318346147546904,94.11,25.17283864805681,25.354293318952525,8.97312561947283,44.895,11.168453555504662,11.217951418115637,1.2362892448063687,19.92
2026-10-23 00:31:44,52.98572344890535,53.05599084244023,61.35741342558639,94.16,25.186572599592623,25.367005851641945,8.97741663555787,44.915,11.181568817853027,11.23464367897369,1.2378388579583974,19.945
2026-10-23 00:46:44,53.00010352962237,53.07414179998783,61.37595585835768,94.185,25.186572599592623,25.367005851641945,8.97741663555787,44.915,11.1855093738867,11.238734418308178,1.2381164920257937,19.95
2026-10-23 01:01:44,53.04725915208249,53.11938861261853,61.43764214296652,94.28,25.232764540059392,25.409841034252494,8.9940298816171,45.0,11.193347022147169,11.249098330349925,1.2389922679048706,19.965
2026-10-23 01:16:44,53.06377544051126,53.13440236679582,61.457217118918784,94.305,25.236858727496013,25.417786772279637,8.996359053835068,45.01,11.193347022147169,11.249098330349925,1.2389922679048706,19.965
2026-10-23 01:31:44,53.10036017866509,53.16733092771937,61.5104309592457,94.375,25.246990629499027,25.427014790637923,8.999269395093096,45.03,11.204348229287326,11.267915430046287,1.240355476895376,19.99
2026-10-23 01:46:44,53.16338587089401,53.22460518891609,61.5839633640592,94.48,25.29448251227658,25.46183208081785,9.013785474190822,45.11,11.207694034355463,11.272523067750026,1.2409750700236744,20.0
2026-10-23 02:01:44,53.2235333444208,53.279303317156106,61.635463624346535,94.565,25.34713608508158,25.513444754727892,9.03244821541409,45.195,11.224960037184387,11.28536746871264,1.2426871896404015,20.035
2026-10-23 02:16:44,53.32407271515655,53.38697948456004,61.74275159977624,94.74,25.40253070361894,25.56970289761397,9.04973014727856,45.285,11.272901091789763,11.332185935934799,1.247613188688108,20.115
2026-10-23 02:31:44,53.39726045561213,53.44759647665116,61.82484872649524,94.86,25.42897968661048,25.59521265663327,9.059063797074156,45.33,11.284552255926679,11.346887701620386,1.2492754643149584,20.14
2026-10-23 02:46:44,53.45893262746792,53.50359106516375,61.889085335827744,94.955,25.483626813372943,25.64734506406705,9.078757649035781,45.425,11.321871676588401,11.373270484985788,1.2531241895351186,20.205
2026-10-23 03:01:44,53.54854039077218,53.586348878598315,61.98597321043973,95.1,25.53598052576566,25.69256652536411,9.095845021025406,45.505,11.349884289542644,11.392567389914616,1.2554388629844453,20.245
2026-10-23 03:16:44,53.58463976285556,53.61866054838132,62.02230758580468,95.155,25.558779168089636,25.725101423098288,9.106392094999213,45.56,11.364428491645764,11.408788466350794,1.2567995544566832,20.27
2026-10-23 03:31:44,53.63452216821141,53.66164641674077,62.0841571526174,95.25,25.562803096121183,25.72978034038999,9.107739003755622,45.57,11.367765152943724,11.411135044725997,1.25757060227566,20.28
2026-10-23 03:46:44,53.69324085669862,53.71568334587565,62.150924207189924,95.345,25.583019298810026,25.74816679596417,9.114562966137134,45.6,11.375665187456951,11.417345531927198,1.2582342910454865,20.29
2026-10-23 04:01:44,53.74377856063116,53.75811911749172,62.20569377487135,95.43,25.598632849539094,25.758349116068725,9.117852413601993,45.62,11.378855001998826,11.426040967163395,1.2589646329245983,20.305
2026-10-23 04:16:44,53.765370179894994,53.78123163354003,62.22619063646301,95.465,25.628171696785255,25.778762334593594,9.127139015769336,45.665,11.386812485748148,11.432208523712777,1.259449582818631,20.315
2026-10-23 04:31:44,53.84676802026965,53.85554139221683,62.31589835778307,95.605,25.654254368642903,25.810142514086117,9.14050936791849,45.725,11.408997645818108,11.453897979760537,1.262306605965613,20.355
2026-10-23 04:46:44,53.86511229575269,53.87616075395478,62.33607629332616,95.635,25.654254368642903,25.810142514086117,9.14050936791849,45.725,11.410493886650885,11.458081602249582,1.262702504886575,20.36
2026-10-23 05:01:44,53.868169893977026,53.88049844050111,62.340462096643535,95.64,25.65595571596112,25.81246244443421,9.141619105086841,45.73,11.42271766074759,11.462298250168981,1.263692177066359,20.375
2026-10-23 05:16:44,53.88424080198296,53.89311927482135,62.35549900213932,95.665,25.664154722924923,25.823343044990363,9.145172775213705,45.745,11.429116700445244,11.469590459461555,1.2646197926116602,20.385
2026-10-23 05:31:44,53.88807478335835,53.89900534572939,62.36183132576812,95.675,25.669845669083962,25.83032594163768,9.146552976592982,45.755,11.429116700445244,11.469590459461555,1.2646197926116602,20.385
2026-10-23 05:46:44,53.90595848896191,53.9127179643469,62.386420084276956,95.71,25.683027447018127,25.839688765826846,9.151696318803863,45.78,11.430830543877386,11.473254868271395,1.2650928964291663,20.39
2026-10-23 06:01:44,53.91727159286597,53.92740176657899,62.40010449304518,95.735,25.696254172806036,25.84633776190641,9.154238492338141,45.795,11.43463068359445,11.476196167849732,1.2653730688298113,20.395
2026-10-23 06:16:44,53.92205567724234,53.93599705456979,62.40928893450956,95.75,25.696254172806036,25.84633776190641,9.154238492338141,45.795,11.43629157091442,11.480299931561557,1.2662086413232523,20.405
2026-10-23 06:31:44,53.92278255974498,53.93920398896256,62.412971572919325,95.755,25.70542573920019,25.856948588624878,9.157413291856486,45.81,11.446037599280489,11.487111243776978,1.2673352509385487,20.42
2026-10-23 06:46:44,53.928711038596646,53.948518842274666,62.42052384843874,95.77,25.70860050265481,25.860419289368615,9.158822722470855,45.815,11.449985141184419,11.49051008790149,1.2676857368365353,20.425
2026-10-23 07:01:44,53.9395416960499,53.9580527118617,62.43335753760713,95.785,25.722669302462457,25.875395825504025,9.162526272947028,45.835,11.454908727663708,11.495481771525629,1.2680831534886494,20.435
2026-10-23 07:16:44,54.02015638182425,54.05190255454164,62.528462171480555,95.945,25.747874409012447,25.904019034002324,9.173126085170987,45.885,11.464274972260606,11.50966584172557,1.26952322288815,20.46
2026-10-23 07:31:44,54.0596650461289,54.09180558771757,62.57658614259999,96.025,25.768848095305557,25.928330303809375,9.181730823975357,45.925,11.480531113562057,11.522029530110007,1.2709847818473399,20.49
2026-10-23 07:46:44,54.10564922107011,54.13701170939233,62.633038946831405,96.11,25.796963642907304,25.953477689413077,9.188872477502128,45.96,11.483966039915934,11.524046292707679,1.2713496494412146,20.495
2026-10-23 08:01:44,54.16336436683259,54.19941494803499,62.699266167171594,96.21,25.809625901896613,25.97240252145753,9.194208108250741,45.985,11.483966039915934,11.524046292707679,1.2713496494412146,20.495
2026-10-23 08:16:44,54.222164886917284,54.2482863712056,62.75547024695515,96.3,25.832489846360243,26.000468365154628,9.200929799671316,46.03,11.494328386817713,11.535076571261497,1.2724741021310457,20.515
2026-10-23 08:31:44,54.303466543355064,54.33228168210612,62.84619054661424,96.445,25.873006382452882,26.050763445897086,9.217688551630525,46.11,11.521600955696252,11.575882488100131,1.276844404126463,20.585
2026-10-23 08:46:44,54.32525471592694,54.36087065110279,62.878353356598126,96.49,25.885403961816483,26.062666311535192,9.221183767089311,46.13,11.523153517551641,11.57738861735661,1.2772284699935603,20.59
2026-10-23 09:01:44,54.35022282909694,54.396031378425754,62.916308681735075,96.545,25.89438779808829,26.06837139297508,9.22435236718176,46.145,11.523153517551641,11.57738861735661,1.2772284699935603,20.59
2026-10-23 09:16:44,54.390126350491805,54.43226772646909,62.970420193321594,96.615,25.908376440406656,26.078114973820608,9.229096649086296,46.165,11.530849369856687,11.581438276721716,1.2776637580842267,20.6
2026-10-23 09:31:44,54.40196485303235,54.44759561158799,62.9823554653319,96.635,25.914840265777237,26.08772577045617,9.230918281074903,46.175,11.530849369856687,11.581438276721716,1.2776637580842267,20.6
2026-10-23 09:46:44,54.41681714971558,54.463347214915466,62.998074401820304,96.66,25.915914508777657,26.09263334789539,9.231513222386006,46.18,11.530849369856687,11.581438276721716,1.2776637580842267,20.6
2026-10-23 10:01:44,54.42481940858324,54.469386886259905,63.007472623910765,96.675,25.92045128464879,26.093758093359018,9.232710523435088,46.185,11.535117569427767,11.582532863324895,1.2780806679281762,20.605
2026-10-23 10:16:44,54.439581524947044,54.481713752091025,63.02264864319479,96.705,25.92642369439365,26.09748862385298,9.235058617460947,46.195,11.54017937704632,11.59104421981851,1.2787337279077833,20.615
2026-10-23 10:31:44,54.456762687221826,54.50023048431621,63.03752775289372,96.735,25.92642369439365,26.09748862385298,9.235058617460947,46.195,11.54017937704632,11.59104421981851,1.2787337279077833,20.615
2026-10-23 10:46:44,54.45883456414795,54.50626006661633,63.0462134361699,96.745,25.930886349072846,26.098383709705725,9.23562723917681,46.2,11.54017937704632,11.59104421981851,1.2787337279077833,20.615
2026-10-23 11:01:44,54.45883456414795,54.50626006661633,63.0462134361699,96.745,25.930886349072846,26.098383709705725,9.23562723917681,46.2,11.544835057550683,11.595217463380457,1.2789978153830677,20.62
2026-10-23 11:16:44,54.45883456414795,54.50626006661633,63.0462134361699,96.745,25.930886349072846,26.098383709705725,9.23562723917681,46.2,11.544835057550683,11.595217463380457,1.2789978153830677,20.62
2026-10-23 11:31:44,54.46474269977877,54.51044786659184,63.05218286308916,96.755,25.9325464513227,26.101586435881877,9.237012248900978,46.205,11.544835057550683,11.595217463380457,1.2789978153830677,20.62
2026-10-23 11:46:44,54.48006925053539,54.5268953852562,63.071084764053516,96.785,25.9325464513227,26.101586435881877,9.237012248900978,46.205,11.544835057550683,11.595217463380457,1.2789978153830677,20.62
2026-10-23 12:01:44,54.48006925053539,54.5268953852562,63.071084764053516,96.785,25.937348568817256,26.102938067512916,9.23789196812694,46.21,11.544835057550683,11.595217463380457,1.2789978153830677,20.62
2026-10-23 12:16:44,54.48715299307584,54.53783531147859,63.0794634652087,96.8,25.937348568817256,26.102938067512916,9.23789196812694,46.21,11.544835057550683,11.595217463380457,1.2789978153830677,20.62
2026-10-23 12:31:44,54.48715299307584,54.53783531147859,63.0794634652087,96.8,25.938836960123524,26.105490572788398,9.239075245848769,46.215,11.544835057550683,11.595217463380457,1.2789978153830677,20.62
2026-10-23 12:46:44,54.488183326514424,54.53993714381176,63.08135955341909,96.805,25.938836960123524,26.105490572788398,9.239075245848769,46.215,11.547355348433564,11.599008879083312,1.2791340971831882,20.625
2026-10-23 13:01:44,54.49129807193249,54.541499264024765,63.084065601790634,96.81,25.938836960123524,26.105490572788398,9.239075245848769,46.215,11.547355348433564,11.599008879083312,1.2791340971831882,20.625
2026-10-23 13:16:44,54.49351541968145,54.54339859027674,63.085748035932255,96.815,25.94177243370285,26.109140247566568,9.239698502810423,46.22,11.547355348433564,11.599008879083312,1.2791340971831882,20.625
2026-10-23 13:31:44,54.49351541968145,54.54339859027674,63.085748035932255,96.815,25.944913222789697,26.11177404260618,9.240270386778379,46.225,11.547355348433564,11.599008879083312,1.2791340971831882,20.625
2026-10-23 13:46:44,54.510184512916815,54.55795093033037,63.106474031540586,96.84,25.944913222789697,26.11177404260618,9.240270386778379,46.225,11.547355348433564,11.599008879083312,1.2791340971831882,20.625
2026-10-23 14:01:44,54.51346590881267,54.56182714997721,63.1127400059705,96.85,25.944913222789697,26.11177404260618,9.240270386778379,46.225,11.547355348433564,11.599008879083312,1.2791340971831882,20.625
2026-10-23 14:16:44,54.51963574319789,54.568049901385464,63.11878677515169,96.86,25.949395681543024,26.11570246912946,9.24139463585544,46.23,11.553968548428195,11.607998869431608,1.2799145369122629,20.635
2026-10-23 14:31:44,54.53646527273492,54.58146588968272,63.133570333095754,96.885,25.95353662920107,26.119902519402494,9.242004183018075,46.235,11.555459219321307,11.610190783985717,1.2803782897092322,20.64
2026-10-23 14:46:44,54.54509933941494,54.58868915283047,63.144334943395464,96.9,25.95353662920107,26.119902519402494,9.242004183018075,46.235,11.555459219321307,11.610190783985717,1.2803782897092322,20.64
2026-10-23 15:01:44,54.560832839767365,54.604485350744255,63.16482274850466,96.93,25.95947685007238,26.129136126064452,9.244743656322,46.25,11.557116999102028,11.611755652963772,1.280806538050025,20.645
2026-10-23 15:16:44,54.572390278930854,54.615975636972635,63.176932230748335,96.95,25.95947685007238,26.129136126064452,9.244743656322,46.25,11.557116999102028,11.611755652963772,1.280806538050025,20.645
2026-10-23 15:31:44,54.58880821265733,54.63471391001142,63.193672042301664,96.98,25.96794871734011,26.137574232324944,9.246714534525589,46.26,11.562095454973566,11.61574401381605,1.281122630405815,20.65
2026-10-23 15:46:44,54.58880821265733,54.63471391001142,63.193672042301664,96.98,25.972146714466522,26.141289185576653,9.247430887917929,46.265,11.562095454973566,11.61574401381605,1.281122630405815,20.65
2026-10-23 16:01:44,54.5926252170937,54.64216839914413,63.203033893744404,96.99,25.97659715583976,26.147024777990538,9.249379181854234,46.275,11.56817811846825,11.620940397462931,1.2814738540093158,20.66
2026-10-23 16:16:44,54.60553190514416,54.655282228815636,63.2198976141378,97.01,25.979763335854898,26.149360972789342,9.250232713397136,46.28,11.571503196989363,11.622861511993419,1.2816367980179724,20.665
2026-10-23 16:31:44,54.60553190514416,54.655282228815636,63.2198976141378,97.01,25.979763335854898,26.149360972789342,9.250232713397136,46.28,11.571503196989363,11.622861511993419,1.2816367980179724,20.665
2026-10-23 16:46:44,54.60553190514416,54.655282228815636,63.2198976141378,97.01,25.983425635721574,26.152689680657552,9.251026777235442,46.285,11.571503196989363,11.622861511993419,1.2816367980179724,20.665
2026-10-23 17:01:44,54.6139820274595,54.668298183019985,63.23108255882233,97.025,25.98947974474041,26.157524949953412,9.252344757297926,46.295,11.571503196989363,11.622861511993419,1.2816367980179724,20.665
2026-10-23 17:16:44,54.6139820274595,54.668298183019985,63.23108255882233,97.025,25.993797182095264,26.16005258128519,9.253809704748269,46.3,11.571503196989363,11.622861511993419,1.2816367980179724,20.665
2026-10-23 17:31:44,54.61666416493007,54.67269048281847,63.23321090151585,97.03,25.993797182095264,26.16005258128519,9.253809704748269,46.3,11.571503196989363,11.622861511993419,1.2816367980179724,20.665
2026-10-23 17:46:44,54.61666416493007,54.67269048281847,63.23321090151585,97.03,25.993797182095264,26.16005258128519,9.253809704748269,46.3,11.571503196989363,11.622861511993419,1.2816367980179724,20.665
2026-10-23 18:01:44,54.637482345954645,54.695227732519015,63.25990857813298,97.065,26.004315738554336,26.178320616786092,9.257519672712991,46.325,11.571503196989363,11.622861511993419,1.2816367980179724,20.665
2026-10-23 18:16:44,54.64281878359483,54.69905452102832,63.26397361999842,97.075,26.004315738554336,26.178320616786092,9.257519672712991,46.325,11.571503196989363,11.622861511993419,1.2816367980179724,20.665
2026-10-23 18:31:44,54.69869887337937,54.75811147034861,63.34069666110099,97.185,26.042706560384143,26.22020824001172,9.271529687817571,46.39,11.584898385658349,11.637222727856178,1.283433810013227,20.69
2026-10-23 18:46:44,54.717138274149754,54.77025159128557,63.35494834811682,97.215,26.068070824916298,26.249956913885345,9.27894227239535,46.43,11.59998453090602,11.65098328100042,1.2849246653360542,20.715
2026-10-23 19:01:44,54.71994932675901,54.77628054801334,63.36276528967157,97.225,26.06982902166807,26.254059474221393,9.27955904871839,46.435,11.59998453090602,11.65098328100042,1.2849246653360542,20.715
2026-10-23 19:16:44,54.76011159437106,54.82664587570596,63.422345750265336,97.305,26.075736689726973,26.265124555269658,9.281762059336488,46.45,11.603984628948307,11.655335714213415,1.2853864920622327,20.72
2026-10-23 19:31:44,54.78970346247483,54.85002164551299,63.46439670759043,97.36,26.089779943030344,26.28222996760935,9.285418079004826,46.475,11.608193904645631,11.65901372288478,1.2855458398877937,20.725
2026-10-23 19:46:44,54.80284950850933,54.8626649003892,63.478993880539605,97.38,26.09937483231598,26.292618394474314,9.289748896681763,46.495,11.612833490369301,11.660572833976929,1.2858638796061075,20.73
2026-10-23 20:01:44,54.80983101413659,54.87091369131509,63.48895258415369,97.395,26.102854717806068,26.294217566065065,9.29082054199036,46.5,11.615110836393303,11.664867489369929,1.286185395099387,20.735
2026-10-23 20:16:44,54.83030739746169,54.88983513865301,63.50808333905747,97.43,26.116258768433877,26.310854894877345,9.298994623715865,46.535,11.616127210244645,11.667596316051926,1.2866294079369813,20.74
2026-10-23 20:31:44,54.841547811760435,54.900461722811,63.524005447628845,97.45,26.11772414618624,26.31501661854049,9.300335152729309,46.54,11.62066752792261,11.671410689225642,1.2869178126179674,20.745
2026-10-23 20:46:44,54.92046916440887,54.96789505985791,63.60031100169583,97.565,26.16122868541628,26.359542563757877,9.31670640907352,46.625,11.62221323726661,11.674477238711479,1.2873688387938522,20.75
2026-10-23 21:01:44,54.92487325859249,54.97555517461624,63.608926136320775,97.58,26.172989013389643,26.36872100358925,9.319922285997347,46.64,11.625522968306582,11.679471468902758,1.287954392498766,20.76
2026-10-23 21:16:44,54.954118324105124,55.004620578163696,63.646367704353636,97.64,26.182332773065596,26.379556154715353,9.325436341385553,46.665,11.628188629454069,11.68388741568759,1.2880901960444944,20.765
2026-10-23 21:31:44,54.99724705589342,55.0425131923814,63.69250425758593,97.71,26.198630836593065,26.39876883096747,9.332477514958482,46.7,11.639495974651567,11.693232075079498,1.2895705786343197,20.785
2026-10-23 21:46:44,55.00409571650879,55.04720970722668,63.6980133528193,97.72,26.20006098356351,26.40174426558012,9.333754634681695,46.705,11.642610849004122,11.696916893407677,1.2898190329485775,20.79
2026-10-23 22:01:44,55.02031131554452,55.0619804385607,63.71601495534769,97.745,26.209018812786248,26.40886699432614,9.335737470079806,46.715,11.64386204558832,11.697616700463854,1.2899460748174538,20.795
2026-10-23 22:16:44,55.07402370570271,55.11231572678361,63.776713029918525,97.84,26.2287939207167,26.423856318214778,9.34248049329572,46.75,11.666296312756058,11.726777000037925,1.2924157798672424,20.835
2026-10-23 22:31:44,55.08374824203159,55.11588958088404,63.79026526343491,97.855,26.235702341148155,26.42830770828506,9.344603235635972,46.76,11.668357018044997,11.731688366993739,1.2932209441841709,20.845
2026-10-23 22:46:44,55.121992347938786,55.15635166102552,63.83777330330795,97.925,26.26209157586648,26.454854780227546,9.353335379689662,46.805,11.681077756651375,11.744286637793579,1.294540272562877,20.865
2026-10-23 23:01:44,55.17047638175983,55.19661926446627,63.90095362208247,98.02,26.304767285502447,26.505017413977786,9.367036618836526,46.88,11.694483395016244,11.756686130427251,1.29593349582428,20.885
2026-10-23 23:16:44,55.24441476686659,55.26206633324405,63.987361489115315,98.14,26.329033944880983,26.531546407830337,9.37558131807118,46.92,11.707992540898603,11.763581815792946,1.297028105457827,20.905
2026-10-23 23:31:44,55.312914708681035,55.32536104932755,64.06555863663421,98.27,26.382164325628953,26.57572610248259,9.392686236233708,47.0,11.720901373445836,11.773626459087444,1.2979436239682693,20.925
2026-10-23 23:46:44,55.34129122704065,55.36012471181662,64.10635421313718,98.325,26.40588958371646,26.595199727936905,9.400933950776722,47.04,11.740670435597433,11.782849175786026,1.3000667810274589,20.955
2026-10-24 00:01:44,55.34502755249205,55.36682458971718,64.11230248133886,98.335,26.41561572228877,26.60366534788179,9.404019922527857,47.055,11.740670435597433,11.782849175786026,1.3000667810274589,20.955
2026-10-24 00:16:44,55.34502755249205,55.36682458971718,64.11230248133886,98.335,26.41561572228877,26.60366534788179,9.404019922527857,47.055,11.74523847777927,11.784095937613124,1.300301820768988,20.96
2026-10-24 00:31:44,55.39962344744876,55.424159020121465,64.18090954094352,98.44,26.449405477210718,26.63548890490092,9.415021137664537,47.11,11.761231394449581,11.800073724432226,1.301868237450778,20.985
2026-10-24 00:46:44,55.42913115414005,55.44916123771597,64.21113645434478,98.485,26.466839246137795,26.646289156067176,9.419439931612352,47.13,11.761231394449581,11.800073724432226,1.301868237450778,20.985
2026-10-24 01:01:44,55.485472779873035,55.49334480680497,64.2713100134284,98.57,26.490522847638193,26.671632043667394,9.427618808791074,47.17,11.772519915381604,11.816729797863962,1.303526716414735,21.01
2026-10-24 01:16:44,55.49435162254587,55.510046826556405,64.28368572227946,98.595,26.49184616518329,26.67371669352943,9.428481773541378,47.175,11.776170341299125,11.818493724931947,1.3037733026051308,21.015
2026-10-24 01:31:44,55.51392870555571,55.53374251589949,64.30665940586697,98.63,26.495230091924423,26.675357425045917,9.430882201840374,47.185,11.776170341299125,11.818493724931947,1.3037733026051308,21.015
2026-10-24 01:46:44,55.51773060632669,55.53481103070261,64.31021259119568,98.635,26.50049507646822,26.67997587539907,9.433018295846649,47.195,11.783636694708552,11.828329481216722,1.3049059460352224,21.035
2026-10-24 02:01:44,55.51773060632669,55.53481103070261,64.31021259119568,98.635,26.50377268288378,26.68060731269248,9.433534067784722,47.2,11.78689101966481,11.833325784470997,1.305339814153551,21.04
2026-10-24 02:16:44,55.53640518229837,55.55467765541442,64.32815901193713,98.665,26.50995963797168,26.6894897963969,9.43857550850997,47.22,11.791861951504549,11.83522643118646,1.3062792085273278,21.05
2026-10-24 02:31:44,55.53640518229837,55.55467765541442,64.32815901193713,98.665,26.51969158309864,26.706462421975523,9.444077711517068,47.245,11.802728317235065,11.844114499011532,1.307310272560152,21.065
2026-10-24 02:46:44,55.55676503600282,55.57124223727129,64.35231432889857,98.7,26.524543080756185,26.71262990103081,9.445707364156467,47.255,11.80751813163731,11.84852124447812,1.307908141407538,21.075
2026-10-24 03:01:44,55.579963250013854,55.59536088872305,64.38071858961213,98.745,26.54050983570855,26.72335362538512,9.450370844852458,47.28,11.812491099333332,11.854305688860116,1.308846010391156,21.09
2026-10-24 03:16:44,55.60081164558276,55.61490525024599,64.4017069519027,98.78,26.546611735543497,26.73131600158607,9.453930024752914,47.295,11.812491099333332,11.854305688860116,1.308846010391156,21.09
2026-10-24 03:31:44,55.61634060109261,55.627417825792506,64.41889939549792,98.805,26.546611735543497,26.73131600158607,9.453930024752914,47.295,11.819665776129245,11.858635218975047,1.3095922087148169,21.1
2026-10-24 03:46:44,55.63768418145298,55.64754069847719,64.44819305607301,98.85,26.554668041529236,26.7430667858701,9.458888914186673,47.315,11.83352455113738,11.872961518009564,1.311172270379732,21.13
2026-10-24 04:01:44,55.64940020623149,55.6594151361383,64.46665805970468,98.875,26.565080841000896,26.753819650024564,9.462727300521875,47.335,11.834974036588847,11.87411315428183,1.311368091737239,21.135
2026-10-24 04:16:44,55.65437880094235,55.66360464193864,64.46967260639356,98.88,26.56970772250138,26.75804274892656,9.463521804835514,47.34,11.837310919631864,11.875335734273607,1.3118539366058577,21.14
2026-10-24 04:31:44,55.66753733207665,55.67807525948937,64.48649439922077,98.91,26.57656396408097,26.763877119684565,9.466628797765086,47.355,11.837310919631864,11.875335734273607,1.3118539366058577,21.14
2026-10-24 04:46:44,55.68110056091275,55.698529050351425,64.50073087182888,98.94,26.58519950694956,26.772814040287464,9.46927469050987,47.37,11.837310919631864,11.875335734273607,1.3118539366058577,21.14
2026-10-24 05:01:44,55.6952182486292,55.71249386824671,64.51588796846943,98.96,26.592844992037598,26.782899796930902,9.472192760283743,47.385,11.837310919631864,11.875335734273607,1.3118539366058577,21.14
2026-10-24 05:16:44,55.69752458526756,55.722050548053424,64.52297621013456,98.97,26.598822204086247,26.789780567604872,9.47430189027786,47.395,11.840792100678602,11.877668870297676,1.312026820610895,21.145
2026-10-24 05:31:44,55.70993423811286,55.740918724469545,64.53966393854347,98.995,26.598822204086247,26.789780567604872,9.47430189027786,47.395,11.840792100678602,11.877668870297676,1.312026820610895,21.145
2026-10-24 05:46:44,55.7214568207097,55.752633424740885,64.55505267099586,99.015,26.616803709401736,26.810507773322147,9.480412141636092,47.425,11.846309915507227,11.885586191948539,1.3126165020759075,21.155
2026-10-24 06:01:44,55.74028158098117,55.76602949722161,64.57695627514978,99.045,26.624486463012698,26.818845762119146,9.482308772414358,47.44,11.850132553009542,11.888390167719132,1.3130233355951293,21.16
2026-10-24 06:16:44,55.75651729259327,55.77960199773557,64.59080603060488,99.07,26.63024440164167,26.824731870511975,9.48435763293352,47.45,11.857698855243198,11.900999792219515,1.3143737808503149,21.18
2026-10-24 06:31:44,55.76653327447225,55.79025595022205,64.6024261852333,99.09,26.635945983176207,26.83434987210748,9.48759502292435,47.465,11.857698855243198,11.900999792219515,1.3143737808503149,21.18
2026-10-24 06:46:44,55.77245197440188,55.80053359664007,64.61325048042465,99.105,26.635945983176207,26.83434987210748,9.48759502292435,47.465,11.857698855243198,11.900999792219515,1.3143737808503149,21.18
2026-10-24 07:01:44,55.793218532130425,55.81271065507652,64.63505354336986,99.135,26.637096954965507,26.83553628982974,9.488474056533601,47.47,11.862247150480874,11.9036366689416,1.3146458830967602,21.185
2026-10-24 07:16:44,55.85737450489262,55.873924175754325,64.70354294362441,99.24,26.67046980581561,26.863278576079576,9.50068287611118,47.53,11.862942579492412,11.907693224655032,1.315005157831074,21.19
2026-10-24 07:31:44,55.8682017785332,55.89179389752051,64.71950043411591,99.265,26.67702029473726,26.868962073971847,9.502674673535784,47.54,11.866241015181943,11.910659517254425,1.3151303318848275,21.195
2026-10-24 07:46:44,55.87430145512734,55.89776317285014,64.72332476423055,99.275,26.678496460605274,26.871104988314023,9.503464685518262,47.545,11.86764010446387,11.911866008820741,1.3152943545647802,21.2
2026-10-24 08:01:44,55.885432063439666,55.91507633198145,64.73734254372552,99.3,26.69373483905239,26.883783301665428,9.509094219112795,47.575,11.86764010446387,11.911866008820741,1.3152943545647802,21.2
2026-10-24 08:16:44,55.89798868564191,55.92690256598079,64.75442845249542,99.325,26.698970855185717,26.89016083586341,9.51084649526038,47.585,11.86764010446387,11.911866008820741,1.3152943545647802,21.2
2026-10-24 08:31:44,55.90699332524798,55.931864806416826,64.76569504592229,99.34,26.703932467734816,26.894962388161602,9.51191949678405,47.59,11.86764010446387,11.911866008820741,1.3152943545647802,21.2
2026-10-24 08:46:44,55.928825162613734,55.96061798483309,64.78697786055396,99.375,26.70652603491434,26.895957895336824,9.512841089957455,47.595,11.86764010446387,11.911866008820741,1.3152943545647802,21.2
2026-10-24 09:01:44,55.928825162613734,55.96061798483309,64.78697786055396,99.375,26.70652603491434,26.895957895336824,9.512841089957455,47.595,11.86764010446387,11.911866008820741,1.3152943545647802,21.2
2026-10-24 09:16:44,55.9404714765655,55.97659093626404,64.80812085799117,99.405,26.711087558135773,26.900490944710693,9.513745857117161,47.6,11.872410204637177,11.915896484164119,1.3155152066964844,21.205
2026-10-24 09:31:44,55.94898417688787,55.98275071153822,64.8172390439203,99.42,26.733724285860973,26.910074515748963,9.518680723654132,47.63,11.878410544487032,11.927185020860872,1.3164934993301283,21.22
2026-10-24 09:46:44,55.97204748291443,56.0033230569546,64.84017359066803,99.46,26.741842288334322,26.91820712681667,9.52142215968746,47.64,11.880851855882815,11.928610222472782,1.3168735471119701,21.225
2026-10-24 10:01:44,55.9884132839865,56.01830878986091,64.85708416326766,99.49,26.741842288334322,26.91820712681667,9.52142215968746,47.64,11.881971300895941,11.931547478177174,1.3170510165707658,21.23
2026-10-24 10:16:44,55.996563317020225,56.02439084605971,64.86486264240287,99.505,26.741842288334322,26.91820712681667,9.52142215968746,47.64,11.881971300895941,11.931547478177174,1.3170510165707658,21.23
2026-10-24 10:31:44,56.000007110429785,56.027535649763266,64.8678735358444,99.51,26.750508906689383,26.92140370446857,9.522819910961882,47.65,11.881971300895941,11.931547478177174,1.3170510165707658,21.23
2026-10-24 10:46:44,56.002094885348825,56.03148848001803,64.8725529734157,99.515,26.750508906689383,26.92140370446857,9.522819910961882,47.65,11.886167158794994,11.93463132747501,1.3172899773033735,21.235
2026-10-24 11:01:44,56.01641346910344,56.045307875692735,64.88957971544691,99.535,26.75114869710729,26.924252049657117,9.523702914750318,47.655,11.886167158794994,11.93463132747501,1.3172899773033735,21.235
2026-10-24 11:16:44,56.0206613862611,56.04842312172696,64.89350629045224,99.54,26.76039301188146,26.932152707334527,9.527655344214072,47.67,11.886167158794994,11.93463132747501,1.3172899773033735,21.235
2026-10-24 11:31:44,56.04346689896493,56.07531245953954,64.92359559643911,99.585,26.77135095020326,26.93834880212306,9.531263126465197,47.685,11.886167158794994,11.93463132747501,1.3172899773033735,21.235
2026-10-24 11:46:44,56.056319554450184,56.082919131108824,64.93157459986628,99.6,26.774577872214554,26.941888281457654,9.53196874920343,47.69,11.888982067376652,11.937128114029118,1.3177620344443775,21.24
2026-10-24 12:01:44,56.05965731475361,56.092730827851845,64.94050658001086,99.615,26.788875347433663,26.95648320036291,9.537070080323721,47.72,11.893074207913447,11.943982476641793,1.3185511449460885,21.25
2026-10-24 12:16:44,56.06688674875782,56.09836334562764,64.94420745866009,99.625,26.788875347433663,26.95648320036291,9.537070080323721,47.72,11.893074207913447,11.943982476641793,1.3185511449460885,21.25
2026-10-24 12:31:44,56.06688674875782,56.09836334562764,64.94420745866009,99.625,26.788875347433663,26.95648320036291,9.537070080323721,47.72,11.893074207913447,11.943982476641793,1.3185511449460885,21.25
2026-10-24 12:46:44,56.081336975450874,56.116145291074346,64.95988687268894,99.65,26.801538421017227,26.967505889552886,9.539662848137151,47.735,11.894232923853524,11.94787969380095,1.3189041253271787,21.255
2026-10-24 13:01:44,56.081336975450874,56.116145291074346,64.95988687268894,99.65,26.801538421017227,26.967505889552886,9.539662848137151,47.735,11.894232923853524,11.94787969380095,1.3189041253271787,21.255
2026-10-24 13:16:44,56.081336975450874,56.116145291074346,64.95988687268894,99.65,26.8048877244626,26.970588852188175,9.540571838272271,47.74,11.894232923853524,11.94787969380095,1.3189041253271787,21.255
2026-10-24 13:31:44,56.081336975450874,56.116145291074346,64.95988687268894,99.65,26.8048877244626,26.970588852188175,9.540571838272271,47.74,11.894232923853524,11.94787969380095,1.3189041253271787,21.255
2026-10-24 13:46:44,56.09479232276114,56.132228711169155,64.979209870383,99.68,26.8074273388325,26.97568628961371,9.542668994793079,47.75,11.894232923853524,11.94787969380095,1.3189041253271787,21.255
2026-10-24 14:01:44,56.117388811183154,56.153560556473124,65.00373736116592,99.715,26.8074273388325,26.97568628961371,9.542668994793079,47.75,11.894232923853524,11.94787969380095,1.3189041253271787,21.255
2026-10-24 14:16:44,56.14272205656303,56.177583175578405,65.02290975043074,99.75,26.8074273388325,26.97568628961371,9.542668994793079,47.75,11.896058821772316,11.951957953240315,1.3193534499372686,21.26
2026-10-24 14:31:44,56.15528399346882,56.19631066975123,65.0462161389536,99.78,26.818062102622942,26.990294779615276,9.54559954444267,47.77,11.897829121850059,11.95465199439568,1.3194946269114567,21.265
2026-10-24 14:46:44,56.15528399346882,56.19631066975123,65.0462161389536,99.78,26.822781929150636,26.991159732940275,9.546195938411826,47.775,11.897829121850059,11.95465199439568,1.3194946269114567,21.265
2026-10-24 15:01:44,56.158980725898566,56.19989876993152,65.04990284194821,99.785,26.823442139533565,26.99247621395024,9.547381929427642,47.78,11.897829121850059,11.95465199439568,1.3194946269114567,21.265
2026-10-24 15:16:44,56.158980725898566,56.19989876993152,65.04990284194821,99.785,26.82766909542972,26.996027966757083,9.5488753440616,47.785,11.897829121850059,11.95465199439568,1.3194946269114567,21.265
2026-10-24 15:31:44,56.167852534516456,56.2045376423549,65.05865398347717,99.795,26.834321613314444,26.99886601757535,9.550053073602042,47.795,11.897829121850059,11.95465199439568,1.3194946269114567,21.265
2026-10-24 15:46:44,56.18028316624551,56.211318345602464,65.07142488968572,99.81,26.842159922047664,27.00546231822249,9.552981396859069,47.81,11.897829121850059,11.95465199439568,1.3194946269114567,21.265
2026-10-24 16:01:44,56.18203566382812,56.216051874032274,65.07523715164929,99.815,26.84394845548765,27.007969845950722,9.554428858230956,47.815,11.897829121850059,11.95465199439568,1.3194946269114567,21.265
2026-10-24 16:16:44,56.193772258507295,56.22394639681061,65.09139476986267,99.835,26.84676432249957,27.010156275759027,9.55559247158396,47.82,11.902042877055113,11.957520727659642,1.3197255153074219,21.27
2026-10-24 16:31:44,56.20628168057406,56.23097739881456,65.10058647296474,99.85,26.85000498187513,27.012525684112116,9.556193494062994,47.825,11.902042877055113,11.957520727659642,1.3197255153074219,21.27
2026-10-24 16:46:44,56.22325793713384,56.243578275681095,65.1124300957796,99.87,26.85000498187513,27.012525684112116,9.556193494062994,47.825,11.90298910293006,11.958951839122054,1.320222677448345,21.275
2026-10-24 17:01:44,56.228074732752084,56.24616472346856,65.11832817097819,99.88,26.854528754747033,27.013290410678923,9.557613890561372,47.83,11.90298910293006,11.958951839122054,1.320222677448345,21.275
2026-10-24 17:16:44,56.23954674778396,56.25260450534725,65.12455207833635,99.895,26.854528754747033,27.013290410678923,9.557613890561372,47.83,11.90298910293006,11.958951839122054,1.320222677448345,21.275
2026-10-24 17:31:44,56.25337777842648,56.26696689448541,65.13885042190134,99.92,26.854528754747033,27.013290410678923,9.557613890561372,47.83,11.90298910293006,11.958951839122054,1.320222677448345,21.275
2026-10-24 17:46:44,56.25337777842648,56.26696689448541,65.13885042190134,99.92,26.857748918732938,27.018768796201652,9.55977435605015,47.84,11.90298910293006,11.958951839122054,1.320222677448345,21.275
2026-10-24 18:01:44,56.25898113639108,56.27404798122009,65.14566316578916,99.93,26.857748918732938,27.018768796201652,9.55977435605015,47.84,11.90298910293006,11.958951839122054,1.320222677448345,21.275
2026-10-24 18:16:44,56.2620688287345,56.27528422415515,65.15045005128687,99.935,26.857748918732938,27.018768796201652,9.55977435605015,47.84,11.90298910293006,11.958951839122054,1.320222677448345,21.275
2026-10-24 18:31:44,56.28208839393713,56.292122485119535,65.17402017234089,99.97,26.863353403714115,27.025498109956995,9.561641448890924,47.85,11.907643252532397,11.960498373843048,1.3206653649575764,21.28
2026-10-24 18:46:44,56.30650120635207,56.310002910464924,65.19532380490341,100.005,26.86455917874597,27.029457117739035,9.562628050829586,47.855,11.913833458644556,11.969792861767043,1.3211083656280085,21.295
2026-10-24 19:01:44,56.35372999233826,56.367822596929535,65.2484521664195,100.095,26.876951167329874,27.046575848814104,9.568946007016502,47.885,11.92313672716148,11.981124141193643,1.322000334767883,21.31
2026-10-24 19:16:44,56.37848071607544,56.40218828660953,65.27896368732154,100.15,26.900459662344865,27.07253529868281,9.580018032283327,47.935,11.934899521398917,11.99988489886222,1.323670244411734,21.335
2026-10-24 19:31:44,56.435380803786586,56.458067423517164,65.34170455499718,100.245,26.9208049414224,27.096492215475326,9.586797828671735,47.97,11.95047648239176,12.00898213898964,1.3253177314865534,21.36
2026-10-24 19:46:44,56.43805648951894,56.46091413716322,65.34570130744453,100.25,26.923025068312533,27.10120745147651,9.588011954130186,47.975,11.95047648239176,12.00898213898964,1.3253177314865534,21.36
2026-10-24 20:01:44,56.461250493110924,56.48101480225186,65.36998837925478,100.29,26.932944973930535,27.110343556171365,9.591427193863279,47.995,11.955315609576525,12.009769201954109,1.3255910160826707,21.365
2026-10-24 20:16:44,56.50761527506724,56.52672860618794,65.41176479034208,100.36,26.9504627175336,27.12800135652777,9.598711780693247,48.03,11.969280322273868,12.023392863981684,1.3269363490421726,21.39
2026-10-24 20:31:44,56.52491233821715,56.55081571181055,65.43544042828323,100.4,26.977238954408893,27.15663342898606,9.60941104009528,48.085,11.972635439934814,12.025372545002316,1.3273827339897695,21.395
2026-10-24 20:46:44,56.542920860300676,56.56343990875004,65.45400880927183,100.425,26.986000871888386,27.161320348040512,9.612051775495624,48.095,11.983232928616754,12.036764743004712,1.328796402294119,21.415
2026-10-24 21:01:44,56.542920860300676,56.56343990875004,65.45400880927183,100.425,26.990196638226568,27.16591486429013,9.612708824157496,48.1,11.983232928616754,12.036764743004712,1.328796402294119,21.415
2026-10-24 21:16:44,56.57165819751686,56.58983872616875,65.49159655647402,100.475,26.995644553219805,27.167969243548942,9.614841705528677,48.11,11.987595051454901,12.039426115332374,1.3291255114031102,21.42
2026-10-24 21:31:44,56.669425992809444,56.68814798625818,65.59718223457111,100.635,27.04855030261334,27.221747609574653,9.631901170897239,48.19,12.009532068727433,12.060034731513598,1.3312341619681343,21.455
2026-10-24 21:46:44,56.7528618051245,56.76896083019871,65.67689058485112,100.77,27.097767677511772,27.263198920367493,9.65045595455343,48.275,12.021417862864428,12.075780692304521,1.3333958925328417,21.48
2026-10-24 22:01:44,56.78016286558045,56.794781287862115,65.70754266098582,100.815,27.104560930635028,27.270998545683735,9.652522248601784,48.285,12.026406709807288,12.080474194669701,1.3344299444228975,21.495
2026-10-24 22:16:44,56.81580562363041,56.82550820854674,65.74282862708462,100.865,27.113781871011117,27.27794416896984,9.654843238855703,48.3,12.036458083186751,12.09561321195495,1.3357447541855674,21.52
2026-10-24 22:31:44,56.858768379880054,56.88054210443353,65.80621676418401,100.955,27.13937523958306,27.30455202251747,9.663598910710787,48.35,12.061653657729243,12.120053524663236,1.3382822836702746,21.565
2026-10-24 22:46:44,56.89195847075057,56.926183541131955,65.852681376617,101.025,27.145717039553844,27.31799857974833,9.66659043907456,48.37,12.065367329688844,12.124790863147478,1.3385231533399373,21.57
2026-10-24 23:01:44,56.935386199088114,56.976997230180224,65.89966370178492,101.105,27.181154995124594,27.352852583993702,9.677628936636196,48.43,12.079631139647038,12.13370274828441,1.339453992217838,21.59
2026-10-24 23:16:44,56.96151714895077,57.00127746705369,65.92729977351439,101.145,27.19045126099215,27.364817917912823,9.683120543758012,48.455,12.086089183691547,12.13821230807065,1.3397858555317843,21.6
2026-10-24 23:31:44,56.98063526696292,57.01520451358609,65.95131095654239,101.18,27.199558878137857,27.369867309996472,9.684978884407187,48.465,12.086739766545662,12.14164257730226,1.3401641249066825,21.605
2026-10-24 23:46:44,57.071214123291746,57.106060017539285,66.05960171122524,101.345,27.243445727572926,27.422471525593647,9.70116693462828,48.545,12.113290200825492,12.162023551640056,1.342686777157607,21.645
2026-10-25 00:01:44,57.16927183896773,57.18818806377427,66.16468404722848,101.495,27.286874456281666,27.466126779096406,9.716617078508492,48.62,12.139135887262343,12.17952540556065,1.3449176732656163,21.68
2026-10-25 00:16:44,57.237491321144226,57.2765066915474,66.25125549790295,101.63,27.31414751467404,27.492633738598233,9.72790816758444,48.67,12.15274532818771,12.194591652163133,1.346214909742151,21.71
2026-10-25 00:31:44,57.2857783437854,57.323051236561994,66.31114636282449,101.715,27.34290605043442,27.514153446634445,9.736676866009356,48.715,12.178384278891206,12.21378625871261,1.349498021100647,21.755
2026-10-25 00:46:44,57.29587206646609,57.33355245998512,66.31926487259605,101.73,27.349161819843165,27.52157451135312,9.739083439751418,48.73,12.183367181119118,12.217691717548,1.3496275241772935,21.76
2026-10-25 01:01:44,57.309871540698275,57.34532551566471,66.33646446528944,101.755,27.36760368283332,27.536593533627208,9.745773878253903,48.76,12.188850432141356,12.227179125945927,1.350480336206695,21.775
2026-10-25 01:16:44,57.31437639828473,57.348452381340415,66.34171408485801,101.765,27.39505331013707,27.561227601284546,9.752187901642255,48.8,12.193255349935253,12.228970025302244,1.3508841412166654,21.78
2026-10-25 01:31:44,57.42978359142092,57.45711905314896,66.460736442686,101.96,27.448683158214507,27.61741897803344,9.774931526181883,48.905,12.222212555801912,12.264961339866142,1.3544246287409865,21.85
2026-10-25 01:46:44,57.47718388996621,57.493799578307815,66.50715661105589,102.035,27.46726536261237,27.63275855309524,9.781731175466652,48.94,12.232258681209478,12.27019283824497,1.3555757524380674,21.865
2026-10-25 02:01:44,57.49194971019836,57.503298381279265,66.52316453234315,102.06,27.479286452297515,27.644571654789033,9.786561333767189,48.965,12.23602987234091,12.276105264950575,1.3560343610204082,21.875
2026-10-25 02:16:44,57.59386406377641,57.60336942132581,66.65075473866692,102.25,27.510896491971277,27.693076436397565,9.802364110553567,49.04,12.271305383280755,12.305076355195103,1.359747363143342,21.935
2026-10-25 02:31:44,57.647309836460266,57.66183560447683,66.73046660400465,102.365,27.53206847330411,27.722361064798605,9.81051747596803,49.085,12.29298827588548,12.332326198135043,1.3627033111533045,21.975
2026-10-25 02:46:44,57.66152342932682,57.671975615748494,66.74149797181659,102.385,27.538286242596932,27.73066499427098,9.812396179217485,49.095,12.299154363799497,12.339815076589744,1.363784927892028,21.99
2026-10-25 03:01:44,57.69285959594483,57.701796749444654,66.77810726132564,102.445,27.563878015510742,27.758467979651606,9.822656208400787,49.14,12.30684198944515,12.342980745350024,1.3644053626039248,22.0
2026-10-25 03:16:44,57.72326906699325,57.74398228279382,66.81871777055451,102.51,27.589598551477977,27.788086345079307,9.83347936774305,49.19,12.317321173644673,12.352008812218749,1.3654946499326641,22.015
2026-10-25 03:31:44,57.74037300199218,57.76187580860396,66.83684177056917,102.54,27.60669752407924,27.806382863968153,9.840338225233982,49.22,12.3334399675728,12.358626701554156,1.3669363368334675,22.04
2026-10-25 03:46:44,57.80596616824092,57.83106568056937,66.90586970961881,102.655,27.651397093526207,27.84497938208476,9.853142089294327,49.29,12.343925894738662,12.37701106397725,1.3683513560883762,22.06
2026-10-25 04:01:44,57.82647710430272,57.85206242423113,66.9323577356905,102.69,27.65265317444681,27.8479885252438,9.853666110650032,49.295,12.352595941946472,12.381107901072474,1.3697606759568093,22.075
2026-10-25 04:16:44,57.86360196257161,57.89050031896251,66.97143769616247,102.75,27.661033650911104,27.85790874569404,9.857704593738301,49.315,12.35853351312112,12.387124403357321,1.3702911810421345,22.085
2026-10-25 04:31:44,57.86822936160226,57.89153198755413,66.97553127162368,102.755,27.66676876538835,27.85983256936217,9.859126646817375,49.325,12.35853351312112,12.387124403357321,1.3702911810421345,22.085
2026-10-25 04:46:44,57.87819612080491,57.90093015964404,66.98578352181995,102.77,27.668808322433787,27.865409248207623,9.861178774498919,49.335,12.363684259478969,12.390233805875582,1.3707319978296526,22.095
2026-10-25 05:01:44,57.94633712334002,57.95650511884198,67.07391350944432,102.895,27.70808503733557,27.89687242959141,9.87461782243961,49.395,12.388807654808408,12.41923395238522,1.3724911869538245,22.13
2026-10-25 05:16:44,57.95170932884547,57.963908969265525,67.07823266326383,102.905,27.712180179220418,27.904281784257456,9.876368866940492,49.405,12.395406629854095,12.422893398105973,1.373072252981976,22.14
2026-10-25 05:31:44,57.965719787983396,57.97822054391659,67.09956573626516,102.93,27.718837924509536,27.90794093560151,9.878873935386308,49.415,12.395406629854095,12.422893398105973,1.373072252981976,22.14
2026-10-25 05:46:44,57.97431520954064,57.98193023563695,67.10648619815036,102.945,27.732587642706452,27.915667350584464,9.883576042428885,49.435,12.395406629854095,12.422893398105973,1.373072252981976,22.14
2026-10-25 06:01:44,57.982791676061915,57.990524516640136,67.11897752709345,102.96,27.747522056268945,27.928539673407872,9.88744240722986,49.455,12.40683470170373,12.432428756298465,1.373775475685917,22.155
2026-10-25 06:16:44,58.03066753265849,58.02810755589037,67.15837730365517,103.035,27.76072956597926,27.943495578090285,9.89372549377814,49.48,12.416485625661359,12.446142372276121,1.37505260983402,22.175
2026-10-25 06:31:44,58.074113779139495,58.078584295778754,67.21631833421557,103.115,27.78885334480718,27.962559612913036,9.902022859725312,49.52,12.424705834512471,12.457814842777955,1.3759387949150188,22.19
2026-10-25 06:46:44,58.10143523155281,58.114020060997255,67.25662074792291,103.165,27.795909600235223,27.967914960473255,9.904187139548075,49.53,12.431694626336132,12.465401451674854,1.3769215127671317,22.205
2026-10-25 07:01:44,58.14685250834414,58.15552102243652,67.30536386269866,103.24,27.81991034037314,27.984376196205766,9.911308370564978,49.565,12.436279886801545,12.470211294535076,1.377590535208596,22.215
2026-10-25 07:16:44,58.154814222954144,58.161042671168445,67.31141833603701,103.25,27.823822267657505,27.988318457170767,9.912439271857608,49.57,12.445510937826002,12.482674070574758,1.379253173977465,22.235
2026-10-25 07:31:44,58.16759783156523,58.17759873525441,67.32946398830835,103.28,27.823822267657505,27.988318457170767,9.912439271857608,49.57,12.44990893510599,12.486677049973181,1.3794146880774958,22.24
2026-10-25 07:46:44,58.18395359451348,58.19542326265845,67.3472219639494,103.31,27.823822267657505,27.988318457170767,9.912439271857608,49.57,12.455521254736459,12.489671279748574,1.3800808631143626,22.25
2026-10-25 08:01:44,58.201557931265015,58.21021010443556,67.36530169939056,103.335,27.82583932257136,27.99293105789644,9.91310428891076,49.575,12.456705635093632,12.49260599055818,1.3804587678263314,22.255
2026-10-25 08:16:44,58.216406006629114,58.22747348392319,67.38537476074778,103.365,27.83147524165571,27.996065915927122,9.91515431943867,49.585,12.460128176690306,12.493974552003554,1.3805880471585434,22.26
2026-10-25 08:31:44,58.22643732952434,58.232913736690534,67.39682168473725,103.38,27.83147524165571,27.996065915927122,9.91515431943867,49.585,12.466294869262997,12.504264543557415,1.3812605527398503,22.275
2026-10-25 08:46:44,58.23683964036864,58.24621535578387,67.40951380850535,103.405,27.843119356699184,28.007745541423134,9.918461214632188,49.605,12.469706830405281,12.509252559670504,1.3814468341928676,22.28
2026-10-25 09:01:44,58.255691553790726,58.267215129450214,67.43608076151976,103.445,27.84775591448277,28.014271112368537,9.920204792464496,49.615,12.470965889798084,12.514194958641424,1.3819258726151011,22.285
2026-10-25 09:16:44,58.26422687701878,58.271646007914015,67.44663116664243,103.46,27.84775591448277,28.014271112368537,9.920204792464496,49.615,12.471692984466062,12.517869799793077,1.3823349695544056,22.29
2026-10-25 09:31:44,58.26812830423737,58.278768345735834,67.4524292236364,103.47,27.84775591448277,28.014271112368537,9.920204792464496,49.615,12.471692984466062,12.517869799793077,1.3823349695544056,22.29
2026-10-25 09:46:44,58.27696266203719,58.286721171436476,67.46325780119106,103.485,27.85278252070683,28.018398618324593,9.922367093634529,49.625,12.475915376500511,12.52107652777247,1.3825544876185152,22.295
2026-10-25 10:01:44,58.2810097859478,58.29370118824393,67.46871019168238,103.495,27.861852464961196,28.0228776120226,9.92454372009274,49.635,12.475915376500511,12.52107652777247,1.3825544876185152,22.295
2026-10-25 10:16:44,58.29507879616117,58.307734109532866,67.4784342322156,103.515,27.8654294990077,28.03354369837874,9.927179225880037,49.65,12.475915376500511,12.52107652777247,1.3825544876185152,22.295
2026-10-25 10:31:44,58.29507879616117,58.307734109532866,67.4784342322156,103.515,27.871567342221695,28.035893342296028,9.930054248196768,49.66,12.475915376500511,12.52107652777247,1.3825544876185152,22.295
2026-10-25 10:46:44,58.301550162373715,58.312265373900026,67.4849506886728,103.525,27.87840295341563,28.046468097984278,9.933001504399554,49.675,12.475915376500511,12.52107652777247,1.3825544876185152,22.295
2026-10-25 11:01:44,58.31111379993268,58.32306248944343,67.50235782589603,103.55,27.88496925766454,28.050638032195955,9.934930857953045,49.685,12.475915376500511,12.52107652777247,1.3825544876185152,22.295
2026-10-25 11:16:44,58.31992255767634,58.32763872942827,67.50885176130599,103.56,27.88496925766454,28.050638032195955,9.934930857953045,49.685,12.479213216093108,12.525877835427261,1.3828121824714044,22.3
2026-10-25 11:31:44,58.33407575823768,58.34083927003954,67.52162529457794,103.58,27.88496925766454,28.050638032195955,9.934930857953045,49.685,12.484146967766128,12.532571415911162,1.3836285851759418,22.31
2026-10-25 11:46:44,58.33966727689065,58.3476695457075,67.53050823883824,103.59,27.889244486739674,28.05422277867369,9.936425095367516,49.695,12.484146967766128,12.532571415911162,1.3836285851759418,22.31
2026-10-25 12:01:44,58.342472269054696,58.35067004968907,67.53264394758448,103.595,27.889244486739674,28.05422277867369,9.936425095367516,49.695,12.484146967766128,12.532571415911162,1.3836285851759418,22.31
2026-10-25 12:16:44,58.38569021733654,58.39314340830239,67.57826652616858,103.67,27.896134390436192,28.067878166171187,9.941548128062617,49.72,12.493333476301427,12.539368797096984,1.384399041104642,22.325
2026-10-25 12:31:44,58.38779291629141,58.39728303845629,67.58062394464253,103.675,27.896134390436192,28.067878166171187,9.941548128062617,49.72,12.493333476301427,12.539368797096984,1.384399041104642,22.325
2026-10-25 12:46:44,58.38779291629141,58.39728303845629,67.58062394464253,103.675,27.896134390436192,28.067878166171187,9.941548128062617,49.72,12.493333476301427,12.539368797096984,1.384399041104642,22.325
2026-10-25 13:01:44,58.407547407791384,58.41098914088731,67.59547285229134,103.7,27.898632551572522,28.07172196365516,9.942787813080015,49.725,12.493333476301427,12.539368797096984,1.384399041104642,22.325
2026-10-25 13:16:44,58.407547407791384,58.41098914088731,67.59547285229134,103.7,27.898632551572522,28.07172196365516,9.942787813080015,49.725,12.493333476301427,12.539368797096984,1.384399041104642,22.325
2026-10-25 13:31:44,58.42578827541649,58.42527020092038,67.60626857675018,103.725,27.898632551572522,28.07172196365516,9.942787813080015,49.725,12.493333476301427,12.539368797096984,1.384399041104642,22.325
2026-10-25 13:46:44,58.4647102082709,58.47287143972924,67.65924914385208,103.795,27.90222050304304,28.075546253054835,9.945187015938744,49.735,12.493333476301427,12.539368797096984,1.384399041104642,22.325
2026-10-25 14:01:44,58.5015696754949,58.51157893989994,67.70329793284161,103.865,27.907130101040305,28.08247534045043,9.946450706195057,49.745,12.503992956287592,12.547693730428636,1.3851740728358,22.34
2026-10-25 14:16:44,58.50717791280576,58.51848862561414,67.71288109334782,103.88,27.91005559867356,28.084057584760423,9.94792264401169,49.75,12.506379097994225,12.549097573940305,1.3855099518930005,22.345
2026-10-25 14:31:44,58.50717791280576,58.51848862561414,67.71288109334782,103.88,27.91005559867356,28.084057584760423,9.94792264401169,49.75,12.506379097994225,12.549097573940305,1.3855099518930005,22.345
2026-10-25 14:46:44,58.50717791280576,58.51848862561414,67.71288109334782,103.88,27.91005559867356,28.084057584760423,9.94792264401169,49.75,12.506379097994225,12.549097573940305,1.3855099518930005,22.345
2026-10-25 15:01:44,58.51654680436545,58.52791979109281,67.72408515983848,103.895,27.913802129202338,28.088757978444054,9.949961406256412,49.76,12.507592733116462,12.553415339463399,1.3856473183860323,22.35
2026-10-25 15:16:44,58.522126829091256,58.533624371087015,67.73190515876493,103.905,27.91508747167394,28.090323184533258,9.95094113264989,49.765,12.51019054235697,12.5564428420254,1.385817134326915,22.355
2026-10-25 15:31:44,58.522126829091256,58.533624371087015,67.73190515876493,103.905,27.91508747167394,28.090323184533258,9.95094113264989,49.765,12.51019054235697,12.5564428420254,1.385817134326915,22.355
2026-10-25 15:46:44,58.53174497070388,58.54003513534586,67.74243560808563,103.925,27.91508747167394,28.090323184533258,9.95094113264989,49.765,12.51019054235697,12.5564428420254,1.385817134326915,22.355
2026-10-25 16:01:44,58.54244481289293,58.54541864871764,67.75244535325885,103.94,27.91508747167394,28.090323184533258,9.95094113264989,49.765,12.51019054235697,12.5564428420254,1.385817134326915,22.355
2026-10-25 16:16:44,58.55314240174772,58.557437277794094,67.76376979409243,103.96,27.91508747167394,28.090323184533258,9.95094113264989,49.765,12.51019054235697,12.5564428420254,1.385817134326915,22.355
2026-10-25 16:31:44,58.55630536126221,58.560549078813594,67.76760991883684,103.965,27.91508747167394,28.090323184533258,9.95094113264989,49.765,12.51019054235697,12.5564428420254,1.385817134326915,22.355
2026-10-25 16:46:44,58.56365246735788,58.56426248907949,67.77312316240551,103.975,27.917249926551982,28.09113188894267,9.951658910701518,49.77,12.51019054235697,12.5564428420254,1.385817134326915,22.355
2026-10-25 17:01:44,58.57127776722176,58.574391755596444,67.78215272443947,103.99,27.91826066076432,28.093769333118427,9.95237934683184,49.775,12.513417352862707,12.558069459216943,1.3861845714397854,22.36
2026-10-25 17:16:44,58.5756714458607,58.576746337269064,67.78518301508734,103.995,27.92124626851247,28.09651100126629,9.953294728872452,49.78,12.513417352862707,12.558069459216943,1.3861845714397854,22.36
2026-10-25 17:31:44,58.5756714458607,58.576746337269064,67.78518301508734,103.995,27.92124626851247,28.09651100126629,9.953294728872452,49.78,12.513417352862707,12.558069459216943,1.3861845714397854,22.36
2026-10-25 17:46:44,58.58688510279761,58.587656386911824,67.79507149768092,104.01,27.929759654410105,28.103876145637884,9.95535957636452,49.79,12.513417352862707,12.558069459216943,1.3861845714397854,22.36
2026-10-25 18:01:44,58.58688510279761,58.587656386911824,67.79507149768092,104.01,27.932922611882162,28.10684281810809,9.956829231262383,49.795,12.513417352862707,12.558069459216943,1.3861845714397854,22.36
2026-10-25 18:16:44,58.62093439580611,58.61108000389631,67.82419148733199,104.06,27.939604281049185,28.111176274135758,9.959211991991806,49.805,12.518929672396476,12.56288761472661,1.3870802143718288,22.37
2026-10-25 18:31:44,58.683108882304346,58.67188129758952,67.89797466230048,104.175,27.95694158697369,28.129529609187436,9.964989126783115,49.835,12.53032090752707,12.57829099872719,1.388382320108741,22.39
2026-10-25 18:46:44,58.71713025039569,58.714378491100554,67.95006279230812,104.245,27.9601860126384,28.134110788368748,9.967270260752752,49.845,12.53032090752707,12.57829099872719,1.388382320108741,22.39
2026-10-25 19:01:44,58.72718325188384,58.723971293894195,67.96229763236754,104.265,27.966162315038936,28.13781321129576,9.970028483323432,49.86,12.534505564859828,12.58087696784003,1.3886872529380412,22.395
2026-10-25 19:16:44,58.773587062296514,58.77526063142396,68.01498959221871,104.345,27.98765269158097,28.1586344986201,9.977121617202704,49.895,12.534505564859828,12.58087696784003,1.3886872529380412,22.395
2026-10-25 19:31:44,58.783025946755444,58.78584461310376,68.02526634922896,104.36,27.997344775414707,28.164211621740733,9.979198636561067,49.905,12.543452790793117,12.590844254214023,1.3894501437052724,22.41
2026-10-25 19:46:44,58.78547147137406,58.78931648680516,68.0295549096287,104.365,27.997344775414707,28.164211621740733,9.979198636561067,49.905,12.543452790793117,12.590844254214023,1.3894501437052724,22.41
2026-10-25 20:01:44,58.78947171584817,58.79347104004751,68.03166408470035,104.37,27.997344775414707,28.164211621740733,9.979198636561067,49.905,12.543452790793117,12.590844254214023,1.3894501437052724,22.41
2026-10-25 20:16:44,58.818932599699295,58.82580062745158,68.0663118225626,104.42,28.009836787237987,28.176010233122323,9.984019498789491,49.925,12.546618645414558,12.59511133111441,1.3901363022428932,22.42
2026-10-25 20:31:44,58.827920026301626,58.83394806109714,68.07638233434714,104.435,28.011332403626078,28.178772444091972,9.985076955203521,49.93,12.547447890378537,12.599020978180873,1.3904835519490275,22.425
2026-10-25 20:46:44,58.90177388470274,58.90816715677034,68.16914697681833,104.575,28.06141380666939,28.229715445373664,10.004681015602872,50.015,12.557827617796635,12.611083972629146,1.3920498855478256,22.445
2026-10-25 21:01:44,58.9733438201684,58.98058719642881,68.26336871321905,104.72,28.073620920190653,28.24445119510381,10.008892333515261,50.04,12.567797293853257,12.619305963807289,1.3929267570583672,22.46
2026-10-25 21:16:44,59.00373121294478,59.015274719522274,68.30109872853188,104.78,28.104816616823342,28.271707477693166,10.018685423702888,50.09,12.572720935455578,12.622773753911869,1.3936881253657625,22.47
2026-10-25 21:31:44,59.065079121623036,59.08001658437514,68.38324102573858,104.9,28.165668147153607,28.32969159320817,10.036838353792858,50.18,12.594129503187883,12.642189784644769,1.3956304147622491,22.505
2026-10-25 21:46:44,59.11373540953089,59.12193913755938,68.44249387945922,104.99,28.180951299085905,28.33945238623787,10.041121666043905,50.205,12.618583140547363,12.661880939999708,1.3989183646996177,22.545
2026-10-25 22:01:44,59.16667039254671,59.17705048535741,68.50026508779624,105.08,28.20499643600729,28.35856129880709,10.051832434944279,50.25,12.637062268556376,12.687179847454924,1.4016416374558613,22.585
2026-10-25 22:16:44,59.25988993040171,59.25695898580567,68.60562289959951,105.235,28.23572212889678,28.393130647612306,10.06412552062602,50.315,12.655501269607356,12.702457018190348,1.4036486920014875,22.615
2026-10-25 22:31:44,59.282879677046,59.28133353440586,68.63887091605184,105.285,28.254414185671052,28.414294417375793,10.070396495730456,50.345,12.660130093964309,12.71058450418307,1.4042740091717605,22.625
2026-10-25 22:46:44,59.320662783122955,59.322441290953115,68.68409096479348,105.355,28.288875831155277,28.441018083427593,10.081609076569132,50.405,12.682241858276619,12.727007372494953,1.4061806072522605,22.66
2026-10-25 23:01:44,59.44710541987253,59.44903173504,68.8341206895915,105.565,28.34682189993374,28.498558758672985,10.103742760098864,50.51,12.71448689437365,12.755112086104397,1.4101353017855514,22.715
2026-10-25 23:16:44,59.67501626761937,59.660591207400266,69.0924894521817,105.96,28.434040183175206,28.614985037504816,10.13998677932495,50.69,12.780584876311602,12.824889014989033,1.4185360755673213,22.835
2026-10-25 23:31:44,59.92147168955225,59.91062523288722,69.36837580706887,106.4,28.594727923527454,28.77217422541762,10.192265998164764,50.955,12.869150767889167,12.908454096943712,1.4275570168838156,22.985
2026-10-25 23:46:44,60.04413903358562,60.04365590693873,69.5245578597551,106.63,28.6687746696201,28.847092005692456,10.216728015486629,51.08,12.890402932937086,12.934028181758064,1.4296621441006963,23.02
2026-10-26 00:01:44,60.09562299241847,60.098760120768254,69.5868640293085,106.73,28.679159367516682,28.85731833629379,10.220845365842607,51.1,12.899873436928834,12.943612844793272,1.431033158013765,23.04
2026-10-26 00:16:44,60.14155022182886,60.14236391364954,69.64504032556592,106.81,28.702715539465977,28.877221304124756,10.228675283230945,51.135,12.90775149916133,12.950805722894021,1.4319094385956908,23.055
2026-10-26 00:31:44,60.188704262238396,60.18666357268826,69.69934254922478,106.89,28.724354802132595,28.904362528030468,10.236906044261,51.175,12.924970042458847,12.967144785612794,1.4336965666250445,23.085
2026-10-26 00:46:44,60.21639133086297,60.21275471450293,69.73075824509301,106.935,28.73392293883073,28.91097276497041,10.239376324086379,51.19,12.943019660810013,12.986374281432237,1.4355401297643218,23.115
2026-10-26 01:01:44,60.24973600070669,60.25007141887476,69.76682655420572,106.99,28.756829754535072,28.933797215485622,10.24681346195866,51.225,12.950820020158085,12.998781295531414,1.436976592649212,23.135
2026-10-26 01:16:44,60.29823651808852,60.30370725491072,69.8277652306786,107.08,28.772278318201213,28.955200857989833,10.253247600487633,51.265,12.958775168674482,13.01385984005452,1.438049852342055,23.155
2026-10-26 01:31:44,60.36452514692702,60.371829574742264,69.90547097986651,107.2,28.82572289679945,29.016756730705648,10.271837858717696,51.365,12.97204326794114,13.029329854854085,1.4401361984419945,23.185
2026-10-26 01:46:44,60.42544083302519,60.42570855366338,69.97023300065096,107.31,28.872844587358113,29.06373968372974,10.290287430316422,51.455,12.997058753938445,13.05153274909165,1.44351271252765,23.23
2026-10-26 02:01:44,60.47281356137065,60.49556779916113,70.03509165145663,107.415,28.925500051516295,29.123279207883428,10.314358967493797,51.56,13.007995416882906,13.063363596919578,1.4453243127904405,23.255
2026-10-26 02:16:44,60.48472797612637,60.508288866012606,70.05056318632919,107.435,28.938359489457966,29.13645218193551,10.318286829098547,51.58,13.011407959831363,13.06473498460232,1.445743463871559,23.26
2026-10-26 02:31:44,60.512225336844445,60.538149789984054,70.0849547675247,107.485,28.956847118701504,29.159376371622457,10.326304077628565,51.62,13.027496344430565,13.07474471531668,1.4476814006471725,23.285
2026-10-26 02:46:44,60.55717488671319,60.57713783572207,70.14119359321015,107.56,28.9868270382252,29.18624546845139,10.335880264292888,51.67,13.039093300040365,13.084257602610705,1.4492822522070379,23.305
2026-10-26 03:01:44,60.62127306989026,60.63778607979853,70.21381100031275,107.665,28.998421419780836,29.201703121605643,10.340157587596034,51.695,13.059158582819808,13.103807474042021,1.4517610987340805,23.34
2026-10-26 03:16:44,60.673711956245576,60.706822328342234,70.28901375397415,107.785,29.0290404776321,29.239621189774393,10.353167306214655,51.76,13.110085519625185,13.151897501533702,1.456701132173672,23.425
2026-10-26 03:31:44,60.69210438159582,60.72224044149991,70.30993076310608,107.82,29.039497413894413,29.247677807764237,10.355846601067807,51.775,13.110085519625185,13.151897501533702,1.456701132173672,23.425
2026-10-26 03:46:44,60.69500694771299,60.72832932761337,70.31625733100816,107.83,29.05096368209178,29.258263923614994,10.357993192518038,51.79,13.11795387490883,13.155564613689043,1.4570994159715036,23.435
2026-10-26 04:01:44,60.699840327256794,60.73904590789158,70.32833660807663,107.85,29.06862192951661,29.268136153922935,10.362953320115485,51.815,13.119026758561885,13.157202244823788,1.4572995131022266,23.44
2026-10-26 04:16:44,60.720897939688854,60.761720868938255,70.34441859132026,107.88,29.07179385582079,29.27480478193011,10.36513264312189,51.825,13.119026758561885,13.157202244823788,1.4572995131022266,23.44
2026-10-26 04:31:44,60.7355054021637,60.7761569455043,70.35856599479736,107.905,29.080895716371256,29.280113284027397,10.367321851234893,51.84,13.123494431146929,13.158795549058505,1.4575269090579948,23.445
2026-10-26 04:46:44,60.75849720906074,60.791739163730306,70.37929083804276,107.935,29.083570691479196,29.285944032521922,10.369159929411323,51.85,13.125518704799372,13.163792845762382,1.457807786805992,23.45
2026-10-26 05:01:44,60.771477477178635,60.803953520100535,70.39127930981098,107.955,29.088499754609572,29.292867393793053,10.371108900418353,51.86,13.125518704799372,13.163792845762382,1.457807786805992,23.45
2026-10-26 05:16:44,60.77344598528837,60.80826471014289,70.39591730485546,107.96,29.088499754609572,29.292867393793053,10.371108900418353,51.86,13.125518704799372,13.163792845762382,1.457807786805992,23.45
2026-10-26 05:31:44,60.77344598528837,60.80826471014289,70.39591730485546,107.96,29.088499754609572,29.292867393793053,10.371108900418353,51.86,13.125518704799372,13.163792845762382,1.457807786805992,23.45
2026-10-26 05:46:44,60.77344598528837,60.80826471014289,70.39591730485546,107.96,29.088499754609572,29.292867393793053,10.371108900418353,51.86,13.125518704799372,13.163792845762382,1.457807786805992,23.45
2026-10-26 06:01:44,60.77633768073795,60.81126766897965,70.39823188354325,107.965,29.088499754609572,29.292867393793053,10.371108900418353,51.86,13.125518704799372,13.163792845762382,1.457807786805992,23.45
2026-10-26 06:16:44,60.77633768073795,60.81126766897965,70.39823188354325,107.965,29.088499754609572,29.292867393793053,10.371108900418353,51.86,13.125518704799372,13.163792845762382,1.457807786805992,23.45
2026-10-26 06:31:44,60.77633768073795,60.81126766897965,70.39823188354325,107.965,29.088499754609572,29.292867393793053,10.371108900418353,51.86,13.125518704799372,13.163792845762382,1.457807786805992,23.45
2026-10-26 06:46:44,60.77633768073795,60.81126766897965,70.39823188354325,107.965,29.088499754609572,29.292867393793053,10.371108900418353,51.86,13.125518704799372,13.163792845762382,1.457807786805992,23.45
2026-10-26 07:01:44,60.80333148176686,60.831273510577475,70.42339321453777,108.005,29.11332950168288,29.309283343067086,10.378665977314586,51.895,13.134004902742033,13.167971362425638,1.4584765930688974,23.46
2026-10-26 07:16:44,60.84328114557522,60.87075791819248,70.47266730852984,108.085,29.127930589472342,29.329511600974048,10.385354376006685,51.925,13.144596319215951,13.17420316837262,1.4593556364661502,23.475
2026-10-26 07:31:44,60.902262501285826,60.9326048251042,70.53468079920172,108.185,29.14916969558205,29.350613127757935,10.392147532906208,51.96,13.147034283279538,13.176383819088617,1.4598091932469266,23.48
2026-10-26 07:46:44,60.902262501285826,60.9326048251042,70.53468079920172,108.185,29.14916969558205,29.350613127757935,10.392147532906208,51.96,13.147034283279538,13.176383819088617,1.4598091932469266,23.48
2026-10-26 08:01:44,60.902262501285826,60.9326048251042,70.53468079920172,108.185,29.14916969558205,29.350613127757935,10.392147532906208,51.96,13.147034283279538,13.176383819088617,1.4598091932469266,23.48
2026-10-26 08:16:44,60.902262501285826,60.9326048251042,70.53468079920172,108.185,29.14916969558205,29.350613127757935,10.392147532906208,51.96,13.147034283279538,13.176383819088617,1.4598091932469266,23.48
2026-10-26 08:31:44,60.902262501285826,60.9326048251042,70.53468079920172,108.185,29.14916969558205,29.350613127757935,10.392147532906208,51.96,13.147034283279538,13.176383819088617,1.4598091932469266,23.48
2026-10-26 08:46:44,60.902262501285826,60.9326048251042,70.53468079920172,108.185,29.14916969558205,29.350613127757935,10.392147532906208,51.96,13.147034283279538,13.176383819088617,1.4598091932469266,23.48
2026-10-26 09:01:44,60.902262501285826,60.9326048251042,70.53468079920172,108.185,29.14916969558205,29.350613127757935,10.392147532906208,51.96,13.147034283279538,13.176383819088617,1.4598091932469266,23.48
2026-10-26 09:16:44,60.902262501285826,60.9326048251042,70.53468079920172,108.185,29.149809564801423,29.353714963202982,10.392975821963956,51.965,13.147034283279538,13.176383819088617,1.4598091932469266,23.48
2026-10-26 09:31:44,60.902262501285826,60.9326048251042,70.53468079920172,108.185,29.149809564801423,29.353714963202982,10.392975821963956,51.965,13.147034283279538,13.176383819088617,1.4598091932469266,23.48
2026-10-26 09:46:44,60.902262501285826,60.9326048251042,70.53468079920172,108.185,29.149809564801423,29.353714963202982,10.392975821963956,51.965,13.147034283279538,13.176383819088617,1.4598091932469266,23.48
2026-10-26 10:01:44,60.902262501285826,60.9326048251042,70.53468079920172,108.185,29.149809564801423,29.353714963202982,10.392975821963956,51.965,13.147034283279538,13.176383819088617,1.4598091932469266,23.48
2026-10-26 10:16:44,60.902262501285826,60.9326048251042,70.53468079920172,108.185,29.149809564801423,29.353714963202982,10.392975821963956,51.965,13.147034283279538,13.176383819088617,1.4598091932469266,23.48
2026-10-26 10:31:44,60.902262501285826,60.9326048251042,70.53468079920172,108.185,29.149809564801423,29.353714963202982,10.392975821963956,51.965,13.147034283279538,13.176383819088617,1.4598091932469266,23.48
2026-10-26 10:46:44,60.903525086659144,60.935829476626466,70.53630510380562,108.19,29.149809564801423,29.353714963202982,10.392975821963956,51.965,13.147034283279538,13.176383819088617,1.4598091932469266,23.48
2026-10-26 11:01:44,60.903525086659144,60.935829476626466,70.53630510380562,108.19,29.149809564801423,29.353714963202982,10.392975821963956,51.965,13.147034283279538,13.176383819088617,1.4598091932469266,23.48
2026-10-26 11:16:44,60.903525086659144,60.935829476626466,70.53630510380562,108.19,29.149809564801423,29.353714963202982,10.392975821963956,51.965,13.147034283279538,13.176383819088617,1.4598091932469266,23.48
2026-10-26 11:31:44,60.903525086659144,60.935829476626466,70.53630510380562,108.19,29.149809564801423,29.353714963202982,10.392975821963956,51.965,13.147034283279538,13.176383819088617,1.4598091932469266,23.48
2026-10-26 11:46:44,60.90669711633531,60.94067433662005,70.53832193074595,108.195,29.149809564801423,29.353714963202982,10.392975821963956,51.965,13.147034283279538,13.176383819088617,1.4598091932469266,23.48
2026-10-26 12:01:44,60.91962942763159,60.95111353292171,70.55378555548975,108.22,29.161667572111988,29.359038813540803,10.396599971378842,51.985,13.14822769669971,13.17908166569566,1.4602316632934256,23.485
2026-10-26 12:16:44,60.93436902296318,60.96444278125412,70.5686366293208,108.245,29.161667572111988,29.359038813540803,10.396599971378842,51.985,13.14822769669971,13.17908166569566,1.4602316632934256,23.485
2026-10-26 12:31:44,60.946098783146866,60.971814620940314,70.57551963161599,108.26,29.163029138227746,29.363768613306252,10.397595844088285,51.99,13.14822769669971,13.17908166569566,1.4602316632934256,23.485
2026-10-26 12:46:44,60.95009952950501,60.974438412044684,70.57764906099042,108.265,29.163029138227746,29.363768613306252,10.397595844088285,51.99,13.14822769669971,13.17908166569566,1.4602316632934256,23.485
2026-10-26 13:01:44,60.957563384262905,60.97889225469095,70.58791333222268,108.28,29.17135644129049,29.37480097310198,10.40045934200108,52.005,13.14822769669971,13.17908166569566,1.4602316632934256,23.485
2026-10-26 13:16:44,60.965801228655835,60.982007272215064,70.5944320471552,108.29,29.17354068294778,29.379517559245368,10.401016836974351,52.01,13.14822769669971,13.17908166569566,1.4602316632934256,23.485
2026-10-26 13:31:44,60.969896703706205,60.98385221758701,70.59840736741502,108.295,29.174484944571933,29.38043778718677,10.401673463666045,52.015,13.14822769669971,13.17908166569566,1.4602316632934256,23.485
2026-10-26 13:46:44,60.969896703706205,60.98385221758701,70.59840736741502,108.295,29.174484944571933,29.38043778718677,10.401673463666045,52.015,13.14822769669971,13.17908166569566,1.4602316632934256,23.485
2026-10-26 14:01:44,60.976324336809654,60.98926603281264,70.60601640756809,108.305,29.18159783233163,29.384765113815302,10.403821499212295,52.025,13.152790270242608,13.1805591145902,1.4606480691972605,23.49
2026-10-26 14:16:44,60.98490171595635,61.00354666622541,70.61732553575283,108.325,29.19064170765606,29.395282291177345,10.4064780494896,52.04,13.153851088302263,13.18242683189545,1.460972226477876,23.495
2026-10-26 14:31:44,61.005901461152824,61.0241780557128,70.63863903774362,108.36,29.195468643183194,29.39940898381685,10.408827024256786,52.05,13.158460649340864,13.186570193184211,1.461381420438567,23.5
2026-10-26 14:46:44,61.01568197809142,61.033439226503035,70.6537625612508,108.38,29.200713242143127,29.4076380345729,10.410710542709815,52.06,13.1623446786489,13.188033839476072,1.461580382093907,23.505
2026-10-26 15:01:44,61.04560431902778,61.06732025970573,70.67991112920348,108.43,29.210666761022196,29.416024723875935,10.413403371033633,52.075,13.1623446786489,13.188033839476072,1.461580382093907,23.505
2026-10-26 15:16:44,61.051106725793446,61.07323719089066,70.69092566362201,108.445,29.21291385714454,29.421072103677304,10.41552160980365,52.085,13.1623446786489,13.188033839476072,1.461580382093907,23.505
2026-10-26 15:31:44,61.058402583223724,61.08621600563882,70.70434050862562,108.46,29.21291385714454,29.421072103677304,10.41552160980365,52.085,13.1623446786489,13.188033839476072,1.461580382093907,23.505
2026-10-26 15:46:44,61.06188960706358,61.08970279019535,70.707235784322,108.465,29.21291385714454,29.421072103677304,10.41552160980365,52.085,13.164605293962312,13.192982657230488,1.4617965212394333,23.51
2026-10-26 16:01:44,61.08270421899059,61.114832625124194,70.73596928595197,108.505,29.22091282455271,29.43057641829333,10.41860024705775,52.1,13.176460933506437,13.200721023448756,1.4626211575673322,23.525
2026-10-26 16:16:44,61.09410378006514,61.12820240757329,70.74526429458274,108.52,29.22091282455271,29.43057641829333,10.41860024705775,52.1,13.181033772964309,13.206497914466416,1.4631733266963285,23.535
2026-10-26 16:31:44,61.09853212729479,61.12910314969976,70.7495853202607,108.525,29.22544229239551,29.43455729771836,10.419441034369374,52.105,13.181033772964309,13.206497914466416,1.4631733266963285,23.535
2026-10-26 16:46:44,61.111797073638975,61.14030487330142,70.76104977568923,108.545,29.226565449211137,29.437635840661624,10.420579668905534,52.11,13.181033772964309,13.206497914466416,1.4631733266963285,23.535
2026-10-26 17:01:44,61.111797073638975,61.14030487330142,70.76104977568923,108.545,29.226565449211137,29.437635840661624,10.420579668905534,52.11,13.181033772964309,13.206497914466416,1.4631733266963285,23.535
2026-10-26 17:16:44,61.126352958226214,61.15029178052477,70.77990561049451,108.57,29.23001526114989,29.439581664531556,10.421519478544054,52.115,13.185986070037275,13.208044827004551,1.4634316154808273,23.54
2026-10-26 17:31:44,61.126352958226214,61.15029178052477,70.77990561049451,108.57,29.23001526114989,29.439581664531556,10.421519478544054,52.115,13.185986070037275,13.208044827004551,1.4634316154808273,23.54
2026-10-26 17:46:44,61.143513551416795,61.163483931611545,70.79922639517427,108.6,29.236794770746844,29.45073365756395,10.42426204562626,52.13,13.185986070037275,13.208044827004551,1.4634316154808273,23.54
2026-10-26 18:01:44,61.14487202813852,61.16587544086449,70.80120743787604,108.605,29.236794770746844,29.45073365756395,10.42426204562626,52.13,13.185986070037275,13.208044827004551,1.4634316154808273,23.54
2026-10-26 18:16:44,61.153174985367826,61.17424238229081,70.81765748726944,108.625,29.248762112190693,29.46309562537604,10.427200438622958,52.145,13.185986070037275,13.208044827004551,1.4634316154808273,23.54
2026-10-26 18:31:44,61.16227588307234,61.18340454314502,70.83034730352755,108.645,29.248762112190693,29.46309562537604,10.427200438622958,52.145,13.189002185570342,13.212424495839343,1.4636769439614805,23.545
2026-10-26 18:46:44,61.21225889250418,61.23314286512788,70.88276848077075,108.73,29.26166817203689,29.475745790349812,10.432486468776785,52.17,13.197358080738676,13.220074483376234,1.4644947859948714,23.56
2026-10-26 19:01:44,61.21690757626374,61.23886482274167,70.88846996129352,108.74,29.26501488725272,29.480149447028566,10.43374409818939,52.175,13.198078518493059,13.221912672566793,1.4648288594810006,23.565
2026-10-26 19:16:44,61.26947612950498,61.30063007740719,70.95951590154273,108.845,29.29229193165742,29.51618956563436,10.445875471370611,52.235,13.213704631992725,13.234018807453687,1.4665443649696246,23.59
2026-10-26 19:31:44,61.34607217095497,61.39511079405014,71.0657498842093,109.0,29.314760587422406,29.537974115682605,10.454971971999624,52.28,13.22593560037371,13.250761102187193,1.467784839252083,23.61
2026-10-26 19:46:44,61.4008150431253,61.442235472529426,71.13500389769251,109.09,29.333660622788614,29.559637972754967,10.462087655424806,52.315,13.231732327669324,13.256644326754037,1.4685470036539254,23.62
2026-10-26 20:01:44,61.421805744340844,61.46830418674041,71.16875030407894,109.135,29.34945045488198,29.578860414828153,10.468141106973011,52.345,13.2411838746752,13.261969255817103,1.4694005900653644,23.635
2026-10-26 20:16:44,61.46988525079371,61.51581352292986,71.21625975313485,109.215,29.36837164076973,29.595706842128923,10.474647362970654,52.38,13.24479095112028,13.266455099900538,1.4697836227063632,23.64
2026-10-26 20:31:44,61.497541286424,61.53554622653304,71.24394835060025,109.255,29.375886720064685,29.60325863566413,10.478028961943977,52.395,13.2515382262815,13.270785601381954,1.4706200959373894,23.65
2026-10-26 20:46:44,61.55527141460536,61.59058533325776,71.29644848577026,109.345,29.406896784514423,29.634032400603637,10.490119594687854,52.45,13.267634357560897,13.286985793540559,1.4728638234671079,23.68
2026-10-26 21:01:44,61.605251473198344,61.625075896360066,71.34200164683539,109.415,29.415257756496224,29.642391735189673,10.492152460253678,52.46,13.274878991449002,13.288851089327997,1.4733963588360353,23.69
2026-10-26 21:16:44,61.6373490458973,61.6512877483581,71.37175801200782,109.465,29.42934057141718,29.652262120085354,10.495019990470809,52.48,13.276981496495154,13.29040839121606,1.4735337011844267,23.695
2026-10-26 21:31:44,61.7033351279567,61.7124975501906,71.4428957731001,109.57,29.469719992156865,29.69343812833487,10.507203952140875,52.55,13.286102306677655,13.304638999009805,1.4746997690878918,23.715
2026-10-26 21:46:44,61.79375611452965,61.80664384101221,71.55145755413223,109.75,29.494786344648574,29.722020482240524,10.516138424468883,52.595,13.304664328398813,13.327865290326145,1.4771797266992412,23.755
2026-10-26 22:01:44,61.82729883874782,61.832999228068495,71.58217342968885,109.8,29.505263809687797,29.740222054527468,10.520606362469945,52.62,13.310020589896814,13.333794021368723,1.4779805521376324,23.765
2026-10-26 22:16:44,61.84807754801958,61.844323278380465,71.60089387871196,109.83,29.511820442966435,29.747833657352505,10.522702709983594,52.63,13.310020589896814,13.333794021368723,1.4779805521376324,23.765
2026-10-26 22:31:44,61.898342251594464,61.88945645308405,71.64567460199768,109.91,29.539425526862942,29.7712493824828,10.532337208718292,52.675,13.333217888664825,13.363005541933532,1.4812869357159548,23.815
2026-10-26 22:46:44,61.98557990099978,61.966306671050894,71.73865470900145,110.06,29.5735433296879,29.800136038648315,10.54364077480434,52.725,13.339407460325019,13.371987745199775,1.4828412748492203,23.835
2026-10-26 23:01:44,62.02509194271183,62.01388651686496,71.79109220765172,110.14,29.607481749936728,29.83517688373987,10.553516816480785,52.78,13.352160812995622,13.386245056027976,1.484350615566219,23.86
2026-10-26 23:16:44,62.10305843895972,62.084083746786064,71.87114098135235,110.275,29.635551363416006,29.865215324927043,10.5631334924997,52.83,13.361401646350139,13.394815437438895,1.4852641165542653,23.875
2026-10-26 23:31:44,62.14208112509462,62.12280373620726,71.92049549839463,110.345,29.66487310861422,29.896246675805102,10.573309607416913,52.88,13.373445593775708,13.404161415150712,1.4864185271303962,23.895
2026-10-26 23:46:44,62.19489798884523,62.179481879337864,71.99518545300774,110.455,29.70655612036863,29.938869744756442,10.587262507865901,52.955,13.394066085338517,13.422480741980554,1.4888245074640098,23.93
2026-10-27 00:01:44,62.209798427438955,62.195833706166454,72.0141745937417,110.48,29.720564332686937,29.952386154647478,10.591399662073337,52.975,13.40581383861998,13.435765253808832,1.490054540289391,23.95
2026-10-27 00:16:44,62.280626471309795,62.26636291636861,72.0901295327441,110.605,29.74424197873501,29.98237535202233,10.602867932321006,53.03,13.424480604758774,13.448765716305525,1.491962594699643,23.975
2026-10-27 00:31:44,62.350537507991106,62.32116462257657,72.16542498242528,110.725,29.768862769662626,30.010148449601466,10.612692776630999,53.08,13.427658772324937,13.453395556528468,1.4925685694810422,23.985
2026-10-27 00:46:44,62.36088785497772,62.33143150936424,72.17530247183949,110.745,29.788632449549844,30.026529666027567,10.619631398661978,53.11,13.433208219889337,13.456899037647851,1.4932552919595001,23.995
2026-10-27 01:01:44,62.394469214144095,62.37495020412376,72.21492572335686,110.805,29.818020534128877,30.05610003664255,10.630214973116086,53.16,13.451414410515406,13.474034176389088,1.495464273972866,24.025
2026-10-27 01:16:44,62.412446403519866,62.39029624428104,72.22907483374073,110.83,29.820593029437802,30.05884244684401,10.632183689766231,53.17,13.473127775621045,13.491109751654433,1.4971633062951641,24.055
2026-10-27 01:31:44,62.41472465603184,62.39634327280578,72.23777724531372,110.84,29.829518267471144,30.067616748806618,10.635241843370249,53.185,13.474364019416774,13.494406677401445,1.4975245934014818,24.06
2026-10-27 01:46:44,62.41760000595175,62.40205250538785,72.24471631511344,110.85,29.83020204473566,30.069114797719198,10.636409906991368,53.19,13.474364019416774,13.494406677401445,1.4975245934014818,24.06
2026-10-27 02:01:44,62.46930861760058,62.46015485738086,72.31970372195633,110.96,29.87508045525715,30.115589310435574,10.650282940595739,53.26,13.496198144576324,13.51551794156173,1.4996489579837824,24.095
2026-10-27 02:16:44,62.548002761705085,62.53920520842421,72.40478960650076,111.105,29.922114432499612,30.16433633000425,10.667043006141395,53.345,13.522958218099115,13.543072394576814,1.5029363404308105,24.145
2026-10-27 02:31:44,62.59056007706601,62.57912905392729,72.45557627936543,111.19,29.95427544975575,30.19401736882554,10.67772325876781,53.395,13.545647427714377,13.562908623673435,1.5050723935856791,24.185
2026-10-27 02:46:44,62.63999548026542,62.630499129765866,72.51015256432895,111.29,29.983610563932412,30.228172529095005,10.687972511739726,53.45,13.57071888797074,13.58884741709499,1.5088029451248095,24.23
2026-10-27 03:01:44,62.688699323385144,62.672303554920866,72.56758986885971,111.375,30.019886543195298,30.25590157097046,10.701968527273008,53.51,13.588067543326561,13.608003316372578,1.5109239832291805,24.265
2026-10-27 03:16:44,62.75528305306213,62.7377099525242,72.63247030613185,111.48,30.05001377883683,30.28637441776079,10.715391505331253,53.575,13.604092884251493,13.619252714548692,1.5123492455753493,24.29
2026-10-27 03:31:44,62.840593726382835,62.82356665923147,72.73468314961438,111.625,30.08743162813083,30.32692035123687,10.730685115622746,53.65,13.624170122226124,13.639565157526246,1.5141517650755052,24.32
2026-10-27 03:46:44,62.981246413884506,62.94398275402837,72.88675001024261,111.855,30.125664930108943,30.376292009598984,10.74764757892984,53.735,13.653264516499767,13.665757419935106,1.5166351372674145,24.37
2026-10-27 04:01:44,63.07591239186968,63.050549369285584,72.98607579779627,112.025,30.158942341635562,30.419070240534715,10.76086013745755,53.805,13.67005232290025,13.674561581130435,1.5184717956965181,24.4
2026-10-27 04:16:44,63.12814088225066,63.097930709018826,73.04588618467602,112.12,30.188159589845146,30.447355211896124,10.772607533461981,53.86,13.680937391846038,13.686083021810646,1.5199811328054391,24.42
2026-10-27 04:31:44,63.20259890255802,63.18318861315805,73.13186636898077,112.26,30.245217488204773,30.510453966309484,10.793121871692108,53.96,13.706144975362148,13.707395587676528,1.5222655972477321,24.46
2026-10-27 04:46:44,63.24571854213144,63.24041969736472,73.18879856183749,112.35,30.308628324638036,30.572563256673437,10.81438453007238,54.07,13.72255848679365,13.727324020145458,1.5243895281362976,24.49
2026-10-27 05:01:44,63.28719920428101,63.2855794065191,73.23423889052962,112.425,30.326357698930725,30.587539207653833,10.82296279329143,54.11,13.731278399318462,13.732255926023111,1.5247039546416619,24.5
2026-10-27 05:16:44,63.29115257515304,63.288971153949234,73.23767852269557,112.43,30.33577596051042,30.59138517147973,10.825439377803061,54.12,13.735462533534594,13.734864320088873,1.5248745511774413,24.505
2026-10-27 05:31:44,63.336834806132394,63.332201295143555,73.28586883201612,112.51,30.363163763819852,30.614075259189523,10.835023048647363,54.165,13.753450371290386,13.753847616412042,1.526746193097113,24.535
2026-10-27 05:46:44,63.393685585892804,63.38414261871836,73.34457635621546,112.605,30.385788115104276,30.64215874000092,10.843407192021958,54.21,13.776699731533597,13.780340955782501,1.5288134003877762,24.575
2026-10-27 06:01:44,63.48340370576395,63.481411425903026,73.4424916522237,112.765,30.424980034282385,30.690056409184194,10.855298516307196,54.275,13.783858494655693,13.784481449361698,1.5296366039883882,24.585
2026-10-27 06:16:44,63.56187803977972,63.555776677721084,73.52880165610924,112.895,30.463530699886846,30.738914418308788,10.869953158383769,54.35,13.800356847913624,13.801750180077377,1.531553913139005,24.615
2026-10-27 06:31:44,63.61222915066904,63.60380282892734,73.58300421771864,112.98,30.505696669745355,30.789516028011555,10.88559305753238,54.435,13.81175293508188,13.816419632392686,1.5326386774366374,24.635
2026-10-27 06:46:44,63.65821428371968,63.64062760063682,73.63193233764115,113.055,30.519604959958286,30.811604324710185,10.893501796891206,54.47,13.816219363211586,13.819349628469952,1.5330727188146276,24.64
2026-10-27 07:01:44,63.719121435358346,63.6982286503764,73.69739346746731,113.165,30.53677666653179,30.8360625891704,10.898113558254929,54.5,13.830510406270093,13.836672008783081,1.5344233089892567,24.665
2026-10-27 07:16:44,63.7532858163547,63.728533413194,73.7419666933739,113.225,30.556753362406212,30.85073436307224,10.904843438337041,54.53,13.830510406270093,13.836672008783081,1.5344233089892567,24.665
2026-10-27 07:31:44,63.78981460631131,63.768797743103406,73.78729025658825,113.295,30.57179377079177,30.862602125086514,10.90954941593801,54.555,13.843245384476786,13.84324351338567,1.5352843232072624,24.685
2026-10-27 07:46:44,63.84343816563625,63.82330788673302,73.86189428290022,113.39,30.578913653205536,30.869296133281498,10.912930888171479,54.57,13.85302630500131,13.858614263716811,1.5367982310874873,24.71
2026-10-27 08:01:44,63.921356251249,63.890827714314284,73.93727862562201,113.52,30.603383348728595,30.895992182882882,10.922392570180202,54.615,13.857400246583579,13.862001915055084,1.5375217120917894,24.72
2026-10-27 08:16:44,63.9846139009257,63.95577719853777,74.01111474353812,113.63,30.636340882933894,30.935324103789096,10.934740800304573,54.675,13.858302405443247,13.866101623843308,1.5379324923416926,24.725
2026-10-27 08:31:44,64.03564044453121,64.01176788200983,74.07211969877167,113.725,30.651950457543688,30.95952601816169,10.942799276740484,54.715,13.87280722365567,13.879399240408574,1.5393966072665612,24.755
2026-10-27 08:46:44,64.09559933522947,64.08555292961066,74.15669566795853,113.855,30.696025039234073,30.99928242403867,10.959728961780817,54.8,13.88834670111332,13.895803376909202,1.5409355352697813,24.78
2026-10-27 09:01:44,64.16597614758516,64.15737179689437,74.23213734959357,113.975,30.714361187439806,31.029465622184848,10.96891109601009,54.845,13.908684001056354,13.917474884745332,1.5430146476455482,24.82
2026-10-27 09:16:44,64.16597614758516,64.15737179689437,74.23213734959357,113.975,30.714361187439806,31.029465622184848,10.96891109601009,54.845,13.908684001056354,13.917474884745332,1.5430146476455482,24.82
2026-10-27 09:31:44,64.27127531897108,64.25692040376389,74.33999699942332,114.145,30.740347263520803,31.050684417780776,10.978032099689331,54.89,13.926032964147446,13.934262189201933,1.5449964464145105,24.85
2026-10-27 09:46:44,64.33484395884852,64.31098360649969,74.3992396789635,114.245,30.777673938577216,31.0896596445426,10.991276915589212,54.955,13.946358270520198,13.949318722300966,1.5467185055652883,24.88
2026-10-27 10:01:44,64.37201952339403,64.3515001818718,74.45309297503033,114.32,30.807109733124747,31.10863959367525,10.998399465530932,54.99,13.94841545541007,13.955199435357827,1.5471689773080057,24.89
2026-10-27 10:16:44,64.46789069295178,64.44534302326774,74.55433414974026,114.475,30.841619935159965,31.143000876096583,11.013458612072611,55.055,13.963679804996392,13.970322017373402,1.54895312642369,24.915
2026-10-27 10:31:44,64.4863325163736,64.46359386208132,74.57576842809452,114.51,30.843825137864915,31.145234599727065,11.014332092483524,55.06,13.966583465337543,13.972455567203097,1.5493662136007538,24.92
2026-10-27 10:46:44,64.49486964266795,64.47345961157092,74.58564394441196,114.525,30.85526029845057,31.156101238694546,11.018977089186798,55.08,13.966583465337543,13.972455567203097,1.5493662136007538,24.92
2026-10-27 11:01:44,64.51068491096248,64.49421560017637,74.60434072751167,114.555,30.865260899799214,31.162598525481975,11.02187315639117,55.095,13.96920851442483,13.975329779912338,1.5497532465787307,24.925
2026-10-27 11:16:44,64.53659881030543,64.51526167952713,74.6342279025295,114.6,30.865260899799214,31.162598525481975,11.02187315639117,55.095,13.972345341253325,13.97868839648883,1.5501575338815468,24.935
2026-10-27 11:31:44,64.59684949691902,64.57789343673512,74.69981815693325,114.705,30.870229770019588,31.165003645616693,11.024006234527953,55.105,13.987617290475498,13.991336063890513,1.551500881049669,24.955
2026-10-27 11:46:44,64.61086919106125,64.59377317180002,74.7214922754215,114.74,30.885177566311146,31.181389753193304,11.03024545452455,55.135,13.987617290475498,13.991336063890513,1.551500881049669,24.955
2026-10-27 12:01:44,64.64716984815259,64.63848842840441,74.77183868210419,114.81,30.891095241914492,31.19383675252924,11.034754940331029,55.155,13.991422882835897,13.992802156975303,1.5518079606785737,24.96
2026-10-27 12:16:44,64.69167393954734,64.66820703630415,74.81339768281643,114.88,30.89316174375772,31.194817417541596,11.035622941936651,55.16,14.00239926574645,14.000877905962364,1.5526419033439502,24.975
2026-10-27 12:31:44,64.70003353065779,64.67329012504617,74.82167816624153,114.89,30.897284160840783,31.19918057637577,11.037095000306257,55.165,14.00239926574645,14.000877905962364,1.5526419033439502,24.975
2026-10-27 12:46:44,64.71794553796981,64.69517248804397,74.84420218401688,114.92,30.9062750294934,31.20846527225326,11.040120322148248,55.18,14.00239926574645,14.000877905962364,1.5526419033439502,24.975
2026-10-27 13:01:44,64.7205134750201,64.69982366422826,74.84969833259318,114.93,30.9062750294934,31.20846527225326,11.040120322148248,55.18,14.006086033824491,14.002991159319848,1.5528156667954982,24.98
2026-10-27 13:16:44,64.73057903279074,64.71068912829308,74.86647821026085,114.95,30.915740898475462,31.218068426266896,11.045270282829502,55.2,14.010187596992406,14.004106844694947,1.5529908286529666,24.985
2026-10-27 13:31:44,64.73356106759641,64.71506741220458,74.87666355868879,114.965,30.920388534290353,31.223775563787598,11.047404878967516,55.21,14.012609341356914,14.006732163906475,1.553398039025403,24.99
2026-10-27 13:46:44,64.74931732770452,64.72994079797235,74.89360768964109,114.99,30.929884409846835,31.23175279846991,11.05009496597132,55.225,14.013302739400213,14.01043430931788,1.5538284547321042,24.995
2026-10-27 14:01:44,64.75221856006567,64.73188339414781,74.89534352374514,114.995,30.933271941914658,31.234908511939867,11.050807955363913,55.23,14.013302739400213,14.01043430931788,1.5538284547321042,24.995
2026-10-27 14:16:44,64.75221856006567,64.73188339414781,74.89534352374514,114.995,30.933271941914658,31.234908511939867,11.050807955363913,55.23,14.013302739400213,14.01043430931788,1.5538284547321042,24.995
2026-10-27 14:31:44,64.75303663838186,64.7368712420871,74.8989791005015,115.0,30.933960902825568,31.236140076248468,11.052188075603938,55.235,14.013302739400213,14.01043430931788,1.5538284547321042,24.995
2026-10-27 14:46:44,64.76242080085473,64.74641961647572,74.90796657117545,115.015,30.933960902825568,31.236140076248468,11.052188075603938,55.235,14.013302739400213,14.01043430931788,1.5538284547321042,24.995
2026-10-27 15:01:44,64.76800784197324,64.7549153609189,74.91867754258239,115.03,30.938913964996708,31.239368706466127,11.053298475544853,55.24,14.013302739400213,14.01043430931788,1.5538284547321042,24.995
2026-10-27 15:16:44,64.76800784197324,64.7549153609189,74.91867754258239,115.03,30.938913964996708,31.239368706466127,11.053298475544853,55.24,14.013302739400213,14.01043430931788,1.5538284547321042,24.995
2026-10-27 15:31:44,64.77592974828778,64.75830901403586,74.92258840467542,115.04,30.94588796564063,31.248554869445712,11.056149432626375,55.25,14.013302739400213,14.01043430931788,1.5538284547321042,24.995
2026-10-27 15:46:44,64.79114637129655,64.77297755215336,74.93650518871983,115.06,30.950140683610105,31.253975467048253,11.05754512937508,55.26,14.013302739400213,14.01043430931788,1.5538284547321042,24.995
2026-10-27 16:01:44,64.80854356385291,64.79431403643923,74.95862106981482,115.09,30.956686310507585,31.269327580210234,11.061723945995658,55.28,14.015983048226373,14.014000589500853,1.5540108201231002,25.0
2026-10-27 16:16:44,64.82386062252434,64.81073610538088,74.97377524347513,115.125,30.969606950258658,31.2781907370674,11.06724318533452,55.305,14.018291025591324,14.015451923398649,1.5542560019921488,25.005
2026-10-27 16:31:44,64.84409074404125,64.8225404730509,74.99539914741457,115.15,30.973910786783804,31.280408087352033,11.06939168715524,55.315,14.020601042349893,14.019905757115419,1.5545524745446029,25.01
2026-10-27 16:46:44,64.8669178337583,64.84124728507213,75.01724843272369,115.185,30.98366810021509,31.28886876016985,11.072984922857104,55.33,14.024209370110464,14.02085206769261,1.554774482290009,25.015
2026-10-27 17:01:44,64.87139911325899,64.84442519202896,75.01959519743953,115.19,30.988953746411177,31.29459099244027,11.075126268674552,55.34,14.024209370110464,14.02085206769261,1.554774482290009,25.015
2026-10-27 17:16:44,64.87807988591325,64.85206956873674,75.03323757487648,115.205,30.988953746411177,31.29459099244027,11.075126268674552,55.34,14.024209370110464,14.02085206769261,1.554774482290009,25.015
2026-10-27 17:31:44,64.88084749633336,64.85675057824604,75.03747564226137,115.21,30.988953746411177,31.29459099244027,11.075126268674552,55.34,14.024209370110464,14.02085206769261,1.554774482290009,25.015
2026-10-27 17:46:44,64.89432555448866,64.86770710419661,75.04905381282975,115.23,30.988953746411177,31.29459099244027,11.075126268674552,55.34,14.024209370110464,14.02085206769261,1.554774482290009,25.015
2026-10-27 18:01:44,64.89773639047377,64.87014236087802,75.05386450112434,115.235,30.99631703830229,31.300492374940415,11.07685118800244,55.35,14.029033351970485,14.0222042958736,1.55506801290775,25.02
2026-10-27 18:16:44,64.90333934551786,64.87564060546626,75.06195384916992,115.245,30.99838631601268,31.303282454696777,11.078014529055423,55.355,14.029033351970485,14.0222042958736,1.55506801290775,25.02
2026-10-27 18:31:44,64.91821718942052,64.89523758408679,75.08048801225246,115.27,31.017715268698755,31.320435930035327,11.086273722786558,55.395,14.02975379820698,14.02297371464845,1.5552243940250872,25.025
2026-10-27 18:46:44,64.97308540943101,64.94604452474928,75.14096383703591,115.37,31.024632088402093,31.330716505333534,11.08975645960583,55.41,14.030819550332321,14.026751144900503,1.5553968801334033,25.03
2026-10-27 19:01:44,65.11300634480446,65.07783829467512,75.29554163400127,115.615,31.07657243937368,31.388549224309624,11.10870061500849,55.5,14.053137443735961,14.042503968863903,1.5577244524624816,25.065
2026-10-27 19:16:44,65.16157306197158,65.12876470831803,75.351711310126,115.705,31.10173412514218,31.40742630940868,11.116328507127614,55.54,14.054406306711062,14.043925882247528,1.5581325624143216,25.07
2026-10-27 19:31:44,65.17269735293077,65.13421988819779,75.35976425593846,115.72,31.109065677414478,31.42303906576438,11.11998089819391,55.56,14.059866576680713,14.051207701401047,1.5591215142419967,25.08
2026-10-27 19:46:44,65.18722017228717,65.14840911776942,75.37106870066795,115.74,31.120970421824804,31.433862810413856,11.123470762878803,55.58,14.06983296047071,14.06080243052463,1.560122678100092,25.1
2026-10-27 20:01:44,65.20606093433734,65.16682492974503,75.39049684620733,115.77,31.133110763386526,31.442526185931815,11.126077933921719,55.595,14.077473313804946,14.06423642371162,1.5608246419194582,25.11
2026-10-27 20:16:44,65.22408630620394,65.17803456651737,75.40639542298793,115.795,31.136907318732856,31.447746371739157,11.127765125323572,55.605,14.077473313804946,14.06423642371162,1.5608246419194582,25.11
2026-10-27 20:31:44,65.29996309683352,65.24709359483197,75.49094817988596,115.93,31.17729385311238,31.494784309341348,11.143629113593535,55.68,14.08297410367237,14.070326071587083,1.5614135355787848,25.12
2026-10-27 20:46:44,65.35754399859428,65.31250515093298,75.56183258212637,116.045,31.210735616412013,31.527474393267426,11.15621666924245,55.75,14.091097975788589,14.08123578278987,1.5624542270978221,25.135
2026-10-27 21:01:44,65.42996867986308,65.39469317223114,75.62969460633784,116.165,31.239719079644093,31.557358729382685,11.169730448978653,55.815,14.113189755276382,14.100353020959652,1.5644228136026037,25.165
2026-10-27 21:16:44,65.49610565899643,65.45706868251062,75.71215129619267,116.29,31.27437163261653,31.59987970529404,11.181069437612782,55.88,14.124227157026942,14.117301405713345,1.5664365820182728,25.19
2026-10-27 21:31:44,65.61645443320944,65.58223804383252,75.85080880884254,116.495,31.30942269582237,31.627379095527775,11.19236914402132,55.93,14.140476384969507,14.13109672865474,1.5679508322572517,25.215
2026-10-27 21:46:44,65.6433122970931,65.6114908102638,75.87395956424139,116.54,31.324480553776468,31.633248903710804,11.19669377583238,55.95,14.148107917272819,14.137695003241786,1.569144814696096,25.23
2026-10-27 22:01:44,65.76310243863134,65.70638294911193,76.00235808253751,116.73,31.384645437557793,31.68400798711218,11.215408225972622,56.04,14.180400834825226,14.167564298173769,1.572558692429109,25.285
2026-10-27 22:16:44,65.95192006689494,65.88689710172308,76.19565174856895,117.03,31.46026778838351,31.73841618945747,11.237870109307618,56.15,14.216618909538965,14.205938256275015,1.5759128207409483,25.335
2026-10-27 22:31:44,66.11773789577735,66.03822204258489,76.37847296736983,117.31,31.534416484924357,31.81746725263454,11.26306907637357,56.275,14.250708431707064,14.236835274694144,1.5789727949817876,25.38
2026-10-27 22:46:44,66.35751812397274,66.28099635315716,76.66660963135112,117.735,31.61845127369828,31.896975136613055,11.294935375634038,56.425,14.29054370821557,14.27867304535805,1.583919371731809,25.455
2026-10-27 23:01:44,66.49319580650251,66.39734739709843,76.81519133790039,117.95,31.676912384389198,31.95620065840637,11.314864418040159,56.525,14.320799047729004,14.303086430226033,1.5878364049936133,25.505
2026-10-27 23:16:44,66.59390477809397,66.49446154013857,76.93773678869982,118.13,31.72160082952053,31.999454890112357,11.329652272305504,56.6,14.347228218890852,14.332126896322395,1.5917264995485225,25.56
2026-10-27 23:31:44,66.76414043293363,66.67337551831368,77.13527638180538,118.435,31.853283824015485,32.13065461945576,11.374491399350836,56.815,14.412962128644008,14.405228967928657,1.5993105605005404,25.675
2026-10-27 23:46:44,66.86321141830102,66.77412080101065,77.25094312257023,118.61,31.897652515597102,32.18837103815214,11.39330684838147,56.91,14.432445518577843,14.425106339470155,1.6011514922717625,25.705
2026-10-28 00:01:44,67.06469128061588,66.95988768616739,77.47773939592659,118.95,32.010556324515704,32.29677926768805,11.43168345883509,57.11,14.471637231141278,14.466084227833653,1.6051624075071187,25.765
2026-10-28 00:16:44,67.21210647890511,67.0976387529144,77.65327778732743,119.215,32.076521225668415,32.35248908390239,11.454167658816251,57.22,14.483021767992046,14.477293892378805,1.6071881814458444,25.79
2026-10-28 00:31:44,67.37403237116179,67.25887748469376,77.82687350224936,119.485,32.1221629762283,32.3970270590707,11.470376411284455,57.305,14.504268394730008,14.508282764696578,1.609716377356195,25.835
2026-10-28 00:46:44,67.41106490352769,67.2910255389321,77.87596422682941,119.555,32.14723379699698,32.42685811336568,11.480227847689907,57.35,14.512770374446015,14.511899307219556,1.609993380860653,25.845
2026-10-28 01:01:44,67.45368243600802,67.3343019876565,77.92423777887467,119.625,32.178774287606586,32.45750626533627,11.491197193540089,57.4,14.5174328005181,14.518306644256116,1.610565672202709,25.855
2026-10-28 01:16:44,67.52645082325868,67.41360872124989,78.01513194740706,119.765,32.2168060492863,32.503454969318234,11.507641896500902,57.48,14.542388525623997,14.541666856773553,1.6125094652901413,25.895
2026-10-28 01:31:44,67.59225430973414,67.46511937152518,78.07772694757844,119.87,32.237319580489135,32.52631568747989,11.515739882120867,57.525,14.548948685442944,14.548334331542808,1.6132304325852362,25.905
2026-10-28 01:46:44,67.68120959466921,67.54254883827838,78.16809505333705,120.01,32.27568043263148,32.55949968845908,11.528136489604345,57.585,14.561249201080228,14.563954752276391,1.6149760445230996,25.93
2026-10-28 02:01:44,67.76124666475047,67.62133315486872,78.27058227939058,120.165,32.31207700183857,32.588958698077924,11.540581461929754,57.64,14.581240168626417,14.582612528083535,1.6166401222723525,25.96
2026-10-28 02:16:44,67.87333185319758,67.7331027923871,78.40326527644396,120.37,32.355012858541706,32.63629042507284,11.558756226208407,57.725,14.591743393998895,14.593665138539865,1.6184494907776166,25.98
2026-10-28 02:31:44,67.9531060649773,67.80494017993816,78.48389187198741,120.5,32.36970214108356,32.65193811880917,11.563401151224523,57.75,14.593658691178215,14.597612901069061,1.6187817568245064,25.985
2026-10-28 02:46:44,68.05065936394985,67.90667703876375,78.5830356128317,120.67,32.42967372917388,32.719707184465236,11.584005422749271,57.85,14.60420703275258,14.616035099904204,1.6203894953443643,26.01
2026-10-28 03:01:44,68.08781775423795,67.94692914612611,78.63078598646813,120.74,32.468225833581776,32.75905203044319,11.595749258926729,57.91,14.618335052790343,14.627723521134943,1.6215891797974002,26.035
2026-10-28 03:16:44,68.19883974882771,68.06622123593297,78.76397508254045,120.955,32.521169438263854,32.81519089491349,11.616057707859069,58.01,14.637711502277572,14.645084311782108,1.6243149722542667,26.075
2026-10-28 03:31:44,68.30133225259809,68.16139756955413,78.88073603227602,121.14,32.55546202900254,32.84790670137177,11.628514842912473,58.07,14.646011107108869,14.657282985203821,1.6252611862100852,26.095
2026-10-28 03:46:44,68.39153492445814,68.24928187671038,78.98853449457997,121.31,32.56921488279332,32.86153010623893,11.632404280504371,58.09,14.649538831375441,14.661595537676353,1.6259046750242085,26.105
2026-10-28 04:01:44,68.47036966146099,68.33876784257612,79.08983919252206,121.465,32.62115196240168,32.91056215361913,11.652065582689476,58.185,14.659616664806096,14.669015220814599,1.6265920232639186,26.12
2026-10-28 04:16:44,68.6266091628944,68.48059046381614,79.26094199349386,121.73,32.66341709042333,32.94376010119232,11.664512633879433,58.255,14.679320064342106,14.68869271209556,1.629393275603764,26.16
2026-10-28 04:31:44,68.66196021390103,68.51036989325385,79.30353878650519,121.795,32.68124752090219,32.9653773702791,11.670838169759026,58.285,14.686775837492986,14.694005617240292,1.6302178562688405,26.175
2026-10-28 04:46:44,68.77185283693059,68.62422753272938,79.44375724765459,122.005,32.72437085945823,33.0179685819018,11.684164063341925,58.355,14.705219748732395,14.708075732970714,1.6331992497509262,26.22
2026-10-28 05:01:44,68.79950864248511,68.66013612822374,79.47989999588043,122.06,32.74111465794511,33.037137877764025,11.691916730094663,58.39,14.70908690554456,14.710105759279285,1.6334555894770957,26.225
2026-10-28 05:16:44,68.84371507935562,68.71521148374084,79.53748766988843,122.155,32.76290758489523,33.050930699673536,11.701390745549906,58.43,14.714081887247058,14.711747514142857,1.633778880664501,26.23
2026-10-28 05:31:44,68.93941946960473,68.7865300176926,79.63545357184269,122.3,32.79264564944291,33.089517502581884,11.714975586356875,58.5,14.722448841896316,14.718810352769601,1.6346456749071239,26.245
2026-10-28 05:46:44,68.98498556433975,68.82928903191534,79.68566852961965,122.385,32.79967486583495,33.098416851203616,11.717444667356043,58.515,14.732578280771845,14.726133857528199,1.6357149015622066,26.26
2026-10-28 06:01:44,69.03909527096586,68.88365102750694,79.75212448715381,122.49,32.83361112480212,33.132634404981665,11.729583482962955,58.575,14.734295072869797,14.729868090058089,1.6359190493309794,26.265
2026-10-28 06:16:44,69.08573755902347,68.93689136665449,79.80305133933204,122.575,32.847444047555946,33.14801537472161,11.734470715614913,58.6,14.73741468017942,14.733649171422828,1.6362902772941594,26.27
2026-10-28 06:31:44,69.1547482363265,69.01238453520386,79.88431116293384,122.71,32.90302742825152,33.20277589725984,11.75316783019938,58.69,14.743250514508382,14.74350101656211,1.6371684903491446,26.285
2026-10-28 06:46:44,69.3566703854494,69.18561332712888,80.09326642231945,123.04,33.01011809602757,33.30249074814746,11.786022024918458,58.855,14.775617112284044,14.77656500172901,1.6407516945508207,26.34
2026-10-28 07:01:44,69.45712413147702,69.28789177872865,80.21442965326753,123.225,33.05057584654066,33.35201089999712,11.805487409231059,58.945,14.786331462952162,14.787613797176977,1.6418017744442566,26.36
2026-10-28 07:16:44,69.56333893307205,69.38724023134579,80.32124482804987,123.39,33.102776066584475,33.40359296945832,11.820268584686817,59.03,14.803736438394184,14.803004369681108,1.643786639691443,26.39
2026-10-28 07:31:44,69.61356669644185,69.46201755725728,80.3885902500011,123.51,33.157504329770305,33.44594711616804,11.839281918862232,59.115,14.81828621253196,14.822302340213572,1.6458107386088334,26.425
2026-10-28 07:46:44,69.67753912095647,69.54130725794239,80.4675824778031,123.63,33.18366364624614,33.47674762775356,11.851764048729946,59.17,14.83251964757136,14.838666363675825,1.6478627902433316,26.455
2026-10-28 08:01:44,69.82374633331781,69.68480326355248,80.6561620584953,123.905,33.22374359151908,33.51545170381863,11.866053120530703,59.245,14.864063465335333,14.87380315282092,1.6518756786288835,26.52
2026-10-28 08:16:44,69.8523010453288,69.71120312865077,80.68653783145236,123.95,33.25370311663425,33.54200869500564,11.874151929434188,59.29,14.874417313197073,14.882945738740654,1.6530371986706993,26.54
2026-10-28 08:31:44,69.89653181043657,69.76386536588292,80.74566711616977,124.03,33.266986644286575,33.56049858032714,11.878965824287338,59.315,14.88182660124904,14.892899769339365,1.6542140502347384,26.555
2026-10-28 08:46:44,69.95278088113295,69.81422959017297,80.80489634553628,124.12,33.27454789245866,33.572003898236765,11.881535572945445,59.33,14.905422428934427,14.915073315010673,1.6560676682025517,26.59
2026-10-28 09:01:44,69.97685249095319,69.84777295163222,80.84011665671818,124.175,33.29179165520127,33.58901410695694,11.886433987746544,59.36,14.909848308318345,14.917459125851442,1.6565496324131062,26.595
2026-10-28 09:16:44,69.97685249095319,69.84777295163222,80.84011665671818,124.175,33.29179165520127,33.58901410695694,11.886433987746544,59.36,14.909848308318345,14.917459125851442,1.6565496324131062,26.595
2026-10-28 09:31:44,69.99253136519457,69.86531346888019,80.86121226524548,124.205,33.31268536554052,33.60396469147237,11.890679173312853,59.39,14.929257975003221,14.93173560000809,1.6576723716200503,26.62
2026-10-28 09:46:44,70.02128603955613,69.88404662893927,80.89165806648036,124.25,33.32053124868261,33.608524411617616,11.892794454922134,59.4,14.93053278574393,14.934348745494164,1.6580735106070659,26.625
2026-10-28 10:01:44,70.03965915702527,69.90292673761896,80.91029962840827,124.285,33.326149654829095,33.61581742802414,11.89539902439869,59.41,14.93053278574393,14.934348745494164,1.6580735106070659,26.625
2026-10-28 10:16:44,70.12864193702491,69.97624562667912,80.9978990263809,124.42,33.352294266838705,33.63349989391141,11.903611453683133,59.455,14.957797900214356,14.959048933727447,1.6607695338054858,26.665
2026-10-28 10:31:44,70.1416226943855,69.98328845510125,81.0105477382369,124.44,33.354569424163785,33.63784899434525,11.904153409512176,59.46,14.957797900214356,14.959048933727447,1.6607695338054858,26.665
2026-10-28 10:46:44,70.16636045116431,70.00928491295511,81.04233391366012,124.485,33.36409061797924,33.64494526693944,11.907182284216757,59.475,14.957797900214356,14.959048933727447,1.6607695338054858,26.665
2026-10-28 11:01:44,70.16984296066886,70.01129686717692,81.04822813919095,124.495,33.37141871286338,33.654859360448235,11.909762762653324,59.49,14.957797900214356,14.959048933727447,1.6607695338054858,26.665
2026-10-28 11:16:44,70.17504724102398,70.01733524532601,81.0563624697759,124.505,33.37141871286338,33.654859360448235,11.909762762653324,59.49,14.961223738851448,14.960573819082223,1.6612010247710831,26.67
2026-10-28 11:31:44,70.18626237676874,70.02613818934732,81.06361720706,124.52,33.37634333422013,33.65922962652096,11.91076998156699,59.495,14.967655352295663,14.96959335715557,1.6622880981332007,26.685
2026-10-28 11:46:44,70.2078685547272,70.0388850015484,81.0773963138666,124.545,33.37634333422013,33.65922962652096,11.91076998156699,59.495,14.972225083085272,14.974307893664736,1.663220436657313,26.695
2026-10-28 12:01:44,70.23147927924849,70.06108873469857,81.1053708152341,124.585,33.38140296415767,33.664093474887075,11.91201509674433,59.505,14.972225083085272,14.974307893664736,1.663220436657313,26.695
2026-10-28 12:16:44,70.25299548065435,70.08664609632152,81.13076535494699,124.63,33.38203412933653,33.66480296472392,11.912890668068304,59.51,14.974139693610741,14.977019346564466,1.663372081869939,26.7
