date,low_cpu,low_mem,low_num,low_ttl,mid_cpu,mid_mem,mid_num,mid_ttl,high_cpu,high_mem,high_num,high_ttl
2026-10-07 12:19:38,0.002004500413709172,0.0018587553427414044,0.004982469477974999,0.005,0.0,0.0,0.0,0.0,0.001052394460897295,0.002456874271225255,0.0004125732201694743,0.005
2026-10-07 12:34:38,0.011186101656545855,0.009284879073682443,0.01186260916044734,0.02,0.002286767744064073,0.00350687150997718,0.0009255372774989802,0.005,0.001052394460897295,0.002456874271225255,0.0004125732201694743,0.005
2026-10-07 12:49:38,0.023115247632080334,0.024303878297510885,0.027578310451091576,0.045,0.002286767744064073,0.00350687150997718,0.0009255372774989802,0.005,0.001052394460897295,0.002456874271225255,0.0004125732201694743,0.005
2026-10-07 13:04:38,0.036854506305794045,0.036081102562891515,0.03863058843293006,0.07,0.002286767744064073,0.00350687150997718,0.0009255372774989802,0.005,0.00436184896901551,0.005539703838069048,0.0008635281797619874,0.01
2026-10-07 13:19:38,0.03824950075354894,0.03971981725744172,0.044745608683025496,0.08,0.007869215180127022,0.01152657047894058,0.003312791573925676,0.015,0.00436184896901551,0.005539703838069048,0.0008635281797619874,0.01
2026-10-07 13:34:38,0.04388589274160523,0.04982684947973754,0.0527658966370023,0.095,0.012606316353830797,0.015997125653346274,0.00532188419429879,0.025,0.00436184896901551,0.005539703838069048,0.0008635281797619874,0.01
2026-10-07 13:49:38,0.054001917312620856,0.06132574526120023,0.06630550851179223,0.115,0.012606316353830797,0.015997125653346274,0.00532188419429879,0.025,0.00436184896901551,0.005539703838069048,0.0008635281797619874,0.01
2026-10-07 14:04:38,0.06802185888119405,0.07231999378552614,0.07691892407856536,0.135,0.012606316353830797,0.015997125653346274,0.00532188419429879,0.025,0.00816786617291297,0.0103393754791964,0.0012586536816538868,0.015
2026-10-07 14:19:38,0.08704346143717628,0.09814368150075792,0.09682301702063324,0.17,0.02372852166612935,0.03170462122693111,0.00935354989965759,0.045,0.00816786617291297,0.0103393754791964,0.0012586536816538868,0.015
2026-10-07 14:34:38,0.09773354956258339,0.11315842737420381,0.11100179101447119,0.195,0.03345212818580879,0.04181674380818119,0.011738853355438271,0.06,0.00816786617291297,0.0103393754791964,0.0012586536816538868,0.015
2026-10-07 14:49:38,0.10597218330852685,0.11995665306798085,0.11988436226508098,0.21,0.03345212818580879,0.04181674380818119,0.011738853355438271,0.06,0.00816786617291297,0.0103393754791964,0.0012586536816538868,0.015
2026-10-07 15:04:38,0.12059536626633836,0.13855832999345524,0.1387009993948341,0.24,0.03345212818580879,0.04181674380818119,0.011738853355438271,0.06,0.00816786617291297,0.0103393754791964,0.0012586536816538868,0.015
2026-10-07 15:19:38,0.1275263178566157,0.14218305604544818,0.143084767569281,0.25,0.03345212818580879,0.04181674380818119,0.011738853355438271,0.06,0.011062525003147958,0.015171708840177878,0.0013882585937354474,0.02
2026-10-07 15:34:38,0.13737360174457758,0.1538445633591712,0.15920091165778608,0.275,0.037596711455899844,0.04424192635623617,0.013112284830473862,0.065,0.011062525003147958,0.015171708840177878,0.0013882585937354474,0.02
2026-10-07 15:49:38,0.13737360174457758,0.1538445633591712,0.15920091165778608,0.275,0.037596711455899844,0.04424192635623617,0.013112284830473862,0.065,0.011062525003147958,0.015171708840177878,0.0013882585937354474,0.02
2026-10-07 16:04:38,0.14295463487455817,0.16208101786798762,0.16690001807713603,0.285,0.037596711455899844,0.04424192635623617,0.013112284830473862,0.065,0.02010589940122522,0.021677922100663702,0.0017777628697730067,0.03
2026-10-07 16:19:38,0.14436999528503117,0.16425700049632497,0.17016381243951934,0.29,0.037596711455899844,0.04424192635623617,0.013112284830473862,0.065,0.02010589940122522,0.021677922100663702,0.0017777628697730067,0.03
2026-10-07 16:34:38,0.1599533778367244,0.17550706705579752,0.18182593222113436,0.31,0.03946707818223978,0.04878984456729339,0.014722364461161442,0.075,0.023908626376119794,0.026370719009590093,0.0021754915508786295,0.035
2026-10-07 16:49:38,0.1665173406574122,0.18420370844735998,0.19130228405755562,0.325,0.03946707818223978,0.04878984456729339,0.014722364461161442,0.075,0.023908626376119794,0.026370719009590093,0.0021754915508786295,0.035
2026-10-07 17:04:38,0.17372595308200403,0.18965158401571103,0.20059919586686176,0.34,0.040159723546296634,0.0515407376925464,0.01621992343394216,0.08,0.023908626376119794,0.026370719009590093,0.0021754915508786295,0.035
2026-10-07 17:19:38,0.19196182001990236,0.2054901064556475,0.2168960202299886,0.37,0.04297495696838759,0.05968410793584849,0.01868145570776433,0.09,0.023908626376119794,0.026370719009590093,0.0021754915508786295,0.035
2026-10-07 17:34:38,0.20161250290557386,0.21163360729115194,0.22441813331539662,0.385,0.05273337134932931,0.06549228438356533,0.021616251600893883,0.105,0.023908626376119794,0.026370719009590093,0.0021754915508786295,0.035
2026-10-07 17:49:38,0.20785617045902036,0.2224175945331008,0.2340962848778383,0.4,0.05273337134932931,0.06549228438356533,0.021616251600893883,0.105,0.023908626376119794,0.026370719009590093,0.0021754915508786295,0.035
2026-10-07 18:04:38,0.213597099090946,0.23626270658826998,0.24067890133519926,0.415,0.05451806112476825,0.07036509159370848,0.02383661668684969,0.115,0.023908626376119794,0.026370719009590093,0.0021754915508786295,0.035
2026-10-07 18:19:38,0.24850753174298812,0.26067735973515266,0.2824665190030316,0.475,0.06368712743358294,0.08079016288562824,0.027431919055310408,0.135,0.023908626376119794,0.026370719009590093,0.0021754915508786295,0.035
2026-10-07 18:34:38,0.2689553717284538,0.2808399396677595,0.3076214889597637,0.51,0.06542480700059343,0.0818891980220302,0.028041637977895207,0.14,0.02583918952776939,0.0312407951050988,0.002531391485915823,0.04
2026-10-07 18:49:38,0.29101706232774577,0.3106685476299241,0.34371157503085664,0.555,0.07568326402071253,0.09051328677575511,0.03232102064614033,0.16,0.030224230008675235,0.03574028605502051,0.002990992497179532,0.045
2026-10-07 19:04:38,0.3187609407907238,0.3453690668810905,0.37904542073860437,0.605,0.07708094109630373,0.0950094504877205,0.033489605226086745,0.165,0.03873722688449972,0.04070611379667203,0.0035519221498734868,0.055
2026-10-07 19:19:38,0.35003091442177925,0.37827698053621805,0.4119518534005663,0.66,0.0857418521372924,0.10977916532990416,0.03895384865709668,0.19,0.04968623142629326,0.0531005395527415,0.0049412072234193095,0.075
2026-10-07 19:34:38,0.38527303886302905,0.40842187748171555,0.4515116138342899,0.725,0.10211888478581418,0.12404383541151182,0.043643792190784056,0.215,0.04968623142629326,0.0531005395527415,0.0049412072234193095,0.075
2026-10-07 19:49:38,0.4012559948029033,0.42709386770477353,0.480119841664209,0.76,0.1103159999845883,0.13162670804862533,0.04643037912903325,0.23,0.0558884022565974,0.056998113025802766,0.005822879928404916,0.085
2026-10-07 20:04:38,0.42847871639863633,0.44557809222669453,0.5041456095132082,0.8,0.1103159999845883,0.13162670804862533,0.04643037912903325,0.23,0.0558884022565974,0.056998113025802766,0.005822879928404916,0.085
2026-10-07 20:19:38,0.45719198088674884,0.4816020045354717,0.5426324937659412,0.86,0.12481307264419388,0.14108964210455852,0.05118203755543232,0.255,0.07032793774426392,0.07012887737143979,0.007534230937468404,0.11
2026-10-07 20:34:38,0.4997709810532675,0.5393317012953524,0.5836674088667836,0.94,0.17076408197133408,0.18226535250701809,0.06541268036946528,0.335,0.07032793774426392,0.07012887737143979,0.007534230937468404,0.11
2026-10-07 20:49:38,0.5427974346835777,0.5857469823941824,0.6342253195837725,1.02,0.18712289396471185,0.19350479431608958,0.07126794967871058,0.365,0.08481151222691109,0.08005957023608451,0.008365628742011888,0.13
2026-10-07 21:04:38,0.6057544946655472,0.6327313768191046,0.6977352978755649,1.115,0.2009914014954605,0.21504491562711692,0.0773584255020828,0.395,0.09860647041669303,0.097856850424313,0.010625474705999387,0.16
2026-10-07 21:19:38,0.6745136055221823,0.6914532591014252,0.7737358245784345,1.24,0.22872567307666547,0.23891809968865005,0.08613880066823063,0.435,0.10560073918535112,0.11349896741657403,0.011808948591771248,0.18
2026-10-07 21:34:38,0.7284244157022154,0.73465473704926,0.8275349183533119,1.325,0.2410159367791229,0.2511417305256508,0.09139922083262876,0.46,0.11385134864067896,0.12322972330757159,0.0128927584812357,0.2
2026-10-07 21:49:38,0.7612756234320949,0.7590047028638592,0.8595527797518355,1.37,0.2515060400750989,0.26067171033883474,0.09665868681091523,0.485,0.11794442431446868,0.12548500024156248,0.013309959723903855,0.205
2026-10-07 22:04:38,0.7752305152252678,0.7786656550345734,0.8822907421441343,1.405,0.2584280918844215,0.2697459885124363,0.09941375217818328,0.5,0.12542424420593126,0.130476401203183,0.013763886411492475,0.215
2026-10-07 22:19:38,0.8090514828474825,0.8097573590872682,0.9224260323760505,1.46,0.2786955468296385,0.2895149048378507,0.1051917409382858,0.53,0.13378742843655628,0.1429954750031315,0.015016569098416336,0.235
2026-10-07 22:34:38,0.8448248850782878,0.8449486589554207,0.9631258818671566,1.52,0.28588327829066856,0.2945924374475827,0.10782187559293283,0.545,0.13975179568196222,0.15272258573388542,0.015803271314347774,0.25
2026-10-07 22:49:38,0.8701540842337515,0.8755623550901119,0.9928591054175462,1.565,0.304162240005299,0.31037941354119813,0.11448215504250468,0.575,0.1462830107172636,0.1579033682716925,0.016414207031083948,0.26
2026-10-07 23:04:38,0.8924368435630173,0.9031831613511719,1.0275608042753968,1.615,0.3159005664283049,0.32514844335487053,0.11864789862602573,0.6,0.15396010639748056,0.16417100871896398,0.017470559595321677,0.275
2026-10-07 23:19:38,0.9501888015200973,0.955909767346577,1.100383552115309,1.72,0.3360266437276843,0.34239415398267464,0.12464875463105843,0.635,0.16403120482267533,0.17656696285148749,0.01872508040763515,0.3
2026-10-07 23:34:38,0.964501939826577,0.9796354468887816,1.124868825659935,1.755,0.33684605950540214,0.3472037063846785,0.12515898803113323,0.64,0.1654600570507959,0.17933771862543132,0.019181473822255796,0.305
2026-10-07 23:49:38,0.964501939826577,0.9796354468887816,1.124868825659935,1.755,0.33684605950540214,0.3472037063846785,0.12515898803113323,0.64,0.1694851814866667,0.18195501352760252,0.019649787366261533,0.31
2026-10-08 00:04:38,1.0032167975604225,1.013692786425711,1.1603382916237759,1.81,0.3472706015985954,0.3612454318507589,0.13090555280036137,0.665,0.17405218833284997,0.18457234365447225,0.020088177760980173,0.315
2026-10-08 00:19:38,1.0032167975604225,1.013692786425711,1.1603382916237759,1.81,0.3472706015985954,0.3612454318507589,0.13090555280036137,0.665,0.17405218833284997,0.18457234365447225,0.020088177760980173,0.315
2026-10-08 00:34:38,1.0114820199548185,1.0234411782534265,1.1671215741900676,1.82,0.3472706015985954,0.3612454318507589,0.13090555280036137,0.665,0.1772601217071707,0.18738583562477784,0.02036975337278418,0.32
2026-10-08 00:49:38,1.0130576850646271,1.0248664057482206,1.168938262671283,1.825,0.3485119513113112,0.364055671432214,0.13189431452884007,0.67,0.1772601217071707,0.18738583562477784,0.02036975337278418,0.32
2026-10-08 01:04:38,1.028157848746441,1.044993464202286,1.1896623770620816,1.86,0.35285382530882387,0.3655595086593076,0.13310974910816195,0.675,0.17943368196799733,0.19057466749776597,0.020726374883974056,0.325
2026-10-08 01:19:38,1.0525726403055904,1.0747600909901576,1.216903895469892,1.905,0.36300089333391733,0.3785231439247064,0.13749828372013856,0.695,0.18679837212805495,0.1988589436650885,0.02146335662632531,0.34
2026-10-08 01:34:38,1.0759899771374255,1.1041460720218421,1.2473549700609996,1.955,0.36754859050717503,0.38602756857983095,0.14102341152576853,0.71,0.19082470414684954,0.20340598422747325,0.02191508292604594,0.345
2026-10-08 01:49:38,1.113839893184361,1.1439138391009567,1.30003576758588,2.03,0.39326861493276943,0.4026026075941785,0.14837059409215195,0.745,0.1981625321875739,0.20928142197907576,0.022747709848529092,0.355
2026-10-08 02:04:38,1.1467901300320897,1.1790125620853533,1.3439055525787076,2.1,0.4189354059166366,0.43041667733003175,0.1594354646977318,0.795,0.20406516995217264,0.21167147074698825,0.02309639167438552,0.365
2026-10-08 02:19:38,1.2162809539078616,1.2369365634351028,1.4150188082587678,2.21,0.43741122406671384,0.451472231434602,0.16676929929089065,0.835,0.2164326577823677,0.22547867270381605,0.024412672167664736,0.385
2026-10-08 02:34:38,1.240219252520151,1.2637344933838672,1.446784629898183,2.26,0.4622061192446616,0.46797872319988015,0.17352874022730583,0.875,0.22265363769326077,0.23058173308072002,0.025401957961586927,0.4
2026-10-08 02:49:38,1.278276380265143,1.3084088786015649,1.4995582537554966,2.345,0.4805461939978071,0.4855750267954088,0.18146756555374063,0.91,0.2317186731104667,0.24312165830845583,0.0260561440020454,0.415
2026-10-08 03:04:38,1.3133465978941745,1.3465228060504726,1.5415864864834403,2.41,0.4977137786734528,0.4996581481730832,0.1882051710773644,0.945,0.24001222101866918,0.2573647261151493,0.026963614354213395,0.43
2026-10-08 03:19:38,1.3833107680240542,1.398284127648224,1.61170477271775,2.515,0.5175599812727895,0.5213675658363318,0.1954909567898831,0.985,0.2513370249288713,0.2685406599022399,0.02818338052255904,0.445
2026-10-08 03:34:38,1.4488911673183344,1.4628473185227318,1.692266520278858,2.645,0.5426467771966291,0.5466439028739286,0.20312864275772363,1.03,0.2720660688065667,0.29120122918847047,0.03139241453118972,0.49
2026-10-08 03:49:38,1.4940691681155795,1.4993345170122017,1.7410306961699817,2.715,0.5588154560590327,0.5635021425246002,0.2094438428489333,1.06,0.2820050975218181,0.30331443120901375,0.03223231756514386,0.51
2026-10-08 04:04:38,1.554393853876535,1.5508937778400336,1.811686157441911,2.825,0.5879324362761078,0.5890147791030202,0.21762521160478843,1.105,0.2916424496691596,0.31204682045310267,0.03297724937384644,0.52
2026-10-08 04:19:38,1.613309297122075,1.6290035504666063,1.8929535505721686,2.945,0.598194833586833,0.6058755396520357,0.2222812003465314,1.13,0.2955017048743323,0.320292553136733,0.03376192376773064,0.53
2026-10-08 04:34:38,1.6890584578595056,1.689151397669959,1.9747563154017245,3.065,0.6391525899682609,0.6551079904096948,0.23481894037361248,1.2,0.31683696992416477,0.35076678795739924,0.03691224130458633,0.575
2026-10-08 04:49:38,1.7215932610626157,1.7315126259578295,2.0284187133461655,3.14,0.6550677235659984,0.6758973379768375,0.240427810473054,1.235,0.33666663228325333,0.37439466693880946,0.03935580639387546,0.605
2026-10-08 05:04:38,1.7727998662327622,1.7848774031471302,2.093667905611219,3.24,0.6744158663983352,0.6967109766925971,0.24451393177095548,1.265,0.3419163634486451,0.38150505197550355,0.03993879500769754,0.615
2026-10-08 05:19:38,1.8592597005325262,1.8775143048757708,2.1901620785077895,3.405,0.7109363733268121,0.7356793923969102,0.2562502518119062,1.33,0.3611520832414361,0.3929257205238436,0.0418024520952932,0.645
2026-10-08 05:34:38,1.9763193128370082,2.005381297151883,2.317276046514442,3.605,0.7376402141930652,0.764661740566866,0.26803592858883674,1.385,0.40025294944796297,0.42902521453507697,0.045247712705709535,0.705
2026-10-08 05:49:38,2.062233381677409,2.106588026498726,2.4243453599434783,3.775,0.7658890020198109,0.7889663530292189,0.27630534562040926,1.43,0.4150421661579097,0.4358774134633046,0.04624198515388244,0.725
2026-10-08 06:04:38,2.1389007771269166,2.1621582662805054,2.4967924529864014,3.885,0.8035893662734919,0.8249548235639107,0.29013494243999366,1.5,0.43150412713978775,0.4540260938132695,0.04851034701937215,0.755
2026-10-08 06:19:38,2.238670719448479,2.2605445731963516,2.6072941850841054,4.045,0.8458105765317,0.8772490390984817,0.3094898319523623,1.595,0.4407776393743199,0.46211229155039524,0.04944599387662595,0.77
2026-10-08 06:34:38,2.3491930696693983,2.35805737898772,2.721410645454038,4.235,0.9032315080313008,0.9287525512981503,0.3308118524491474,1.69,0.4524304314445234,0.47432789138080816,0.05047495497226104,0.79
2026-10-08 06:49:38,2.4017027454850113,2.397669606258939,2.7750491218538915,4.32,0.9207637549155012,0.9504215742112264,0.33786295667879035,1.73,0.46338399503133443,0.4923131154806784,0.05195082666204775,0.815
2026-10-08 07:04:38,2.472658429675354,2.456364166270098,2.858542992043964,4.445,0.9665120498690459,0.9899243880088444,0.3508373576014693,1.8,0.47327670723033655,0.5042942025885633,0.052881075219454024,0.835
2026-10-08 07:19:38,2.537009699486008,2.518180886169767,2.931504978771709,4.55,0.9893012034355173,1.0175334573864483,0.36058899168613684,1.85,0.4857766001370914,0.5105759503160295,0.054198488192379796,0.855
2026-10-08 07:34:38,2.598319641487858,2.5726001935170193,2.9841737373135584,4.64,1.0093133359604296,1.0411325576191197,0.3668948228080353,1.885,0.4997523340781862,0.523260221629912,0.05541755234571044,0.88
2026-10-08 07:49:38,2.6488372945955376,2.6296900905849045,3.037967928521556,4.73,1.0418588008009877,1.0725315027168887,0.37811042026733743,1.94,0.5037834935159293,0.5337093062998299,0.056262421422816636,0.895
2026-10-08 08:04:38,2.7607660935920997,2.731735124001731,3.174771985556864,4.93,1.0960123319608819,1.1220786697766494,0.39642154409494046,2.035,0.5194114652739602,0.560379265251408,0.0592273844724148,0.935
2026-10-08 08:19:38,2.8620132603955164,2.8373378151972024,3.288694266336039,5.12,1.1557855895947928,1.180724273806205,0.41697056597758964,2.145,0.5419460101937372,0.5777838002651682,0.06144126451906742,0.97
2026-10-08 08:34:38,2.9321625520662065,2.9070482932466457,3.3718504810651964,5.24,1.1907674588277675,1.2209090321969072,0.4308302710920704,2.215,0.5618081360000079,0.594291107350643,0.06322760451068118,1.0
2026-10-08 08:49:38,3.024201383580061,3.0061006984274106,3.4867836815954334,5.415,1.2210217027483101,1.257850267293402,0.44374437023749075,2.28,0.5723422162352945,0.6110447718246645,0.06448296343263824,1.02
2026-10-08 09:04:38,3.0414023077838,3.020321517904856,3.5058064526183883,5.445,1.2321524334896778,1.2661657076822344,0.44790779848836104,2.295,0.5723422162352945,0.6110447718246645,0.06448296343263824,1.02
2026-10-08 09:19:38,3.0945458682573688,3.0756969119902404,3.5620188501949217,5.535,1.2630426233133765,1.2864423812374959,0.4577404448254695,2.34,0.5755364828341981,0.6138635150059819,0.06514189504715928,1.03
2026-10-08 09:34:38,3.135756349451867,3.114051628161456,3.604851788712792,5.605,1.2888910538620462,1.3260595416723018,0.4686457938578166,2.4,0.5804782467850728,0.6164534593037376,0.06541067628724306,1.035
2026-10-08 09:49:38,3.202307737572513,3.1690162039768097,3.677276511846058,5.72,1.304021974489488,1.339504146975906,0.4746708229111215,2.425,0.5825398751543419,0.6185696276870969,0.06581926137429431,1.04
2026-10-08 10:04:38,3.202307737572513,3.1690162039768097,3.677276511846058,5.72,1.304021974489488,1.339504146975906,0.4746708229111215,2.425,0.5825398751543419,0.6185696276870969,0.06581926137429431,1.04
2026-10-08 10:19:38,3.228312504539966,3.1885469554744756,3.708493935248727,5.76,1.3063419059652175,1.3427479954176427,0.4751927505445103,2.43,0.5910713481498322,0.6278997165644935,0.0665247189056509,1.055
2026-10-08 10:34:38,3.228312504539966,3.1885469554744756,3.708493935248727,5.76,1.3110116981053712,1.3448936463378522,0.4764791741194891,2.435,0.595533525674482,0.6300026794142246,0.0669603307660951,1.06
2026-10-08 10:49:38,3.2424051161220246,3.2030279537232507,3.7215619737044916,5.78,1.3183074126607708,1.352403834270526,0.47991755604720304,2.45,0.5972764288680152,0.6306844195098594,0.06725078395510946,1.065
2026-10-08 11:04:38,3.2424051161220246,3.2030279537232507,3.7215619737044916,5.78,1.3183074126607708,1.352403834270526,0.47991755604720304,2.45,0.5972764288680152,0.6306844195098594,0.06725078395510946,1.065
2026-10-08 11:19:38,3.2424051161220246,3.2030279537232507,3.7215619737044916,5.78,1.3183074126607708,1.352403834270526,0.47991755604720304,2.45,0.5972764288680152,0.6306844195098594,0.06725078395510946,1.065
2026-10-08 11:34:38,3.2424051161220246,3.2030279537232507,3.7215619737044916,5.78,1.3224501677035958,1.3558775117966273,0.4810789294899954,2.455,0.5972764288680152,0.6306844195098594,0.06725078395510946,1.065
2026-10-08 11:49:38,3.260353296842735,3.217843704939475,3.7386898070253083,5.805,1.3224501677035958,1.3558775117966273,0.4810789294899954,2.455,0.5972764288680152,0.6306844195098594,0.06725078395510946,1.065
2026-10-08 12:04:38,3.2715926163360565,3.2289255099845624,3.754722290848352,5.825,1.3237791429890282,1.3599109037032984,0.4820337738584173,2.46,0.6019101599058171,0.634408917964275,0.06764964589384713,1.07
2026-10-08 12:19:38,3.274027784131401,3.2309052534467493,3.758611114408003,5.83,1.3237791429890282,1.3599109037032984,0.4820337738584173,2.46,0.6019101599058171,0.634408917964275,0.06764964589384713,1.07
2026-10-08 12:34:38,3.279396918800274,3.2361514374613995,3.7722352020145595,5.845,1.3237791429890282,1.3599109037032984,0.4820337738584173,2.46,0.6019101599058171,0.634408917964275,0.06764964589384713,1.07
2026-10-08 12:49:38,3.2802940879841977,3.240221719288777,3.7754875936536765,5.85,1.3276266362271947,1.3611543373384085,0.4835018326881448,2.465,0.6019101599058171,0.634408917964275,0.06764964589384713,1.07
2026-10-08 13:04:38,3.2959768003093313,3.2534773696280235,3.792123881706889,5.87,1.3324141766397612,1.3658909358697375,0.48416099990757633,2.47,0.6019101599058171,0.634408917964275,0.06764964589384713,1.07
2026-10-08 13:19:38,3.303782326694272,3.259770316856291,3.799401891635625,5.88,1.3324141766397612,1.3658909358697375,0.48416099990757633,2.47,0.6019101599058171,0.634408917964275,0.06764964589384713,1.07
2026-10-08 13:34:38,3.303782326694272,3.259770316856291,3.799401891635625,5.88,1.3324141766397612,1.3658909358697375,0.48416099990757633,2.47,0.6019101599058171,0.634408917964275,0.06764964589384713,1.07
2026-10-08 13:49:38,3.303782326694272,3.259770316856291,3.799401891635625,5.88,1.3324141766397612,1.3658909358697375,0.48416099990757633,2.47,0.6019101599058171,0.634408917964275,0.06764964589384713,1.07
2026-10-08 14:04:38,3.3146172450678884,3.2681667798313456,3.8070830984051933,5.9,1.3331922781366685,1.3671780688594366,0.4846937114021356,2.475,0.6019101599058171,0.634408917964275,0.06764964589384713,1.07
2026-10-08 14:19:38,3.3256446440630354,3.288676823422915,3.830953523886569,5.935,1.3339590829021146,1.3686812437177442,0.4858146548990992,2.48,0.6019101599058171,0.634408917964275,0.06764964589384713,1.07
2026-10-08 14:34:38,3.3278840289781106,3.2894001668394517,3.83256157136063,5.94,1.3360002764370589,1.3706373176644822,0.4871759459087925,2.485,0.6019101599058171,0.634408917964275,0.06764964589384713,1.07
2026-10-08 14:49:38,3.3360633003073223,3.294700833384294,3.8398621513963995,5.95,1.3360002764370589,1.3706373176644822,0.4871759459087925,2.485,0.6037183684203098,0.6388635219216778,0.06784820329435039,1.075
2026-10-08 15:04:38,3.345702531617503,3.3067337791065294,3.8531705877256157,5.97,1.3386993927389839,1.3745791844167725,0.48773633098559116,2.49,0.6037183684203098,0.6388635219216778,0.06784820329435039,1.075
2026-10-08 15:19:38,3.3546093033014452,3.3135583700434057,3.8608479714352235,5.985,1.3473835973781465,1.3808322726066475,0.49081433460838914,2.505,0.6037183684203098,0.6388635219216778,0.06784820329435039,1.075
2026-10-08 15:34:38,3.3721013928732875,3.3240459321067273,3.880595185268961,6.015,1.3580725671732872,1.3907158770265748,0.4937508103830959,2.52,0.6037183684203098,0.6388635219216778,0.06784820329435039,1.075
2026-10-08 15:49:38,3.378163426589233,3.331696432531824,3.887711706280471,6.025,1.3580725671732872,1.3907158770265748,0.4937508103830959,2.52,0.6037183684203098,0.6388635219216778,0.06784820329435039,1.075
2026-10-08 16:04:38,3.3816752296785166,3.3427811340148765,3.900001989654107,6.04,1.3615157070394404,1.3913829982935322,0.4952174763586797,2.525,0.6037183684203098,0.6388635219216778,0.06784820329435039,1.075
2026-10-08 16:19:38,3.3850376144773726,3.3465081330870885,3.9036138254897774,6.045,1.3634895676607073,1.394925761556008,0.496700853095684,2.53,0.6037183684203098,0.6388635219216778,0.06784820329435039,1.075
2026-10-08 16:34:38,3.3850376144773726,3.3465081330870885,3.9036138254897774,6.045,1.365847516557048,1.398481130117064,0.497450474364418,2.535,0.6037183684203098,0.6388635219216778,0.06784820329435039,1.075
2026-10-08 16:49:38,3.3971287492773428,3.358999082783532,3.9151366661954325,6.065,1.3671752505406232,1.4019762971838126,0.4987609968967311,2.54,0.6073560694833601,0.6415484150162045,0.06811993661530007,1.08
2026-10-08 17:04:38,3.3998428377150254,3.3637192175647352,3.9196565107388497,6.07,1.3680803975602378,1.4028749002802336,0.4997541617500674,2.545,0.6073560694833601,0.6415484150162045,0.06811993661530007,1.08
2026-10-08 17:19:38,3.3998428377150254,3.3637192175647352,3.9196565107388497,6.07,1.3744059644030846,1.4077902348443154,0.5016747782375292,2.555,0.6073560694833601,0.6415484150162045,0.06811993661530007,1.08
2026-10-08 17:34:38,3.4028198203739906,3.3676191523925074,3.922091019062455,6.075,1.3744059644030846,1.4077902348443154,0.5016747782375292,2.555,0.6108469361137285,0.642437812499793,0.06846481695500443,1.085
2026-10-08 17:49:38,3.4028198203739906,3.3676191523925074,3.922091019062455,6.075,1.3744059644030846,1.4077902348443154,0.5016747782375292,2.555,0.6108469361137285,0.642437812499793,0.06846481695500443,1.085
2026-10-08 18:04:38,3.422983339857364,3.3869468658540183,3.9402436368802527,6.11,1.3861751035332,1.4195556097451016,0.5042662968169291,2.57,0.6108469361137285,0.642437812499793,0.06846481695500443,1.085
2026-10-08 18:19:38,3.453281036359931,3.414293906378974,3.9766061575969824,6.165,1.3895368120602871,1.4211461979009354,0.5049142159650528,2.575,0.6108469361137285,0.642437812499793,0.06846481695500443,1.085
2026-10-08 18:34:38,3.453281036359931,3.414293906378974,3.9766061575969824,6.165,1.3895368120602871,1.4211461979009354,0.5049142159650528,2.575,0.6108469361137285,0.642437812499793,0.06846481695500443,1.085
2026-10-08 18:49:38,3.4677500284879876,3.4224542767433386,3.988576329330257,6.185,1.4042025846289747,1.4329745484074845,0.5087963598095728,2.595,0.6130204032385944,0.643243795711996,0.06887713973160822,1.09
2026-10-08 19:04:38,3.5044904624242417,3.4486321857787265,4.02308390461083,6.235,1.4082596220761414,1.437320620473936,0.5094807753258924,2.6,0.6144058622194041,0.6473713212398222,0.06903311762832406,1.095
2026-10-08 19:19:38,3.5197318722968802,3.463234738465308,4.047390360632725,6.265,1.4153815990192662,1.4419119543378576,0.5118511943851131,2.61,0.6219382691914297,0.6527498089828502,0.06965852893651835,1.105
2026-10-08 19:34:38,3.5218397351473194,3.464142852315851,4.052046977555906,6.27,1.4209759254289962,1.4473521654722352,0.5137780461772771,2.62,0.6259911788232502,0.6540413684723344,0.07004065216977358,1.11
2026-10-08 19:49:38,3.532620583302639,3.4752071521906833,4.0692006450276725,6.295,1.423996732717812,1.4503205026519572,0.5150878919676399,2.625,0.6259911788232502,0.6540413684723344,0.07004065216977358,1.11
2026-10-08 20:04:38,3.5419651632187716,3.489232856916019,4.082411625539455,6.32,1.4311027668435776,1.4549722061250014,0.5174383942193069,2.635,0.6259911788232502,0.6540413684723344,0.07004065216977358,1.11
2026-10-08 20:19:38,3.555627981612436,3.505769521534916,4.103311355919336,6.35,1.4311027668435776,1.4549722061250014,0.5174383942193069,2.635,0.6259911788232502,0.6540413684723344,0.07004065216977358,1.11
2026-10-08 20:34:38,3.5660950180968087,3.5205696733416514,4.114434430088978,6.37,1.4528158701386014,1.4765184656831438,0.5245434432362387,2.675,0.6259911788232502,0.6540413684723344,0.07004065216977358,1.11
2026-10-08 20:49:38,3.5660950180968087,3.5205696733416514,4.114434430088978,6.37,1.4543058816268386,1.4815104005188595,0.5257443390188045,2.68,0.6282006623637668,0.6590030799226729,0.07047192304725669,1.115
2026-10-08 21:04:38,3.570520221088621,3.5238513235435502,4.119164490710176,6.375,1.4543058816268386,1.4815104005188595,0.5257443390188045,2.68,0.6319907647030832,0.6631194461503863,0.07099901869436764,1.125
2026-10-08 21:19:38,3.570520221088621,3.5238513235435502,4.119164490710176,6.375,1.4543058816268386,1.4815104005188595,0.5257443390188045,2.68,0.6319907647030832,0.6631194461503863,0.07099901869436764,1.125
2026-10-08 21:34:38,3.570520221088621,3.5238513235435502,4.119164490710176,6.375,1.4543058816268386,1.4815104005188595,0.5257443390188045,2.68,0.6319907647030832,0.6631194461503863,0.07099901869436764,1.125
2026-10-08 21:49:38,3.588333618016576,3.540485634279308,4.135802734412295,6.4,1.458811553391364,1.4934571685784035,0.5287453052319442,2.695,0.6319907647030832,0.6631194461503863,0.07099901869436764,1.125
2026-10-08 22:04:38,3.6373171510617444,3.580095786414994,4.192303151166233,6.49,1.4956284859746887,1.534964923335062,0.5420889201230337,2.76,0.6481591627763086,0.6874484855368431,0.07250087392705916,1.16
2026-10-08 22:19:38,3.669488391848657,3.624345248007903,4.22937904429403,6.555,1.5076208974015712,1.5498598450039627,0.5455908653142523,2.78,0.6562042482095674,0.6983087086926254,0.07347623917424262,1.18
2026-10-08 22:34:38,3.669488391848657,3.624345248007903,4.22937904429403,6.555,1.5076208974015712,1.5498598450039627,0.5455908653142523,2.78,0.6562042482095674,0.6983087086926254,0.07347623917424262,1.18
2026-10-08 22:49:38,3.669488391848657,3.624345248007903,4.22937904429403,6.555,1.5076208974015712,1.5498598450039627,0.5455908653142523,2.78,0.6562042482095674,0.6983087086926254,0.07347623917424262,1.18
2026-10-08 23:04:38,3.674482543157678,3.627532894501642,4.234224403415476,6.56,1.5106935200641693,1.5510111311558847,0.5466569848930266,2.785,0.6576963433377978,0.7009818042559064,0.07394890664845381,1.185
2026-10-08 23:19:38,3.674482543157678,3.627532894501642,4.234224403415476,6.56,1.5106935200641693,1.5510111311558847,0.5466569848930266,2.785,0.6576963433377978,0.7009818042559064,0.07394890664845381,1.185
2026-10-08 23:34:38,3.676153558346538,3.630105505805046,4.238715586270039,6.565,1.5307041104262977,1.570362184502903,0.553828840987161,2.815,0.6600788037301872,0.702836933347666,0.07426853918154444,1.19
2026-10-08 23:49:38,3.68670807524653,3.647183351955763,4.254062952729402,6.59,1.539511210387101,1.5774981797929482,0.5579266376958228,2.83,0.6633516624346403,0.7050242581807417,0.07465269141389193,1.195
2026-10-09 00:04:38,3.6971608596850056,3.6602237837269054,4.267807091805734,6.61,1.5438513128089617,1.5856528765521851,0.5603401044053957,2.84,0.6661596166120209,0.7093648868991288,0.07480142137675949,1.2
2026-10-09 00:19:38,3.6971608596850056,3.6602237837269054,4.267807091805734,6.61,1.5438513128089617,1.5856528765521851,0.5603401044053957,2.84,0.6661596166120209,0.7093648868991288,0.07480142137675949,1.2
2026-10-09 00:34:38,3.6971608596850056,3.6602237837269054,4.267807091805734,6.61,1.5438513128089617,1.5856528765521851,0.5603401044053957,2.84,0.6661596166120209,0.7093648868991288,0.07480142137675949,1.2
2026-10-09 00:49:38,3.6971608596850056,3.6602237837269054,4.267807091805734,6.61,1.5438513128089617,1.5856528765521851,0.5603401044053957,2.84,0.6661596166120209,0.7093648868991288,0.07480142137675949,1.2
2026-10-09 01:04:38,3.71447932370588,3.68858966767916,4.287904671352932,6.645,1.5737834687440861,1.603842049008308,0.5700520386964366,2.885,0.6775272155089378,0.719519161728051,0.07567096193887192,1.215
2026-10-09 01:19:38,3.737950952812114,3.7089656809964633,4.3129885125202865,6.68,1.5832041274682962,1.6142574834677186,0.5734920594791083,2.9,0.6897766615830476,0.7367242772418847,0.077134948790997,1.24
2026-10-09 01:34:38,3.772937859873193,3.748775344400528,4.363186756131221,6.745,1.601422708629032,1.630361434822281,0.5789555178878473,2.93,0.698188823164056,0.7440975487832391,0.07794966674198073,1.25
2026-10-09 01:49:38,3.832063575284177,3.8186446931246065,4.436941245128396,6.86,1.6443810910875152,1.6834143859171515,0.5970790864720249,3.02,0.7037438749492196,0.7533833615270045,0.07902598815281318,1.265
2026-10-09 02:04:38,3.8969854656048937,3.897336252449388,4.512019575743489,6.98,1.665594521626376,1.7034704331958994,0.6076121734046921,3.075,0.727646750188169,0.7759767563462685,0.08153970199263098,1.31
2026-10-09 02:19:38,3.9406453594766124,3.9369712515433575,4.562530458835066,7.055,1.6808434655407927,1.718402045846546,0.613353620313152,3.1,0.7405221160204489,0.7879871712918353,0.08332456746460135,1.335
2026-10-09 02:34:38,3.9948966932505683,3.9808860797846326,4.628761264966081,7.15,1.7158633582194684,1.7564262616387485,0.6263934045279438,3.17,0.7546967654442378,0.8063368161563776,0.08527526239227884,1.365
2026-10-09 02:49:38,4.025338108771187,4.010656776132188,4.663470842047214,7.205,1.7259404888667178,1.7657336782392183,0.6295362423813206,3.19,0.7684445363524778,0.8206631787782179,0.08717239560408038,1.395
2026-10-09 03:04:38,4.127286286856202,4.111571168008536,4.789022485242988,7.385,1.7587473543721375,1.810662450960101,0.6437855840198199,3.26,0.7783398611905775,0.8356100764967543,0.08829712495415579,1.415
2026-10-09 03:19:38,4.164724105104652,4.15242019586344,4.833636634422157,7.45,1.7818113327136205,1.8268344663647333,0.6519856314974956,3.3,0.7963857218229095,0.8528528624679543,0.09005145030645356,1.44
2026-10-09 03:34:38,4.205435186845044,4.1904891400606274,4.8724440225562695,7.515,1.7981396540457573,1.8391856120823507,0.6582738283078453,3.33,0.7991075873635333,0.8577908218625891,0.09064865738814641,1.45
2026-10-09 03:49:38,4.239407835406567,4.22577171420638,4.913275766089203,7.58,1.8083260159080061,1.8495773892726695,0.6638645924349635,3.355,0.7991075873635333,0.8577908218625891,0.09064865738814641,1.45
2026-10-09 04:04:38,4.251053248185977,4.239461219246471,4.930796765295557,7.605,1.8146756235151398,1.8552398197002182,0.6661067050156445,3.365,0.7991075873635333,0.8577908218625891,0.09064865738814641,1.45
2026-10-09 04:19:38,4.276971696229938,4.263885704534483,4.961506774939745,7.645,1.8438861998114235,1.8876995489602537,0.6759374848864955,3.415,0.8097638064235987,0.8702497278813465,0.09153874810197928,1.465
2026-10-09 04:34:38,4.310014611944763,4.2938151592339935,4.994992203574868,7.7,1.8646846322224144,1.906173999517322,0.6819962662886295,3.445,0.8143018549889616,0.8803662358773977,0.09237804642332807,1.48
2026-10-09 04:49:38,4.310014611944763,4.2938151592339935,4.994992203574868,7.7,1.8646846322224144,1.906173999517322,0.6819962662886295,3.445,0.8143018549889616,0.8803662358773977,0.09237804642332807,1.48
2026-10-09 05:04:38,4.310014611944763,4.2938151592339935,4.994992203574868,7.7,1.8646846322224144,1.906173999517322,0.6819962662886295,3.445,0.8143018549889616,0.8803662358773977,0.09237804642332807,1.48
2026-10-09 05:19:38,4.310014611944763,4.2938151592339935,4.994992203574868,7.7,1.8646846322224144,1.906173999517322,0.6819962662886295,3.445,0.8143018549889616,0.8803662358773977,0.09237804642332807,1.48
2026-10-09 05:34:38,4.310014611944763,4.2938151592339935,4.994992203574868,7.7,1.8646846322224144,1.906173999517322,0.6819962662886295,3.445,0.8143018549889616,0.8803662358773977,0.09237804642332807,1.48
2026-10-09 05:49:38,4.313791683650567,4.300180105018189,5.000215583850904,7.71,1.8646846322224144,1.906173999517322,0.6819962662886295,3.445,0.8143018549889616,0.8803662358773977,0.09237804642332807,1.48
2026-10-09 06:04:38,4.327520350179743,4.31944371293232,5.01853048491734,7.735,1.8730925561437717,1.9123618360195231,0.685372870303753,3.46,0.8143018549889616,0.8803662358773977,0.09237804642332807,1.48
2026-10-09 06:19:38,4.379215993146668,4.376242217870205,5.0723465166451245,7.82,1.9049566311032364,1.9407143217606362,0.6931641285494891,3.505,0.8235653654744098,0.8902371705883037,0.09314632960401319,1.495
2026-10-09 06:34:38,4.379215993146668,4.376242217870205,5.0723465166451245,7.82,1.9049566311032364,1.9407143217606362,0.6931641285494891,3.505,0.8235653654744098,0.8902371705883037,0.09314632960401319,1.495
2026-10-09 06:49:38,4.379215993146668,4.376242217870205,5.0723465166451245,7.82,1.9049566311032364,1.9407143217606362,0.6931641285494891,3.505,0.8235653654744098,0.8902371705883037,0.09314632960401319,1.495
2026-10-09 07:04:38,4.423858946987595,4.414043934778324,5.120504360797728,7.895,1.9262913347656785,1.9635779711116104,0.6995951622416609,3.54,0.8333637285381378,0.8931633857890919,0.0935187845540394,1.505
2026-10-09 07:19:38,4.479486169110574,4.472653101285011,5.188485971932092,8.005,1.9450176624097142,1.9819507955532227,0.7066716436764524,3.575,0.8487352573800078,0.89858501830034,0.09499304326762101,1.525
2026-10-09 07:34:38,4.543606468891797,4.5350044207547535,5.2790545492977765,8.14,1.9747476557556927,2.0257614438856906,0.720209310570196,3.635,0.8586471684778428,0.9062712967089047,0.09616981872590617,1.54
2026-10-09 07:49:38,4.621094181385114,4.621962498690481,5.367878039563721,8.275,2.017817505818599,2.072701519476492,0.7350346354856802,3.715,0.880220037946373,0.9283754888012318,0.0987570847974555,1.58
2026-10-09 08:04:38,4.685313666839949,4.689807619687955,5.442143175873831,8.395,2.0374092728626647,2.1064838503339782,0.7476887027566109,3.775,0.8930569507335844,0.9381384697923674,0.09968255255367175,1.6
2026-10-09 08:19:38,4.763413861892664,4.77016637586696,5.541420760718034,8.53,2.074009384124908,2.1376031506535864,0.7589891377253015,3.83,0.8988849587239012,0.9440048949074509,0.10046891158920829,1.61
2026-10-09 08:34:38,4.85283158885265,4.8578189649117585,5.644232017263839,8.685,2.1151399423172927,2.180934628814364,0.7737981503315386,3.91,0.9104547275967622,0.953315746218272,0.10137939841534269,1.625
2026-10-09 08:49:38,4.896186620307185,4.913672486161897,5.711403556972262,8.785,2.148429676988546,2.2170213580838842,0.7874657205079967,3.985,0.919614532921398,0.9725884596877271,0.10299078823832575,1.65
2026-10-09 09:04:38,4.975202622384147,4.999430589622542,5.819241741782288,8.94,2.170442523648161,2.2403316555820747,0.7928537857992727,4.02,0.9408275040823948,1.0018240990029097,0.10622462308704701,1.7
2026-10-09 09:19:38,5.004091346310989,5.024966532022567,5.8493777968441405,8.985,2.185220290761486,2.2570736567962215,0.7981594849818843,4.05,0.946063831339017,1.0075920691489948,0.10727948617457504,1.715
2026-10-09 09:34:38,5.004091346310989,5.024966532022567,5.8493777968441405,8.985,2.185220290761486,2.2570736567962215,0.7981594849818843,4.05,0.946063831339017,1.0075920691489948,0.10727948617457504,1.715
2026-10-09 09:49:38,5.0060597432534095,5.028364673754156,5.851118319180189,8.99,2.185220290761486,2.2570736567962215,0.7981594849818843,4.05,0.9494930827865121,1.010622155795272,0.10774850192591157,1.72
2026-10-09 10:04:38,5.015246791558541,5.036537520091276,5.8597671989195295,9.005,2.1869772463012973,2.2616042634655846,0.798828618064186,4.055,0.9494930827865121,1.010622155795272,0.10774850192591157,1.72
2026-10-09 10:19:38,5.038114208563856,5.05514932096506,5.890306363622816,9.04,2.1869772463012973,2.2616042634655846,0.798828618064186,4.055,0.9494930827865121,1.010622155795272,0.10774850192591157,1.72
2026-10-09 10:34:38,5.054889261932735,5.07134886340013,5.907505877651126,9.07,2.189769509648337,2.270394499189935,0.8008232452625993,4.065,0.9494930827865121,1.010622155795272,0.10774850192591157,1.72
2026-10-09 10:49:38,5.0671281957429555,5.078921037212439,5.918814700248306,9.09,2.197125191001877,2.279116817545788,0.8021461211755958,4.075,0.9494930827865121,1.010622155795272,0.10774850192591157,1.72
2026-10-09 11:04:38,5.089735664888586,5.101986821665999,5.9492325374086645,9.135,2.209236208456775,2.2853169369507795,0.8048982317925605,4.09,0.9494930827865121,1.010622155795272,0.10774850192591157,1.72
2026-10-09 11:19:38,5.119676080100705,5.124775788149961,5.983703066446553,9.18,2.2220039809732617,2.3027701703409824,0.8109563204415624,4.12,0.9494930827865121,1.010622155795272,0.10774850192591157,1.72
2026-10-09 11:34:38,5.127429732646598,5.133102446916869,5.999413468327158,9.2,2.234004691676065,2.3155378115048917,0.8157269581477397,4.145,0.9494930827865121,1.010622155795272,0.10774850192591157,1.72
2026-10-09 11:49:38,5.145448523097706,5.146640839051541,6.015256179539736,9.23,2.2400295869453326,2.3209918006835655,0.8173808162556722,4.155,0.9494930827865121,1.010622155795272,0.10774850192591157,1.72
2026-10-09 12:04:38,5.1509781414049565,5.156270635996913,6.0309356508531975,9.25,2.249897844331439,2.3269336017369366,0.8214834429756329,4.175,0.9494930827865121,1.010622155795272,0.10774850192591157,1.72
2026-10-09 12:19:38,5.163971262698392,5.164527015961501,6.046908824915161,9.27,2.249897844331439,2.3269336017369366,0.8214834429756329,4.175,0.9494930827865121,1.010622155795272,0.10774850192591157,1.72
2026-10-09 12:34:38,5.173343480172955,5.171236361541277,6.0559942755125284,9.285,2.249897844331439,2.3269336017369366,0.8214834429756329,4.175,0.9505114357560873,1.0113148333478588,0.1081596622711897,1.725
2026-10-09 12:49:38,5.173343480172955,5.171236361541277,6.0559942755125284,9.285,2.249897844331439,2.3269336017369366,0.8214834429756329,4.175,0.9505114357560873,1.0113148333478588,0.1081596622711897,1.725
2026-10-09 13:04:38,5.179300721950736,5.180359381080283,6.066749506482254,9.305,2.254563185414443,2.331609613160004,0.8221476119070166,4.18,0.9505114357560873,1.0113148333478588,0.1081596622711897,1.725
2026-10-09 13:19:38,5.1893403068267725,5.194608284149859,6.074950348777332,9.32,2.254563185414443,2.331609613160004,0.8221476119070166,4.18,0.9505114357560873,1.0113148333478588,0.1081596622711897,1.725
2026-10-09 13:34:38,5.209847371956801,5.216507722036026,6.09747189244361,9.35,2.2703201038363328,2.3400079856679303,0.8269829454111081,4.2,0.95566542917397,1.0140789724291992,0.10863153451003109,1.735
2026-10-09 13:49:38,5.211908616349266,5.219660971312113,6.100566018029545,9.355,2.2749711818528806,2.343818745407749,0.8280105200734236,4.205,0.9594037414014526,1.015358658475487,0.10893478303064144,1.74
2026-10-09 14:04:38,5.224203745301138,5.232609655612303,6.120224092629159,9.38,2.2749711818528806,2.343818745407749,0.8280105200734236,4.205,0.9594037414014526,1.015358658475487,0.10893478303064144,1.74
2026-10-09 14:19:38,5.240780365670187,5.253201761585139,6.140916831454186,9.41,2.276827719607763,2.345368184098671,0.8291919671577771,4.21,0.9594037414014526,1.015358658475487,0.10893478303064144,1.74
2026-10-09 14:34:38,5.2572493265316975,5.269170114710729,6.155197203518199,9.43,2.279559757790089,2.3486189930085115,0.8305316070787145,4.215,0.9594037414014526,1.015358658475487,0.10893478303064144,1.74
2026-10-09 14:49:38,5.265802920725301,5.283597699277794,6.168465879759226,9.45,2.282030182008356,2.3510048741827845,0.8311699401635925,4.22,0.9594037414014526,1.015358658475487,0.10893478303064144,1.74
2026-10-09 15:04:38,5.272260146493355,5.294050958969236,6.181683129708674,9.47,2.285254804937671,2.3526781280182267,0.8321991154664719,4.225,0.9594037414014526,1.015358658475487,0.10893478303064144,1.74
2026-10-09 15:19:38,5.2926441895362135,5.310204296778114,6.2003041264232905,9.5,2.285254804937671,2.3526781280182267,0.8321991154664719,4.225,0.9612882615204512,1.0171438709621479,0.10914453133951943,1.745
2026-10-09 15:34:38,5.305974877099956,5.325759428976067,6.2118292023744965,9.52,2.287128145879504,2.3546322334109435,0.8330327125809194,4.23,0.9612882615204512,1.0171438709621479,0.10914453133951943,1.745
2026-10-09 15:49:38,5.317593295111283,5.3330256730024415,6.22216702084345,9.535,2.287128145879504,2.3546322334109435,0.8330327125809194,4.23,0.9641663124561708,1.020677672882676,0.10936575928675972,1.75
2026-10-09 16:04:38,5.322742942677182,5.340050388922355,6.228523728331957,9.545,2.287128145879504,2.3546322334109435,0.8330327125809194,4.23,0.96553172774747,1.0251188320816935,0.10980110016633672,1.755
2026-10-09 16:19:38,5.336364266813626,5.351933726439777,6.241561080497887,9.565,2.2910395979203093,2.3596251343938848,0.8344886874768719,4.235,0.96553172774747,1.0251188320816935,0.10980110016633672,1.755
2026-10-09 16:34:38,5.369013996769074,5.382396737826148,6.271523252574411,9.61,2.2910395979203093,2.3596251343938848,0.8344886874768719,4.235,0.9704838781675867,1.0315809998362342,0.11038326170308344,1.765
2026-10-09 16:49:38,5.369013996769074,5.382396737826148,6.271523252574411,9.61,2.2910395979203093,2.3596251343938848,0.8344886874768719,4.235,0.9704838781675867,1.0315809998362342,0.11038326170308344,1.765
2026-10-09 17:04:38,5.369013996769074,5.382396737826148,6.271523252574411,9.61,2.2910395979203093,2.3596251343938848,0.8344886874768719,4.235,0.9704838781675867,1.0315809998362342,0.11038326170308344,1.765
2026-10-09 17:19:38,5.377661971801499,5.389126426060383,6.2799693462246715,9.625,2.297615680795778,2.363436781071932,0.8362265348768531,4.245,0.9704838781675867,1.0315809998362342,0.11038326170308344,1.765
2026-10-09 17:34:38,5.393813159430119,5.4016443384537665,6.294620431377435,9.645,2.297615680795778,2.363436781071932,0.8362265348768531,4.245,0.9704838781675867,1.0315809998362342,0.11038326170308344,1.765
2026-10-09 17:49:38,5.409438331309778,5.41128865145146,6.306554212519851,9.665,2.3001652058266573,2.3648271534379584,0.8368407240352252,4.25,0.9704838781675867,1.0315809998362342,0.11038326170308344,1.765
2026-10-09 18:04:38,5.424671666212038,5.422214503297744,6.319642345369768,9.685,2.3037538843666283,2.371089772940033,0.8391526770450634,4.26,0.9704838781675867,1.0315809998362342,0.11038326170308344,1.765
2026-10-09 18:19:38,5.436443441704683,5.427366165189607,6.329553035258222,9.7,2.306258020753733,2.375232208812156,0.8398703334927407,4.265,0.9732206241056202,1.0341923319057909,0.11056827971720125,1.77
2026-10-09 18:34:38,5.456150230520191,5.447622507523965,6.359293374972699,9.74,2.3090229487223044,2.3832569057876922,0.8420765315049893,4.275,0.9798706202903232,1.037705569154154,0.11119075315753667,1.78
2026-10-09 18:49:38,5.4638562015180385,5.4519714996249125,6.368570133532992,9.755,2.3114248128214574,2.3874934109856123,0.8427747027068873,4.28,0.9840437087556227,1.0388593274837497,0.11148328831397239,1.785
2026-10-09 19:04:38,5.529887047771346,5.52927949033864,6.44197028887348,9.875,2.3427085376127663,2.411424924256046,0.8521184290987034,4.325,1.0012961470810184,1.0556213802283392,0.11324687966900068,1.815
2026-10-09 19:19:38,5.571732714718625,5.5908243582129336,6.497484388295972,9.965,2.3649210528224933,2.4284447714064736,0.8606983831689086,4.365,1.0148815648317204,1.0647633305973703,0.11469523950093947,1.835
2026-10-09 19:34:38,5.6043239984543245,5.623592895606734,6.547914176688534,10.035,2.3822661256763924,2.4547375742601973,0.8682467460783247,4.405,1.02454018510162,1.0801864155407483,0.11590749191725598,1.86
2026-10-09 19:49:38,5.615170089604186,5.637936481783998,6.570671671616285,10.065,2.3931802334050496,2.4712667954129506,0.8732470823913235,4.435,1.0327924263144923,1.0843463927894443,0.11626991204979444,1.87
2026-10-09 20:04:38,5.635549902131905,5.662232909896387,6.594218685913692,10.1,2.401916641362644,2.47791222568845,0.8759007383013151,4.45,1.0327924263144923,1.0843463927894443,0.11626991204979444,1.87
2026-10-09 20:19:38,5.661669521227086,5.680417506988701,6.61950021950047,10.145,2.428883112410087,2.501827598099762,0.8826323309731574,4.495,1.044129991127804,1.0980735757007154,0.1172662090858931,1.89
2026-10-09 20:34:38,5.705401046695853,5.728389142713304,6.673125898349522,10.225,2.4462774062431603,2.5173423795072143,0.8879526140220592,4.525,1.0514315183598264,1.1077267693641788,0.11826029693202607,1.905
2026-10-09 20:49:38,5.758896062604307,5.781539038088749,6.733584116186066,10.32,2.4599285721257442,2.5309398612528016,0.8930879153127937,4.545,1.0514315183598264,1.1077267693641788,0.11826029693202607,1.905
2026-10-09 21:04:38,5.7856716527136225,5.8125594939392835,6.761341324933152,10.365,2.4896263151621736,2.553145828069314,0.9016039339254028,4.585,1.0539772187275764,1.1104403721201122,0.11853482465056533,1.91
2026-10-09 21:19:38,5.840067333269966,5.868856134846104,6.821007463118139,10.455,2.53581971759044,2.5919089513524476,0.9159987826614686,4.655,1.077561298489091,1.1242649904790936,0.12022081315247943,1.94
2026-10-09 21:34:38,5.840067333269966,5.868856134846104,6.821007463118139,10.455,2.541410760940122,2.5971117893448836,0.9185600609248388,4.665,1.077561298489091,1.1242649904790936,0.12022081315247943,1.94
2026-10-09 21:49:38,5.864468943813308,5.896971711581596,6.843673753833005,10.495,2.556439813548283,2.613522906429326,0.9231700903066358,4.69,1.087763927483916,1.1311409474245584,0.12136843163675748,1.955
2026-10-09 22:04:38,5.9125536495461155,5.936677917316456,6.887119412091191,10.57,2.563750251959366,2.622286495602786,0.9256221556746506,4.705,1.088610939249056,1.1318556809902498,0.12183029437469181,1.96
2026-10-09 22:19:38,5.918759648501991,5.9465711617566654,6.894859167262347,10.585,2.563750251959366,2.622286495602786,0.9256221556746506,4.705,1.088610939249056,1.1318556809902498,0.12183029437469181,1.96
2026-10-09 22:34:38,5.918759648501991,5.9465711617566654,6.894859167262347,10.585,2.563750251959366,2.622286495602786,0.9256221556746506,4.705,1.088610939249056,1.1318556809902498,0.12183029437469181,1.96
2026-10-09 22:49:38,5.923060144179909,5.950540954228834,6.8981236477496255,10.59,2.5681996391809254,2.6249326144430998,0.9262920958549318,4.71,1.088610939249056,1.1318556809902498,0.12183029437469181,1.96
2026-10-09 23:04:38,5.923060144179909,5.950540954228834,6.8981236477496255,10.59,2.5681996391809254,2.6249326144430998,0.9262920958549318,4.71,1.088610939249056,1.1318556809902498,0.12183029437469181,1.96
2026-10-09 23:19:38,5.933367362335955,5.965534965873288,6.91364606952949,10.615,2.5681996391809254,2.6249326144430998,0.9262920958549318,4.71,1.088610939249056,1.1318556809902498,0.12183029437469181,1.96
2026-10-09 23:34:38,5.9371805159552915,5.967401731683949,6.917754061189929,10.62,2.5681996391809254,2.6249326144430998,0.9262920958549318,4.71,1.088610939249056,1.1318556809902498,0.12183029437469181,1.96
2026-10-09 23:49:38,5.9371805159552915,5.967401731683949,6.917754061189929,10.62,2.5681996391809254,2.6249326144430998,0.9262920958549318,4.71,1.088610939249056,1.1318556809902498,0.12183029437469181,1.96
2026-10-10 00:04:38,5.9371805159552915,5.967401731683949,6.917754061189929,10.62,2.5681996391809254,2.6249326144430998,0.9262920958549318,4.71,1.088610939249056,1.1318556809902498,0.12183029437469181,1.96
2026-10-10 00:19:38,5.9371805159552915,5.967401731683949,6.917754061189929,10.62,2.5681996391809254,2.6249326144430998,0.9262920958549318,4.71,1.088610939249056,1.1318556809902498,0.12183029437469181,1.96
2026-10-10 00:34:38,5.949505198341124,5.978028422359482,6.928878923528069,10.635,2.572990708285813,2.632657691575327,0.9277389945517014,4.72,1.088610939249056,1.1318556809902498,0.12183029437469181,1.96
2026-10-10 00:49:38,5.963178331930541,5.986856990299917,6.945073691533658,10.655,2.587787015506281,2.646415959723864,0.9339649831830688,4.745,1.0931614631281796,1.136362325891567,0.1221947581030767,1.97
2026-10-10 01:04:38,5.9715218118977855,5.993499564018796,6.954876833200212,10.67,2.5925003576041505,2.650641440036945,0.935007527423406,4.75,1.0945689592850272,1.1408682083088142,0.12248889959246613,1.975
2026-10-10 01:19:38,5.972704949665756,5.99819820429234,6.959035043844811,10.675,2.5925003576041505,2.650641440036945,0.935007527423406,4.75,1.0945689592850272,1.1408682083088142,0.12248889959246613,1.975
2026-10-10 01:34:38,5.987077427752267,6.020602103576339,6.980462720897846,10.71,2.5925003576041505,2.650641440036945,0.935007527423406,4.75,1.0953987914622312,1.1447724613912547,0.1227924056134342,1.98
2026-10-10 01:49:38,6.001627906499382,6.036911422879957,6.993881170299237,10.735,2.6026931981219645,2.660411532728714,0.9377824440042122,4.765,1.0953987914622312,1.1447724613912547,0.1227924056134342,1.98
2026-10-10 02:04:38,6.016488605234639,6.045574023949725,7.008475900526268,10.76,2.6105185294693936,2.6700192238329765,0.9417342739714676,4.785,1.0953987914622312,1.1447724613912547,0.1227924056134342,1.98
2026-10-10 02:19:38,6.038864954597921,6.0665192926586595,7.034338318450606,10.795,2.6205993711611892,2.6763156536675137,0.9446242503394492,4.8,1.1016006113717338,1.1568769765619025,0.12406246284624488,2.0
2026-10-10 02:34:38,6.097063061799822,6.114149908204088,7.090905744833784,10.88,2.6340985324310844,2.699781064071206,0.9516408964640084,4.835,1.1116954124621108,1.1634862297569835,0.12508030856429153,2.015
2026-10-10 02:49:38,6.131294945829803,6.14553862491096,7.130240429019239,10.94,2.64243250236144,2.705401932542621,0.9536764405352396,4.85,1.1166831510903614,1.1689984865278285,0.12586229767984836,2.025
2026-10-10 03:04:38,6.134988396572717,6.148035006659211,7.132663174846798,10.945,2.6537942813008284,2.714133951972527,0.9559574043942424,4.865,1.1221180901100776,1.1750178725485991,0.1263828308574728,2.035
2026-10-10 03:19:38,6.175285798622688,6.195713352531872,7.180463256682608,11.02,2.665178689247421,2.7355779502034743,0.9632075061590973,4.905,1.1300790391467554,1.1800612625509561,0.12709187703105057,2.045
2026-10-10 03:34:38,6.216394916419467,6.2341898818484385,7.222209308257065,11.09,2.6833169029916455,2.754543777115347,0.9698856305219644,4.94,1.1346638702048046,1.1876792784365824,0.1278286665004013,2.055
2026-10-10 03:49:38,6.238982004543921,6.264576111868672,7.251921757145322,11.135,2.69465976367974,2.7662143897857856,0.9737916721524735,4.96,1.1497765605611894,1.2009641051421032,0.12921322342760985,2.075
2026-10-10 04:04:38,6.28078084943278,6.3036415002934225,7.299428887996815,11.2,2.7091940204703717,2.777569198504268,0.9784131018459651,4.985,1.1555833271371585,1.2070227161718818,0.13002384036515574,2.085
2026-10-10 04:19:38,6.3280810014413085,6.348059598767632,7.360275968384032,11.29,2.7412488785462847,2.795802410523157,0.9855873925869733,5.03,1.1686192740404089,1.2250403678874011,0.1317614042487138,2.11
2026-10-10 04:34:38,6.3322595941234825,6.354777717712101,7.36897211227193,11.305,2.7486413669356047,2.8007332939985923,0.9882496168300469,5.045,1.177047537011285,1.235381437525275,0.1327643742257875,2.125
2026-10-10 04:49:38,6.367981201978916,6.393912812713986,7.412918969013299,11.37,2.7688014432386234,2.82451208502702,0.9964889065888664,5.085,1.1899445154641455,1.2462173469936022,0.13387940452607383,2.145
2026-10-10 05:04:38,6.373841530222825,6.398216108997376,7.420747980331952,11.38,2.772714226818384,2.8284788248469237,0.9970069724193105,5.09,1.1948350359000894,1.250247208767068,0.13404369503146638,2.15
2026-10-10 05:19:38,6.454240379593369,6.4836493728687,7.514788123360308,11.52,2.8212287559753073,2.881937818402234,1.0153745410853325,5.185,1.2088557394897796,1.2722570920765304,0.13595974783220913,2.18
2026-10-10 05:34:38,6.5345216645542825,6.565845483238191,7.608764603761251,11.66,2.8675395855479633,2.93254883656595,1.032861520545682,5.275,1.2190998835102522,1.285711685459124,0.13739466208482412,2.205
2026-10-10 05:49:38,6.553181743327942,6.588770099391816,7.630210423035374,11.695,2.8904907354066762,2.952817406453087,1.039200150220543,5.31,1.2273838973223061,1.2979538066478253,0.1383107695693918,2.225
2026-10-10 06:04:38,6.625916448504482,6.6611251248012655,7.718302144863281,11.83,2.917562957520345,2.975580699014651,1.0484119412781858,5.355,1.2447923045255131,1.320757882129119,0.14086246895140372,2.26
2026-10-10 06:19:38,6.671363841612417,6.700442121232708,7.774478449499827,11.915,2.9313046273127514,2.9871320007385473,1.052927062883488,5.375,1.2667393045563533,1.335738709613178,0.14238275170602843,2.29
2026-10-10 06:34:38,6.692592171565823,6.714412353737724,7.802522792292877,11.95,2.9437518095618946,3.0028702715289413,1.0570766205431403,5.395,1.2667393045563533,1.335738709613178,0.14238275170602843,2.29
2026-10-10 06:49:38,6.763717164206239,6.7720507061657855,7.872248896766712,12.065,2.972038947253212,3.028386014974998,1.0688052390470018,5.445,1.2719437424986726,1.345883999461837,0.14344577395704988,2.305
2026-10-10 07:04:38,6.785672005677844,6.79180894685484,7.896151045355355,12.1,2.988981510955734,3.036556535585388,1.0745748326922784,5.47,1.2751929724208582,1.350312915973657,0.14372234586283553,2.31
2026-10-10 07:19:38,6.840573723013637,6.846224379328938,7.958386264335985,12.195,3.034512640713858,3.0755924012114204,1.0887866917591618,5.54,1.280400399207858,1.35906794431999,0.14412203556108705,2.32
2026-10-10 07:34:38,6.870435516753923,6.876230565890137,7.9910935992642935,12.255,3.0534349310510884,3.1040220122344446,1.0987193466459855,5.59,1.2923896666786843,1.3659937083452478,0.14501582888710007,2.335
2026-10-10 07:49:38,6.9377413343251595,6.951863015310891,8.06478322629852,12.375,3.0977054057529467,3.1600563176420065,1.1160786899487094,5.675,1.3035233328242812,1.3741368604059467,0.14599876315979388,2.355
2026-10-10 08:04:38,6.95980111161914,6.969898417116802,8.090646278400582,12.41,3.116049506318131,3.1795886501942094,1.12346407685619,5.705,1.3035233328242812,1.3741368604059467,0.14599876315979388,2.355
2026-10-10 08:19:38,6.991779723443828,6.9911731611995895,8.122031514190562,12.465,3.129333399728512,3.1867334046838756,1.1266565265588853,5.72,1.3119592610164565,1.377774888294159,0.1466595804074258,2.365
2026-10-10 08:34:38,7.041850707771299,7.0447714350297455,8.178894158801432,12.555,3.140258564763579,3.201527652464418,1.1310457501330191,5.745,1.3135925623138776,1.3809222785800517,0.14681349597016877,2.37
2026-10-10 08:49:38,7.0708745688894465,7.082367629682985,8.220476404780204,12.615,3.1591106869516725,3.2230704759227398,1.1389508376399173,5.78,1.323913978698847,1.3862942349657674,0.14782517315711027,2.385
2026-10-10 09:04:38,7.0708745688894465,7.082367629682985,8.220476404780204,12.615,3.1591106869516725,3.2230704759227398,1.1389508376399173,5.78,1.323913978698847,1.3862942349657674,0.14782517315711027,2.385
2026-10-10 09:19:38,7.073152359877767,7.083233178674534,8.225036220303489,12.62,3.163337192442062,3.227936467075202,1.1400892728079732,5.785,1.3248554628703415,1.3886708224397093,0.14797153409348482,2.39
2026-10-10 09:34:38,7.107020438264301,7.114581452089634,8.263326438171138,12.68,3.1756769471220387,3.23881064316279,1.143854435527048,5.805,1.3248554628703415,1.3886708224397093,0.14797153409348482,2.39
2026-10-10 09:49:38,7.130592631793275,7.143093025343889,8.293413160469488,12.725,3.1911602715821314,3.250799221515302,1.147750959684107,5.825,1.328496318248199,1.39485143622322,0.1487351643583663,2.4
2026-10-10 10:04:38,7.130592631793275,7.143093025343889,8.293413160469488,12.725,3.1918171705884335,3.2536372813565917,1.149073979951254,5.83,1.328496318248199,1.39485143622322,0.1487351643583663,2.4
2026-10-10 10:19:38,7.143135540241451,7.149831822535252,8.303121265965594,12.74,3.1938675078341703,3.254734372365359,1.1496179011841692,5.835,1.328496318248199,1.39485143622322,0.1487351643583663,2.4
2026-10-10 10:34:38,7.143135540241451,7.149831822535252,8.303121265965594,12.74,3.197982719574362,3.2592583560312702,1.1503319915189458,5.84,1.328496318248199,1.39485143622322,0.1487351643583663,2.4
2026-10-10 10:49:38,7.1477917993490925,7.157196620094258,8.312351390987194,12.755,3.2025347067744017,3.2647809401118844,1.1525493453484863,5.85,1.328496318248199,1.39485143622322,0.1487351643583663,2.4
2026-10-10 11:04:38,7.160418623744544,7.168886201639103,8.330536089012897,12.78,3.2113766949593807,3.2751316982074803,1.1561197688391582,5.865,1.329369013444939,1.3966742912689463,0.1491113247645829,2.405
2026-10-10 11:19:38,7.181645528447122,7.186980124409366,8.34897020439608,12.815,3.2135473115976354,3.277696770202455,1.1573900119126037,5.87,1.3304126119382726,1.400117442892497,0.14929859414715982,2.41
2026-10-10 11:34:38,7.184026267941622,7.190288013038426,8.353672563226857,12.82,3.2135473115976354,3.277696770202455,1.1573900119126037,5.87,1.3304126119382726,1.400117442892497,0.14929859414715982,2.41
2026-10-10 11:49:38,7.197492668435486,7.203565064462375,8.373484646101186,12.855,3.2135473115976354,3.277696770202455,1.1573900119126037,5.87,1.3304126119382726,1.400117442892497,0.14929859414715982,2.41
2026-10-10 12:04:38,7.226840018480009,7.234662282616837,8.410595135093443,12.91,3.222989911514113,3.2881370012629403,1.160188789561375,5.885,1.332163193943153,1.4028794023239997,0.14953100058825933,2.415
2026-10-10 12:19:38,7.23843565240357,7.243770361949612,8.417696905525698,12.925,3.2269935965784504,3.2887847920232334,1.160782804244068,5.89,1.332163193943153,1.4028794023239997,0.14953100058825933,2.415
2026-10-10 12:34:38,7.245704880263939,7.250952466775827,8.431570164532415,12.94,3.228615571242612,3.290611828014993,1.1621257619853163,5.895,1.332163193943153,1.4028794023239997,0.14953100058825933,2.415
2026-10-10 12:49:38,7.267033361358901,7.274842989539364,8.457730857561836,12.98,3.232125322950004,3.2954621144718277,1.163928124354875,5.905,1.332163193943153,1.4028794023239997,0.14953100058825933,2.415
2026-10-10 13:04:38,7.272909192072872,7.279115163078936,8.464012168572799,12.99,3.232125322950004,3.2954621144718277,1.163928124354875,5.905,1.332163193943153,1.4028794023239997,0.14953100058825933,2.415
2026-10-10 13:19:38,7.283339757920698,7.289342206857616,8.470798376296793,13.005,3.232865073231412,3.2990103521840646,1.1649887318626058,5.91,1.332163193943153,1.4028794023239997,0.14953100058825933,2.415
2026-10-10 13:34:38,7.29008368939543,7.295529489040475,8.477534725655653,13.015,3.2425252377346614,3.3067868970811163,1.1677826714224218,5.925,1.3351400873597306,1.4051092940179788,0.14997930818648939,2.42
2026-10-10 13:49:38,7.293845298676434,7.302349067913902,8.483956851420555,13.025,3.2443584717360947,3.3097279251450282,1.1683916049767966,5.93,1.3351400873597306,1.4051092940179788,0.14997930818648939,2.42
2026-10-10 14:04:38,7.299235815218937,7.306962581584263,8.489456923627131,13.035,3.2443584717360947,3.3097279251450282,1.1683916049767966,5.93,1.3351400873597306,1.4051092940179788,0.14997930818648939,2.42
2026-10-10 14:19:38,7.30349296560126,7.3122957568940885,8.498689607994992,13.045,3.2443584717360947,3.3097279251450282,1.1683916049767966,5.93,1.3351400873597306,1.4051092940179788,0.14997930818648939,2.42
2026-10-10 14:34:38,7.311274582051541,7.31539453460849,8.504317295180591,13.055,3.245877909606077,3.3134212662999265,1.1694585764010252,5.935,1.3351400873597306,1.4051092940179788,0.14997930818648939,2.42
2026-10-10 14:49:38,7.3214443587084315,7.323248161941482,8.512181538696106,13.07,3.245877909606077,3.3134212662999265,1.1694585764010252,5.935,1.3414688153759127,1.4123140726489887,0.15048164480999632,2.43
2026-10-10 15:04:38,7.335476908722254,7.3368968664252865,8.525605412230679,13.095,3.2476110490092944,3.315358320727956,1.1702386509105813,5.94,1.3414688153759127,1.4123140726489887,0.15048164480999632,2.43
2026-10-10 15:19:38,7.36266817336382,7.358340313885143,8.555311181501862,13.14,3.251331399186364,3.3207260142068016,1.1729759704116964,5.95,1.3425249803290664,1.41355172230743,0.15061307457273157,2.435
2026-10-10 15:34:38,7.364949599292551,7.362251581709818,8.557213018855618,13.145,3.251331399186364,3.3207260142068016,1.1729759704116964,5.95,1.3425249803290664,1.41355172230743,0.15061307457273157,2.435
2026-10-10 15:49:38,7.385831672617725,7.384960610730083,8.585538825902468,13.185,3.258333859497532,3.3285079931802812,1.175090705387625,5.96,1.3462775756891552,1.4169281875039739,0.15107244162372047,2.44
2026-10-10 16:04:38,7.392351554095929,7.388257169141949,8.591769144276109,13.195,3.258333859497532,3.3285079931802812,1.175090705387625,5.96,1.3462775756891552,1.4169281875039739,0.15107244162372047,2.44
2026-10-10 16:19:38,7.407510726290104,7.4044715654870545,8.61295764219336,13.225,3.260451875906227,3.3364141980604467,1.177142819941149,5.97,1.3462775756891552,1.4169281875039739,0.15107244162372047,2.44
2026-10-10 16:34:38,7.415334216064421,7.413024413453397,8.626556413419337,13.24,3.2626711956425556,3.3373388135191226,1.1777521673065248,5.975,1.3487690972972377,1.4178612822435046,0.15139936239962012,2.445
2026-10-10 16:49:38,7.425181704906289,7.421021017187029,8.635364351751695,13.255,3.2688442381636946,3.345438679702259,1.1793830094876618,5.985,1.353610706453442,1.4207480363942162,0.15154321940115933,2.45
2026-10-10 17:04:38,7.4260281363937874,7.4231071438968055,8.63993307855317,13.26,3.2695741385379034,3.3481108779790416,1.1799524141903661,5.99,1.353610706453442,1.4207480363942162,0.15154321940115933,2.45
2026-10-10 17:19:38,7.441745839637973,7.443003178960264,8.66174523125429,13.29,3.2695741385379034,3.3481108779790416,1.1799524141903661,5.99,1.3546455348047526,1.4215516128372345,0.15171716650599235,2.455
2026-10-10 17:34:38,7.44262525531884,7.447308261358161,8.665580843881926,13.295,3.2695741385379034,3.3481108779790416,1.1799524141903661,5.99,1.3546455348047526,1.4215516128372345,0.15171716650599235,2.455
2026-10-10 17:49:38,7.456535791709664,7.463781716643988,8.682635278747913,13.325,3.2745134204597313,3.354542382561631,1.1821965968024424,6.005,1.3560167161977557,1.425252855559435,0.152060120158475,2.46
2026-10-10 18:04:38,7.47244898974537,7.477834881686089,8.70191502737847,13.355,3.282148713830099,3.363033208245827,1.184545141357056,6.015,1.3560167161977557,1.425252855559435,0.152060120158475,2.46
2026-10-10 18:19:38,7.49071774484949,7.500046280592598,8.731257657073867,13.4,3.2969790523760896,3.373888703681389,1.1888980016668194,6.035,1.364881103875091,1.4375077709181698,0.1529834679709609,2.475
2026-10-10 18:34:38,7.57115523936985,7.578583725268367,8.813889146264835,13.545,3.3241104328619224,3.3967422441072777,1.196434608168886,6.075,1.3690349067794196,1.444333387228929,0.1539063614336576,2.485
2026-10-10 18:49:38,7.618921103470883,7.623236078150931,8.873045449254537,13.63,3.3894239302408513,3.4541672714347107,1.217522713347133,6.185,1.3771206031378749,1.44818059277768,0.1548894088360807,2.5
2026-10-10 19:04:38,7.67368689721417,7.665920472541536,8.924569986091454,13.715,3.394990407629318,3.4657861070152984,1.2205982817939494,6.2,1.3833692578672507,1.454253432490704,0.15590057056531642,2.515
2026-10-10 19:19:38,7.689592603062822,7.686995256222154,8.941405800484093,13.75,3.4018435787498587,3.47249800144103,1.2225215221757633,6.21,1.3833692578672507,1.454253432490704,0.15590057056531642,2.515
2026-10-10 19:34:38,7.719001426346516,7.710433659960235,8.96862740121355,13.79,3.4096461936480225,3.484864209021052,1.2263315511610624,6.23,1.3857801551056008,1.4581274297420619,0.15645190179255075,2.525
2026-10-10 19:49:38,7.765597541139099,7.752737883600329,9.019876260414009,13.875,3.4229795375236725,3.4998089377045427,1.2325091985852925,6.26,1.3924518168565263,1.4621356860391035,0.1570754662664332,2.535
2026-10-10 20:04:38,7.829407832667346,7.819859258895879,9.105939537380346,13.995,3.4342199415470738,3.5158898066174347,1.2375320409615984,6.285,1.4070433516716419,1.4804200405977281,0.15925756687341602,2.565
2026-10-10 20:19:38,7.869543071850291,7.854263808971556,9.155693709172334,14.06,3.4468709400604767,3.5232971315031847,1.2415112480818626,6.3,1.4092495982158186,1.4862736417626112,0.1597795172491315,2.575
2026-10-10 20:34:38,7.8873121454110535,7.873308738084938,9.177050998397279,14.095,3.4692678098304435,3.539875875642212,1.2490004740813405,6.34,1.4217454645063758,1.492853592299893,0.16107997151895134,2.59
2026-10-10 20:49:38,7.905853430619501,7.893368899297124,9.19626404260664,14.125,3.4841219265270595,3.5612534059592162,1.2543661753495599,6.37,1.4233472651087813,1.496418356168588,0.16133589806298534,2.595
2026-10-10 21:04:38,7.933071496723958,7.917558443916986,9.227233888310897,14.175,3.511032314848645,3.585650254710172,1.2633080235092953,6.415,1.428733088599465,1.5031250008951895,0.16236992639845343,2.61
2026-10-10 21:19:38,7.980593937260596,7.959345286350764,9.273256467391539,14.25,3.537373613850575,3.608216653796045,1.2713124878722415,6.455,1.449301806417033,1.5262824660547434,0.1643747513701624,2.645
2026-10-10 21:34:38,7.9953977031567325,7.9747479619561314,9.289927276849554,14.275,3.5442136010530656,3.6130458429644188,1.2751311362555102,6.47,1.4524348412212098,1.5296911080571585,0.16484641435910352,2.65
2026-10-10 21:49:38,8.055161046676142,8.039497637179315,9.363414078612378,14.385,3.5737663089002742,3.649720631642897,1.284130950346558,6.525,1.4628938125269677,1.5431813401074423,0.16614705448263017,2.675
2026-10-10 22:04:38,8.07081508143051,8.052759564300953,9.37896799720083,14.41,3.5799588249413703,3.658757564405753,1.2862997016450384,6.54,1.4758536059077887,1.5568488817385813,0.16831709954281887,2.7
2026-10-10 22:19:38,8.100989711062267,8.08180037802433,9.412162595325242,14.455,3.582236023234857,3.665549117670621,1.2881448018511972,6.55,1.4808973735886288,1.565019191470306,0.16916331022474052,2.71
2026-10-10 22:34:38,8.145690577045476,8.11957084909516,9.458762985496787,14.53,3.5990671200749067,3.676796048287877,1.2943503122764952,6.575,1.4902908718491406,1.5721354354008976,0.1704864650113857,2.73
2026-10-10 22:49:38,8.172671777340293,8.146894068163142,9.485224723304874,14.58,3.6035220210844394,3.683227791387203,1.2970058868778875,6.585,1.494591921059883,1.5753109806486345,0.17068755113178147,2.735
2026-10-10 23:04:38,8.231102780888932,8.202881461311895,9.545068208479828,14.665,3.6348256936105194,3.7116727217572265,1.307864427678575,6.635,1.515794865148262,1.5934223689903029,0.17270719078702187,2.77
2026-10-10 23:19:38,8.31933232726808,8.286779220559541,9.645289449760613,14.815,3.696059452977516,3.7758104753916593,1.3307327437815013,6.745,1.5396492861184514,1.6113103965196995,0.17505836514369688,2.805
2026-10-10 23:34:38,8.39335075216925,8.367526479474048,9.737164062910209,14.965,3.7474687589394238,3.8169193553699228,1.3463180069641507,6.825,1.5442649933389279,1.6191395622096827,0.1753831856732101,2.815
2026-10-10 23:49:38,8.44888248178707,8.415777022002562,9.79903083372734,15.055,3.7703687823369663,3.8400865554843326,1.3547209354993135,6.865,1.5659778213324922,1.6343518182661976,0.17702787767058895,2.845
2026-10-11 00:04:38,8.478629336350073,8.449964536428224,9.832380628177855,15.105,3.7871649148617683,3.855161018873108,1.3623561940171824,6.905,1.5687274610728763,1.6357951900895153,0.17717585865782703,2.85
2026-10-11 00:19:38,8.491845617194375,8.465852943618007,9.84791221320167,15.13,3.7871649148617683,3.855161018873108,1.3623561940171824,6.905,1.5733786943165646,1.6390525480339562,0.17776720234601612,2.86
2026-10-11 00:34:38,8.538884714445448,8.507102063086501,9.898403862105113,15.21,3.7891532117026387,3.8571314886508907,1.3637666673341173,6.91,1.578536034972213,1.6439126892686557,0.1786977697918314,2.87
2026-10-11 00:49:38,8.57827986912768,8.537639739687064,9.938615119073487,15.275,3.81010105249942,3.877101938471871,1.3720505193474815,6.95,1.5877601733451612,1.6516936567148692,0.17980612299510132,2.885
2026-10-11 01:04:38,8.615389625758544,8.56269325785828,9.982905563660498,15.34,3.8210159396186203,3.8887691855691897,1.376404753647941,6.97,1.603127799172303,1.6631785652835234,0.1810382157731214,2.91
2026-10-11 01:19:38,8.639555922932727,8.58114635164583,10.00722907342214,15.375,3.8445636788343336,3.910315178757917,1.3832251228538095,7.005,1.603127799172303,1.6631785652835234,0.1810382157731214,2.91
2026-10-11 01:34:38,8.639555922932727,8.58114635164583,10.00722907342214,15.375,3.8445636788343336,3.910315178757917,1.3832251228538095,7.005,1.603127799172303,1.6631785652835234,0.1810382157731214,2.91
2026-10-11 01:49:38,8.639555922932727,8.58114635164583,10.00722907342214,15.375,3.8445636788343336,3.910315178757917,1.3832251228538095,7.005,1.603127799172303,1.6631785652835234,0.1810382157731214,2.91
2026-10-11 02:04:38,8.639555922932727,8.58114635164583,10.00722907342214,15.375,3.8445636788343336,3.910315178757917,1.3832251228538095,7.005,1.603127799172303,1.6631785652835234,0.1810382157731214,2.91
2026-10-11 02:19:38,8.651264837740216,8.590365722445053,10.018499047304692,15.395,3.8510368110001467,3.9164601656005216,1.3848026127166486,7.015,1.603127799172303,1.6631785652835234,0.1810382157731214,2.91
2026-10-11 02:34:38,8.676849889684714,8.614306082524006,10.046963739150744,15.44,3.8583160891335755,3.926312795979111,1.387519825643981,7.03,1.6157158799841103,1.6754785735714874,0.18255153312323816,2.935
2026-10-11 02:49:38,8.713175531668604,8.631225030233065,10.07400782005456,15.49,3.8684959333058946,3.9346833602011784,1.3928273940980673,7.055,1.6282658413884588,1.694782688915371,0.18470521383799215,2.97
2026-10-11 03:04:38,8.766567846965401,8.686686182216777,10.133212933201852,15.585,3.910869968977279,3.9859616373938116,1.4075749218537545,7.13,1.6471980678323355,1.7141509984350414,0.1868815871244081,3.0
2026-10-11 03:19:38,8.829213435364766,8.752744206912112,10.218923353848236,15.7,3.9397721323464143,4.013957076228929,1.4189930627522007,7.18,1.6615595300666253,1.7303497811596646,0.18937981730684178,3.035
2026-10-11 03:34:38,8.851764021592476,8.778210653737057,10.245676188800047,15.745,3.948100696590242,4.017296151078032,1.4234335768822557,7.2,1.6805638998352415,1.7450273472563465,0.1914017725497116,3.065
2026-10-11 03:49:38,8.904300811977084,8.832593468365605,10.299431919756916,15.84,3.977761140403682,4.04498582489012,1.4321318785023518,7.25,1.6915323894777312,1.7569818104036343,0.1924001645602948,3.09
2026-10-11 04:04:38,8.954902783255248,8.873517235948988,10.354667706073084,15.92,4.014550122445707,4.0858231329959365,1.444136195839797,7.315,1.6948730681327069,1.758585883286141,0.1929343276667145,3.1
2026-10-11 04:19:38,8.994373434367859,8.907461896707234,10.404577284879117,15.99,4.047512820099734,4.12247312821862,1.4555413433855522,7.37,1.7096965708223526,1.76627892153354,0.1947167408357277,3.125
2026-10-11 04:34:38,9.06405361245373,8.970452552526456,10.48848840287631,16.11,4.0709162795586815,4.145707120370129,1.464131576128033,7.41,1.7293456607321753,1.7839133856176648,0.19744446311312155,3.16
2026-10-11 04:49:38,9.17301953864795,9.069432670812626,10.608625794228294,16.285,4.10768720552508,4.1973612770206765,1.478322132335658,7.49,1.755897497557293,1.8127103654987726,0.2003335965095329,3.21
2026-10-11 05:04:38,9.213721078284419,9.112918599909037,10.667225004966715,16.37,4.141303182706576,4.2207969610981335,1.4884122207494175,7.54,1.7675309313137577,1.8272888784106176,0.2022289975349076,3.24
2026-10-11 05:19:38,9.297931467260398,9.193581501255778,10.765730446645062,16.525,4.172812525015832,4.248766097759814,1.4993395764061455,7.595,1.7796368002565337,1.8475485037809782,0.2042210134068933,3.27
2026-10-11 05:34:38,9.39954332619022,9.297711523554762,10.87932721883899,16.705,4.201814737612361,4.289601116460027,1.513514702108826,7.66,1.7970645352919015,1.8662954170695374,0.2060097016519686,3.3
2026-10-11 05:49:38,9.479093526136245,9.376689701647004,10.96494654678155,16.835,4.259914540500517,4.359293944624302,1.5366548556023736,7.765,1.8029503913190208,1.8731986681376631,0.20712821532457404,3.315
2026-10-11 06:04:38,9.501212223670903,9.398687087119058,10.987960543178072,16.875,4.271287532940746,4.373266261222697,1.5420342403831875,7.79,1.8036589114523458,1.8743814695399112,0.20749774474996852,3.32
2026-10-11 06:19:38,9.587014736571167,9.479410258753365,11.0783145561974,17.02,4.291087173993689,4.3882719149430605,1.5491463367464091,7.83,1.8215207462183236,1.8902968261485233,0.2091231395427664,3.35
2026-10-11 06:34:38,9.63088100674762,9.52355007546561,11.130145849267235,17.095,4.303229458983635,4.401518428239059,1.5539748441335666,7.855,1.8301458607336807,1.9008408528815797,0.210227304095982,3.365
2026-10-11 06:49:38,9.665841272762444,9.551008583757053,11.172480603066196,17.16,4.315381523472796,4.414273614083789,1.5594547053594536,7.88,1.8381907147182617,1.9135451432349913,0.21145661197153362,3.38
2026-10-11 07:04:38,9.690683189842018,9.570569013824127,11.202104208717042,17.2,4.324241033493575,4.423318768123821,1.5623497508517532,7.895,1.8452425339391976,1.9230788849844658,0.21251299718628747,3.395
2026-10-11 07:19:38,9.71970845044184,9.60088759676391,11.232271947798477,17.245,4.340726761137369,4.433755111909786,1.5691388282633119,7.925,1.852252555119244,1.9321238835327825,0.21340333228411643,3.41
2026-10-11 07:34:38,9.771131967521406,9.657993638104951,11.290940082988556,17.33,4.364465559379013,4.4545375672557945,1.5755542538523923,7.965,1.8590456969765228,1.9391091193605585,0.2138249769613851,3.42
2026-10-11 07:49:38,9.778397516444967,9.66619445363534,11.304702270426338,17.35,4.378278933758227,4.466365190483053,1.5810568012437445,7.99,1.8590456969765228,1.9391091193605585,0.2138249769613851,3.42
2026-10-11 08:04:38,9.794663276447272,9.67600313180561,11.319826540451798,17.375,4.380705004701665,4.471299955076766,1.5827412849628366,8.0,1.8590456969765228,1.9391091193605585,0.2138249769613851,3.42
2026-10-11 08:19:38,9.80163265759463,9.683574362027738,11.327600195750597,17.39,4.390461420606498,4.4783758650427545,1.586755564506516,8.015,1.8614802312079912,1.9423893561987151,0.21398993629315322,3.425
2026-10-11 08:34:38,9.858968284091278,9.745166284995296,11.390220368949509,17.495,4.420637020020693,4.515413765268386,1.598287799959361,8.07,1.8691858607279275,1.9495130118292392,0.2146112733274143,3.435
2026-10-11 08:49:38,9.894416304578327,9.778348819328425,11.430203330202934,17.555,4.447905205854231,4.529884036316881,1.6051237518309156,8.105,1.8923203460617628,1.9767237274403069,0.21757326229227547,3.475
2026-10-11 09:04:38,9.918507416202983,9.810758064419213,11.468001205582377,17.61,4.4626268009433385,4.542701972941185,1.6117716433195695,8.135,1.8990722688044381,1.9831316141419482,0.21798427242626645,3.485
2026-10-11 09:19:38,9.941470001539395,9.834149148076088,11.502355100000763,17.66,4.475194226396268,4.555092492186353,1.6162236115745472,8.155,1.9146813435353913,2.00115127456667,0.21939818009246678,3.51
2026-10-11 09:34:38,9.98665174976642,9.867622754326279,11.543208903890632,17.73,4.491369516357711,4.5765514791343795,1.6237249267215839,8.19,1.9160531696411467,2.0058827519153755,0.2197710213573185,3.515
2026-10-11 09:49:38,10.060305782718673,9.934342018312847,11.621563592577603,17.845,4.51026189284528,4.6035663879853645,1.6316087129741574,8.23,1.9290658185806138,2.0203719607279105,0.22104310740204486,3.54
2026-10-11 10:04:38,10.061351637093603,9.938528930308319,11.623167709966074,17.85,4.51026189284528,4.6035663879853645,1.6316087129741574,8.23,1.9290658185806138,2.0203719607279105,0.22104310740204486,3.54
2026-10-11 10:19:38,10.07270836196162,9.953525657030182,11.64093649615856,17.875,4.517392503760931,4.60619147519741,1.6337233076189397,8.24,1.9290658185806138,2.0203719607279105,0.22104310740204486,3.54
2026-10-11 10:34:38,10.076010703262948,9.955099735080768,11.643074543827215,17.88,4.519643111874524,4.608853893729877,1.6347825607872921,8.245,1.9290658185806138,2.0203719607279105,0.22104310740204486,3.54
2026-10-11 10:49:38,10.091327067886152,9.969467906538016,11.65639207067245,17.905,4.521196014134259,4.611307588853395,1.635375730821701,8.25,1.9290658185806138,2.0203719607279105,0.22104310740204486,3.54
2026-10-11 11:04:38,10.105376774562085,9.979552857904025,11.671958900739494,17.93,4.526107818802696,4.617200186971077,1.6371807313388262,8.26,1.9290658185806138,2.0203719607279105,0.22104310740204486,3.54
2026-10-11 11:19:38,10.1090307707908,9.985646981679498,11.680894874037703,17.94,4.5283423329954715,4.6199677758887585,1.6385692554207096,8.265,1.9290658185806138,2.0203719607279105,0.22104310740204486,3.54
2026-10-11 11:34:38,10.131827961962827,10.0122919212722,11.707487455053892,17.985,4.539868716292546,4.633489047116043,1.6441054609183001,8.295,1.930595079025573,2.024829354341731,0.22119594738595394,3.545
2026-10-11 11:49:38,10.184213151667711,10.063413029082247,11.765269009783173,18.08,4.556311997910224,4.6469536457263665,1.6490407859998677,8.32,1.9381854533096123,2.032687848030574,0.2219994629372687,3.56
2026-10-11 12:04:38,10.20052191862603,10.07862012055057,11.782937427517796,18.105,4.559541392905956,4.649055922661788,1.649775661214348,8.325,1.9381854533096123,2.032687848030574,0.2219994629372687,3.56
2026-10-11 12:19:38,10.203592742845547,10.08061186619091,11.785668666629158,18.11,4.562077734809261,4.653669029185254,1.6512903261432696,8.335,1.9381854533096123,2.032687848030574,0.2219994629372687,3.56
2026-10-11 12:34:38,10.21482926699939,10.094746328756534,11.801520589523653,18.13,4.562077734809261,4.653669029185254,1.6512903261432696,8.335,1.9408933048390407,2.037121116315087,0.22216698095017628,3.565
2026-10-11 12:49:38,10.216565537394327,10.096863673569873,11.805460734750373,18.135,4.562077734809261,4.653669029185254,1.6512903261432696,8.335,1.942189481609701,2.0410352333669723,0.22232580667033713,3.57
2026-10-11 13:04:38,10.218362237758429,10.102896795203412,11.81032500209004,18.145,4.564653191467165,4.656379949155343,1.652209343122417,8.34,1.9452714959782829,2.0449880582417364,0.22256033023098476,3.575
2026-10-11 13:19:38,10.23049055666038,10.12089820743581,11.824043657738327,18.17,4.571091301019825,4.659385540073696,1.6542765667853676,8.35,1.9452714959782829,2.0449880582417364,0.22256033023098476,3.575
2026-10-11 13:34:38,10.240484878365153,10.13423573898335,11.836917468686856,18.19,4.571091301019825,4.659385540073696,1.6542765667853676,8.35,1.9452714959782829,2.0449880582417364,0.22256033023098476,3.575
2026-10-11 13:49:38,10.245711453520682,10.138204817758803,11.841463583182827,18.2,4.571091301019825,4.659385540073696,1.6542765667853676,8.35,1.9452714959782829,2.0449880582417364,0.22256033023098476,3.575
2026-10-11 14:04:38,10.25763760472146,10.149512453254253,11.852930268201286,18.22,4.571091301019825,4.659385540073696,1.6542765667853676,8.35,1.9452714959782829,2.0449880582417364,0.22256033023098476,3.575
2026-10-11 14:19:38,10.267952329608924,10.167271157110562,11.869330307731524,18.245,4.571778782395084,4.663358257672007,1.6553736806662633,8.355,1.9452714959782829,2.0449880582417364,0.22256033023098476,3.575
2026-10-11 14:34:38,10.290402360463345,10.188775295684634,11.898000782239123,18.285,4.57621430448167,4.66549735100959,1.6564303424278737,8.36,1.948709030609795,2.0496728164662827,0.22304405483490763,3.58
2026-10-11 14:49:38,10.311272290911395,10.21287963628647,11.92295630122264,18.325,4.5839786272510725,4.672092650305161,1.6596766732993495,8.375,1.953505559360564,2.0537055605521712,0.22330274130964528,3.585
2026-10-11 15:04:38,10.333247389630225,10.229294878975868,11.948541951051332,18.36,4.586415482915037,4.6753875827359765,1.6610858674916598,8.38,1.953505559360564,2.0537055605521712,0.22330274130964528,3.585
2026-10-11 15:19:38,10.349631624783232,10.244392922202818,11.965412631390459,18.39,4.586415482915037,4.6753875827359765,1.6610858674916598,8.38,1.953505559360564,2.0537055605521712,0.22330274130964528,3.585
2026-10-11 15:34:38,10.36756858626244,10.259418177699466,11.982594411117054,18.42,4.586415482915037,4.6753875827359765,1.6610858674916598,8.38,1.953505559360564,2.0537055605521712,0.22330274130964528,3.585
2026-10-11 15:49:38,10.386626855913995,10.275689164309076,12.00316963954731,18.455,4.586415482915037,4.6753875827359765,1.6610858674916598,8.38,1.953505559360564,2.0537055605521712,0.22330274130964528,3.585
2026-10-11 16:04:38,10.41632927378262,10.30817500635002,12.034728511801259,18.51,4.588194417132697,4.679023230168458,1.663228222677877,8.39,1.953505559360564,2.0537055605521712,0.22330274130964528,3.585
2026-10-11 16:19:38,10.447211599655214,10.335466828130095,12.073882341298416,18.565,4.590753100725731,4.682272022763141,1.6642420179126778,8.395,1.9542491582972887,2.0565694944029924,0.22363026426419816,3.59
2026-10-11 16:34:38,10.469095450131933,10.355287195008351,12.098156332528005,18.605,4.604047406913077,4.698557565398018,1.6699540870948961,8.425,1.9567900533988443,2.0603443712898613,0.22392338410005688,3.595
2026-10-11 16:49:38,10.495595397861583,10.371010851134386,12.118046629449012,18.645,4.612037384136191,4.707165301205644,1.6716931366347136,8.44,1.9567900533988443,2.0603443712898613,0.22392338410005688,3.595
2026-10-11 17:04:38,10.528245526707572,10.403974935287092,12.163619049005764,18.71,4.626741641697944,4.727804905821302,1.677428817036906,8.465,1.9645864054450026,2.067455357871205,0.22503597821847937,3.61
2026-10-11 17:19:38,10.541231097571753,10.418447258459505,12.181530030278509,18.735,4.631302844577151,4.733750698124014,1.6799703266408366,8.475,1.9645864054450026,2.067455357871205,0.22503597821847937,3.61
2026-10-11 17:34:38,10.552995985510304,10.428929151939535,12.197822124631106,18.755,4.645038811789798,4.74893525442186,1.685613512027133,8.5,1.9645864054450026,2.067455357871205,0.22503597821847937,3.61
2026-10-11 17:49:38,10.57724541865646,10.44894918760628,12.226267367686306,18.805,4.655134793350374,4.757870604637342,1.688672598040906,8.515,1.9693190347531597,2.074543898245832,0.2254889690342121,3.62
2026-10-11 18:04:38,10.587143778618803,10.461725099218427,12.23931057624608,18.825,4.657470325812012,4.75868697277111,1.6893846680272107,8.52,1.9735711546855181,2.0780874348962617,0.22562252472724584,3.625
2026-10-11 18:19:38,10.703539894572051,10.575722739060636,12.365263152994777,19.035,4.698432183605139,4.798871134243909,1.704622535911573,8.59,2.008382361715844,2.1162977018758644,0.2304295031145934,3.685
2026-10-11 18:34:38,10.77105654931164,10.64839771446489,12.452979946468618,19.165,4.717818717596164,4.815901689466666,1.7112758888906234,8.62,2.0164726611442974,2.12596118842996,0.23108229179935355,3.7
2026-10-11 18:49:38,10.801432031439628,10.672045358215923,12.482322060793857,19.215,4.743723999812967,4.843073181925796,1.7202667591365257,8.665,2.0221919064720626,2.134536431598938,0.2314069304021424,3.71
2026-10-11 19:04:38,10.851755516935931,10.724545382848445,12.543006324080528,19.3,4.779761158928728,4.874789620277845,1.7326774087626484,8.725,2.026909366843858,2.145709364517129,0.23244878112045847,3.725
2026-10-11 19:19:38,10.906379575576725,10.77922033095746,12.59833631119048,19.395,4.803278666712151,4.889934253842576,1.7392448506240292,8.76,2.0357006866498715,2.155226740929263,0.23343014376486496,3.74
2026-10-11 19:34:38,10.967072147781003,10.84137683244723,12.668056322336536,19.515,4.822964242159434,4.914248090618622,1.7470152067539841,8.8,2.043821561378253,2.1645831334089047,0.23395331941344502,3.75
2026-10-11 19:49:38,11.01371114957937,10.893558059024775,12.726310749093889,19.595,4.847811419175321,4.93460661515,1.7545017109924357,8.835,2.044721547013548,2.1656004272738145,0.234383112716916,3.755
2026-10-11 20:04:38,11.049468522543474,10.925150598149772,12.765073311936503,19.655,4.8595787818932346,4.942753161439508,1.7594636966737367,8.855,2.049134064098636,2.170063379432364,0.23485721109627986,3.76
2026-10-11 20:19:38,11.088943382432447,10.973507327996739,12.81101275098127,19.73,4.882265985996123,4.961820403670065,1.7672449951526439,8.89,2.063768808241579,2.1888125314952527,0.23681170786067043,3.79
2026-10-11 20:34:38,11.112677952534197,11.004129405260349,12.834241357023743,19.77,4.895048252881006,4.978568575029362,1.772105104048588,8.915,2.0684095995978753,2.190389917561851,0.23694125355933734,3.795
2026-10-11 20:49:38,11.126224440218566,11.015948136220446,12.84695209435113,19.79,4.897643529349135,4.982837394129769,1.7735027567985968,8.92,2.0735557242181017,2.199540022028883,0.23778605200839453,3.805
2026-10-11 21:04:38,11.14459045621491,11.031256896470628,12.86332736438539,19.82,4.901523115993924,4.984693973388168,1.7761464129573465,8.93,2.0735557242181017,2.199540022028883,0.23778605200839453,3.805
2026-10-11 21:19:38,11.225254790757674,11.121309221532771,12.95872641222814,19.96,4.929117761988058,5.017023273324267,1.7865038713645691,8.99,2.100697314501423,2.2201692445762147,0.2405690402582885,3.855
2026-10-11 21:34:38,11.225254790757674,11.121309221532771,12.95872641222814,19.96,4.929117761988058,5.017023273324267,1.7865038713645691,8.99,2.100697314501423,2.2201692445762147,0.2405690402582885,3.855
2026-10-11 21:49:38,11.233379181201496,11.129754039856788,12.967507822106946,19.975,4.9314680666249435,5.026198560704803,1.7883406104726638,9.0,2.100697314501423,2.2201692445762147,0.2405690402582885,3.855
2026-10-11 22:04:38,11.250644126087732,11.151179553791781,12.992827735737297,20.01,4.943171178776195,5.034095575923982,1.7922330920120384,9.015,2.1025051223591698,2.222908706363345,0.24073022840769667,3.86
2026-10-11 22:19:38,11.263677769287101,11.17050711175731,13.019170335356797,20.05,4.966835435724081,5.054111790646799,1.8004077432600865,9.05,2.1025051223591698,2.222908706363345,0.24073022840769667,3.86
2026-10-11 22:34:38,11.28661420618218,11.198577268323286,13.048836547151874,20.095,4.979534620187993,5.071007004697458,1.8058337001496287,9.075,2.1117765583752117,2.233260601995839,0.24205028123621428,3.88
2026-10-11 22:49:38,11.325220276906624,11.23548830777033,13.090298226876104,20.155,5.009097651834209,5.103040186011883,1.814778333123201,9.125,2.1232811750513254,2.250517539554734,0.24354060640526773,3.905
2026-10-11 23:04:38,11.333086622495713,11.245402725464624,13.097222568335466,20.17,5.011945271543625,5.1058925414018805,1.816246643806938,9.13,2.129246768995266,2.2563563169133234,0.24382527287616887,3.915
2026-10-11 23:19:38,11.351617883253082,11.262402496027601,13.122682488646374,20.2,5.031603474843838,5.127770119801584,1.823698559025931,9.17,2.138243810843297,2.2616304880178846,0.2448151179396624,3.93
2026-10-11 23:34:38,11.386256985805847,11.29473077334499,13.157998800890043,20.26,5.045602735018681,5.138983034032412,1.8300050837811181,9.2,2.144777466917871,2.2630316514477578,0.24570271421985618,3.94
2026-10-11 23:49:38,11.406093547641605,11.319124032512418,13.196047781647401,20.315,5.059156134165111,5.15330824354838,1.834630739706682,9.22,2.155685380860163,2.2719356782082696,0.24677265039389845,3.955
2026-10-12 00:04:38,11.406093547641605,11.319124032512418,13.196047781647401,20.315,5.059156134165111,5.15330824354838,1.834630739706682,9.22,2.155685380860163,2.2719356782082696,0.24677265039389845,3.955
2026-10-12 00:19:38,11.458970629629174,11.370773257296207,13.25331573315824,20.41,5.101907698487926,5.184114365443964,1.8475101363797914,9.285,2.1603984942770724,2.2781208290368467,0.24779386486834892,3.97
2026-10-12 00:34:38,11.496517516557047,11.420155142939421,13.299028965461451,20.49,5.116651260841535,5.202235926312753,1.853328178480966,9.315,2.165347674395964,2.284302472490814,0.24861954318885038,3.985
2026-10-12 00:49:38,11.496517516557047,11.420155142939421,13.299028965461451,20.49,5.116651260841535,5.202235926312753,1.853328178480966,9.315,2.165347674395964,2.284302472490814,0.24861954318885038,3.985
2026-10-12 01:04:38,11.510732316464255,11.437001338111402,13.315685379590008,20.515,5.120707199074585,5.203652644537094,1.8543065572708235,9.32,2.173686821721981,2.2931187792179775,0.24931170631702498,3.995
2026-10-12 01:19:38,11.527101196342977,11.455906468649252,13.336189309278021,20.545,5.143168288169933,5.229926225402462,1.8619514319538597,9.36,2.1818942886045267,2.303801348117237,0.2504088555048309,4.01
2026-10-12 01:34:38,11.556755671070984,11.489292518464197,13.367119976034074,20.595,5.148559121078349,5.236086868996532,1.8644707741885407,9.37,2.1874031210370273,2.3123974262106723,0.25128187872370666,4.02
2026-10-12 01:49:38,11.556755671070984,11.489292518464197,13.367119976034074,20.595,5.148559121078349,5.236086868996532,1.8644707741885407,9.37,2.1874031210370273,2.3123974262106723,0.25128187872370666,4.02
2026-10-12 02:04:38,11.556755671070984,11.489292518464197,13.367119976034074,20.595,5.148559121078349,5.236086868996532,1.8644707741885407,9.37,2.1874031210370273,2.3123974262106723,0.25128187872370666,4.02
2026-10-12 02:19:38,11.55967452131977,11.49183095634387,13.37063918685277,20.6,5.148559121078349,5.236086868996532,1.8644707741885407,9.37,2.1874031210370273,2.3123974262106723,0.25128187872370666,4.02
2026-10-12 02:34:38,11.561720373335355,11.497897833784927,13.375761102351094,20.61,5.152467179123517,5.239480985312078,1.8654850968566032,9.375,2.1874031210370273,2.3123974262106723,0.25128187872370666,4.02
2026-10-12 02:49:38,11.566304252407752,11.508144075700521,13.384725890858416,20.625,5.160790945422841,5.243919924107645,1.8676063135891647,9.385,2.1904188730431042,2.3130986836559075,0.2515323361925286,4.025
2026-10-12 03:04:38,11.57627397333956,11.51760133984142,13.400198621535182,20.645,5.171998103914864,5.252399522628709,1.872225594888786,9.405,2.1965649906241596,2.32798758381665,0.25275476679116177,4.045
2026-10-12 03:19:38,11.61583322220571,11.554023162905311,13.439151235196501,20.71,5.1857273910320885,5.26820341044215,1.8762107257503204,9.425,2.2024176277991563,2.3343003280097374,0.2533802791877745,4.055
2026-10-12 03:34:38,11.637476109827857,11.570359100917772,13.460848346427971,20.74,5.194520599134617,5.273826210665205,1.878044721365905,9.435,2.205152854813557,2.337239702675399,0.2537837013136662,4.06
2026-10-12 03:49:38,11.665135397876126,11.60880237816571,13.503173476143235,20.805,5.2250960318640916,5.305394369842328,1.8888340070791398,9.49,2.211685859712348,2.342815697795295,0.25431861774742337,4.075
2026-10-12 04:04:38,11.69856793207189,11.65701030584151,13.557814952764454,20.88,5.239114686130309,5.312947858131555,1.8938554220290305,9.515,2.227780846427189,2.358302889222767,0.2566340726028404,4.11
2026-10-12 04:19:38,11.76666425247071,11.717880805201897,13.61722831133251,20.975,5.24678233849603,5.323316935810816,1.896796371328033,9.53,2.237824840450523,2.365946005040844,0.2571228023635257,4.125
2026-10-12 04:34:38,11.805513621374923,11.753560854789882,13.660922894253213,21.045,5.261153558841505,5.33799303186879,1.9025398720281788,9.56,2.2568142939013014,2.3825660083448885,0.2583991545908268,4.15
2026-10-12 04:49:38,11.805513621374923,11.753560854789882,13.660922894253213,21.045,5.261153558841505,5.33799303186879,1.9025398720281788,9.56,2.2568142939013014,2.3825660083448885,0.2583991545908268,4.15
2026-10-12 05:04:38,11.818657043796666,11.765012276482544,13.672754934805278,21.065,5.28453204873768,5.3572013020330385,1.9095871261994588,9.595,2.2609871708001292,2.383381170512715,0.25875645445967455,4.155
2026-10-12 05:19:38,11.842140697399067,11.788605483104906,13.69943753161263,21.105,5.291714025261027,5.366739248228988,1.912512764929751,9.61,2.2619511562745425,2.3845294425055936,0.25921047476051795,4.16
2026-10-12 05:34:38,11.885003986265065,11.837892355212752,13.754352327006142,21.195,5.310586597927601,5.387533911906389,1.91948912149934,9.65,2.2663051991727103,2.390136336419795,0.25968188366860573,4.17
2026-10-12 05:49:38,11.95651833051846,11.904824395037927,13.824843281649281,21.315,5.341586367755666,5.415425277413734,1.9297052023028873,9.7,2.2786507716176367,2.408328089914108,0.2611835239868175,4.2
2026-10-12 06:04:38,12.070944366129863,12.010861173982583,13.946804424589057,21.505,5.384409828088937,5.465286548944318,1.9455175989114295,9.775,2.287046998778343,2.421717894347456,0.2627362847349207,4.225
2026-10-12 06:19:38,12.15598526040063,12.117875177197506,14.064206827084087,21.685,5.4233107190645296,5.507482940125842,1.958699769876118,9.845,2.3076481528329147,2.447021846057626,0.26488229286347076,4.26
2026-10-12 06:34:38,12.217348372573458,12.181125224580828,14.143424764245765,21.8,5.466017419055405,5.550197735908032,1.9722493075037288,9.915,2.3355939111772943,2.468079061143819,0.2678437391943812,4.3
2026-10-12 06:49:38,12.254335238308375,12.224392898337952,14.195427491112678,21.88,5.478793910336849,5.5628058854950595,1.9769457426166113,9.94,2.3404757531792493,2.470438647618004,0.26831855478359057,4.305
2026-10-12 07:04:38,12.305073836477808,12.272631789151554,14.246348537721737,21.965,5.500142748209554,5.589870680189985,1.9860087924282366,9.985,2.3465870429530518,2.474486112467848,0.2691113791105264,4.315
2026-10-12 07:19:38,12.396767537916682,12.361304506386302,14.348500283560014,22.125,5.530815687431705,5.611138433889823,1.9962799834735434,10.03,2.36601817925703,2.4939106040343453,0.2712188939788517,4.35
2026-10-12 07:34:38,12.463996371926633,12.425500762406058,14.433534220776105,22.255,5.580157366501191,5.659883072196291,2.015325408017243,10.12,2.371791658808295,2.5001258343641304,0.27206306057929736,4.36
2026-10-12 07:49:38,12.494775676832726,12.455099952441707,14.46301564888786,22.31,5.591932483961511,5.674030624181696,2.0200728075407066,10.145,2.380949855351384,2.509842196898167,0.2729102892400483,4.375
2026-10-12 08:04:38,12.521903794351871,12.483719743244068,14.49583705034977,22.36,5.607308655182316,5.685413517540014,2.0246692731184956,10.165,2.3818483397502153,2.510685443099834,0.2732156014058407,4.38
2026-10-12 08:19:38,12.565510704901484,12.527613818804518,14.5550125991917,22.45,5.643266524017775,5.726231092134774,2.0392520353711285,10.235,2.3938378614893114,2.5219710459854654,0.2746947981416662,4.4
2026-10-12 08:34:38,12.597286063968589,12.56306500176623,14.594696949675104,22.505,5.655576870420005,5.739566362851937,2.043563487497185,10.26,2.3938378614893114,2.5219710459854654,0.2746947981416662,4.4
2026-10-12 08:49:38,12.642863745730047,12.608256330830512,14.648248337127406,22.585,5.680826536301923,5.7663644345624245,2.0523968747015866,10.305,2.4093468677389653,2.5374585078914698,0.2757692729627932,4.425
2026-10-12 09:04:38,12.665998805625069,12.633619084188043,14.673767710477179,22.63,5.6946919270870096,5.783721678188531,2.058015549338441,10.33,2.420623686881037,2.5502843948482106,0.27698329696622215,4.445
2026-10-12 09:19:38,12.742454593854038,12.694652742299663,14.751463489758509,22.745,5.720299624647975,5.800953505310325,2.0642663763788414,10.37,2.4286324156534373,2.5531860103184907,0.2778376609843825,4.46
2026-10-12 09:34:38,12.81290064566035,12.767477413965173,14.835434052230141,22.88,5.754618342485362,5.844386615428538,2.079509017063233,10.445,2.440021202465453,2.5626824110269824,0.27925419272631563,4.48
2026-10-12 09:49:38,12.859915481782409,12.817137538513583,14.884795477926266,22.955,5.793335428623686,5.8793038070233195,2.0907848961294175,10.505,2.456258834756986,2.576372384722186,0.28096653632563434,4.505
2026-10-12 10:04:38,12.903240087581837,12.853795828175713,14.936671070912668,23.03,5.815492181870445,5.905662707713231,2.100708339679728,10.555,2.466305383841875,2.585381476300686,0.28186273438908166,4.525
2026-10-12 10:19:38,12.927276198727352,12.873875786576805,14.958781438221298,23.065,5.815492181870445,5.905662707713231,2.100708339679728,10.555,2.466305383841875,2.585381476300686,0.28186273438908166,4.525
2026-10-12 10:34:38,12.927276198727352,12.873875786576805,14.958781438221298,23.065,5.815492181870445,5.905662707713231,2.100708339679728,10.555,2.466305383841875,2.585381476300686,0.28186273438908166,4.525
2026-10-12 10:49:38,12.93544847506574,12.884452282234836,14.971937711832648,23.085,5.82104109012182,5.911156338883915,2.102602323909159,10.565,2.466305383841875,2.585381476300686,0.28186273438908166,4.525
2026-10-12 11:04:38,12.94846300269175,12.896401284540003,14.984288295183132,23.105,5.823869767233955,5.9159286504867845,2.103837683499469,10.57,2.466305383841875,2.585381476300686,0.28186273438908166,4.525
2026-10-12 11:19:38,12.9593775267461,12.909984567953197,14.999252823998196,23.13,5.823869767233955,5.9159286504867845,2.103837683499469,10.57,2.467455752679885,2.588866259849353,0.28216596021578594,4.53
2026-10-12 11:34:38,12.975685449201142,12.933597576316652,15.025392313963458,23.17,5.830108787186352,5.922328654094154,2.105205015228351,10.58,2.467455752679885,2.588866259849353,0.28216596021578594,4.53
2026-10-12 11:49:38,12.987187909423165,12.942241370766926,15.037510094378424,23.185,5.834849920790035,5.925766618367187,2.1059192141335017,10.585,2.467455752679885,2.588866259849353,0.28216596021578594,4.53
2026-10-12 12:04:38,12.987187909423165,12.942241370766926,15.037510094378424,23.185,5.834849920790035,5.925766618367187,2.1059192141335017,10.585,2.467455752679885,2.588866259849353,0.28216596021578594,4.53
2026-10-12 12:19:38,12.998494677787358,12.952298563705243,15.047394163343101,23.2,5.834849920790035,5.925766618367187,2.1059192141335017,10.585,2.467455752679885,2.588866259849353,0.28216596021578594,4.53
2026-10-12 12:34:38,12.998494677787358,12.952298563705243,15.047394163343101,23.2,5.834849920790035,5.925766618367187,2.1059192141335017,10.585,2.467455752679885,2.588866259849353,0.28216596021578594,4.53
2026-10-12 12:49:38,12.998494677787358,12.952298563705243,15.047394163343101,23.2,5.834849920790035,5.925766618367187,2.1059192141335017,10.585,2.467455752679885,2.588866259849353,0.28216596021578594,4.53
2026-10-12 13:04:38,12.998494677787358,12.952298563705243,15.047394163343101,23.2,5.834849920790035,5.925766618367187,2.1059192141335017,10.585,2.467455752679885,2.588866259849353,0.28216596021578594,4.53
2026-10-12 13:19:38,12.998494677787358,12.952298563705243,15.047394163343101,23.2,5.834849920790035,5.925766618367187,2.1059192141335017,10.585,2.467455752679885,2.588866259849353,0.28216596021578594,4.53
2026-10-12 13:34:38,12.998494677787358,12.952298563705243,15.047394163343101,23.2,5.834849920790035,5.925766618367187,2.1059192141335017,10.585,2.467455752679885,2.588866259849353,0.28216596021578594,4.53
2026-10-12 13:49:38,12.998494677787358,12.952298563705243,15.047394163343101,23.2,5.834849920790035,5.925766618367187,2.1059192141335017,10.585,2.467455752679885,2.588866259849353,0.28216596021578594,4.53
2026-10-12 14:04:38,13.007730584965163,12.962717807589557,15.059114642825321,23.215,5.84129160596174,5.92894409758767,2.108975299264314,10.6,2.467455752679885,2.588866259849353,0.28216596021578594,4.53
2026-10-12 14:19:38,13.01133025676993,12.967523352266412,15.06324263515235,23.225,5.84129160596174,5.92894409758767,2.108975299264314,10.6,2.467455752679885,2.588866259849353,0.28216596021578594,4.53
2026-10-12 14:34:38,13.012796424790901,12.969275119519134,15.067049562344485,23.23,5.849935086675951,5.935129174659731,2.1108694849897662,10.61,2.467455752679885,2.588866259849353,0.28216596021578594,4.53
2026-10-12 14:49:38,13.021621975239343,12.977363489638313,15.070643742448167,23.24,5.849935086675951,5.935129174659731,2.1108694849897662,10.61,2.467455752679885,2.588866259849353,0.28216596021578594,4.53
2026-10-12 15:04:38,13.03633209330111,12.996272546104903,15.090502806273829,23.27,5.849935086675951,5.935129174659731,2.1108694849897662,10.61,2.467455752679885,2.588866259849353,0.28216596021578594,4.53
2026-10-12 15:19:38,13.03633209330111,12.996272546104903,15.090502806273829,23.27,5.851797780480147,5.9369267542074935,2.111670528833989,10.615,2.467455752679885,2.588866259849353,0.28216596021578594,4.53
2026-10-12 15:34:38,13.051328949654236,13.008443435058572,15.10516759946328,23.295,5.851797780480147,5.9369267542074935,2.111670528833989,10.615,2.4705186167318245,2.5911909345063657,0.28260320974191816,4.535
2026-10-12 15:49:38,13.069714098798755,13.022847877376854,15.127725895619825,23.33,5.856641207654881,5.938838791492597,2.1127050946635633,10.62,2.4705186167318245,2.5911909345063657,0.28260320974191816,4.535
2026-10-12 16:04:38,13.078104807472327,13.038535814785902,15.139388409828367,23.35,5.856641207654881,5.938838791492597,2.1127050946635633,10.62,2.4733476798648817,2.5946180625721893,0.28287325602301694,4.54
2026-10-12 16:19:38,13.084339427171267,13.043049488948332,15.143667251087932,23.36,5.866405023101351,5.944660311482081,2.1164644270086788,10.635,2.4733476798648817,2.5946180625721893,0.28287325602301694,4.54
2026-10-12 16:34:38,13.096255351774271,13.058884083694654,15.160458200051904,23.385,5.8716741278686655,5.949906274708442,2.119404409005532,10.65,2.477486963499005,2.6020108646807563,0.28346432817790407,4.55
2026-10-12 16:49:38,13.098596703274236,13.062791995698287,15.166448198092628,23.395,5.8716741278686655,5.949906274708442,2.119404409005532,10.65,2.477486963499005,2.6020108646807563,0.28346432817790407,4.55
2026-10-12 17:04:38,13.104267619172525,13.074306475769268,15.175667539763825,23.41,5.877662894861666,5.955580187610972,2.122115703495289,10.66,2.477486963499005,2.6020108646807563,0.28346432817790407,4.55
2026-10-12 17:19:38,13.119659453023027,13.088752677987808,15.192379330946688,23.435,5.8926606835041255,5.9628889945464625,2.126570913487748,10.68,2.477486963499005,2.6020108646807563,0.28346432817790407,4.55
2026-10-12 17:34:38,13.124066983578413,13.094293057513188,15.197262009010366,23.445,5.8926606835041255,5.9628889945464625,2.126570913487748,10.68,2.477486963499005,2.6020108646807563,0.28346432817790407,4.55
2026-10-12 17:49:38,13.137222333406028,13.104621043923931,15.206512100823312,23.46,5.8926606835041255,5.9628889945464625,2.126570913487748,10.68,2.477486963499005,2.6020108646807563,0.28346432817790407,4.55
2026-10-12 18:04:38,13.140493219970637,13.109810858049755,15.210889082773722,23.47,5.8936235707001705,5.966606106955689,2.1279154188931093,10.685,2.477486963499005,2.6020108646807563,0.28346432817790407,4.55
2026-10-12 18:19:38,13.19847902407669,13.153339222636728,15.268767066081974,23.565,5.9133244460819805,5.9920433602225325,2.136341311632532,10.725,2.484953450022944,2.607688089670944,0.2845738282580308,4.565
2026-10-12 18:34:38,13.230228693551055,13.194499040741704,15.321413955214569,23.635,5.924767789297044,5.999658962691126,2.1392805042399705,10.74,2.486752642483893,2.6094668332257647,0.2848037619602318,4.57
2026-10-12 18:49:38,13.286096226350914,13.251959763844779,15.383386830992734,23.735,5.957678132985136,6.0450286148967605,2.1526295661392894,10.805,2.491250758590089,2.6202733397731848,0.2856274498373389,4.585
2026-10-12 19:04:38,13.332774568928167,13.289441620786866,15.426851308381869,23.81,5.98894703389103,6.070287807500493,2.1617873130880385,10.85,2.4988547167171142,2.62683327428259,0.28646935127096185,4.595
2026-10-12 19:19:38,13.373163734920924,13.332761758788559,15.474031308988952,23.88,6.009150205034847,6.090957858283601,2.1702480791205745,10.89,2.5165708534056908,2.635991405538769,0.28786771042852766,4.62
2026-10-12 19:34:38,13.410589432074364,13.372423231922966,15.51384053427063,23.945,6.025806827973363,6.114351064926589,2.1770191533595304,10.925,2.52613546277022,2.646609144368638,0.2890571846212439,4.64
2026-10-12 19:49:38,13.447180418275247,13.424249404946757,15.558365667536087,24.015,6.046200504948814,6.133538126863263,2.1853983622702207,10.96,2.5343207836948025,2.6521703876804046,0.29010649924146065,4.655
2026-10-12 20:04:38,13.479931143138474,13.458458792721457,15.598295610399845,24.075,6.055775844101489,6.143345591811994,2.189831793901923,10.98,2.5551748292349483,2.6708462751020714,0.29283403875141617,4.69
2026-10-12 20:19:38,13.499435058162538,13.47971091905162,15.623329212921828,24.115,6.055775844101489,6.143345591811994,2.189831793901923,10.98,2.558942907107598,2.6746354363435096,0.2929882054663648,4.695
2026-10-12 20:34:38,13.548871312153175,13.525963456853432,15.680260149580567,24.2,6.077766389956983,6.163748496994601,2.196831629539626,11.015,2.566356820117073,2.685965381728208,0.2945730966828937,4.72
2026-10-12 20:49:38,13.578150259004564,13.556633145186101,15.718861501281857,24.265,6.096111198767295,6.178548403029884,2.203785621334779,11.05,2.5680776364845475,2.6886171618008934,0.2948080912517335,4.725
2026-10-12 21:04:38,13.623826393311377,13.600929310368311,15.787576706896202,24.36,6.142154931606,6.225835896081647,2.2173618206862855,11.125,2.5715914649262333,2.6892567355507033,0.2951936619495368,4.73
2026-10-12 21:19:38,13.717970030950287,13.677078156771138,15.900592082305195,24.525,6.196233164202677,6.277772514504359,2.238927700388685,11.235,2.6001898167032356,2.712486776693808,0.2989100105448842,4.785
2026-10-12 21:34:38,13.824195733788267,13.777920814541718,16.01453563551233,24.705,6.22372266498178,6.310480995589507,2.2496125072536888,11.285,2.6154278771429036,2.7257335702017764,0.3007245192215498,4.81
2026-10-12 21:49:38,13.909717661346129,13.852125717993712,16.100177331105357,24.84,6.276902316548631,6.360637628646108,2.2708465485226497,11.38,2.6390808166439585,2.7470225289133507,0.303437368210327,4.855
2026-10-12 22:04:38,13.965731659460925,13.913581914190283,16.16484641872297,24.935,6.309062804913867,6.386049429948925,2.2806665267504287,11.425,2.663757315553523,2.7786820123230287,0.30669088643579007,4.9
2026-10-12 22:19:38,14.037670747180137,13.975737752188113,16.237421854293032,25.04,6.33235143283235,6.407378094123231,2.2895438494166185,11.465,2.6722403262794705,2.791373590409716,0.3076635947603699,4.92
2026-10-12 22:34:38,14.072334892642484,14.01195356540123,16.280131120860464,25.105,6.368888282052461,6.442436087478658,2.30224435333789,11.535,2.694066825394687,2.8097518775296235,0.3092596009397534,4.95
2026-10-12 22:49:38,14.14019037873134,14.071794909460145,16.34573868850543,25.215,6.3885396518320805,6.457845608671446,2.309596643620071,11.575,2.719908530688846,2.837589755113467,0.31107137018965836,4.985
2026-10-12 23:04:38,14.192082316090772,14.135036769129375,16.409735955695098,25.31,6.414415030936817,6.487807806376922,2.3199580535571287,11.625,2.7339780137094416,2.8481719986861043,0.3125005110867902,5.01
2026-10-12 23:19:38,14.259933505025392,14.20259958796325,16.495650548095412,25.435,6.450268852930156,6.510465957030117,2.330585776440068,11.675,2.7480277868480125,2.8593237531460733,0.31342904019418155,5.03
2026-10-12 23:34:38,14.362826715638015,14.30945885902919,16.609745718162735,25.605,6.495755897050725,6.557064374363686,2.3491669466654233,11.77,2.7628394742505167,2.868833409177533,0.31479355535923037,5.05
2026-10-12 23:49:38,14.415338048489541,14.354775632530977,16.666991961702795,25.695,6.5234778327291405,6.587663919471043,2.357547095042777,11.815,2.7744289042684858,2.882401975776871,0.31666714026975223,5.075
2026-10-13 00:04:38,14.488338020375952,14.43088431146263,16.744012733464263,25.82,6.571688324388338,6.636471071527846,2.373689082594165,11.9,2.7786164934420157,2.885761089776462,0.31718484561171967,5.085
2026-10-13 00:19:38,14.51376958414381,14.472546161246031,16.78715820270728,25.88,6.597537641422931,6.659214979247936,2.381675880594036,11.94,2.800400755529972,2.909906869707981,0.3187022104452816,5.115
2026-10-13 00:34:38,14.568870963588674,14.52436627594022,16.84654464903062,25.975,6.638640563223456,6.702066252567601,2.3954493207903704,12.005,2.8193552131848456,2.921078615053982,0.320172889969569,5.14
2026-10-13 00:49:38,14.6586411317904,14.632120285806227,16.961699471861436,26.155,6.684865957854258,6.755411207149784,2.4107769301841917,12.09,2.83022440018514,2.940322271486823,0.3225122056880013,5.17
2026-10-13 01:04:38,14.67051436326459,14.641068899351863,16.973244124387808,26.17,6.691784176146207,6.76279586868565,2.413367196770098,12.1,2.83022440018514,2.940322271486823,0.3225122056880013,5.17
2026-10-13 01:19:38,14.70374402263771,14.67658634222391,17.014462738913927,26.23,6.719012572446832,6.789385544588106,2.421655244694784,12.14,2.8431576886611873,2.9621741295435235,0.32440185680371586,5.2
2026-10-13 01:34:38,14.781947282845273,14.753973261346957,17.106856484401707,26.38,6.772399999375495,6.851636901843368,2.443586787838023,12.25,2.854704954693525,2.9795051818497202,0.32650522173690266,5.23
2026-10-13 01:49:38,14.794875755605661,14.767586315545742,17.12179949678906,26.4,6.784370808190993,6.85558407139753,2.4459623595764595,12.265,2.862924365268179,2.9825940017153343,0.32725390957428563,5.24
2026-10-13 02:04:38,14.805456159977126,14.78078546817916,17.136531542838622,26.42,6.79531070856474,6.865977158293319,2.4494535061424925,12.285,2.867503531288475,2.987567759874635,0.32759589739117795,5.245
2026-10-13 02:19:38,14.836051742776547,14.812548041072208,17.171287417478887,26.475,6.812745786997695,6.877119097309375,2.454781194539077,12.31,2.874512698820532,2.9969198309421174,0.3283033844724839,5.26
2026-10-13 02:34:38,14.867204008369624,14.849263092425577,17.20958816553899,26.535,6.826860708802927,6.887656714166169,2.4616150347555883,12.34,2.87901134212374,3.011213630232304,0.3295821770548769,5.275
2026-10-13 02:49:38,14.966554681413784,14.944406530512255,17.323476526411,26.71,6.86389488030007,6.925628558865305,2.4754657909891216,12.405,2.914818571751747,3.050626145823607,0.33245993879015734,5.33
2026-10-13 03:04:38,15.047592927181032,15.015427505566366,17.41355403781206,26.85,6.908509218743276,6.97276649098688,2.4931415076803134,12.49,2.9442011248377824,3.091400121808173,0.3361826132237474,5.39
2026-10-13 03:19:38,15.1043248735906,15.07033972987951,17.479992659915904,26.95,6.929591610857692,7.001888253615251,2.5030601008792757,12.54,2.9754851614726876,3.114156881027907,0.33908231464724103,5.435
2026-10-13 03:34:38,15.164158761030466,15.127580810409206,17.54846986308652,27.055,6.951233771819214,7.023333592542347,2.510297646546854,12.575,2.993131986207622,3.1314092398102766,0.3411645153590676,5.47
2026-10-13 03:49:38,15.196148781591376,15.171612230346671,17.592053483051277,27.12,6.98506949853673,7.0656192684523855,2.527412849490058,12.65,2.9987333730359533,3.1373202221504193,0.34167301019931823,5.48
2026-10-13 04:04:38,15.23120337352177,15.20634279537876,17.6357680353286,27.185,7.0129512171626835,7.09019325769316,2.5372092782291613,12.695,3.0056427493656708,3.1449826511571355,0.34237817324301734,5.495
2026-10-13 04:19:38,15.327066580539462,15.299213336080278,17.75789874878792,27.36,7.061459512022372,7.136018912663704,2.5550790681486535,12.785,3.0311082683157857,3.1644770685912396,0.3446715427365652,5.535
2026-10-13 04:34:38,15.387951815907469,15.356504349547732,17.828520939711915,27.47,7.076736166317769,7.145831549681967,2.559492094190507,12.805,3.033111941378228,3.1667887878581786,0.3450983821360122,5.54
2026-10-13 04:49:38,15.450929337726365,15.424488678322668,17.900667308746993,27.585,7.112646639357057,7.179028048547199,2.5739617939632837,12.875,3.0600757647435275,3.1892439252564215,0.3485999694015466,5.59
2026-10-13 05:04:38,15.514873830331023,15.48213809381644,17.967243073568223,27.69,7.153057785463701,7.2263471916781175,2.587958612702487,12.95,3.0707935545765292,3.2015209214489397,0.34943380157893117,5.605
2026-10-13 05:19:38,15.662397846094102,15.61041509836726,18.115169218794154,27.93,7.230218785608251,7.302906772551943,2.6115120193877566,13.08,3.0861187911224577,3.21713642099249,0.3522408335670028,5.64
2026-10-13 05:34:38,15.74550532358313,15.694636478528441,18.211057532308278,28.075,7.259013882095679,7.332429663712289,2.62246652872729,13.14,3.0885154361011837,3.224653385082263,0.3530418071791913,5.65
2026-10-13 05:49:38,15.79332874114773,15.75316272257361,18.274070650231184,28.17,7.30846997965479,7.386126708493425,2.639677233568302,13.23,3.104287287574987,3.2415622445059338,0.35463290042184287,5.675
2026-10-13 06:04:38,15.92037139001813,15.875888339250736,18.438612093682583,28.4,7.388560726045002,7.445620553834595,2.661644948364506,13.34,3.1391339679464703,3.2764861170185653,0.35794909740090863,5.74
2026-10-13 06:19:38,16.02377749116391,15.995035589838434,18.563480888627172,28.595,7.4535049396223085,7.501383666274032,2.6831557962340664,13.45,3.1579853378028817,3.2906862622756803,0.36010369677210796,5.775
2026-10-13 06:34:38,16.09748248151866,16.050232587281677,18.643664327388247,28.71,7.486895626750165,7.523610078646104,2.6945840572036217,13.505,3.176362012373551,3.315465696138388,0.3627842118350038,5.81
2026-10-13 06:49:38,16.20968092791555,16.165908308588985,18.78125022389791,28.915,7.516417900474996,7.558361269814336,2.704284603812557,13.555,3.184042403345028,3.329309146817272,0.3642455276728274,5.835
2026-10-13 07:04:38,16.29019684686244,16.243265453957125,18.883684764588942,29.07,7.5621369165326975,7.597651034404355,2.7193668525269423,13.63,3.1982816352192436,3.341904860266061,0.365204428536254,5.855
2026-10-13 07:19:38,16.357870284684612,16.296852002434086,18.954849792887252,29.185,7.58406810743091,7.613650622377218,2.727820669719378,13.67,3.2137894692842517,3.356815650648376,0.36648102328143917,5.88
2026-10-13 07:34:38,16.468703983659317,16.422185531666905,19.08780200196798,29.38,7.638159177717145,7.65609676844124,2.746761366005073,13.76,3.2290973133196617,3.3706160336082425,0.3683110416719035,5.91
2026-10-13 07:49:38,16.619659430157053,16.556306433176914,19.25095784442622,29.635,7.683408334749072,7.711554748366867,2.7665139797959046,13.855,3.2448116733391608,3.3874220627019973,0.36987556070564415,5.94
2026-10-13 08:04:38,16.71306723393496,16.650109225477333,19.35824341895758,29.8,7.718362722317947,7.743546904303087,2.7818490699110425,13.92,3.264415807891221,3.406703935236672,0.37200791244042347,5.97
2026-10-13 08:19:38,16.812019008942144,16.73012782497832,19.46634486772594,29.965,7.7751182797131895,7.792688109405787,2.7961793513337176,14.005,3.289753578791581,3.431186197479239,0.37493136576098507,6.015
2026-10-13 08:34:38,16.946344709323768,16.860801379032594,19.6098818535655,30.195,7.842842463591242,7.8660613694892625,2.820545785759719,14.125,3.3177457373667605,3.450123090847035,0.37750150455554204,6.055
2026-10-13 08:49:38,17.011839016832607,16.944287109566538,19.70062173902201,30.34,7.896572592216018,7.923933051266484,2.838538617321714,14.225,3.324633774195068,3.4626892329425027,0.3787811067588741,6.075
2026-10-13 09:04:38,17.12368607160427,17.053853257479435,19.852875482341812,30.55,7.950694771908048,7.979623217761599,2.8591678819114574,14.32,3.343665612700905,3.4826825420208594,0.38078707229798014,6.11
2026-10-13 09:19:38,17.23659683640683,17.185909415890002,20.012811516350617,30.78,8.036203572058358,8.052668637575339,2.8876924463771125,14.45,3.3756278841139866,3.5125315902608127,0.38486937247270503,6.165
2026-10-13 09:34:38,17.395093599545124,17.31604170025145,20.18408267016664,31.05,8.110715426780143,8.129265541092309,2.91704109133564,14.59,3.4045726208664666,3.5420177068720746,0.3879105566518013,6.21
2026-10-13 09:49:38,17.45435366679671,17.379923395839086,20.259410595386413,31.16,8.17175957062086,8.189810460422587,2.9372074946263487,14.69,3.4145523211658264,3.5480523424050916,0.3888396320048414,6.225
2026-10-13 10:04:38,17.51522182387693,17.44215208012393,20.32485276540711,31.265,8.192090585146264,8.209991004716386,2.9450720675152735,14.73,3.423137736601041,3.5609824709358198,0.38995132205548977,6.245
2026-10-13 10:19:38,17.522089558972006,17.44562583916319,20.33063337978084,31.275,8.192090585146264,8.209991004716386,2.9450720675152735,14.73,3.423137736601041,3.5609824709358198,0.38995132205548977,6.245
2026-10-13 10:34:38,17.536248184355845,17.45686092222194,20.345279775450784,31.295,8.196135372215577,8.212841637236743,2.946527820921124,14.735,3.4268089353152544,3.56569347818962,0.3902554995139695,6.25
2026-10-13 10:49:38,17.546136487448063,17.466660438025908,20.360799432411977,31.315,8.201548627438127,8.22055859226524,2.947868210109924,14.745,3.4268089353152544,3.56569347818962,0.3902554995139695,6.25
2026-10-13 11:04:38,17.570974627076826,17.491457308972628,20.38968726636623,31.36,8.204883132970563,8.22606195478695,2.9504702553472777,14.755,3.4311130471944753,3.568806441747199,0.3907281815094345,6.255
2026-10-13 11:19:38,17.585879601826914,17.514339801675764,20.41268582593224,31.395,8.211792407938066,8.234350975708185,2.953705188088315,14.77,3.4311130471944753,3.568806441747199,0.3907281815094345,6.255
2026-10-13 11:34:38,17.599023807006315,17.523184513875478,20.42672764129605,31.415,8.211792407938066,8.234350975708185,2.953705188088315,14.77,3.4311130471944753,3.568806441747199,0.3907281815094345,6.255
2026-10-13 11:49:38,17.614103952685234,17.54147404379127,20.451754617156855,31.445,8.217149235210702,8.240597553449614,2.9556045816613876,14.78,3.4340855236160683,3.5733401277290504,0.3910512231824775,6.26
2026-10-13 12:04:38,17.632281661936887,17.553391451655635,20.46910346628561,31.475,8.222075899625146,8.242100572415469,2.9570359497329552,14.785,3.4351184216000283,3.576329656374504,0.3915189662269897,6.265
2026-10-13 12:19:38,17.639049325515195,17.562193413406906,20.4788807552833,31.49,8.222075899625146,8.242100572415469,2.9570359497329552,14.785,3.4351184216000283,3.576329656374504,0.3915189662269897,6.265
2026-10-13 12:34:38,17.639049325515195,17.562193413406906,20.4788807552833,31.49,8.226813351261939,8.243420393395136,2.9577646920716902,14.79,3.4351184216000283,3.576329656374504,0.3915189662269897,6.265
2026-10-13 12:49:38,17.654921819955113,17.571560954912265,20.493526440374257,31.515,8.238260191939215,8.254115968269979,2.9603701906489355,14.805,3.4444959346056616,3.5854678472285495,0.39217996546780665,6.275
2026-10-13 13:04:38,17.65940962015728,17.577368201583614,20.50153520939056,31.525,8.239480098619358,8.257906989894169,2.9614624794219893,14.81,3.4444959346056616,3.5854678472285495,0.39217996546780665,6.275
2026-10-13 13:19:38,17.672072874538568,17.59062148488621,20.516315616460517,31.55,8.241632400595392,8.262756944226402,2.9623404141228105,14.815,3.4444959346056616,3.5854678472285495,0.39217996546780665,6.275
2026-10-13 13:34:38,17.674749821616857,17.59384286456555,20.520498899007233,31.555,8.245421079012507,8.272046685526782,2.9646654915751776,14.825,3.4444959346056616,3.5854678472285495,0.39217996546780665,6.275
2026-10-13 13:49:38,17.69040932395107,17.610717451304435,20.542339970100183,31.59,8.250782729551819,8.276409499866734,2.9668988086739927,14.835,3.4488128940007385,3.5894193016840554,0.39247516188820747,6.28
2026-10-13 14:04:38,17.69817514012588,17.615141007041007,20.550702712529155,31.605,8.261633232653972,8.290943388148936,2.9715827336501004,14.855,3.4488128940007385,3.5894193016840554,0.39247516188820747,6.28
2026-10-13 14:19:38,17.705491430331488,17.620124453186303,20.557619205213555,31.615,8.261633232653972,8.290943388148936,2.9715827336501004,14.855,3.4488128940007385,3.5894193016840554,0.39247516188820747,6.28
2026-10-13 14:34:38,17.71356554896571,17.630671970206677,20.570889660183372,31.635,8.261633232653972,8.290943388148936,2.9715827336501004,14.855,3.4488128940007385,3.5894193016840554,0.39247516188820747,6.28
2026-10-13 14:49:38,17.71356554896571,17.630671970206677,20.570889660183372,31.635,8.261633232653972,8.290943388148936,2.9715827336501004,14.855,3.4488128940007385,3.5894193016840554,0.39247516188820747,6.28
2026-10-13 15:04:38,17.71356554896571,17.630671970206677,20.570889660183372,31.635,8.261633232653972,8.290943388148936,2.9715827336501004,14.855,3.4488128940007385,3.5894193016840554,0.39247516188820747,6.28
2026-10-13 15:19:38,17.720985578622155,17.63672254084938,20.57904453730047,31.65,8.266360599626791,8.293555734779632,2.9727296194167905,14.86,3.4488128940007385,3.5894193016840554,0.39247516188820747,6.28
2026-10-13 15:34:38,17.73202017496894,17.6517129801747,20.591929275549496,31.67,8.274179230252427,8.298498672220896,2.9762747254419915,14.875,3.4488128940007385,3.5894193016840554,0.39247516188820747,6.28
2026-10-13 15:49:38,17.733024915121224,17.656634237219407,20.593538988195164,31.675,8.2751852417021,8.300004072528123,2.9768315352724635,14.88,3.4488128940007385,3.5894193016840554,0.39247516188820747,6.28
2026-10-13 16:04:38,17.74541076703685,17.66872267668262,20.605487038552837,31.695,8.278117327928234,8.306014721991886,2.978946169364777,14.89,3.4488128940007385,3.5894193016840554,0.39247516188820747,6.28
2026-10-13 16:19:38,17.761457098008577,17.689035862259775,20.629743731362048,31.725,8.28854114351855,8.315237536040174,2.9821303212786576,14.905,3.4488128940007385,3.5894193016840554,0.39247516188820747,6.28
2026-10-13 16:34:38,17.766802736271472,17.69680420451686,20.635283449294423,31.735,8.289833513902023,8.317846846032284,2.9829945174095447,14.91,3.4488128940007385,3.5894193016840554,0.39247516188820747,6.28
2026-10-13 16:49:38,17.775104905083637,17.71119692033109,20.645614120842833,31.755,8.29451454906929,8.318559828203906,2.9844543446971215,14.915,3.456637640867937,3.59702641763417,0.3932444975901026,6.29
2026-10-13 17:04:38,17.794795407777904,17.723332974739744,20.66335402639823,31.785,8.297019563476038,8.320559738184983,2.985245696010696,14.92,3.456637640867937,3.59702641763417,0.3932444975901026,6.29
2026-10-13 17:19:38,17.800800442008807,17.726471148071678,20.67046368046248,31.795,8.301784606097124,8.324762609359336,2.986318169731693,14.925,3.456637640867937,3.59702641763417,0.3932444975901026,6.29
2026-10-13 17:34:38,17.813972672312314,17.74201822933765,20.6880304051516,31.82,8.301784606097124,8.324762609359336,2.986318169731693,14.925,3.456637640867937,3.59702641763417,0.3932444975901026,6.29
2026-10-13 17:49:38,17.82708666344905,17.752668095224998,20.702779252107952,31.84,8.303127458216471,8.3264056689142,2.9870532272088957,14.93,3.4598384094142767,3.5993167068952134,0.39349143551455484,6.295
2026-10-13 18:04:38,17.845758259245216,17.774552662341726,20.724739728560017,31.875,8.303127458216471,8.3264056689142,2.9870532272088957,14.93,3.4614155988223327,3.601267086385179,0.3938861630807141,6.3
2026-10-13 18:19:38,17.88513273691883,17.81252856371758,20.777281488485098,31.945,8.316428363073468,8.341065332942891,2.9928235015436258,14.955,3.4675626242841515,3.6068339802789167,0.3943837377562465,6.31
2026-10-13 18:34:38,17.90723741653725,17.842172217781368,20.809363142092113,31.995,8.339488478355728,8.365452783880706,2.9990203265437305,14.99,3.4808416055435303,3.6191741565854354,0.39583070956208843,6.33
2026-10-13 18:49:38,17.934120422778207,17.869443870889313,20.844059270832812,32.045,8.353733594040229,8.385934562351247,3.0054680749104,15.02,3.495621284671611,3.6333125453933484,0.3974423647904002,6.355
2026-10-13 19:04:38,17.954417881843487,17.886010654005343,20.87152569426473,32.09,8.371267425079523,8.397554520155253,3.0126061583777997,15.05,3.4969341838344508,3.6359872876936064,0.39763969846628877,6.36
2026-10-13 19:19:38,17.985153764720422,17.915755717816307,20.912870227784698,32.15,8.389505276721891,8.413255563309095,3.0185163309842524,15.08,3.500046677616346,3.6429474240266173,0.39810379901838056,6.37
2026-10-13 19:34:38,18.02209701874147,17.95867933703159,20.96059787114521,32.22,8.40742341086129,8.426484740332931,3.0229578389171095,15.105,3.511382234009881,3.6560449859793045,0.3999372919708415,6.395
2026-10-13 19:49:38,18.044683794495537,17.9813029121673,20.985861407187105,32.255,8.427946106678512,8.447716320529677,3.029578171410416,15.14,3.5195019654160538,3.6632091215638893,0.40055655374261206,6.405
2026-10-13 20:04:38,18.071057794558563,18.017316687506895,21.01783738552986,32.31,8.44914421109543,8.480990417304373,3.0385287136346038,15.185,3.5438619730888674,3.6832696467172363,0.40335489632370247,6.445
2026-10-13 20:19:38,18.152786220922085,18.103764699025728,21.1250211568877,32.47,8.470811931142169,8.507468963748623,3.0487225834336904,15.23,3.5571518535235445,3.6977222490175223,0.40473845836745814,6.465
2026-10-13 20:34:38,18.21454332799795,18.159984403980378,21.19025349083287,32.575,8.493888037608333,8.529799581405495,3.0544601023476976,15.265,3.5620330606217165,3.706416967425592,0.4051136241421422,6.475
2026-10-13 20:49:38,18.230426003029127,18.175721740094506,21.21895372364787,32.615,8.50290358382215,8.533979382322336,3.056569784091975,15.275,3.56756866223249,3.7139573571930096,0.4061656010559268,6.49
2026-10-13 21:04:38,18.25925979948231,18.201401256207856,21.258277095901228,32.67,8.51787462235548,8.555035263208527,3.0624842200726867,15.3,3.5737642041395326,3.7293657889052723,0.4076166282261988,6.51
2026-10-13 21:19:38,18.37906361076244,18.3417603623782,21.42471131192557,32.915,8.571860459881018,8.606577658333158,3.0801432186894835,15.39,3.603652747154496,3.771490002115519,0.4113288872408888,6.575
2026-10-13 21:34:38,18.415429833058415,18.375234660518228,21.46570278385629,32.975,8.594409479577154,8.630332588408308,3.0895556043286114,15.435,3.6143833245643857,3.7875993993050776,0.4132594451637245,6.6
2026-10-13 21:49:38,18.449900682692125,18.41392672955235,21.500049448329595,33.04,8.613015889124652,8.65279559012602,3.096273759935477,15.475,3.632602813820141,3.80132650926678,0.4146908873399737,6.625
2026-10-13 22:04:38,18.525909692174586,18.488753415991756,21.591262800988634,33.175,8.648503090906042,8.687022765167178,3.108642267716544,15.54,3.639670846464974,3.8066640189162144,0.41522857760700993,6.635
2026-10-13 22:19:38,18.642933373360478,18.599827558403938,21.72495885289668,33.375,8.700271062160152,8.736253581730237,3.1244138510864334,15.62,3.662478071381758,3.8283805154023387,0.41855709218859555,6.68
2026-10-13 22:34:38,18.701089414759693,18.66804367968626,21.786057175924576,33.475,8.727296990919347,8.753647828835186,3.1334950353879893,15.665,3.664423090092721,3.833187017303385,0.41877774223125713,6.685
2026-10-13 22:49:38,18.718991834919635,18.68628808310785,21.80166606170438,33.505,8.741098668087217,8.773657102573436,3.1377294445016854,15.69,3.668575949183487,3.83611721709833,0.4190983656959118,6.69
2026-10-13 23:04:38,18.79210109183221,18.743968290615097,21.883018717164596,33.625,8.778217778542857,8.801978224461017,3.148726527182377,15.75,3.675482613472427,3.839299733011085,0.41957309984168617,6.7
2026-10-13 23:19:38,18.858750957567718,18.80800332586933,21.95956548832576,33.745,8.807583611814186,8.833552754782223,3.1585955140177395,15.8,3.6909667271055793,3.852090792947217,0.4208270596627621,6.725
2026-10-13 23:34:38,18.962308752125573,18.924538274765208,22.087277605472202,33.94,8.854685211035992,8.877754947547622,3.1766939813666983,15.885,3.710975052559804,3.8727102772904827,0.4224688597187461,6.76
2026-10-13 23:49:38,19.113669058539774,19.065766045422972,22.25933093759021,34.195,8.884973110172407,8.906219522085163,3.1870483101894655,15.94,3.7359226519509994,3.902082844960383,0.4248413091826258,6.805
2026-10-14 00:04:38,19.193517202567733,19.131024154133854,22.34279739669955,34.315,8.91565008233362,8.94623873066147,3.2035779602975927,16.015,3.7482279004066834,3.9087425704992937,0.4259196443979884,6.82
2026-10-14 00:19:38,19.296975266749463,19.22085582632734,22.451723374367482,34.485,8.952811889701103,8.988638041375923,3.2225827815588657,16.1,3.756996242289464,3.92583665157061,0.4276059291681964,6.845
2026-10-14 00:34:38,19.40891236818096,19.3226792169046,22.55438294338601,34.66,8.9683681924405,9.002282586063016,3.2296719242133953,16.135,3.774061079032837,3.9445121959386267,0.42889822649612885,6.875
2026-10-14 00:49:38,19.481921165549235,19.393310857518195,22.638807385413372,34.8,8.995266629777237,9.034083302281216,3.2376044520270666,16.18,3.7913206504759307,3.965295921675869,0.4301276385985464,6.9
2026-10-14 01:04:38,19.555205844189018,19.468190210129002,22.718094873767853,34.925,9.028614189486357,9.063443919877638,3.24825104685413,16.235,3.8135473326645095,3.987238954966219,0.43195219445147326,6.935
2026-10-14 01:19:38,19.656058800754515,19.579851275646586,22.829409298763583,35.095,9.062957991940833,9.101224056944805,3.2623217233980935,16.305,3.8333190508289143,4.026324697647978,0.43549436125129265,6.99
2026-10-14 01:34:38,19.719674058509103,19.65914926075716,22.914152778190985,35.225,9.086746344350466,9.124388071167983,3.2686109367387455,16.335,3.839917858612977,4.035452373841057,0.43627668776932227,7.005
2026-10-14 01:49:38,19.791414261451052,19.744350849153683,23.008352144402814,35.375,9.113242341948315,9.148930353884174,3.2785101742391287,16.385,3.8458566576265687,4.0416460940285415,0.4367806822872755,7.015
2026-10-14 02:04:38,19.867034370196542,19.809151219521116,23.090603363663334,35.505,9.158712441159892,9.194877549113784,3.294207223853961,16.465,3.853594464311742,4.049944236933685,0.4379675356209705,7.035
2026-10-14 02:19:38,19.93196446111357,19.874790788362198,23.15942627342142,35.61,9.184753532539888,9.220408233962,3.3042616096766055,16.51,3.8641908727262195,4.068952256343783,0.43949000028510427,7.065
2026-10-14 02:34:38,20.000474404342107,19.955220053904608,23.240818080434615,35.74,9.228832261850094,9.273736052071241,3.322740633574036,16.6,3.889763712014851,4.083800981733719,0.4415357484859989,7.1
2026-10-14 02:49:38,20.132191708835272,20.084607576248256,23.37850976653587,35.965,9.284945374660198,9.323737718606177,3.3410807228095614,16.695,3.9215147100625654,4.110028979299391,0.44463397683971045,7.145
2026-10-14 03:04:38,20.240448831877526,20.189100444962875,23.499680446424883,36.16,9.32017121045013,9.360885202739386,3.353561999399092,16.755,3.9379176971535905,4.1217086749555625,0.44663845200955027,7.17
2026-10-14 03:19:38,20.317910179636783,20.271400121512457,23.597022819733446,36.3,9.360095215985943,9.400992071518079,3.3668365528863915,16.825,3.9570575995250374,4.1422648932478605,0.4484517135267354,7.2
2026-10-14 03:34:38,20.370935687721477,20.328376530215657,23.66554268422311,36.405,9.40496071716969,9.451945893171338,3.382086459694426,16.91,3.972168756987937,4.154397508344518,0.4498076456406327,7.23
2026-10-14 03:49:38,20.472738462795558,20.422454629856283,23.77851065473905,36.57,9.456438862931119,9.494324233925115,3.3995933504239195,17.0,3.9847247782993493,4.16824903853055,0.4517781437505344,7.26
2026-10-14 04:04:38,20.57067170966222,20.525282219714345,23.899744421238477,36.765,9.54673700501503,9.574641428294774,3.4346679062583756,17.16,3.9981542025485592,4.180898877925897,0.4534443344830489,7.285
2026-10-14 04:19:38,20.680317329629407,20.641246414657502,24.03277115266054,36.96,9.593226722499741,9.632865848211926,3.4516896740040637,17.25,4.027231738286054,4.202443462971044,0.45608770846739,7.325
2026-10-14 04:34:38,20.753280035657355,20.715734177986867,24.122589747485915,37.09,9.618520230236697,9.654576613982131,3.461081569208179,17.3,4.03720642579996,4.213104051516432,0.45721323652920753,7.34
2026-10-14 04:49:38,20.865038834011205,20.82661673892127,24.248993609115136,37.29,9.662343246739542,9.700282270904488,3.480895599224849,17.395,4.054077664586927,4.239281896134313,0.45982630140294356,7.385
2026-10-14 05:04:38,21.030456069100214,20.98618872177284,24.433909233131104,37.585,9.71817942878745,9.752552022823519,3.5025120563882526,17.5,4.073178720913174,4.263993280128607,0.462533341086393,7.43
2026-10-14 05:19:38,21.21972342393058,21.185853792584293,24.652585993883513,37.935,9.775210905453116,9.812731771711647,3.520495153549568,17.595,4.100643976970673,4.292263840579285,0.4659143964690455,7.475
2026-10-14 05:34:38,21.347354580674423,21.321640909957353,24.804991388873997,38.175,9.83711320973199,9.878762616837534,3.5424290796260767,17.705,4.142468750607939,4.32670603316216,0.46992042831902037,7.54
2026-10-14 05:49:38,21.491620309533285,21.46476609179507,24.965664807829402,38.42,9.880200835169203,9.910310760966654,3.5568465443547392,17.78,4.172403901262665,4.373302159430556,0.4741609992637101,7.61
2026-10-14 06:04:38,21.63363961452514,21.611824974372222,25.147504985257903,38.69,9.946896810451245,9.976838596443319,3.5827291609236727,17.91,4.206924512607163,4.409408676123648,0.4784076381064141,7.675
2026-10-14 06:19:38,21.768514823066372,21.768728481801162,25.324561204305752,38.955,10.033393918678911,10.064023206767564,3.614385521516557,18.065,4.247667508762112,4.454250251283752,0.48334859779859124,7.75
2026-10-14 06:34:38,21.865453907744385,21.853756397746285,25.43645923135415,39.125,10.09910949743696,10.119681010025054,3.6328077919010298,18.165,4.268002325601105,4.47917749066844,0.4865660247561358,7.795
2026-10-14 06:49:38,21.989540770055807,22.00103025027774,25.584468149388936,39.37,10.18711113799853,10.208326765557374,3.6615646105034654,18.31,4.299138700735572,4.517958331521805,0.48915223700145055,7.85
2026-10-14 07:04:38,22.14552738699515,22.164124900145776,25.768963826954547,39.675,10.289086042653352,10.314685406478992,3.7030018626192214,18.5,4.33251609905418,4.550797729047641,0.49210060392353516,7.9
2026-10-14 07:19:38,22.255820985717133,22.30153709046469,25.91011050877666,39.905,10.370443457597206,10.39208222352935,3.730273386612117,18.64,4.3589531004541335,4.578250589664144,0.49551344540884273,7.955
2026-10-14 07:34:38,22.33041300716014,22.385962648145142,25.998930342024916,40.04,10.423151380275616,10.435119407044013,3.749068094229607,18.73,4.379189089597129,4.602447175827891,0.4977314173230161,7.995
2026-10-14 07:49:38,22.495453012992552,22.55795796059552,26.188195987703292,40.335,10.512498309139836,10.512542089618831,3.7789765431361353,18.875,4.405005992257953,4.6417694700061345,0.5013357503633735,8.06
2026-10-14 08:04:38,22.67031419385411,22.758412655850616,26.402923594249472,40.685,10.580477894752805,10.582276973219274,3.804722068710747,19.0,4.444105701213168,4.676276933116538,0.5055472909527635,8.13
2026-10-14 08:19:38,22.89497903911048,22.961929542941476,26.657872480105663,41.06,10.663137662645394,10.67128891622611,3.833035104002322,19.16,4.486599260260048,4.718903227077766,0.5112395996373061,8.205
2026-10-14 08:34:38,23.068667525359643,23.138010507626515,26.851751587003996,41.37,10.729348984296804,10.740396643853197,3.8612846011568753,19.28,4.51159673032937,4.7418017214762145,0.514384395336739,8.25
2026-10-14 08:49:38,23.183688013132056,23.262389350854495,26.99475448817152,41.59,10.79138140472514,10.802712886979743,3.882951599473569,19.39,4.535265351485941,4.771085844218689,0.5172325198987496,8.295
2026-10-14 09:04:38,23.28365121360366,23.366787896093197,27.095952418226343,41.755,10.810356972850181,10.830237846107533,3.8929197620585954,19.44,4.5660700038572894,4.7978563933801555,0.5206333860883113,8.345
2026-10-14 09:19:38,23.402592176970554,23.498718319837337,27.243154102162965,41.975,10.883060618916351,10.900103028318098,3.917914750422998,19.57,4.592900709194218,4.8153270556131975,0.5230110403718595,8.38
2026-10-14 09:34:38,23.434947491652608,23.528943076148813,27.274615286678568,42.03,10.917804821938722,10.937604204651768,3.928302157290983,19.625,4.60402405327394,4.823866898131963,0.5238718830999697,8.395
2026-10-14 09:49:38,23.50322200546705,23.58939690521956,27.351217208132944,42.14,10.953638241027342,10.97042741926683,3.9402553436539667,19.685,4.619451562704478,4.845169690746838,0.5259966555908355,8.43
2026-10-14 10:04:38,23.569993028715334,23.65019148941088,27.421979005875762,42.26,10.995749070357341,11.011188496689263,3.9543140376438237,19.755,4.630436958528142,4.863731091001516,0.5281608437507265,8.46
2026-10-14 10:19:38,23.593891439644107,23.675933970961637,27.439517775419272,42.295,11.001117035644558,11.017508481460846,3.955871702966405,19.765,4.634967700121195,4.865887684315951,0.5286527690396314,8.465
2026-10-14 10:34:38,23.593891439644107,23.675933970961637,27.439517775419272,42.295,11.001117035644558,11.017508481460846,3.955871702966405,19.765,4.634967700121195,4.865887684315951,0.5286527690396314,8.465
2026-10-14 10:49:38,23.602306433561445,23.68309760393274,27.450601889219048,42.31,11.002436264585057,11.0203273736188,3.9565735784819305,19.77,4.634967700121195,4.865887684315951,0.5286527690396314,8.465
2026-10-14 11:04:38,23.61794613649814,23.695214428311612,27.46999956394305,42.34,11.009548220690268,11.025936385169356,3.9586395850272935,19.78,4.636409059829895,4.8678268535818825,0.5291016205348628,8.47
2026-10-14 11:19:38,23.66846984727816,23.74771734410212,27.522333784090065,42.425,11.015846518705978,11.031718917209654,3.9604551220088178,19.79,4.643819814156805,4.87539083752648,0.5297204681503396,8.48
2026-10-14 11:34:38,23.711455650130812,23.785653389776556,27.571526924266003,42.505,11.023509380478844,11.040569296484604,3.9636859014123496,19.805,4.643819814156805,4.87539083752648,0.5297204681503396,8.48
2026-10-14 11:49:38,23.716213483588305,23.789056089316077,27.575311097281414,42.51,11.029834781410058,11.047295358070754,3.9652621438326907,19.815,4.643819814156805,4.87539083752648,0.5297204681503396,8.48
2026-10-14 12:04:38,23.73884023977164,23.812268371160915,27.60612768251274,42.55,11.043792973846857,11.062163825967426,3.9685062333323335,19.835,4.648220817152803,4.880322908711062,0.5300352383845439,8.485
2026-10-14 12:19:38,23.74031120850781,23.81382807694011,27.608235531843526,42.555,11.043792973846857,11.062163825967426,3.9685062333323335,19.835,4.648220817152803,4.880322908711062,0.5300352383845439,8.485
2026-10-14 12:34:38,23.744647219476647,23.81689738896595,27.611322608568504,42.56,11.047039902531134,11.06370071150482,3.9696314188106094,19.84,4.653103480009915,4.884447441507955,0.5304077077249961,8.49
2026-10-14 12:49:38,23.76451793727441,23.83851640295437,27.630323674368412,42.595,11.051116140418355,11.066462457607152,3.9707346550043283,19.845,4.6577044766922,4.888729060046593,0.5306891801791469,8.495
2026-10-14 13:04:38,23.76451793727441,23.83851640295437,27.630323674368412,42.595,11.055196776255107,11.07384670009466,3.973025742013409,19.855,4.6577044766922,4.888729060046593,0.5306891801791469,8.495
2026-10-14 13:19:38,23.769428199487557,23.84419163476054,27.63641072555594,42.605,11.05728512039608,11.076472348988611,3.974198295688023,19.86,4.6577044766922,4.888729060046593,0.5306891801791469,8.495
2026-10-14 13:34:38,23.775452786882514,23.850155178958193,27.641822578657003,42.615,11.064538217868868,11.08338619028122,3.975951640118112,19.87,4.662140329025246,4.893446999161791,0.531113116328046,8.5
2026-10-14 13:49:38,23.795816678197674,23.868357777731326,27.66314036930368,42.645,11.064538217868868,11.08338619028122,3.975951640118112,19.87,4.6649275560998005,4.898394096913599,0.5316025334075777,8.505
2026-10-14 14:04:38,23.81544113917215,23.8878537081715,27.690455173091344,42.68,11.072937413995966,11.09077072001784,3.977537048286844,19.88,4.6649275560998005,4.898394096913599,0.5316025334075777,8.505
2026-10-14 14:19:38,23.823064712680484,23.899223869377693,27.69932135509936,42.695,11.075896740240616,11.094634587931065,3.9788376279043702,19.885,4.6649275560998005,4.898394096913599,0.5316025334075777,8.505
2026-10-14 14:34:38,23.82793890426407,23.900936644142263,27.701758696925,42.7,11.078584669984728,11.096163495390902,3.979366769970905,19.89,4.6649275560998005,4.898394096913599,0.5316025334075777,8.505
2026-10-14 14:49:38,23.835659499351053,23.90869370761899,27.7094780012248,42.71,11.078584669984728,11.096163495390902,3.979366769970905,19.89,4.6649275560998005,4.898394096913599,0.5316025334075777,8.505
2026-10-14 15:04:38,23.855832571805536,23.923589133111847,27.724174993686333,42.735,11.082337108026241,11.101357117834677,3.981685146910212,19.9,4.6649275560998005,4.898394096913599,0.5316025334075777,8.505
2026-10-14 15:19:38,23.85813833016267,23.932888577472283,27.72895767265913,42.745,11.082337108026241,11.101357117834677,3.981685146910212,19.9,4.6649275560998005,4.898394096913599,0.5316025334075777,8.505
2026-10-14 15:34:38,23.870675278825264,23.94086320164852,27.74409160270343,42.765,11.084609189353422,11.10606474924444,3.982543797958543,19.905,4.6705367906525295,4.90337005575463,0.5322053114912983,8.515
2026-10-14 15:49:38,23.8907053847454,23.9595207917714,27.761264283717274,42.795,11.087059208216598,11.108396605225204,3.98395011445912,19.91,4.674479281546164,4.905028866784617,0.5326623124129465,8.52
2026-10-14 16:04:38,23.892198066001335,23.963332554374382,27.76477356925235,42.8,11.09528128903635,11.111486898583665,3.9851020618828015,19.92,4.674479281546164,4.905028866784617,0.5326623124129465,8.52
2026-10-14 16:19:38,23.905698192135997,23.971572142649716,27.778095504294456,42.82,11.098584186156923,11.115564438333807,3.9859485924775706,19.925,4.674479281546164,4.905028866784617,0.5326623124129465,8.52
2026-10-14 16:34:38,23.910464945289146,23.972509436276916,27.782523278794155,42.825,11.098584186156923,11.115564438333807,3.9859485924775706,19.925,4.674479281546164,4.905028866784617,0.5326623124129465,8.52
2026-10-14 16:49:38,23.92258933954086,23.990055222695098,27.799721694206355,42.85,11.110163099895882,11.12194549739378,3.9902317481032,19.945,4.674479281546164,4.905028866784617,0.5326623124129465,8.52
2026-10-14 17:04:38,23.932177768744545,24.00578529997876,27.81474822496637,42.875,11.110163099895882,11.12194549739378,3.9902317481032,19.945,4.674479281546164,4.905028866784617,0.5326623124129465,8.52
2026-10-14 17:19:38,23.933420554916903,24.007086599110348,27.817681023489932,42.88,11.11391629617126,11.126422799524788,3.9912854091906262,19.95,4.674479281546164,4.905028866784617,0.5326623124129465,8.52
2026-10-14 17:34:38,23.933420554916903,24.007086599110348,27.817681023489932,42.88,11.115340685036657,11.12952879913605,3.9927722496098177,19.955,4.674479281546164,4.905028866784617,0.5326623124129465,8.52
2026-10-14 17:49:38,23.939041203617016,24.012704975348573,27.825179809667365,42.89,11.118282697293406,11.131604564693141,3.994258546592838,19.96,4.674479281546164,4.905028866784617,0.5326623124129465,8.52
2026-10-14 18:04:38,23.946536980229915,24.02128898159802,27.835411530933754,42.905,11.121131564122402,11.132516909454193,3.9953918922270057,19.965,4.674479281546164,4.905028866784617,0.5326623124129465,8.52
2026-10-14 18:19:38,23.9901874594353,24.06401364747587,27.880274488338223,42.975,11.128794648325124,11.139926995974925,3.997499291053985,19.975,4.686241026544,4.922084095018786,0.5340205609499897,8.545
2026-10-14 18:34:38,23.99564742419425,24.072292612716076,27.886115006295018,42.985,11.14172805115701,11.154251443722229,4.002749645480844,20.0,4.694152604507629,4.930050546355253,0.5348211301879255,8.555
2026-10-14 18:49:38,24.028230253271463,24.108861090992082,27.924226690793017,43.05,11.150338930762805,11.160880802300218,4.004520018689624,20.01,4.69534650962268,4.931389941914587,0.5351286219721929,8.56
2026-10-14 19:04:38,24.05790237724986,24.15608906475259,27.963881313458906,43.11,11.176341713037887,11.186395786888506,4.013259535057848,20.055,4.7121124040225055,4.943988692043729,0.5366584136173047,8.58
2026-10-14 19:19:38,24.10247518042674,24.207461334992963,28.020980267015045,43.195,11.200312621842324,11.206778739521635,4.0213991091152925,20.095,4.717488840646499,4.946380661217689,0.5370300078817681,8.59
2026-10-14 19:34:38,24.11510421648814,24.22473200814736,28.033149809064984,43.215,11.20642346071394,11.212541128512898,4.022900840742739,20.105,4.725495798881235,4.949856127746765,0.5375236224046726,8.6
2026-10-14 19:49:38,24.153022119881093,24.26421038372859,28.080083574484835,43.29,11.2203268522333,11.225197038096725,4.0258279950462414,20.125,4.725495798881235,4.949856127746765,0.5375236224046726,8.6
2026-10-14 20:04:38,24.17233912844165,24.287609529606915,28.1114920395776,43.335,11.244888330133204,11.247479711547879,4.036026831151812,20.17,4.7351008145641025,4.956564837957037,0.5384671815452425,8.615
2026-10-14 20:19:38,24.204869447427495,24.317412941077578,28.14894307210048,43.395,11.248989909196194,11.252697393494177,4.038015140513655,20.18,4.739994806533548,4.960619985277607,0.5389577259714229,8.62
2026-10-14 20:34:38,24.27823623211777,24.389006805604758,28.240958186522352,43.525,11.278937236821685,11.28583684350476,4.049980802209641,20.235,4.749554830518568,4.974910743476148,0.5403265597963298,8.645
2026-10-14 20:49:38,24.343009160125657,24.44552860341902,28.307587757799748,43.63,11.314388817922504,11.317782792125625,4.061285991540245,20.295,4.76498834252189,4.984464085525662,0.5415141653074417,8.67
2026-10-14 21:04:38,24.416797259874993,24.521382873666777,28.383651611083224,43.76,11.358361620113415,11.37069657891545,4.076592910203726,20.375,4.773090264794169,4.9967022671693035,0.542470570057551,8.685
2026-10-14 21:19:38,24.455522287623253,24.560533100785825,28.421680185054004,43.82,11.368706075590604,11.384211660624711,4.081183191046808,20.395,4.785824822493403,5.010106562602763,0.5436652923990601,8.705
2026-10-14 21:34:38,24.483013770524696,24.585454821508307,28.452123742617477,43.865,11.387942422208205,11.401018160642641,4.089297817649736,20.43,4.791470331154441,5.015243970720728,0.5444738095270423,8.715
2026-10-14 21:49:38,24.544004565023588,24.644469652378636,28.525368045172087,43.975,11.411318762004367,11.428355573358667,4.0986509574286645,20.475,4.811154696972625,5.035100764407627,0.5466164816785217,8.745
2026-10-14 22:04:38,24.55176004982786,24.652180363566604,28.536803872948298,43.99,11.411318762004367,11.428355573358667,4.0986509574286645,20.475,4.812614658641855,5.037046647348841,0.5469851165682161,8.75
2026-10-14 22:19:38,24.573093294284305,24.674971994766935,28.562150243650084,44.03,11.411318762004367,11.428355573358667,4.0986509574286645,20.475,4.816207415010295,5.042986938112974,0.5474883943134957,8.76
2026-10-14 22:34:38,24.58154647478847,24.683624239508685,28.572455759322853,44.045,11.416827274256505,11.432671235720447,4.100227161453307,20.485,4.821208311332102,5.0514802551870845,0.5479947490079731,8.77
2026-10-14 22:49:38,24.58154647478847,24.683624239508685,28.572455759322853,44.045,11.416827274256505,11.432671235720447,4.100227161453307,20.485,4.821208311332102,5.0514802551870845,0.5479947490079731,8.77
2026-10-14 23:04:38,24.638467211610273,24.748436686041046,28.651379201187446,44.17,11.421471785657,11.439108143476526,4.103059245489863,20.495,4.831445798150873,5.057123616341017,0.5493586001025467,8.79
2026-10-14 23:19:38,24.673223180990615,24.772468742180273,28.687218890346582,44.22,11.441999582385456,11.458697609404295,4.109714901624244,20.53,4.83727450686386,5.065239115789185,0.5503067614413754,8.8
2026-10-14 23:34:38,24.6788134582955,24.7768458860648,28.693906699699568,44.23,11.446048533466913,11.463417121645884,4.110663379317215,20.535,4.83727450686386,5.065239115789185,0.5503067614413754,8.8
2026-10-14 23:49:38,24.696133967059883,24.795121797389157,28.719764376699274,44.27,11.467915049266567,11.485465769194825,4.118072841855966,20.57,4.83727450686386,5.065239115789185,0.5503067614413754,8.8
2026-10-15 00:04:38,24.696133967059883,24.795121797389157,28.719764376699274,44.27,11.467915049266567,11.485465769194825,4.118072841855966,20.57,4.83727450686386,5.065239115789185,0.5503067614413754,8.8
2026-10-15 00:19:38,24.707237904807968,24.80863824816303,28.733421927450628,44.295,11.468559268110884,11.488555454975938,4.118599316888559,20.575,4.83727450686386,5.065239115789185,0.5503067614413754,8.8
2026-10-15 00:34:38,24.73826181894275,24.849030672307823,28.77775679668213,44.36,11.486709710905142,11.512252755424088,4.124766516075802,20.61,4.839189874587955,5.069605441876559,0.550671056192965,8.805
2026-10-15 00:49:38,24.74951530925569,24.857436579445825,28.790670825244952,44.375,11.486709710905142,11.512252755424088,4.124766516075802,20.61,4.839189874587955,5.069605441876559,0.550671056192965,8.805
2026-10-15 01:04:38,24.74951530925569,24.857436579445825,28.790670825244952,44.375,11.486709710905142,11.512252755424088,4.124766516075802,20.61,4.839189874587955,5.069605441876559,0.550671056192965,8.805
2026-10-15 01:19:38,24.74951530925569,24.857436579445825,28.790670825244952,44.375,11.486709710905142,11.512252755424088,4.124766516075802,20.61,4.839189874587955,5.069605441876559,0.550671056192965,8.805
2026-10-15 01:34:38,24.74951530925569,24.857436579445825,28.790670825244952,44.375,11.486709710905142,11.512252755424088,4.124766516075802,20.61,4.839189874587955,5.069605441876559,0.550671056192965,8.805
2026-10-15 01:49:38,24.78487317317841,24.887844704335205,28.83183030332301,44.435,11.505052103559414,11.528432091789211,4.13222599646132,20.64,4.841105336318211,5.0712987045030955,0.5508435972286162,8.81
2026-10-15 02:04:38,24.843289536280096,24.940393675776832,28.886302096887476,44.525,11.517705051257996,11.537593372971376,4.135788899556853,20.66,4.86105656439652,5.086573259434819,0.552742779186297,8.84
2026-10-15 02:19:38,24.893496485969894,25.00038862097467,28.95400570405842,44.625,11.543715213015394,11.574107634727046,4.1454543072240115,20.715,4.864416454278291,5.091106318945787,0.553129174555777,8.845
2026-10-15 02:34:38,24.937299421305173,25.047954074680426,29.013110980399137,44.715,11.561317153190826,11.599420611118425,4.154040882600335,20.755,4.878155282148348,5.101251816805699,0.5540539875502237,8.865
2026-10-15 02:49:38,24.958887878383084,25.071107307748758,29.035325771555318,44.755,11.575344436189106,11.622215763962373,4.160975498519654,20.79,4.88064534159388,5.105832238710922,0.5543168053961892,8.87
2026-10-15 03:04:38,24.97795951621625,25.0902164369557,29.05300391080489,44.79,11.58570722545878,11.637414290858676,4.165317581168413,20.81,4.8827604902916875,5.110285658806321,0.5547922595711177,8.875
2026-10-15 03:19:38,25.050169165722743,25.162022983827722,29.140910803241887,44.925,11.62217989185917,11.672263410053304,4.177760502546629,20.885,4.898152920822197,5.129951701541725,0.5572233801882674,8.905
2026-10-15 03:34:38,25.10064806311952,25.205778164393596,29.193331771562676,45.01,11.650109566809528,11.703338088677764,4.1894418541595835,20.94,4.902028902790172,5.1340536263411245,0.5574686160404879,8.91
2026-10-15 03:49:38,25.19854325984735,25.317494951084992,29.29542697531876,45.185,11.690504733603634,11.757547278817633,4.207657144560159,21.025,4.913538999160904,5.145272045549377,0.5588225171691288,8.93
2026-10-15 04:04:38,25.237469516507794,25.3538450587399,29.341168267729916,45.26,11.748482285029826,11.807694794175118,4.224699530711434,21.11,4.944650609528919,5.178227555658551,0.5616770249482905,8.975
2026-10-15 04:19:38,25.29907817891523,25.423275617543666,29.412635147085023,45.37,11.777878432079381,11.83554972780728,4.233537642831099,21.16,4.951260787457968,5.183807792264332,0.5621883159144339,8.985
2026-10-15 04:34:38,25.380326068942644,25.50950278214455,29.502392877759895,45.515,11.820818203583672,11.88339174234698,4.249903927333042,21.235,4.966773148030856,5.197326350184755,0.5635346568406199,9.01
2026-10-15 04:49:38,25.45385889151259,25.587331903835068,29.581841893355765,45.645,11.849243048003618,11.907288237572237,4.260289111064365,21.28,4.980676812785633,5.211803714645718,0.5652856728548709,9.035
2026-10-15 05:04:38,25.494451297911823,25.624729787079694,29.62489442591959,45.71,11.88069681719326,11.929759879319828,4.270998670568092,21.325,5.009251602925554,5.240130539338619,0.5678264785826372,9.08
2026-10-15 05:19:38,25.571179648242246,25.712693445514397,29.706464846663106,45.84,11.918233245362623,11.962239572044915,4.281435113851364,21.38,5.026570098560329,5.2517580257456,0.5694616321598375,9.11
2026-10-15 05:34:38,25.6691297945883,25.800681109508254,29.812029176947718,46.01,11.980329465080661,12.028094624275806,4.3059855364357515,21.495,5.050554638023407,5.286454559068133,0.5727536466937283,9.165
2026-10-15 05:49:38,25.79266014554,25.91662055876142,29.949335074523695,46.22,12.032071238334517,12.080709726337167,4.324664903417259,21.595,5.0599445720226734,5.302864522612622,0.5735336306425379,9.185
2026-10-15 06:04:38,25.85598708856753,25.974777173755665,30.01990783193429,46.33,12.055099511060467,12.113951601182693,4.335608900869918,21.65,5.067591388443464,5.310793804868462,0.5746714835734678,9.2
2026-10-15 06:19:38,25.951799613890287,26.068057447351727,30.142788127299692,46.515,12.125160526371676,12.17725019659557,4.360199269272446,21.76,5.101721480366147,5.345204567891534,0.5781763137881579,9.255
2026-10-15 06:34:38,26.03904829122348,26.165072053708236,30.241068166995145,46.67,12.170717128437454,12.223954310065887,4.378795332329098,21.84,5.121012861017741,5.365745837350686,0.5803777862715412,9.29
2026-10-15 06:49:38,26.11076393058515,26.236055656911002,30.33001904636409,46.81,12.194425563834262,12.255166221422009,4.387998206870802,21.88,5.122596380642058,5.375014920812075,0.581148000300777,9.3
2026-10-15 07:04:38,26.16147057052511,26.282367275956442,30.379137433813295,46.895,12.213507524936162,12.289011240081008,4.397942276574412,21.93,5.132008947600949,5.383962422020161,0.5820514199783451,9.315
2026-10-15 07:19:38,26.238004799707213,26.357670857476492,30.452377053764963,47.02,12.24366502655025,12.31698155976515,4.407989354580054,21.98,5.139225832172779,5.393524027949542,0.5833500396422842,9.335
2026-10-15 07:34:38,26.34052369900036,26.45311647333208,30.565468640960514,47.2,12.274918155872804,12.345244222889946,4.417472699305769,22.035,5.157522063832366,5.4155582486882725,0.5854363629551929,9.37
2026-10-15 07:49:38,26.413245678710954,26.52767409074815,30.64990330264339,47.33,12.289289200141315,12.358524967372702,4.423960358625912,22.07,5.167185882800256,5.431915419245388,0.5870655373407677,9.395
2026-10-15 08:04:38,26.54488269257608,26.66686413506367,30.796634239182403,47.565,12.343082679628871,12.418338956110231,4.443592034988236,22.17,5.185619969547361,5.455354923872137,0.5895501350128629,9.435
2026-10-15 08:19:38,26.72006351369376,26.834161114050616,30.975785238141114,47.84,12.412426202461761,12.47238239151074,4.469743412528289,22.295,5.221834709225749,5.487893558509007,0.5936786823022936,9.5
2026-10-15 08:34:38,26.819297007949228,26.921697054994816,31.099094438267247,48.015,12.446340509407685,12.504807913545493,4.481438120399179,22.345,5.240621551344134,5.500033989072697,0.5956667379895599,9.535
2026-10-15 08:49:38,26.893352562837357,26.996668923957355,31.18125208474497,48.15,12.473959375119275,12.533916035961385,4.493921185135603,22.405,5.247541239832335,5.504804530821109,0.5961274809854249,9.545
2026-10-15 09:04:38,26.898384264919066,27.00242010297447,31.189343276570934,48.16,12.482127583166648,12.5431021636699,4.496626915722272,22.42,5.249041334085935,5.50967513784176,0.5966227496580836,9.55
2026-10-15 09:19:38,26.933622173706297,27.037241386770596,31.232026245906628,48.225,12.48783000229994,12.54925190183984,4.4989251257521685,22.43,5.253591341225964,5.512754061762734,0.597102344047214,9.555
2026-10-15 09:34:38,26.99124641745626,27.083238903469322,31.2954008803677,48.32,12.514723518681935,12.580774320369564,4.506932250758566,22.475,5.267688510669774,5.525655941081331,0.5981310171177993,9.575
2026-10-15 09:49:38,27.006761537359136,27.10248275335937,31.31362581109602,48.345,12.518988485220017,12.58297737503081,4.507593873701828,22.48,5.270736175060157,5.529216504599357,0.5982803813878744,9.58
2026-10-15 10:04:38,27.11207149941384,27.197738807992042,31.421271585281104,48.51,12.531618460012183,12.600629409377365,4.514899256112294,22.515,5.282087647043722,5.545522561154752,0.5993891477696484,9.605
2026-10-15 10:19:38,27.120689029052436,27.209228833305257,31.435007821082205,48.53,12.531618460012183,12.600629409377365,4.514899256112294,22.515,5.28455759895893,5.549189976708459,0.5995571285768176,9.61
2026-10-15 10:34:38,27.15004236039057,27.238354335520054,31.467792688595495,48.58,12.541303699857906,12.607113840203146,4.518466861312198,22.53,5.287408170160076,5.553294799106113,0.599871919229522,9.62
2026-10-15 10:49:38,27.158934454933082,27.253539700925614,31.48481415596528,48.605,12.541303699857906,12.607113840203146,4.518466861312198,22.53,5.291655638007917,5.556031757833152,0.6001931227921684,9.625
2026-10-15 11:04:38,27.158934454933082,27.253539700925614,31.48481415596528,48.605,12.541303699857906,12.607113840203146,4.518466861312198,22.53,5.291655638007917,5.556031757833152,0.6001931227921684,9.625
2026-10-15 11:19:38,27.158934454933082,27.253539700925614,31.48481415596528,48.605,12.541303699857906,12.607113840203146,4.518466861312198,22.53,5.291655638007917,5.556031757833152,0.6001931227921684,9.625
2026-10-15 11:34:38,27.158934454933082,27.253539700925614,31.48481415596528,48.605,12.541303699857906,12.607113840203146,4.518466861312198,22.53,5.291655638007917,5.556031757833152,0.6001931227921684,9.625
2026-10-15 11:49:38,27.17822061139662,27.26828594271014,31.505030192206856,48.64,12.544161141862135,12.611252242697395,4.520907726576276,22.54,5.294021858206644,5.557364348084304,0.6005419231734979,9.63
2026-10-15 12:04:38,27.182953098648547,27.27410882366691,31.509426660666318,48.65,12.544161141862135,12.611252242697395,4.520907726576276,22.54,5.2972544395570855,5.558008512503598,0.6009889484052356,9.635
2026-10-15 12:19:38,27.18618827726598,27.27748499979411,31.512443659176856,48.655,12.545703318659235,12.614708711352797,4.52207213507882,22.545,5.2972544395570855,5.558008512503598,0.6009889484052356,9.635
2026-10-15 12:34:38,27.18946113765548,27.28519907183851,31.518563086029527,48.665,12.549137607613574,12.615626708888898,4.5229051000523794,22.55,5.2972544395570855,5.558008512503598,0.6009889484052356,9.635
2026-10-15 12:49:38,27.190647841043166,27.289302587543876,31.523376989091993,48.67,12.550176423861808,12.61790934997935,4.523910047087264,22.555,5.2972544395570855,5.558008512503598,0.6009889484052356,9.635
2026-10-15 13:04:38,27.194535122308398,27.296327889179988,31.529946384987515,48.68,12.553315815505773,12.621759927505966,4.52515674036668,22.56,5.2972544395570855,5.558008512503598,0.6009889484052356,9.635
2026-10-15 13:19:38,27.198387658147237,27.297567270147837,31.532652337657268,48.685,12.553315815505773,12.621759927505966,4.52515674036668,22.56,5.2972544395570855,5.558008512503598,0.6009889484052356,9.635
2026-10-15 13:34:38,27.198387658147237,27.297567270147837,31.532652337657268,48.685,12.553315815505773,12.621759927505966,4.52515674036668,22.56,5.2972544395570855,5.558008512503598,0.6009889484052356,9.635
2026-10-15 13:49:38,27.198387658147237,27.297567270147837,31.532652337657268,48.685,12.553315815505773,12.621759927505966,4.52515674036668,22.56,5.2972544395570855,5.558008512503598,0.6009889484052356,9.635
2026-10-15 14:04:38,27.20838844885473,27.303615524795585,31.54239970002527,48.7,12.555937392460027,12.62578700803532,4.526174498525441,22.565,5.2972544395570855,5.558008512503598,0.6009889484052356,9.635
2026-10-15 14:19:38,27.222222419961213,27.317938864895215,31.55646993333596,48.725,12.559428680037227,12.62756367605515,4.5276611477806314,22.57,5.2972544395570855,5.558008512503598,0.6009889484052356,9.635
2026-10-15 14:34:38,27.232589991215352,27.32497377474853,31.567493342289918,48.74,12.560860410655115,12.628584523806827,4.528897427314981,22.575,5.304680793003093,5.564188454768348,0.6015744686254256,9.645
2026-10-15 14:49:38,27.237030456733397,27.329336499202473,31.571444339043836,48.745,12.560860410655115,12.628584523806827,4.528897427314981,22.575,5.304680793003093,5.564188454768348,0.6015744686254256,9.645
2026-10-15 15:04:38,27.241058165974188,27.33406488244939,31.574204572161975,48.75,12.564685649642328,12.630904633660796,4.530201531738862,22.58,5.308929808555183,5.568920856931286,0.6018832405502069,9.65
2026-10-15 15:19:38,27.245163035042783,27.341178919167852,31.580058515548735,48.76,12.56636540917054,12.63212133415553,4.531461999207634,22.585,5.308929808555183,5.568920856931286,0.6018832405502069,9.65
2026-10-15 15:34:38,27.265756154927796,27.365566168987815,31.607406290413532,48.8,12.569206437418103,12.634103763891824,4.532153640343512,22.59,5.308929808555183,5.568920856931286,0.6018832405502069,9.65
2026-10-15 15:49:38,27.265756154927796,27.365566168987815,31.607406290413532,48.8,12.573081275113834,12.637469380107564,4.533177423019197,22.595,5.308929808555183,5.568920856931286,0.6018832405502069,9.65
2026-10-15 16:04:38,27.27588796626184,27.37589360714698,31.614771143548747,48.815,12.576185546200843,12.643492166091972,4.535762848220576,22.605,5.308929808555183,5.568920856931286,0.6018832405502069,9.65
2026-10-15 16:19:38,27.27988704361544,27.380726884119913,31.61950101476449,48.82,12.576185546200843,12.643492166091972,4.535762848220576,22.605,5.308929808555183,5.568920856931286,0.6018832405502069,9.65
2026-10-15 16:34:38,27.27988704361544,27.380726884119913,31.61950101476449,48.82,12.576185546200843,12.643492166091972,4.535762848220576,22.605,5.308929808555183,5.568920856931286,0.6018832405502069,9.65
2026-10-15 16:49:38,27.283563328442657,27.382757320541987,31.621930393384723,48.825,12.58104309883844,12.649847872103722,4.537989979814916,22.615,5.308929808555183,5.568920856931286,0.6018832405502069,9.65
2026-10-15 17:04:38,27.293995706729337,27.395103524801208,31.63560698446887,48.845,12.593196446729536,12.662033310095184,4.5413062253836225,22.63,5.308929808555183,5.568920856931286,0.6018832405502069,9.65
2026-10-15 17:19:38,27.31008041625604,27.40844258294541,31.648127390094924,48.865,12.603131478401266,12.67064693078729,4.544392610690218,22.645,5.308929808555183,5.568920856931286,0.6018832405502069,9.65
2026-10-15 17:34:38,27.32080437146587,27.42167861241218,31.66476867333902,48.885,12.603131478401266,12.67064693078729,4.544392610690218,22.645,5.308929808555183,5.568920856931286,0.6018832405502069,9.65
2026-10-15 17:49:38,27.32080437146587,27.42167861241218,31.66476867333902,48.885,12.606443845678916,12.673237172832042,4.545460211352319,22.65,5.308929808555183,5.568920856931286,0.6018832405502069,9.65
2026-10-15 18:04:38,27.322837550568543,27.425003244237697,31.674141195588,48.895,12.606443845678916,12.673237172832042,4.545460211352319,22.65,5.312720045560452,5.571810546881978,0.6023648460025994,9.655
2026-10-15 18:19:38,27.33635553856904,27.439931520867535,31.693738398634995,48.925,12.635966521390756,12.702415063879261,4.554256673140037,22.695,5.3156915665545945,5.572592993124624,0.6027416200456894,9.66
2026-10-15 18:34:38,27.34120982600083,27.44411174316575,31.699335738179716,48.935,12.635966521390756,12.702415063879261,4.554256673140037,22.695,5.3156915665545945,5.572592993124624,0.6027416200456894,9.66
2026-10-15 18:49:38,27.371657493666973,27.467370156719973,31.722831508500377,48.975,12.645459068525696,12.706824566918772,4.55726489988463,22.71,5.323656115389081,5.57552445630801,0.6031676123580418,9.67
2026-10-15 19:04:38,27.380515143966022,27.474649864100655,31.73408931697964,48.99,12.645459068525696,12.706824566918772,4.55726489988463,22.71,5.323656115389081,5.57552445630801,0.6031676123580418,9.67
2026-10-15 19:19:38,27.387810722490055,27.480810718472263,31.743130719117936,49.005,12.652318828895075,12.713116174107368,4.559042903145452,22.72,5.324716306427895,5.579559613541874,0.6036381474874543,9.675
2026-10-15 19:34:38,27.407713723100276,27.513830598275693,31.776814882482093,49.055,12.658850784354732,12.726096283517732,4.562091521285182,22.74,5.338599302258891,5.594078781445932,0.6047554943760919,9.695
2026-10-15 19:49:38,27.439875393326776,27.547511542345617,31.81927030010996,49.115,12.67637897375798,12.742998587695768,4.570307347186881,22.775,5.338599302258891,5.594078781445932,0.6047554943760919,9.695
2026-10-15 20:04:38,27.469369225822437,27.578057132335946,31.85618624663866,49.18,12.69050988673748,12.755801854828952,4.574869065931536,22.8,5.345685865361887,5.601744430394495,0.6061308840280683,9.715
2026-10-15 20:19:38,27.480998296322475,27.586522441486743,31.872953112926144,49.205,12.693880947516726,12.7597296136454,4.575817527676656,22.805,5.348871245677066,5.603190251790374,0.6064822494648167,9.72
2026-10-15 20:34:38,27.494656182179817,27.59874511564759,31.893154312431,49.23,12.70555750027259,12.769066274584787,4.580435494179414,22.825,5.348871245677066,5.603190251790374,0.6064822494648167,9.72
2026-10-15 20:49:38,27.524026215553,27.625837545313715,31.931761086044368,49.285,12.720884201334352,12.789904474342107,4.590125955919889,22.87,5.364057942378864,5.623209207081218,0.6084922733242641,9.75
2026-10-15 21:04:38,27.527323991048597,27.63018672010298,31.939340873202994,49.295,12.720884201334352,12.789904474342107,4.590125955919889,22.87,5.364057942378864,5.623209207081218,0.6084922733242641,9.75
2026-10-15 21:19:38,27.545843719882033,27.649795541507913,31.966205715213047,49.33,12.740408074185021,12.812376478471517,4.5955793163451,22.9,5.368109981132321,5.6256878975239175,0.6089254474862279,9.755
2026-10-15 21:34:38,27.566513760802387,27.67701248209389,31.99091623711364,49.375,12.760629906801425,12.833528179693348,4.6024467320445686,22.935,5.382492751993083,5.643750743084899,0.6103859863387717,9.78
2026-10-15 21:49:38,27.57489485542113,27.69022713885082,32.001712996056504,49.395,12.770525549878299,12.840958885993384,4.605547049243142,22.95,5.38757933911278,5.652352011388305,0.6109126567194721,9.79
2026-10-15 22:04:38,27.58209732435072,27.69611731449972,32.008417301108466,49.405,12.782433980024122,12.84447142955093,4.608466700529898,22.965,5.38757933911278,5.652352011388305,0.6109126567194721,9.79
2026-10-15 22:19:38,27.59589757875302,27.713215998457287,32.02303250485123,49.425,12.793427234592398,12.85512799556043,4.611537258880865,22.98,5.392486486444279,5.653712049260801,0.6114067985667848,9.795
2026-10-15 22:34:38,27.59589757875302,27.713215998457287,32.02303250485123,49.425,12.793427234592398,12.85512799556043,4.611537258880865,22.98,5.392486486444279,5.653712049260801,0.6114067985667848,9.795
2026-10-15 22:49:38,27.656565024082635,27.76760322596249,32.07845974480022,49.52,12.82646027899145,12.883475453879212,4.6225570293891804,23.03,5.40495537646094,5.665898006115101,0.6132008010907993,9.825
2026-10-15 23:04:38,27.656565024082635,27.76760322596249,32.07845974480022,49.52,12.82646027899145,12.883475453879212,4.6225570293891804,23.03,5.40495537646094,5.665898006115101,0.6132008010907993,9.825
2026-10-15 23:19:38,27.656565024082635,27.76760322596249,32.07845974480022,49.52,12.82646027899145,12.883475453879212,4.6225570293891804,23.03,5.40495537646094,5.665898006115101,0.6132008010907993,9.825
2026-10-15 23:34:38,27.666979365008597,27.777078443352714,32.09086564224601,49.54,12.832419995028904,12.888671030728606,4.624646384685385,23.04,5.40495537646094,5.665898006115101,0.6132008010907993,9.825
2026-10-15 23:49:38,27.685321523698587,27.79813494071309,32.10941445129697,49.57,12.841332896111012,12.893445228357793,4.627727680509341,23.055,5.408309842756424,5.669943303330138,0.6134534141897698,9.83
2026-10-16 00:04:38,27.704596059535536,27.818111951458242,32.12815774263781,49.6,12.844293083448536,12.89770919175961,4.628316231395252,23.06,5.410472565866641,5.674786527218122,0.6137054300301906,9.835
2026-10-16 00:19:38,27.73627273950294,27.83841320297955,32.156879065041565,49.645,12.871303158027034,12.919319223127813,4.637313506842752,23.1,5.418769270060441,5.684266158679481,0.6149482203439611,9.855
2026-10-16 00:34:38,27.782343685827595,27.886695770421102,32.20847686414155,49.725,12.890963382856349,12.936274811765996,4.6436403335182765,23.13,5.426004659047549,5.68705980664164,0.6155296653241727,9.865
2026-10-16 00:49:38,27.797248966195,27.901717140228563,32.22477109862083,49.755,12.898727760085702,12.9404224198476,4.645591017090449,23.14,5.430983195726113,5.695937023244433,0.6162831398072125,9.875
2026-10-16 01:04:38,27.797248966195,27.901717140228563,32.22477109862083,49.755,12.90356832671229,12.945798387377755,4.647961625086124,23.15,5.430983195726113,5.695937023244433,0.6162831398072125,9.875
2026-10-16 01:19:38,27.821421300482243,27.932150001249983,32.259253674211685,49.81,12.915815920317714,12.957949170273682,4.652552781729455,23.175,5.44487863883449,5.714529039133712,0.6182211697638935,9.905
2026-10-16 01:34:38,27.878631444909033,27.979294274522566,32.325153347734755,49.91,12.996430971420093,13.0379075588572,4.681410712788888,23.32,5.455905554275466,5.7201994276897015,0.6194189002497181,9.925
2026-10-16 01:49:38,27.905527859250547,28.007393380167628,32.35446439660043,49.95,13.004276747307685,13.04617869644097,4.685464894461558,23.335,5.468037575793603,5.734066714167867,0.6204648566025825,9.945
2026-10-16 02:04:38,27.963981840592353,28.05306473436217,32.40881720450706,50.04,13.022036745680271,13.064236372502716,4.693243479632884,23.37,5.480179780871005,5.744215367478469,0.6217103250210442,9.965
2026-10-16 02:19:38,27.998633724020543,28.085044149304334,32.44536551378971,50.095,13.044068607955554,13.089429220875108,4.702694245153139,23.415,5.490495747029828,5.756601283892079,0.6232771704193116,9.985
2026-10-16 02:34:38,28.075094126669143,28.150832498620595,32.5343090306808,50.215,13.056905964768918,13.107599681791882,4.709495354128654,23.445,5.499482661509083,5.767117190660233,0.6243391785736446,10.005
2026-10-16 02:49:38,28.088911222572477,28.16997175533822,32.5584024030945,50.245,13.086235123481428,13.14757714014297,4.72031860195199,23.5,5.516614513324535,5.782955737118241,0.6256736312572057,10.03
2026-10-16 03:04:38,28.173598325066564,28.267646608625775,32.65751365739414,50.4,13.122020250660011,13.189298162788708,4.732661975252419,23.57,5.539557292748745,5.797288913211399,0.6278062641171748,10.065
2026-10-16 03:19:38,28.215881796483718,28.30895210032699,32.70163816868842,50.47,13.131902177220121,13.20632150689637,4.739650467217255,23.6,5.559483493002214,5.809235398790921,0.629804025647352,10.095
2026-10-16 03:34:38,28.25144671844623,28.341486684781287,32.726456889176326,50.52,13.158735748268017,13.235134592488166,4.749044847620043,23.645,5.571351710369814,5.82076405274798,0.6306062105401495,10.11
2026-10-16 03:49:38,28.282157891784816,28.36698248618602,32.75920296956903,50.575,13.19388294014601,13.263388064514142,4.759542299828481,23.695,5.578670773395688,5.825510776090383,0.631224858283329,10.12
2026-10-16 04:04:38,28.304658280023002,28.38594489348837,32.78705117683007,50.615,13.215642531638473,13.290811299298586,4.766910325043562,23.735,5.58581305755715,5.845147153539152,0.6322567819819644,10.145
2026-10-16 04:19:38,28.319825030661324,28.400373173638044,32.79916280553909,50.635,13.229890961867294,13.299277075734183,4.77278550365264,23.76,5.587086760945767,5.84976734647332,0.6324933703878193,10.15
2026-10-16 04:34:38,28.319825030661324,28.400373173638044,32.79916280553909,50.635,13.229890961867294,13.299277075734183,4.77278550365264,23.76,5.590043759449357,5.851441689685548,0.6327236013542514,10.155
2026-10-16 04:49:38,28.332065347924647,28.41525059810505,32.81508185320058,50.66,13.239784177239635,13.304993595341337,4.775877740846457,23.775,5.593369717621418,5.854197954213023,0.6329676706300391,10.16
2026-10-16 05:04:38,28.332065347924647,28.41525059810505,32.81508185320058,50.66,13.239784177239635,13.304993595341337,4.775877740846457,23.775,5.593369717621418,5.854197954213023,0.6329676706300391,10.16
2026-10-16 05:19:38,28.332065347924647,28.41525059810505,32.81508185320058,50.66,13.239784177239635,13.304993595341337,4.775877740846457,23.775,5.593369717621418,5.854197954213023,0.6329676706300391,10.16
2026-10-16 05:34:38,28.332065347924647,28.41525059810505,32.81508185320058,50.66,13.239784177239635,13.304993595341337,4.775877740846457,23.775,5.593369717621418,5.854197954213023,0.6329676706300391,10.16
2026-10-16 05:49:38,28.332065347924647,28.41525059810505,32.81508185320058,50.66,13.239784177239635,13.304993595341337,4.775877740846457,23.775,5.593369717621418,5.854197954213023,0.6329676706300391,10.16
2026-10-16 06:04:38,28.34092167133368,28.425133990313043,32.825715873151886,50.675,13.246266880980523,13.316465241248512,4.778787246807844,23.79,5.593369717621418,5.854197954213023,0.6329676706300391,10.16
2026-10-16 06:19:38,28.367435780906796,28.457173272966337,32.86197856524663,50.73,13.256927427714743,13.326855526040028,4.7826437895729095,23.81,5.600535933263603,5.8595326260760565,0.633600084382434,10.17
2026-10-16 06:34:38,28.40181316159099,28.485470213190077,32.893010914495946,50.78,13.272808369832557,13.341851039287391,4.788335758523248,23.84,5.610740216033693,5.8708889707616505,0.6349067853143567,10.19
2026-10-16 06:49:38,28.41271827696942,28.494401499876865,32.90608123720888,50.8,13.273787850664364,13.343603151654188,4.789531988430646,23.845,5.612723032081445,5.875348979394002,0.6351390249516133,10.195
2026-10-16 07:04:38,28.44364702074597,28.524973454374734,32.94107505483663,50.865,13.3047668592759,13.372334673868028,4.799476795868767,23.895,5.618389368789954,5.8803890128850345,0.6361804001082242,10.21
2026-10-16 07:19:38,28.533896924762164,28.62045046745783,33.04789244755107,51.03,13.349265832279844,13.410432387137169,4.812523295529235,23.97,5.632790585528007,5.899444403611753,0.6380826389869283,10.235
2026-10-16 07:34:38,28.63258247328282,28.71851967301407,33.16695119127709,51.215,13.378573487397325,13.441966442021444,4.822942076274476,24.025,5.645273341890712,5.908008566179067,0.639588142615836,10.255
2026-10-16 07:49:38,28.728114012502495,28.80108822573448,33.26289165419062,51.37,13.438555411377497,13.498038880962893,4.844059766742368,24.125,5.660805779477372,5.9245881062584145,0.6413496477003185,10.29
2026-10-16 08:04:38,28.789268937392492,28.860066967237064,33.345558520818784,51.495,13.481779842580972,13.541177895727172,4.860786483291763,24.2,5.681063215414533,5.950020341258372,0.6435082517304668,10.325
2026-10-16 08:19:38,28.86791758566442,28.945466334706058,33.434811673121274,51.635,13.52922085968765,13.600450924106562,4.878962661406683,24.295,5.69089622612458,5.962054556153727,0.6448081761945945,10.34
2026-10-16 08:34:38,28.918619289427262,28.99462952822463,33.5032713592566,51.73,13.572894971900196,13.636759922501172,4.890209203046704,24.36,5.711293092318374,5.975884722374662,0.6465036361397271,10.375
2026-10-16 08:49:38,28.995771209875645,29.074249358154326,33.58342714675227,51.865,13.608943358940326,13.67079166220621,4.903726906506308,24.42,5.728820741164017,5.992211464749344,0.6479544006573862,10.4
2026-10-16 09:04:38,29.061302756457227,29.145864746382866,33.67650375469858,52.0,13.628997165048665,13.688675207131281,4.911658615005308,24.455,5.748492839022399,6.016095605287905,0.6496549800352753,10.435
2026-10-16 09:19:38,29.116165390835135,29.193473881469703,33.733331535307336,52.085,13.660618125649595,13.719496247491278,4.92527864176695,24.52,5.755492906722601,6.026393684674571,0.6507809412566782,10.45
2026-10-16 09:34:38,29.116165390835135,29.193473881469703,33.733331535307336,52.085,13.662385511540544,13.721344821491302,4.92673440040052,24.525,5.755492906722601,6.026393684674571,0.6507809412566782,10.45
2026-10-16 09:49:38,29.116165390835135,29.193473881469703,33.733331535307336,52.085,13.662385511540544,13.721344821491302,4.92673440040052,24.525,5.755492906722601,6.026393684674571,0.6507809412566782,10.45
2026-10-16 10:04:38,29.12364591290895,29.200578340970548,33.742537348671696,52.095,13.664338984242457,13.72274085463763,4.927444685009834,24.53,5.755492906722601,6.026393684674571,0.6507809412566782,10.45
2026-10-16 10:19:38,29.151356948388337,29.227408171741832,33.77653353031475,52.145,13.666921898180549,13.72339127722059,4.928364111548086,24.535,5.762213253850606,6.0333109686940185,0.6514544695242867,10.46
2026-10-16 10:34:38,29.171813754575187,29.248921563216587,33.800035172534045,52.18,13.666921898180549,13.72339127722059,4.928364111548086,24.535,5.767277292665084,6.039410357835663,0.651939528234343,10.47
2026-10-16 10:49:38,29.20100816756473,29.272593651673535,33.83262623660237,52.23,13.6818287560095,13.738249334058969,4.931749313628049,24.555,5.767277292665084,6.039410357835663,0.651939528234343,10.47
2026-10-16 11:04:38,29.230538410811192,29.29358885866586,33.86179027353154,52.27,13.683146876540379,13.743108427065195,4.932289516155081,24.56,5.76895359008047,6.041655087454985,0.6521098987068371,10.475
2026-10-16 11:19:38,29.26573892987658,29.32238872122233,33.896725670843246,52.325,13.683146876540379,13.743108427065195,4.932289516155081,24.56,5.773727984488844,6.044825819765035,0.6523488970267954,10.48
2026-10-16 11:34:38,29.276413951168937,29.33172629895593,33.90874409785415,52.345,13.700941211507876,13.753961375446638,4.938623785455242,24.585,5.773727984488844,6.044825819765035,0.6523488970267954,10.48
2026-10-16 11:49:38,29.28905388010102,29.344813038578064,33.91998352391261,52.365,13.701624492914377,13.75556671242528,4.939238253864095,24.59,5.774455485039353,6.047944822465291,0.6527725081209295,10.485
2026-10-16 12:04:38,29.308708285033383,29.35715736273674,33.93674017951449,52.39,13.711081419768808,13.763161784475347,4.94218214576923,24.605,5.774455485039353,6.047944822465291,0.6527725081209295,10.485
2026-10-16 12:19:38,29.311020643024612,29.35823731982083,33.94112984378963,52.395,13.711081419768808,13.763161784475347,4.94218214576923,24.605,5.774455485039353,6.047944822465291,0.6527725081209295,10.485
2026-10-16 12:34:38,29.320509160340627,29.369422633608814,33.95244902252342,52.41,13.714610478624131,13.768047758767114,4.943669311451499,24.61,5.776969571348137,6.052331019738582,0.653239747223373,10.49
2026-10-16 12:49:38,29.320509160340627,29.369422633608814,33.95244902252342,52.41,13.714610478624131,13.768047758767114,4.943669311451499,24.61,5.776969571348137,6.052331019738582,0.653239747223373,10.49
2026-10-16 13:04:38,29.320509160340627,29.369422633608814,33.95244902252342,52.41,13.714610478624131,13.768047758767114,4.943669311451499,24.61,5.778657051105331,6.053896253433778,0.6534288635716552,10.495
2026-10-16 13:19:38,29.328133250170563,29.37348051290748,33.95917024748627,52.42,13.714610478624131,13.768047758767114,4.943669311451499,24.61,5.778657051105331,6.053896253433778,0.6534288635716552,10.495
2026-10-16 13:34:38,29.328870003216334,29.375697194985943,33.96410806350389,52.425,13.714610478624131,13.768047758767114,4.943669311451499,24.61,5.778657051105331,6.053896253433778,0.6534288635716552,10.495
2026-10-16 13:49:38,29.331861621866626,29.376511109811325,33.96859596241187,52.43,13.714610478624131,13.768047758767114,4.943669311451499,24.61,5.779596640666205,6.057758014891696,0.6535676576071165,10.5
2026-10-16 14:04:38,29.334856488760344,29.377951436308052,33.97104652947928,52.435,13.71534834284754,13.769342425723861,4.944343589753003,24.615,5.779596640666205,6.057758014891696,0.6535676576071165,10.5
2026-10-16 14:19:38,29.34254461369045,29.388148853715478,33.9785111238297,52.45,13.720337842254427,13.773355419415921,4.946413161221049,24.625,5.779596640666205,6.057758014891696,0.6535676576071165,10.5
2026-10-16 14:34:38,29.349810350783837,29.396372804369758,33.98361529837752,52.46,13.720337842254427,13.773355419415921,4.946413161221049,24.625,5.779596640666205,6.057758014891696,0.6535676576071165,10.5
2026-10-16 14:49:38,29.36226345466081,29.418975946490416,34.00217069822987,52.49,13.724232320963086,13.780386116963655,4.949151360687716,24.635,5.780713950920809,6.059677462175078,0.6536943533441757,10.505
2026-10-16 15:04:38,29.364681188113153,29.425293397863864,34.008629126816174,52.5,13.725869078854915,13.785049581755196,4.9499632713220265,24.64,5.783108532625478,6.064477988572583,0.6539404069930226,10.51
2026-10-16 15:19:38,29.375241127139173,29.435087774291386,34.02308651962103,52.52,13.73222196031055,13.793702895638383,4.953648338894123,24.655,5.7842224071129476,6.066240299669668,0.6540674801628776,10.515
2026-10-16 15:34:38,29.379053924694915,29.436298025990492,34.026839714613715,52.525,13.73222196031055,13.793702895638383,4.953648338894123,24.655,5.7842224071129476,6.066240299669668,0.6540674801628776,10.515
2026-10-16 15:49:38,29.39483794817288,29.453983338701427,34.04538512737273,52.555,13.73222196031055,13.793702895638383,4.953648338894123,24.655,5.787321372029588,6.069550489830642,0.6543934569462052,10.52
2026-10-16 16:04:38,29.40607000612115,29.461170698276614,34.05840789403349,52.575,13.736084548443745,13.797726312787226,4.95422135728328,24.66,5.794757281911979,6.07421795364412,0.6551040766990629,10.53
2026-10-16 16:19:38,29.41849982341257,29.47158350750864,34.068146037012106,52.595,13.74064388100846,13.802432209749249,4.9548820781251175,24.665,5.797710954152716,6.076055162705617,0.6554236672149847,10.535
2026-10-16 16:34:38,29.4228034634598,29.475220584349767,34.07548937091288,52.605,13.744295489252513,13.803580809570551,4.956095241679301,24.67,5.798705045492089,6.077222414739533,0.6557579534351377,10.54
2026-10-16 16:49:38,29.42917631752416,29.478832422324608,34.0843602495764,52.615,13.744295489252513,13.803580809570551,4.956095241679301,24.67,5.798705045492089,6.077222414739533,0.6557579534351377,10.54
2026-10-16 17:04:38,29.42917631752416,29.478832422324608,34.0843602495764,52.615,13.744295489252513,13.803580809570551,4.956095241679301,24.67,5.798705045492089,6.077222414739533,0.6557579534351377,10.54
2026-10-16 17:19:38,29.43703825637544,29.48966853227633,34.09362079983741,52.63,13.752487934009245,13.81001435410728,4.958883722762562,24.685,5.800452467479924,6.080897991107048,0.655896463490936,10.545
2026-10-16 17:34:38,29.444273370496028,29.495592908200553,34.10226634327113,52.64,13.756467929630432,13.811969033148412,4.960072206260409,24.69,5.800452467479924,6.080897991107048,0.655896463490936,10.545
2026-10-16 17:49:38,29.459610231525687,29.51863356276903,34.12612538477925,52.675,13.756467929630432,13.811969033148412,4.960072206260409,24.69,5.805045445455802,6.083146211221152,0.65632764815052,10.55
2026-10-16 18:04:38,29.459610231525687,29.51863356276903,34.12612538477925,52.675,13.756467929630432,13.811969033148412,4.960072206260409,24.69,5.805045445455802,6.083146211221152,0.65632764815052,10.55
2026-10-16 18:19:38,29.46760741650774,29.52446955450602,34.132475445605614,52.685,13.756467929630432,13.811969033148412,4.960072206260409,24.69,5.807562800867544,6.085246868299944,0.6566231064876116,10.555
2026-10-16 18:34:38,29.483523180229245,29.540533807292363,34.155103653465765,52.715,13.771180900444303,13.820341459924656,4.963917511089805,24.71,5.807562800867544,6.085246868299944,0.6566231064876116,10.555
2026-10-16 18:49:38,29.54643198712192,29.59887586460502,34.21408230835062,52.815,13.815504323354576,13.861694210528139,4.975969997196134,24.78,5.812390452026593,6.090919780331929,0.6578632620073034,10.57
2026-10-16 19:04:38,29.600494105557246,29.650452411232568,34.28419374153691,52.91,13.826510102378519,13.86840122435071,4.9804434171165886,24.8,5.829615835634132,6.105618578116913,0.659989684334473,10.6
2026-10-16 19:19:38,29.632385144212172,29.68228196193078,34.32612612474755,52.965,13.838090527347855,13.879651865658479,4.985903259135789,24.825,5.8380437236519604,6.1139294395736234,0.6606424654175637,10.615
2026-10-16 19:34:38,29.655082077055617,29.708732127121515,34.351069061742976,53.005,13.847466338625795,13.889744527982199,4.990775446127086,24.85,5.84267189548958,6.116776756430005,0.6609202759525468,10.62
2026-10-16 19:49:38,29.68954395537007,29.74081059780036,34.382516280749215,53.06,13.860209892514582,13.908488478712258,4.996491339131202,24.875,5.847149370784774,6.121486295778593,0.6613400655741313,10.63
2026-10-16 20:04:38,29.736145626364827,29.790929863569065,34.42787680916529,53.14,13.86653671048147,13.913690895258393,4.9993183895943165,24.885,5.848663190695669,6.123319808273825,0.6615515104007695,10.635
2026-10-16 20:19:38,29.768171855055055,29.814214627396723,34.454339761912514,53.19,13.88112456421292,13.927051009056182,5.0037969165894935,24.91,5.856628387131248,6.1277402764776046,0.6626120967964455,10.65
2026-10-16 20:34:38,29.80823774407808,29.856607410019055,34.5030205725452,53.265,13.886937658400942,13.932497017108771,5.005747437729583,24.92,5.87606935646961,6.143679193098545,0.6642254945143546,10.68
2026-10-16 20:49:38,29.821534521644548,29.86877314942618,34.516549509741566,53.285,13.892815499691022,13.93741992987045,5.008334140333496,24.93,5.87606935646961,6.143679193098545,0.6642254945143546,10.68
2026-10-16 21:04:38,29.840196982770134,29.892434155791722,34.54910144290777,53.33,13.898030199840298,13.942744539503076,5.010136791156047,24.94,5.877896925832987,6.146060787344086,0.6646316447204941,10.685
2026-10-16 21:19:38,29.883720751051804,29.94425128486064,34.614632961352356,53.43,13.942531767122528,13.983583706703403,5.024666503931012,25.005,5.891691078924856,6.158342400307667,0.6661871640550703,10.715
2026-10-16 21:34:38,29.886165220530955,29.945940418634105,34.61760515171261,53.435,13.947524719995446,13.986885485668983,5.026127699232152,25.01,5.8933737676205125,6.160415983433592,0.6664211636383287,10.72
2026-10-16 21:49:38,29.900992215090216,29.956206482786417,34.6322997012498,53.455,13.96032797477387,13.995098307336855,5.02872432473525,25.025,5.900270702033232,6.164882297209041,0.6675385794001607,10.735
2026-10-16 22:04:38,29.916375058666176,29.967728110607467,34.64663711667152,53.48,13.977622823116322,14.01371203528392,5.0352268663368385,25.055,5.906905288817608,6.1694579820347135,0.6682937233154972,10.745
2026-10-16 22:19:38,29.935765468068126,29.983714861393068,34.666149365834514,53.515,13.999741514480792,14.030472643615377,5.041058944843778,25.085,5.918685500876439,6.176049163461639,0.6696637050347942,10.765
2026-10-16 22:34:38,29.935765468068126,29.983714861393068,34.666149365834514,53.515,13.999741514480792,14.030472643615377,5.041058944843778,25.085,5.918685500876439,6.176049163461639,0.6696637050347942,10.765
2026-10-16 22:49:38,29.935765468068126,29.983714861393068,34.666149365834514,53.515,13.999741514480792,14.030472643615377,5.041058944843778,25.085,5.918685500876439,6.176049163461639,0.6696637050347942,10.765
2026-10-16 23:04:38,29.96829577318538,30.002358458063895,34.700776485176874,53.57,14.025871695718653,14.053989375264495,5.048762459729422,25.12,5.923535194504926,6.1796960410970785,0.6699034690221127,10.77
2026-10-16 23:19:38,29.97105282653938,30.004281474237654,34.705507092611214,53.575,14.025871695718653,14.053989375264495,5.048762459729422,25.12,5.923535194504926,6.1796960410970785,0.6699034690221127,10.77
2026-10-16 23:34:38,30.004113007285664,30.036365148538348,34.74374782834584,53.63,14.04865853672994,14.083308074873015,5.058374885059585,25.165,5.932621348830213,6.1867581719682985,0.6707713273919185,10.785
2026-10-16 23:49:38,30.01315560951556,30.04546551340948,34.752408250433156,53.645,14.054649948110393,14.08907210697508,5.060644365097026,25.175,5.938409943698551,6.191526214499321,0.6713001519749575,10.795
2026-10-17 00:04:38,30.01315560951556,30.04546551340948,34.752408250433156,53.645,14.054649948110393,14.08907210697508,5.060644365097026,25.175,5.938409943698551,6.191526214499321,0.6713001519749575,10.795
2026-10-17 00:19:38,30.017091525775655,30.051234177206574,34.75842218867138,53.655,14.056556963256586,14.093801171676203,5.061586790153453,25.18,5.938409943698551,6.191526214499321,0.6713001519749575,10.795
2026-10-17 00:34:38,30.024715936769297,30.056866337015563,34.76622520696802,53.67,14.05747387795905,14.097437848723247,5.06278576765259,25.185,5.938409943698551,6.191526214499321,0.6713001519749575,10.795
2026-10-17 00:49:38,30.042332974118604,30.073136514487498,34.78148148878991,53.695,14.075933474707508,14.11750379613746,5.0695135521643415,25.22,5.938409943698551,6.191526214499321,0.6713001519749575,10.795
2026-10-17 01:04:38,30.05546750417812,30.084957834912274,34.795377809883014,53.715,14.091020341295076,14.129558892401617,5.074876621917086,25.245,5.943281403208861,6.196164958782984,0.6715575263052685,10.8
2026-10-17 01:19:38,30.060148033718008,30.089370143450765,34.79796749237293,53.72,14.092647841233836,14.133755712245542,5.075976195918307,25.255,5.946263245044044,6.199592680622643,0.6718650689872443,10.805
2026-10-17 01:34:38,30.114237645815574,30.14530945927645,34.85495799377719,53.81,14.125606189865481,14.152699633317248,5.0867920366726045,25.305,5.9522546604202615,6.207054004525147,0.6727316133218463,10.82
2026-10-17 01:49:38,30.11795836327055,30.147682543606074,34.857483321196426,53.815,14.125606189865481,14.152699633317248,5.0867920366726045,25.305,5.9522546604202615,6.207054004525147,0.6727316133218463,10.82
2026-10-17 02:04:38,30.131407699773796,30.160271878901835,34.87576793055892,53.845,14.139636679375837,14.166140211923247,5.091463497301464,25.325,5.9522546604202615,6.207054004525147,0.6727316133218463,10.82
2026-10-17 02:19:38,30.131407699773796,30.160271878901835,34.87576793055892,53.845,14.139636679375837,14.166140211923247,5.091463497301464,25.325,5.9522546604202615,6.207054004525147,0.6727316133218463,10.82
2026-10-17 02:34:38,30.160652970720275,30.19219050747225,34.914726171380934,53.9,14.171854044708878,14.198858107471057,5.103476764563279,25.385,5.965545607012184,6.220498234344403,0.6745834848315604,10.845
2026-10-17 02:49:38,30.22293761403661,30.24736352915731,34.97304488058445,53.995,14.200349559451208,14.222314275755839,5.112443782425453,25.435,5.979452838166933,6.233152128441393,0.6764961162526679,10.87
2026-10-17 03:04:38,30.228968709071285,30.253373571489252,34.980485033761035,54.005,14.200349559451208,14.222314275755839,5.112443782425453,25.435,5.979452838166933,6.233152128441393,0.6764961162526679,10.87
2026-10-17 03:19:38,30.251717220629757,30.277453402994446,35.00668579406102,54.04,14.227093112533867,14.242916881199603,5.120468806558966,25.475,5.987714083058562,6.238029063803004,0.6769597498545523,10.88
2026-10-17 03:34:38,30.265990453274192,30.291442013484097,35.02608839772381,54.065,14.230959878100577,14.244338484440707,5.121595637029161,25.48,5.994407074596179,6.246891408949404,0.6779383832452691,10.895
2026-10-17 03:49:38,30.33081030929417,30.35991930880659,35.11004447386901,54.19,14.272852700958154,14.283910524350448,5.138240519903728,25.555,6.016095750433197,6.265685700103233,0.6797939217134387,10.93
2026-10-17 04:04:38,30.353685985318457,30.392324481254658,35.14126014299142,54.235,14.282014337047347,14.293008481380083,5.140534124586554,25.57,6.0228026258336085,6.27497060404994,0.6809001274689693,10.945
2026-10-17 04:19:38,30.374786999651036,30.416208652897616,35.161348955231546,54.27,14.296947714108448,14.305363792511953,5.145287858158334,25.59,6.041310082877021,6.288213262126413,0.6833899575971932,10.98
2026-10-17 04:34:38,30.419696689136508,30.460243694911064,35.21514334032901,54.35,14.317089334498485,14.323120564593538,5.152766683562908,25.63,6.070531410240939,6.31803866330663,0.6860030052916032,11.03
2026-10-17 04:49:38,30.446355291193722,30.474255002229647,35.23605385775906,54.385,14.346300650251967,14.348809069795044,5.162131649729001,25.675,6.076924999046224,6.322818828818064,0.6868460636988477,11.045
2026-10-17 05:04:38,30.446355291193722,30.474255002229647,35.23605385775906,54.385,14.346300650251967,14.348809069795044,5.162131649729001,25.675,6.076924999046224,6.322818828818064,0.6868460636988477,11.045
2026-10-17 05:19:38,30.55897900597542,30.583648364749696,35.36781529323883,54.585,14.374663134064726,14.378196381462887,5.174977266787267,25.735,6.091464792215389,6.334296646936976,0.6881957937152363,11.065
2026-10-17 05:34:38,30.647404214242247,30.679916526791335,35.475069881791015,54.74,14.412188106528022,14.414037043268848,5.187807094149158,25.8,6.109696933760565,6.355582842731177,0.6905771309722912,11.1
2026-10-17 05:49:38,30.711128972020894,30.740542460427474,35.547295595808855,54.85,14.425718780318448,14.429691869926076,5.191506957602218,25.82,6.121328216045473,6.366094359189422,0.6918443446460002,11.115
2026-10-17 06:04:38,30.762790156083625,30.79307513414467,35.600130168661416,54.945,14.449474496865125,14.45822436671715,5.200284785250548,25.865,6.130223880284739,6.375646463769945,0.6929812883387474,11.13
2026-10-17 06:19:38,30.82887046700843,30.861727991626996,35.68620347562237,55.075,14.481911433832623,14.489518632477832,5.211732789964729,25.925,6.134625892635778,6.380931256607055,0.6937196406935365,11.14
2026-10-17 06:34:38,30.914962451006293,30.941893901872767,35.79706072028906,55.235,14.50401217131134,14.514615587992468,5.22060689533774,25.97,6.151532886120868,6.402398943239621,0.6967993275933352,11.18
2026-10-17 06:49:38,30.998442978856897,31.030118336810315,35.88717213734502,55.38,14.535027076642756,14.546410579618083,5.2321550501518725,26.025,6.166400504626596,6.41960000250128,0.6985010663949811,11.21
2026-10-17 07:04:38,31.01322303316855,31.041298754090928,35.90080882344786,55.4,14.541768530704257,14.54987855881094,5.2348477481897575,26.035,6.17353205501577,6.425754618184457,0.6992033656216233,11.225
2026-10-17 07:19:38,31.070090209487923,31.093804531381974,35.965964230196235,55.5,14.566250162214725,14.575273089635166,5.244236495690219,26.08,6.185095000253527,6.437938094289861,0.7003044738262607,11.245
2026-10-17 07:34:38,31.113610603520417,31.137489606963026,36.01392561945288,55.575,14.591002389587832,14.595021484961205,5.253117762722567,26.13,6.1904182315520915,6.440770098790973,0.701000464113962,11.255
2026-10-17 07:49:38,31.155279363820963,31.180372129275675,36.06373789555763,55.655,14.61938277773964,14.615486880154872,5.263195226896687,26.175,6.206913673387824,6.4556535461133215,0.7023206004251458,11.275
2026-10-17 08:04:38,31.169191181170827,31.194517222277472,36.07485625877588,55.675,14.633973958543347,14.62506648744695,5.2684190471158265,26.195,6.209045784930181,6.457969185232463,0.7027670977179412,11.28
2026-10-17 08:19:38,31.253985613993702,31.276027165102224,36.160503676033684,55.805,14.64619601542965,14.633239414975364,5.271793877234265,26.215,6.217587183537224,6.470921509111705,0.7038272779025015,11.295
2026-10-17 08:34:38,31.298715729970056,31.316157231775424,36.20644224682629,55.875,14.676185698304549,14.662098625876848,5.280718476787655,26.26,6.226679603404919,6.477450874538682,0.7049351166076022,11.31
2026-10-17 08:49:38,31.298715729970056,31.316157231775424,36.20644224682629,55.875,14.676185698304549,14.662098625876848,5.280718476787655,26.26,6.226679603404919,6.477450874538682,0.7049351166076022,11.31
2026-10-17 09:04:38,31.304952297084128,31.32322322142976,36.21180092213058,55.885,14.676185698304549,14.662098625876848,5.280718476787655,26.26,6.226679603404919,6.477450874538682,0.7049351166076022,11.31
2026-10-17 09:19:38,31.304952297084128,31.32322322142976,36.21180092213058,55.885,14.676185698304549,14.662098625876848,5.280718476787655,26.26,6.226679603404919,6.477450874538682,0.7049351166076022,11.31
2026-10-17 09:34:38,31.322686801012072,31.340564606334578,36.23485286543867,55.915,14.684837467766632,14.671348167239843,5.2843394579201455,26.28,6.231526094830634,6.4845231654681585,0.7056573490431984,11.32
2026-10-17 09:49:38,31.37643209310498,31.3887282624112,36.29120290086595,56.0,14.693463107510448,14.67808199674199,5.286221155788106,26.295,6.231526094830634,6.4845231654681585,0.7056573490431984,11.32
2026-10-17 10:04:38,31.384361444659135,31.39345902721658,36.29689124150841,56.01,14.707025185725998,14.688249125092392,5.290405248368242,26.315,6.231526094830634,6.4845231654681585,0.7056573490431984,11.32
2026-10-17 10:19:38,31.392342976635717,31.398051689845527,36.30482082197036,56.02,14.707025185725998,14.688249125092392,5.290405248368242,26.315,6.231526094830634,6.4845231654681585,0.7056573490431984,11.32
2026-10-17 10:34:38,31.396250265402937,31.39877168036115,36.30784359945598,56.025,14.707025185725998,14.688249125092392,5.290405248368242,26.315,6.231526094830634,6.4845231654681585,0.7056573490431984,11.32
2026-10-17 10:49:38,31.400196626576033,31.407352412008763,36.31415065351188,56.035,14.707025185725998,14.688249125092392,5.290405248368242,26.315,6.231526094830634,6.4845231654681585,0.7056573490431984,11.32
2026-10-17 11:04:38,31.422807429547635,31.42434300970631,36.3332621208082,56.075,14.712932253709228,14.692120337013598,5.291646410216311,26.325,6.236168085923123,6.487337457129676,0.7059823330350282,11.325
2026-10-17 11:19:38,31.42481412498875,31.426797369148183,36.341522546013884,56.085,14.712932253709228,14.692120337013598,5.291646410216311,26.325,6.236168085923123,6.487337457129676,0.7059823330350282,11.325
2026-10-17 11:34:38,31.433791925560314,31.44418556319946,36.358802352609196,56.11,14.712932253709228,14.692120337013598,5.291646410216311,26.325,6.236168085923123,6.487337457129676,0.7059823330350282,11.325
2026-10-17 11:49:38,31.450113194352003,31.46175900840072,36.37978137560806,56.145,14.712932253709228,14.692120337013598,5.291646410216311,26.325,6.236168085923123,6.487337457129676,0.7059823330350282,11.325
2026-10-17 12:04:38,31.470062785920174,31.479534811391375,36.40268593919789,56.18,14.712932253709228,14.692120337013598,5.291646410216311,26.325,6.238340517728391,6.490030326135072,0.7064055029140176,11.33
2026-10-17 12:19:38,31.47607293988893,31.484589829891302,36.407744321919964,56.19,14.712932253709228,14.692120337013598,5.291646410216311,26.325,6.238340517728391,6.490030326135072,0.7064055029140176,11.33
2026-10-17 12:34:38,31.47728829120665,31.486372296473192,36.41269713037621,56.195,14.713770301741608,14.69597553892185,5.292613305048218,26.33,6.238340517728391,6.490030326135072,0.7064055029140176,11.33
2026-10-17 12:49:38,31.488674746020465,31.498908665172628,36.430287451593856,56.22,14.714645124921105,14.699888325656753,5.293946303805127,26.335,6.238340517728391,6.490030326135072,0.7064055029140176,11.33
2026-10-17 13:04:38,31.49655475937012,31.50940387917827,36.43964938125135,56.235,14.721375411428037,14.708209208001177,5.295332192041735,26.345,6.238340517728391,6.490030326135072,0.7064055029140176,11.33
2026-10-17 13:19:38,31.512600510009246,31.52620273429407,36.457146939263005,56.26,14.73184580878539,14.717275813994476,5.298606489844485,26.36,6.242967537687302,6.495724960844199,0.707148105691086,11.34
2026-10-17 13:34:38,31.517801929849696,31.529053855431087,36.46372058161176,56.27,14.73184580878539,14.717275813994476,5.298606489844485,26.36,6.243837878475084,6.4987423800583395,0.7073194936202607,11.345
2026-10-17 13:49:38,31.530805648159905,31.53375915968081,36.473428539867065,56.285,14.745157984715965,14.732348136273338,5.303242284970922,26.38,6.243837878475084,6.4987423800583395,0.7073194936202607,11.345
2026-10-17 14:04:38,31.546746607938832,31.543004006648484,36.48855890239903,56.305,14.746261071335816,14.734294891487545,5.304102449463729,26.385,6.24773153249277,6.502280043077109,0.7075339399583603,11.35
2026-10-17 14:19:38,31.55545086577105,31.55440663792833,36.49934700300669,56.32,14.752645432436674,14.740382124053246,5.306622297717074,26.395,6.251014450477551,6.506603999093433,0.7077611357041367,11.355
2026-10-17 14:34:38,31.569891039014944,31.568106658819516,36.52151266296086,56.35,14.75794713447599,14.745373655563224,5.308001659845848,26.405,6.254191388627394,6.510122582633932,0.7082581123357776,11.36
2026-10-17 14:49:38,31.58011168614927,31.57791414552003,36.529430746568664,56.365,14.75794713447599,14.745373655563224,5.308001659845848,26.405,6.254191388627394,6.510122582633932,0.7082581123357776,11.36
2026-10-17 15:04:38,31.589178862762193,31.58597219909467,36.540208288652174,56.38,14.761106474015293,14.750132272688694,5.309432450919907,26.41,6.256157060106121,6.513545298181176,0.708643420016876,11.365
2026-10-17 15:19:38,31.600813629961443,31.593740812069733,36.552614802669446,56.4,14.768770568937663,14.755621803919889,5.311118333534248,26.42,6.256157060106121,6.513545298181176,0.708643420016876,11.365
2026-10-17 15:34:38,31.605461766858163,31.598797881220058,36.561397213065355,56.41,14.772854206471777,14.757999264118885,5.311656479443445,26.425,6.256157060106121,6.513545298181176,0.708643420016876,11.365
2026-10-17 15:49:38,31.605461766858163,31.598797881220058,36.561397213065355,56.41,14.772854206471777,14.757999264118885,5.311656479443445,26.425,6.256157060106121,6.513545298181176,0.708643420016876,11.365
2026-10-17 16:04:38,31.614702403396713,31.611548149667698,36.573997005545515,56.43,14.772854206471777,14.757999264118885,5.311656479443445,26.425,6.256157060106121,6.513545298181176,0.708643420016876,11.365
2026-10-17 16:19:38,31.615962678138704,31.61346070456786,36.57790360758531,56.435,14.774668524924813,14.75937556362392,5.312807717935201,26.43,6.256157060106121,6.513545298181176,0.708643420016876,11.365
2026-10-17 16:34:38,31.63447329293161,31.63039103268707,36.603193668024936,56.47,14.774668524924813,14.75937556362392,5.312807717935201,26.43,6.258961381439777,6.5148836730740864,0.7090294098476259,11.37
2026-10-17 16:49:38,31.649928139540474,31.649242020636375,36.62319601265828,56.5,14.779232758617372,14.761284733788916,5.313917538087357,26.435,6.258961381439777,6.5148836730740864,0.7090294098476259,11.37
2026-10-17 17:04:38,31.653547977464218,31.65385156330074,36.6260963110306,56.505,14.779232758617372,14.761284733788916,5.313917538087357,26.435,6.258961381439777,6.5148836730740864,0.7090294098476259,11.37
2026-10-17 17:19:38,31.65530804387192,31.658458316539026,36.62919852714738,56.51,14.779232758617372,14.761284733788916,5.313917538087357,26.435,6.262437480413132,6.51918135148034,0.7091833155493916,11.375
2026-10-17 17:34:38,31.66309892941994,31.664195390147327,36.63307639252408,56.52,14.779232758617372,14.761284733788916,5.313917538087357,26.435,6.265553534582442,6.522380910390979,0.7095344789207454,11.38
2026-10-17 17:49:38,31.68044562828814,31.680046772177086,36.653948365593685,56.55,14.779232758617372,14.761284733788916,5.313917538087357,26.435,6.265553534582442,6.522380910390979,0.7095344789207454,11.38
2026-10-17 18:04:38,31.681406813691574,31.681415523515945,36.65702522998021,56.555,14.779232758617372,14.761284733788916,5.313917538087357,26.435,6.266370515376407,6.525877764157974,0.7098376239479778,11.385
2026-10-17 18:19:38,31.702475012711187,31.703177621228164,36.68377271667988,56.595,14.787880604015953,14.767921156926644,5.316793638786556,26.45,6.268092426395741,6.527421355936442,0.7101523690081032,11.39
2026-10-17 18:34:38,31.729326014369267,31.72359189383657,36.71125884189664,56.64,14.80725229597196,14.784881659744574,5.3245751852431775,26.485,6.275001878553841,6.532027790433423,0.7108242791124143,11.4
2026-10-17 18:49:38,31.760634655535046,31.758055940389827,36.751556998289296,56.7,14.840094715872823,14.80802221616177,5.332193094145862,26.53,6.278606463263275,6.53301225440057,0.711175775280935,11.405
2026-10-17 19:04:38,31.774095028345645,31.771474387638587,36.76603564778187,56.72,14.849278671388252,14.821818599826653,5.337212709155955,26.55,6.287229060456172,6.538598850642405,0.7119050629915533,11.42
2026-10-17 19:19:38,31.802553750386377,31.808132337497618,36.80398049428637,56.78,14.87531041427853,14.848721284879192,5.346565627548904,26.595,6.300605007139649,6.545880118951486,0.7129832636357957,11.435
2026-10-17 19:34:38,31.816871951298562,31.82663565072887,36.82107410877342,56.81,14.881599346517197,14.85419915327972,5.349195078949377,26.61,6.30240551799792,6.547122010717216,0.713126157877404,11.44
2026-10-17 19:49:38,31.919120615074032,31.941087766765982,36.940029150955596,56.985,14.924807290406692,14.905947367072969,5.362839853173435,26.69,6.31834586020003,6.564910774595427,0.7150132812349511,11.465
2026-10-17 20:04:38,31.96590639464052,31.983722704199714,36.99829171496997,57.075,14.944184929101189,14.93324554013947,5.369363915436988,26.725,6.323331006926829,6.566064994280767,0.7152693186636069,11.47
2026-10-17 20:19:38,31.97538798391393,31.992416746780453,37.009748850843955,57.09,14.95000346564151,14.939572608206488,5.37221519901282,26.74,6.331617130598621,6.573832897819072,0.7161217668808064,11.485
2026-10-17 20:34:38,31.99685939372357,32.00388280109554,37.03771396417664,57.13,14.955519963828026,14.945460252442174,5.374387847150955,26.75,6.33623867827892,6.576301741069438,0.7163850804583247,11.49
2026-10-17 20:49:38,32.02680864771593,32.04119240557607,37.07185109287238,57.18,14.983938545977878,14.970390666756309,5.382751766468009,26.795,6.348601505569317,6.587534011305189,0.7175368430159236,11.51
2026-10-17 21:04:38,32.061093471342865,32.073639776902105,37.11314466333648,57.24,14.998325808099244,14.988712498280385,5.386993498641829,26.82,6.350150690976748,6.589415173226523,0.717793448820326,11.515
2026-10-17 21:19:38,32.1389046101422,32.14692108975133,37.20294355933528,57.375,15.03241791770294,15.019111485329969,5.398180725597889,26.875,6.359800583177935,6.6000147736201145,0.7190311718465077,11.535
2026-10-17 21:34:38,32.14351412025213,32.149995305050375,37.2063423183861,57.38,15.038048491493239,15.023594097891689,5.4001544779725315,26.885,6.3628635279011645,6.602735643659898,0.7193524626932521,11.54
2026-10-17 21:49:38,32.20033488894881,32.210663378336484,37.27451580283374,57.485,15.05355367504675,15.042517719904493,5.408603298106279,26.925,6.377895018478014,6.615027117354718,0.7212084187335135,11.57
2026-10-17 22:04:38,32.21388026737594,32.22107869938838,37.286621130645756,57.505,15.057945017896495,15.049424433497125,5.410408316195914,26.935,6.3837420125101385,6.6221654051210495,0.7216840498295249,11.58
2026-10-17 22:19:38,32.26394333865448,32.26370383486741,37.343512810267676,57.595,15.072591072881929,15.060887445616368,5.414991015056702,26.955,6.406210860820517,6.640541317901802,0.7236855409914809,11.62
2026-10-17 22:34:38,32.30591322135034,32.30180328290592,37.38483972343133,57.66,15.085939780891934,15.071281855652478,5.41789145576442,26.97,6.412768381444714,6.645989976840154,0.7244998809925435,11.63
2026-10-17 22:49:38,32.328660681862004,32.31704915157354,37.408374582620006,57.7,15.106961027656322,15.086477766844675,5.426517883677207,27.01,6.412768381444714,6.645989976840154,0.7244998809925435,11.63
2026-10-17 23:04:38,32.372558486837626,32.35931548850265,37.450552900458064,57.77,15.132189822307485,15.123857149412837,5.436108745347487,27.07,6.441623159861784,6.674665012169199,0.7274326514424815,11.675
2026-10-17 23:19:38,32.4285337488673,32.408321724488594,37.51179634033673,57.865,15.16578211692771,15.163935702222727,5.446509752756773,27.125,6.44583313138507,6.6853708017665685,0.7282881715638243,11.69
2026-10-17 23:34:38,32.51474704327993,32.47470026571769,37.59484609480851,57.995,15.190509599140352,15.186927336349285,5.456658094452824,27.17,6.467954007504058,6.713253077337883,0.7313180508236161,11.735
2026-10-17 23:49:38,32.53786489653621,32.49927538632537,37.61928747296849,58.04,15.210707695949306,15.20960442702006,5.463048422167817,27.21,6.477416179376267,6.724363307633966,0.7329382085305336,11.755
2026-10-18 00:04:38,32.562212285162225,32.52865185570472,37.64417243325794,58.085,15.230226442801776,15.230111326064385,5.469653571396822,27.245,6.487683529849774,6.73418892866364,0.7341663073635877,11.775
2026-10-18 00:19:38,32.59485028426867,32.55437541836421,37.6710207704913,58.13,15.240999681153093,15.244224076556934,5.474721485445308,27.27,6.504421134082034,6.747888641527433,0.7359346346748419,11.8
2026-10-18 00:34:38,32.639877088840485,32.591696077156925,37.72203055843391,58.215,15.279288681381011,15.270953796586651,5.486577623409916,27.335,6.510571433495495,6.754561769286925,0.7366839322200142,11.81
2026-10-18 00:49:38,32.69320022989742,32.63935466173435,37.777370497071594,58.29,15.303572007389644,15.298028539017087,5.495032102972742,27.38,6.512271107161599,6.757052432941989,0.736900533813083,11.815
2026-10-18 01:04:38,32.73621633807656,32.68605924960469,37.824127995793575,58.365,15.324322181136553,15.320592283360401,5.503021920501866,27.415,6.523360188825123,6.769156637859198,0.7383559166727452,11.835
2026-10-18 01:19:38,32.743568008257824,32.69375826392205,37.83286693686944,58.38,15.340337891088138,15.33727258909451,5.508260997102004,27.44,6.535397200858331,6.776555851349756,0.7394775626053972,11.855
2026-10-18 01:34:38,32.75615903302985,32.704152949144955,37.839805822091215,58.395,15.344871924164881,15.337913477779052,5.509013221340641,27.445,6.546493028692834,6.788954965492825,0.7404529759813703,11.875
2026-10-18 01:49:38,32.75615903302985,32.704152949144955,37.839805822091215,58.395,15.344871924164881,15.337913477779052,5.509013221340641,27.445,6.546493028692834,6.788954965492825,0.7404529759813703,11.875
2026-10-18 02:04:38,32.75615903302985,32.704152949144955,37.839805822091215,58.395,15.352802738412363,15.349281042466142,5.511610540256214,27.46,6.546493028692834,6.788954965492825,0.7404529759813703,11.875
2026-10-18 02:19:38,32.767052371661535,32.71692292547942,37.853810091077605,58.415,15.36033160475717,15.356242148502393,5.515460704358921,27.475,6.546493028692834,6.788954965492825,0.7404529759813703,11.875
2026-10-18 02:34:38,32.79315237365736,32.74239422661927,37.878844730930474,58.455,15.376204321128673,15.373734649169887,5.519906014084905,27.5,6.559085086589622,6.7976456891803005,0.7418555138133589,11.895
2026-10-18 02:49:38,32.83320400160073,32.79085527927683,37.93439535574063,58.54,15.407826277469066,15.403459757847193,5.529592456502001,27.55,6.577012506184225,6.809211756874131,0.7433448511418371,11.92
2026-10-18 03:04:38,32.913997576678966,32.875178381269045,38.027123104351396,58.69,15.453363081433695,15.44250739250451,5.54564867727396,27.63,6.6004193080573,6.837313714679948,0.7456205684799974,11.96
2026-10-18 03:19:38,32.98274800258114,32.945587367900515,38.107921054971655,58.805,15.502990980823304,15.496690223838076,5.565364712061328,27.725,6.6111899589298,6.852744685520243,0.7472303860851154,11.985
2026-10-18 03:34:38,32.988055404445404,32.95674686147135,38.113475114259664,58.82,15.506249927351496,15.502869984379895,5.567551113927663,27.735,6.615501035922632,6.858434486937363,0.7478089981157073,11.995
2026-10-18 03:49:38,33.017962876506196,32.99457475058935,38.15157110012874,58.885,15.524826487934567,15.514637245903673,5.57283828267032,27.76,6.643036439495556,6.886189309127042,0.7498157668072432,12.035
2026-10-18 04:04:38,33.069951074311994,33.05278951256011,38.221305044883785,58.985,15.557584280519068,15.546839537514746,5.586821361797587,27.825,6.663616172719782,6.910459652514658,0.7521841024649804,12.07
2026-10-18 04:19:38,33.13555923180605,33.120224742630434,38.300800702063704,59.105,15.586677856833392,15.570074090037513,5.595327248727162,27.875,6.703139351832925,6.941018049474111,0.7562197944491023,12.13
2026-10-18 04:34:38,33.18062631969375,33.1726589617056,38.362600063207175,59.2,15.613393229474474,15.597897058594956,5.60387523354027,27.92,6.709959790142625,6.950297630750447,0.7572420955665102,12.145
2026-10-18 04:49:38,33.24543776331101,33.22833535252533,38.430687034837206,59.305,15.646420522813921,15.628619526305798,5.612545013629875,27.97,6.728454645875465,6.973177389161291,0.7599641763186713,12.18
2026-10-18 05:04:38,33.27826320896599,33.265256061728394,38.46970240565484,59.37,15.673034070710365,15.64588922426019,5.6186628758107915,28.005,6.740917553855673,6.981790967784363,0.7612609638000557,12.195
2026-10-18 05:19:38,33.37291847582,33.34367117640091,38.55942478360993,59.52,15.704313679505324,15.679967228346134,5.631821954413154,28.065,6.748540509385627,6.988883787085175,0.7617856200879434,12.205
2026-10-18 05:34:38,33.474049028206856,33.43565012238928,38.65553283027866,59.675,15.758278346685396,15.719709016307059,5.647770410546529,28.145,6.7845518984640965,7.020740080241123,0.7657757307695326,12.26
2026-10-18 05:49:38,33.54833141965506,33.494242433922345,38.736697456221,59.795,15.77706252838915,15.738361535232094,5.65428030537344,28.175,6.802544971096869,7.046755365135453,0.7680881332856124,12.295
2026-10-18 06:04:38,33.588626140970916,33.538211010664405,38.783525032293866,59.87,15.793395015524824,15.75101045500353,5.65946954426628,28.195,6.809845769226112,7.059586713518719,0.7691427340908251,12.31
2026-10-18 06:19:38,33.606639224239835,33.560495330097595,38.808140336250275,59.91,15.797856328664722,15.752652846376709,5.660299618569253,28.2,6.8174831303980445,7.06411792128229,0.7697614868180747,12.32
2026-10-18 06:34:38,33.65307119040315,33.61358366058324,38.863261365808405,60.0,15.815548897141994,15.765632837686336,5.667317879952331,28.235,6.825136519981714,7.071955061054187,0.7707199587919012,12.335
2026-10-18 06:49:38,33.68094384228146,33.637943737841915,38.89253061687033,60.045,15.82121182295243,15.767899127452639,5.6684318804530625,28.245,6.825136519981714,7.071955061054187,0.7707199587919012,12.335
2026-10-18 07:04:38,33.73469498993116,33.68254542882844,38.94700299812925,60.13,15.841706284639455,15.793245278880114,5.675260388038752,28.285,6.833692380049304,7.081208125197113,0.771913733622816,12.355
2026-10-18 07:19:38,33.78042787377177,33.73445080872794,38.99709425971609,60.21,15.851596884982614,15.810095947683982,5.681475406775627,28.315,6.836285849541553,7.084032207674045,0.7721276016581219,12.36
2026-10-18 07:34:38,33.834487153084545,33.79107997589188,39.07296715854106,60.335,15.870376367090218,15.832441787369993,5.690315743909586,28.355,6.848453648943465,7.091622978051642,0.7731040800556003,12.375
2026-10-18 07:49:38,33.84826937735658,33.80582653915031,39.08403819985378,60.355,15.874020315947693,15.840377102601478,5.692644879312582,28.365,6.852964582885419,7.098566494432468,0.7735380319006413,12.385
2026-10-18 08:04:38,33.87588899913283,33.83717434073064,39.105865024632514,60.4,15.877180058635357,15.846711370292258,5.695029348690839,28.375,6.85721297812698,7.099251295796057,0.7738665961798784,12.39
2026-10-18 08:19:38,33.888616738414086,33.85108587873947,39.12272182868434,60.425,15.885355013468912,15.853776251674834,5.697986514517954,28.39,6.85721297812698,7.099251295796057,0.7738665961798784,12.39
2026-10-18 08:34:38,33.94576246752731,33.89636928144884,39.1896989992429,60.53,15.916341377510248,15.882018769561817,5.7090487667634005,28.445,6.874383562303828,7.114416263502162,0.7757886660927387,12.42
2026-10-18 08:49:38,34.00956201259156,33.964875563080284,39.26790658411202,60.64,15.931643597316059,15.89545828567116,5.715285504749099,28.47,6.887633774528922,7.131998384228302,0.7770691356386628,12.445
2026-10-18 09:04:38,34.070903327578655,34.034635701137624,39.342759143110044,60.755,15.944812644019791,15.912744999752462,5.719157488965223,28.495,6.904483911804007,7.141921176466287,0.7785951621450331,12.47
2026-10-18 09:19:38,34.071694939263665,34.038281014104356,39.34758186190723,60.76,15.948314480085955,15.915009668240312,5.720566714621543,28.5,6.906446186726652,7.14283600156831,0.7790264267784998,12.475
2026-10-18 09:34:38,34.14243010110931,34.12203449675763,39.44501814878004,60.905,15.97817612104889,15.94382246617078,5.731258401153655,28.555,6.919744173751122,7.155764763594841,0.7806185565467416,12.5
2026-10-18 09:49:38,34.19736625395476,34.1727524429943,39.505222760091236,60.995,16.003438470525598,15.972664228066739,5.739394851481021,28.605,6.928298035357157,7.164620299634216,0.781563709970767,12.515
2026-10-18 10:04:38,34.237486942834934,34.219297068155484,39.55781628428245,61.08,16.016062108436525,15.985036250887994,5.742520262735602,28.625,6.948418174204758,7.18887839273209,0.7838405391609967,12.555
2026-10-18 10:19:38,34.23922585269094,34.222914134173216,39.561077993163714,61.085,16.016062108436525,15.985036250887994,5.742520262735602,28.625,6.948418174204758,7.18887839273209,0.7838405391609967,12.555
2026-10-18 10:34:38,34.24337171135583,34.22688376380324,39.56894773950414,61.095,16.02097732996459,15.985850752127073,5.743300213259093,28.63,6.948418174204758,7.18887839273209,0.7838405391609967,12.555
2026-10-18 10:49:38,34.25003208694552,34.233369572302315,39.573510857174576,61.105,16.02097732996459,15.985850752127073,5.743300213259093,28.63,6.948418174204758,7.18887839273209,0.7838405391609967,12.555
2026-10-18 11:04:38,34.27823321806606,34.259451183574996,39.60774072100008,61.155,16.027936563807426,15.989921123500384,5.745112906726831,28.64,6.955227922638503,7.193753745792526,0.7844234971013427,12.565
2026-10-18 11:19:38,34.2831067508429,34.26611824838251,39.61484907932017,61.165,16.030176211354284,15.99071981271146,5.7462756098477445,28.645,6.955227922638503,7.193753745792526,0.7844234971013427,12.565
2026-10-18 11:34:38,34.32984658694814,34.301181970622736,39.653118490379434,61.235,16.039508084369896,15.996367274748287,5.748981370329174,28.655,6.963479075424582,7.195917303216251,0.7850747877618142,12.575
2026-10-18 11:49:38,34.355238867510224,34.33465517597837,39.683657638840316,61.29,16.04377017954328,16.00181567686444,5.750871561089449,28.665,6.970061187314904,7.201374125335151,0.7859080983741921,12.585
2026-10-18 12:04:38,34.376117063107166,34.356547631903254,39.70326750729104,61.325,16.044423358941923,16.00656495264149,5.752351143409312,28.67,6.974139230393333,7.202316053778033,0.7863205933059111,12.59
2026-10-18 12:19:38,34.376117063107166,34.356547631903254,39.70326750729104,61.325,16.044423358941923,16.00656495264149,5.752351143409312,28.67,6.975984898071548,7.2049417057371,0.7866103662249215,12.595
2026-10-18 12:34:38,34.38449880570996,34.363000790354675,39.711167487565724,61.335,16.049896662769036,16.012002405876572,5.754557035543524,28.68,6.975984898071548,7.2049417057371,0.7866103662249215,12.595
2026-10-18 12:49:38,34.3889647860709,34.37205547798108,39.72261179086254,61.35,16.05352927898235,16.016724471095653,5.756039530337216,28.685,6.975984898071548,7.2049417057371,0.7866103662249215,12.595
2026-10-18 13:04:38,34.39576013237209,34.38126133226148,39.73261307495631,61.365,16.05352927898235,16.016724471095653,5.756039530337216,28.685,6.977234585046388,7.208604997076068,0.7867954095878426,12.6
2026-10-18 13:19:38,34.40311039700762,34.38899045780163,39.74247038434083,61.38,16.06184804227283,16.022499881661826,5.757804824473993,28.695,6.977234585046388,7.208604997076068,0.7867954095878426,12.6
2026-10-18 13:34:38,34.4124071829058,34.39849558619925,39.75265976422428,61.395,16.071025036323764,16.024795120175025,5.759833468910656,28.705,6.977234585046388,7.208604997076068,0.7867954095878426,12.6
2026-10-18 13:49:38,34.421232801828744,34.40502006017005,39.75932905964897,61.405,16.080902262554886,16.030483498576164,5.76335408665798,28.72,6.977234585046388,7.208604997076068,0.7867954095878426,12.6
2026-10-18 14:04:38,34.432020515289345,34.41238174011883,39.76989728436273,61.42,16.083800638376257,16.032332328795224,5.764648311090694,28.725,6.983115652969382,7.214580490356569,0.7875004257730118,12.61
2026-10-18 14:19:38,34.432020515289345,34.41238174011883,39.76989728436273,61.42,16.083800638376257,16.032332328795224,5.764648311090694,28.725,6.983115652969382,7.214580490356569,0.7875004257730118,12.61
2026-10-18 14:34:38,34.45270340155007,34.430627733891214,39.791008059943714,61.455,16.090459320964985,16.035993453160636,5.7664123079897465,28.735,6.98787210076873,7.218899538118104,0.7877820062397244,12.615
2026-10-18 14:49:38,34.467274059754644,34.45057716081495,39.80981647639566,61.48,16.094265411422967,16.036915622328195,5.76742363696398,28.74,6.989225709663802,7.220191726837187,0.7879816819906096,12.62
2026-10-18 15:04:38,34.47755805459966,34.4593694552157,39.816418454764765,61.495,16.104457288327968,16.044959827320664,5.77072779117767,28.755,6.993705515016943,7.22267711477265,0.7884138066911068,12.625
2026-10-18 15:19:38,34.49883470445243,34.48510205882898,39.84658481804336,61.54,16.11500049183278,16.05771417079191,5.775491225275664,28.775,6.993705515016943,7.22267711477265,0.7884138066911068,12.625
2026-10-18 15:34:38,34.50844749558862,34.49739380723587,39.854461665111394,61.555,16.121459245846868,16.066992882695306,5.777092677397025,28.785,6.99706399548416,7.227655675991169,0.7886765100781578,12.63
2026-10-18 15:49:38,34.53113194274174,34.52851694300351,39.889006317084316,61.605,16.123702066891028,16.07021576793513,5.778028200525973,28.79,6.99706399548416,7.227655675991169,0.7886765100781578,12.63
2026-10-18 16:04:38,34.572497304729566,34.573491498832404,39.93359257109639,61.675,16.12648993456664,16.071104984484027,5.778906960739185,28.795,7.0005476664317365,7.228883186839844,0.789155753145971,12.635
2026-10-18 16:19:38,34.60117061760801,34.59757242643643,39.963257419941314,61.725,16.14779542422713,16.092227245739238,5.787298640843474,28.835,7.005383120545208,7.230340856369438,0.7893417607300299,12.64
2026-10-18 16:34:38,34.62390644116452,34.61258712238735,39.98864359496477,61.755,16.155702028639936,16.101792483146625,5.790382417653437,28.85,7.0075894648681265,7.233447168523228,0.7894983051582373,12.645
2026-10-18 16:49:38,34.652839528730546,34.64004583718417,40.023309075545264,61.81,16.156754821895074,16.106279357891818,5.790941704914481,28.855,7.0075894648681265,7.233447168523228,0.7894983051582373,12.645
2026-10-18 17:04:38,34.66403973771649,34.649359880955146,40.03355089325032,61.825,16.166211239655667,16.11437386049001,5.7944858124501755,28.87,7.0075894648681265,7.233447168523228,0.7894983051582373,12.645
2026-10-18 17:19:38,34.68347929310984,34.66765840862807,40.053933911048325,61.855,16.170688599129974,16.119288582551935,5.7953101716613356,28.875,7.0160507847792335,7.238743755504664,0.7899775725299475,12.655
2026-10-18 17:34:38,34.71047323750485,34.69113581853058,40.07991848341663,61.9,16.174595476497814,16.12683225887666,5.796679780386932,28.885,7.0160507847792335,7.238743755504664,0.7899775725299475,12.655
2026-10-18 17:49:38,34.7396675861843,34.71405439090092,40.10956238871152,61.945,16.188189612320468,16.140567282787426,5.800009876126586,28.905,7.019414799508204,7.241102152179012,0.79058980952875,12.665
2026-10-18 18:04:38,34.75722287859548,34.72530493117213,40.12525815168505,61.97,16.18883419627019,16.144208384275945,5.801078612851045,28.91,7.019414799508204,7.241102152179012,0.79058980952875,12.665
2026-10-18 18:19:38,34.834591683586275,34.808584391393836,40.2086960508006,62.11,16.227827579487457,16.17835616335328,5.811205760616683,28.97,7.0279877320394695,7.25304595931354,0.7922883675310506,12.69
2026-10-18 18:34:38,34.898750636095926,34.885236296701486,40.28532929215342,62.235,16.258609954424127,16.20979992786298,5.821235796509219,29.025,7.034230130424851,7.267384832172935,0.7938623772377088,12.715
2026-10-18 18:49:38,34.945344531276675,34.924700505164026,40.336958916462386,62.315,16.274034505492104,16.233446821813594,5.8272987226156605,29.055,7.045113359577497,7.282145123478032,0.795024671022915,12.735
2026-10-18 19:04:38,34.99278504780224,34.973338471787024,40.397079410712465,62.4,16.33267277785331,16.293388517360757,5.847820581493915,29.16,7.0558347277757525,7.293075962596654,0.7963663913396498,12.755
2026-10-18 19:19:38,35.03346834507327,35.01975006205617,40.446279154824694,62.48,16.35960254058392,16.320906292565905,5.857363475800099,29.205,7.063336696796251,7.3036357628759285,0.7974540562729246,12.77
2026-10-18 19:34:38,35.11681430477421,35.10521572999707,40.54524842161492,62.625,16.42673323001101,16.369128104049977,5.882501580814627,29.32,7.06660324778947,7.31028718791503,0.7980544877554243,12.78
2026-10-18 19:49:38,35.15831128495459,35.150080955265366,40.590797844039095,62.695,16.445278060262876,16.393649698413352,5.888736487967289,29.355,7.086559598715942,7.329833716593536,0.7997987116560219,12.81
2026-10-18 20:04:38,35.17775477378321,35.162857051946546,40.61910844020966,62.73,16.466407087328456,16.41898069106806,5.8989561894289535,29.405,7.0962109227507195,7.33388184600662,0.8009982706776774,12.825
2026-10-18 20:19:38,35.18527781246798,35.17552805465302,40.62725224264493,62.745,16.47135960219255,16.425112405892527,5.901191494196832,29.415,7.0962109227507195,7.33388184600662,0.8009982706776774,12.825
2026-10-18 20:34:38,35.19904642047412,35.186821541768765,40.646226550038214,62.775,16.48330648962492,16.444976902271026,5.906342825424165,29.44,7.106939587373122,7.341842359293242,0.8024648864130004,12.845
2026-10-18 20:49:38,35.21664478386729,35.209951932862495,40.67438957782366,62.815,16.489865025967894,16.45037405413522,5.909899656952603,29.455,7.115964765445431,7.351860995216662,0.8038062866582028,12.86
2026-10-18 21:04:38,35.23744895503035,35.23307192557923,40.7022154195362,62.855,16.493921360132745,16.453827741282474,5.9104962640471035,29.46,7.115964765445431,7.351860995216662,0.8038062866582028,12.86
2026-10-18 21:19:38,35.32119822196249,35.31257032704382,40.79834656568498,63.005,16.526045071804894,16.490830385634133,5.923194906768157,29.525,7.130731867019554,7.369128248122624,0.8057832950555536,12.89
2026-10-18 21:34:38,35.32634652283508,35.317515862038135,40.804767786943515,63.015,16.530277319192802,16.49295817422512,5.926075993435427,29.535,7.130731867019554,7.369128248122624,0.8057832950555536,12.89
2026-10-18 21:49:38,35.35686491627223,35.351476708552596,40.836767257611946,63.065,16.54345333829878,16.502905993271426,5.928768456150402,29.55,7.136867294616898,7.372773173093159,0.8068450367175485,12.905
2026-10-18 22:04:38,35.38083568289218,35.378578322525065,40.872710027559975,63.11,16.55379385809571,16.5175272141366,5.933928911083501,29.58,7.149416457024708,7.383882807907366,0.8078962316615963,12.925
2026-10-18 22:19:38,35.41164803492117,35.42388695974737,40.90947663464254,63.175,16.57672249680309,16.55008931878001,5.942206650534467,29.625,7.1656470658367235,7.393096832251222,0.8095997632815436,12.95
2026-10-18 22:34:38,35.4440098591317,35.452455102261816,40.9477850618371,63.23,16.60387758286576,16.578865021968166,5.95057511292502,29.675,7.177811302474653,7.4029797096683225,0.8104806329347298,12.965
2026-10-18 22:49:38,35.487564146410094,35.506464209787765,41.00297165614586,63.315,16.625974426381834,16.60042932637034,5.961673155338368,29.72,7.190543452864923,7.416350924144743,0.8122967332441781,12.99
2026-10-18 23:04:38,35.52933167930514,35.53829886151598,41.0514782472335,63.385,16.64898085176192,16.632110862165185,5.973580810136582,29.78,7.215836065528424,7.4532966578197986,0.8157598895103501,13.04
2026-10-18 23:19:38,35.54994629855926,35.5632127575644,41.071084337038315,63.42,16.66105075721622,16.645985114719764,5.9773479644031,29.8,7.215836065528424,7.4532966578197986,0.8157598895103501,13.04
2026-10-18 23:34:38,35.54994629855926,35.5632127575644,41.071084337038315,63.42,16.66105075721622,16.645985114719764,5.9773479644031,29.8,7.215836065528424,7.4532966578197986,0.8157598895103501,13.04
2026-10-18 23:49:38,35.578839867196905,35.58659242197292,41.10027347455683,63.47,16.686067307713706,16.67370853207037,5.987709802915333,29.85,7.2274929847461635,7.4638793903171985,0.817524699384342,13.06
2026-10-19 00:04:38,35.61215439150822,35.6132295580164,41.13266441858774,63.525,16.701968670746027,16.696987193096707,5.9937311614044955,29.88,7.231825706207741,7.470203626812045,0.8181740274454806,13.07
2026-10-19 00:19:38,35.6798974312855,35.68624375396797,41.21915247397224,63.65,16.714763359816505,16.713409804678484,5.999150788676284,29.905,7.242475616800185,7.486624225787069,0.8200141487712374,13.095
2026-10-19 00:34:38,35.715628140566174,35.7173349961697,41.256468913751355,63.71,16.727275301252828,16.73296559719571,6.004788276276463,29.935,7.24869820098645,7.4921560739957656,0.820883630047429,13.105
2026-10-19 00:49:38,35.729435683580895,35.72632665965138,41.27012906986327,63.73,16.727275301252828,16.73296559719571,6.004788276276463,29.935,7.255778098658667,7.495115729794508,0.8217276664015749,13.115
2026-10-19 01:04:38,35.73821024957214,35.73378229293038,41.27456264709663,63.74,16.7356374835002,16.741150177114164,6.008120728477308,29.955,7.255778098658667,7.495115729794508,0.8217276664015749,13.115
2026-10-19 01:19:38,35.78020110215299,35.768451631908505,41.314844682859324,63.805,16.75281943110633,16.75344099620569,6.015548493075147,29.985,7.2587663591947695,7.495910107721643,0.8220430441524801,13.12
2026-10-19 01:34:38,35.80985008625385,35.794873783922746,41.346038268362264,63.85,16.76426985954643,16.761724175029133,6.020714579500952,30.01,7.2587663591947695,7.495910107721643,0.8220430441524801,13.12
2026-10-19 01:49:38,35.80985008625385,35.794873783922746,41.346038268362264,63.85,16.76426985954643,16.761724175029133,6.020714579500952,30.01,7.2587663591947695,7.495910107721643,0.8220430441524801,13.12
2026-10-19 02:04:38,35.80985008625385,35.794873783922746,41.346038268362264,63.85,16.76426985954643,16.761724175029133,6.020714579500952,30.01,7.2587663591947695,7.495910107721643,0.8220430441524801,13.12
2026-10-19 02:19:38,35.80985008625385,35.794873783922746,41.346038268362264,63.85,16.76426985954643,16.761724175029133,6.020714579500952,30.01,7.2587663591947695,7.495910107721643,0.8220430441524801,13.12
2026-10-19 02:34:38,35.80985008625385,35.794873783922746,41.346038268362264,63.85,16.7763221084639,16.771725425263885,6.026003484116057,30.035,7.261155180556783,7.499668679399356,0.8222576913919395,13.125
2026-10-19 02:49:38,35.82360449097791,35.80357890847997,41.36021864548617,63.87,16.78038774587986,16.775546646557437,6.0269677987076555,30.04,7.261155180556783,7.499668679399356,0.8222576913919395,13.125
2026-10-19 03:04:38,35.82474880328556,35.804918187208074,41.3629765005748,63.875,16.78038774587986,16.775546646557437,6.0269677987076555,30.04,7.261155180556783,7.499668679399356,0.8222576913919395,13.125
2026-10-19 03:19:38,35.851000369338614,35.823300115721935,41.393997452452446,63.92,16.79616978266356,16.79300920898597,6.03246968940995,30.065,7.278434002695449,7.514641337077636,0.8239342892590069,13.155
2026-10-19 03:34:38,35.851000369338614,35.823300115721935,41.393997452452446,63.92,16.79616978266356,16.79300920898597,6.03246968940995,30.065,7.278434002695449,7.514641337077636,0.8239342892590069,13.155
2026-10-19 03:49:38,35.89453934235338,35.86505698954476,41.44591196847942,63.995,16.829887209715363,16.827981430752864,6.048343444450132,30.135,7.287886444639048,7.527710876842325,0.8247644624946009,13.17
2026-10-19 04:04:38,35.92569146052973,35.89523842457343,41.486318210958146,64.055,16.868895869572555,16.861359137454546,6.061904940234606,30.2,7.297259726444397,7.535675086009101,0.8256854777125825,13.185
2026-10-19 04:19:38,35.97120322826397,35.95100539884162,41.552222464696335,64.15,16.88592760139139,16.888641814468517,6.071268050495643,30.245,7.315965788032555,7.5516447772655315,0.8279165879761812,13.215
2026-10-19 04:34:38,35.97120322826397,35.95100539884162,41.552222464696335,64.15,16.88592760139139,16.888641814468517,6.071268050495643,30.245,7.315965788032555,7.5516447772655315,0.8279165879761812,13.215
2026-10-19 04:49:38,35.98466993171697,35.963998545381536,41.568341244216256,64.18,16.898849596075145,16.896621089905963,6.0741834360327704,30.26,7.320964275218373,7.559777952567368,0.8284809045030637,13.225
2026-10-19 05:04:38,35.994914046266665,35.969358821708674,41.576791119005776,64.195,16.907078897039636,16.90250010007873,6.076956464209791,30.275,7.320964275218373,7.559777952567368,0.8284809045030637,13.225
2026-10-19 05:19:38,36.06037824486583,36.044057862796926,41.66638617574238,64.325,16.93877285059016,16.933566964993048,6.0885662197592465,30.335,7.352122654034433,7.590364718897961,0.8312811396493225,13.27
2026-10-19 05:34:38,36.126073671240896,36.104307372560804,41.736551021675865,64.42,16.95536435242419,16.946432564873472,6.093528741614176,30.36,7.3720567707399915,7.604701626857685,0.8328116069329604,13.295
2026-10-19 05:49:38,36.188347426434696,36.166221710699176,41.81322443231841,64.53,16.999129365628573,16.986163634700425,6.107093772312881,30.43,7.385630257682302,7.621848073007255,0.8341158146025371,13.325
2026-10-19 06:04:38,36.304388404876,36.287516220088555,41.942696417580194,64.725,17.037022476138038,17.034471252039655,6.118345801236147,30.5,7.402971916357047,7.6484922063090455,0.8368939271719223,13.37
2026-10-19 06:19:38,36.40908749512033,36.402321725737586,42.071477387831166,64.935,17.103466054400283,17.085919601700436,6.140617516384814,30.61,7.417180647690408,7.665930706061818,0.8390704715515513,13.395
2026-10-19 06:34:38,36.45241060294027,36.44934800641858,42.129233044952464,65.015,17.139562407295344,17.128742795193798,6.155254979862279,30.68,7.431576876564369,7.679502278767045,0.8405537936917167,13.42
2026-10-19 06:49:38,36.50158849819362,36.501928290642425,42.18290728332981,65.1,17.16563522755948,17.156820504554407,6.16359430201498,30.725,7.442247597537353,7.690924415369633,0.8414396737887357,13.435
2026-10-19 07:04:38,36.54657282454364,36.542071352632675,42.23602634647165,65.19,17.192191313302143,17.18350138026515,6.173963470574955,30.775,7.464034374708717,7.7045546227572395,0.843291605823273,13.465
2026-10-19 07:19:38,36.64759473196482,36.64041238504081,42.3510331434097,65.365,17.224665845898446,17.209552117496177,6.184377739589218,30.825,7.476485269008546,7.7183997219886,0.8443687112104417,13.485
2026-10-19 07:34:38,36.715078956448416,36.70718627855615,42.43810794915799,65.495,17.263618343733018,17.246275837336746,6.198140752859843,30.89,7.487689723799004,7.725199957067913,0.8451640665695369,13.5
2026-10-19 07:49:38,36.74141664214268,36.732020415758896,42.47137395359932,65.545,17.273233825868736,17.256825831543615,6.200619803643128,30.905,7.496819183781356,7.7324192006768895,0.8458087024372503,13.51
2026-10-19 08:04:38,36.7893329383746,36.773775583014874,42.5194160168631,65.625,17.289531159205374,17.274075824809167,6.207110352614252,30.935,7.506781535336591,7.739244260718547,0.8471332963005015,13.53
2026-10-19 08:19:38,36.848757786295614,36.83383933297411,42.592573945198666,65.73,17.313762970756567,17.293532737342996,6.2182201056559006,30.985,7.521575876376569,7.750752686552269,0.8484583387976024,13.555
2026-10-19 08:34:38,36.89582725654119,36.86878680902697,42.63105208325628,65.795,17.331302990804577,17.30916571384559,6.225091289409513,31.02,7.5496182882228755,7.776331738375078,0.8513083414200939,13.595
2026-10-19 08:49:38,36.94757003140956,36.90583455711353,42.689056089976134,65.89,17.34652885850601,17.3282146283862,6.231237914030283,31.05,7.5561289041813975,7.786919029016702,0.8523453929045963,13.61
2026-10-19 09:04:38,36.960174793360004,36.913623249767234,42.698140738660754,65.91,17.347785331762104,17.329354336208848,6.2322134585509215,31.055,7.557357701824089,7.788025704719837,0.8527739037570663,13.615
2026-10-19 09:19:38,37.01684741931264,36.958829311647804,42.76355078696946,66.005,17.379978543158913,17.35765662524269,6.243126084644979,31.105,7.567209058103602,7.796365973960742,0.8536504492970122,13.63
2026-10-19 09:34:38,37.09524201493594,37.051909405588,42.863593446124206,66.145,17.418288385718007,17.392347016350822,6.254365107418283,31.165,7.579109675425132,7.817668081877113,0.855067070419586,13.66
2026-10-19 09:49:38,37.171170571521735,37.12096870484049,42.95562412283573,66.28,17.449300436286435,17.421916999613984,6.266052751416555,31.22,7.594902587800473,7.836305693437147,0.8573191003661582,13.695
2026-10-19 10:04:38,37.20976570400801,37.17120440250459,43.009668335346504,66.36,17.486744777285146,17.468995879489974,6.277789121780431,31.285,7.606053725361956,7.854090755575413,0.8586996529766837,13.72
2026-10-19 10:19:38,37.20976570400801,37.17120440250459,43.009668335346504,66.36,17.486744777285146,17.468995879489974,6.277789121780431,31.285,7.606053725361956,7.854090755575413,0.8586996529766837,13.72
2026-10-19 10:34:38,37.213888854310824,37.17773416888874,43.01875196928736,66.37,17.486744777285146,17.468995879489974,6.277789121780431,31.285,7.607141216697289,7.8552773747219105,0.8589483898379077,13.725
2026-10-19 10:49:38,37.24886493639064,37.20221139877253,43.05329809647489,66.425,17.49651626435762,17.48009601261182,6.280651383141368,31.3,7.6134926078811045,7.863234585121379,0.8593591383087316,13.735
2026-10-19 11:04:38,37.27064806020227,37.229940116089864,43.07890180651325,66.465,17.498529829604752,17.484942288001616,6.281586669585225,31.305,7.6134926078811045,7.863234585121379,0.8593591383087316,13.735
2026-10-19 11:19:38,37.29351915352577,37.2504863593949,43.10520643042707,66.51,17.500935764453935,17.48846951881472,6.282565500620069,31.31,7.620786388436924,7.865699796840439,0.8598783441622591,13.745
2026-10-19 11:34:38,37.29351915352577,37.2504863593949,43.10520643042707,66.51,17.500935764453935,17.48846951881472,6.282565500620069,31.31,7.620786388436924,7.865699796840439,0.8598783441622591,13.745
2026-10-19 11:49:38,37.30965622614001,37.25922373876468,43.12410817028025,66.54,17.51596553297286,17.503461368097163,6.286309105313575,31.33,7.62572144094017,7.868231935501868,0.8600384223052393,13.75
2026-10-19 12:04:38,37.30965622614001,37.25922373876468,43.12410817028025,66.54,17.51596553297286,17.503461368097163,6.286309105313575,31.33,7.62572144094017,7.868231935501868,0.8600384223052393,13.75
2026-10-19 12:19:38,37.31221334815828,37.26362784145326,43.12734802528149,66.545,17.517245290877604,17.50757497607673,6.28735301265922,31.335,7.629817269089822,7.8718086572725445,0.8601971724158385,13.755
2026-10-19 12:34:38,37.33292187551914,37.28405104217641,43.147041947862206,66.575,17.520729802655815,17.514618770849154,6.288659904988558,31.345,7.630795591485291,7.874215071956376,0.8605235302385356,13.76
2026-10-19 12:49:38,37.34474339258563,37.292012921430256,43.157742168852494,66.59,17.52234175330988,17.518027967131555,6.289885366708033,31.35,7.630795591485291,7.874215071956376,0.8605235302385356,13.76
2026-10-19 13:04:38,37.34474339258563,37.292012921430256,43.157742168852494,66.59,17.52234175330988,17.518027967131555,6.289885366708033,31.35,7.630795591485291,7.874215071956376,0.8605235302385356,13.76
2026-10-19 13:19:38,37.34474339258563,37.292012921430256,43.157742168852494,66.59,17.52234175330988,17.518027967131555,6.289885366708033,31.35,7.630795591485291,7.874215071956376,0.8605235302385356,13.76
2026-10-19 13:34:38,37.35595255428997,37.30057116896762,43.16658917875321,66.605,17.525260401291412,17.519643442680255,6.2911288831691525,31.355,7.630795591485291,7.874215071956376,0.8605235302385356,13.76
2026-10-19 13:49:38,37.35595255428997,37.30057116896762,43.16658917875321,66.605,17.52994208504048,17.520574941715328,6.292461724063503,31.36,7.630795591485291,7.874215071956376,0.8605235302385356,13.76
2026-10-19 14:04:38,37.3579650243571,37.30262313952024,43.16885114489692,66.61,17.52994208504048,17.520574941715328,6.292461724063503,31.36,7.630795591485291,7.874215071956376,0.8605235302385356,13.76
2026-10-19 14:19:38,37.37108501407003,37.320794255679836,43.184747101320674,66.635,17.532248458006148,17.523282528695287,6.293050524524916,31.365,7.630795591485291,7.874215071956376,0.8605235302385356,13.76
2026-10-19 14:34:38,37.374817377372516,37.32564496608678,43.18968562907628,66.645,17.546290728808962,17.536898344955176,6.297597338861222,31.39,7.630795591485291,7.874215071956376,0.8605235302385356,13.76
2026-10-19 14:49:38,37.374817377372516,37.32564496608678,43.18968562907628,66.645,17.547718368342096,17.539788963595107,6.299028962767809,31.395,7.638228756512667,7.876906207353699,0.8612679709971878,13.77
2026-10-19 15:04:38,37.38722557580987,37.339374321313684,43.205421378379356,66.67,17.54925918639908,17.54198303320388,6.300122082257554,31.4,7.638228756512667,7.876906207353699,0.8612679709971878,13.77
2026-10-19 15:19:38,37.39255338921024,37.348837980918844,43.215815101264205,66.685,17.54925918639908,17.54198303320388,6.300122082257554,31.4,7.640890688253286,7.879931682818665,0.8614069732204237,13.775
2026-10-19 15:34:38,37.41430788963702,37.36686459694224,43.240455814501594,66.72,17.55173836067466,17.54283140830425,6.300627971929403,31.405,7.640890688253286,7.879931682818665,0.8614069732204237,13.775
2026-10-19 15:49:38,37.424155502084204,37.3747131683985,43.249276960000614,66.735,17.56092225017652,17.549406805062016,6.303969348163554,31.42,7.640890688253286,7.879931682818665,0.8614069732204237,13.775
2026-10-19 16:04:38,37.42868371989964,37.37705662842979,43.252880860096475,66.74,17.56190556608057,17.55434528343887,6.304906810432232,31.425,7.640890688253286,7.879931682818665,0.8614069732204237,13.775
2026-10-19 16:19:38,37.4386266031477,37.38372211584283,43.26193120821801,66.755,17.56190556608057,17.55434528343887,6.304906810432232,31.425,7.640890688253286,7.879931682818665,0.8614069732204237,13.775
2026-10-19 16:34:38,37.466342516770524,37.40991587387616,43.2925445894398,66.8,17.57178476573622,17.563346656676252,6.306815302875872,31.44,7.640890688253286,7.879931682818665,0.8614069732204237,13.775
2026-10-19 16:49:38,37.47551866750842,37.41816376754398,43.298664607726636,66.81,17.572652114988745,17.567004660687953,6.307432703016025,31.445,7.640890688253286,7.879931682818665,0.8614069732204237,13.775
2026-10-19 17:04:38,37.48748621983884,37.431278723116534,43.315629313093126,66.835,17.572652114988745,17.567004660687953,6.307432703016025,31.445,7.648419150368483,7.891007723240208,0.8622822735890497,13.79
2026-10-19 17:19:38,37.50157327267239,37.44273173549583,43.33086283050242,66.855,17.574019742220493,17.571762347470514,6.307975244959156,31.45,7.6502753393610385,7.895395792594472,0.8625187781179532,13.795
2026-10-19 17:34:38,37.50927519791728,37.44783657538568,43.34109685236542,66.87,17.57790026760121,17.576740083673954,6.308766295631235,31.455,7.6502753393610385,7.895395792594472,0.8625187781179532,13.795
2026-10-19 17:49:38,37.50927519791728,37.44783657538568,43.34109685236542,66.87,17.57790026760121,17.576740083673954,6.308766295631235,31.455,7.6502753393610385,7.895395792594472,0.8625187781179532,13.795
2026-10-19 18:04:38,37.52062969674221,37.45552731190578,43.35142655416229,66.885,17.579872560045562,17.579742807040212,6.309725478835453,31.46,7.65516338455157,7.89614700150104,0.8626660988819558,13.8
2026-10-19 18:19:38,37.52920051550822,37.46694566217135,43.367365309688005,66.91,17.59295883832205,17.594629812250073,6.315041700325248,31.485,7.659867902815877,7.897581668809822,0.8631543643364462,13.805
2026-10-19 18:34:38,37.5535826682691,37.491508200702256,43.39433086004354,66.96,17.60232324043264,17.605706550428817,6.3192601621967,31.505,7.661391612166392,7.900225352395017,0.8634526529154655,13.81
2026-10-19 18:49:38,37.577154760100015,37.51859223800439,43.433723515850495,67.025,17.62421098511315,17.622104757316926,6.3272552635271975,31.545,7.670459476368189,7.905939898766271,0.8641203398528939,13.82
2026-10-19 19:04:38,37.64997423025642,37.582125231999704,43.50855493624303,67.14,17.64497826057106,17.63210754294644,6.332846169323241,31.575,7.682357865466668,7.918774164923333,0.8654666982673154,13.84
2026-10-19 19:19:38,37.67566016979984,37.610476414566975,43.541040625090695,67.195,17.661806700120295,17.652412798134684,6.3402337022751905,31.61,7.682357865466668,7.918774164923333,0.8654666982673154,13.84
2026-10-19 19:34:38,37.71065042509072,37.63891749885624,43.58121811087861,67.255,17.684118511756736,17.676152916321147,6.347610613875885,31.645,7.686657216674759,7.930098876691928,0.8667009654584402,13.86
2026-10-19 19:49:38,37.75093438338678,37.66913370177089,43.6178899918453,67.315,17.70556468157976,17.690925032409268,6.354094751490501,31.68,7.688283043350646,7.934355247747962,0.8675165819752763,13.87
2026-10-19 20:04:38,37.79976242144286,37.726463404062514,43.682463778310904,67.415,17.725579450111077,17.702841018587165,6.360266570732575,31.71,7.698038836080753,7.941291391585125,0.8682108085835347,13.885
2026-10-19 20:19:38,37.85752456696976,37.784313983641226,43.738873834891606,67.5,17.769129608440785,17.748258228138436,6.3779396714579075,31.79,7.716623505859613,7.959405039455023,0.8703903065545292,13.92
2026-10-19 20:34:38,37.91278830365189,37.83943733217779,43.80876266587745,67.605,17.797418955587013,17.77946609849371,6.390838413151634,31.86,7.7210579890459154,7.96592959100541,0.8707473944919408,13.93
2026-10-19 20:49:38,37.987652752160244,37.9057887238091,43.885111325073375,67.73,17.821486102727253,17.810626068946195,6.400182341561153,31.91,7.735435392468126,7.978906814599867,0.8726217691535434,13.955
2026-10-19 21:04:38,38.03083984395298,37.95130936484985,43.93752044694261,67.81,17.828477689799943,17.81880709910215,6.404330333220873,31.925,7.745358884152164,7.991569348514741,0.8738659750069417,13.975
2026-10-19 21:19:38,38.11580054265608,38.031688129226445,44.02697494908345,67.955,17.865185058385496,17.866729750160054,6.417075603198746,31.99,7.764740528391358,8.014867062251904,0.8759748511032136,14.015
2026-10-19 21:34:38,38.21699571039711,38.12334174126861,44.137523749482206,68.13,17.891069088500963,17.889540209982687,6.425075261610688,32.03,7.784097982717753,8.027559271813399,0.8780481871148333,14.045
2026-10-19 21:49:38,38.30533016918676,38.22123114297844,44.24236395637392,68.295,17.94430592931542,17.936692712142705,6.444673220347332,32.12,7.807556430765901,8.054740576520887,0.8804929134228958,14.085
2026-10-19 22:04:38,38.35915725731164,38.26327819350831,44.303362198888685,68.385,18.002316290183508,17.993776917833443,6.465616032290936,32.225,7.8239324063302425,8.072274906337242,0.8826750754871288,14.12
2026-10-19 22:19:38,38.40933776576858,38.319498164675586,44.36205364849943,68.475,18.0367755950812,18.04071903507593,6.479832379658673,32.305,7.835064183339875,8.085258100667335,0.8836230133382996,14.14
2026-10-19 22:34:38,38.44268137388718,38.36411655375017,44.40197799293215,68.54,18.05358327724211,18.056874800485286,6.483875122417731,32.33,7.848248997941934,8.09881977969237,0.8849007732958807,14.16
2026-10-19 22:49:38,38.4767724920947,38.406501700410445,44.44308563806854,68.615,18.07886421137335,18.07932292764449,6.48992669274577,32.365,7.86758659371342,8.11382977065045,0.8872397045862903,14.19
2026-10-19 23:04:38,38.50242205081548,38.438486137923434,44.47657355195583,68.665,18.110489252699743,18.10173112419729,6.499013568325826,32.405,7.876779354101484,8.123963513998062,0.8881326003755263,14.205
2026-10-19 23:19:38,38.574323990867974,38.5200547420466,44.56665055476763,68.81,18.140944860873393,18.127673230255358,6.508152945930307,32.455,7.881811861508474,8.13204680676996,0.8893248131412442,14.225
2026-10-19 23:34:38,38.6458624186264,38.58153384828778,44.63694400404078,68.925,18.192877125211467,18.180744837186534,6.5267303266903225,32.555,7.924954613923044,8.169063004653376,0.8936749277407282,14.295
2026-10-19 23:49:38,38.730330878026,38.66877406065606,44.739314242357054,69.085,18.239355885162716,18.232600444026758,6.54434249862876,32.645,7.9529390169838035,8.189341946697171,0.8968980223377344,14.34
2026-10-20 00:04:38,38.79140593547337,38.72902333968279,44.80352897584982,69.19,18.262451380611175,18.251978779515838,6.551787366586394,32.68,7.973619306478205,8.201916683182004,0.898671607338146,14.37
2026-10-20 00:19:38,38.83910812473866,38.78019808972394,44.873705485647754,69.295,18.298320926046692,18.28082627778417,6.562999282670775,32.74,7.979007402923424,8.206371888190242,0.8995917475206355,14.38
2026-10-20 00:34:38,38.935698932186135,38.86719481977604,44.96872674584944,69.44,18.33166216387072,18.309383414261447,6.57314703409393,32.795,8.008731697735454,8.24034310886364,0.9029567894046405,14.43
2026-10-20 00:49:38,38.95918489316078,38.891383049765736,44.9905994008753,69.475,18.339748711799086,18.316690076697437,6.576337478657243,32.81,8.023204690274268,8.25105709516338,0.9042145132721869,14.45
2026-10-20 01:04:38,38.96158186753336,38.89290965603484,44.99335517705868,69.48,18.339748711799086,18.316690076697437,6.576337478657243,32.81,8.023204690274268,8.25105709516338,0.9042145132721869,14.45
2026-10-20 01:19:38,38.968394500549024,38.90103120673281,45.001772802879266,69.49,18.34790934304383,18.32691258118579,6.579672650766026,32.825,8.023204690274268,8.25105709516338,0.9042145132721869,14.45
2026-10-20 01:34:38,39.029147089641626,38.97236457154389,45.080683935885304,69.61,18.384380094630245,18.36756910699787,6.5922564691173235,32.89,8.032068119510935,8.264562729487096,0.9063686545188377,14.48
2026-10-20 01:49:38,39.0554066674573,38.99269589544845,45.1063303546555,69.65,18.38905733770384,18.370920020945082,6.594671835804908,32.9,8.038153966711073,8.271903683235449,0.9075369445519821,14.495
2026-10-20 02:04:38,39.06142051710277,39.009921825960525,45.11979713941929,69.67,18.396955217140654,18.38197047273238,6.59796991904823,32.915,8.045427715537764,8.280757658562244,0.9083973502020054,14.51
2026-10-20 02:19:38,39.088621978958805,39.04080872948431,45.15911011258609,69.725,18.418723631769975,18.399743044022355,6.603804071446258,32.945,8.047055200229977,8.28421990581346,0.9088395954909115,14.515
2026-10-20 02:34:38,39.14273784668525,39.09452068169981,45.21805028522137,69.815,18.43749086319826,18.414364444087585,6.6109526087676755,32.975,8.055952538957673,8.291483723321454,0.9097507296756793,14.53
2026-10-20 02:49:38,39.247934865685835,39.19569875094562,45.324138666216136,69.995,18.468464662729755,18.43771400045326,6.621747330472955,33.035,8.06336714678994,8.304198384734281,0.9112662968129687,14.55
2026-10-20 03:04:38,39.34380395008302,39.27177390274724,45.42537602383062,70.155,18.508046695025982,18.48192519892811,6.638340327888091,33.11,8.088503762865313,8.322495408756414,0.9140076006407979,14.585
2026-10-20 03:19:38,39.37596668298859,39.3213514333291,45.47224268927241,70.235,18.53894767840091,18.51119759025035,6.6479752158617424,33.165,8.113406258597458,8.346760495341078,0.916523878097825,14.62
2026-10-20 03:34:38,39.43337605700617,39.3872192525362,45.55311692961198,70.34,18.583342145511153,18.548799730594652,6.660701656031661,33.235,8.118767121164476,8.349846534184913,0.9173682383155034,14.63
2026-10-20 03:49:38,39.47180259548088,39.43762698589214,45.60425908511092,70.42,18.624006418279727,18.581616019238755,6.673087229633283,33.295,8.133822569446947,8.368486859793737,0.9191864729120207,14.66
2026-10-20 04:04:38,39.492079271987976,39.45242013644206,45.624997328898964,70.45,18.641646860340302,18.60389462689687,6.681334458694302,33.33,8.141136677973586,8.376120408259336,0.920121390469579,14.675
2026-10-20 04:19:38,39.58665539057835,39.54127995244352,45.73639412014747,70.625,18.688901956198368,18.656783029638685,6.702134987125185,33.42,8.164723359942275,8.395837500234174,0.9222063866516499,14.715
2026-10-20 04:34:38,39.63515003295993,39.59060220797469,45.785887802597266,70.71,18.71058652431688,18.683017467698665,6.712219552682822,33.465,8.178619295545364,8.406479467223528,0.9235828095051354,14.74
2026-10-20 04:49:38,39.730435292381344,39.69421745986711,45.89876711991826,70.88,18.77276750601235,18.737055654637906,6.732891011437842,33.57,8.197507110327605,8.422087429839687,0.9262726449904564,14.775
2026-10-20 05:04:38,39.81220081457618,39.78369015847622,45.99146445395816,71.02,18.81658914216669,18.77112388184824,6.7447283909057765,33.635,8.21544040492894,8.44535920388002,0.9279638927556046,14.81
2026-10-20 05:19:38,39.89725669592422,39.871849331820705,46.09176883123799,71.18,18.885842820872323,18.853941866666332,6.773703719144897,33.77,8.241288657081107,8.471002617636701,0.9300384186640249,14.85
2026-10-20 05:34:38,40.00676628983698,39.977931543922885,46.215858003055615,71.37,18.922586078238368,18.90336142518415,6.787590825209722,33.84,8.274422619042406,8.514123047191504,0.9339548412362316,14.915
2026-10-20 05:49:38,40.200329031005325,40.16173092948342,46.4194536212421,71.695,18.98664997325218,18.970084034178143,6.809407995902595,33.96,8.305987047120325,8.549127895861016,0.9374442895896083,14.975
2026-10-20 06:04:38,40.3107890743631,40.27930938791783,46.545992246720076,71.89,19.02781990849436,19.008434840793495,6.8256944461878915,34.04,8.347117140336573,8.584362081974602,0.9412096557901016,15.04
2026-10-20 06:19:38,40.431469705799806,40.42798537515991,46.69372787773617,72.125,19.0877986478966,19.06835463660999,6.8432826851871225,34.135,8.358058804252666,8.598980322934963,0.9421395424264547,15.06
2026-10-20 06:34:38,40.50053479206941,40.48900660145014,46.78496630794413,72.255,19.1225120879706,19.094808639387043,6.854547395474117,34.195,8.364951755445786,8.605522827056623,0.9434213343832651,15.08
2026-10-20 06:49:38,40.588141627949526,40.57940956637824,46.88492137668119,72.405,19.17536784857766,19.145768458621767,6.87195367210628,34.28,8.371435466426563,8.61561230204989,0.9440032582269967,15.095
2026-10-20 07:04:38,40.66998550147342,40.654481532417186,46.982748577146225,72.55,19.222216308805663,19.20470988655997,6.891488940627937,34.375,8.389204840588063,8.637182175147474,0.9457653041675742,15.125
2026-10-20 07:19:38,40.800397521541804,40.795189101974835,47.126602853220234,72.78,19.294075468066424,19.27661613615428,6.913238174213849,34.5,8.435884322091797,8.678271676629574,0.9503810232587667,15.2
2026-10-20 07:34:38,40.9082029009746,40.885915502826776,47.24272358958271,72.955,19.331560195230942,19.32761757804138,6.928598503165994,34.575,8.446622861096301,8.68919985827635,0.9515768147201301,15.225
2026-10-20 07:49:38,41.02405693944826,40.98834218859249,47.37286085022565,73.16,19.363650599017284,19.373831816673388,6.942774251850516,34.64,8.48277948532586,8.72628168318221,0.9559658753958095,15.295
2026-10-20 08:04:38,41.12684029353483,41.082932487897416,47.4955656758102,73.345,19.396914778680905,19.421714456771323,6.958047688417336,34.72,8.502940676039396,8.745751237000878,0.9579926938829801,15.335
2026-10-20 08:19:38,41.220341601876704,41.17237281111468,47.59838977052562,73.5,19.440012231570396,19.457905694569533,6.9728931827758185,34.79,8.522411929567262,8.757813645061418,0.9599803797272937,15.365
2026-10-20 08:34:38,41.28895107873506,41.253654974913175,47.687389127249624,73.63,19.498829187888944,19.529910645496816,6.996952496048433,34.91,8.537044487226213,8.778658371950614,0.9619113332491849,15.395
2026-10-20 08:49:38,41.39292530233997,41.36189104721009,47.80181336412953,73.81,19.538315588602906,19.57425784939143,7.012194681625488,34.99,8.547198456870747,8.787552791929993,0.9631740584165265,15.41
2026-10-20 09:04:38,41.499669205965766,41.47184998163144,47.93315649648597,74.02,19.59049604436059,19.644720685529684,7.032961861506173,35.09,8.557447120002047,8.797505703195583,0.9637077019973861,15.425
2026-10-20 09:19:38,41.665557562996234,41.63579790845689,48.12703736395459,74.31,19.666852680287302,19.722810882886616,7.058584147963863,35.22,8.592509519187345,8.834657429319776,0.9678054195515086,15.49
2026-10-20 09:34:38,41.81664438503874,41.79983450989091,48.3117140004991,74.58,19.7485757280979,19.798614660001686,7.08863774633355,35.37,8.633163920420287,8.86918676274015,0.9725656698911167,15.565
2026-10-20 09:49:38,41.89343739136335,41.874840488355126,48.3982165366539,74.715,19.77356247076659,19.82782578403469,7.1015535290696805,35.425,8.65878548572392,8.887757718239415,0.9751280403399549,15.605
2026-10-20 10:04:38,41.94154010005431,41.92465719703709,48.456713829616625,74.805,19.813484263047762,19.857325473731372,7.115022709400847,35.485,8.672569715835953,8.901342292268687,0.9762930993664407,15.625
2026-10-20 10:19:38,41.956396359267366,41.93910635508786,48.46749867553757,74.825,19.82182128718052,19.862440410930954,7.1170265525536465,35.495,8.672569715835953,8.901342292268687,0.9762930993664407,15.625
2026-10-20 10:34:38,41.9860562365254,41.960831756660745,48.49651807850963,74.87,19.82182128718052,19.862440410930954,7.1170265525536465,35.495,8.672569715835953,8.901342292268687,0.9762930993664407,15.625
2026-10-20 10:49:38,41.99929005661744,41.97337367462763,48.51451128701215,74.895,19.82433403434681,19.866009233850107,7.118796759405615,35.505,8.676882291726606,8.905229050573208,0.9767651434856514,15.63
2026-10-20 11:04:38,42.023470102142035,42.00567911600014,48.54438993790767,74.94,19.835456861328208,19.881981475634774,7.123914002095477,35.525,8.681653346825884,8.906051435751397,0.9772279274645086,15.635
2026-10-20 11:19:38,42.03065287118713,42.009745836116075,48.553536264394154,74.95,19.835456861328208,19.881981475634774,7.123914002095477,35.525,8.681653346825884,8.906051435751397,0.9772279274645086,15.635
2026-10-20 11:34:38,42.04208959596665,42.01638136314026,48.560758249416786,74.965,19.838583714101667,19.88407176795549,7.124472082596867,35.53,8.681653346825884,8.906051435751397,0.9772279274645086,15.635
2026-10-20 11:49:38,42.06338205543709,42.03859400403091,48.57879690652866,74.995,19.838583714101667,19.88407176795549,7.124472082596867,35.53,8.681653346825884,8.906051435751397,0.9772279274645086,15.635
2026-10-20 12:04:38,42.07789591384334,42.053004820464125,48.59363670694922,75.015,19.838583714101667,19.88407176795549,7.124472082596867,35.53,8.681653346825884,8.906051435751397,0.9772279274645086,15.635
2026-10-20 12:19:38,42.07854735343579,42.05759602331161,48.597806121991944,75.02,19.838583714101667,19.88407176795549,7.124472082596867,35.53,8.681653346825884,8.906051435751397,0.9772279274645086,15.635
2026-10-20 12:34:38,42.08840938822588,42.067793614751594,48.606404506933714,75.035,19.84187414750688,19.884763614488804,7.125914661200267,35.535,8.688537446996524,8.908939655297596,0.9778939547141849,15.645
2026-10-20 12:49:38,42.1015397805222,42.08013427768069,48.62243492963462,75.06,19.84187414750688,19.884763614488804,7.125914661200267,35.535,8.689914347221789,8.911838424888316,0.9782440649089302,15.65
2026-10-20 13:04:38,42.104693183522514,42.08092756648475,48.6247133723081,75.065,19.8468441751368,19.889566664666845,7.126749211956959,35.54,8.689914347221789,8.911838424888316,0.9782440649089302,15.65
2026-10-20 13:19:38,42.11398085940766,42.092339468057126,48.63879182585167,75.085,19.856448491246784,19.898123012233775,7.128848048391173,35.555,8.689914347221789,8.911838424888316,0.9782440649089302,15.65
2026-10-20 13:34:38,42.11925734809639,42.10178513859892,48.64839029523939,75.1,19.862412446437105,19.9034602879069,7.130349897752691,35.565,8.694828217512477,8.915745422980127,0.978724890029338,15.655
2026-10-20 13:49:38,42.149559222258425,42.13017844072975,48.6790466869872,75.15,19.86397979552656,19.90483751942264,7.131300533866994,35.57,8.697791951142607,8.918021003590642,0.9791049575207202,15.66
2026-10-20 14:04:38,42.15443125942,42.13233165471264,48.68571832253869,75.16,19.86397979552656,19.90483751942264,7.131300533866994,35.57,8.697791951142607,8.918021003590642,0.9791049575207202,15.66
2026-10-20 14:19:38,42.18277431835696,42.15564038880226,48.70908089057932,75.205,19.8713139753868,19.91189773156265,7.133274521159792,35.58,8.697791951142607,8.918021003590642,0.9791049575207202,15.66
2026-10-20 14:34:38,42.185351508832966,42.15932754054864,48.71269717669552,75.21,19.87397904293271,19.919719087569362,7.135226091707523,35.59,8.697791951142607,8.918021003590642,0.9791049575207202,15.66
2026-10-20 14:49:38,42.188263306222616,42.162661337963996,48.716562441619665,75.215,19.87397904293271,19.919719087569362,7.135226091707523,35.59,8.697791951142607,8.918021003590642,0.9791049575207202,15.66
2026-10-20 15:04:38,42.19969778053248,42.17902555546396,48.727878877367374,75.235,19.87539737251261,19.92153617739443,7.135773487538849,35.595,8.697791951142607,8.918021003590642,0.9791049575207202,15.66
2026-10-20 15:19:38,42.216151534630704,42.20285479099579,48.752201603810576,75.27,19.878677647924494,19.923106215958136,7.1367595620847535,35.6,8.702047762413278,8.918854374891895,0.9795279249295742,15.665
2026-10-20 15:34:38,42.23052261439951,42.21399755008985,48.76988969913002,75.295,19.88038662369233,19.925589091212867,7.137752135586262,35.605,8.702047762413278,8.918854374891895,0.9795279249295742,15.665
2026-10-20 15:49:38,42.24365695983144,42.224044175990876,48.77988239746744,75.315,19.88690500727898,19.930663007665718,7.139195930119775,35.615,8.702047762413278,8.918854374891895,0.9795279249295742,15.665
2026-10-20 16:04:38,42.24727234019905,42.228253894549205,48.7829333798248,75.32,19.88896224015131,19.933290763146804,7.140210487212384,35.62,8.702047762413278,8.918854374891895,0.9795279249295742,15.665
2026-10-20 16:19:38,42.26120146638522,42.24155012053446,48.79982942474048,75.345,19.898168681061154,19.943563136558478,7.14312840691546,35.635,8.708143442169181,8.925231049842816,0.9803931157726229,15.675
2026-10-20 16:34:38,42.27609702621044,42.25564102480607,48.8208086292098,75.37,19.898168681061154,19.943563136558478,7.14312840691546,35.635,8.708143442169181,8.925231049842816,0.9803931157726229,15.675
2026-10-20 16:49:38,42.27992652762192,42.25745376236604,48.82527734313244,75.375,19.898168681061154,19.943563136558478,7.14312840691546,35.635,8.708143442169181,8.925231049842816,0.9803931157726229,15.675
2026-10-20 17:04:38,42.28846835682651,42.26514532891758,48.833776001902415,75.39,19.898168681061154,19.943563136558478,7.14312840691546,35.635,8.708143442169181,8.925231049842816,0.9803931157726229,15.675
2026-10-20 17:19:38,42.30486971575394,42.28312258464951,48.85251316585979,75.42,19.909347888156223,19.95555520112894,7.146623705943663,35.655,8.708143442169181,8.925231049842816,0.9803931157726229,15.675
2026-10-20 17:34:38,42.31385002901976,42.289724184578326,48.86479373748173,75.435,19.913162249431803,19.956708524206277,7.1479965663638785,35.66,8.708143442169181,8.925231049842816,0.9803931157726229,15.675
2026-10-20 17:49:38,42.32212527678047,42.302734668070535,48.874938401929185,75.45,19.913162249431803,19.956708524206277,7.1479965663638785,35.66,8.710733458853355,8.928085631615039,0.9807769014706914,15.68
2026-10-20 18:04:38,42.34332215593683,42.32488518668527,48.90016608788194,75.49,19.913162249431803,19.956708524206277,7.1479965663638785,35.66,8.710733458853355,8.928085631615039,0.9807769014706914,15.68
2026-10-20 18:19:38,42.38950572859693,42.37024188333391,48.944099723792185,75.565,19.946177469015414,19.990549692289118,7.161362189868143,35.725,8.71901239956469,8.93524088262082,0.9815782912073723,15.69
2026-10-20 18:34:38,42.39821655342837,42.379826637856894,48.95555180314004,75.58,19.959714878758017,20.00414120725826,7.163859196286526,35.745,8.72035821499262,8.939074698429392,0.9817106966657081,15.695
2026-10-20 18:49:38,42.453461250715904,42.43493271839739,49.018926796371126,75.675,19.98612052387547,20.028827059068245,7.173227740339753,35.79,8.73163946925406,8.952793605744533,0.9827558351388075,15.715
2026-10-20 19:04:38,42.48560543213525,42.46861356216129,49.05797413685417,75.735,19.993427054044602,20.0341458789889,7.175463463568223,35.805,8.73584175576249,8.958836561719794,0.9832499761792988,15.725
2026-10-20 19:19:38,42.52368719260887,42.513395980741805,49.10007859632285,75.8,20.000459138930978,20.043488954873133,7.1778286791991635,35.82,8.736911950476424,8.96239882600587,0.9836214930148611,15.73
2026-10-20 19:34:38,42.54674575759665,42.53353205039304,49.12721478208062,75.84,20.018563444588498,20.054708950291882,7.183144386840448,35.845,8.751060537530185,8.976536429877198,0.9847929640579283,15.75
2026-10-20 19:49:38,42.561999548344446,42.54662336065479,49.143925412654816,75.865,20.02863902864217,20.060467683499176,7.186461198564432,35.865,8.751060537530185,8.976536429877198,0.9847929640579283,15.75
2026-10-20 20:04:38,42.57370686893808,42.56009558715986,49.1589717376649,75.885,20.039978130597056,20.07096727670597,7.190173458222867,35.885,8.754427575711494,8.980717408515831,0.9850807206332909,15.755
2026-10-20 20:19:38,42.60521308077691,42.58587007348827,49.197288733988586,75.94,20.05097695767232,20.08384706055533,7.19446169084566,35.91,8.762166699459193,8.987955871816405,0.9856978821414603,15.765
2026-10-20 20:34:38,42.628240173556165,42.61418421223864,49.224728344924635,75.985,20.068895082730926,20.10148994998399,7.199816318340248,35.94,8.767655552942653,8.995620066222665,0.9864293612908939,15.775
2026-10-20 20:49:38,42.666574043189115,42.65036356864368,49.26245902354108,76.05,20.096876142100395,20.151965749007008,7.213071485827096,36.005,8.772058739935328,9.003328505734832,0.986899215351372,15.785
2026-10-20 21:04:38,42.70168132677365,42.68621111462293,49.296155097135745,76.105,20.123900515427934,20.180045768157637,7.223974858740019,36.06,8.776521224955777,9.005788823541543,0.9870822972865143,15.79
2026-10-20 21:19:38,42.765037745375,42.73466070296702,49.352938976861836,76.2,20.154094550450758,20.2099110242129,7.23575604014528,36.115,8.792430548080496,9.024459986951557,0.9882039166556846,15.815
2026-10-20 21:34:38,42.824801573862516,42.795002533574,49.419268041221365,76.305,20.191354643904067,20.256230272485205,7.250904820961562,36.185,8.80487377909048,9.042623491346598,0.9902794127355313,15.845
2026-10-20 21:49:38,42.872278408504414,42.83989035528544,49.4814384730714,76.4,20.205438998858426,20.274970471572416,7.258247965401036,36.22,8.80784003182048,9.049753452541003,0.9910836984229768,15.855
2026-10-20 22:04:38,42.961826619895774,42.93814610144293,49.59554027811226,76.59,20.234599650364988,20.30551717873787,7.26840658994114,36.275,8.81492150817655,9.055781447137253,0.9918533962074673,15.87
2026-10-20 22:19:38,43.0589325643499,43.05160414073958,49.714545589159634,76.79,20.289706531903487,20.38165330634882,7.291570340239581,36.38,8.830607223081627,9.076977368497849,0.9934278239054911,15.905
2026-10-20 22:34:38,43.112721865682516,43.09828381206304,49.77347254197792,76.885,20.316199329510493,20.40879912859577,7.300608143288563,36.43,8.839649917188865,9.084646664096438,0.9948688421433306,15.925
2026-10-20 22:49:38,43.13808750308392,43.12020715201242,49.80293457130008,76.925,20.326455085081424,20.42556957499144,7.305673787066981,36.455,8.845517331525771,9.090659871873475,0.9955597085337048,15.935
2026-10-20 23:04:38,43.273489394190804,43.26549901482327,49.96592210050326,77.17,20.400066046688142,20.495873662019534,7.3289637191390815,36.565,8.862986741900025,9.105548010916197,0.9970379533915322,15.97
2026-10-20 23:19:38,43.327202425677584,43.31070715691606,50.018478202161305,77.25,20.419373301052687,20.519886312636853,7.336797586534304,36.6,8.865805368850584,9.109422554125949,0.9972564433766649,15.975
2026-10-20 23:34:38,43.47423666109244,43.415678880323796,50.17040743146407,77.47,20.475783562147353,20.58262744652525,7.356297297300355,36.695,8.889874619506415,9.124094888637336,0.9990193311396817,16.005
2026-10-20 23:49:38,43.60257114433503,43.550201205703324,50.31527651805296,77.71,20.53653955133851,20.645882807230784,7.375691300813686,36.8,8.911019459703708,9.143935601135158,1.0010154162425033,16.05
2026-10-21 00:04:38,43.69330971241316,43.647931994674394,50.43050718644419,77.885,20.559579056682416,20.667899232153026,7.383681575606523,36.84,8.91501348471731,9.14833008039636,1.0014109686825674,16.06
2026-10-21 00:19:38,43.81331013883429,43.773238173673406,50.575338213175264,78.1,20.608665094105735,20.718633419148773,7.400745744698181,36.925,8.93265765163091,9.16728881763277,1.0033907111942815,16.095
2026-10-21 00:34:38,43.94335223217764,43.88438795023671,50.704860869177764,78.315,20.67626338814876,20.784335471120784,7.426460573784948,37.045,8.953166465411728,9.185122487965995,1.0052222702771743,16.125
2026-10-21 00:49:38,44.022540635339574,43.96182639671785,50.79577613645751,78.455,20.714490653106854,20.82257130268618,7.441120321791112,37.12,8.974321414340674,9.202124627665219,1.0074157310059189,16.165
2026-10-21 01:04:38,44.0775173713119,44.03389698602383,50.86757507545339,78.565,20.786203908990913,20.883722931839742,7.460235331318575,37.225,8.979581977056363,9.215414692404254,1.0086870919891935,16.185
2026-10-21 01:19:38,44.13569442467094,44.08892595275581,50.950741205329656,78.695,20.81792323966646,20.91890006877597,7.473188519067922,37.29,8.993546985554412,9.236614790035853,1.0102246434460627,16.215
2026-10-21 01:34:38,44.20503875774708,44.13979229229937,51.023709471921656,78.81,20.865923123722954,20.96042266451637,7.488456609398246,37.37,8.993546985554412,9.236614790035853,1.0102246434460627,16.215
2026-10-21 01:49:38,44.286337958629126,44.217797447066324,51.11675379517194,78.95,20.912070029428815,21.01238369283173,7.5085098417770855,37.465,9.01833143180186,9.252449068279699,1.0119896648619573,16.245
2026-10-21 02:04:38,44.34757186448715,44.27445301132899,51.19363090306612,79.06,20.950768484135143,21.063202032483918,7.5271583219674705,37.56,9.030984029383406,9.274595958972379,1.0134184188448272,16.275
2026-10-21 02:19:38,44.44600796105428,44.393782238644924,51.317522639007485,79.25,20.995513849486116,21.107146912128357,7.542039096133251,37.635,9.043491218656362,9.288252248258793,1.0145022478797434,16.295
2026-10-21 02:34:38,44.53566924745917,44.500508425352926,51.42043905080548,79.42,21.028056754049604,21.13377369362918,7.555199047654416,37.69,9.066729836261606,9.304932625479147,1.0162372413552572,16.325
2026-10-21 02:49:38,44.6199684895315,44.58295244007625,51.50117485396608,79.56,21.07798495176629,21.182120530004635,7.570964393336485,37.765,9.080925616274834,9.317147399482034,1.017305969645439,16.345
2026-10-21 03:04:38,44.690834132423525,44.661864274356034,51.57518260732757,79.68,21.12022356168348,21.215080113150087,7.584904222513202,37.83,9.101239841701029,9.331158390183267,1.0196688481335383,16.38
2026-10-21 03:19:38,44.79569964224639,44.77014879934281,51.69977269999223,79.875,21.190316512395853,21.272612215243196,7.60830217870425,37.945,9.122649607312237,9.360169960182844,1.022149582761041,16.43
2026-10-21 03:34:38,44.898186293825134,44.86846274019926,51.80396541398065,80.045,21.240038073190245,21.32775524914857,7.625469349254204,38.035,9.130658798729632,9.367400904934893,1.0231281312867189,16.445
2026-10-21 03:49:38,44.990273050670346,44.97212145544778,51.91346372044689,80.22,21.294014905932414,21.385356734057886,7.6468566054406075,38.135,9.152244365543806,9.388811878097302,1.0262266247615244,16.49
2026-10-21 04:04:38,45.13567521410114,45.11837889700351,52.07468841809854,80.485,21.36645840657297,21.451908534704398,7.671978729070558,38.26,9.191157518211217,9.422581271025125,1.0307490698312145,16.555
2026-10-21 04:19:38,45.221644293240495,45.1922549835741,52.16382736204814,80.625,21.41669987970453,21.50653509989232,7.690789136082962,38.355,9.20549119023791,9.448292835115776,1.0330522274170852,16.59
2026-10-21 04:34:38,45.33588784522463,45.31353988361028,52.28870198038746,80.83,21.450839959440593,21.543001959593333,7.704233152345681,38.415,9.217591418689963,9.46175848791683,1.034838067141765,16.615
2026-10-21 04:49:38,45.4375532778214,45.403924302005564,52.39152081370471,80.995,21.50708612112395,21.58917180532207,7.721938079881888,38.495,9.232575636988532,9.471578695637145,1.0361566592465061,16.635
2026-10-21 05:04:38,45.585237179740766,45.56592663316032,52.567703017300666,81.275,21.56829481463803,21.661721287988417,7.74597407377367,38.61,9.26597281542474,9.49778807308144,1.0401652281456852,16.695
2026-10-21 05:19:38,45.69706409073722,45.693966291428985,52.72009610089826,81.495,21.638900540092838,21.72439795411464,7.7719731684748945,38.73,9.295508364434477,9.528224098704078,1.043232033807581,16.75
2026-10-21 05:34:38,45.811927817758004,45.8028067448823,52.8464476793784,81.695,21.665716739890215,21.759734631939136,7.78340849971898,38.78,9.32055096983207,9.56151464267168,1.045879465448888,16.795
2026-10-21 05:49:38,45.95537711110866,45.95858880240016,53.034024056788674,81.97,21.727505680459707,21.823820227038556,7.804757665824665,38.89,9.328455220721738,9.573003105839739,1.0468112987821683,16.81
2026-10-21 06:04:38,46.087353428452765,46.100370332463235,53.19350863799954,82.215,21.802554281904023,21.897959675458075,7.831204281971158,39.02,9.357456440255575,9.59293263975258,1.0489798489929256,16.855
2026-10-21 06:19:38,46.23394510562668,46.264340326108375,53.38711983845348,82.495,21.878125077662183,21.981127490056114,7.86020441205178,39.165,9.386189529268139,9.618795497025538,1.0517966133641743,16.9
2026-10-21 06:34:38,46.39799986516543,46.415347530929914,53.566693189463315,82.78,21.94227749407746,22.04836614019386,7.88512849289164,39.275,9.412929012359603,9.639004248794333,1.0543315149645558,16.94
2026-10-21 06:49:38,46.49797793033253,46.515909466723,53.68152924666095,82.97,22.001678023303025,22.10817563727175,7.907859362524544,39.39,9.436345955696948,9.667067362514237,1.0568499539396417,16.985
2026-10-21 07:04:38,46.64780865988384,46.660646636101134,53.86581137989862,83.265,22.131166534828214,22.234352934422613,7.948621041280695,39.59,9.47371570696405,9.706821053511682,1.0604156608782978,17.045
2026-10-21 07:19:38,46.74693224086925,46.75708235032085,53.96869980988126,83.435,22.18313425566268,22.294899299430952,7.970194322336621,39.7,9.487777611561668,9.722813239203965,1.061970809935609,17.075
2026-10-21 07:34:38,46.90246635485578,46.899623708005876,54.13965303864426,83.69,22.237307934799144,22.340039560155923,7.988686307320408,39.79,9.497370162045526,9.737751237408407,1.0631170246942552,17.095
2026-10-21 07:49:38,47.03020709817339,47.037060165560945,54.294695386926286,83.925,22.304667867496835,22.412241812979023,8.01549102462021,39.915,9.529854525488053,9.776378843908805,1.067167448453646,17.16
2026-10-21 08:04:38,47.23454534259138,47.24070388074695,54.51092915337789,84.28,22.35874170296742,22.458719955838408,8.03886804659913,40.02,9.579235280910218,9.817752864373391,1.0722451859066244,17.23
2026-10-21 08:19:38,47.436910976441325,47.446518875710055,54.753548320849944,84.65,22.438946063975216,22.540700311662995,8.065646817849233,40.15,9.609163236867925,9.849547122774622,1.0756937507706315,17.285
2026-10-21 08:34:38,47.659183925932204,47.685691678602986,55.01042746979992,85.045,22.52474260600089,22.616424998067266,8.096152648984114,40.29,9.65075452925493,9.882457539771448,1.0791689361097692,17.355
2026-10-21 08:49:38,47.769778119029326,47.80464164273273,55.13076078837522,85.255,22.590178960641325,22.681639264117315,8.121858630255002,40.41,9.679292072053183,9.923633350585657,1.0829224259184695,17.415
2026-10-21 09:04:38,47.84752768615757,47.91207795439111,55.234622439151835,85.415,22.63562304528409,22.720242733066247,8.136904491159003,40.485,9.680746007192825,9.926518490177234,1.0830518914691294,17.42
2026-10-21 09:19:38,47.97879622117832,48.0476648334431,55.39267732117798,85.65,22.692894525154678,22.773483952431565,8.156819787780522,40.58,9.708855958256615,9.95192961903122,1.0870370229388469,17.47
2026-10-21 09:34:38,48.08580126948867,48.13538460193264,55.482252251756734,85.805,22.722589538257232,22.807392688445297,8.168518301353409,40.64,9.720565008538669,9.965936060472343,1.088622541293673,17.49
2026-10-21 09:49:38,48.12677645533572,48.18041337255035,55.5403193527426,85.88,22.765153990120545,22.851771493599347,8.187395403395687,40.725,9.737437307422637,9.981679855704646,1.0901334442107302,17.515
2026-10-21 10:04:38,48.166115162972034,48.215088844134605,55.58459507220532,85.95,22.794830910216046,22.870086603583,8.196738727076395,40.77,9.755575102528804,9.990692776207407,1.0917357043484566,17.54
2026-10-21 10:19:38,48.18062065695791,48.230719577276304,55.60855390025656,85.985,22.801075825298533,22.87666202324639,8.198756262616811,40.78,9.756688839697043,9.9922044446759,1.0919097088457248,17.545
2026-10-21 10:34:38,48.1891134041911,48.24055512384145,55.6232668622273,86.005,22.801075825298533,22.87666202324639,8.198756262616811,40.78,9.760028887950295,9.996524620883044,1.0923756606971105,17.555
2026-10-21 10:49:38,48.214097383512765,48.25453162578231,55.64363404054104,86.04,22.806765539805998,22.882058412747888,8.20102438472358,40.79,9.764379390786853,10.000184945598342,1.0927868052238632,17.56
2026-10-21 11:04:38,48.234372304819985,48.27669522514288,55.67119199282283,86.085,22.806765539805998,22.882058412747888,8.20102438472358,40.79,9.764379390786853,10.000184945598342,1.0927868052238632,17.56
2026-10-21 11:19:38,48.27542580762464,48.325078345357674,55.71265107702451,86.15,22.818446790521094,22.89382815312479,8.203890379397354,40.805,9.771510995950353,10.005470037454817,1.0935367809462788,17.57
2026-10-21 11:34:38,48.288475998803825,48.34461185680102,55.72799622457411,86.175,22.820446258386248,22.896356188301464,8.205155870783159,40.81,9.778471905259149,10.01024248557786,1.09390830864288,17.58
2026-10-21 11:49:38,48.307306192456835,48.35748552078244,55.74757202074539,86.205,22.831801837040476,22.904774790617264,8.21054311014459,40.835,9.779291356257806,10.01337478116753,1.0942028006347515,17.585
2026-10-21 12:04:38,48.33191523371987,48.373431209439275,55.77426321219881,86.245,22.857854353181093,22.92029652499063,8.218936032358581,40.875,9.781542134301848,10.016191481407931,1.094604828830819,17.595
2026-10-21 12:19:38,48.33264181066957,48.37669429860153,55.77814818403709,86.25,22.857854353181093,22.92029652499063,8.218936032358581,40.875,9.781542134301848,10.016191481407931,1.094604828830819,17.595
2026-10-21 12:34:38,48.33385821827944,48.38046363630955,55.780677472304674,86.255,22.857854353181093,22.92029652499063,8.218936032358581,40.875,9.785074275117283,10.021168509401516,1.0950435814879989,17.6
2026-10-21 12:49:38,48.34417773417577,48.39167128029013,55.7966648301112,86.28,22.85890285370757,22.922503620834863,8.219794590604586,40.88,9.785074275117283,10.021168509401516,1.0950435814879989,17.6
2026-10-21 13:04:38,48.34874466076787,48.396516183870965,55.801474971221495,86.285,22.85890285370757,22.922503620834863,8.219794590604586,40.88,9.785074275117283,10.021168509401516,1.0950435814879989,17.6
2026-10-21 13:19:38,48.35362770869466,48.397848027181,55.805704758889235,86.29,22.85890285370757,22.922503620834863,8.219794590604586,40.88,9.78799766665046,10.025926946834712,1.0952971655384853,17.605
2026-10-21 13:34:38,48.369603380939125,48.41473224341065,55.8270647851692,86.32,22.86429423199059,22.928319209929008,8.221250054150888,40.89,9.78799766665046,10.025926946834712,1.0952971655384853,17.605
2026-10-21 13:49:38,48.372720386596406,48.41845319250067,55.83292928331886,86.33,22.86601214552571,22.932687068916678,8.221893657137779,40.895,9.78799766665046,10.025926946834712,1.0952971655384853,17.605
2026-10-21 14:04:38,48.38859359662062,48.43698477760197,55.85923157667684,86.365,22.86601214552571,22.932687068916678,8.221893657137779,40.895,9.78799766665046,10.025926946834712,1.0952971655384853,17.605
2026-10-21 14:19:38,48.39742686906541,48.44600657096721,55.870317245545785,86.38,22.87512764983919,22.934438344598227,8.223289863515507,40.905,9.78799766665046,10.025926946834712,1.0952971655384853,17.605
2026-10-21 14:34:38,48.40028347630676,48.450675545693215,55.877311663963546,86.39,22.89222322927737,22.949952459972437,8.227395419412975,40.925,9.790669851724722,10.030462077319015,1.0955527046691294,17.61
2026-10-21 14:49:38,48.405869710093896,48.45615712704803,55.88560252619426,86.4,22.89514159236159,22.95248830505565,8.228668239437017,40.93,9.790669851724722,10.030462077319015,1.0955527046691294,17.61
2026-10-21 15:04:38,48.41113653239038,48.4602004609568,55.88975353105939,86.41,22.89514159236159,22.95248830505565,8.228668239437017,40.93,9.790669851724722,10.030462077319015,1.0955527046691294,17.61
2026-10-21 15:19:38,48.43241035842352,48.476962784172905,55.9099508945039,86.44,22.899186713843385,22.953804915611947,8.229337912476913,40.935,9.790669851724722,10.030462077319015,1.0955527046691294,17.61
2026-10-21 15:34:38,48.44812326654854,48.49071624436382,55.93183381261285,86.47,22.899186713843385,22.953804915611947,8.229337912476913,40.935,9.794862872479547,10.034043131412217,1.0956784588218929,17.615
2026-10-21 15:49:38,48.45341847966039,48.49773362735646,55.943450873448846,86.485,22.90357685651438,22.956278367178186,8.231699684010186,40.945,9.796075398652414,10.0350948602109,1.0961256047892667,17.62
2026-10-21 16:04:38,48.46178220318225,48.50713296672185,55.95375591996381,86.5,22.908453976409785,22.960155924814963,8.233153235438948,40.95,9.796075398652414,10.0350948602109,1.0961256047892667,17.62
2026-10-21 16:19:38,48.471800205532716,48.51543564085688,55.97066384289521,86.52,22.913439154233465,22.961890492076545,8.234377704519142,40.955,9.799001260872933,10.038125015374893,1.0966151462572973,17.625
2026-10-21 16:34:38,48.47939068725277,48.522008185524086,55.98161251018954,86.535,22.91942685323531,22.968581272052464,8.236332697096874,40.965,9.799001260872933,10.038125015374893,1.0966151462572973,17.625
2026-10-21 16:49:38,48.48673421356605,48.52883203973037,55.98710910516555,86.545,22.91942685323531,22.968581272052464,8.236332697096874,40.965,9.799001260872933,10.038125015374893,1.0966151462572973,17.625
2026-10-21 17:04:38,48.49066300823467,48.533067985445484,55.99132753111591,86.55,22.923727673416533,22.97143905663938,8.237102012890478,40.97,9.799001260872933,10.038125015374893,1.0966151462572973,17.625
2026-10-21 17:19:38,48.49066300823467,48.533067985445484,55.99132753111591,86.55,22.925175674864178,22.973644487782295,8.238591880183769,40.975,9.802428764800876,10.041882069643167,1.0969186676908507,17.63
2026-10-21 17:34:38,48.49378157490293,48.53777329442584,55.99389443070491,86.555,22.925175674864178,22.973644487782295,8.238591880183769,40.975,9.802428764800876,10.041882069643167,1.0969186676908507,17.63
2026-10-21 17:49:38,48.49378157490293,48.53777329442584,55.99389443070491,86.555,22.925175674864178,22.973644487782295,8.238591880183769,40.975,9.802428764800876,10.041882069643167,1.0969186676908507,17.63
2026-10-21 18:04:38,48.50185357571879,48.54338525326349,56.00019762731454,86.565,22.925175674864178,22.973644487782295,8.238591880183769,40.975,9.802428764800876,10.041882069643167,1.0969186676908507,17.63
2026-10-21 18:19:38,48.53027878319107,48.585674995842034,56.03928752233071,86.635,22.967800887694057,23.002815221133257,8.250279170263504,41.035,9.806832796412637,10.050337260585016,1.0975285862421191,17.64
2026-10-21 18:34:38,48.55852305859086,48.60741960572736,56.071861120406915,86.68,22.98427548325233,23.01617684715274,8.253947643383269,41.055,9.82068167435409,10.066878952070791,1.0994291781956929,17.665
2026-10-21 18:49:38,48.61017168799377,48.68241256438357,56.13836464179441,86.785,23.00348059047819,23.0314258996084,8.26094861014665,41.09,9.83228047152807,10.07800156050763,1.1006335901285702,17.69
2026-10-21 19:04:38,48.67514525220496,48.7362592430145,56.19796632624241,86.885,23.024985482684446,23.053889714431175,8.2682779668147,41.125,9.840109156635014,10.084361098087586,1.1013849428066997,17.7
2026-10-21 19:19:38,48.71881063111303,48.766644877137644,56.23930747630448,86.95,23.046291471875485,23.07477903895212,8.276197941615793,41.16,9.844014915367332,10.087515837770503,1.10186251638962,17.705
2026-10-21 19:34:38,48.75622673664136,48.80073401078932,56.26911669551426,87.005,23.06822263735532,23.090171523524756,8.283172006578278,41.19,9.847223904849539,10.093255408545188,1.102725590172015,17.715
2026-10-21 19:49:38,48.7676392397214,48.812276226499606,56.28189801211617,87.025,23.070290946807773,23.091327286420242,8.28429186296251,41.195,9.851282758265148,10.101454161880854,1.1033842018042253,17.725
2026-10-21 20:04:38,48.80259810056499,48.843247394320976,56.31621008985031,87.08,23.081105887270432,23.10046429709805,8.288097501861149,41.215,9.860463928389027,10.115011925382463,1.1044901973995456,17.745
2026-10-21 20:19:38,48.82297310195809,48.86451142637223,56.34235884255733,87.12,23.09174254345364,23.112038588703797,8.291132136849853,41.23,9.86706882694023,10.125792719359922,1.1053186136053657,17.76
2026-10-21 20:34:38,48.842159618666045,48.88375866161943,56.36505787378533,87.155,23.099106077952225,23.121193251980202,8.293265324604135,41.245,9.871196814877804,10.128712441362355,1.1056815406498275,17.765
2026-10-21 20:49:38,48.87869396389277,48.92850128800449,56.41587243613561,87.235,23.126917313119925,23.148824005176785,8.301201742452863,41.285,9.875511930895946,10.133953763532528,1.1061071196309022,17.775
2026-10-21 21:04:38,48.91807184623302,48.9753921035758,56.4684236906481,87.31,23.145686950971687,23.165718922927404,8.307772545940281,41.315,9.889309170956569,10.147450036169113,1.1073705463517185,17.795
2026-10-21 21:19:38,48.96240708442211,49.018009600167915,56.51927433960458,87.385,23.174271954772017,23.199137094863374,8.319521831562822,41.38,9.893171168165349,10.151935955488199,1.1075831349374914,17.8
2026-10-21 21:34:38,48.996800471939856,49.061384900411355,56.56204072926246,87.45,23.178985647574535,23.20393502216717,8.32182352179797,41.39,9.89757976016731,10.153698323159954,1.1079962634522689,17.805
2026-10-21 21:49:38,49.02380682368892,49.081643126304456,56.59343962950813,87.5,23.187920406720934,23.21044139676353,8.325088863463622,41.405,9.903336491234349,10.16064565235278,1.1084769047137664,17.815
2026-10-21 22:04:38,49.062816312723754,49.12317934895275,56.639523432670074,87.57,23.194807675181522,23.21453580627955,8.326933365941843,41.415,9.907464845324185,10.162645755483462,1.1089394569100044,17.82
2026-10-21 22:19:38,49.08696650168801,49.1452911066776,56.670464849766034,87.615,23.221387750162915,23.24435012995843,8.337566074902245,41.465,9.909198335328647,10.166965240818609,1.1091056456702786,17.825
2026-10-21 22:34:38,49.11257113984878,49.169067749697376,56.7017537688443,87.665,23.24102772065288,23.262087066924032,8.343815512173705,41.495,9.91617736729072,10.17112292575641,1.1100196070869686,17.84
2026-10-21 22:49:38,49.12907827919702,49.1879742155591,56.721864232544206,87.7,23.257984350795386,23.282639710032125,8.351074089451497,41.53,9.91617736729072,10.17112292575641,1.1100196070869686,17.84
2026-10-21 23:04:38,49.17623178422339,49.2260283108632,56.774522315155075,87.78,23.268091174404756,23.297980872555048,8.355228152926156,41.55,9.923500085964337,10.174649451489138,1.1108594450229226,17.85
2026-10-21 23:19:38,49.18827081108932,49.234768286425144,56.78860449337991,87.8,23.274739479856002,23.30584090302076,8.356480338564435,41.56,9.923500085964337,10.174649451489138,1.1108594450229226,17.85
2026-10-21 23:34:38,49.19681179791246,49.24372193617148,56.79667202824175,87.815,23.278197937703528,23.309907457725913,8.357119506030822,41.565,9.923500085964337,10.174649451489138,1.1108594450229226,17.85
2026-10-21 23:49:38,49.198015750425604,49.24511032244545,56.798413580595344,87.82,23.278197937703528,23.309907457725913,8.357119506030822,41.565,9.923500085964337,10.174649451489138,1.1108594450229226,17.85
2026-10-22 00:04:38,49.202137107346076,49.25001687289509,56.802308836274875,87.825,23.282460325739972,23.312028337714064,8.35850611266354,41.57,9.928298945418527,10.18365223626954,1.1115847753948502,17.86
2026-10-22 00:19:38,49.202137107346076,49.25001687289509,56.802308836274875,87.825,23.282460325739972,23.312028337714064,8.35850611266354,41.57,9.928298945418527,10.18365223626954,1.1115847753948502,17.86
2026-10-22 00:34:38,49.213976584584316,49.25832150230819,56.82226574257941,87.85,23.28839985271027,23.316957930017548,8.36045528456869,41.58,9.928298945418527,10.18365223626954,1.1115847753948502,17.86
2026-10-22 00:49:38,49.21820355745547,49.26276004417551,56.83021530302839,87.86,23.29068672772125,23.318654583239248,8.361079173669182,41.585,9.930391238807577,10.1877612125593,1.1120383691680809,17.865
2026-10-22 01:04:38,49.24031606473356,49.287512702646445,56.857033752918966,87.9,23.29490671338763,23.323230409210627,8.361940331476788,41.59,9.930391238807577,10.1877612125593,1.1120383691680809,17.865
2026-10-22 01:19:38,49.26839580949199,49.31408948061768,56.88402083301331,87.945,23.300413425020373,23.32621147248353,8.363369100441608,41.6,9.932934467659921,10.188690520303641,1.1123500569051852,17.87
2026-10-22 01:34:38,49.26839580949199,49.31408948061768,56.88402083301331,87.945,23.300413425020373,23.32621147248353,8.363369100441608,41.6,9.932934467659921,10.188690520303641,1.1123500569051852,17.87
2026-10-22 01:49:38,49.30548980605604,49.363751559820145,56.94525155358441,88.03,23.326853644611557,23.351093052487762,8.371714923325502,41.64,9.946052338534846,10.200090500607798,1.1145397585389893,17.895
2026-10-22 02:04:38,49.36044315525456,49.42283356091831,57.007003796390826,88.125,23.344682682497698,23.3728802796633,8.378495470162164,41.67,9.955544233049654,10.205193772734246,1.1151321466649884,17.905
2026-10-22 02:19:38,49.43664565839425,49.487460130816366,57.091941638138586,88.25,23.371711199386603,23.401798566267495,8.387245786124844,41.72,9.968849788250852,10.220657530443717,1.1169858771262982,17.935
2026-10-22 02:34:38,49.467190625174304,49.51224300895268,57.11823091527198,88.295,23.39922776177433,23.422440378078246,8.396584079865677,41.765,9.97501376008853,10.223823772920756,1.1176466867277934,17.945
2026-10-22 02:49:38,49.511159449666565,49.54752781311847,57.16232104833332,88.36,23.439593541497533,23.457170315574228,8.410286491043191,41.825,9.981979069575603,10.234728472115368,1.1187493940212505,17.96
2026-10-22 03:04:38,49.54538070077355,49.57306189970775,57.2013279973134,88.415,23.443895301330606,23.46588381707042,8.412727506696053,41.84,9.98561158956139,10.237962522233053,1.1191951265533175,17.965
2026-10-22 03:19:38,49.56973635411247,49.59016790179293,57.22486109818662,88.455,23.452502224811106,23.47380353516901,8.416589203569107,41.855,9.988970866818425,10.239988978479609,1.120105616148349,17.975
2026-10-22 03:34:38,49.62776878899956,49.64668412730883,57.28541084729164,88.56,23.49605438656284,23.515514235378106,8.431448132956419,41.93,9.999260962005827,10.247060014393146,1.120811572549422,17.99
2026-10-22 03:49:38,49.680192387193706,49.7157481127421,57.36188357729472,88.67,23.532544332693632,23.56097121262891,8.445458942981453,42.0,10.018960074603193,10.260788357422658,1.1225024889634978,18.02
2026-10-22 04:04:38,49.72788603621114,49.759229167065456,57.420133169224876,88.76,23.561367348433354,23.590861022018142,8.454931031825339,42.045,10.037116655961613,10.278293617479672,1.1241939498459177,18.05
2026-10-22 04:19:38,49.78609392940719,49.82265146565246,57.4742949792529,88.86,23.61758855538095,23.6498411787824,8.47277939478213,42.135,10.05418585017839,10.289069097311593,1.1260511625865417,18.08
2026-10-22 04:34:38,49.830474681572426,49.86751479218565,57.52867494115076,88.945,23.655374413357613,23.687190566217154,8.484433084843303,42.195,10.069022123483176,10.304359448982408,1.1280914489342857,18.11
2026-10-22 04:49:38,49.90510484062633,49.94843483073885,57.610421924432806,89.075,23.705614732344262,23.73814069050724,8.500185930772581,42.275,10.075610581480428,10.313262266567602,1.1294822962989326,18.13
2026-10-22 05:04:38,49.95752658489879,49.99852193817099,57.67191134769247,89.165,23.738230220530806,23.769630419193092,8.510139081694893,42.325,10.081418286758728,10.321106850924064,1.130293031192265,18.145
2026-10-22 05:19:38,50.0367117161391,50.085727480865174,57.767072140262634,89.315,23.776560355374883,23.821516407632906,8.526631018058595,42.41,10.092522389698106,10.33073711021027,1.131811232967871,18.165
2026-10-22 05:34:38,50.14956892928662,50.21689823568465,57.90387090764233,89.52,23.83468386451104,23.867584699621734,8.548417471029447,42.515,10.10793624275564,10.349328928137531,1.1332055322533499,18.19
2026-10-22 05:49:38,50.22816211562331,50.31193472491913,57.99552597600207,89.665,23.876398087254227,23.913199017257625,8.567984571945376,42.61,10.122655207956383,10.36220426760565,1.1343939103368421,18.215
2026-10-22 06:04:38,50.28106404292891,50.363688178417156,58.05805561064525,89.755,23.898137320001734,23.935305716795995,8.578877616885245,42.66,10.143809772559598,10.384892809624198,1.136589955703817,18.25
2026-10-22 06:19:38,50.36540576352042,50.460118917268616,58.16439144318388,89.915,23.926590449242983,23.97003092909913,8.588399325788844,42.71,10.164121032490009,10.40336449145418,1.1389570465570742,18.29
2026-10-22 06:34:38,50.444523098057374,50.55183089335041,58.276033030085024,90.075,23.989488178984306,24.025484765992942,8.607236877413708,42.81,10.175911785807918,10.42526493225481,1.1410987840793902,18.32
2026-10-22 06:49:38,50.52158874938335,50.62683998631933,58.37926518616623,90.225,24.02573743085708,24.07731709970683,8.624125846903246,42.895,10.190417536778899,10.440638920385831,1.142333305457887,18.345
2026-10-22 07:04:38,50.57566509586287,50.6707436900278,58.42800493196602,90.31,24.047488300943066,24.096343165679468,8.633882563265132,42.94,10.197610896453082,10.447819661675966,1.143165495168574,18.36
2026-10-22 07:19:38,50.62177855595654,50.71554190152946,58.490107641309855,90.395,24.085302591947478,24.13508941009272,8.647202738606005,43.0,10.205642561466595,10.456814052305512,1.144094180992857,18.375
2026-10-22 07:34:38,50.707553635517655,50.79597088632001,58.58321876983137,90.54,24.125448291094113,24.1744871163208,8.659678094062667,43.07,10.221767924133593,10.472611255372577,1.1459363604892354,18.405
2026-10-22 07:49:38,50.79714942416275,50.88196514162914,58.68700877272408,90.7,24.154934131556075,24.2044006100757,8.669802317389243,43.13,10.230639146765558,10.484629391803859,1.1470799950549229,18.42
2026-10-22 08:04:38,50.890083439697065,50.973069295511884,58.79117631432355,90.86,24.189624193384986,24.25088355929373,8.686654240414226,43.21,10.255344492636382,10.510818234614117,1.1501683017404627,18.465
2026-10-22 08:19:38,50.99899516810463,51.08419017448662,58.921435876796096,91.055,24.245949649219988,24.306978836374213,8.710755952996744,43.315,10.285222197964652,10.543425373484956,1.1536496632090432,18.525
2026-10-22 08:34:38,51.084680399794216,51.187831339109216,59.032182552488685,91.235,24.28112342332879,24.346414103686538,8.725629807664872,43.39,10.290594900364477,10.55029418023271,1.154901928817566,18.54
2026-10-22 08:49:38,51.12826854615584,51.21811364905448,59.07446642961895,91.305,24.30720104659051,24.37176529419557,8.734069684979593,43.43,10.29599629614906,10.553336743824637,1.1553143681132656,18.55
2026-10-22 09:04:38,51.140737896083884,51.230917346770994,59.0883174495859,91.325,24.30848682531223,24.37605289116206,8.73471638256593,43.435,10.297059498162078,10.557733035658792,1.1556618225227744,18.555
2026-10-22 09:19:38,51.173259064242025,51.25879793591022,59.128898891244134,91.385,24.32975293559135,24.391277839988575,8.741514146144706,43.465,10.298281864942108,10.560023681174737,1.155914392028861,18.56
2026-10-22 09:34:38,51.22509107210643,51.30829656962935,59.189118704741034,91.475,24.360451232442013,24.424323763716913,8.750477135918524,43.51,10.305784063708721,10.56875146062312,1.1569386924208178,18.575
2026-10-22 09:49:38,51.22509107210643,51.30829656962935,59.189118704741034,91.475,24.360451232442013,24.424323763716913,8.750477135918524,43.51,10.305784063708721,10.56875146062312,1.1569386924208178,18.575
2026-10-22 10:04:38,51.28086421560444,51.355485511638754,59.23839859368092,91.56,24.38282916599167,24.444584179645855,8.757690679085476,43.545,10.314105171039676,10.579829372161027,1.1580593227435891,18.59
2026-10-22 10:19:38,51.30480653582988,51.368894280772665,59.25896427288269,91.59,24.38804388694149,24.45389005525607,8.759437304281553,43.555,10.314105171039676,10.579829372161027,1.1580593227435891,18.59
2026-10-22 10:34:38,51.32109624832054,51.38405532010384,59.28149074422894,91.62,24.390134110166503,24.45513099715794,8.760762948328958,43.56,10.314885877832497,10.580523012950405,1.1582833458416217,18.595
2026-10-22 10:49:38,51.32109624832054,51.38405532010384,59.28149074422894,91.62,24.390134110166503,24.45513099715794,8.760762948328958,43.56,10.315730081236433,10.581238663094997,1.1586376279473325,18.6
2026-10-22 11:04:38,51.32109624832054,51.38405532010384,59.28149074422894,91.62,24.390134110166503,24.45513099715794,8.760762948328958,43.56,10.315730081236433,10.581238663094997,1.1586376279473325,18.6
2026-10-22 11:19:38,51.32109624832054,51.38405532010384,59.28149074422894,91.62,24.390134110166503,24.45513099715794,8.760762948328958,43.56,10.315730081236433,10.581238663094997,1.1586376279473325,18.6
2026-10-22 11:34:38,51.32224047215901,51.387309995538665,59.28367726716318,91.625,24.393791255350013,24.459624633481198,8.761501290068567,43.565,10.315730081236433,10.581238663094997,1.1586376279473325,18.6
2026-10-22 11:49:38,51.33196339037033,51.39289615976888,59.29254555047201,91.64,24.396747835391196,24.462692673675026,8.762094272731565,43.57,10.315730081236433,10.581238663094997,1.1586376279473325,18.6
2026-10-22 12:04:38,51.33764731514813,51.403599945518515,59.302646748313656,91.655,24.400991420635957,24.46750320575125,8.763008257860161,43.575,10.318441645832397,10.584026757450765,1.159026383012208,18.605
2026-10-22 12:19:38,51.33997091736599,51.4068075860266,59.30605827007468,91.66,24.400991420635957,24.46750320575125,8.763008257860161,43.575,10.318441645832397,10.584026757450765,1.159026383012208,18.605
2026-10-22 12:34:38,51.35133338350343,51.416527779902985,59.316464900382805,91.675,24.403287688644202,24.471915851302057,8.76362673120716,43.58,10.319086337054186,10.58542471504817,1.1593366799335703,18.61
2026-10-22 12:49:38,51.35133338350343,51.416527779902985,59.316464900382805,91.675,24.404906338352852,24.475198115540685,8.764963747151668,43.585,10.319086337054186,10.58542471504817,1.1593366799335703,18.61
2026-10-22 13:04:38,51.35133338350343,51.416527779902985,59.316464900382805,91.675,24.404906338352852,24.475198115540685,8.764963747151668,43.585,10.319086337054186,10.58542471504817,1.1593366799335703,18.61
2026-10-22 13:19:38,51.35359445618839,51.41884256573759,59.32031620235234,91.68,24.40562945919675,24.47650628174216,8.765980260410208,43.59,10.319086337054186,10.58542471504817,1.1593366799335703,18.61
2026-10-22 13:34:38,51.36283004225536,51.42540531699753,59.329981149396566,91.695,24.40562945919675,24.47650628174216,8.765980260410208,43.59,10.319086337054186,10.58542471504817,1.1593366799335703,18.61
2026-10-22 13:49:38,51.37214221007516,51.431402743884426,59.33629457750545,91.705,24.40562945919675,24.47650628174216,8.765980260410208,43.59,10.319086337054186,10.58542471504817,1.1593366799335703,18.61
2026-10-22 14:04:38,51.38728094107433,51.45076798656611,59.351247392721596,91.73,24.40562945919675,24.47650628174216,8.765980260410208,43.59,10.319086337054186,10.58542471504817,1.1593366799335703,18.61
2026-10-22 14:19:38,51.39750533498145,51.46131664938986,59.358513969460404,91.745,24.41336888284387,24.483420786594284,8.769585198955163,43.605,10.323957272283149,10.586749839928997,1.1596157375676395,18.615
2026-10-22 14:34:38,51.41411032583093,51.47647815779086,59.375026173030555,91.77,24.41626964284749,24.4858298627207,8.770957185015398,43.61,10.327345901672304,10.589390065313141,1.1598121229176581,18.62
2026-10-22 14:49:38,51.41606113265987,51.478497190533865,59.37870747789526,91.775,24.41626964284749,24.4858298627207,8.770957185015398,43.61,10.329416432842557,10.593997666229422,1.1600711154577428,18.625
2026-10-22 15:04:38,51.43097400917943,51.497656744938276,59.39810402507668,91.8,24.41626964284749,24.4858298627207,8.770957185015398,43.61,10.331101551134465,10.598723965872448,1.1604148373670438,18.63
2026-10-22 15:19:38,51.44199078555534,51.51403941989181,59.416911334487175,91.825,24.41626964284749,24.4858298627207,8.770957185015398,43.61,10.331101551134465,10.598723965872448,1.1604148373670438,18.63
2026-10-22 15:34:38,51.44690741073145,51.515390307549154,59.42190890534726,91.83,24.41626964284749,24.4858298627207,8.770957185015398,43.61,10.331101551134465,10.598723965872448,1.1604148373670438,18.63
2026-10-22 15:49:38,51.46106437321505,51.524483740361084,59.432394090228804,91.85,24.41626964284749,24.4858298627207,8.770957185015398,43.61,10.331101551134465,10.598723965872448,1.1604148373670438,18.63
2026-10-22 16:04:38,51.470112460065025,51.52930919640588,59.44034832839598,91.86,24.41626964284749,24.4858298627207,8.770957185015398,43.61,10.334752269274041,10.601873144542692,1.1607910309547438,18.635
2026-10-22 16:19:38,51.470112460065025,51.52930919640588,59.44034832839598,91.86,24.41626964284749,24.4858298627207,8.770957185015398,43.61,10.334752269274041,10.601873144542692,1.1607910309547438,18.635
2026-10-22 16:34:38,51.473207258032396,51.533682577897025,59.44602101743013,91.87,24.41626964284749,24.4858298627207,8.770957185015398,43.61,10.334752269274041,10.601873144542692,1.1607910309547438,18.635
2026-10-22 16:49:38,51.473207258032396,51.533682577897025,59.44602101743013,91.87,24.418873500456773,24.48939106537799,8.77232215291276,43.615,10.334752269274041,10.601873144542692,1.1607910309547438,18.635
2026-10-22 17:04:38,51.47893445479351,51.54006949113447,59.45129691899024,91.88,24.418873500456773,24.48939106537799,8.77232215291276,43.615,10.334752269274041,10.601873144542692,1.1607910309547438,18.635
2026-10-22 17:19:38,51.48864123812803,51.547837693068665,59.465818910507295,91.895,24.418873500456773,24.48939106537799,8.77232215291276,43.615,10.338849658654178,10.602948640279935,1.1612580387590292,18.64
2026-10-22 17:34:38,51.49560345239385,51.55422228799754,59.47177626453437,91.905,24.41971891728052,24.490625209673723,8.773203959515099,43.62,10.338849658654178,10.602948640279935,1.1612580387590292,18.64
2026-10-22 17:49:38,51.49560345239385,51.55422228799754,59.47177626453437,91.905,24.41971891728052,24.490625209673723,8.773203959515099,43.62,10.338849658654178,10.602948640279935,1.1612580387590292,18.64
2026-10-22 18:04:38,51.49835853543401,51.55679820752276,59.47371520332462,91.91,24.41971891728052,24.490625209673723,8.773203959515099,43.62,10.338849658654178,10.602948640279935,1.1612580387590292,18.64
2026-10-22 18:19:38,51.503296323044935,51.55933695218363,59.47695283957389,91.915,24.42376960729055,24.4936626193292,8.77408078101504,43.625,10.338849658654178,10.602948640279935,1.1612580387590292,18.64
2026-10-22 18:34:38,51.50661514061607,51.561716148029134,59.481763615260256,91.92,24.42376960729055,24.4936626193292,8.77408078101504,43.625,10.338849658654178,10.602948640279935,1.1612580387590292,18.64
2026-10-22 18:49:38,51.51727689701218,51.5728371922996,59.497532182827946,91.94,24.427209564784185,24.497048357437112,8.774886349938297,43.63,10.340906263600683,10.604721105625263,1.161586600289522,18.645
2026-10-22 19:04:38,51.53589095783867,51.58741116472841,59.51207895895814,91.965,24.45354948911353,24.526102134409626,8.785200129242362,43.68,10.340906263600683,10.604721105625263,1.161586600289522,18.645
2026-10-22 19:19:38,51.54610534163647,51.59924282029796,59.52770423987656,91.99,24.470688966541008,24.551522132547536,8.790885772139559,43.715,10.341661056245796,10.60644044411251,1.1618723133978366,18.65
2026-10-22 19:34:38,51.55674911309834,51.610549830993406,59.536625076160604,92.005,24.4775027288324,24.554439195943168,8.792928497000517,43.725,10.3468095335023,10.611980484555053,1.1624808240122408,18.66
2026-10-22 19:49:38,51.56789659306114,51.62391605821073,59.55177788241848,92.03,24.47869229918058,24.559412694797434,8.79368903274393,43.73,10.355489613552539,10.624294281165191,1.1633509432205882,18.675
2026-10-22 20:04:38,51.57697165199684,51.632725066176455,59.5599821444393,92.045,24.486446162327837,24.561515434180755,8.796516134832714,43.74,10.363015549907015,10.630948323525237,1.1641194671248067,18.685
2026-10-22 20:19:38,51.59590468353007,51.65859218028583,59.58551955540275,92.08,24.498559690287497,24.571130793574564,8.800629550208548,43.755,10.366199197238986,10.632772104720877,1.1645888801213968,18.69
2026-10-22 20:34:38,51.61950515767148,51.68132835022919,59.62091366530796,92.13,24.509879077639447,24.583428259791138,8.805624372300393,43.775,10.382474400573903,10.64328441697678,1.1660846884949558,18.715
2026-10-22 20:49:38,51.63015401354387,51.693367515550015,59.63195807941991,92.15,24.51466214611418,24.588266308190825,8.806984482624422,43.78,10.3879560627261,10.650846661980731,1.1666782541785836,18.725
2026-10-22 21:04:38,51.6560173363429,51.723949604248794,59.6642460335039,92.2,24.523372731858753,24.60230723398211,8.811058587280387,43.8,10.3879560627261,10.650846661980731,1.1666782541785836,18.725
2026-10-22 21:19:38,51.6560173363429,51.723949604248794,59.6642460335039,92.2,24.523372731858753,24.60230723398211,8.811058587280387,43.8,10.3879560627261,10.650846661980731,1.1666782541785836,18.725
2026-10-22 21:34:38,51.6560173363429,51.723949604248794,59.6642460335039,92.2,24.52491666154614,24.606456074933806,8.81247116444126,43.805,10.3879560627261,10.650846661980731,1.1666782541785836,18.725
2026-10-22 21:49:38,51.6560173363429,51.723949604248794,59.6642460335039,92.2,24.52491666154614,24.606456074933806,8.81247116444126,43.805,10.3879560627261,10.650846661980731,1.1666782541785836,18.725
2026-10-22 22:04:38,51.682978262824776,51.75104108754567,59.69833375592154,92.255,24.536615006827887,24.6183453433996,8.815333869163926,43.82,10.3879560627261,10.650846661980731,1.1666782541785836,18.725
2026-10-22 22:19:38,51.682978262824776,51.75104108754567,59.69833375592154,92.255,24.536615006827887,24.6183453433996,8.815333869163926,43.82,10.3879560627261,10.650846661980731,1.1666782541785836,18.725
2026-10-22 22:34:38,51.682978262824776,51.75104108754567,59.69833375592154,92.255,24.541355869822496,24.620832464151096,8.81591498276674,43.825,10.3879560627261,10.650846661980731,1.1666782541785836,18.725
2026-10-22 22:49:38,51.742756206627426,51.80486639486172,59.77393922362937,92.365,24.557692171274052,24.63324572505877,8.821796175387618,43.855,10.406702429339168,10.670621939956169,1.1691388518462817,18.76
2026-10-22 23:04:38,51.758617382516675,51.81158802637611,59.785934169540674,92.385,24.559528530063567,24.637383387207393,8.822573013995918,43.86,10.409397055564451,10.674357604220626,1.169310818714472,18.765
2026-10-22 23:19:38,51.78812674544316,51.83656803339922,59.81716180400955,92.44,24.573536937343174,24.64957636060364,8.826819799856544,43.88,10.414097400754805,10.676854946519825,1.1700476768468298,18.775
2026-10-22 23:34:38,51.78812674544316,51.83656803339922,59.81716180400955,92.44,24.573536937343174,24.64957636060364,8.826819799856544,43.88,10.414097400754805,10.676854946519825,1.1700476768468298,18.775
2026-10-22 23:49:38,51.79898382869186,51.851347215175984,59.82964921270657,92.46,24.585554856169768,24.656930475757264,8.830221089122873,43.895,10.414097400754805,10.676854946519825,1.1700476768468298,18.775
2026-10-23 00:04:38,51.79898382869186,51.851347215175984,59.82964921270657,92.46,24.585554856169768,24.656930475757264,8.830221089122873,43.895,10.414097400754805,10.676854946519825,1.1700476768468298,18.775
2026-10-23 00:19:38,51.832715492127136,51.88517070088143,59.87348239294385,92.53,24.59699466058832,24.667944981928812,8.835669940920868,43.92,10.414097400754805,10.676854946519825,1.1700476768468298,18.775
2026-10-23 00:34:38,51.832715492127136,51.88517070088143,59.87348239294385,92.53,24.59699466058832,24.667944981928812,8.835669940920868,43.92,10.414097400754805,10.676854946519825,1.1700476768468298,18.775
2026-10-23 00:49:38,51.84340417839855,51.89488279807726,59.88626491105314,92.55,24.60092488952147,24.67005702891698,8.83641769573873,43.925,10.418228352404823,10.679880259871101,1.17020607857832,18.78
2026-10-23 01:04:38,51.84340417839855,51.89488279807726,59.88626491105314,92.55,24.60092488952147,24.67005702891698,8.83641769573873,43.925,10.418228352404823,10.679880259871101,1.17020607857832,18.78
2026-10-23 01:19:38,51.873222653800035,51.937179667709024,59.931239353917746,92.615,24.625458138716937,24.6892440335582,8.844382916181397,43.96,10.437406076662548,10.697629713161911,1.1723525369968761,18.815
2026-10-23 01:34:38,51.950845844120444,52.024532271011694,60.023803085128534,92.76,24.673703403588465,24.743997018997653,8.864400368518588,44.05,10.455290213232,10.7140295499537,1.174450257554513,18.845
2026-10-23 01:49:38,51.99867665291531,52.08234029080835,60.0909989571041,92.855,24.704567463984592,24.785157858133864,8.877168678500508,44.115,10.461420413075556,10.721124020308096,1.1755779118624563,18.86
2026-10-23 02:04:38,52.09861725073055,52.17881414069113,60.20675309153076,93.025,24.74768629220911,24.83296876881784,8.894271149423506,44.185,10.48312663488353,10.736193590355116,1.177567238267214,18.89
2026-10-23 02:19:38,52.12923798257602,52.20713691298894,60.24497344299924,93.08,24.765896307600883,24.84605829777907,8.899905095274631,44.215,10.490354480601258,10.739907123968395,1.178501750050938,18.9
2026-10-23 02:34:38,52.17781107325713,52.24781990337072,60.2967201807411,93.16,24.78370927166541,24.86795669863289,8.90619893859917,44.245,10.506008870129868,10.753175516830215,1.18016859559082,18.925
2026-10-23 02:49:38,52.22446590062968,52.28786990339501,60.35047558962584,93.235,24.81948594442092,24.903756221468708,8.918761408695318,44.305,10.516468072862187,10.76363162643954,1.1817926622155392,18.955
2026-10-23 03:04:38,52.30447975099557,52.36996636772557,60.43123088311513,93.365,24.846348325742483,24.91962732195974,8.92673645853384,44.345,10.548468819487491,10.784765873024636,1.1846883174953626,19.005
2026-10-23 03:19:38,52.34002294409745,52.40798237156628,60.480551721880325,93.435,24.86321510693198,24.944482756547846,8.933836935629904,44.38,10.567113334885976,10.802242318053294,1.1860380461898619,19.035
2026-10-23 03:34:38,52.36558900600598,52.42544473253948,60.49741936332129,93.47,24.873909873499304,24.955877570302988,8.94022061348721,44.41,10.578235589686509,10.813815560264377,1.1876333120248133,19.055
2026-10-23 03:49:38,52.39459973987778,52.45849496013393,60.53518444294015,93.52,24.885096758473377,24.964647993096595,8.945314298219515,44.43,10.58538356173516,10.820470276160538,1.188056355117821,19.065
2026-10-23 04:04:38,52.42107778773344,52.49293957100774,60.56347508411336,93.575,24.909057153179727,24.98357751984841,8.954371353977528,44.47,10.58538356173516,10.820470276160538,1.188056355117821,19.065
2026-10-23 04:19:38,52.43484146094143,52.50655435222301,60.577908869124954,93.595,24.930644286146716,24.99583900692337,8.960056385884796,44.5,10.590490748150119,10.831272249521918,1.1890422826916451,19.08
2026-10-23 04:34:38,52.43484146094143,52.50655435222301,60.577908869124954,93.595,24.930644286146716,24.99583900692337,8.960056385884796,44.5,10.590490748150119,10.831272249521918,1.1890422826916451,19.08
2026-10-23 04:49:38,52.45974994892702,52.52519109549479,60.60078123636006,93.635,24.947988391735052,25.00303397432397,8.965629794717206,44.525,10.590490748150119,10.831272249521918,1.1890422826916451,19.08
2026-10-23 05:04:38,52.46341300705623,52.528962459481825,60.604007081066456,93.64,24.947988391735052,25.00303397432397,8.965629794717206,44.525,10.590490748150119,10.831272249521918,1.1890422826916451,19.08
2026-10-23 05:19:38,52.4823805395467,52.54143744250416,60.62768714571274,93.67,24.95145496140279,25.00739628745129,8.96788156563034,44.535,10.608984034851236,10.845778877908455,1.1914130833085406,19.11
2026-10-23 05:34:38,52.49278491313502,52.54975354584689,60.63582068426107,93.685,24.95231415536872,25.010185281279874,8.96894030618417,44.54,10.613220649571327,10.854399212496116,1.1919194837788918,19.12
2026-10-23 05:49:38,52.51105709660842,52.56948622137191,60.65597689353068,93.72,24.956693904662412,25.018301838166522,8.972696710797806,44.555,10.613220649571327,10.854399212496116,1.1919194837788918,19.12
2026-10-23 06:04:38,52.53578765646655,52.59534114688199,60.68842976205486,93.765,24.975163312397743,25.029524750741867,8.977449506765048,44.575,10.613220649571327,10.854399212496116,1.1919194837788918,19.12
2026-10-23 06:19:38,52.54307229761307,52.600221245438526,60.694416542841296,93.775,24.985172144792124,25.040472447483776,8.980680095653417,44.595,10.613220649571327,10.854399212496116,1.1919194837788918,19.12
2026-10-23 06:34:38,52.545726452406385,52.60182833315201,60.69643595489219,93.78,24.985172144792124,25.040472447483776,8.980680095653417,44.595,10.613220649571327,10.854399212496116,1.1919194837788918,19.12
2026-10-23 06:49:38,52.545726452406385,52.60182833315201,60.69643595489219,93.78,24.985172144792124,25.040472447483776,8.980680095653417,44.595,10.613220649571327,10.854399212496116,1.1919194837788918,19.12
2026-10-23 07:04:38,52.5653860576637,52.621718466432824,60.72572034526845,93.82,24.998470047369736,25.051673776252656,8.987207642071642,44.62,10.62072667288755,10.861371336317914,1.1928027170272566,19.135
2026-10-23 07:19:38,52.63142090244147,52.67587698573586,60.80335554153022,93.935,25.019664276821256,25.08282122208223,8.99717911537365,44.67,10.63973391712763,10.878706365055802,1.1948441208143548,19.165
2026-10-23 07:34:38,52.73073853509908,52.78344741932288,60.91613320110037,94.115,25.039430302100616,25.096928144267718,9.004992594450421,44.705,10.663507222306126,10.89588302303655,1.19706169167562,19.195
2026-10-23 07:49:38,52.80208546060289,52.85151045865552,60.9875930079929,94.225,25.05057618185968,25.113547205547064,9.011759586941238,44.735,10.681174418319827,10.914443098485435,1.1989832799178193,19.225
2026-10-23 08:04:38,52.877875542404375,52.92510131343229,61.07000638845394,94.35,25.09167318205577,25.143677115006305,9.024662621287876,44.8,10.681174418319827,10.914443098485435,1.1989832799178193,19.225
2026-10-23 08:19:38,52.96238716771773,52.9965668880561,61.16261363354707,94.485,25.104133363716343,25.161993615880085,9.029419812074718,44.825,10.693452177402989,10.931648979903587,1.2007629969143323,19.25
2026-10-23 08:34:38,53.01653303240017,53.05075126320609,61.223618276544364,94.58,25.141754645457247,25.197742797442785,9.041245290587339,44.895,10.709856595946505,10.94359353267576,1.2022493043263085,19.27
2026-10-23 08:49:38,53.10029841164576,53.14110493218779,61.32557126780642,94.73,25.167757495432184,25.214642629844196,9.047617941295108,44.93,10.727149381666553,10.959935117497167,1.2042390828529963,19.3
2026-10-23 09:04:38,53.18084673364144,53.22495553957538,61.40733855109937,94.87,25.211303597051803,25.269729645353912,9.06260466323626,45.005,10.745750774264751,10.97731508287496,1.2059337634123957,19.33
2026-10-23 09:19:38,53.242785403048686,53.288085855250635,61.46962874268553,94.97,25.23482887913034,25.287733299678752,9.0701043018036,45.045,10.759375428689154,10.994175374475763,1.2069816651466767,19.35
2026-10-23 09:34:38,53.242785403048686,53.288085855250635,61.46962874268553,94.97,25.23482887913034,25.287733299678752,9.0701043018036,45.045,10.759375428689154,10.994175374475763,1.2069816651466767,19.35
2026-10-23 09:49:38,53.242785403048686,53.288085855250635,61.46962874268553,94.97,25.23482887913034,25.287733299678752,9.0701043018036,45.045,10.759375428689154,10.994175374475763,1.2069816651466767,19.35
2026-10-23 10:04:38,53.24373374387981,53.29004916919358,61.47314306662906,94.975,25.23482887913034,25.287733299678752,9.0701043018036,45.045,10.759375428689154,10.994175374475763,1.2069816651466767,19.35
2026-10-23 10:19:38,53.25196495284085,53.29918358582609,61.48495584501974,94.99,25.23482887913034,25.287733299678752,9.0701043018036,45.045,10.759375428689154,10.994175374475763,1.2069816651466767,19.35
2026-10-23 10:34:38,53.268828415653296,53.31592566225844,61.50120573069618,95.015,25.23911726489493,25.290570522073065,9.071023566001664,45.05,10.759375428689154,10.994175374475763,1.2069816651466767,19.35
2026-10-23 10:49:38,53.286336341870836,53.34090976524419,61.52619212515779,95.055,25.248127140931903,25.303393900675204,9.07381911867709,45.07,10.761149854625158,10.995290585697,1.2073563096601971,19.355
2026-10-23 11:04:38,53.30812581400179,53.363763345724294,61.555581652140866,95.1,25.258637828205813,25.312260572733464,9.076256499021675,45.085,10.76388978221278,10.998787683397502,1.207541234194631,19.36
2026-10-23 11:19:38,53.319781439548265,53.377239220677,61.57520214312901,95.125,25.258637828205813,25.312260572733464,9.076256499021675,45.085,10.765644007498155,11.00084764716095,1.2078866126178662,19.365
2026-10-23 11:34:38,53.334169029880904,53.392509290062456,61.590830520704934,95.15,25.27934047357719,25.329110965323707,9.082473083532669,45.115,10.765644007498155,11.00084764716095,1.2078866126178662,19.365
2026-10-23 11:49:38,53.35304317960058,53.411675774507394,61.61083310708728,95.18,25.295516842282147,25.34012347458189,9.087117443366605,45.14,10.766446478250385,11.002422724929403,1.2081709088127826,19.37
2026-10-23 12:04:38,53.37087938660944,53.43226988979255,61.635282703664075,95.215,25.31096878226538,25.360269714215644,9.094779151611714,45.17,10.769103884451487,11.007073823179685,1.2086340218294294,19.375
2026-10-23 12:19:38,53.380381891985365,53.43778861781598,61.64152932116613,95.225,25.312585419800996,25.364277905798957,9.095402509713796,45.175,10.771775005299796,11.007701794927275,1.2087969736051087,19.38
2026-10-23 12:34:38,53.38580527717935,53.45065444646118,61.65378125755778,95.24,25.314721478490867,25.368339469322272,9.096326128884742,45.18,10.77567720765453,11.012411078506313,1.2089344922059004,19.385
2026-10-23 12:49:38,53.386790275524795,53.45559188465896,61.656017794665196,95.245,25.314721478490867,25.368339469322272,9.096326128884742,45.18,10.77567720765453,11.012411078506313,1.2089344922059004,19.385
2026-10-23 13:04:38,53.39925521804143,53.458290839413706,61.66408127849491,95.26,25.31860857247792,25.373335998928493,9.096893786521699,45.185,10.77567720765453,11.012411078506313,1.2089344922059004,19.385
2026-10-23 13:19:38,53.40790635046841,53.4740476988801,61.67939268954293,95.28,25.322492244672244,25.375208700047693,9.097965778703394,45.19,10.77567720765453,11.012411078506313,1.2089344922059004,19.385
2026-10-23 13:34:38,53.41864149148755,53.48255270695218,61.68777898459026,95.295,25.33362918713969,25.382646085655278,9.100281222898932,45.205,10.777629222575174,11.016919240041185,1.2091602628604123,19.39
2026-10-23 13:49:38,53.43499754960051,53.49429036736488,61.70724107458963,95.325,25.33362918713969,25.382646085655278,9.100281222898932,45.205,10.777629222575174,11.016919240041185,1.2091602628604123,19.39
2026-10-23 14:04:38,53.443178058148476,53.50249517321143,61.71919435757779,95.34,25.33362918713969,25.382646085655278,9.100281222898932,45.205,10.777629222575174,11.016919240041185,1.2091602628604123,19.39
2026-10-23 14:19:38,53.44756024885028,53.50887217105879,61.72516372741269,95.35,25.337869848668365,25.387349533545127,9.10101683761228,45.21,10.777629222575174,11.016919240041185,1.2091602628604123,19.39
2026-10-23 14:34:38,53.45192294857186,53.515369265130246,61.73169132452952,95.36,25.342699618505957,25.39029905692011,9.102007616187823,45.215,10.783606225620101,11.022329176777443,1.2100458486985355,19.4
2026-10-23 14:49:38,53.45529785727294,53.517234422640016,61.734715572893585,95.365,25.347629034976055,25.392075768526507,9.103235096436775,45.22,10.783606225620101,11.022329176777443,1.2100458486985355,19.4
2026-10-23 15:04:38,53.483755983793664,53.544407229970105,61.76437943240328,95.41,25.347629034976055,25.392075768526507,9.103235096436775,45.22,10.783606225620101,11.022329176777443,1.2100458486985355,19.4
2026-10-23 15:19:38,53.49593169934252,53.55666114477613,61.78310570169974,95.435,25.349693507348242,25.39700009743555,9.10374060535564,45.225,10.786478274725976,11.023440186584496,1.2105260192134908,19.405
2026-10-23 15:34:38,53.504015658496975,53.56953872040665,61.797490939449844,95.455,25.352451580698787,25.4014142234424,9.104348775917101,45.23,10.793287686466003,11.032762061580694,1.2113879048923224,19.42
2026-10-23 15:49:38,53.51451238830588,53.58706140243258,61.81229809753277,95.48,25.35562057343222,25.402314741211505,9.10513978529559,45.235,10.793287686466003,11.032762061580694,1.2113879048923224,19.42
2026-10-23 16:04:38,53.525759686469904,53.59227814826914,61.81968671870529,95.495,25.35562057343222,25.402314741211505,9.10513978529559,45.235,10.796836823131548,11.033446239753385,1.211735391553472,19.425
2026-10-23 16:19:38,53.543912897652426,53.60962865900045,61.8434455237761,95.53,25.35562057343222,25.402314741211505,9.10513978529559,45.235,10.79945682412786,11.035484625459986,1.211990388234104,19.43
2026-10-23 16:34:38,53.55450323717848,53.61609206685821,61.852303076112584,95.545,25.35562057343222,25.402314741211505,9.10513978529559,45.235,10.79945682412786,11.035484625459986,1.211990388234104,19.43
2026-10-23 16:49:38,53.557317817560275,53.61924912671124,61.85582465667266,95.55,25.35562057343222,25.402314741211505,9.10513978529559,45.235,10.79945682412786,11.035484625459986,1.211990388234104,19.43
2026-10-23 17:04:38,53.57611888485468,53.63557319405107,61.87413268204816,95.58,25.359122809783113,25.404351877155666,9.106072994216957,45.24,10.79945682412786,11.035484625459986,1.211990388234104,19.43
2026-10-23 17:19:38,53.58814955031446,53.645385111411606,61.888834685903845,95.6,25.365039646119246,25.41174837875691,9.108047340050033,45.25,10.79945682412786,11.035484625459986,1.211990388234104,19.43
2026-10-23 17:34:38,53.60299441236647,53.65801878426066,61.90350024504832,95.62,25.365039646119246,25.41174837875691,9.108047340050033,45.25,10.79945682412786,11.035484625459986,1.211990388234104,19.43
2026-10-23 17:49:38,53.610609718351505,53.66778223206212,61.91889972462262,95.64,25.3681326256367,25.414582670110708,9.109430908270438,45.255,10.79945682412786,11.035484625459986,1.211990388234104,19.43
2026-10-23 18:04:38,53.61705347387549,53.67506898830721,61.9262164057838,95.65,25.370590554013365,25.4214515115504,9.112054227378577,45.265,10.79945682412786,11.035484625459986,1.211990388234104,19.43
2026-10-23 18:19:38,53.61705347387549,53.67506898830721,61.9262164057838,95.65,25.370590554013365,25.4214515115504,9.112054227378577,45.265,10.79945682412786,11.035484625459986,1.211990388234104,19.43
2026-10-23 18:34:38,53.63640719007713,53.69586335640253,61.95182215760664,95.685,25.373675803487842,25.424924673083783,9.113919662301843,45.275,10.79945682412786,11.035484625459986,1.211990388234104,19.43
2026-10-23 18:49:38,53.64239096204109,53.70380265112163,61.95750482662999,95.695,25.376353823025873,25.431374326997698,9.115538482887212,45.285,10.80342499737576,11.037360954527816,1.21243927178394,19.435
2026-10-23 19:04:38,53.67982190433903,53.72223972645971,61.996813285348836,95.75,25.396606805553088,25.447126249358334,9.12205286577386,45.32,10.813216658121334,11.046073424550679,1.2132880295730784,19.45
2026-10-23 19:19:38,53.73447348107145,53.772250896376526,62.06163694159327,95.845,25.41403714151965,25.464051770960538,9.129440019667578,45.36,10.82521514257374,11.0515011224399,1.2142243590927906,19.465
2026-10-23 19:34:38,53.783993540454986,53.8347343380634,62.13356284346482,95.95,25.438245737137805,25.4887810821206,9.14019161304825,45.41,10.826970661762054,11.055099243828678,1.2145198790144895,19.47
2026-10-23 19:49:38,53.81469859632468,53.86928119676935,62.161733057309306,96.005,25.446375546830932,25.501455317919525,9.145225321759247,45.435,10.842498157039213,11.064113526418106,1.2165348288834759,19.495
2026-10-23 20:04:38,53.85727430100283,53.908477668851404,62.21860899345162,96.09,25.464373017611607,25.514937935189984,9.151044220606185,45.46,10.846060003852086,11.066865060939406,1.2169918332372267,19.5
2026-10-23 20:19:38,53.867332171347286,53.91898682072683,62.2311726849266,96.11,25.476986918397106,25.523125965744313,9.15445397080319,45.475,10.855907685100116,11.076316042218444,1.2182457897288332,19.52
2026-10-23 20:34:38,53.87155788077027,53.920425486193615,62.23277768377613,96.115,25.481923366955062,25.52888820039045,9.155979263470032,45.485,10.862871834679819,11.080408966751422,1.219008173023415,19.53
2026-10-23 20:49:38,53.9241301157704,53.97074181485504,62.287436371685054,96.2,25.511026062948968,25.548985027599983,9.163356876286725,45.525,10.886314447895298,11.102613817399428,1.2209714741476996,19.57
2026-10-23 21:04:38,53.96543053889235,54.01286919498492,62.339479829100895,96.275,25.52423139242827,25.561583341938544,9.168032517745086,45.55,10.891034705046053,11.107031629322854,1.2213493902025228,19.575
2026-10-23 21:19:38,54.007576193521395,54.05131249104307,62.38424992673095,96.345,25.548285505162614,25.582900606885246,9.176208479580461,45.59,10.891034705046053,11.107031629322854,1.2213493902025228,19.575
2026-10-23 21:34:38,54.04383376102526,54.08993228484859,62.42705292429206,96.41,25.576537986791692,25.60884132037017,9.185493018904259,45.645,10.900740806931337,11.115300674856941,1.2221041447603853,19.59
2026-10-23 21:49:38,54.06238582852664,54.10183538610299,62.44360428342737,96.44,25.592740023465975,25.626410845297183,9.189887765691024,45.67,10.903460389388524,11.117175249431522,1.2222353322016835,19.595
2026-10-23 22:04:38,54.13057363530022,54.18685577127889,62.52861036469433,96.57,25.613833170662545,25.650914253632575,9.200689819364126,45.72,10.918884918868443,11.129175701979054,1.2240805911271988,19.62
2026-10-23 22:19:38,54.161553301620124,54.21406646266709,62.564161696622,96.625,25.633924904032,25.671571471043045,9.208110797032322,45.755,10.924512152732609,11.132218664818737,1.22466802136284,19.63
2026-10-23 22:34:38,54.161553301620124,54.21406646266709,62.564161696622,96.625,25.633924904032,25.671571471043045,9.208110797032322,45.755,10.924512152732609,11.132218664818737,1.22466802136284,19.63
2026-10-23 22:49:38,54.161553301620124,54.21406646266709,62.564161696622,96.625,25.633924904032,25.671571471043045,9.208110797032322,45.755,10.924512152732609,11.132218664818737,1.22466802136284,19.63
2026-10-23 23:04:38,54.199102892900775,54.259363230427816,62.61423715252025,96.695,25.64433969300527,25.68402737505138,9.211904292762815,45.775,10.933194645627268,11.140479054372815,1.2254411459317447,19.645
2026-10-23 23:19:38,54.219781569100235,54.27905627736202,62.63708451174191,96.73,25.670717894918223,25.70973574666169,9.219265397040163,45.815,10.942099191677745,11.148224311858282,1.2262231786367954,19.66
2026-10-23 23:34:38,54.25182094767828,54.30818127720776,62.667033047788145,96.78,25.67759229720217,25.7161672948787,9.222889957715294,45.83,10.942973860290804,11.151807497420753,1.2264653469335027,19.665
2026-10-23 23:49:38,54.25182094767828,54.30818127720776,62.667033047788145,96.78,25.67759229720217,25.7161672948787,9.222889957715294,45.83,10.942973860290804,11.151807497420753,1.2264653469335027,19.665
2026-10-24 00:04:38,54.25182094767828,54.30818127720776,62.667033047788145,96.78,25.67759229720217,25.7161672948787,9.222889957715294,45.83,10.942973860290804,11.151807497420753,1.2264653469335027,19.665
2026-10-24 00:19:38,54.25182094767828,54.30818127720776,62.667033047788145,96.78,25.67759229720217,25.7161672948787,9.222889957715294,45.83,10.95160216864979,11.15836089311018,1.2268447724136111,19.675
2026-10-24 00:34:38,54.25906822798384,54.3164478766012,62.677904690056515,96.8,25.683390822029395,25.719178170711476,9.22440172912869,45.84,10.953584550041315,11.162740140269472,1.2271271546064444,19.68
2026-10-24 00:49:38,54.297898928014874,54.36184672170165,62.719496149523366,96.87,25.6950697030479,25.734782010957293,9.227695874356892,45.86,10.966746333946434,11.178524081228153,1.2285520912457641,19.705
2026-10-24 01:04:38,54.30338655211411,54.373309019245795,62.731964309318194,96.885,25.700985694021103,25.738338239724943,9.229794704224785,45.87,10.973385417491064,11.189967487481553,1.2297299486873108,19.72
2026-10-24 01:19:38,54.30921345278034,54.375974272694286,62.73782342695318,96.895,25.70649912277417,25.747378368465515,9.232566240931687,45.88,10.98135125153281,11.19668776302028,1.2307928741573992,19.735
2026-10-24 01:34:38,54.31036645267359,54.38068020330433,62.73985765894014,96.9,25.70649912277417,25.747378368465515,9.232566240931687,45.88,10.98135125153281,11.19668776302028,1.2307928741573992,19.735
2026-10-24 01:49:38,54.32757239680395,54.39772078621707,62.754824745809316,96.925,25.712859287216556,25.7607568060793,9.23480769981108,45.895,10.98135125153281,11.19668776302028,1.2307928741573992,19.735
2026-10-24 02:04:38,54.3311825016396,54.40025303579483,62.76037919444914,96.935,25.729168596881713,25.783629982641735,9.242280494901005,45.935,10.983895632752203,11.197666056756255,1.2309757465743283,19.74
2026-10-24 02:19:38,54.34671307037577,54.41054195779067,62.77420567313961,96.96,25.732498877136287,25.78464510044451,9.24358675604016,45.94,10.98766201698607,11.203234926433728,1.2318324831623857,19.75
2026-10-24 02:34:38,54.37707737236033,54.44407778599234,62.8135707638649,97.015,25.74718062356244,25.803051715209524,9.24999728084064,45.975,10.990411853490487,11.20769099778111,1.232281959434269,19.755
2026-10-24 02:49:38,54.40755591373973,54.47373220836596,62.855623123393784,97.08,25.75465889494976,25.812281448150635,9.253123745700996,45.99,10.997242574938035,11.219584650731289,1.2331924472398328,19.775
2026-10-24 03:04:38,54.40755591373973,54.47373220836596,62.855623123393784,97.08,25.75465889494976,25.812281448150635,9.253123745700996,45.99,10.997242574938035,11.219584650731289,1.2331924472398328,19.775
2026-10-24 03:19:38,54.43208713478308,54.507120874094454,62.88995517453702,97.125,25.758964658019504,25.825083861753264,9.256171643155373,46.005,11.002844178738597,11.229532025041618,1.234308867919477,19.795
2026-10-24 03:34:38,54.453001917174284,54.53250446988677,62.91698784010579,97.17,25.777080230848078,25.840021718897233,9.263250027595344,46.04,11.01448323608563,11.245245119275705,1.2356239452504014,19.815
2026-10-24 03:49:38,54.507756807474664,54.599906972331794,62.98081160951052,97.28,25.793055287613075,25.852270908768038,9.268418867116134,46.065,11.01448323608563,11.245245119275705,1.2356239452504014,19.815
2026-10-24 04:04:38,54.507756807474664,54.599906972331794,62.98081160951052,97.28,25.79582533051388,25.854128919091796,9.269606729916527,46.07,11.015730325687137,11.248204169611117,1.2358292686434296,19.82
2026-10-24 04:19:38,54.55687207419905,54.6484813794872,63.0358863706171,97.375,25.82926670097289,25.886291922100032,9.280697675449286,46.125,11.042763366486714,11.274350732953087,1.2382324678431302,19.86
2026-10-24 04:34:38,54.57670522508887,54.66845846842358,63.05850670329681,97.415,25.848550895474407,25.896877943532793,9.28484797236013,46.15,11.055837254166752,11.293892601443282,1.2400335110981793,19.89
2026-10-24 04:49:38,54.6182096650567,54.71674448779059,63.104095646022536,97.49,25.863317048515196,25.906648117509764,9.289661450158167,46.175,11.066443996285082,11.302205498259008,1.2413817844660624,19.91
2026-10-24 05:04:38,54.631386921925035,54.730754382247085,63.115627554240206,97.51,25.870422940656525,25.91445457473596,9.291314997968998,46.185,11.070114785172565,11.304500017637562,1.2417234614912622,19.915
2026-10-24 05:19:38,54.71815722505431,54.817620781028694,63.22444999182292,97.66,25.92323057962316,25.965025048407906,9.309945352369903,46.275,11.09883632460361,11.327683582769257,1.244925552263848,19.96
2026-10-24 05:34:38,54.82566967037694,54.93871797513135,63.347458219426656,97.85,25.956233416470454,26.001992893825424,9.31962707901302,46.325,11.117117182190444,11.344048354984867,1.2467840535941195,19.99
2026-10-24 05:49:38,54.85957702203766,54.97358007728856,63.39844407572426,97.925,25.98023833898972,26.019725718737725,9.326277789225548,46.36,11.128907835721682,11.348787151571084,1.2480213092102623,20.01
2026-10-24 06:04:38,54.89832833572663,55.01691123730241,63.455773883236674,98.005,26.006333934720246,26.03780988720389,9.334635646360658,46.405,11.140476051989515,11.359743499721123,1.249627931639814,20.03
2026-10-24 06:19:38,54.95485453033638,55.07666008616514,63.531994123323784,98.115,26.044943519256652,26.068298293420685,9.348652376766774,46.475,11.141614912896689,11.363422357350244,1.249920059306281,20.035
2026-10-24 06:34:38,54.99229753260752,55.11541166560371,63.57721012761657,98.18,26.060612012455035,26.089099042271307,9.354573378547373,46.51,11.145310850300337,11.371429515108328,1.2511562344434468,20.05
2026-10-24 06:49:38,55.07198471571276,55.1913348922303,63.6685865396219,98.325,26.1014432662654,26.124830659588753,9.366344342381831,46.575,11.156971494787001,11.378388477141883,1.2522360493187958,20.065
2026-10-24 07:04:38,55.138735882927634,55.26576997817131,63.75212549261655,98.46,26.140317389903846,26.16793538577305,9.3825410055235,46.65,11.177441974329192,11.399390225323911,1.254545472994611,20.1
2026-10-24 07:19:38,55.22310275968612,55.34906056335096,63.842803908456595,98.605,26.16495133009843,26.190290637501953,9.390329059846882,46.69,11.185907748401046,11.405387925216212,1.2551707235382474,20.115
2026-10-24 07:34:38,55.25950837247906,55.39157272254499,63.89239108603204,98.685,26.207991588275885,26.230612648219456,9.403788660460725,46.76,11.20615145252504,11.419856420870174,1.2563693520059667,20.14
2026-10-24 07:49:38,55.26211174798938,55.39506983675705,63.89968616991263,98.695,26.22189780231147,26.241509202753594,9.408743253788394,46.785,11.20615145252504,11.419856420870174,1.2563693520059667,20.14
2026-10-24 08:04:38,55.28404154285736,55.41646605896234,63.92591806413545,98.735,26.223599641328175,26.245028405709636,9.409574434637987,46.79,11.214773271342194,11.423052472013977,1.25696259523312,20.15
2026-10-24 08:19:38,55.291267002968084,55.429791438118706,63.938118965028195,98.755,26.236632236002343,26.253244496690435,9.414617403323994,46.81,11.214773271342194,11.423052472013977,1.25696259523312,20.15
2026-10-24 08:34:38,55.340667488574205,55.47903414999921,63.98399985683802,98.83,26.253691334513313,26.26402319608695,9.420044483653696,46.835,11.224475346559565,11.432703201861587,1.258316361670097,20.17
2026-10-24 08:49:38,55.340667488574205,55.47903414999921,63.98399985683802,98.83,26.253691334513313,26.26402319608695,9.420044483653696,46.835,11.224475346559565,11.432703201861587,1.258316361670097,20.17
2026-10-24 09:04:38,55.346648684401124,55.48486946750823,63.993657112018404,98.845,26.253691334513313,26.26402319608695,9.420044483653696,46.835,11.224475346559565,11.432703201861587,1.258316361670097,20.17
2026-10-24 09:19:38,55.350904474080224,55.49266398988277,64.000750114401,98.855,26.25766700207896,26.266907804885893,9.421214587235522,46.84,11.224475346559565,11.432703201861587,1.258316361670097,20.17
2026-10-24 09:34:38,55.36738012599229,55.51820161374191,64.02581057127897,98.89,26.270855754328874,26.27950931295882,9.424022506432859,46.86,11.228734107023683,11.43904630605634,1.2590481468358132,20.18
2026-10-24 09:49:38,55.38545525261259,55.53318687870783,64.04440966971346,98.92,26.270855754328874,26.27950931295882,9.424022506432859,46.86,11.228734107023683,11.43904630605634,1.2590481468358132,20.18
2026-10-24 10:04:38,55.38545525261259,55.53318687870783,64.04440966971346,98.92,26.270855754328874,26.27950931295882,9.424022506432859,46.86,11.228734107023683,11.43904630605634,1.2590481468358132,20.18
2026-10-24 10:19:38,55.38819404494067,55.53417043719659,64.04906169930014,98.925,26.273553685896193,26.282121734775327,9.424720174758955,46.865,11.228734107023683,11.43904630605634,1.2590481468358132,20.18
2026-10-24 10:34:38,55.38819404494067,55.53417043719659,64.04906169930014,98.925,26.273553685896193,26.282121734775327,9.424720174758955,46.865,11.228734107023683,11.43904630605634,1.2590481468358132,20.18
2026-10-24 10:49:38,55.39656340879319,55.5420826600261,64.05504203830505,98.935,26.273553685896193,26.282121734775327,9.424720174758955,46.865,11.228734107023683,11.43904630605634,1.2590481468358132,20.18
2026-10-24 11:04:38,55.420090962832326,55.56914555933003,64.08522794966338,98.98,26.27640990880284,26.284249478864865,9.425618117013487,46.87,11.230120331586713,11.44128804009635,1.2592393813189917,20.185
2026-10-24 11:19:38,55.42116336447499,55.570144343183294,64.08891960596479,98.985,26.27640990880284,26.284249478864865,9.425618117013487,46.87,11.230120331586713,11.44128804009635,1.2592393813189917,20.185
2026-10-24 11:34:38,55.441040849310276,55.58672530513895,64.11338122327935,99.02,26.279043037192654,26.287526392538958,9.426321580265324,46.875,11.230120331586713,11.44128804009635,1.2592393813189917,20.185
2026-10-24 11:49:38,55.47344025891042,55.61119906578605,64.14577676624036,99.07,26.279043037192654,26.287526392538958,9.426321580265324,46.875,11.235095628877731,11.445949005448504,1.2594483604127527,20.19
2026-10-24 12:04:38,55.482944420058246,55.619834870204556,64.15657427631096,99.085,26.282507411007654,26.291729069947955,9.427130463469435,46.88,11.237809611815699,11.448386725630407,1.259773386493566,20.195
2026-10-24 12:19:38,55.4922279947061,55.62621903214311,64.16557380932282,99.1,26.286531278876833,26.30208175443947,9.430203190865697,46.895,11.237809611815699,11.448386725630407,1.259773386493566,20.195
2026-10-24 12:34:38,55.49449940892607,55.627666571218434,64.17023781348725,99.105,26.297080075946152,26.312370009169836,9.432818887280249,46.91,11.237809611815699,11.448386725630407,1.259773386493566,20.195
2026-10-24 12:49:38,55.50011045202194,55.63325910226983,64.17994181074906,99.115,26.301393399041043,26.31481713139644,9.433389758838878,46.915,11.237809611815699,11.448386725630407,1.259773386493566,20.195
2026-10-24 13:04:38,55.5097372066608,55.651665234621774,64.19820917954648,99.14,26.308642987962806,26.32126961743834,9.435347777793162,46.925,11.24918694910545,11.459365818603379,1.2607183364516765,20.21
2026-10-24 13:19:38,55.51372406304559,55.66000484949876,64.20386488357593,99.15,26.313355401822083,26.324212419669777,9.436197802168136,46.93,11.24918694910545,11.459365818603379,1.2607183364516765,20.21
2026-10-24 13:34:38,55.527482795330634,55.675867898416534,64.2171264625497,99.17,26.31847281267027,26.33230223207296,9.4375993417622,46.94,11.252800812692406,11.461471669657078,1.2610353095469689,20.215
2026-10-24 13:49:38,55.53292229116418,55.67978828689103,64.22271557911358,99.18,26.320457646929693,26.334981031049498,9.438192925229322,46.945,11.25673986167686,11.462170514526191,1.261385535733504,20.22
2026-10-24 14:04:38,55.53292229116418,55.67978828689103,64.22271557911358,99.18,26.320457646929693,26.334981031049498,9.438192925229322,46.945,11.25803753389361,11.466112168408939,1.2617201916826974,20.225
2026-10-24 14:19:38,55.53392143946556,55.68086628141719,64.22654351641914,99.185,26.32899345945933,26.342567098425953,9.440548083839202,46.96,11.25803753389361,11.466112168408939,1.2617201916826974,20.225
2026-10-24 14:34:38,55.559743143432364,55.70663474836476,64.25138550181524,99.23,26.336977150049467,26.354500246704603,9.445281761343825,46.98,11.263392326713168,11.469091953591589,1.262418943688774,20.235
2026-10-24 14:49:38,55.59402764559665,55.739979594940166,64.28269781844496,99.285,26.352735009326715,26.36635935298546,9.450497149496702,47.005,11.263392326713168,11.469091953591589,1.262418943688774,20.235
2026-10-24 15:04:38,55.611441372555184,55.754521725667495,64.30234997960902,99.315,26.352735009326715,26.36635935298546,9.450497149496702,47.005,11.265735132370384,11.473548303623291,1.2626638809034936,20.24
2026-10-24 15:19:38,55.63533096567775,55.77870150381615,64.3271364292356,99.35,26.35423005761852,26.368174152784032,9.451637852991967,47.01,11.265735132370384,11.473548303623291,1.2626638809034936,20.24
2026-10-24 15:34:38,55.639134307709156,55.78255868293598,64.33055050786007,99.355,26.35423005761852,26.368174152784032,9.451637852991967,47.01,11.265735132370384,11.473548303623291,1.2626638809034936,20.24
2026-10-24 15:49:38,55.64175124457207,55.78613126181084,64.33449511729435,99.36,26.361915534514317,26.37231851542955,9.453230869281304,47.02,11.265735132370384,11.473548303623291,1.2626638809034936,20.24
2026-10-24 16:04:38,55.64895001299198,55.794936730230184,64.34083235295954,99.375,26.361915534514317,26.37231851542955,9.453230869281304,47.02,11.268798800415256,11.474214688156204,1.2631012821297793,20.245
2026-10-24 16:19:38,55.65873876785868,55.807309151011395,64.35122016609783,99.39,26.36370994227054,26.377034363802718,9.454402874613777,47.025,11.268798800415256,11.474214688156204,1.2631012821297793,20.245
2026-10-24 16:34:38,55.67136801135264,55.81467453220408,64.35985656957894,99.405,26.370947591318764,26.384408932760394,9.4560107429723,47.035,11.270077294559357,11.475779696991918,1.263514709805251,20.25
2026-10-24 16:49:38,55.68411769107044,55.826149570466214,64.37427148857536,99.43,26.370947591318764,26.384408932760394,9.4560107429723,47.035,11.270077294559357,11.475779696991918,1.263514709805251,20.25
2026-10-24 17:04:38,55.688572667032325,55.836271472845894,64.38537854118806,99.445,26.37222050677277,26.389119315325953,9.456724703344943,47.04,11.270077294559357,11.475779696991918,1.263514709805251,20.25
2026-10-24 17:19:38,55.68922637281557,55.84082758044169,64.38769711531873,99.45,26.376861333719244,26.390805181418717,9.457677750171097,47.045,11.270077294559357,11.475779696991918,1.263514709805251,20.25
2026-10-24 17:34:38,55.69435259857744,55.843162206455965,64.39303776854332,99.46,26.376861333719244,26.390805181418717,9.457677750171097,47.045,11.27248716235788,11.478642434151622,1.2636463657111427,20.255
2026-10-24 17:49:38,55.70328181897352,55.85602041023315,64.41203007333648,99.485,26.376861333719244,26.390805181418717,9.457677750171097,47.045,11.27248716235788,11.478642434151622,1.2636463657111427,20.255
2026-10-24 18:04:38,55.71711347567901,55.863758292154586,64.42491258191984,99.505,26.385100016001893,26.397832922534786,9.459561019488586,47.055,11.27726477962722,11.484392058893219,1.2641573588971033,20.265
2026-10-24 18:19:38,55.75377546651527,55.90047602608919,64.47580436838979,99.585,26.403225594012234,26.419295333517653,9.46774647344615,47.09,11.281220692283096,11.486948159584538,1.264805511508699,20.275
2026-10-24 18:34:38,55.777908813847425,55.922929911606026,64.50420237775371,99.625,26.4114032309951,26.42695799751279,9.4710122950274,47.11,11.28521453263461,11.490168524304417,1.2653006183922089,20.28
2026-10-24 18:49:38,55.846263443426,55.997788570757734,64.58046763763416,99.755,26.44049582618869,26.459624909410973,9.482019875191979,47.165,11.300125722390241,11.5016071576866,1.2666352063751674,20.305
2026-10-24 19:04:38,55.90598681629294,56.046340340388674,64.6517496225144,99.855,26.45471319976337,26.470806350341817,9.486860572568416,47.19,11.310075277354315,11.5206452246535,1.2683872570564372,20.33
2026-10-24 19:19:38,55.93514839301635,56.08560976695588,64.69162136842859,99.915,26.468883410276195,26.48547971292009,9.489877744679854,47.21,11.319166108635976,11.530635940291088,1.2690322788084647,20.345
2026-10-24 19:34:38,55.95790886121859,56.104693094551315,64.7141876008754,99.95,26.477746610301114,26.496121729984765,9.492777177937048,47.23,11.321820177394615,11.531949669862946,1.2695235138676462,20.35
2026-10-24 19:49:38,55.99530677527104,56.14340872272718,64.75208079080166,100.01,26.501947014806834,26.518675241035922,9.502235327685723,47.275,11.332560602395445,11.54052665994362,1.270689919428807,20.37
2026-10-24 20:04:38,56.0285598585439,56.17718898160334,64.78822503035389,100.065,26.50448817548638,26.52281333106412,9.504154219611738,47.285,11.332560602395445,11.54052665994362,1.270689919428807,20.37
2026-10-24 20:19:38,56.06987508536547,56.21763752461627,64.83910326833833,100.14,26.534024461767572,26.553995766546077,9.515139142957656,47.34,11.340911528824945,11.546339428162526,1.2711427733721041,20.38
2026-10-24 20:34:38,56.09240288353366,56.24069296548283,64.87477376527744,100.19,26.556416185614584,26.57431487512057,9.522802480759239,47.38,11.350143252712048,11.553204174635528,1.2721614830734225,20.395
2026-10-24 20:49:38,56.123590420043,56.27097095188406,64.91074697441694,100.24,26.581292223963423,26.603447284287096,9.529118961315245,47.42,11.365717458568161,11.563893813046676,1.2736145539692394,20.415
2026-10-24 21:04:38,56.13921452190084,56.28799990397922,64.92777278715685,100.27,26.59089645807852,26.612539235862315,9.531876427358734,47.435,11.38061272547943,11.581403862205702,1.2750134037956065,20.44
2026-10-24 21:19:38,56.167534467311114,56.32253479367168,64.95910154853004,100.325,26.60210934752889,26.61725639337632,9.53488472609135,47.45,11.384489052369624,11.588966637825905,1.2758154335020855,20.45
2026-10-24 21:34:38,56.19053791191814,56.34130274740012,64.98268922775087,100.36,26.61471366641308,26.63134058328017,9.54020572489821,47.475,11.39219116773559,11.596825447574924,1.2767347437618757,20.465
2026-10-24 21:49:38,56.21804841757743,56.35831126980296,65.01221071268685,100.4,26.621588956962142,26.63964664600625,9.543296655312835,47.49,11.39219116773559,11.596825447574924,1.2767347437618757,20.465
2026-10-24 22:04:38,56.233373137834036,56.36950561593904,65.02370184668575,100.425,26.629027795991618,26.648634198566164,9.545805164309277,47.51,11.403246400986863,11.607555489824692,1.2777533287288494,20.48
2026-10-24 22:19:38,56.31949229348072,56.449475543695385,65.12714927129542,100.57,26.653956932858648,26.6689928718549,9.554819467645835,47.555,11.419328197799876,11.623591544290846,1.2798661882184523,20.51
2026-10-24 22:34:38,56.36533891529596,56.50041836363714,65.18801629481298,100.665,26.68234331598685,26.691038969913308,9.564294731702919,47.605,11.423381421782809,11.62972287999312,1.281098170744767,20.525
2026-10-24 22:49:38,56.40223033833614,56.53268104732689,65.2315273069187,100.725,26.69904906127896,26.702153771260598,9.569641270734936,47.635,11.437916948842764,11.641696105891041,1.2828947428398967,20.55
2026-10-24 23:04:38,56.45161678717061,56.58050922282359,65.2905135352745,100.815,26.726809381298214,26.72802713790759,9.579918740787999,47.69,11.449439980245362,11.652502498662173,1.2843129845752521,20.57
2026-10-24 23:19:38,56.490917839759504,56.612677251064206,65.33848940274571,100.88,26.748239153838053,26.74957965530498,9.589217610830858,47.73,11.464484920186742,11.665959132712024,1.2860095854737243,20.595
2026-10-24 23:34:38,56.525931822282,56.655003199444906,65.38648064444737,100.95,26.776563228599407,26.77149040018697,9.60031923791078,47.78,11.481620033627497,11.679164106272706,1.2873230767391723,20.62
2026-10-24 23:49:38,56.556588585014175,56.692715555031775,65.427693237544,101.02,26.800556909782337,26.788187391745357,9.608093914418856,47.82,11.502935639364493,11.699767948322538,1.289641959693083,20.655
2026-10-25 00:04:38,56.602232639167234,56.73506102839256,65.48025281658894,101.095,26.822662390292816,26.80582784464438,9.615198171366965,47.86,11.508576195826915,11.70446284984603,1.2903644578891291,20.665
2026-10-25 00:19:38,56.662947669345805,56.80373052974381,65.55133944474224,101.215,26.848490021929663,26.834831383098326,9.626127940650118,47.92,11.515594852694964,11.716013411570334,1.290970112247321,20.68
2026-10-25 00:34:38,56.70421542182341,56.84099298114054,65.59926325828212,101.29,26.87647449543683,26.85822541993758,9.635236961912337,47.96,11.523650777731854,11.719175289284252,1.2916628453149595,20.69
2026-10-25 00:49:38,56.73287325427032,56.86171193724399,65.6326316010199,101.335,26.885136123984516,26.868379235783237,9.64022374478673,47.98,11.538005256707223,11.731999000704125,1.2931197769306348,20.71
2026-10-25 01:04:38,56.74564961612636,56.877933518942676,65.64638864291312,101.36,26.905805252025885,26.880315118278233,9.645257788674348,48.005,11.54233105939504,11.736450418361361,1.2932806176766154,20.715
2026-10-25 01:19:38,56.76719031459201,56.89824960987339,65.66624474663139,101.4,26.93403851894794,26.905598017926533,9.654033550190903,48.05,11.55371660758333,11.746714397827875,1.2945942542157056,20.735
2026-10-25 01:34:38,56.77767864471405,56.907598665507045,65.68090064303021,101.425,26.939248185774368,26.91207195630759,9.656854255809153,48.06,11.55371660758333,11.746714397827875,1.2945942542157056,20.735
2026-10-25 01:49:38,56.77767864471405,56.907598665507045,65.68090064303021,101.425,26.939248185774368,26.91207195630759,9.656854255809153,48.06,11.55371660758333,11.746714397827875,1.2945942542157056,20.735
2026-10-25 02:04:38,56.7795226613384,56.91039104663595,65.68512980047876,101.43,26.945238395698812,26.9142156901178,9.659235279517025,48.07,11.563717428787077,11.753114738827362,1.2954352175967472,20.75
2026-10-25 02:19:38,56.79321988332315,56.92516044697451,65.70313217740453,101.455,26.949455669611506,26.91915086327252,9.66175939970198,48.08,11.564803342003449,11.756992272200979,1.2956743932224772,20.755
2026-10-25 02:34:38,56.82573895942813,56.95525204513677,65.74272840082007,101.51,26.960528161185447,26.92913471904879,9.664458628811559,48.095,11.566472138177273,11.761843272615618,1.2959902411836255,20.76
2026-10-25 02:49:38,56.852964875298085,56.988416589788415,65.77604941422611,101.56,26.978399704869602,26.942439417346126,9.669246036669302,48.125,11.575913072111057,11.76857348180389,1.296778091845921,20.775
2026-10-25 03:04:38,56.926245057746144,57.06259448997217,65.86048493413917,101.69,27.014772896484114,26.98226679128401,9.681340194081507,48.19,11.603019345150098,11.792623544982638,1.299300127710251,20.82
2026-10-25 03:19:38,57.06019038237589,57.172006121024374,66.00970287175305,101.905,27.03402390316501,27.00454241318165,9.690390799152803,48.235,11.628791633315476,11.814111722777776,1.3025637371331527,20.875
2026-10-25 03:34:38,57.06625918812291,57.1769893925102,66.01623649972464,101.915,27.051516714360428,27.02318500814547,9.696073408849553,48.26,11.647046997174414,11.830595617147981,1.3046684953381813,20.905
2026-10-25 03:49:38,57.11563680115065,57.224309371025505,66.06314514886289,101.99,27.09633110820476,27.07076529065897,9.713440661167375,48.34,11.656499019542004,11.841610475466476,1.3057661152497413,20.92
2026-10-25 04:04:38,57.14212359384242,57.25863947033061,66.08914281324645,102.045,27.109297441340562,27.08216548931247,9.718365001913403,48.36,11.666304804665648,11.849323476431989,1.3064991011153524,20.93
2026-10-25 04:19:38,57.17470302787432,57.28980879839363,66.13093276106952,102.105,27.165702473268556,27.15172021624803,9.739845110147826,48.47,11.673872842256927,11.85567279792284,1.3074467227237996,20.945
2026-10-25 04:34:38,57.22319656021268,57.34831183531318,66.19180687411489,102.205,27.18689151973104,27.174420069862748,9.74797846571369,48.51,11.696832317576309,11.8745524459101,1.3094555006335677,20.975
2026-10-25 04:49:38,57.30595610318234,57.41160858671675,66.2814145170826,102.34,27.227063682054702,27.213749575227613,9.760818328809647,48.58,11.713886959035921,11.884274514005584,1.310965748234202,21.0
2026-10-25 05:04:38,57.35908391456604,57.46286026245908,66.34946194771523,102.44,27.266903654793932,27.252948496163366,9.774972997943319,48.65,11.721923539659587,11.89502688785154,1.3119684033442267,21.015
2026-10-25 05:19:38,57.458172614786946,57.54385488765248,66.45370446397844,102.605,27.29976579851855,27.28780511879307,9.7868821872008,48.71,11.732244628920627,11.90954644924942,1.313383839395863,21.04
2026-10-25 05:34:38,57.56839468299447,57.62282093108386,66.56981476724903,102.775,27.325528601052202,27.325392244006746,9.799835298204087,48.77,11.751968207693887,11.927533682183407,1.3159142262768662,21.075
2026-10-25 05:49:38,57.59654768033063,57.661795243552454,66.60936037173303,102.845,27.351053004154195,27.351196513369036,9.806791173233446,48.81,11.778975672774065,11.94929314058423,1.318600626980457,21.115
2026-10-25 06:04:38,57.65208254977385,57.728435118145214,66.6844401998489,102.955,27.362473894068074,27.364657946430885,9.810929023611163,48.83,11.800644636574969,11.970487143676555,1.3201459290792112,21.145
2026-10-25 06:19:38,57.67613760905293,57.754126478797666,66.70880939851442,102.99,27.375307183844654,27.373602778231195,9.81544288894817,48.85,11.81326184401247,11.981157270897883,1.3213829884668482,21.165
2026-10-25 06:34:38,57.70842942671504,57.77672829547755,66.73713659248939,103.035,27.375307183844654,27.373602778231195,9.81544288894817,48.85,11.814942532963066,11.983994458339897,1.3216612685658806,21.17
2026-10-25 06:49:38,57.72100927860241,57.7964093075509,66.75691279897215,103.065,27.38387690771002,27.384616265164123,9.81910931331614,48.87,11.814942532963066,11.983994458339897,1.3216612685658806,21.17
2026-10-25 07:04:38,57.76579520985712,57.82915756858033,66.81152461347264,103.145,27.3913529522073,27.387244246100458,9.82110106635092,48.88,11.814942532963066,11.983994458339897,1.3216612685658806,21.17
2026-10-25 07:19:38,57.80576338298562,57.869462901138874,66.86163829421444,103.215,27.41598506203341,27.408434228109602,9.828616822268488,48.92,11.825328401975307,11.99875801343015,1.3229874573229128,21.19
2026-10-25 07:34:38,57.80912582170387,57.8719854530193,66.86373668288462,103.22,27.41598506203341,27.408434228109602,9.828616822268488,48.92,11.828491478218437,12.002638523791076,1.3232354126257369,21.195
2026-10-25 07:49:38,57.819469614610604,57.8821791124838,66.87603192299771,103.24,27.4252677624523,27.41437945784964,9.830359397068714,48.935,11.828491478218437,12.002638523791076,1.3232354126257369,21.195
2026-10-25 08:04:38,57.857884451714355,57.92289777171415,66.92576186887533,103.31,27.436616451477263,27.428089058182184,9.833972237630048,48.955,11.834488241704342,12.01099674784634,1.3236148420176375,21.205
2026-10-25 08:19:38,57.88464048584499,57.95097226874975,66.95190616333325,103.36,27.45541362091851,27.451936102885657,9.840202800828001,48.99,11.84162754546013,12.013939101008566,1.3241307954901151,21.215
2026-10-25 08:34:38,57.952582054245106,58.015054081201896,67.00587893381542,103.465,27.47493255246068,27.468694021362012,9.845960547250375,49.02,11.849093408269777,12.02205088396573,1.3249029132990988,21.225
2026-10-25 08:49:38,57.99339118555611,58.05347619383695,67.0467790208002,103.53,27.490672592367016,27.48702359852339,9.851577911740748,49.045,11.86835279774345,12.038612654768515,1.3261683545377891,21.25
2026-10-25 09:04:38,58.017966856224525,58.082122326696044,67.07970922561826,103.575,27.499922088478925,27.492921143768015,9.854332794034562,49.055,11.874476086167022,12.042396895001652,1.3266749576775423,21.26
2026-10-25 09:19:38,58.06044813798527,58.12902083096497,67.12766218996322,103.655,27.51312949441196,27.51055896222827,9.858239891325994,49.08,11.876499315868942,12.047370279884296,1.3268176391869384,21.265
2026-10-25 09:34:38,58.12309514781062,58.19618903705639,67.20010879182608,103.77,27.536636184022456,27.538794450208204,9.866931576553748,49.12,11.880344900459944,12.050772885307216,1.3272802579302405,21.27
2026-10-25 09:49:38,58.165740532215885,58.23036969601361,67.24401923682161,103.84,27.554287509722265,27.558154032327643,9.873535066706824,49.155,11.889264060075439,12.05787499196693,1.3285798832027087,21.285
2026-10-25 10:04:38,58.174566889109556,58.23343205579697,67.25094310032269,103.85,27.554287509722265,27.558154032327643,9.873535066706824,49.155,11.890843234819368,12.061648635416992,1.328996455563783,21.29
2026-10-25 10:19:38,58.19338872614566,58.24614498039307,67.26981572612621,103.875,27.554287509722265,27.558154032327643,9.873535066706824,49.155,11.890843234819368,12.061648635416992,1.328996455563783,21.29
2026-10-25 10:34:38,58.20020736290155,58.25168691785852,67.27594439819805,103.885,27.557310847015536,27.560773020240912,9.87451113768935,49.16,11.890843234819368,12.061648635416992,1.328996455563783,21.29
2026-10-25 10:49:38,58.20146385364779,58.25293546461691,67.27931116660936,103.89,27.560259861633902,27.564359736914103,9.875167818492125,49.165,11.890843234819368,12.061648635416992,1.328996455563783,21.29
2026-10-25 11:04:38,58.21823178890253,58.26908239839606,67.30443366699872,103.925,27.561327563053343,27.565459367673494,9.87615946521664,49.17,11.890843234819368,12.061648635416992,1.328996455563783,21.29
2026-10-25 11:19:38,58.22456834562871,58.27199855621095,67.31192258928517,103.935,27.56772955325321,27.573228567421626,9.878119227161493,49.18,11.895115407211716,12.065847278584439,1.3295399396875107,21.3
2026-10-25 11:34:38,58.247106556202574,58.30578622019166,67.34807982114751,103.99,27.57637154468172,27.58405067234817,9.882604394535244,49.2,11.897801898284248,12.070158536276974,1.3300386786590548,21.305
2026-10-25 11:49:38,58.28648780558361,58.35113573696516,67.40496309428211,104.07,27.57944198840726,27.591212108397567,9.885454129731492,49.21,11.901232738895857,12.071499725678914,1.3305146031156108,21.31
2026-10-25 12:04:38,58.29402797092108,58.36044058583355,67.41503911316077,104.085,27.583032795083028,27.6002148548994,9.88759312584249,49.22,11.906219995633858,12.075989102724067,1.3307342824921942,21.315
2026-10-25 12:19:38,58.29904624805254,58.37181044477889,67.42675360297575,104.1,27.586140139244623,27.60944770779877,9.890274762837503,49.23,11.906219995633858,12.075989102724067,1.3307342824921942,21.315
2026-10-25 12:34:38,58.3001902068572,58.37631634339057,67.42860347085801,104.105,27.586140139244623,27.60944770779877,9.890274762837503,49.23,11.906219995633858,12.075989102724067,1.3307342824921942,21.315
2026-10-25 12:49:38,58.30953444753258,58.38970931785717,67.44353336826617,104.125,27.586140139244623,27.60944770779877,9.890274762837503,49.23,11.910473916038312,12.08015205187371,1.3309220843157428,21.32
2026-10-25 13:04:38,58.316409991129426,58.398158797914355,67.45067325700889,104.135,27.590317146750053,27.615868313963155,9.892373287622783,49.24,11.910473916038312,12.08015205187371,1.3309220843157428,21.32
2026-10-25 13:19:38,58.318195449492066,58.40257601116737,67.45495013060545,104.14,27.59690171034985,27.621328250515305,9.894882793075489,49.25,11.910473916038312,12.08015205187371,1.3309220843157428,21.32
2026-10-25 13:34:38,58.31957988674752,58.40430689874624,67.45982316069075,104.145,27.59690171034985,27.621328250515305,9.894882793075489,49.25,11.910473916038312,12.08015205187371,1.3309220843157428,21.32
2026-10-25 13:49:38,58.33251619997789,58.41558781878982,67.47377936869788,104.165,27.59690171034985,27.621328250515305,9.894882793075489,49.25,11.910473916038312,12.08015205187371,1.3309220843157428,21.32
2026-10-25 14:04:38,58.335779349092896,58.41880368054061,67.47987675819134,104.175,27.59690171034985,27.621328250515305,9.894882793075489,49.25,11.910473916038312,12.08015205187371,1.3309220843157428,21.32
2026-10-25 14:19:38,58.34126823803476,58.42465113613837,67.48961938364427,104.19,27.600432817066533,27.62287059826273,9.89585150137766,49.255,11.911977181156587,12.08261453222587,1.3313419456864184,21.325
2026-10-25 14:34:38,58.35734076270946,58.439373257481954,67.50638518438106,104.215,27.607619679368774,27.62901874950743,9.897913394718412,49.265,11.911977181156587,12.08261453222587,1.3313419456864184,21.325
2026-10-25 14:49:38,58.37757602911718,58.458094728513395,67.52863761936506,104.25,27.607619679368774,27.62901874950743,9.897913394718412,49.265,11.914713387576256,12.08354613278988,1.331690368364185,21.33
2026-10-25 15:04:38,58.39613836001482,58.48186794079719,67.55369491621319,104.285,27.61377630374771,27.636119002894162,9.900694872165152,49.275,11.919457312505322,12.08557247136995,1.332103202521098,21.335
2026-10-25 15:19:38,58.41665319185777,58.49853133341983,67.58015205248802,104.325,27.61813935206008,27.642491215520092,9.90297416235749,49.285,11.919457312505322,12.08557247136995,1.332103202521098,21.335
2026-10-25 15:34:38,58.43095490602111,58.51824592390036,67.59696237974929,104.35,27.61813935206008,27.642491215520092,9.90297416235749,49.285,11.919457312505322,12.08557247136995,1.332103202521098,21.335
2026-10-25 15:49:38,58.44848969864724,58.53298641222099,67.61446229651125,104.375,27.62240765360401,27.647488017085408,9.904251688918757,49.29,11.919457312505322,12.08557247136995,1.332103202521098,21.335
2026-10-25 16:04:38,58.46697532371876,58.55900222158798,67.64343729780376,104.415,27.625504176565883,27.65208792381854,9.905756783785005,49.3,11.92811952830382,12.087203629856887,1.332730663955439,21.345
2026-10-25 16:19:38,58.51077426395205,58.59690002353589,67.69309086150402,104.49,27.638146330269368,27.663625142628963,9.909949048847412,49.32,11.932633314896526,12.090249003709658,1.3328710876254033,21.35
2026-10-25 16:34:38,58.53021067888933,58.616930391297124,67.7190560569008,104.525,27.65389589814199,27.680998606509164,9.916523580268235,49.35,11.936370833902854,12.09326840790367,1.333248401141436,21.355
2026-10-25 16:49:38,58.56605194585853,58.65293627364699,67.75897164898029,104.585,27.667153871771426,27.693938427610046,9.921219692971354,49.375,11.936370833902854,12.09326840790367,1.333248401141436,21.355
2026-10-25 17:04:38,58.588476684648626,58.67343997036423,67.78610310686958,104.625,27.674365855926617,27.699225489155744,9.922299746423283,49.385,11.938331172635467,12.095986459345532,1.3336074746605422,21.36
2026-10-25 17:19:38,58.59580279348315,58.68040556462728,67.79437046210718,104.64,27.674365855926617,27.699225489155744,9.922299746423283,49.385,11.943210138571402,12.096672258926588,1.3340980682257888,21.365
2026-10-25 17:34:38,58.613814768044506,58.69636283075616,67.82158226934914,104.675,27.679785932924197,27.706789444774795,9.924465639812098,49.395,11.94718697912465,12.099586955367784,1.3342396697809276,21.37
2026-10-25 17:49:38,58.64066269657795,58.7252740317643,67.84558103004741,104.72,27.687491541615906,27.716211225764187,9.92822379899975,49.41,11.948370368828757,12.102985460211077,1.3344594009654045,21.375
2026-10-25 18:04:38,58.64879613395007,58.7304657419278,67.85189591337786,104.735,27.694836903970156,27.72417885259702,9.930031627148885,49.42,11.948370368828757,12.102985460211077,1.3344594009654045,21.375
2026-10-25 18:19:38,58.68494105778764,58.77873709869944,67.89407551781444,104.805,27.71597553277735,27.74708141081951,9.938145990807076,49.46,11.954928139797216,12.106238250742557,1.335024096210469,21.385
2026-10-25 18:34:38,58.75613751568915,58.83558126307174,67.95989073715077,104.91,27.75169659914988,27.76925574163312,9.948753957249165,49.51,11.961295203988064,12.113224698697422,1.335502199355976,21.395
2026-10-25 18:49:38,58.81628601051353,58.88580601692247,68.02534701796938,105.005,27.777478985475422,27.79206684189762,9.956925751266784,49.55,11.964079130555744,12.115733332877051,1.336348391803236,21.405
2026-10-25 19:04:38,58.84345590048488,58.9098374441212,68.05433237432575,105.05,27.792706274150014,27.814799597852186,9.963520475747881,49.58,11.964079130555744,12.115733332877051,1.336348391803236,21.405
2026-10-25 19:19:38,58.88904301944972,58.96143537928885,68.1137468461321,105.14,27.811740484578685,27.834411732333127,9.968959072258269,49.61,11.973435441820582,12.12623163885783,1.3374798490117923,21.42
2026-10-25 19:34:38,58.94422475022574,59.01122903213845,68.17142647043022,105.23,27.83220162479096,27.858497824964324,9.978382540661151,49.655,11.975101532355,12.127800224171256,1.3378276137178413,21.425
2026-10-25 19:49:38,58.98514197015582,59.04390854650861,68.21341352015509,105.29,27.836537073738345,27.866242909692737,9.981035098406016,49.67,11.983829208346704,12.138657643191724,1.3387798223333014,21.44
2026-10-25 20:04:38,59.01335669634142,59.075108530048034,68.25226133767345,105.345,27.870345152642507,27.9054030126785,9.996009242528665,49.74,11.98467140156634,12.142794967003857,1.339002055993062,21.445
2026-10-25 20:19:38,59.05156064255056,59.10641026644817,68.29352711922631,105.405,27.893109709438917,27.929403218919195,10.003838687516023,49.78,11.992264792198705,12.148076381364255,1.339729777294751,21.46
2026-10-25 20:34:38,59.07387356660496,59.13164021886413,68.3181141139046,105.45,27.905955957362977,27.939882998908455,10.007645437750172,49.8,11.992264792198705,12.148076381364255,1.339729777294751,21.46
2026-10-25 20:49:38,59.100241593056396,59.17255426969201,68.35687062268245,105.51,27.919899408339003,27.953582085978365,10.013202363106767,49.825,11.998316828236153,12.154243048572642,1.340346483446228,21.47
2026-10-25 21:04:38,59.131164601176025,59.19891192976613,68.39483269557205,105.56,27.93208126247264,27.96979379982309,10.01766888372636,49.85,11.998316828236153,12.154243048572642,1.340346483446228,21.47
2026-10-25 21:19:38,59.14756390221553,59.213950256066504,68.41797617161421,105.595,27.9381555583117,27.982280179363,10.020956956924298,49.865,11.99937254174387,12.157485381847884,1.3406907828071275,21.475
2026-10-25 21:34:38,59.202127740489594,59.266162868478446,68.4763965955699,105.68,27.963354446044725,28.00693931768426,10.029236908186723,49.91,12.003587177418813,12.160406401356488,1.341544623271425,21.485
2026-10-25 21:49:38,59.240334023920205,59.29659227232475,68.52866693680461,105.745,27.986798249316372,28.030770001364463,10.037655899782598,49.95,12.006879594328751,12.161681279556106,1.341792336574818,21.49
2026-10-25 22:04:38,59.251770433379,59.31234465245004,68.54516809154231,105.77,27.998470884775216,28.039887224827712,10.041305365854598,49.965,12.006879594328751,12.161681279556106,1.341792336574818,21.49
2026-10-25 22:19:38,59.32464510004793,59.3797661299045,68.62809354234173,105.895,28.01070770440601,28.055268281935557,10.045255491251213,49.985,12.016236002229414,12.170034043534098,1.3428078307192488,21.505
2026-10-25 22:34:38,59.382853696309006,59.4426380798411,68.69357887959214,106.005,28.055660806292966,28.087817922101113,10.056136281386072,50.045,12.037958153641267,12.19302558572994,1.345156453045228,21.545
2026-10-25 22:49:38,59.42476362244479,59.4947763428343,68.76215747997873,106.1,28.087245901666645,28.125909714313288,10.06946228562957,50.105,12.04828996503108,12.210806239064192,1.3466622051406494,21.565
2026-10-25 23:04:38,59.47672847192247,59.545028115672174,68.82589347083804,106.19,28.110633338470056,28.15265204939439,10.078290089972816,50.15,12.059771690401579,12.217193059178904,1.34767410115568,21.58
2026-10-25 23:19:38,59.512987716926936,59.582663261217554,68.86878998668668,106.26,28.12666006896935,28.17210108389586,10.087699412782799,50.19,12.064623175044517,12.219169396411102,1.347846411605974,21.585
2026-10-25 23:34:38,59.512987716926936,59.582663261217554,68.86878998668668,106.26,28.12666006896935,28.17210108389586,10.087699412782799,50.19,12.064623175044517,12.219169396411102,1.347846411605974,21.585
2026-10-25 23:49:38,59.512987716926936,59.582663261217554,68.86878998668668,106.26,28.12666006896935,28.17210108389586,10.087699412782799,50.19,12.064623175044517,12.219169396411102,1.347846411605974,21.585
2026-10-26 00:04:38,59.53643489384508,59.60574181937601,68.89205958215678,106.305,28.141783172953932,28.193457571615475,10.093838321057648,50.225,12.076140132685413,12.230699603396355,1.3490289228180812,21.605
2026-10-26 00:19:38,59.56391161530139,59.63198625853957,68.92232557317749,106.355,28.14963864297216,28.209653226482466,10.097569466542897,50.245,12.092647668481442,12.250059786629361,1.3513907878302132,21.65
2026-10-26 00:34:38,59.59134684745773,59.67025625055613,68.95939993984578,106.41,28.157452808354034,28.217958956037357,10.10123933341364,50.26,12.107132034137285,12.260275764847028,1.3526147745685055,21.67
2026-10-26 00:49:38,59.59134684745773,59.67025625055613,68.95939993984578,106.41,28.157452808354034,28.217958956037357,10.10123933341364,50.26,12.107132034137285,12.260275764847028,1.3526147745685055,21.67
2026-10-26 01:04:38,59.60455991834664,59.688807938666926,68.98253197284676,106.44,28.168150064585404,28.23058666205174,10.105760353047948,50.28,12.107132034137285,12.260275764847028,1.3526147745685055,21.67
2026-10-26 01:19:38,59.63222479587816,59.71657714484346,69.01149517196065,106.495,28.179192535609737,28.237626941875543,10.110458755706398,50.3,12.111860094614766,12.269806904611574,1.353589470806573,21.685
2026-10-26 01:34:38,59.6633000867491,59.742135169587115,69.04876379707586,106.55,28.19095255151732,28.25014934838435,10.115749037183225,50.325,12.12267564642851,12.27557082958745,1.3544648041873832,21.7
2026-10-26 01:49:38,59.6633000867491,59.742135169587115,69.04876379707586,106.55,28.19095255151732,28.25014934838435,10.115749037183225,50.325,12.12267564642851,12.27557082958745,1.3544648041873832,21.7
2026-10-26 02:04:38,59.6633000867491,59.742135169587115,69.04876379707586,106.55,28.19095255151732,28.25014934838435,10.115749037183225,50.325,12.12267564642851,12.27557082958745,1.3544648041873832,21.7
2026-10-26 02:19:38,59.67847618521041,59.759380720151334,69.06532870637633,106.575,28.194832697489172,28.253720800819597,10.116307236053354,50.33,12.127461462471487,12.278624733613917,1.3548425702449556,21.705
2026-10-26 02:34:38,59.68280030820965,59.7689175019467,69.07632248992502,106.59,28.20703563188632,28.266573402829202,10.12084997706919,50.35,12.127461462471487,12.278624733613917,1.3548425702449556,21.705
2026-10-26 02:49:38,59.69096301283568,59.778462336225736,69.08714373210384,106.61,28.208186629104095,28.267814393203093,10.121976676249384,50.355,12.134411400012452,12.28120867910091,1.3552632991773348,21.715
2026-10-26 03:04:38,59.70767908642668,59.79966001520039,69.10784504605061,106.645,28.214316622619883,28.27755447965181,10.124373552304748,50.37,12.144385994422812,12.286081454445526,1.3568867165772036,21.735
2026-10-26 03:19:38,59.726878734161424,59.816993769121,69.12470316757458,106.67,28.23418468174788,28.302135160377304,10.13183000579201,50.405,12.147686816900727,12.286717348950278,1.357041321918778,21.74
2026-10-26 03:34:38,59.726878734161424,59.816993769121,69.12470316757458,106.67,28.23418468174788,28.302135160377304,10.13183000579201,50.405,12.147686816900727,12.286717348950278,1.357041321918778,21.74
2026-10-26 03:49:38,59.73655526585386,59.82980366271565,69.1398709552053,106.695,28.23418468174788,28.302135160377304,10.13183000579201,50.405,12.147686816900727,12.286717348950278,1.357041321918778,21.74
2026-10-26 04:04:38,59.78180907418144,59.88366446290677,69.195717153501,106.785,28.24612288303545,28.318241129980677,10.137610521798491,50.43,12.156740860761717,12.29661184804632,1.3586950617171671,21.76
2026-10-26 04:19:38,59.81787231170767,59.93316844741207,69.25363347884704,106.87,28.262550540581692,28.33870883333028,10.143111440387964,50.46,12.157759343625349,12.298034170090661,1.3588601215900793,21.765
2026-10-26 04:34:38,59.81787231170767,59.93316844741207,69.25363347884704,106.87,28.262550540581692,28.33870883333028,10.143111440387964,50.46,12.157759343625349,12.298034170090661,1.3588601215900793,21.765
2026-10-26 04:49:38,59.82896471419174,59.947056963531146,69.2648853824934,106.89,28.269216245885428,28.342361845196884,10.144881986021954,50.475,12.159437848713116,12.301494814261666,1.3591537113208154,21.77
2026-10-26 05:04:38,59.843232833634296,59.96164895385192,69.28398184335055,106.915,28.27874538270355,28.3532157054829,10.148269900295432,50.49,12.162333368919413,12.30608519889652,1.3595484384840053,21.775
2026-10-26 05:19:38,59.8832454111827,60.0062531420634,69.33301508102738,106.99,28.298720586683093,28.369978801708864,10.155547755338624,50.525,12.19040943073249,12.32852942023269,1.3621288244743976,21.815
2026-10-26 05:34:38,59.923726326901885,60.02890566208861,69.37809455015889,107.05,28.31354448476183,28.38638720621121,10.16020472339474,50.55,12.19909910831529,12.340925900938496,1.3636273925326259,21.835
2026-10-26 05:49:38,59.98972138562666,60.08317427404684,69.45766806172655,107.16,28.341617791810666,28.40450752199544,10.169565204517125,50.59,12.19909910831529,12.340925900938496,1.3636273925326259,21.835
2026-10-26 06:04:38,60.09844786944704,60.18293026090074,69.59213739844992,107.35,28.39798436153791,28.462613558821047,10.189619600969733,50.685,12.227631265973613,12.367074216173247,1.3673755888811547,21.885
2026-10-26 06:19:38,60.201515900561766,60.273814742688174,69.70480247820376,107.51,28.436780555918777,28.502340327672943,10.205752430019233,50.765,12.24709921661071,12.381820720346125,1.3694147005606785,21.92
2026-10-26 06:34:38,60.26060330754907,60.34205512177101,69.75987000188528,107.61,28.47174783145759,28.523918488288352,10.215540872706189,50.815,12.26099250698041,12.39201230537488,1.3710599760344417,21.945
2026-10-26 06:49:38,60.31738595713296,60.404960819231405,69.82196689963567,107.71,28.49064288861057,28.54616210036828,10.222815534862322,50.85,12.267512022156657,12.397028019541857,1.3719606115795895,21.955
2026-10-26 07:04:38,60.388352302132354,60.482137665309644,69.91320491249527,107.85,28.52402545393518,28.56930149529893,10.234706888427986,50.905,12.283449107690485,12.409902355115799,1.3732489911502461,21.98
2026-10-26 07:19:38,60.46893442945753,60.56994813239973,70.02716849210933,108.02,28.540729470219855,28.592500603476193,10.242916489818198,50.945,12.318444626977836,12.43898511042367,1.3765625073779535,22.03
2026-10-26 07:34:38,60.53773774049162,60.648893036992746,70.11755716470066,108.155,28.585675198817057,28.633984837946436,10.259977327177593,51.025,12.328113565571325,12.455406287125303,1.3778239249702788,22.05
2026-10-26 07:49:38,60.58632998821736,60.69741477413611,70.18855392904251,108.25,28.62038175028949,28.660110321162016,10.270578158868066,51.08,12.332603846845787,12.463070341629477,1.378537641300853,22.065
2026-10-26 08:04:38,60.60789207329016,60.722851354555516,70.21422236857514,108.29,28.6350339633972,28.673840173841583,10.276203914702966,51.11,12.342396209818645,12.469379754329577,1.3793348346142642,22.08
2026-10-26 08:19:38,60.671296232272745,60.78273826849766,70.29994388300267,108.42,28.66349931106027,28.7149444561141,10.28940197417173,51.17,12.351437402276431,12.47703023572141,1.3798788301414127,22.095
2026-10-26 08:34:38,60.75552541385989,60.84697027526338,70.36627102488036,108.535,28.68495780160867,28.737117717407532,10.29527989167412,51.2,12.36052697725147,12.485601285239918,1.3806891268451802,22.11
2026-10-26 08:49:38,60.7976960944227,60.88334875155743,70.42407897146623,108.615,28.69497144602846,28.748135497801886,10.299013679422167,51.215,12.37169577299173,12.495873595774752,1.38205328012331,22.13
2026-10-26 09:04:38,60.80943533203311,60.891339714114196,70.43703242689458,108.635,28.71077608971536,28.760460826799044,10.303489719609244,51.24,12.379671577989109,12.504196109504722,1.3829958433961562,22.14
2026-10-26 09:19:38,60.87342386831555,60.9504636911593,70.5001200877083,108.735,28.735289012922582,28.79156455724038,10.31319159846301,51.29,12.397166969533234,12.521535572191203,1.3852725896787887,22.17
2026-10-26 09:34:38,60.93451165991819,61.00652538011396,70.57281693300872,108.85,28.767679992640996,28.826212918405105,10.326632108397067,51.35,12.41431580274169,12.54459963101542,1.387738758952522,22.205
2026-10-26 09:49:38,60.99718456585695,61.07898531199421,70.66268289021744,108.97,28.79223737826194,28.854878687505757,10.337045365490361,51.4,12.421317512689269,12.552525877268101,1.3889147129980248,22.22
2026-10-26 10:04:38,61.04142771583031,61.111399109902976,70.70077069868411,109.03,28.806730199308856,28.866386585259278,10.341130650235838,51.425,12.431166859524046,12.569518650703843,1.3903508773494642,22.245
2026-10-26 10:19:38,61.050970799778085,61.120126828991225,70.71096644709692,109.045,28.806730199308856,28.866386585259278,10.341130650235838,51.425,12.431166859524046,12.569518650703843,1.3903508773494642,22.245
2026-10-26 10:34:38,61.05318922187092,61.123698729467556,70.71292114601349,109.05,28.810339796775178,28.87022323927868,10.34168397666806,51.43,12.431166859524046,12.569518650703843,1.3903508773494642,22.245
2026-10-26 10:49:38,61.06256668306784,61.13390884711496,70.72738924230313,109.07,28.813811023606963,28.874491423632055,10.342437053334768,51.435,12.431166859524046,12.569518650703843,1.3903508773494642,22.245
2026-10-26 11:04:38,61.08327428992552,61.16526714690851,70.74916806137479,109.11,28.825670873052946,28.887053231895667,10.347039004319683,51.455,12.431166859524046,12.569518650703843,1.3903508773494642,22.245
2026-10-26 11:19:38,61.102839560943465,61.182128237291366,70.77108769848698,109.14,28.835714823458286,28.89401649633256,10.349601403290038,51.47,12.431166859524046,12.569518650703843,1.3903508773494642,22.245
2026-10-26 11:34:38,61.11005344896403,61.190395551711404,70.77866714513176,109.155,28.840467814206892,28.895031359510458,10.350261959446772,51.475,12.435804460123935,12.572387274655604,1.39063334119326,22.25
2026-10-26 11:49:38,61.11221870669237,61.19269530276332,70.78044615840346,109.16,28.840467814206892,28.895031359510458,10.350261959446772,51.475,12.435804460123935,12.572387274655604,1.39063334119326,22.25
2026-10-26 12:04:38,61.11221870669237,61.19269530276332,70.78044615840346,109.16,28.840467814206892,28.895031359510458,10.350261959446772,51.475,12.435804460123935,12.572387274655604,1.39063334119326,22.25
2026-10-26 12:19:38,61.11694257804695,61.196899262186996,70.78331472153329,109.165,28.84265089354038,28.90245712005105,10.35313419377914,51.485,12.435804460123935,12.572387274655604,1.39063334119326,22.25
2026-10-26 12:34:38,61.11694257804695,61.196899262186996,70.78331472153329,109.165,28.84265089354038,28.90245712005105,10.35313419377914,51.485,12.435804460123935,12.572387274655604,1.39063334119326,22.25
2026-10-26 12:49:38,61.11694257804695,61.196899262186996,70.78331472153329,109.165,28.84265089354038,28.90245712005105,10.35313419377914,51.485,12.435804460123935,12.572387274655604,1.39063334119326,22.25
2026-10-26 13:04:38,61.11694257804695,61.196899262186996,70.78331472153329,109.165,28.84265089354038,28.90245712005105,10.35313419377914,51.485,12.435804460123935,12.572387274655604,1.39063334119326,22.25
2026-10-26 13:19:38,61.11694257804695,61.196899262186996,70.78331472153329,109.165,28.84265089354038,28.90245712005105,10.35313419377914,51.485,12.435804460123935,12.572387274655604,1.39063334119326,22.25
2026-10-26 13:34:38,61.11694257804695,61.196899262186996,70.78331472153329,109.165,28.84265089354038,28.90245712005105,10.35313419377914,51.485,12.435804460123935,12.572387274655604,1.39063334119326,22.25
2026-10-26 13:49:38,61.12008332156588,61.198298721860546,70.78530286849225,109.17,28.84265089354038,28.90245712005105,10.35313419377914,51.485,12.435804460123935,12.572387274655604,1.39063334119326,22.25
2026-10-26 14:04:38,61.121513880011236,61.201925219079634,70.78973127757706,109.175,28.84265089354038,28.90245712005105,10.35313419377914,51.485,12.436806722999838,12.576622564471348,1.3910611855001156,22.255
2026-10-26 14:19:38,61.13339993616117,61.2137580805412,70.8077095083601,109.2,28.843372608565016,28.906212445080783,10.353639558062424,51.49,12.437908632303998,12.578820773457446,1.3913897701256916,22.26
2026-10-26 14:34:38,61.13339993616117,61.2137580805412,70.8077095083601,109.2,28.847520189599614,28.910659918783544,10.35491417774838,51.495,12.437908632303998,12.578820773457446,1.3913897701256916,22.26
2026-10-26 14:49:38,61.14965407817585,61.23601902488267,70.83260330962736,109.23,28.84881873267963,28.91276309261903,10.356022039986614,51.5,12.437908632303998,12.578820773457446,1.3913897701256916,22.26
2026-10-26 15:04:38,61.15701894420134,61.24194025242896,70.84272632810554,109.245,28.84881873267963,28.91276309261903,10.356022039986614,51.5,12.437908632303998,12.578820773457446,1.3913897701256916,22.26
2026-10-26 15:19:38,61.16901163292312,61.24979847969478,70.8528880374891,109.265,28.84881873267963,28.91276309261903,10.356022039986614,51.5,12.441921445279785,12.580322691018331,1.3915953155117062,22.265
2026-10-26 15:34:38,61.19691783779029,61.27702725576689,70.8856410613294,109.315,28.858720753915144,28.92183553976207,10.358726717039621,51.515,12.441921445279785,12.580322691018331,1.3915953155117062,22.265
2026-10-26 15:49:38,61.211563612630634,61.286924502217126,70.90175963517676,109.34,28.864443584021533,28.92419882010282,10.360648661726696,51.525,12.444769275057716,12.582324900205462,1.3919622577015314,22.27
2026-10-26 16:04:38,61.225977032469466,61.299848583576306,70.91635057725586,109.36,28.864443584021533,28.92419882010282,10.360648661726696,51.525,12.444769275057716,12.582324900205462,1.3919622577015314,22.27
2026-10-26 16:19:38,61.2510185645065,61.313861251019674,70.93793149741875,109.395,28.867591143533613,28.931075153579574,10.362674243020914,51.535,12.444769275057716,12.582324900205462,1.3919622577015314,22.27
2026-10-26 16:34:38,61.273432116234346,61.334091287576804,70.96747457416888,109.44,28.873817322205433,28.937436352019162,10.366314664244314,51.555,12.44974867613454,12.585469348575408,1.3922485568152696,22.275
2026-10-26 16:49:38,61.282437906625155,61.34000831511021,70.97271836606222,109.45,28.873817322205433,28.937436352019162,10.366314664244314,51.555,12.44974867613454,12.585469348575408,1.3922485568152696,22.275
2026-10-26 17:04:38,61.296593612815016,61.35498863840012,70.99350191299708,109.485,28.881629474298737,28.940907905547817,10.367782602889537,51.565,12.44974867613454,12.585469348575408,1.3922485568152696,22.275
2026-10-26 17:19:38,61.310744415009914,61.36704743983888,71.01181096148802,109.515,28.89407212444769,28.954119095420133,10.372484892500195,51.585,12.44974867613454,12.585469348575408,1.3922485568152696,22.275
2026-10-26 17:34:38,61.31463189206127,61.3720112980707,71.01556786973475,109.52,28.901127871234916,28.95942533747987,10.374353653956387,51.595,12.453787605843313,12.588422567041807,1.3927250695821838,22.28
2026-10-26 17:49:38,61.3191794580653,61.37501234426335,71.01891078405501,109.525,28.901127871234916,28.95942533747987,10.374353653956387,51.595,12.453787605843313,12.588422567041807,1.3927250695821838,22.28
2026-10-26 18:04:38,61.31994395138363,61.377827564053,71.02137184235362,109.53,28.901127871234916,28.95942533747987,10.374353653956387,51.595,12.453787605843313,12.588422567041807,1.3927250695821838,22.28
2026-10-26 18:19:38,61.33989628927118,61.407584383176584,71.04617532608037,109.57,28.909553835343957,28.971147430645857,10.37781667816928,51.61,12.455554166660535,12.591513892185361,1.392969426150377,22.285
2026-10-26 18:34:38,61.364293194484205,61.44054440788172,71.07860471081321,109.625,28.94184030425999,29.01178168912423,10.390702037954572,51.67,12.464992975448428,12.602391382557016,1.3940905286958163,22.3
2026-10-26 18:49:38,61.38076696693111,61.45919195322032,71.09512198275544,109.655,28.95313627537521,29.026872905605632,10.39496672456108,51.695,12.472180531793915,12.610391577049846,1.3946759384289449,22.315
2026-10-26 19:04:38,61.41740293928833,61.49018858660029,71.1279337780279,109.715,28.97600341866418,29.04877329907588,10.403308354744034,51.735,12.486747739061995,12.619719111144526,1.3957274108653568,22.335
2026-10-26 19:19:38,61.45160206854502,61.51829621768414,71.1656223415238,109.775,28.98793352829208,29.060153417249055,10.40831115543847,51.76,12.489362324582075,12.628521224247086,1.3962876707846925,22.345
2026-10-26 19:34:38,61.48222411267232,61.54294749813221,71.20083933909429,109.83,28.996371273452574,29.06877871418348,10.41125405511333,51.775,12.501996135641972,12.640164393938695,1.3979104756156608,22.37
2026-10-26 19:49:38,61.49779709454958,61.5580174149565,71.2215247790811,109.865,29.02882743962932,29.095994140219066,10.42114714224548,51.82,12.505314906599656,12.645079532746994,1.398467770554967,22.38
2026-10-26 20:04:38,61.54938729501144,61.610371649456376,71.28902679756744,109.97,29.04307469502128,29.109263356264233,10.42464247502121,51.84,12.515762098973056,12.656903525287538,1.3992543990696418,22.395
2026-10-26 20:19:38,61.5885380399171,61.64509760158694,71.34207920760593,110.045,29.07452042423318,29.15067684338391,10.43797176485199,51.91,12.529304634904326,12.668134507201279,1.4007141154373086,22.415
2026-10-26 20:34:38,61.62542943600049,61.6959987899063,71.39580046810839,110.125,29.104527869619293,29.180276437952358,10.448185258694746,51.955,12.548539338290011,12.687107800256072,1.4021279146698502,22.44
2026-10-26 20:49:38,61.66767573094973,61.737365848591686,71.43732499196683,110.195,29.11581506827552,29.194316101488546,10.454047655828603,51.985,12.551252278069011,12.688155527733379,1.4025518886064559,22.445
2026-10-26 21:04:38,61.7175712189838,61.769495347332594,71.48494268622777,110.265,29.138735150736615,29.21626053416358,10.460549182736617,52.02,12.553585722539495,12.692324174012606,1.4028008837011157,22.45
2026-10-26 21:19:38,61.84714353215769,61.90436651036478,71.64224939314006,110.505,29.19616397470209,29.264200689192577,10.481052943681075,52.115,12.58489820527816,12.739646389883578,1.4075606820360322,22.52
2026-10-26 21:34:38,61.89858119251056,61.950922739427995,71.70533248214994,110.59,29.213777013446236,29.29135497893235,10.48834104317111,52.155,12.597307624533345,12.754569649907246,1.4090544593799526,22.545
2026-10-26 21:49:38,61.98850437425982,62.05920664662186,71.8396732705188,110.79,29.25364131113594,29.334124470263127,10.500998533076936,52.23,12.622854125933118,12.777491636441734,1.4112510434414298,22.585
2026-10-26 22:04:38,62.04477369934678,62.11295614992298,71.89772850169884,110.885,29.287954700255717,29.368994439295044,10.516711528578371,52.305,12.640427585413018,12.796215527443705,1.4130609308147295,22.615
2026-10-26 22:19:38,62.11815471952457,62.20123166125839,71.97922397062953,111.025,29.339119812631512,29.41840464510837,10.536555067645125,52.395,12.677468090485988,12.82954038335347,1.4163836180167166,22.67
2026-10-26 22:34:38,62.164284259921814,62.24993956328004,72.02676194034126,111.105,29.356972983243267,29.442880457047078,10.544356462029391,52.43,12.69738872361523,12.856970069453368,1.4185384539656398,22.705
2026-10-26 22:49:38,62.250112535933425,62.33269730655216,72.11506069377336,111.245,29.395566739195957,29.47775476136126,10.555082895397598,52.49,12.722470154772239,12.888931437686486,1.4217987325111552,22.755
2026-10-26 23:04:38,62.37227308181115,62.43911799122327,72.24478641138577,111.455,29.46464811258724,29.54810043743211,10.577484672346804,52.605,12.743878655675964,12.909326232354758,1.4238971153919515,22.79
2026-10-26 23:19:38,62.47622548125817,62.53009394386589,72.35670272550563,111.635,29.509735176534434,29.592188190345485,10.592973682072842,52.685,12.760803038333338,12.92185277210179,1.4254498789338657,22.815
2026-10-26 23:34:38,62.51140331296509,62.56819389154138,72.40563744641425,111.705,29.539441919749454,29.626671166259793,10.60404128080356,52.74,12.773310898176474,12.936903500487166,1.4272360037908056,22.845
2026-10-26 23:49:38,62.55039828898021,62.59867577548902,72.44961636794167,111.78,29.570089086262588,29.662365521621776,10.615509399793671,52.8,12.793694855948768,12.957391568881212,1.4291262676182934,22.875
2026-10-27 00:04:38,62.65398795792843,62.67769498757664,72.5476540488609,111.925,29.634046442567207,29.732422052014964,10.638360955233647,52.92,12.819105646824227,12.979375906188425,1.4312865342139494,22.915
2026-10-27 00:19:38,62.70294076419685,62.73566203546047,72.61133328157533,112.02,29.65750112300375,29.751606975783247,10.645769645711143,52.96,12.835622132378473,12.99953356098007,1.4329803301442758,22.95
2026-10-27 00:34:38,62.776359209482095,62.8019869698362,72.70184905280084,112.15,29.687273046978092,29.78904290549952,10.66026031881232,53.035,12.862828861066847,13.019272570252634,1.435258903831508,22.99
2026-10-27 00:49:38,62.83102490680332,62.857001855071395,72.77816354812227,112.26,29.720197521086728,29.813284192746476,10.669565915420899,53.085,12.877497519909149,13.029654110062904,1.4368889629335209,23.015
2026-10-27 01:04:38,62.83102490680332,62.857001855071395,72.77816354812227,112.26,29.721678430963898,29.816474512251766,10.670475640178871,53.09,12.877497519909149,13.029654110062904,1.4368889629335209,23.015
2026-10-27 01:19:38,62.84002982252947,62.87366724053003,72.79374831500073,112.285,29.737878904791277,29.837833495859535,10.676444557088384,53.12,12.88929415137271,13.040112473364214,1.4381911308912834,23.035
2026-10-27 01:34:38,62.849929145389574,62.88031405354238,72.80287220357454,112.3,29.748239071742628,29.848322097741843,10.680456498610383,53.135,12.88929415137271,13.040112473364214,1.4381911308912834,23.035
2026-10-27 01:49:38,62.86428797501544,62.89502007541875,72.82051378796078,112.325,29.750055469457706,29.851440260013096,10.681240881336006,53.14,12.894143453380725,13.043791184992342,1.4383875833599902,23.04
2026-10-27 02:04:38,62.87437827143637,62.901618879103786,72.82717122947204,112.34,29.758939688587233,29.862228849384614,10.684443291224646,53.155,12.897034822171738,13.045755373365587,1.4386679200633572,23.045
2026-10-27 02:19:38,62.880334751396944,62.908501143085914,72.83432729517241,112.355,29.768185949736345,29.86499803545257,10.685781483014935,53.165,12.897034822171738,13.045755373365587,1.4386679200633572,23.045
2026-10-27 02:34:38,62.966554147077176,62.99281787794328,72.92022411167716,112.495,29.795851176070723,29.889904794609613,10.698838703172719,53.225,12.912641457757035,13.062133640412402,1.4409151481829745,23.075
2026-10-27 02:49:38,63.036346211323966,63.07626049842478,72.99755061414298,112.625,29.825208204932416,29.92097154541078,10.710564766686272,53.285,12.936208770463358,13.0846232925202,1.4440328702515266,23.12
2026-10-27 03:04:38,63.138529308091,63.182514307983205,73.12702491650485,112.81,29.8741873233159,29.964721078622325,10.725933401672947,53.36,12.968766814059942,13.117260105238202,1.4471283829417285,23.175
2026-10-27 03:19:38,63.19465064927317,63.251047378933,73.20661133884566,112.92,29.917360480888814,29.99486841938815,10.739844837185965,53.43,12.981386232698595,13.130327226132467,1.448378494360442,23.195
2026-10-27 03:34:38,63.228668737233924,63.282711188318196,73.2522567163334,112.985,29.938134830780516,30.00627790748178,10.746738789883715,53.46,12.99445362392274,13.146095301391371,1.4500202881269355,23.22
2026-10-27 03:49:38,63.265238697181005,63.307179255454315,73.28685047324248,113.045,29.950407320404743,30.013828789914008,10.752543570375895,53.485,12.99968288904462,13.157244865673574,1.450738575202558,23.235
2026-10-27 04:04:38,63.30089597943686,63.343543692998054,73.32842398398125,113.105,29.974600753213497,30.041158956590387,10.763079630065615,53.53,13.00718235689732,13.162480395235042,1.451822274480078,23.25
2026-10-27 04:19:38,63.345646820670794,63.394811233331524,73.38138234831106,113.18,29.99485048024937,30.069866659699013,10.77065354007835,53.57,13.013197170910125,13.166388288322052,1.4526881576227468,23.26
2026-10-27 04:34:38,63.372885151268534,63.41740242020243,73.41079006840259,113.22,30.00971895748115,30.084620524791003,10.775366342319417,53.595,13.024966392035923,13.180481063190925,1.4543616842820513,23.285
2026-10-27 04:49:38,63.43431093382234,63.48415695362151,73.48312382809293,113.33,30.049529634906218,30.12931496300478,10.792573561332185,53.675,13.035964653796693,13.191823991365592,1.4557987278065236,23.305
2026-10-27 05:04:38,63.4947460867689,63.56097484223818,73.56203102814618,113.45,30.066857492445035,30.149915953303715,10.800627841051224,53.72,13.060428638194008,13.228722516813962,1.458416223163114,23.355
2026-10-27 05:19:38,63.6144846585897,63.66091847425127,73.7005801296979,113.655,30.131714518048597,30.20540501862242,10.822345670485289,53.825,13.077726687274664,13.252041796396568,1.4605767044835616,23.39
2026-10-27 05:34:38,63.70278622865199,63.76523384193581,73.81323263729163,113.83,30.174196075944803,30.241630662259812,10.835790849397501,53.895,13.110413296745932,13.28178681180994,1.4644797386155328,23.455
2026-10-27 05:49:38,63.75853648385825,63.81640580807558,73.87962158966289,113.93,30.23589355274899,30.281408698202824,10.854133229481807,53.98,13.127451219415457,13.304648430243388,1.46751296288871,23.495
2026-10-27 06:04:38,63.8395556122175,63.874499750864864,73.96364491352176,114.055,30.274766259907167,30.323452038510368,10.872234928979198,54.06,13.136379174320385,13.31501405515466,1.4686973023809482,23.51
2026-10-27 06:19:38,63.93995067360229,63.98234963937859,74.08686528791644,114.255,30.31624031827599,30.37102588468936,10.886333511035911,54.135,13.154732888617772,13.338458634480073,1.4705653127944762,23.545
2026-10-27 06:34:38,64.0228030204118,64.05891430997238,74.18537154449169,114.395,30.346383529079034,30.395372968950117,10.897592031852998,54.185,13.170610196842848,13.35485912840284,1.473079309987839,23.58
2026-10-27 06:49:38,64.12124881371543,64.17673134333675,74.29932382839534,114.58,30.39834555446946,30.443079265351287,10.917047807476868,54.28,13.196257037043583,13.384068572038302,1.4752245523863667,23.62
2026-10-27 07:04:38,64.20195478545861,64.27837729820472,74.40199248833275,114.74,30.43909350923058,30.473268025990357,10.9275489352767,54.34,13.20549795563419,13.396723397444326,1.4762378844909338,23.64
2026-10-27 07:19:38,64.27154022424037,64.35039918130668,74.46828573405185,114.855,30.45197653144167,30.49618784861609,10.934274564794828,54.375,13.214265693680828,13.411824239384634,1.47791127401912,23.66
2026-10-27 07:34:38,64.38046794550316,64.4675096723099,74.59566507161009,115.055,30.518849045188762,30.565213807448956,10.954859535075173,54.48,13.235819844379217,13.431367431655199,1.4801851763969256,23.695
2026-10-27 07:49:38,64.51540851081752,64.58625385416664,74.73944326525849,115.28,30.57125791633339,30.621926342856433,10.973941705594376,54.575,13.24462332942721,13.44154506616249,1.4813226161438497,23.715
2026-10-27 08:04:38,64.60808633587412,64.67375610994002,74.85336562020649,115.44,30.617723729067922,30.6721099139804,10.992817890371667,54.675,13.258975347731857,13.452118505531608,1.4825064145977933,23.74
2026-10-27 08:19:38,64.73440018195133,64.79456118647742,74.9985904148681,115.655,30.658312126355916,30.71983817147031,11.007616852591683,54.755,13.281381651054737,13.479051541937828,1.4852253357848164,23.785
2026-10-27 08:34:38,64.83439070973702,64.89024203710584,75.11686307751185,115.84,30.70785109737133,30.77020903405234,11.024225486908707,54.84,13.303521058443573,13.49396351967117,1.4875864029501067,23.825
2026-10-27 08:49:38,64.9271090257585,64.96917871677054,75.20365366058303,115.995,30.73732009662792,30.800602644060643,11.034273859473776,54.89,13.324799736542834,13.511148453795625,1.4894408362769043,23.855
2026-10-27 09:04:38,65.04819119840367,65.08717375682777,75.35407786352052,116.225,30.804241953023425,30.84822036831884,11.052744012879643,54.99,13.352413187624018,13.53953942810264,1.4928356382190169,23.905
2026-10-27 09:19:38,65.18323613825298,65.23254530531611,75.52944043568777,116.485,30.86564190702956,30.921507930935633,11.078970626514883,55.12,13.375407380993954,13.565930406117456,1.4956046314102538,23.945
2026-10-27 09:34:38,65.34640569153454,65.37277373221417,75.69593931006496,116.755,30.920681437608565,30.981370338040144,11.102920257481093,55.235,13.397372429033394,13.586445164848184,1.4982841974320174,23.99
2026-10-27 09:49:38,65.41223638435956,65.44332762136999,75.78063350980659,116.87,30.94671202207295,31.01743800997585,11.114315538497046,55.29,13.401617726520541,13.59161181641251,1.4987827491790353,24.0
2026-10-27 10:04:38,65.48861425069502,65.52392340892732,75.86817799788682,117.005,30.98136319553998,31.04582524008954,11.12594445706117,55.345,13.409753794708058,13.606005252287037,1.4999324014430933,24.02
2026-10-27 10:19:38,65.50165605550943,65.53334270285245,75.8851926989056,117.03,30.98783527633427,31.05048717414537,11.127633100932531,55.355,13.409753794708058,13.606005252287037,1.4999324014430933,24.02
2026-10-27 10:34:38,65.51860927071274,65.55356968657726,75.91185580637044,117.065,31.000290307026383,31.067943235860202,11.132105677585178,55.38,13.416130261775756,13.609380143911672,1.500587635697806,24.03
2026-10-27 10:49:38,65.56423662438223,65.58838212318845,75.95857577914235,117.135,31.011629794413142,31.082677847286615,11.137802821440888,55.41,13.416130261775756,13.609380143911672,1.500587635697806,24.03
2026-10-27 11:04:38,65.568023539037,65.59261510311568,75.96714229778658,117.145,31.017001995443067,31.09196282786353,11.139349861628865,55.42,13.416130261775756,13.609380143911672,1.500587635697806,24.03
2026-10-27 11:19:38,65.57465497199375,65.59893472785564,75.97583462835104,117.16,31.027143295936025,31.102727534620996,11.142426581637281,55.435,13.417148546415103,13.612378572886035,1.500864214515512,24.035
2026-10-27 11:34:38,65.59048501825094,65.61890665123734,75.99326234241288,117.185,31.027143295936025,31.102727534620996,11.142426581637281,55.435,13.417148546415103,13.612378572886035,1.500864214515512,24.035
2026-10-27 11:49:38,65.60597987297174,65.63517032257784,76.0082213517958,117.21,31.027143295936025,31.102727534620996,11.142426581637281,55.435,13.421015024274734,13.617194324823302,1.5010034150324805,24.04
2026-10-27 12:04:38,65.63211402082364,65.66457893682481,76.04366972105092,117.26,31.027143295936025,31.102727534620996,11.142426581637281,55.435,13.421015024274734,13.617194324823302,1.5010034150324805,24.04
2026-10-27 12:19:38,65.63622988543788,65.67418445921575,76.0510589877215,117.275,31.028272463941654,31.103951237697533,11.143451408336714,55.44,13.4253711239521,13.618319939559141,1.5014479441416702,24.045
2026-10-27 12:34:38,65.64110030760968,65.6799839283849,76.05777936472172,117.285,31.028272463941654,31.103951237697533,11.143451408336714,55.44,13.429025397816915,13.623074933513738,1.5019304170567929,24.05
2026-10-27 12:49:38,65.64735263924663,65.68761977145329,76.06541264817375,117.295,31.03512041376919,31.112903074521263,11.14602160460433,55.45,13.436012978214803,13.63198963375028,1.5025975447452975,24.06
2026-10-27 13:04:38,65.66130444411756,65.70413503097741,76.08489053881259,117.32,31.03512041376919,31.112903074521263,11.14602160460433,55.45,13.436012978214803,13.63198963375028,1.5025975447452975,24.06
2026-10-27 13:19:38,65.67738032824786,65.72062216255031,76.10397515040752,117.35,31.039928677711423,31.114289323783222,11.14750397761769,55.455,13.436012978214803,13.63198963375028,1.5025975447452975,24.06
2026-10-27 13:34:38,65.68450321049177,65.72889212600104,76.1097460283929,117.365,31.046714217867954,31.118189866341336,11.14885975258717,55.465,13.436012978214803,13.63198963375028,1.5025975447452975,24.06
2026-10-27 13:49:38,65.69626453600706,65.74442837166139,76.12749506960279,117.39,31.051948549704353,31.12326896134739,11.151177684775687,55.475,13.436012978214803,13.63198963375028,1.5025975447452975,24.06
2026-10-27 14:04:38,65.70506558740077,65.75463722468801,76.1405912292209,117.41,31.05814433854568,31.129819413928466,11.153784367403597,55.49,13.444796949643562,13.637656215714612,1.5031031477496706,24.07
2026-10-27 14:19:38,65.72045737594287,65.7667144171186,76.15472619739506,117.435,31.05814433854568,31.129819413928466,11.153784367403597,55.49,13.448692605930814,13.639181549689292,1.5035019249670516,24.075
2026-10-27 14:34:38,65.72397912324855,65.76901311980258,76.15853151842197,117.44,31.05814433854568,31.129819413928466,11.153784367403597,55.49,13.448692605930814,13.639181549689292,1.5035019249670516,24.075
2026-10-27 14:49:38,65.73038926546471,65.77631378526806,76.17004951079866,117.455,31.05814433854568,31.129819413928466,11.153784367403597,55.49,13.448692605930814,13.639181549689292,1.5035019249670516,24.075
2026-10-27 15:04:38,65.73470194929925,65.78202498509332,76.17821631211595,117.465,31.05814433854568,31.129819413928466,11.153784367403597,55.49,13.45113924256462,13.641305298029195,1.5036928276840846,24.08
2026-10-27 15:19:38,65.74341898420458,65.7975537628688,76.1914450204465,117.485,31.061339323603555,31.133140780886162,11.15572160063564,55.5,13.45113924256462,13.641305298029195,1.5036928276840846,24.08
2026-10-27 15:34:38,65.76109193326701,65.81425062401392,76.20627875457936,117.51,31.06242259781752,31.13412715933355,11.156355020421119,55.505,13.45113924256462,13.641305298029195,1.5036928276840846,24.08
2026-10-27 15:49:38,65.76969442398581,65.82197802089308,76.21690714645344,117.525,31.068543083978657,31.142907863754065,11.158100878545746,55.515,13.45113924256462,13.641305298029195,1.5036928276840846,24.08
2026-10-27 16:04:38,65.77695742349303,65.83020377247072,76.22316737606496,117.535,31.068543083978657,31.142907863754065,11.158100878545746,55.515,13.45113924256462,13.641305298029195,1.5036928276840846,24.08
2026-10-27 16:19:38,65.78070959275406,65.83367642710562,76.22571560487597,117.54,31.072808692983596,31.14715613041213,11.15909101569393,55.52,13.452197131280483,13.644831058320216,1.5038280789880263,24.085
2026-10-27 16:34:38,65.7924980653795,65.84509430633523,76.238767570381,117.56,31.07538622389242,31.148776653836116,11.159991021969303,55.525,13.45382054258792,13.649521124897403,1.5041397103182508,24.09
2026-10-27 16:49:38,65.79489104076082,65.84825418132363,76.24112369628702,117.565,31.07538622389242,31.148776653836116,11.159991021969303,55.525,13.45382054258792,13.649521124897403,1.5041397103182508,24.09
2026-10-27 17:04:38,65.80106478508408,65.85322925849968,76.24728578173823,117.575,31.07538622389242,31.148776653836116,11.159991021969303,55.525,13.457169629897722,13.653259103181563,1.504941446062665,24.1
2026-10-27 17:19:38,65.80784935361353,65.8610498159396,76.25469041775769,117.585,31.07847447353349,31.15106134596179,11.160949173052689,55.53,13.457169629897722,13.653259103181563,1.504941446062665,24.1
2026-10-27 17:34:38,65.81336548040372,65.86436472090618,76.26426786812321,117.595,31.091270838038568,31.157445856162322,11.163822417041583,55.545,13.457169629897722,13.653259103181563,1.504941446062665,24.1
2026-10-27 17:49:38,65.82662632343231,65.87986865976147,76.27822094244893,117.62,31.094275859070617,31.159681125781074,11.164826442650725,55.55,13.457169629897722,13.653259103181563,1.504941446062665,24.1
2026-10-27 18:04:38,65.83152337910614,65.88426989929964,76.28563567332888,117.63,31.097417693888712,31.16330898105267,11.165855693449616,55.555,13.462046686913274,13.65410202544788,1.505066461766042,24.105
2026-10-27 18:19:38,65.90097599752535,65.93771246001154,76.37109585084315,117.745,31.121992854704413,31.188735250517592,11.175610318748896,55.6,13.465741687738207,13.656711168463865,1.505838722652657,24.115
2026-10-27 18:34:38,65.93643302161112,65.96955254493757,76.40657150889731,117.805,31.135440076675966,31.203940665488354,11.180979914959819,55.625,13.470337440980273,13.660287068068394,1.5059968926086489,24.12
2026-10-27 18:49:38,65.98624638990584,66.03510102233008,76.47191435939529,117.91,31.160389977003746,31.23346092303836,11.189059957997705,55.675,13.488222545205973,13.672130877779576,1.5074708356794173,24.145
2026-10-27 19:04:38,66.02053657435565,66.07168568270752,76.51489987261839,117.985,31.17012494523259,31.24031803140102,11.19283935270573,55.69,13.497983205642344,13.686185755573742,1.5084969756065676,24.165
2026-10-27 19:19:38,66.07913218259435,66.15343999852682,76.59723814588038,118.1,31.20308164225437,31.283853834004923,11.206599225344961,55.75,13.5057296480263,13.692622362843156,1.5092774611211213,24.18
2026-10-27 19:34:38,66.10987086040457,66.1786333635475,76.63380816922157,118.15,31.215704299389465,31.294337990685545,11.21084167529893,55.77,13.509663881202698,13.700643677796274,1.5100348773639225,24.19
2026-10-27 19:49:38,66.13069737787727,66.19745613312462,76.65356035312554,118.185,31.22197397079199,31.302561759205204,11.2130804988268,55.78,13.514526074144987,13.7100015910841,1.5111557894579397,24.205
2026-10-27 20:04:38,66.16239029371863,66.22607671766957,76.68259661545287,118.23,31.227104048731803,31.308478624431494,11.215823967381654,55.795,13.519413661797739,13.714146068390741,1.5117739298041792,24.215
2026-10-27 20:19:38,66.22171748523601,66.29396742504827,76.76608869382406,118.355,31.26585649874369,31.360963337414923,11.228894839686818,55.87,13.530812892326942,13.730051406480094,1.5132307569093937,24.24
2026-10-27 20:34:38,66.26739316855802,66.33259686866762,76.8165771811646,118.435,31.29422675324608,31.38802422554127,11.236701716400825,55.915,13.535969036095182,13.73707951822237,1.5137396504097427,24.25
2026-10-27 20:49:38,66.29068435382217,66.35102498190899,76.84154769892774,118.47,31.305137178441687,31.39916249313325,11.242527429225769,55.945,13.541888386377027,13.747784331423148,1.5146774771231877,24.265
2026-10-27 21:04:38,66.30133269107169,66.36208981311069,76.85614238288392,118.49,31.30954595654108,31.40645559824431,11.244755908663759,55.955,13.546376106106692,13.749584375203842,1.5149479206784306,24.27
2026-10-27 21:19:38,66.36332760302439,66.41611956639377,76.9193057265777,118.595,31.331937398179825,31.425229234562046,11.251133334387319,55.985,13.551620603911942,13.754246631766435,1.5155969117622723,24.28
2026-10-27 21:34:38,66.39886937115449,66.44721927599703,76.94976792615607,118.655,31.341341303169923,31.435171191681743,11.255460514927538,56.005,13.555064446827293,13.759648452305075,1.5161011706395395,24.29
2026-10-27 21:49:38,66.46706963046002,66.50467549624737,77.02104494023865,118.77,31.392537469004704,31.483692425018205,11.273053818257427,56.095,13.556197964818837,13.760706587559083,1.5163558142984153,24.295
2026-10-27 22:04:38,66.54832654912721,66.60761539320188,77.1317214606622,118.93,31.438626395594188,31.532790834418254,11.29169704250423,56.18,13.569942069006908,13.772393221762675,1.517717951485815,24.315
2026-10-27 22:19:38,66.62167883165895,66.69013923355065,77.21726234996338,119.06,31.4731354172285,31.569289956646482,11.304218017048557,56.24,13.57693106599277,13.780261410543385,1.5186915616470982,24.33
2026-10-27 22:34:38,66.66074391536328,66.73295625354245,77.25779821326897,119.13,31.493511991882034,31.585516922100076,11.310574583365941,56.275,13.582435403475003,13.790363880134564,1.5197692527690916,24.345
2026-10-27 22:49:38,66.71667707771849,66.7823085666861,77.31455584290228,119.215,31.515380719674774,31.60357100521222,11.315980844855495,56.31,13.598812255665303,13.805998633603314,1.5214410716545799,24.375
2026-10-27 23:04:38,66.7725455845948,66.85230376933116,77.39362500985638,119.335,31.550529004944277,31.64458100889716,11.329199873850246,56.375,13.61515198331823,13.818804045825496,1.5225755564886074,24.4
2026-10-27 23:19:38,66.8017962645166,66.89270112474117,77.42983211532794,119.4,31.589553535690857,31.686343085260013,11.342023345271215,56.445,13.631920916494618,13.826929527639212,1.5239746623556194,24.42
2026-10-27 23:34:38,66.92050155963165,67.00317326941446,77.57215589045288,119.605,31.61997874573889,31.723284223200476,11.359065592970785,56.515,13.646337634822645,13.843271887801228,1.5257196896556786,24.445
2026-10-27 23:49:38,67.00746315877088,67.07929055196634,77.6679331935012,119.75,31.691600084842424,31.783829962051858,11.383428965737455,56.625,13.660810402048389,13.854839171669335,1.5273875389195402,24.47
2026-10-28 00:04:38,67.14204010291508,67.1983563002345,77.83197886293539,119.985,31.716873383565254,31.799185186806216,11.392263266844449,56.665,13.67563635895889,13.874013306688271,1.5296470370453719,24.51
2026-10-28 00:19:38,67.22029715978782,67.28365032709763,77.93513831061537,120.135,31.763864935643554,31.86069746476575,11.409475152250245,56.76,13.699018357641496,13.892551661974817,1.5320062820560156,24.545
2026-10-28 00:34:38,67.33699323445047,67.40084986316518,78.08211692855811,120.35,31.804044074947754,31.903750904383326,11.423103188226582,56.83,13.73732153774315,13.932723147919084,1.5368095353098874,24.62
2026-10-28 00:49:38,67.41976131606165,67.48461213274112,78.18647377134805,120.505,31.830245099791533,31.928434165167154,11.431889198085857,56.875,13.74633033996455,13.942680473222524,1.5379656246071753,24.635
2026-10-28 01:04:38,67.47607699165165,67.5582810557193,78.25934814472379,120.615,31.870159306897,31.961442452542983,11.444756017741009,56.94,13.769241995752013,13.964504325391596,1.5400142933404952,24.67
2026-10-28 01:19:38,67.5810837624065,67.67534448730197,78.38907975426552,120.81,31.899745531493707,31.99714039704044,11.45548407413612,56.995,13.775993196481247,13.96997354566136,1.5404500157367722,24.68
2026-10-28 01:34:38,67.63564791483242,67.72813082519095,78.4542103691693,120.91,31.912089252027283,32.01364210948325,11.460430513619745,57.025,13.78995898159011,13.986286279394232,1.5424444115069655,24.71
2026-10-28 01:49:38,67.73545770107751,67.82565241711669,78.55541061604758,121.075,31.977128483770922,32.07387668932883,11.481157776791422,57.13,13.81329149040597,14.001534385898909,1.5447099249727807,24.745
2026-10-28 02:04:38,67.78420959519467,67.88007576380053,78.6140930696346,121.165,32.021189141189964,32.102092395344464,11.494491796567491,57.195,13.815866941671151,14.005373695372429,1.5449786233527167,24.75
2026-10-28 02:19:38,67.84503896540028,67.93591056847634,78.67598622596311,121.265,32.060343719850714,32.13302732409294,11.505827949071657,57.255,13.823959987338432,14.015362784801178,1.5460675491497777,24.765
2026-10-28 02:34:38,67.95140936728505,68.03017924437319,78.78712773298751,121.43,32.10494085127867,32.174991217178636,11.522196699510006,57.335,13.842001175146345,14.034862213416481,1.5479055463393188,24.795
2026-10-28 02:49:38,68.05747869981154,68.12352368070808,78.90436624877354,121.6,32.16401347022701,32.22968225675964,11.544226956094976,57.44,13.858195958353868,14.056222185760681,1.5499216971699776,24.83
2026-10-28 03:04:38,68.17265087941753,68.2390730033277,79.0355983699774,121.795,32.21499265978586,32.28588816307315,11.56888718354517,57.545,13.892098480295715,14.084256763111103,1.553019411592177,24.88
2026-10-28 03:19:38,68.3100649897924,68.36607628573013,79.19492533048759,122.03,32.273791708730776,32.33580511234941,11.590427487520714,57.65,13.915444004559165,14.096034518747032,1.5550327540228381,24.915
2026-10-28 03:34:38,68.38218469900332,68.4442700537164,79.28045406067297,122.17,32.30363577761407,32.37768462995351,11.602661252355583,57.72,13.92859387705866,14.109694710331224,1.5566050032141872,24.94
2026-10-28 03:49:38,68.47127953547003,68.54068870474711,79.3887920465535,122.345,32.337266448487554,32.41940514289987,11.616739010150663,57.79,13.95001137691628,14.138034857319548,1.559350732683346,24.985
2026-10-28 04:04:38,68.60661924401937,68.68474252026526,79.545015743478,122.605,32.38787692069609,32.47010556458976,11.6357239233349,57.885,13.978100567939505,14.161369800575782,1.5626808505374903,25.03
2026-10-28 04:19:38,68.70882008436067,68.79519810813193,79.67868316277959,122.815,32.434433089091335,32.51772657795053,11.650081362764869,57.96,13.99574950794038,14.183818533078263,1.5645778336902179,25.065
2026-10-28 04:34:38,68.7746584561093,68.86560893653993,79.76335558378251,122.94,32.46359635310455,32.5578195643971,11.66438048006146,58.03,14.015303812093759,14.201987273532682,1.566340913631178,25.095
2026-10-28 04:49:38,68.89440444413896,68.97927677143014,79.9041900550567,123.16,32.53124323870275,32.62398920742802,11.686059873451008,58.145,14.032977960240466,14.216016794187233,1.5681280598662934,25.13
2026-10-28 05:04:38,69.06253938429617,69.13598866193429,80.08683263643162,123.44,32.58202770642093,32.67945563553865,11.709233334970566,58.25,14.055738597908135,14.239213136378446,1.5708552989491755,25.175
2026-10-28 05:19:38,69.21531842199113,69.27179943188709,80.25185424088427,123.695,32.63491201342664,32.735546134774665,11.72717026302186,58.35,14.090926978017047,14.278104687373325,1.5752041945853938,25.235
2026-10-28 05:34:38,69.30579214487358,69.33578967116652,80.34974033517553,123.835,32.69595237720895,32.79771015997611,11.745452099325655,58.45,14.10773942633101,14.288885528382856,1.5767157460882237,25.26
2026-10-28 05:49:38,69.45056556125347,69.4633113135849,80.49697110513878,124.075,32.755216523212326,32.8544844993665,11.76526445513278,58.56,14.131671962463106,14.316864929507084,1.579403690184939,25.305
2026-10-28 06:04:38,69.57785806573739,69.57982527627404,80.6331481125607,124.285,32.80582237520956,32.89608503585985,11.780070063868187,58.645,14.147339960895623,14.327164091620636,1.5806272773930854,25.325
2026-10-28 06:19:38,69.7972883863942,69.79054763797141,80.87648059404111,124.65,32.87921758632536,32.97486724897541,11.804485427286512,58.77,14.177770319348664,14.357204083046227,1.5838567628573985,25.375
2026-10-28 06:34:38,69.9147716543771,69.92300028716114,81.03320177486201,124.88,32.95006977877016,33.03479732667557,11.82651175606871,58.885,14.191058369506312,14.371092698289614,1.5854006128147513,25.405
2026-10-28 06:49:38,70.10768401478427,70.12568127841395,81.24498382928614,125.2,33.04101240976711,33.09279977295142,11.852379654101876,59.02,14.199923121701767,14.385999950240457,1.5867508240940174,25.43
2026-10-28 07:04:38,70.28417768130011,70.3032544202248,81.44221259487382,125.51,33.10974274103363,33.17415251902592,11.878943618900504,59.155,14.214288648598219,14.398980393587559,1.588088704828787,25.455
2026-10-28 07:19:38,70.44124940737352,70.46715580621068,81.63828283630065,125.8,33.172109970885984,33.22385506511093,11.902793004700444,59.26,14.246492795721439,14.426405013416932,1.5918497824165914,25.51
2026-10-28 07:34:38,70.52896519933037,70.5544789541438,81.73364275952501,125.955,33.238081481564265,33.285933140181356,11.926744450895493,59.38,14.280771087463823,14.460618837616044,1.5960075356296866,25.565
2026-10-28 07:49:38,70.68391659891442,70.71130407592574,81.92305440901663,126.24,33.29543466988315,33.34349597409806,11.947434724831616,59.485,14.330152881641581,14.492770540457846,1.6008715097547463,25.635
2026-10-28 08:04:38,70.87804981695683,70.89330048092373,82.15875203147277,126.59,33.36831919731691,33.412791285632046,11.97538334340459,59.615,14.356573090724646,14.533259331076515,1.6044419787454087,25.695
2026-10-28 08:19:38,71.04366712450006,71.05911832962525,82.34013793249761,126.855,33.47553097543554,33.53153533641284,12.014007729472624,59.805,14.378056371583103,14.552857501540164,1.6066424966964215,25.73
2026-10-28 08:34:38,71.20521484232205,71.20110411342907,82.51263479071861,127.12,33.54315182070321,33.61527740309478,12.040593142286111,59.935,14.408542058079195,14.57132280983481,1.6105045873110069,25.79
2026-10-28 08:49:38,71.32159114754224,71.31725368080528,82.64667810520764,127.325,33.60712943962731,33.67038167012893,12.061079852571474,60.035,14.437184512568498,14.601813737037471,1.613755085488262,25.84
2026-10-28 09:04:38,71.4509900220076,71.44925197528151,82.78367523224719,127.555,33.671343018633614,33.73098227233427,12.084723580427024,60.155,14.46637098410869,14.627895909185359,1.6167412388987694,25.885
2026-10-28 09:19:38,71.56979080087902,71.58301465441512,82.9261677711454,127.785,33.72354865110677,33.779122471564285,12.10554339174964,60.255,14.482291357962364,14.641322089563696,1.6186714997448375,25.91
2026-10-28 09:34:38,71.61165388473117,71.61996724112907,82.97041243113978,127.855,33.75003937063648,33.815030877632566,12.115508369416249,60.3,14.486197866327155,14.644854809723862,1.6191120411466275,25.915
2026-10-28 09:49:38,71.6780220891973,71.71041309143668,83.05573641426291,127.995,33.80347362325629,33.88143543238672,12.137394167614607,60.405,14.498703863517289,14.662717965815881,1.6204466342005608,25.94
2026-10-28 10:04:38,71.77835260071305,71.81636643054688,83.18456195356345,128.19,33.86014324841775,33.92180186891444,12.155474932191124,60.485,14.519030679941304,14.689387344957794,1.62252667714836,25.975
2026-10-28 10:19:38,71.8148925336165,71.8452058488161,83.22592700109374,128.25,33.862328999011936,33.924657773152035,12.157915312637561,60.495,14.520062874530833,14.69252238634494,1.6228275832053027,25.98
2026-10-28 10:34:38,71.83298796800034,71.8592830423475,83.24784033094174,128.28,33.869102508591226,33.936301879872985,12.16019893632346,60.51,14.520062874530833,14.69252238634494,1.6228275832053027,25.98
2026-10-28 10:49:38,71.84652283758095,71.87319548730478,83.26627883277207,128.305,33.869102508591226,33.936301879872985,12.16019893632346,60.51,14.520062874530833,14.69252238634494,1.6228275832053027,25.98
2026-10-28 11:04:38,71.86973300620696,71.89572270671434,83.29418354763516,128.345,33.872260742915884,33.942864765570114,12.161610572906582,60.52,14.520062874530833,14.69252238634494,1.6228275832053027,25.98
2026-10-28 11:19:38,71.88947072993733,71.91231472231551,83.31500817028233,128.38,33.88338927546515,33.96321138575159,12.166364699316585,60.545,14.520062874530833,14.69252238634494,1.6228275832053027,25.98
2026-10-28 11:34:38,71.9125943920084,71.93793121014748,83.3412279775747,128.42,33.893685109507814,33.97603504222868,12.17021691002668,60.565,14.528330494933307,14.696403623916176,1.62343668823208,25.99
2026-10-28 11:49:38,71.92281664191093,71.94806650761986,83.3493947595254,128.435,33.90355571559611,33.98641607367072,12.17497333571101,60.585,14.532807153828236,14.70510787629673,1.6243038250060422,26.0
2026-10-28 12:04:38,71.93093510524128,71.96108681681207,83.36081148638866,128.455,33.908416842859836,33.99050205085748,12.176293848112334,60.59,14.54347991617847,14.71191113021722,1.6249313927137974,26.015
