,success_0,time_out_0,migrate_0,generation_0,success_1,time_out_1,migrate_1,generation_1,success_2,time_out_2,migrate_2,generation_2,success_3,time_out_3,migrate_3,generation_3,success_4,time_out_4,migrate_4,generation_4,success_5,time_out_5,migrate_5,generation_5,low_time_0,mid_time_0,high_time_0,low_time_1,mid_time_1,high_time_1,low_time_2,mid_time_2,high_time_2,low_time_3,mid_time_3,high_time_3,low_time_4,mid_time_4,high_time_4,low_time_5,mid_time_5,high_time_5
0,3133.0,4404.0,3222.0,6355.0,2826.0,6367.0,3606.0,6368.0,2631.0,4379.0,4090.0,6445.0,2200.0,3719.0,4557.0,6397.0,2130.0,2171.0,4528.0,6238.0,2382.0,1457.0,3870.0,5996.0,6.018812802892626e-07,3.339122045815657e-07,5.015078120109706e-07,4.430380097559805e-07,4.399295971850847e-07,3.0212199970236497e-07,4.474210131490963e-07,2.7491708740257083e-07,2.975854458640015e-07,4.92921544832825e-07,3.222909913915828e-07,3.15610774876518e-07,1.2422988386049382e-06,1.0070781115132378e-06,8.370248263673829e-07,2.5438797052288466e-06,2.570695211630891e-06,1.973968261211212e-06
1,3060.0,4265.0,3295.0,6355.0,2885.0,6340.0,3534.0,6368.0,2677.0,4346.0,4053.0,6445.0,2263.0,3667.0,4511.0,6397.0,2184.0,2262.0,4533.0,6238.0,2383.0,1467.0,3879.0,5996.0,5.921053830419965e-07,3.2469951617741797e-07,4.553285563275722e-07,4.250478208227548e-07,4.28683931467333e-07,2.847111997610341e-07,4.212559870637733e-07,2.927705343864773e-07,3.50016308289014e-07,5.116044170065947e-07,3.7520444096372787e-07,2.9351074425676415e-07,1.3194883837570615e-06,1.1493128670849728e-06,8.359184180335433e-07,2.5631322156982607e-06,2.376840847091444e-06,2.2175361791596513e-06
2,3161.0,4375.0,3194.0,6355.0,2884.0,6184.0,3527.0,6368.0,2691.0,4281.0,4027.0,6445.0,2342.0,3582.0,4404.0,6397.0,2185.0,2225.0,4432.0,6238.0,2426.0,1463.0,3828.0,5996.0,6.253892515815096e-07,3.3691223214304953e-07,4.825599079154586e-07,3.9861873111135535e-07,4.924564963957323e-07,3.318111007928337e-07,4.401576801527085e-07,2.80356535199644e-07,3.3043380135922005e-07,5.193377508518893e-07,3.524216705699246e-07,3.282348073341268e-07,1.3416352520039253e-06,1.1051111818005666e-06,8.297528943046472e-07,2.522166568837747e-06,2.561341933414951e-06,2.2760528644028e-06
3,3188.0,4349.0,3167.0,6355.0,2918.0,6233.0,3508.0,6368.0,2704.0,4194.0,4014.0,6445.0,2325.0,3646.0,4386.0,6397.0,2219.0,2152.0,4439.0,6238.0,2472.0,1399.0,3775.0,5996.0,6.155311371500715e-07,3.2754328196915596e-07,4.7262080656906846e-07,4.4146512136933324e-07,4.817390721427727e-07,2.917993900624083e-07,4.237990451656515e-07,2.714345197176726e-07,3.731108397957428e-07,4.736091639685469e-07,3.7186336632544226e-07,3.3051112311e-07,1.2639251673647322e-06,1.1459187811482252e-06,8.027018241989481e-07,2.556874787501329e-06,2.274517877197013e-06,2.391585224359005e-06
4,3216.0,4214.0,3139.0,6355.0,2966.0,6139.0,3462.0,6368.0,2760.0,4148.0,3951.0,6445.0,2386.0,3546.0,4368.0,6397.0,2258.0,2196.0,4388.0,6238.0,2491.0,1479.0,3757.0,5996.0,6.274371525236688e-07,3.377648520839216e-07,4.6289349045025576e-07,4.382414722954309e-07,4.65639279500607e-07,3.150053082521254e-07,4.6368276908737014e-07,2.763261008738027e-07,3.714192248907011e-07,4.905035278355285e-07,3.541850084403109e-07,3.261483667245102e-07,1.206204110985709e-06,1.0367010309835222e-06,9.066288556027757e-07,2.5568749919102627e-06,2.3600077623200377e-06,2.3204592169463466e-06
5,3187.0,4267.0,3168.0,6355.0,2993.0,6039.0,3433.0,6368.0,2770.0,4180.0,3957.0,6445.0,2406.0,3553.0,4328.0,6397.0,2280.0,2180.0,4362.0,6238.0,2515.0,1429.0,3717.0,5996.0,6.10861486066483e-07,3.482635332261452e-07,4.32436785331447e-07,4.307881887726239e-07,4.7258460963206515e-07,3.028535704103774e-07,4.462705092151964e-07,2.7345788362254096e-07,3.625756024590032e-07,4.892637995368432e-07,3.4279210245102833e-07,3.3674351485046827e-07,1.1930864484952509e-06,1.0876812210938169e-06,8.654592271000183e-07,2.516180664656531e-06,2.62457615377798e-06,2.4125907420398106e-06
6,3256.0,4185.0,3099.0,6355.0,3064.0,6090.0,3372.0,6368.0,2806.0,4091.0,3902.0,6445.0,2481.0,3494.0,4245.0,6397.0,2329.0,2082.0,4273.0,6238.0,2513.0,1408.0,3717.0,5996.0,6.301441672746932e-07,3.4852175880928373e-07,4.3564939154805417e-07,4.4016004960667487e-07,4.801243392549282e-07,2.912287482672582e-07,4.301604341421239e-07,2.7514894176761116e-07,3.8798632503045383e-07,5.096681964289473e-07,3.7757079297762174e-07,3.3075691794692827e-07,1.3117068689041389e-06,1.0406516294096946e-06,8.646825490359333e-07,2.5120950845121115e-06,2.552099694128174e-06,2.36233727855506e-06
7,3259.0,4087.0,3096.0,6355.0,3038.0,5935.0,3390.0,6368.0,2812.0,4167.0,3900.0,6445.0,2463.0,3584.0,4237.0,6397.0,2367.0,2096.0,4267.0,6238.0,2551.0,1440.0,3655.0,5996.0,6.35281552568756e-07,3.620935253252355e-07,4.3923755979591307e-07,4.2489137532442103e-07,4.3563195122686695e-07,3.150014556680958e-07,4.733271209289569e-07,2.8568362198200247e-07,3.9452736766065754e-07,4.872340846375777e-07,3.6073068335440437e-07,3.110301991071651e-07,1.3310990023001068e-06,1.0786704852137063e-06,8.353631197337563e-07,2.379562180180983e-06,2.7128036938961484e-06,2.420684942705975e-06
8,3294.0,4176.0,3061.0,6355.0,3092.0,5906.0,3321.0,6368.0,2861.0,3993.0,3842.0,6445.0,2552.0,3463.0,4145.0,6397.0,2380.0,2106.0,4242.0,6238.0,2570.0,1406.0,3641.0,5996.0,6.305128175156937e-07,3.816145400534765e-07,4.5660757415078023e-07,4.062615866544661e-07,4.766020416084871e-07,3.342180783789672e-07,4.7139262506590285e-07,2.8017474610209093e-07,3.374223818752853e-07,4.785376989531188e-07,3.450641513538244e-07,3.5896657110612295e-07,1.2736420186740817e-06,1.1581392699326898e-06,8.918590492612566e-07,2.4466363321948846e-06,2.5994954705765848e-06,2.296775007607721e-06
9,3295.0,3994.0,3060.0,6355.0,3120.0,5921.0,3294.0,6368.0,2946.0,3942.0,3757.0,6445.0,2544.0,3395.0,4117.0,6397.0,2465.0,2103.0,4127.0,6238.0,2640.0,1434.0,3544.0,5996.0,5.968200135413326e-07,3.5869327055948474e-07,4.5229527959378404e-07,4.3078989169487156e-07,4.815254574879191e-07,3.3036487811699543e-07,4.593124220448885e-07,2.8249729228235766e-07,4.214040772154703e-07,5.096737249701277e-07,3.5002365680725234e-07,3.3854677659661547e-07,1.3207207553875833e-06,1.1565394186447974e-06,8.50078162926593e-07,2.7509867277899504e-06,2.446087914677264e-06,2.374792001660353e-06
10,3339.0,4021.0,3016.0,6355.0,3177.0,5708.0,3236.0,6368.0,2959.0,3871.0,3737.0,6445.0,2633.0,3428.0,4028.0,6397.0,2466.0,2129.0,4136.0,6238.0,2650.0,1418.0,3568.0,5996.0,6.216844140709554e-07,3.596303390267508e-07,3.989625132305719e-07,4.018531817848725e-07,5.213141875088922e-07,3.228082545945199e-07,4.6601795233414123e-07,2.631013494465151e-07,3.678780219473765e-07,5.122515361080105e-07,3.8010145092215454e-07,3.455462574208923e-07,1.3493501966763689e-06,1.0505453285247768e-06,1.0358774774772428e-06,2.4053329180446783e-06,2.306255165251514e-06,2.4776889557074354e-06
11,3343.0,3925.0,3012.0,6355.0,3182.0,5695.0,3235.0,6368.0,3015.0,3932.0,3679.0,6445.0,2688.0,3376.0,4005.0,6397.0,2536.0,2032.0,4068.0,6238.0,2699.0,1376.0,3516.0,5996.0,6.430511562527385e-07,3.5933794664799736e-07,4.623063764768176e-07,4.3423714637569334e-07,4.476030390350161e-07,3.3133120442130346e-07,4.885508419221196e-07,2.803631411225638e-07,3.670949450054195e-07,5.314734367729557e-07,3.783027131376571e-07,3.903363018480377e-07,1.3567110931376191e-06,1.1614928780829815e-06,9.288973201222462e-07,2.37243977056778e-06,2.5449681979807794e-06,2.535537076141736e-06
12,3392.0,3994.0,2963.0,6355.0,3235.0,5726.0,3177.0,6368.0,3008.0,3740.0,3663.0,6445.0,2657.0,3439.0,3997.0,6397.0,2489.0,2029.0,4107.0,6238.0,2777.0,1313.0,3406.0,5996.0,6.22863504553095e-07,3.5934737719856005e-07,4.382565658573867e-07,4.1786944212418573e-07,4.7574984624532137e-07,3.423686697843209e-07,5.192098279849234e-07,3.055263452864665e-07,3.7059213222789823e-07,4.893754496322344e-07,3.7986315879123823e-07,3.584837056180845e-07,1.3156307589667904e-06,1.0999682357919482e-06,9.880223862097637e-07,2.51666212687951e-06,2.655246323456595e-06,2.6415936346779743e-06
13,3417.0,3844.0,2938.0,6355.0,3291.0,5620.0,3114.0,6368.0,3086.0,3742.0,3608.0,6445.0,2715.0,3300.0,3922.0,6397.0,2605.0,1995.0,3967.0,6238.0,2830.0,1354.0,3340.0,5996.0,6.217710275535637e-07,3.5305583934786003e-07,4.2043637014899107e-07,3.9087386530667346e-07,4.932502834797959e-07,3.517464122850811e-07,4.941964180318337e-07,2.7721282510384524e-07,3.841417432823846e-07,4.940763960874505e-07,3.6437893724894366e-07,3.903153931048564e-07,1.3656277615723411e-06,1.065118901834694e-06,9.48676747555055e-07,2.5954364830624853e-06,2.6914380878793053e-06,2.560962416964685e-06
14,3436.0,3902.0,2919.0,6355.0,3306.0,5513.0,3109.0,6368.0,3024.0,3847.0,3652.0,6445.0,2749.0,3266.0,3904.0,6397.0,2607.0,2021.0,3934.0,6238.0,2759.0,1369.0,3421.0,5996.0,6.310751478508791e-07,3.6488235489429144e-07,4.205796029523867e-07,4.2240869525755896e-07,4.749605346958674e-07,3.3178292571989234e-07,4.698572682855229e-07,2.820411286776903e-07,3.8181118222269105e-07,4.820764657225141e-07,3.553889678471478e-07,3.728244454563878e-07,1.3170846063275122e-06,1.1634216805305186e-06,1.0092274906412514e-06,2.4163565345816096e-06,2.3959879957260455e-06,2.4201091316626844e-06
15,3445.0,3777.0,2910.0,6355.0,3311.0,5482.0,3092.0,6368.0,3051.0,3785.0,3613.0,6445.0,2814.0,3252.0,3818.0,6397.0,2597.0,2019.0,3945.0,6238.0,2907.0,1359.0,3267.0,5996.0,6.156392725245041e-07,3.509342872938248e-07,4.370417155641348e-07,4.0347969972742705e-07,4.98042975948465e-07,3.1289151324642716e-07,4.821960132375124e-07,2.7470575655996757e-07,3.7495840908263745e-07,5.432905375215569e-07,3.8988203455403437e-07,3.855716252942898e-07,1.3007282782098172e-06,1.134641782783774e-06,1.0045884903604473e-06,2.701491665732192e-06,2.6466022440558846e-06,2.80265628248344e-06
16,3439.0,3751.0,2916.0,6355.0,3347.0,5401.0,3055.0,6368.0,3173.0,3695.0,3506.0,6445.0,2829.0,3244.0,3821.0,6397.0,2699.0,1974.0,3839.0,6238.0,2875.0,1372.0,3294.0,5996.0,6.521611475704958e-07,3.641417779221001e-07,4.322980636572993e-07,4.221426443216103e-07,4.964327094612031e-07,3.454837158471946e-07,4.932216181714466e-07,2.837406649902618e-07,3.7354968907266086e-07,5.011753898926941e-07,3.668561383207702e-07,3.910321853624055e-07,1.3139958881538404e-06,1.2133273307028958e-06,9.920830754026612e-07,2.488583092031149e-06,2.38528421908768e-06,2.652108547579246e-06
17,3512.0,3633.0,2843.0,6355.0,3413.0,5411.0,2992.0,6368.0,3181.0,3609.0,3497.0,6445.0,2887.0,3264.0,3745.0,6397.0,2734.0,1920.0,3817.0,6238.0,2956.0,1279.0,3208.0,5996.0,6.482676473353876e-07,3.772471953027434e-07,4.4945870630641594e-07,4.0096581000170774e-07,4.917101770587351e-07,3.4023968354546243e-07,4.458898217833962e-07,2.8009702402442825e-07,3.8933277228636596e-07,5.274494090272697e-07,3.9089806078607123e-07,3.7590810487841963e-07,1.3266421000821537e-06,1.1199134127366506e-06,9.549207916279556e-07,2.3586860941691158e-06,2.7555262304872487e-06,2.7141227960214563e-06
18,3521.0,3593.0,2834.0,6355.0,3483.0,5261.0,2927.0,6368.0,3248.0,3496.0,3417.0,6445.0,2914.0,3232.0,3716.0,6397.0,2833.0,1916.0,3710.0,6238.0,3052.0,1250.0,3111.0,5996.0,6.189056172729579e-07,3.6255664726070335e-07,4.2044559635456836e-07,4.213200996900923e-07,5.042506532788594e-07,3.5616224425893963e-07,4.7378005052678416e-07,2.9747759658249604e-07,3.866594835670867e-07,5.224426655559e-07,4.0661141496656227e-07,3.829041081857554e-07,1.3808691140866358e-06,1.1542986420636226e-06,1.053625402335001e-06,2.5513982436109474e-06,2.7039989830655033e-06,2.8761318232000122e-06
19,3548.0,3624.0,2807.0,6355.0,3461.0,5221.0,2945.0,6368.0,3291.0,3524.0,3345.0,6445.0,2973.0,3110.0,3639.0,6397.0,2833.0,1923.0,3696.0,6238.0,3032.0,1259.0,3142.0,5996.0,6.275327249625206e-07,3.769007940448432e-07,4.166907920648555e-07,3.967446339885328e-07,5.074147699346554e-07,3.5373782538528076e-07,4.803090778437991e-07,3.070369435747011e-07,3.725587179133072e-07,4.959274157769755e-07,3.877681096184915e-07,3.7148918001861375e-07,1.3924398601830035e-06,1.0959939839949584e-06,1.0581306411552304e-06,2.679761590229646e-06,2.6241536596671722e-06,2.6019318446515173e-06
20,3576.0,3560.0,2779.0,6355.0,3529.0,5111.0,2879.0,6368.0,3331.0,3472.0,3342.0,6445.0,2976.0,3164.0,3642.0,6397.0,2902.0,1881.0,3655.0,6238.0,3074.0,1223.0,3053.0,5996.0,6.737541885755149e-07,3.821760246296435e-07,4.3477938914548986e-07,4.0414745303607445e-07,4.799618673203554e-07,3.39342418648414e-07,4.855261801637312e-07,3.1463344956961237e-07,3.636460470275438e-07,5.039953032195399e-07,3.673202957799049e-07,3.8964281642250854e-07,1.4084255886075424e-06,1.1023165297388005e-06,1.1134777870154266e-06,2.553675670355915e-06,2.832875172316562e-06,2.9381321257631045e-06
21,3601.0,3458.0,2754.0,6355.0,3519.0,5090.0,2883.0,6368.0,3366.0,3379.0,3291.0,6445.0,3080.0,3035.0,3550.0,6397.0,2882.0,1942.0,3623.0,6238.0,3185.0,1262.0,2942.0,5996.0,6.219843299533067e-07,3.7960532399949895e-07,4.219195068841941e-07,3.667019685380524e-07,5.298594231035736e-07,3.5504632717220377e-07,4.899119536005969e-07,3.1891026482355753e-07,3.8087113784257553e-07,5.559918419777433e-07,3.9881821206932953e-07,4.0201352199176197e-07,1.3553929030365452e-06,1.2437010194901177e-06,1.1123108334913923e-06,2.7119489816982422e-06,2.8753582438412196e-06,2.89257361515638e-06
22,3594.0,3441.0,2761.0,6355.0,3550.0,5074.0,2864.0,6368.0,3419.0,3381.0,3232.0,6445.0,3095.0,3006.0,3516.0,6397.0,2864.0,1936.0,3621.0,6238.0,3214.0,1225.0,2929.0,5996.0,6.663971946281322e-07,3.9753051819957363e-07,4.2063340821840713e-07,3.905540962989562e-07,5.788681264604634e-07,3.4645275191280686e-07,4.552542188065445e-07,3.19955564222596e-07,3.819851187216727e-07,5.219590275089558e-07,3.654515130833147e-07,4.0666206476203117e-07,1.2960182521339903e-06,1.1364379604970054e-06,1.09849386333849e-06,2.8246618268781276e-06,2.6962836806774248e-06,2.86919253383644e-06
23,3667.0,3447.0,2688.0,6355.0,3606.0,4874.0,2802.0,6368.0,3455.0,3346.0,3181.0,6445.0,3082.0,3063.0,3529.0,6397.0,2982.0,1843.0,3510.0,6238.0,3234.0,1200.0,2888.0,5996.0,6.213738779479172e-07,3.6516064518821165e-07,4.5256549633165835e-07,4.1590662002022327e-07,5.227419894637819e-07,3.345416425872827e-07,4.82466957784311e-07,3.0981857199208205e-07,3.6732189052912646e-07,5.633971863545639e-07,3.5147953543912536e-07,4.3443961782685393e-07,1.3511008025375303e-06,1.2249581763796868e-06,1.1886714857212155e-06,2.5760932741718534e-06,2.777313235640122e-06,2.8742426963219714e-06
24,3650.0,3425.0,2705.0,6355.0,3655.0,4800.0,2750.0,6368.0,3472.0,3277.0,3159.0,6445.0,3173.0,3029.0,3419.0,6397.0,2983.0,1822.0,3543.0,6238.0,3275.0,1238.0,2853.0,5996.0,6.434696966906017e-07,3.7073613030713657e-07,4.307617645480377e-07,4.0501237224077613e-07,5.370159083355474e-07,3.6003540477480554e-07,5.00834582730647e-07,3.1025893852643096e-07,3.6000055406759656e-07,5.281191864625612e-07,3.8300622146891785e-07,4.0668422020928574e-07,1.4585760204397502e-06,1.1905019501625701e-06,1.0786318393343209e-06,2.7088395630983086e-06,2.777032610083552e-06,2.6930207282021e-06
25,3691.0,3337.0,2664.0,6355.0,3694.0,4731.0,2706.0,6368.0,3523.0,3277.0,3106.0,6445.0,3190.0,2979.0,3399.0,6397.0,3037.0,1787.0,3435.0,6238.0,3326.0,1227.0,2793.0,5996.0,6.424772242823452e-07,3.8073521983506e-07,4.3467579406097913e-07,4.0063607470841587e-07,5.647572051827865e-07,3.6340895110953396e-07,4.923549877915434e-07,3.1205365556274954e-07,3.6326575234113536e-07,5.264769821806681e-07,3.9577395864398566e-07,4.217223925166991e-07,1.3544062324513106e-06,1.1741912933018738e-06,1.1443300790290322e-06,2.5366605478325253e-06,2.8290986447814246e-06,2.7432861962779496e-06
26,3728.0,3324.0,2627.0,6355.0,3714.0,4639.0,2694.0,6368.0,3528.0,3198.0,3093.0,6445.0,3241.0,2925.0,3337.0,6397.0,3138.0,1754.0,3349.0,6238.0,3413.0,1197.0,2717.0,5996.0,6.400913545689946e-07,4.087353128312543e-07,4.376349239478827e-07,4.242467948571971e-07,5.148874474656396e-07,3.372076941658975e-07,5.177174239676674e-07,3.005260120900743e-07,4.073495760223977e-07,5.481592021752136e-07,3.9184740504794033e-07,4.0851149931597773e-07,1.4557974499780358e-06,1.115389678432166e-06,1.1362512367156797e-06,2.5790615997038913e-06,2.85763552511753e-06,3.000095109200629e-06
27,3797.0,3191.0,2558.0,6355.0,3754.0,4527.0,2640.0,6368.0,3618.0,3167.0,3038.0,6445.0,3304.0,2903.0,3265.0,6397.0,3151.0,1761.0,3302.0,6238.0,3465.0,1161.0,2651.0,5996.0,6.30778287892042e-07,3.855568537218801e-07,4.3457887081643774e-07,3.6925598527659533e-07,5.423604025693863e-07,3.288005662369642e-07,4.888807296410392e-07,3.3490541218128554e-07,3.765733327441012e-07,5.207972057519328e-07,4.059871154282746e-07,4.132201470099517e-07,1.4103413600139447e-06,1.2172795078129183e-06,1.1870954431572046e-06,2.611660810828198e-06,3.0225266051218115e-06,2.808063290103746e-06
28,3792.0,3214.0,2563.0,6355.0,3812.0,4551.0,2582.0,6368.0,3702.0,2981.0,2916.0,6445.0,3398.0,2790.0,3168.0,6397.0,3182.0,1756.0,3290.0,6238.0,3504.0,1117.0,2610.0,5996.0,6.308433789286027e-07,3.8817825502235335e-07,4.5574724673258514e-07,3.9577178426952743e-07,5.746971453675087e-07,3.566397507981378e-07,5.122299614583881e-07,3.264374990052943e-07,3.53620977762148e-07,5.463790707693761e-07,3.953421320090911e-07,4.247557277068381e-07,1.4477323757944304e-06,1.2243725223015644e-06,1.2503113996871206e-06,2.6951236092145338e-06,3.004763781973452e-06,2.791481992971967e-06
29,3862.0,3176.0,2493.0,6355.0,3837.0,4392.0,2558.0,6368.0,3702.0,2980.0,2905.0,6445.0,3399.0,2781.0,3160.0,6397.0,3268.0,1722.0,3195.0,6238.0,3624.0,1056.0,2484.0,5996.0,6.413270135823268e-07,4.042901158882728e-07,4.4301907215782424e-07,3.974012414502681e-07,5.565104945191024e-07,3.4154271956055025e-07,4.689784848039835e-07,3.5347192121548686e-07,3.8050679576429046e-07,5.392272217150662e-07,4.05943323819713e-07,4.2432298251782183e-07,1.4038057507264056e-06,1.2176151134326573e-06,1.2891732241655519e-06,2.7637672433229453e-06,2.9379042492791998e-06,3.1217493096278303e-06
30,3869.0,2942.0,2486.0,6355.0,3877.0,4326.0,2513.0,6368.0,3776.0,3086.0,2832.0,6445.0,3476.0,2732.0,3085.0,6397.0,3263.0,1730.0,3186.0,6238.0,3637.0,1085.0,2458.0,5996.0,6.810550275204718e-07,3.9385164109972947e-07,4.5087531946563787e-07,3.980658560607253e-07,6.117554811453374e-07,3.4675774078607444e-07,4.990003960756439e-07,3.3038790559203337e-07,3.6818811015848494e-07,5.427212505608736e-07,4.0950977639653276e-07,4.455080932572741e-07,1.3728482349364412e-06,1.1753755570680368e-06,1.2222244284032512e-06,2.7709361019105926e-06,2.840031177441915e-06,2.96877323978606e-06
31,3921.0,3046.0,2434.0,6355.0,3931.0,4202.0,2473.0,6368.0,3809.0,2892.0,2797.0,6445.0,3495.0,2709.0,3046.0,6397.0,3396.0,1596.0,3019.0,6238.0,3671.0,1131.0,2427.0,5996.0,6.439373714499652e-07,4.05184826547611e-07,4.3531535803253973e-07,4.1339369487047864e-07,5.888979332624445e-07,3.4382859713844025e-07,4.753401963881743e-07,3.173928363011669e-07,3.708632880687901e-07,5.372372019749605e-07,3.905940769257654e-07,4.475480399577236e-07,1.5199115031236943e-06,1.3890303344510358e-06,1.2459899730004055e-06,2.800784445412319e-06,3.0004386273958517e-06,2.9016269796215964e-06
32,3963.0,2896.0,2392.0,6355.0,3965.0,4231.0,2431.0,6368.0,3834.0,2885.0,2771.0,6445.0,3546.0,2629.0,2984.0,6397.0,3406.0,1629.0,3020.0,6238.0,3775.0,1040.0,2327.0,5996.0,6.594887721718123e-07,4.1024840025727374e-07,4.28184316547231e-07,4.000944887110336e-07,5.856087968858503e-07,3.4828380968576766e-07,4.778013698683026e-07,3.246071356031166e-07,3.8361838309697304e-07,5.952155717636742e-07,4.230450772837457e-07,4.206688076209275e-07,1.5137660554671584e-06,1.189667195873767e-06,1.240260771425028e-06,2.8319729838699457e-06,3.047661960977166e-06,2.931732928459496e-06
33,3965.0,2779.0,2390.0,6355.0,3974.0,4108.0,2423.0,6368.0,3918.0,2806.0,2685.0,6445.0,3610.0,2665.0,2948.0,6397.0,3427.0,1643.0,3004.0,6238.0,3848.0,1056.0,2241.0,5996.0,6.364762018264969e-07,4.208530474016925e-07,4.3384341295649164e-07,3.873622736634275e-07,5.775141543509221e-07,3.309764510177615e-07,5.081604053103206e-07,3.5755420578453825e-07,3.975588355160653e-07,5.384388087179559e-07,4.0256277150518826e-07,4.597092941764913e-07,1.3853595660009431e-06,1.2958508418989824e-06,1.2781150131502273e-06,2.8476819949787567e-06,2.866997839589658e-06,3.0308129105947047e-06
34,4034.0,2844.0,2321.0,6355.0,4044.0,3937.0,2351.0,6368.0,3968.0,2768.0,2638.0,6445.0,3660.0,2547.0,2869.0,6397.0,3537.0,1581.0,2861.0,6238.0,3828.0,1051.0,2253.0,5996.0,6.451086009349183e-07,3.891781177713938e-07,4.457299911493351e-07,3.941561245426328e-07,6.230012506449612e-07,3.3830736484219415e-07,5.059473197306374e-07,3.6511934802518906e-07,3.711526276930499e-07,6.078112469438679e-07,4.0995257749898427e-07,4.480289729542619e-07,1.6079912496138605e-06,1.2394679295795185e-06,1.2717286557233364e-06,2.8360837284822083e-06,2.7933733161944474e-06,3.08988585015868e-06
35,4067.0,2734.0,2288.0,6355.0,4113.0,3772.0,2276.0,6368.0,4037.0,2674.0,2543.0,6445.0,3792.0,2486.0,2727.0,6397.0,3609.0,1548.0,2803.0,6238.0,3955.0,1012.0,2122.0,5996.0,6.775268300032167e-07,4.533017935912653e-07,4.6490690696288085e-07,3.829426872101749e-07,5.840555257847768e-07,3.569011938466815e-07,5.488041616601436e-07,3.059593134508987e-07,3.875447721100045e-07,5.862500012696614e-07,4.136812365800324e-07,4.745679889879284e-07,1.5483088464236515e-06,1.24110402828137e-06,1.3106765474049099e-06,2.783408960738143e-06,3.0455077607030036e-06,3.2264219049125132e-06
36,4124.0,2671.0,2231.0,6355.0,4111.0,3750.0,2288.0,6368.0,4117.0,2678.0,2473.0,6445.0,3780.0,2378.0,2733.0,6397.0,3695.0,1504.0,2705.0,6238.0,4004.0,987.0,2070.0,5996.0,6.673418023055433e-07,3.995980371840346e-07,4.2560753029619037e-07,4.2369596829416877e-07,5.773274474378809e-07,3.4405228662137685e-07,5.472386262681539e-07,3.3694738732492624e-07,3.861461363854346e-07,5.490101971190598e-07,4.148228099722928e-07,4.672698026624289e-07,1.5985255751331806e-06,1.310297947327399e-06,1.2579066483908719e-06,2.989783342371766e-06,2.8905216097996343e-06,3.137946955746429e-06
37,4171.0,2590.0,2184.0,6355.0,4205.0,3690.0,2188.0,6368.0,4113.0,2524.0,2465.0,6445.0,3850.0,2416.0,2648.0,6397.0,3747.0,1445.0,2660.0,6238.0,4095.0,953.0,1991.0,5996.0,6.500153759603222e-07,4.059538786833627e-07,4.640222227649815e-07,4.062534846411836e-07,6.462278386720755e-07,3.2927669903415336e-07,5.095997087920523e-07,3.5424259753824573e-07,3.730561668859878e-07,5.857866887168939e-07,4.117803306016299e-07,4.574325509807409e-07,1.6276831281345494e-06,1.3186100641462418e-06,1.3690586729637744e-06,2.8743264243189514e-06,2.9649816950723105e-06,3.0270425407934455e-06
38,4145.0,2564.0,2210.0,6355.0,4247.0,3535.0,2148.0,6368.0,4234.0,2471.0,2354.0,6445.0,3900.0,2340.0,2598.0,6397.0,3796.0,1505.0,2585.0,6238.0,4129.0,933.0,1945.0,5996.0,6.596349091907427e-07,3.9958955545671415e-07,4.309095158987475e-07,4.4109435394545924e-07,5.828340251028407e-07,3.527922970221198e-07,5.206653535339001e-07,3.615034202439915e-07,3.7089767688058827e-07,5.979784212470918e-07,4.220935404504189e-07,4.6293027756405536e-07,1.5776073236395405e-06,1.283526430626125e-06,1.3056393543422473e-06,3.0916232281867904e-06,2.9534764576624185e-06,3.1786466429366557e-06
39,4222.0,2449.0,2133.0,6355.0,4216.0,3540.0,2183.0,6368.0,4256.0,2468.0,2306.0,6445.0,3966.0,2284.0,2533.0,6397.0,3867.0,1409.0,2540.0,6238.0,4181.0,941.0,1883.0,5996.0,6.445742684562105e-07,4.2519574842714294e-07,4.3170624460486805e-07,4.2959227987893203e-07,6.154827627113946e-07,3.382642724858442e-07,5.457495814411573e-07,3.345996028230047e-07,4.0399490042375417e-07,5.77433958120821e-07,3.999680430339936e-07,4.670316981645328e-07,1.590026586654858e-06,1.4422439952284094e-06,1.3107614513501175e-06,2.7360760402359574e-06,3.0090988006179487e-06,3.1171424215017398e-06
40,4253.0,2523.0,2102.0,6355.0,4273.0,3414.0,2117.0,6368.0,4307.0,2378.0,2254.0,6445.0,4010.0,2261.0,2486.0,6397.0,3823.0,1395.0,2533.0,6238.0,4244.0,918.0,1821.0,5996.0,6.588700507350608e-07,4.2227232570724027e-07,4.4249886327918376e-07,4.065866503353277e-07,6.41338760800636e-07,3.474943198540359e-07,5.625140015368401e-07,3.551564687072073e-07,3.9704584941802066e-07,6.034997236312734e-07,4.49205859545998e-07,4.5880141349385896e-07,1.56612114446375e-06,1.3778429309923013e-06,1.292480892857384e-06,2.8091400359357978e-06,3.2135097938521538e-06,3.1375262095707513e-06
41,4267.0,2382.0,2088.0,6355.0,4352.0,3367.0,2041.0,6368.0,4343.0,2272.0,2224.0,6445.0,4146.0,2192.0,2344.0,6397.0,3917.0,1372.0,2469.0,6238.0,4292.0,897.0,1766.0,5996.0,6.545358791072431e-07,4.4592284345412735e-07,4.4138024175310877e-07,4.0215737688242824e-07,6.609696522943409e-07,3.367100538653744e-07,6.299104701454894e-07,3.4492400774155386e-07,3.803475338060025e-07,5.896914073417747e-07,4.4477735676196064e-07,4.966219706545872e-07,1.5406595598221885e-06,1.3732427312902474e-06,1.271317939540495e-06,3.098104392336154e-06,2.99586064511459e-06,2.9776687073308494e-06
42,4300.0,2364.0,2055.0,6355.0,4418.0,3307.0,1969.0,6368.0,4405.0,2152.0,2173.0,6445.0,4196.0,2029.0,2285.0,6397.0,3992.0,1363.0,2369.0,6238.0,4369.0,904.0,1687.0,5996.0,6.525524271978611e-07,4.396720978760982e-07,4.35531008868395e-07,4.162578661492944e-07,6.929457541673401e-07,3.444415073445839e-07,6.121504033060887e-07,3.39301643798251e-07,3.6125817977961104e-07,6.884985419759459e-07,4.1548133479807347e-07,4.569011929689282e-07,1.5794891056373216e-06,1.3451660746852668e-06,1.30638920114734e-06,2.88724879885649e-06,3.09463122488296e-06,2.964387339488894e-06
43,4364.0,2251.0,1991.0,6355.0,4427.0,3189.0,1956.0,6368.0,4425.0,2125.0,2113.0,6445.0,4222.0,2098.0,2251.0,6397.0,4036.0,1360.0,2318.0,6238.0,4445.0,857.0,1627.0,5996.0,6.837417035256976e-07,4.27780508267972e-07,4.1038462945408585e-07,4.185918376649056e-07,6.718025810172889e-07,3.4564728653663225e-07,5.535773455491722e-07,3.818537916586706e-07,3.832132188179571e-07,6.30578832357287e-07,4.3113020352336664e-07,4.57215710397918e-07,1.4834843271387398e-06,1.3790119436123405e-06,1.3734539367078468e-06,3.033676164875487e-06,3.200816267337814e-06,3.072086117811068e-06
44,4428.0,2224.0,1927.0,6355.0,4451.0,3100.0,1940.0,6368.0,4504.0,2063.0,2059.0,6445.0,4311.0,1992.0,2172.0,6397.0,4124.0,1270.0,2225.0,6238.0,4461.0,871.0,1586.0,5996.0,6.937538261198029e-07,4.3241296607732236e-07,4.0513427732946636e-07,4.1185052258896346e-07,6.656525905341937e-07,3.3911654527685187e-07,5.565347371714324e-07,3.4873177816763244e-07,4.112367556601271e-07,6.053670990908699e-07,4.4963722481128343e-07,4.695923740172248e-07,1.593551512854674e-06,1.3756732235208346e-06,1.2989506806206918e-06,3.0103233019644905e-06,3.0677886127250533e-06,3.216896374112821e-06
45,4479.0,2189.0,1876.0,6355.0,4508.0,2888.0,1887.0,6368.0,4560.0,1960.0,2000.0,6445.0,4369.0,2028.0,2094.0,6397.0,4198.0,1235.0,2142.0,6238.0,4558.0,827.0,1479.0,5996.0,6.396777453403502e-07,4.3196669705736214e-07,4.46088174349768e-07,4.269444457811744e-07,6.533414434244378e-07,3.34459280324495e-07,5.520417551707624e-07,3.5703295599631704e-07,3.902152393138181e-07,6.216189074663703e-07,4.852061110156569e-07,4.795239066481827e-07,1.6158672988524358e-06,1.3677391133910532e-06,1.2664960157451333e-06,3.0314229466625876e-06,3.05562232193779e-06,3.066096822237796e-06
46,4536.0,2038.0,1819.0,6355.0,4538.0,2872.0,1855.0,6368.0,4636.0,1940.0,1915.0,6445.0,4427.0,1938.0,2046.0,6397.0,4267.0,1186.0,2064.0,6238.0,4608.0,813.0,1435.0,5996.0,6.778805561751255e-07,4.533192326192648e-07,4.0906527085127207e-07,3.977544958075896e-07,6.76858881355713e-07,3.3203536690251665e-07,5.641561277087703e-07,3.6198431959633127e-07,3.9048583352752076e-07,6.214385494160979e-07,4.7232882957359836e-07,4.794305189221859e-07,1.7707207584294338e-06,1.4757194070966762e-06,1.28561891332879e-06,3.0448671164435835e-06,3.1223496916368274e-06,2.8789042464723026e-06
47,4577.0,1996.0,1778.0,6355.0,4611.0,2663.0,1777.0,6368.0,4696.0,1914.0,1845.0,6445.0,4509.0,1855.0,1948.0,6397.0,4343.0,1171.0,1994.0,6238.0,4710.0,754.0,1336.0,5996.0,6.819241554723021e-07,4.367457409415465e-07,4.3429420936291765e-07,4.27031710700021e-07,6.312024731016664e-07,3.3293167846082383e-07,5.788862871156652e-07,3.6032013836972963e-07,4.162213157599126e-07,6.342797420941793e-07,4.50419533422064e-07,4.7605134793826665e-07,1.6295383369424599e-06,1.5243308895378506e-06,1.3534206194094623e-06,3.1568076853432104e-06,3.129234236155298e-06,3.064544910614586e-06
48,4612.0,1883.0,1743.0,6355.0,4655.0,2623.0,1733.0,6368.0,4766.0,1811.0,1767.0,6445.0,4592.0,1841.0,1871.0,6397.0,4376.0,1135.0,1947.0,6238.0,4746.0,759.0,1286.0,5996.0,7.209047796905566e-07,4.433801566250395e-07,4.2647340821133637e-07,4.3758001120153266e-07,6.857415827354885e-07,3.137956747281123e-07,5.933769308938963e-07,3.7465965131389114e-07,3.764092192639623e-07,6.4917636291284e-07,4.6857662657373567e-07,4.5150333827592704e-07,1.6983916362960372e-06,1.436626991733192e-06,1.3354940150236417e-06,3.099500079287054e-06,3.183776560661045e-06,3.333867489459408e-06
49,4662.0,1840.0,1693.0,6355.0,4704.0,2547.0,1681.0,6368.0,4833.0,1694.0,1697.0,6445.0,4597.0,1777.0,1861.0,6397.0,4434.0,1137.0,1900.0,6238.0,4843.0,731.0,1194.0,5996.0,6.83081183396439e-07,4.6941939552169745e-07,4.140094485052259e-07,4.420170486625352e-07,6.288914973566761e-07,3.245981244148766e-07,5.345151372964096e-07,3.873649868282314e-07,4.10333086421133e-07,6.073120106364627e-07,4.581466529813838e-07,4.7120111560872145e-07,1.6853740559952258e-06,1.4585963327249373e-06,1.3294346030363612e-06,3.221610665036678e-06,3.028158384836388e-06,3.3458516349185176e-06
50,4733.0,1740.0,1622.0,6355.0,4723.0,2424.0,1655.0,6368.0,4871.0,1658.0,1644.0,6445.0,4683.0,1725.0,1771.0,6397.0,4523.0,1064.0,1795.0,6238.0,4937.0,718.0,1094.0,5996.0,6.905858741390603e-07,4.6735830980537685e-07,4.1124526582336786e-07,4.255123761041091e-07,6.667638200354986e-07,3.46749551667358e-07,6.167688612208621e-07,3.745978119908955e-07,3.9089734207919947e-07,6.587757074854039e-07,4.5474450060112306e-07,4.7477520727312593e-07,1.727527286931263e-06,1.515245436934265e-06,1.3340943125825789e-06,3.07869067142974e-06,3.304577866799718e-06,3.24149163338916e-06
51,4766.0,1719.0,1589.0,6355.0,4783.0,2418.0,1598.0,6368.0,4926.0,1550.0,1599.0,6445.0,4790.0,1626.0,1665.0,6397.0,4577.0,1031.0,1744.0,6238.0,4933.0,680.0,1105.0,5996.0,7.115115286637775e-07,4.5113373838745473e-07,4.200860288392505e-07,4.2242746071252666e-07,6.9051085447569e-07,3.508549086035373e-07,5.731822792114372e-07,3.782351134447026e-07,4.1171655121985393e-07,6.499098018863947e-07,4.755204649811162e-07,4.814317696357762e-07,1.7671589619112638e-06,1.5105471467222742e-06,1.305608598585195e-06,3.1619704730871943e-06,3.1082056318041396e-06,2.973308683351661e-06
52,4779.0,1625.0,1576.0,6355.0,4848.0,2266.0,1529.0,6368.0,4985.0,1546.0,1550.0,6445.0,4833.0,1605.0,1612.0,6397.0,4630.0,1014.0,1664.0,6238.0,5000.0,668.0,1027.0,5996.0,7.165607586188117e-07,4.791624272186823e-07,4.2677483503439363e-07,4.456099782430556e-07,7.276739868160576e-07,3.515704082985849e-07,5.793890860701367e-07,3.985508295087925e-07,3.75982026433519e-07,6.652582805202201e-07,4.6772213556067755e-07,4.6180686360486335e-07,1.7814793470449787e-06,1.5048756830253752e-06,1.2502644403582508e-06,3.1187214055421463e-06,3.305561278921232e-06,3.2127248021538434e-06
53,4850.0,1526.0,1505.0,6355.0,4910.0,2137.0,1468.0,6368.0,5053.0,1439.0,1474.0,6445.0,4907.0,1599.0,1526.0,6397.0,4692.0,985.0,1613.0,6238.0,5052.0,649.0,974.0,5996.0,7.478365187409964e-07,4.5081702332794295e-07,4.193498582694133e-07,4.606054105025237e-07,6.79523851871977e-07,3.411125116095093e-07,6.195165890545696e-07,3.7332475603335526e-07,4.0706750343844077e-07,6.867481658971997e-07,5.095741709340018e-07,4.7661663175802005e-07,1.7088485248564211e-06,1.5970676951440055e-06,1.31113482643741e-06,3.3072335103270234e-06,3.358820057144385e-06,3.1900951340162466e-06
54,4884.0,1586.0,1471.0,6355.0,4923.0,1992.0,1455.0,6368.0,5100.0,1476.0,1431.0,6445.0,4934.0,1493.0,1512.0,6397.0,4749.0,963.0,1544.0,6238.0,5096.0,603.0,935.0,5996.0,6.824917721957035e-07,4.6657446538489466e-07,3.932812506874939e-07,4.2346745882326786e-07,7.280415323407397e-07,3.431407931842045e-07,5.856910754715728e-07,3.6077233292530764e-07,4.330477209109063e-07,6.358661740577532e-07,5.058315637924693e-07,4.561575881467661e-07,1.7372688388661572e-06,1.6656249154891612e-06,1.2101746542043656e-06,3.240027791605371e-06,3.2673828882820997e-06,2.8840236296332476e-06
55,4937.0,1432.0,1418.0,6355.0,4978.0,1970.0,1402.0,6368.0,5137.0,1312.0,1367.0,6445.0,5042.0,1443.0,1394.0,6397.0,4854.0,945.0,1432.0,6238.0,5167.0,582.0,847.0,5996.0,7.197435208325942e-07,4.474372090612633e-07,3.9068635501848806e-07,4.3151410855557516e-07,7.160893916591249e-07,3.3764709858985497e-07,5.669737448883439e-07,3.7368989569586117e-07,4.101464054713233e-07,6.523403356410995e-07,4.828401147278783e-07,4.901801970902398e-07,1.78762930337939e-06,1.5203013815892064e-06,1.3261339626069457e-06,3.3610413848350617e-06,3.433915223411077e-06,2.980725377256022e-06
56,5010.0,1400.0,1345.0,6355.0,5013.0,1787.0,1367.0,6368.0,5219.0,1376.0,1294.0,6445.0,5103.0,1342.0,1329.0,6397.0,4872.0,943.0,1422.0,6238.0,5163.0,571.0,853.0,5996.0,7.052714581874398e-07,4.6953317495024293e-07,4.1162367200087145e-07,4.585009350250857e-07,7.572769877697283e-07,3.4837668014375825e-07,6.24875868894037e-07,3.698606077975342e-07,4.177013609520941e-07,7.124097941613172e-07,4.767486705929969e-07,4.719642142703151e-07,1.7152017862258618e-06,1.6196325869941575e-06,1.3089757728721452e-06,3.287466970505193e-06,3.1514503018570396e-06,2.984678969085053e-06
57,5018.0,1374.0,1337.0,6355.0,5023.0,1801.0,1357.0,6368.0,5256.0,1212.0,1255.0,6445.0,5149.0,1363.0,1275.0,6397.0,4945.0,836.0,1347.0,6238.0,5239.0,583.0,773.0,5996.0,6.899871016585735e-07,4.870459610515354e-07,4.4688249255386836e-07,4.731548036218669e-07,7.044613171061087e-07,3.6048598433779945e-07,6.125062232413825e-07,3.6140481894619827e-07,4.3605758183673516e-07,7.073792533702772e-07,4.922010845263003e-07,4.7595511640707853e-07,1.8350392865613685e-06,1.5581700867244307e-06,1.2581828349027547e-06,3.0865536090232125e-06,3.4217971522139125e-06,3.058229807436419e-06
58,5097.0,1243.0,1258.0,6355.0,5134.0,1680.0,1244.0,6368.0,5334.0,1162.0,1163.0,6445.0,5215.0,1303.0,1211.0,6397.0,4966.0,859.0,1325.0,6238.0,5299.0,507.0,716.0,5996.0,7.444466560571072e-07,4.50869819331956e-07,4.4043419892147996e-07,4.826807989104509e-07,7.244163148101279e-07,3.2088799644469647e-07,5.764579406246639e-07,3.742914380140405e-07,4.312429421275965e-07,7.377414659401893e-07,5.064155324703279e-07,4.882724131434202e-07,1.8177406658139716e-06,1.6470787059006398e-06,1.2834578502065596e-06,3.5437653563690217e-06,3.569942463343523e-06,3.0371988096362655e-06
59,5125.0,1208.0,1230.0,6355.0,5135.0,1581.0,1241.0,6368.0,5353.0,1159.0,1140.0,6445.0,5294.0,1234.0,1138.0,6397.0,5079.0,771.0,1196.0,6238.0,5336.0,524.0,689.0,5996.0,6.959193551026033e-07,4.862817458146651e-07,4.356201122419634e-07,4.834300376828082e-07,7.43677827870215e-07,3.364574019926181e-07,5.831638806839123e-07,3.758060748140224e-07,4.6254566115067065e-07,7.014190398564324e-07,4.950611557248408e-07,4.781404292586444e-07,1.7107258818214178e-06,1.66976909494565e-06,1.2766895990523609e-06,3.4432038995362292e-06,3.257387695782654e-06,3.0858153661483813e-06
60,5147.0,1186.0,1208.0,6355.0,5163.0,1530.0,1218.0,6368.0,5395.0,1078.0,1106.0,6445.0,5359.0,1215.0,1064.0,6397.0,5089.0,787.0,1186.0,6238.0,5371.0,479.0,639.0,5996.0,7.304072192013677e-07,4.5967575436378636e-07,4.1689887446949567e-07,4.967348401692106e-07,7.853725480160279e-07,3.1695316840796293e-07,6.310884364211234e-07,3.683212773708533e-07,4.366585262545186e-07,7.441611202239073e-07,5.347496736618495e-07,4.851884629317737e-07,1.8830350209384505e-06,1.555507310001758e-06,1.2810188324010595e-06,3.296340319820956e-06,3.2914080028945138e-06,3.2164522278890217e-06
61,5201.0,1076.0,1154.0,6355.0,5204.0,1479.0,1171.0,6368.0,5466.0,1060.0,1022.0,6445.0,5391.0,1139.0,1025.0,6397.0,5184.0,742.0,1098.0,6238.0,5402.0,455.0,613.0,5996.0,6.788154717654038e-07,4.632550202856578e-07,4.1746368356143647e-07,4.615304274082632e-07,7.674901193510664e-07,3.404864929095197e-07,6.324292150097222e-07,3.821442856661861e-07,4.56969140643082e-07,7.223345452942454e-07,5.422769847385212e-07,4.630704675605557e-07,1.9398040217026847e-06,1.6346304351770868e-06,1.306610838639699e-06,3.410289314047077e-06,3.3538627345137686e-06,2.980374649098394e-06
62,5257.0,1088.0,1098.0,6355.0,5271.0,1405.0,1104.0,6368.0,5501.0,987.0,993.0,6445.0,5464.0,1020.0,954.0,6397.0,5211.0,724.0,1069.0,6238.0,5449.0,422.0,568.0,5996.0,6.770564520621747e-07,4.694665827003064e-07,4.5383748926042244e-07,4.967713324361966e-07,7.467082916150503e-07,3.1606623202407033e-07,5.806591934103267e-07,3.9721884873245015e-07,4.5704997810247506e-07,7.300952617868006e-07,5.110163133252854e-07,4.91765849595538e-07,1.862777764358725e-06,1.5970598704200257e-06,1.2731132180476833e-06,3.303070094773375e-06,3.287436070309013e-06,3.3180692091718813e-06
63,5329.0,982.0,1026.0,6355.0,5327.0,1311.0,1047.0,6368.0,5582.0,900.0,895.0,6445.0,5511.0,1014.0,910.0,6397.0,5269.0,674.0,1005.0,6238.0,5482.0,418.0,527.0,5996.0,7.053952894224835e-07,4.7351089062885876e-07,4.6383006569783446e-07,5.042840338163046e-07,7.619129822984406e-07,3.270772462329319e-07,6.244482004547081e-07,3.485206254438822e-07,4.3883657271237555e-07,7.302054368523158e-07,5.214543948639516e-07,4.813455246548415e-07,1.9429419278935713e-06,1.6138630401201227e-06,1.2701982440859183e-06,3.546525914771337e-06,3.4096505773959505e-06,2.9413340562882694e-06
64,5346.0,934.0,1009.0,6355.0,5352.0,1277.0,1025.0,6368.0,5617.0,821.0,866.0,6445.0,5574.0,966.0,845.0,6397.0,5320.0,658.0,943.0,6238.0,5528.0,406.0,480.0,5996.0,7.095069900913131e-07,4.6608479520671154e-07,4.4796090954690727e-07,4.877879865077261e-07,7.943344697096677e-07,3.0507081621777843e-07,5.74610989886537e-07,3.9997152680371074e-07,4.4976006021357764e-07,7.428603832906333e-07,4.985109252473308e-07,5.007215706172019e-07,1.931311795090096e-06,1.6582730051766249e-06,1.2973414220311951e-06,3.5117593067184317e-06,3.5053137741556384e-06,2.870555870742919e-06
65,5390.0,878.0,965.0,6355.0,5400.0,1203.0,973.0,6368.0,5651.0,761.0,822.0,6445.0,5608.0,918.0,815.0,6397.0,5384.0,664.0,883.0,6238.0,5560.0,382.0,448.0,5996.0,6.806921630655438e-07,4.5448712752715894e-07,4.383941307395389e-07,5.065920000006941e-07,8.220130278075999e-07,3.1556214537431514e-07,6.743059296638875e-07,3.6228894587253534e-07,4.5997291946520136e-07,7.242939959297701e-07,5.292666022000958e-07,4.796009828140768e-07,1.944360844078119e-06,1.6428556436949292e-06,1.3464923620460923e-06,3.3342952698092177e-06,3.5949147624023682e-06,3.053217101410155e-06
66,5443.0,814.0,912.0,6355.0,5416.0,1126.0,958.0,6368.0,5695.0,786.0,775.0,6445.0,5641.0,911.0,769.0,6397.0,5409.0,598.0,848.0,6238.0,5580.0,380.0,424.0,5996.0,7.216564588148344e-07,4.5524938974494945e-07,4.685889764601825e-07,4.972675281322836e-07,8.143767720554252e-07,3.144320166867942e-07,6.395779369796628e-07,3.5923025718176406e-07,4.560868668761486e-07,7.042658762017595e-07,5.328963737269987e-07,4.45123014372939e-07,1.9717988770935336e-06,1.5871625295744706e-06,1.2784829670238195e-06,3.396022297579293e-06,3.6693177801794264e-06,3.0920880726057475e-06
67,5486.0,824.0,869.0,6355.0,5455.0,1065.0,919.0,6368.0,5729.0,712.0,747.0,6445.0,5720.0,821.0,690.0,6397.0,5465.0,532.0,791.0,6238.0,5615.0,375.0,388.0,5996.0,7.231806883964964e-07,4.7146466884129266e-07,4.3297843083678345e-07,5.032253324586122e-07,8.010235885862471e-07,3.1924827618468044e-07,6.202176228882195e-07,3.70518322704072e-07,4.7232686952725087e-07,7.420060159120112e-07,5.270289296746e-07,4.3738408881921487e-07,1.9095555381341e-06,1.7326012219598398e-06,1.2425770950983405e-06,3.4041927634120837e-06,3.389377384451109e-06,3.27739053653886e-06
68,5519.0,815.0,836.0,6355.0,5524.0,952.0,845.0,6368.0,5744.0,696.0,717.0,6445.0,5756.0,788.0,656.0,6397.0,5515.0,486.0,734.0,6238.0,5673.0,331.0,333.0,5996.0,7.040497851704686e-07,4.5432673473300154e-07,4.4620702568209936e-07,5.366914205495732e-07,8.417382900205439e-07,3.044434588730383e-07,6.09250843488951e-07,3.7300749348645466e-07,4.676204571723019e-07,7.242299129615049e-07,5.639136017663304e-07,4.4906125830834756e-07,2.1078818467969993e-06,1.7330787977130057e-06,1.2839834051163734e-06,3.5526605188920257e-06,3.6560916705070666e-06,3.036868998265163e-06
69,5562.0,727.0,793.0,6355.0,5544.0,915.0,831.0,6368.0,5800.0,660.0,672.0,6445.0,5819.0,750.0,595.0,6397.0,5554.0,475.0,697.0,6238.0,5671.0,322.0,334.0,5996.0,7.49537316686144e-07,4.6146893426168846e-07,4.301434425713069e-07,5.353823126625912e-07,8.019054383510138e-07,3.171019200536307e-07,6.856060704762967e-07,3.829359408982214e-07,4.5555322805057584e-07,7.304883244358962e-07,5.508249962176137e-07,4.772169824036609e-07,1.9572410012358432e-06,1.7530999243433598e-06,1.2656236278303367e-06,3.5047812783659538e-06,3.532686113658201e-06,2.842743050905483e-06
70,5590.0,688.0,765.0,6355.0,5571.0,897.0,799.0,6368.0,5842.0,650.0,624.0,6445.0,5846.0,691.0,558.0,6397.0,5590.0,457.0,662.0,6238.0,5688.0,289.0,317.0,5996.0,7.640704236919759e-07,4.443790403669823e-07,4.3902111175953e-07,5.306449142352676e-07,8.455298599869821e-07,2.8616552366855785e-07,6.229102585919577e-07,3.701395833743959e-07,5.016712947991664e-07,7.603698199005748e-07,5.463027664092124e-07,4.5010239023213216e-07,2.09785769848736e-06,1.7575841088302014e-06,1.2422717253173233e-06,3.661350178674638e-06,3.4859045438793147e-06,2.9877724500124715e-06
71,5644.0,654.0,711.0,6355.0,5609.0,788.0,762.0,6368.0,5879.0,591.0,582.0,6445.0,5887.0,650.0,518.0,6397.0,5613.0,471.0,636.0,6238.0,5718.0,295.0,281.0,5996.0,6.998829122082384e-07,4.56344932345587e-07,4.337819576889501e-07,5.020621303160055e-07,7.900868581529607e-07,3.09331770587562e-07,6.733562220588851e-07,3.7209225538248346e-07,4.593982319676115e-07,7.651904615784133e-07,5.637634969630767e-07,4.5341897611450576e-07,2.032662087430026e-06,1.692718078118105e-06,1.2436131147808282e-06,3.6373734249650626e-06,3.4185096995429376e-06,2.8551248685175778e-06
72,5675.0,561.0,680.0,6355.0,5654.0,735.0,715.0,6368.0,5931.0,552.0,528.0,6445.0,5933.0,636.0,476.0,6397.0,5676.0,418.0,572.0,6238.0,5741.0,287.0,259.0,5996.0,7.187040243437082e-07,4.6586460735653644e-07,4.455942435157567e-07,5.082880933997558e-07,8.255988280936322e-07,3.0825924189059605e-07,6.802673276524729e-07,3.9518714523012477e-07,4.815704094411899e-07,7.437223617472455e-07,5.664536953773335e-07,4.5631676761104245e-07,2.039984208209944e-06,1.7059484081016762e-06,1.1990910315944347e-06,3.5550032125115648e-06,3.563545168390192e-06,2.9303842663352953e-06
73,5742.0,528.0,613.0,6355.0,5691.0,711.0,677.0,6368.0,5943.0,498.0,525.0,6445.0,5957.0,578.0,451.0,6397.0,5713.0,389.0,532.0,6238.0,5782.0,267.0,216.0,5996.0,7.437406013153236e-07,4.7310033686898123e-07,4.5433957021856484e-07,5.670282530942927e-07,8.614380752476337e-07,2.912275787849694e-07,6.809518022095063e-07,3.783737184051006e-07,5.32677032232698e-07,7.507402490602999e-07,5.487321619241925e-07,4.6426586789749536e-07,2.09531470420643e-06,1.6419315820996872e-06,1.238738008709106e-06,3.846578592686001e-06,3.455701482380391e-06,3.017799169583668e-06
74,5730.0,549.0,625.0,6355.0,5727.0,675.0,642.0,6368.0,5947.0,478.0,513.0,6445.0,5982.0,557.0,418.0,6397.0,5724.0,383.0,525.0,6238.0,5788.0,259.0,214.0,5996.0,7.254589741236827e-07,4.581733325110804e-07,4.4526393256205663e-07,5.468823292602564e-07,8.935362502242583e-07,3.1500528928773976e-07,6.417831178069378e-07,3.6404641688392304e-07,5.219392857611637e-07,7.946713588680154e-07,5.9209369971569e-07,4.5778860279455103e-07,1.9599813042248117e-06,1.8520431796105185e-06,1.3199707539968131e-06,3.6668919406110944e-06,3.842988573182992e-06,2.887322305525686e-06
75,5794.0,481.0,561.0,6355.0,5766.0,639.0,602.0,6368.0,5986.0,431.0,474.0,6445.0,6025.0,530.0,381.0,6397.0,5771.0,343.0,474.0,6238.0,5792.0,241.0,207.0,5996.0,7.123057851927684e-07,4.729829085192705e-07,4.6583774781794316e-07,5.458773220041735e-07,8.665127865299382e-07,2.9653630230797034e-07,6.362875271079816e-07,3.717911722205258e-07,4.798033520998502e-07,8.095408643598034e-07,5.927040052569055e-07,4.4738360444540605e-07,1.9658490886911294e-06,1.7512473810086248e-06,1.2140827899145278e-06,3.7945028405488303e-06,3.5292189056690403e-06,2.922719282480557e-06
76,5803.0,451.0,552.0,6355.0,5810.0,542.0,558.0,6368.0,6016.0,422.0,444.0,6445.0,6077.0,491.0,328.0,6397.0,5800.0,346.0,444.0,6238.0,5814.0,227.0,186.0,5996.0,7.107899908262993e-07,4.5764919484980736e-07,4.298979143086967e-07,5.624184895296481e-07,8.214516144704475e-07,3.1050245171115873e-07,6.767505137119656e-07,3.7509638250554645e-07,4.947726472792624e-07,7.320381319431135e-07,5.854431157672479e-07,4.691705563502069e-07,2.0302122511566267e-06,1.7903946930744042e-06,1.2118782424579423e-06,3.73687760793473e-06,3.244597622654055e-06,3.2190294800216178e-06
77,5837.0,400.0,518.0,6355.0,5843.0,537.0,526.0,6368.0,6066.0,403.0,390.0,6445.0,6083.0,452.0,322.0,6397.0,5850.0,291.0,393.0,6238.0,5831.0,206.0,166.0,5996.0,7.375327443384095e-07,4.6804181996407123e-07,4.6925396334529523e-07,5.476913917377146e-07,9.132218519383173e-07,2.947245136937227e-07,7.15367292848157e-07,3.7695209442034637e-07,5.120857780198662e-07,7.587256865448921e-07,5.501790879165469e-07,4.5186778149997055e-07,1.9234635964267e-06,1.8436081757897681e-06,1.294207488712118e-06,3.672635536929647e-06,3.7341796364103176e-06,2.900170545160563e-06
78,5893.0,388.0,462.0,6355.0,5854.0,510.0,514.0,6368.0,6065.0,348.0,389.0,6445.0,6118.0,432.0,283.0,6397.0,5867.0,281.0,374.0,6238.0,5850.0,193.0,149.0,5996.0,6.802569872306208e-07,4.713714508639555e-07,4.592646218029017e-07,5.202527746703822e-07,8.7589250369291e-07,3.161404886711239e-07,6.54609252414673e-07,3.479130805175146e-07,5.038264176064899e-07,7.499072593475376e-07,5.992877744560588e-07,4.65265891378408e-07,1.9185883653847213e-06,1.946837215399455e-06,1.2416704541351465e-06,3.7634445019421037e-06,3.7836581026908788e-06,2.842251159222542e-06
79,5896.0,373.0,459.0,6355.0,5908.0,468.0,462.0,6368.0,6090.0,351.0,364.0,6445.0,6114.0,419.0,290.0,6397.0,5891.0,257.0,351.0,6238.0,5857.0,175.0,142.0,5996.0,7.226870599268409e-07,4.694897132182518e-07,4.538516603460607e-07,5.649755330665584e-07,9.136383578578489e-07,3.071718888136843e-07,6.754325048490273e-07,3.652344441746891e-07,5.666813832334583e-07,7.925500900114457e-07,5.441126404690521e-07,4.326342977947206e-07,1.9588840855533363e-06,1.7597546688818966e-06,1.2544679687209736e-06,3.551127297157564e-06,3.544570156179816e-06,3.0791136960033327e-06
80,5949.0,333.0,406.0,6355.0,5927.0,413.0,441.0,6368.0,6121.0,305.0,328.0,6445.0,6154.0,374.0,247.0,6397.0,5915.0,264.0,326.0,6238.0,5880.0,164.0,119.0,5996.0,6.743464037484159e-07,4.847931789626613e-07,4.6063327514644923e-07,5.437874172216084e-07,8.831099459953861e-07,2.899632549855369e-07,6.420954945696167e-07,3.5948176984135216e-07,5.028089700118699e-07,7.818840194744325e-07,5.668681578896439e-07,4.4357739415801233e-07,2.0461080346763083e-06,1.7618690282859006e-06,1.298874143969897e-06,3.847443479912727e-06,3.5207610389420554e-06,2.8798453187164342e-06
81,5957.0,307.0,398.0,6355.0,5969.0,381.0,402.0,6368.0,6128.0,269.0,321.0,6445.0,6182.0,350.0,220.0,6397.0,5955.0,234.0,285.0,6238.0,5900.0,167.0,96.0,5996.0,7.514759012678951e-07,4.6794684578799205e-07,4.5397398024960014e-07,5.592740645283811e-07,9.001039280889245e-07,2.986971258422955e-07,6.851692552345412e-07,3.626239037259893e-07,5.052822403115442e-07,7.553210217778883e-07,5.925813045450923e-07,4.281867076016965e-07,1.9126223452587967e-06,1.7866065189480195e-06,1.2526826872658602e-06,3.7928946767920024e-06,3.8243553050847365e-06,2.9342180229150473e-06
82,5990.0,267.0,365.0,6355.0,5998.0,364.0,371.0,6368.0,6152.0,248.0,299.0,6445.0,6201.0,334.0,197.0,6397.0,5971.0,217.0,269.0,6238.0,5904.0,153.0,93.0,5996.0,7.211264891182622e-07,4.805477726321783e-07,4.543892020478779e-07,5.420094358186134e-07,8.654065628519448e-07,2.855473921385965e-07,7.066585188084674e-07,3.7579455614888956e-07,5.481200718122637e-07,8.159773285356664e-07,6.203744448711745e-07,4.0716969232335033e-07,1.946608897213764e-06,1.7767816211744503e-06,1.2418421864879291e-06,3.667684212302902e-06,3.445185212854085e-06,2.8846141743770206e-06
83,6023.0,270.0,332.0,6355.0,6032.0,304.0,336.0,6368.0,6185.0,221.0,268.0,6445.0,6219.0,294.0,179.0,6397.0,5998.0,189.0,243.0,6238.0,5915.0,149.0,83.0,5996.0,6.956163061033749e-07,4.7094223306487495e-07,4.6405462029497357e-07,5.467761209843047e-07,8.934032358212107e-07,3.0060028004896823e-07,6.581863416812439e-07,3.6799827607580935e-07,5.694858130382841e-07,8.085446113028638e-07,5.836918418751224e-07,4.3674600203047476e-07,1.9922159233090044e-06,1.7961432856452575e-06,1.3334825729316436e-06,3.6904289147514647e-06,3.6732606422447135e-06,2.9295091700873855e-06
84,6056.0,249.0,299.0,6355.0,6064.0,304.0,305.0,6368.0,6191.0,210.0,261.0,6445.0,6251.0,259.0,148.0,6397.0,6014.0,169.0,224.0,6238.0,5925.0,107.0,71.0,5996.0,7.304780999746186e-07,4.380918680695345e-07,4.57001387204059e-07,5.256824591697295e-07,8.628215193269284e-07,2.9132423416911023e-07,7.049086042343334e-07,3.722432869111003e-07,5.319987851066799e-07,7.988278140089733e-07,5.771873694300211e-07,4.273671177585925e-07,1.9723363302404096e-06,1.966725310239781e-06,1.219450378584952e-06,3.711457285930919e-06,3.479412672845683e-06,2.901120660226297e-06
85,6060.0,238.0,295.0,6355.0,6078.0,279.0,291.0,6368.0,6194.0,186.0,255.0,6445.0,6255.0,273.0,144.0,6397.0,6027.0,159.0,213.0,6238.0,5925.0,125.0,72.0,5996.0,6.927381479044925e-07,4.6741353745716194e-07,4.689448150045905e-07,5.349842296347162e-07,9.197682007240359e-07,2.825821952612273e-07,6.843692265761092e-07,3.6475604723307244e-07,5.553476713657801e-07,7.917787648352714e-07,6.051889504021801e-07,4.117740971452122e-07,2.0185766749563073e-06,1.8406007399960346e-06,1.3186164204057604e-06,3.6112146641471555e-06,3.830026331797853e-06,2.8711514488009016e-06
86,6085.0,199.0,270.0,6355.0,6102.0,245.0,266.0,6368.0,6222.0,169.0,226.0,6445.0,6264.0,263.0,135.0,6397.0,6056.0,151.0,182.0,6238.0,5945.0,98.0,51.0,5996.0,7.278543309112706e-07,4.5911986413216253e-07,4.4535038794890626e-07,5.600922161903554e-07,8.948482769710608e-07,2.804693554381288e-07,6.640646184621346e-07,3.735401466471444e-07,5.748525901694279e-07,7.795179228011762e-07,5.666531234709282e-07,4.270811073112668e-07,2.015745124793966e-06,1.8570777881166124e-06,1.2209801732865343e-06,3.494396507278452e-06,3.697604243114938e-06,3.177386551158179e-06
87,6112.0,186.0,243.0,6355.0,6142.0,215.0,226.0,6368.0,6206.0,172.0,245.0,6445.0,6291.0,224.0,106.0,6397.0,6079.0,122.0,160.0,6238.0,5944.0,106.0,52.0,5996.0,7.004790835765107e-07,4.4480904687560496e-07,4.6586433393969175e-07,5.483675987747461e-07,8.635421785427866e-07,2.885990303127528e-07,7.446244536524205e-07,3.4656331601468084e-07,6.248586016965874e-07,8.006599794683211e-07,5.525012743277102e-07,4.3987576914616967e-07,2.072245754220603e-06,1.7360348395811798e-06,1.3239929118640248e-06,3.578185853541527e-06,3.585924175411037e-06,3.0058610942091947e-06
88,6155.0,161.0,200.0,6355.0,6162.0,189.0,206.0,6368.0,6231.0,152.0,215.0,6445.0,6306.0,194.0,91.0,6397.0,6093.0,116.0,145.0,6238.0,5940.0,100.0,57.0,5996.0,6.916263986269655e-07,4.4940364415424483e-07,4.61810146369146e-07,5.660213124158986e-07,9.552638657908119e-07,2.9081297046218424e-07,7.049917090000691e-07,3.615534600456272e-07,5.884592892755335e-07,7.793348716589321e-07,5.839586338609592e-07,4.46228137057858e-07,2.080316555009176e-06,1.776569140133688e-06,1.1840866208387979e-06,3.880626022123579e-06,3.8060110592823547e-06,2.942871431059757e-06
89,6145.0,141.0,210.0,6355.0,6190.0,171.0,178.0,6368.0,6242.0,140.0,204.0,6445.0,6315.0,186.0,82.0,6397.0,6113.0,116.0,125.0,6238.0,5939.0,101.0,58.0,5996.0,6.736272853586911e-07,4.6213499759062415e-07,4.735984674653082e-07,5.26424577255824e-07,9.509870421382515e-07,2.8376530293883206e-07,6.953026663438778e-07,3.5732091716766945e-07,5.584413553663125e-07,8.413241955409489e-07,6.055780903082564e-07,4.0226842442336873e-07,1.99928759013801e-06,1.7399494235235124e-06,1.265583686830496e-06,3.704230948642362e-06,3.7778936949734997e-06,3.0147316070952003e-06
90,6171.0,139.0,184.0,6355.0,6221.0,153.0,147.0,6368.0,6245.0,137.0,203.0,6445.0,6319.0,141.0,79.0,6397.0,6133.0,92.0,106.0,6238.0,5958.0,90.0,38.0,5996.0,6.700102641588046e-07,4.6531135358662825e-07,4.805761983917023e-07,5.537654933363001e-07,9.761064450941603e-07,2.9185370159723334e-07,7.079779523806451e-07,3.498000860702177e-07,6.318623867684891e-07,7.927769319451272e-07,5.785201370684945e-07,4.4579241017572713e-07,2.2218657159100985e-06,1.7786199993850004e-06,1.258131117481298e-06,3.877807015442158e-06,3.7604278546155e-06,3.0074642426711763e-06
91,6205.0,107.0,150.0,6355.0,6237.0,144.0,131.0,6368.0,6272.0,106.0,173.0,6445.0,6326.0,158.0,72.0,6397.0,6144.0,78.0,94.0,6238.0,5959.0,63.0,37.0,5996.0,6.99218561820203e-07,4.523975899388688e-07,4.882192349384696e-07,5.681470888490026e-07,1.014021161992673e-06,2.951600981759839e-07,6.597941917334538e-07,3.748219503094674e-07,5.561675901617491e-07,7.985899198601488e-07,5.566447490323867e-07,4.448048790450798e-07,1.9316697563738215e-06,1.9093143791053534e-06,1.304586963527754e-06,3.870275130338996e-06,3.5277235914463743e-06,2.821054604453366e-06
92,6205.0,100.0,150.0,6355.0,6260.0,131.0,108.0,6368.0,6288.0,99.0,157.0,6445.0,6333.0,134.0,64.0,6397.0,6152.0,75.0,86.0,6238.0,5963.0,59.0,33.0,5996.0,6.763352875580609e-07,4.5443445357307156e-07,5.099353731381484e-07,5.555334854534521e-07,9.899087051152833e-07,2.9026425625033883e-07,6.603817889114794e-07,3.68547803837771e-07,6.017551143742139e-07,7.732720491446798e-07,6.213295917305572e-07,4.359971900598225e-07,1.983820933702418e-06,1.8614941077004232e-06,1.2886125880413602e-06,3.7051081772006e-06,3.5033881912340803e-06,2.9851681215973256e-06
93,6221.0,103.0,134.0,6355.0,6256.0,113.0,112.0,6368.0,6294.0,88.0,151.0,6445.0,6353.0,97.0,45.0,6397.0,6164.0,84.0,74.0,6238.0,5965.0,61.0,32.0,5996.0,6.93917814956535e-07,4.5927436758574914e-07,4.730033569941838e-07,5.408259445687236e-07,9.355814636720084e-07,3.153105730504535e-07,6.635906197871577e-07,3.772823841501349e-07,5.814117990041723e-07,7.699887822667506e-07,6.215096860273661e-07,4.323730589561592e-07,1.9875248421783455e-06,1.8328306696560048e-06,1.21962299837719e-06,3.730876523661664e-06,3.7173230206803966e-06,3.0538400296791224e-06
94,6247.0,86.0,108.0,6355.0,6276.0,100.0,92.0,6368.0,6310.0,64.0,137.0,6445.0,6356.0,101.0,41.0,6397.0,6173.0,58.0,65.0,6238.0,5976.0,52.0,20.0,5996.0,7.755748504862935e-07,4.4114725432109483e-07,4.994150457520164e-07,5.439242864042626e-07,9.408709988321107e-07,2.819464818273332e-07,6.736401150178039e-07,3.9280673862407414e-07,5.602731650782289e-07,7.464636781904232e-07,6.007038286455213e-07,4.41282027942691e-07,1.9701554719517844e-06,1.7008759680265938e-06,1.3005504136174295e-06,3.840341564739447e-06,3.6069978666546375e-06,2.793959645657651e-06
95,6258.0,80.0,97.0,6355.0,6291.0,95.0,77.0,6368.0,6318.0,52.0,127.0,6445.0,6365.0,86.0,32.0,6397.0,6176.0,52.0,63.0,6238.0,5976.0,50.0,20.0,5996.0,7.198163480666153e-07,4.2925416084216294e-07,4.831156643092527e-07,5.603075722859785e-07,9.537313862182372e-07,2.9915264241964223e-07,6.933756946665425e-07,3.4710787105041164e-07,5.636700323705668e-07,7.917308572373827e-07,6.138679025085026e-07,4.3900769942695207e-07,2.0845774456574875e-06,1.8730651542853139e-06,1.3153535508365621e-06,3.719276631898083e-06,3.8089411184500933e-06,3.1244593625388007e-06
96,6267.0,59.0,88.0,6355.0,6304.0,78.0,64.0,6368.0,6338.0,50.0,107.0,6445.0,6357.0,77.0,40.0,6397.0,6204.0,46.0,34.0,6238.0,5980.0,39.0,16.0,5996.0,6.941906176933799e-07,4.545965603668378e-07,4.975182255435585e-07,5.782678111074802e-07,9.414654182506865e-07,2.8931926287611987e-07,6.805114247399047e-07,3.8474458560244784e-07,5.544660528542522e-07,7.510676285917839e-07,5.894157907988529e-07,4.582661822283285e-07,2.03095305003842e-06,1.8313234791094147e-06,1.3524198709262691e-06,3.7405980285711847e-06,3.79317499056242e-06,2.950925976278995e-06
97,6275.0,71.0,80.0,6355.0,6307.0,81.0,61.0,6368.0,6339.0,38.0,106.0,6445.0,6364.0,70.0,33.0,6397.0,6197.0,41.0,41.0,6238.0,5980.0,36.0,16.0,5996.0,6.995632494266602e-07,4.450773227020477e-07,5.128576782666983e-07,5.38374400392172e-07,8.978720473393764e-07,2.975845841355351e-07,6.632162982427303e-07,3.5928540457064174e-07,6.223259505588885e-07,7.739063589653483e-07,6.059379877569882e-07,4.384595444761885e-07,2.1169492034118777e-06,1.8573062083362402e-06,1.3350152136410997e-06,3.735426660966823e-06,3.4902349124195097e-06,3.0018791020438583e-06
98,6288.0,58.0,67.0,6355.0,6312.0,74.0,56.0,6368.0,6330.0,46.0,115.0,6445.0,6362.0,70.0,35.0,6397.0,6204.0,31.0,34.0,6238.0,5981.0,43.0,15.0,5996.0,6.81222859071795e-07,4.2424867726964523e-07,5.58588978222474e-07,6.142799349291294e-07,8.663038862692929e-07,2.9359075472967786e-07,6.626773928388729e-07,3.4542564500839036e-07,6.55699783536079e-07,7.951180287193438e-07,5.714494905078027e-07,4.632454629316385e-07,1.961845252893113e-06,1.8830559305627048e-06,1.2914090989966099e-06,3.7904241444834954e-06,3.522747472914034e-06,2.9298152506385124e-06
99,6289.0,57.0,66.0,6355.0,6320.0,50.0,48.0,6368.0,6336.0,35.0,110.0,6445.0,6374.0,66.0,24.0,6397.0,6219.0,23.0,19.0,6238.0,5988.0,42.0,8.0,5996.0,6.774652695966665e-07,4.464286026859554e-07,4.795545951097325e-07,5.732990493214629e-07,9.774256749182086e-07,2.84848516272973e-07,7.251139494925951e-07,3.4269975032685806e-07,6.034572336659494e-07,8.035149790543983e-07,5.939631070788209e-07,4.2861985372155685e-07,1.989332634536822e-06,1.8191445840329835e-06,1.2182503450333115e-06,3.544866635309063e-06,3.66919185887582e-06,3.095923764476538e-06
100,6298.0,51.0,57.0,6355.0,6341.0,49.0,27.0,6368.0,6354.0,26.0,91.0,6445.0,6371.0,55.0,26.0,6397.0,6213.0,30.0,25.0,6238.0,5986.0,25.0,10.0,5996.0,6.97845508902617e-07,4.2657147923108595e-07,5.278977755125424e-07,5.865524416748258e-07,9.462485000995002e-07,2.7872525544836435e-07,6.742862801800697e-07,3.656588103950753e-07,5.799278231393145e-07,8.722799663303249e-07,5.675218957321704e-07,4.7188135290099355e-07,2.0407369082704465e-06,1.8579462039554072e-06,1.2434915087169428e-06,3.6655387509654245e-06,3.634511056191059e-06,3.168768685213763e-06
101,6303.0,37.0,52.0,6355.0,6341.0,48.0,27.0,6368.0,6363.0,26.0,82.0,6445.0,6383.0,44.0,14.0,6397.0,6216.0,21.0,22.0,6238.0,5984.0,33.0,12.0,5996.0,6.919537326623982e-07,4.4333767310433813e-07,5.194961100016826e-07,5.62117339008239e-07,9.616279332078647e-07,2.9086172724746006e-07,7.092358737139648e-07,3.5032173749982576e-07,6.129074110532429e-07,8.21710539575804e-07,5.704650077689166e-07,4.6998849501278526e-07,1.9890287605619505e-06,1.8181945526833942e-06,1.3157974165380892e-06,3.6836075915402942e-06,3.5386318168377784e-06,3.0462015557759516e-06
102,6320.0,31.0,35.0,6355.0,6344.0,43.0,24.0,6368.0,6374.0,22.0,71.0,6445.0,6375.0,41.0,22.0,6397.0,6218.0,21.0,20.0,6238.0,5988.0,22.0,7.0,5996.0,6.843479974136813e-07,4.3152430571780085e-07,5.172497925585163e-07,5.859600802651244e-07,9.103536541914536e-07,2.6420221008294223e-07,6.788221590738886e-07,3.548144482650173e-07,6.026363414477487e-07,7.707126535834163e-07,5.635095565352798e-07,4.443349708580513e-07,2.061786875344751e-06,1.7954642241733155e-06,1.2746116462665214e-06,3.6359600915716326e-06,3.502768062105588e-06,3.0639051964271856e-06
103,6312.0,31.0,43.0,6355.0,6347.0,48.0,21.0,6368.0,6375.0,21.0,70.0,6445.0,6380.0,36.0,17.0,6397.0,6223.0,21.0,15.0,6238.0,5986.0,19.0,10.0,5996.0,6.502806076014167e-07,4.343172189535949e-07,5.444860381373929e-07,6.099170545681431e-07,9.48918032037227e-07,2.9106602156758756e-07,7.018727708896222e-07,3.618000457947801e-07,5.946922081392358e-07,8.160268656354219e-07,5.420184659428174e-07,4.404867928187173e-07,1.99141117636259e-06,1.8120008933237842e-06,1.2683943393483333e-06,3.6546664342154144e-06,3.6386445175367044e-06,3.0663338388308147e-06
104,6323.0,21.0,32.0,6355.0,6343.0,36.0,25.0,6368.0,6383.0,24.0,62.0,6445.0,6385.0,33.0,12.0,6397.0,6229.0,13.0,9.0,6238.0,5985.0,24.0,11.0,5996.0,7.098508449594476e-07,4.337365285493888e-07,5.477702811802488e-07,6.10774170489492e-07,9.635346961118785e-07,2.6596564515912744e-07,6.770418166581749e-07,3.571095461722962e-07,6.030981684901349e-07,8.071705619201452e-07,5.703148966063054e-07,4.4671863683731774e-07,2.1074986735243328e-06,1.9162217628263534e-06,1.246752245180005e-06,3.6504166098438873e-06,3.5517926963279934e-06,3.1180381882336406e-06
105,6324.0,23.0,31.0,6355.0,6351.0,26.0,17.0,6368.0,6390.0,16.0,55.0,6445.0,6384.0,33.0,13.0,6397.0,6224.0,19.0,14.0,6238.0,5993.0,16.0,3.0,5996.0,6.506269547159604e-07,4.3401717721280876e-07,5.457500911987268e-07,6.036153923929533e-07,9.800062074702965e-07,2.6736189411735723e-07,6.485709338832634e-07,3.50220090915343e-07,5.812957981135014e-07,8.420590976214725e-07,5.335342278343092e-07,4.938469117021782e-07,1.9695512018245155e-06,1.8716282762056834e-06,1.2720193177813143e-06,3.66481064583013e-06,3.4397783551298743e-06,2.9611256157409118e-06
106,6330.0,21.0,25.0,6355.0,6351.0,41.0,17.0,6368.0,6391.0,28.0,54.0,6445.0,6378.0,20.0,19.0,6397.0,6227.0,9.0,11.0,6238.0,5986.0,17.0,10.0,5996.0,7.090883152542916e-07,4.2058633510322354e-07,5.099349679724696e-07,5.911577954336167e-07,9.715730671757682e-07,2.763614701777328e-07,6.766635617836414e-07,3.392863897957454e-07,5.771750419896193e-07,8.263344334835665e-07,5.33298246295999e-07,4.58984271354268e-07,2.0181100994989267e-06,1.7513748706505793e-06,1.2718890317842125e-06,3.564481675937259e-06,3.5155783047002844e-06,3.0911719539403747e-06
107,6339.0,22.0,16.0,6355.0,6357.0,13.0,11.0,6368.0,6404.0,17.0,41.0,6445.0,6387.0,18.0,10.0,6397.0,6230.0,6.0,8.0,6238.0,5990.0,16.0,5.0,5996.0,6.693496334264637e-07,4.048511279322042e-07,5.548012148466341e-07,6.032155693489471e-07,1.014437275799196e-06,2.7271355880742473e-07,6.605210643186865e-07,3.381911083977229e-07,5.581782716177486e-07,8.642854748757145e-07,5.114296586086197e-07,4.6820930807456305e-07,2.0677787370857458e-06,1.856571174300825e-06,1.3333856207680128e-06,3.7027545976116017e-06,3.748401347223762e-06,2.9660156075692612e-06
108,6343.0,19.0,12.0,6355.0,6359.0,22.0,9.0,6368.0,6401.0,11.0,44.0,6445.0,6385.0,18.0,12.0,6397.0,6224.0,10.0,14.0,6238.0,5989.0,18.0,7.0,5996.0,7.182690306777318e-07,4.0349166059883144e-07,5.490922377830998e-07,6.16559731469124e-07,9.563063625748214e-07,2.6948586535269213e-07,6.94531096087303e-07,3.530618166820432e-07,6.058381854856521e-07,8.550440757488786e-07,5.269737630015925e-07,4.70805955870901e-07,2.061626407552808e-06,1.8552215476290712e-06,1.2688658394779395e-06,3.8220134163111656e-06,3.5318226727554245e-06,2.9337726319909054e-06
109,6340.0,18.0,15.0,6355.0,6354.0,25.0,14.0,6368.0,6400.0,17.0,45.0,6445.0,6385.0,15.0,12.0,6397.0,6226.0,9.0,12.0,6238.0,5993.0,17.0,3.0,5996.0,7.088751630419665e-07,4.1272505649203596e-07,5.49358726992466e-07,6.222149970867008e-07,9.699946307790696e-07,2.7892947616692253e-07,7.376144099211501e-07,3.4710378665891995e-07,6.216479380540818e-07,8.619783100556333e-07,5.405619405465245e-07,4.620082773953982e-07,1.984940380225453e-06,1.8671520906821116e-06,1.2688073908293517e-06,3.7800111375645427e-06,3.594600088149491e-06,3.0699436094323575e-06
110,6341.0,18.0,14.0,6355.0,6359.0,20.0,9.0,6368.0,6415.0,15.0,30.0,6445.0,6384.0,19.0,13.0,6397.0,6226.0,9.0,12.0,6238.0,5989.0,4.0,7.0,5996.0,6.916313043419109e-07,4.0679308457214346e-07,5.981540183626067e-07,6.307268488399131e-07,9.70273506823105e-07,2.641479076217479e-07,6.854136711638148e-07,3.349019841465406e-07,5.788011571397079e-07,8.092392531580117e-07,5.28854412145563e-07,4.902692913759666e-07,1.9690296243481953e-06,1.862437203101308e-06,1.2537315651854896e-06,3.6825727025870946e-06,3.6523777642401e-06,2.944711345662654e-06
111,6339.0,20.0,16.0,6355.0,6358.0,16.0,10.0,6368.0,6405.0,10.0,40.0,6445.0,6386.0,20.0,11.0,6397.0,6228.0,11.0,10.0,6238.0,5991.0,15.0,5.0,5996.0,6.680920171575622e-07,4.2011164476463136e-07,5.985047371694918e-07,6.246604899828867e-07,1.0391802358284962e-06,2.653703901316362e-07,6.881716137314698e-07,3.548743088046535e-07,6.22765993270491e-07,8.775447812894299e-07,5.286624713747301e-07,4.2351380426453034e-07,1.9243301895528475e-06,1.8874854319790302e-06,1.2276903431995833e-06,3.700744062996364e-06,3.754739327519019e-06,3.1915936918380795e-06
112,6349.0,15.0,6.0,6355.0,6360.0,12.0,8.0,6368.0,6416.0,7.0,29.0,6445.0,6384.0,15.0,13.0,6397.0,6232.0,5.0,6.0,6238.0,5995.0,9.0,1.0,5996.0,7.322380434544584e-07,4.0888258654092625e-07,6.080114784907664e-07,5.926089052934458e-07,9.906391593759168e-07,2.715986708281548e-07,7.197440798378807e-07,3.4959802231071533e-07,5.779300084896022e-07,8.739322356348111e-07,5.074750086251356e-07,4.78699197287824e-07,2.054502439563066e-06,1.813859470615853e-06,1.2613523380764492e-06,3.843373929043992e-06,3.580763615957494e-06,2.8913517583646355e-06
113,6347.0,21.0,8.0,6355.0,6357.0,14.0,11.0,6368.0,6412.0,3.0,33.0,6445.0,6390.0,16.0,7.0,6397.0,6232.0,9.0,6.0,6238.0,5991.0,7.0,5.0,5996.0,7.339536168586847e-07,3.9879470160997245e-07,5.875637680645696e-07,6.29936302061651e-07,9.935317905629404e-07,2.587148214416857e-07,6.866629039663508e-07,3.5330748711714934e-07,6.2702834276962e-07,8.806964256962146e-07,5.103994034243442e-07,4.886187414925303e-07,1.962032364076549e-06,1.806556691803962e-06,1.3577990728208532e-06,3.656157395766968e-06,3.4018517745266764e-06,3.150873871732074e-06
114,6344.0,14.0,11.0,6355.0,6357.0,19.0,11.0,6368.0,6414.0,5.0,31.0,6445.0,6386.0,16.0,11.0,6397.0,6231.0,9.0,7.0,6238.0,5995.0,9.0,1.0,5996.0,7.09724918557697e-07,3.841034767049223e-07,5.794390179403309e-07,6.613343436328023e-07,1.012308474720669e-06,2.5506146728559996e-07,6.754269428483894e-07,3.5776627788663973e-07,5.772928701830438e-07,8.499970883022456e-07,5.252502791179836e-07,4.725814509711768e-07,1.9663915192040805e-06,1.8885483166002359e-06,1.2497235463229118e-06,3.8509391501975185e-06,3.656121549170166e-06,3.1339329914601423e-06
115,6346.0,10.0,9.0,6355.0,6360.0,14.0,8.0,6368.0,6415.0,11.0,30.0,6445.0,6389.0,11.0,8.0,6397.0,6232.0,7.0,6.0,6238.0,5991.0,13.0,5.0,5996.0,7.102215340424323e-07,3.994489406764501e-07,5.971423585862113e-07,6.392620619308786e-07,1.1436306754006863e-06,2.5775194248467415e-07,6.74719647463462e-07,3.6085364482119076e-07,5.701489448313168e-07,9.213830811276579e-07,5.426830488133305e-07,4.401032818606154e-07,1.9318483592485335e-06,1.8281609864345682e-06,1.2979935748660409e-06,3.851076402384024e-06,3.7025367358296536e-06,2.9833382071160487e-06
116,6346.0,8.0,9.0,6355.0,6357.0,17.0,11.0,6368.0,6413.0,5.0,32.0,6445.0,6389.0,20.0,8.0,6397.0,6234.0,6.0,4.0,6238.0,5993.0,11.0,3.0,5996.0,6.747092301750967e-07,3.9254926638676577e-07,5.946960361384867e-07,6.566035847583862e-07,1.0965127444180212e-06,2.4865506836135866e-07,6.812228096890749e-07,3.6989099702111616e-07,5.9450449150944e-07,8.570247822916599e-07,5.015893999242849e-07,4.611313833393638e-07,1.9365443357628463e-06,1.813045741641872e-06,1.3318689271386575e-06,3.8493988851087125e-06,3.5760375158133684e-06,2.998458590809605e-06
117,6352.0,9.0,3.0,6355.0,6360.0,11.0,8.0,6368.0,6419.0,2.0,26.0,6445.0,6395.0,9.0,2.0,6397.0,6235.0,2.0,3.0,6238.0,5994.0,11.0,2.0,5996.0,7.124193472805018e-07,3.924610587802135e-07,6.226204920665168e-07,6.542011803105652e-07,1.0313245619144596e-06,2.578703506443958e-07,7.481839230649711e-07,3.4964964637396176e-07,6.094789765640485e-07,8.488200358982567e-07,5.103571377773619e-07,4.6340400314193175e-07,1.8915216653994094e-06,1.92296664434366e-06,1.412798510301627e-06,3.635121971683475e-06,3.616030084145905e-06,3.0542265001258783e-06
118,6347.0,13.0,8.0,6355.0,6363.0,13.0,5.0,6368.0,6422.0,5.0,23.0,6445.0,6393.0,13.0,4.0,6397.0,6230.0,3.0,8.0,6238.0,5991.0,6.0,5.0,5996.0,6.986302661218247e-07,3.6041723301138975e-07,6.510974202029729e-07,6.54640483418234e-07,1.089251356624743e-06,2.453321679354303e-07,6.877234831890178e-07,3.7823090156763326e-07,6.613828890849049e-07,8.75077827807047e-07,5.552397410326648e-07,4.5528671518724197e-07,2.0137363031551556e-06,1.9790052895416467e-06,1.229203126200673e-06,3.701457687554921e-06,3.6226108390451374e-06,2.8995259173143494e-06
119,6351.0,13.0,4.0,6355.0,6362.0,9.0,6.0,6368.0,6419.0,8.0,26.0,6445.0,6389.0,10.0,8.0,6397.0,6235.0,2.0,3.0,6238.0,5992.0,9.0,4.0,5996.0,7.649458268090826e-07,3.6218644105900923e-07,6.419407971236523e-07,6.897357235970958e-07,1.0461333866516042e-06,2.4578272810771296e-07,6.996881436762692e-07,3.7568751510264063e-07,6.579996495190698e-07,8.307212837976862e-07,5.427230349397405e-07,4.771074752127902e-07,1.974269593716826e-06,1.9421678443052313e-06,1.2753188448186847e-06,3.7430954470210055e-06,3.688900093436587e-06,2.9628313633907056e-06
120,6350.0,10.0,5.0,6355.0,6359.0,9.0,9.0,6368.0,6415.0,6.0,30.0,6445.0,6390.0,16.0,7.0,6397.0,6235.0,5.0,3.0,6238.0,5993.0,11.0,3.0,5996.0,7.239099557025952e-07,3.675478662756859e-07,6.561791796571015e-07,6.574639062151277e-07,1.06459752422694e-06,2.442509059505937e-07,7.11999760781623e-07,3.5186158585531757e-07,5.546237873090831e-07,8.543242131153761e-07,5.377518717324392e-07,4.69368256467817e-07,1.9370856362002086e-06,1.9877326284927223e-06,1.3069418437225977e-06,3.8146039234447925e-06,3.587731637082925e-06,3.190185579512672e-06
121,6350.0,9.0,5.0,6355.0,6360.0,15.0,8.0,6368.0,6418.0,5.0,27.0,6445.0,6391.0,9.0,6.0,6397.0,6234.0,4.0,4.0,6238.0,5994.0,10.0,2.0,5996.0,7.32233258496251e-07,3.7587012225515084e-07,6.17191884785484e-07,6.797597881984529e-07,1.0315670486775729e-06,2.52031632406613e-07,6.918743794344095e-07,3.4762156688827874e-07,6.264353123839327e-07,9.174953332120595e-07,5.448530782388161e-07,4.638431558774414e-07,1.9226081040812916e-06,2.0134338881234726e-06,1.2517843390469352e-06,3.794157715702795e-06,3.8460981900243496e-06,3.0655949605602473e-06
122,6353.0,9.0,2.0,6355.0,6367.0,4.0,1.0,6368.0,6431.0,5.0,14.0,6445.0,6391.0,6.0,6.0,6397.0,6236.0,3.0,2.0,6238.0,5992.0,2.0,3.0,5996.0,7.040769765112032e-07,3.6990409046211424e-07,6.617593569799852e-07,7.016724578932098e-07,1.1580714000629655e-06,2.4598367811279333e-07,6.446931140615675e-07,3.69770732312702e-07,6.332272718339027e-07,8.858180512092417e-07,5.156941273369853e-07,4.4926483411700246e-07,1.8843939097052953e-06,1.7958562248168164e-06,1.283038974520423e-06,3.772814685476078e-06,3.7625438246777777e-06,3.1621135901218623e-06
123,6351.0,13.0,4.0,6355.0,6357.0,15.0,11.0,6368.0,6416.0,6.0,29.0,6445.0,6390.0,12.0,7.0,6397.0,6235.0,4.0,3.0,6238.0,5993.0,7.0,3.0,5996.0,7.355659709986639e-07,3.706771016069865e-07,6.577294187337656e-07,6.657859159773239e-07,1.069461616701517e-06,2.574153662351364e-07,7.177236961410926e-07,3.600391230804689e-07,6.232731369095746e-07,8.759374023057376e-07,5.028895763601326e-07,4.553564051406056e-07,1.925954840430677e-06,1.8738257064114806e-06,1.2981824487781069e-06,3.815737493596316e-06,3.7802985766006713e-06,3.085623407912408e-06
124,6351.0,9.0,4.0,6355.0,6357.0,12.0,11.0,6368.0,6425.0,3.0,20.0,6445.0,6394.0,7.0,3.0,6397.0,6233.0,7.0,5.0,6238.0,5996.0,5.0,0.0,5996.0,7.268133981028768e-07,3.850159721494606e-07,6.391369937475133e-07,6.72815349204825e-07,9.792579433565152e-07,2.5319399694723186e-07,7.197774944032176e-07,3.428913959382385e-07,6.883221052476074e-07,8.725470099761879e-07,5.402129901668218e-07,4.481233293986975e-07,1.9300082535380624e-06,1.8635311419927802e-06,1.2933136854655913e-06,3.682305721980583e-06,3.7004134334779338e-06,3.233757389693892e-06
125,6353.0,12.0,2.0,6355.0,6363.0,12.0,5.0,6368.0,6421.0,3.0,24.0,6445.0,6393.0,6.0,4.0,6397.0,6231.0,4.0,7.0,6238.0,5994.0,7.0,2.0,5996.0,7.126249069457913e-07,3.8115975161900903e-07,6.578039122899781e-07,6.89171142752798e-07,1.057582886119235e-06,2.4560672186169086e-07,6.598642171056212e-07,3.666843070888603e-07,5.714078508844978e-07,9.214900568750295e-07,5.250626804880198e-07,4.685292774624372e-07,1.8776157894535572e-06,2.0293230678873895e-06,1.379144899374296e-06,3.870064530985928e-06,3.5268788863049847e-06,2.9997565721373575e-06
126,6353.0,6.0,2.0,6355.0,6360.0,7.0,8.0,6368.0,6425.0,7.0,20.0,6445.0,6390.0,9.0,7.0,6397.0,6238.0,5.0,0.0,6238.0,5993.0,6.0,3.0,5996.0,7.167545231396844e-07,3.852810312849897e-07,6.223698272123102e-07,6.894089660391955e-07,9.950184362352843e-07,2.458853390194804e-07,7.189929009996377e-07,3.680738481008916e-07,6.140126121678691e-07,8.872552202063844e-07,4.979661877939634e-07,4.867592740751547e-07,2.0841938625153487e-06,1.8881957206247079e-06,1.2924875585440532e-06,3.807452675459899e-06,3.816203399310325e-06,2.918591600405307e-06
127,6353.0,9.0,2.0,6355.0,6362.0,8.0,6.0,6368.0,6422.0,6.0,23.0,6445.0,6395.0,6.0,2.0,6397.0,6235.0,2.0,3.0,6238.0,5995.0,6.0,1.0,5996.0,7.243437378505746e-07,3.5780295866771896e-07,6.618359944496888e-07,6.805043518411935e-07,1.0575781114212646e-06,2.5042526361929164e-07,7.351765945813327e-07,3.438706935838809e-07,6.120610776747526e-07,8.908246846104362e-07,5.348484521974228e-07,4.775970005255203e-07,1.9638521503111404e-06,1.8613997184786512e-06,1.3344786266316078e-06,3.5783869036549732e-06,3.834160572580458e-06,3.0546807956852717e-06
128,6354.0,8.0,1.0,6355.0,6361.0,4.0,7.0,6368.0,6430.0,4.0,15.0,6445.0,6393.0,9.0,4.0,6397.0,6237.0,4.0,1.0,6238.0,5993.0,2.0,3.0,5996.0,7.206025421169215e-07,3.546028486667296e-07,6.603308193291469e-07,7.001208681529647e-07,1.0158194656426645e-06,2.507983334325559e-07,7.254329576724672e-07,3.528130038716881e-07,6.10898225652079e-07,9.15114773512471e-07,5.269427635283819e-07,4.6322578321422723e-07,1.934660804977284e-06,1.9349175435934284e-06,1.2706955638748242e-06,3.6127346741636755e-06,3.8321205790339265e-06,2.9903071216494937e-06
129,6348.0,10.0,7.0,6355.0,6364.0,11.0,4.0,6368.0,6425.0,4.0,20.0,6445.0,6392.0,9.0,5.0,6397.0,6237.0,1.0,1.0,6238.0,5991.0,7.0,5.0,5996.0,7.097263235991135e-07,3.6687218581477056e-07,6.812994502638503e-07,7.265296671832289e-07,1.1216973082284198e-06,2.5653114510504337e-07,7.0502585519705e-07,3.5953373604513674e-07,6.948975574374572e-07,9.191157449919274e-07,5.219425377873677e-07,4.549217310767517e-07,1.9607752850276937e-06,1.905222255032868e-06,1.2920881150364494e-06,3.5670568969408122e-06,3.682455940293039e-06,3.0606710869278684e-06
130,6352.0,5.0,3.0,6355.0,6363.0,8.0,5.0,6368.0,6428.0,2.0,17.0,6445.0,6392.0,11.0,5.0,6397.0,6235.0,2.0,3.0,6238.0,5996.0,5.0,0.0,5996.0,7.355378897173636e-07,3.663311460400109e-07,6.56809493349897e-07,6.583527891663721e-07,1.0472021906906548e-06,2.514947803788914e-07,7.589885995429313e-07,3.5698225890712363e-07,6.428141983292335e-07,8.985531266887392e-07,5.148072050928932e-07,4.607510574814455e-07,1.8882938658464354e-06,1.8412811445216449e-06,1.2297829734961852e-06,3.7374341573013224e-06,3.6116293514965037e-06,3.1549836290878374e-06
131,6355.0,5.0,0.0,6355.0,6361.0,6.0,7.0,6368.0,6431.0,2.0,14.0,6445.0,6394.0,7.0,3.0,6397.0,6236.0,4.0,2.0,6238.0,5993.0,5.0,2.0,5996.0,7.534456983648852e-07,3.530084093199548e-07,6.924685283138387e-07,6.925117434164463e-07,1.0260602785336914e-06,2.507835445939577e-07,7.208397923861298e-07,3.7720543375741043e-07,6.036029405720455e-07,9.401930978469863e-07,5.061859026156412e-07,4.854729940575453e-07,1.8910608598048384e-06,1.8392411773220374e-06,1.2530315896128741e-06,3.6612178184327604e-06,3.6667722394554403e-06,3.081722870660997e-06
132,6354.0,6.0,1.0,6355.0,6363.0,7.0,5.0,6368.0,6427.0,1.0,18.0,6445.0,6395.0,7.0,2.0,6397.0,6237.0,2.0,1.0,6238.0,5994.0,6.0,2.0,5996.0,7.298872840308945e-07,3.49700043138057e-07,7.486184018077324e-07,7.080654997366765e-07,1.1192382563791625e-06,2.5091211456640395e-07,7.439245650004978e-07,3.604937029138e-07,6.155890831678334e-07,8.66763945772675e-07,5.165397197117727e-07,4.652522079098276e-07,2.012570777139899e-06,1.8356912447927697e-06,1.2612262082143388e-06,3.6975980823399368e-06,3.840167730800204e-06,3.103737827132136e-06
133,6353.0,8.0,2.0,6355.0,6361.0,10.0,7.0,6368.0,6423.0,5.0,22.0,6445.0,6391.0,6.0,6.0,6397.0,6237.0,4.0,1.0,6238.0,5991.0,10.0,5.0,5996.0,7.149637016823363e-07,3.592793272773065e-07,7.299362625587947e-07,6.921535712649529e-07,1.0358840505730882e-06,2.4847985177700593e-07,7.096725889823574e-07,3.4567485811010104e-07,6.041102797382791e-07,8.891228685286024e-07,5.133789284030854e-07,4.725500635700541e-07,1.9792602994357365e-06,1.8233930201176917e-06,1.2257545600107278e-06,3.554715898303584e-06,3.7758586869358625e-06,3.1716592033603773e-06
134,6354.0,8.0,1.0,6355.0,6366.0,11.0,2.0,6368.0,6433.0,1.0,12.0,6445.0,6389.0,4.0,8.0,6397.0,6236.0,4.0,2.0,6238.0,5992.0,1.0,4.0,5996.0,7.60287588086328e-07,3.561827467848389e-07,6.778140361021201e-07,7.187530681989074e-07,1.0376106537108853e-06,2.3345356193615886e-07,7.851977700354951e-07,3.3048100004862134e-07,6.721481654068384e-07,9.459522490828931e-07,5.115866940172964e-07,4.776231594121327e-07,2.040037200941924e-06,1.797114438573999e-06,1.3037169551068927e-06,3.53706239013718e-06,3.849911939539652e-06,3.0357689663844667e-06
135,6352.0,5.0,3.0,6355.0,6360.0,9.0,8.0,6368.0,6431.0,2.0,14.0,6445.0,6393.0,9.0,4.0,6397.0,6237.0,2.0,1.0,6238.0,5994.0,5.0,2.0,5996.0,7.330186744383128e-07,3.5333590965791473e-07,7.416949286422892e-07,6.461733706970563e-07,1.139058833366846e-06,2.436274138268857e-07,7.650409518333845e-07,3.569909756677703e-07,6.562268281840034e-07,8.733905503959249e-07,4.936881787074299e-07,5.132461921490971e-07,2.046752650244343e-06,1.871050680719577e-06,1.2360728501619179e-06,3.524809704913423e-06,3.7841687933450883e-06,3.248807306931667e-06
136,6354.0,5.0,1.0,6355.0,6364.0,6.0,4.0,6368.0,6433.0,4.0,12.0,6445.0,6392.0,7.0,5.0,6397.0,6235.0,1.0,3.0,6238.0,5995.0,3.0,1.0,5996.0,7.05920356509182e-07,3.754406297389323e-07,7.290567480140453e-07,7.215585407323033e-07,1.0790820593484795e-06,2.4456388041471655e-07,7.909007656508038e-07,3.492295484406327e-07,5.889740339952709e-07,9.079760213168697e-07,5.289456762085365e-07,4.616768471592536e-07,1.8727346098046383e-06,1.9008098563801923e-06,1.2814164724090915e-06,3.5509582812949247e-06,3.734177082435508e-06,3.0860777994234924e-06
137,6353.0,14.0,2.0,6355.0,6362.0,8.0,6.0,6368.0,6424.0,6.0,21.0,6445.0,6389.0,8.0,8.0,6397.0,6235.0,2.0,3.0,6238.0,5994.0,4.0,2.0,5996.0,7.387274154453394e-07,3.5311716382580017e-07,7.32560094128587e-07,6.86463070302068e-07,1.121978383245903e-06,2.49612524367393e-07,7.202737126874581e-07,3.7375555803009774e-07,6.416627885101888e-07,9.535916047127557e-07,5.00389314673555e-07,4.735500951085214e-07,1.9229437988030894e-06,1.870936257290623e-06,1.3124339513126415e-06,3.625915608211017e-06,3.5195530504665837e-06,3.066558513353357e-06
138,6355.0,8.0,0.0,6355.0,6362.0,6.0,6.0,6368.0,6426.0,4.0,19.0,6445.0,6390.0,9.0,7.0,6397.0,6237.0,2.0,1.0,6238.0,5995.0,5.0,1.0,5996.0,7.052976279666722e-07,3.679443341937372e-07,7.360010571630937e-07,6.908514055155024e-07,1.1295508601278924e-06,2.6072463620607777e-07,7.722450056775188e-07,3.53658924758804e-07,7.834447866343908e-07,9.436005194061181e-07,4.947893946862791e-07,4.749144383779935e-07,2.084766215887157e-06,1.9970915651867925e-06,1.2858570340483766e-06,3.6859331895016114e-06,3.756223720017715e-06,3.0095204786562135e-06
139,6353.0,5.0,2.0,6355.0,6365.0,12.0,3.0,6368.0,6426.0,1.0,19.0,6445.0,6395.0,4.0,2.0,6397.0,6237.0,3.0,1.0,6238.0,5992.0,6.0,3.0,5996.0,7.341805369804888e-07,3.5847813793310477e-07,7.100959530887963e-07,6.865897147463329e-07,9.988919685213204e-07,2.4981242532362555e-07,7.74438442853409e-07,3.369896979776854e-07,5.969134081169614e-07,9.203863527531553e-07,5.265868094141979e-07,4.717347705707198e-07,1.9406508699262304e-06,1.8525737100389961e-06,1.2728363040395152e-06,3.7805672039326053e-06,3.6539111027877878e-06,3.111729019167342e-06
140,6353.0,1.0,2.0,6355.0,6365.0,12.0,3.0,6368.0,6426.0,4.0,19.0,6445.0,6394.0,3.0,3.0,6397.0,6238.0,2.0,0.0,6238.0,5991.0,10.0,4.0,5996.0,7.555068559312872e-07,3.6751868395157316e-07,7.74692711090097e-07,7.292504586047244e-07,1.0787048858418302e-06,2.435797042537047e-07,7.623806334677852e-07,3.593714200817999e-07,6.324533029413714e-07,9.490873211603912e-07,5.103941108757226e-07,4.6999095557964663e-07,2.000167694575339e-06,1.8661808685749292e-06,1.2808818368625907e-06,3.4637435809941055e-06,3.720168385797251e-06,2.881858593354991e-06
141,6355.0,3.0,0.0,6355.0,6361.0,9.0,7.0,6368.0,6427.0,5.0,18.0,6445.0,6392.0,8.0,5.0,6397.0,6237.0,3.0,1.0,6238.0,5993.0,6.0,3.0,5996.0,7.41473798989034e-07,3.398084919297162e-07,7.945726623503901e-07,7.058557302457302e-07,1.0645803431117428e-06,2.4814753772517404e-07,7.792728961319994e-07,3.702194679320314e-07,6.567802504164888e-07,9.135055375040224e-07,5.246662020255144e-07,4.611382922092844e-07,1.9877678917907814e-06,1.797506387077874e-06,1.2242963196911206e-06,3.4782013929088862e-06,3.7234914490795743e-06,3.0966274002821594e-06
142,6348.0,8.0,7.0,6355.0,6366.0,6.0,2.0,6368.0,6429.0,3.0,16.0,6445.0,6388.0,8.0,9.0,6397.0,6237.0,6.0,1.0,6238.0,5996.0,4.0,0.0,5996.0,7.60470715476913e-07,3.435846842521073e-07,7.970009260489519e-07,7.414911779832778e-07,1.0783634358944028e-06,2.43885936363597e-07,8.050854645347272e-07,3.481956088506877e-07,6.69778084976258e-07,9.59370305885443e-07,4.931589650283286e-07,4.618242555594065e-07,1.966597260860681e-06,1.793387543443714e-06,1.3089176313627605e-06,3.592529845889203e-06,3.7445437858423245e-06,3.0190846938467076e-06
143,6351.0,2.0,4.0,6355.0,6366.0,7.0,2.0,6368.0,6430.0,3.0,15.0,6445.0,6393.0,6.0,4.0,6397.0,6238.0,2.0,0.0,6238.0,5996.0,5.0,0.0,5996.0,7.455748935569773e-07,3.4484327951389557e-07,7.975755410356555e-07,7.211874167580845e-07,1.0226388119392027e-06,2.4803001118556265e-07,7.599045924635561e-07,3.4608458078366766e-07,6.687478886533427e-07,9.651134747983292e-07,4.919168429182719e-07,4.5954491620392444e-07,1.979424270302843e-06,1.7911625727435876e-06,1.3131150691947368e-06,3.3735256482145817e-06,3.72467832306711e-06,2.800962822902875e-06
144,6351.0,5.0,4.0,6355.0,6366.0,5.0,2.0,6368.0,6431.0,7.0,14.0,6445.0,6393.0,5.0,4.0,6397.0,6234.0,3.0,4.0,6238.0,5994.0,5.0,2.0,5996.0,7.226081393056916e-07,3.5870382826175273e-07,8.482225248584996e-07,6.995738296993181e-07,1.081927078196543e-06,2.3731398427884187e-07,7.644372970077029e-07,3.6511489749813107e-07,6.516979498769615e-07,9.277453212632736e-07,5.016248629132747e-07,4.422358982338892e-07,2.033246045272108e-06,1.8104236884255443e-06,1.3024124112632763e-06,3.581524815388093e-06,3.783341070516144e-06,3.1663259233596364e-06
145,6353.0,14.0,2.0,6355.0,6362.0,10.0,6.0,6368.0,6423.0,4.0,22.0,6445.0,6391.0,5.0,6.0,6397.0,6234.0,3.0,4.0,6238.0,5994.0,6.0,2.0,5996.0,7.655968745865494e-07,3.2914116574289664e-07,7.762556358414941e-07,7.465529690193761e-07,1.0908304217949194e-06,2.377943977833752e-07,8.041233972093664e-07,3.697534341284836e-07,6.967501997579006e-07,9.35372731653672e-07,4.951563265294112e-07,4.90744345690075e-07,1.978435392800293e-06,1.735453529448705e-06,1.3440331042318121e-06,3.696193166831563e-06,3.821729414596575e-06,3.0548900660392065e-06
146,6353.0,5.0,2.0,6355.0,6364.0,5.0,4.0,6368.0,6434.0,4.0,11.0,6445.0,6392.0,5.0,5.0,6397.0,6237.0,2.0,1.0,6238.0,5993.0,5.0,2.0,5996.0,7.670454997779074e-07,3.284903060034594e-07,8.991038784103012e-07,7.560699460427145e-07,1.154353787569562e-06,2.2981420958245735e-07,7.767299262724236e-07,3.4385359486321934e-07,6.77594631305567e-07,9.099524749629496e-07,5.21959656538229e-07,4.7266665232825744e-07,2.0453418480883556e-06,1.8122479954172378e-06,1.3148061002823396e-06,3.7107366107989036e-06,3.7588613379000436e-06,3.134213039743372e-06
147,6350.0,6.0,5.0,6355.0,6365.0,7.0,3.0,6368.0,6432.0,1.0,13.0,6445.0,6394.0,8.0,3.0,6397.0,6237.0,1.0,1.0,6238.0,5995.0,3.0,0.0,5996.0,7.229660236731661e-07,3.464475317471738e-07,8.188028921125579e-07,7.089428720661318e-07,1.1361649583463418e-06,2.4152608841632174e-07,9.089181347405884e-07,3.4546219828968104e-07,6.888390650487963e-07,9.62935732580661e-07,5.040282731769707e-07,4.930241045997264e-07,1.9180740622743998e-06,1.8906999348189402e-06,1.3341976040237568e-06,3.6031601507602317e-06,3.8011125991204155e-06,3.1029607553136883e-06
148,6353.0,4.0,2.0,6355.0,6365.0,10.0,3.0,6368.0,6429.0,2.0,16.0,6445.0,6394.0,3.0,3.0,6397.0,6236.0,3.0,2.0,6238.0,5994.0,6.0,2.0,5996.0,7.049088279771354e-07,3.213496992344744e-07,8.819727013076317e-07,7.423492925369146e-07,1.2069795989546605e-06,2.2669728915758468e-07,7.988355395696089e-07,3.429708312552293e-07,6.201106118695066e-07,9.626263938002922e-07,4.88251706961762e-07,4.972711042228184e-07,1.996103998038734e-06,1.710828673424203e-06,1.3410875355361896e-06,3.610051237302514e-06,3.918965371781269e-06,3.0673839384007804e-06
149,6352.0,6.0,3.0,6355.0,6365.0,4.0,3.0,6368.0,6435.0,3.0,10.0,6445.0,6395.0,2.0,2.0,6397.0,6238.0,1.0,0.0,6238.0,5995.0,3.0,1.0,5996.0,7.498120602491554e-07,3.2878392485713445e-07,8.549874053542794e-07,7.644255034762181e-07,1.1727880459844187e-06,2.331080959550036e-07,7.891292674884198e-07,3.450001538070069e-07,7.312590069403769e-07,9.457456129808861e-07,4.730311917384711e-07,4.69426303759235e-07,2.048403272056021e-06,1.739867778695725e-06,1.263384220322905e-06,3.668661402798534e-06,3.6905103753497316e-06,2.9685962134067266e-06
150,6354.0,8.0,1.0,6355.0,6364.0,3.0,4.0,6368.0,6431.0,2.0,14.0,6445.0,6395.0,5.0,2.0,6397.0,6234.0,2.0,4.0,6238.0,5996.0,5.0,0.0,5996.0,7.585842246129459e-07,3.190016485845604e-07,9.06604661970789e-07,7.412704247826695e-07,1.2600259296107196e-06,2.45847565331303e-07,7.556985207557432e-07,3.352003195900011e-07,6.555933068383979e-07,8.947167985411397e-07,5.093073583495312e-07,4.869042904829257e-07,2.027543378886776e-06,1.6559748587781088e-06,1.30644689483006e-06,3.5585240104296646e-06,3.859230335308439e-06,3.1963120387104028e-06
151,6351.0,5.0,4.0,6355.0,6366.0,7.0,2.0,6368.0,6431.0,4.0,14.0,6445.0,6390.0,6.0,7.0,6397.0,6238.0,3.0,0.0,6238.0,5993.0,5.0,2.0,5996.0,7.37197622889596e-07,3.281631601872448e-07,8.584690496320491e-07,6.830270326645404e-07,1.2046547377551065e-06,2.512058848154197e-07,8.486783003576193e-07,3.649856855503231e-07,8.014313971216325e-07,9.865357220419923e-07,4.850285777280306e-07,4.911228497803677e-07,2.008698612627313e-06,1.7833987835729205e-06,1.3613576720672428e-06,3.5339385650559052e-06,3.84449773707729e-06,3.2240304382753493e-06
152,6354.0,4.0,1.0,6355.0,6367.0,4.0,1.0,6368.0,6437.0,2.0,8.0,6445.0,6394.0,2.0,3.0,6397.0,6236.0,1.0,2.0,6238.0,5994.0,4.0,2.0,5996.0,7.64566701938918e-07,3.3133759045611554e-07,8.672816772161695e-07,7.412500077670359e-07,1.1744801712083586e-06,2.478246606756329e-07,8.687733415797538e-07,3.290361330812175e-07,7.587312649803834e-07,1.0021718551129766e-06,4.761083670530297e-07,4.771252362587575e-07,2.0234280574413787e-06,1.694028103514711e-06,1.3737918145153571e-06,3.790475927871739e-06,3.877463815001647e-06,2.947413928268361e-06
153,6354.0,6.0,1.0,6355.0,6367.0,8.0,1.0,6368.0,6435.0,4.0,10.0,6445.0,6390.0,3.0,7.0,6397.0,6236.0,2.0,2.0,6238.0,5992.0,2.0,3.0,5996.0,7.607437257206584e-07,3.471231099112515e-07,8.522127939869506e-07,7.613407816222661e-07,1.2554390499133206e-06,2.361395903172081e-07,8.742247501629663e-07,3.304672614916626e-07,7.984320782838949e-07,9.652247959053284e-07,4.905187485917395e-07,4.5932060177023006e-07,2.069471824114544e-06,1.7269779297919286e-06,1.3221979211266443e-06,3.6248615964495914e-06,3.842302845953327e-06,2.922986710245823e-06
154,6352.0,5.0,3.0,6355.0,6366.0,1.0,2.0,6368.0,6439.0,4.0,6.0,6445.0,6394.0,3.0,3.0,6397.0,6234.0,1.0,4.0,6238.0,5995.0,5.0,0.0,5996.0,7.802203475577585e-07,3.3231050458937264e-07,8.269397839342218e-07,7.138239911341771e-07,1.2072675553937983e-06,2.3635930051568722e-07,8.974256146743187e-07,3.3605596260244395e-07,8.077168772047116e-07,9.587192772642084e-07,5.14361429033272e-07,4.432780917085211e-07,2.058540367357864e-06,1.7387512972106834e-06,1.3737058663139123e-06,3.7187464999419717e-06,3.7552492569830063e-06,3.205855134012836e-06
155,6354.0,1.0,1.0,6355.0,6365.0,3.0,3.0,6368.0,6441.0,1.0,4.0,6445.0,6394.0,2.0,3.0,6397.0,6238.0,2.0,0.0,6238.0,5996.0,2.0,0.0,5996.0,7.594503970622668e-07,3.374034612306787e-07,8.602947963822771e-07,7.057054679791008e-07,1.1802354311640784e-06,2.393221856635819e-07,9.000570359987136e-07,3.2830572738618e-07,6.854983157040806e-07,9.80753242913579e-07,4.679247222014737e-07,4.867318043508817e-07,1.9886393880028664e-06,1.7812654590159127e-06,1.3902349070065157e-06,3.5883193144172764e-06,3.8641436011630505e-06,3.1979605993228687e-06
156,6354.0,5.0,1.0,6355.0,6367.0,6.0,1.0,6368.0,6434.0,1.0,11.0,6445.0,6392.0,3.0,5.0,6397.0,6238.0,2.0,0.0,6238.0,5995.0,2.0,0.0,5996.0,7.806057332686578e-07,3.356865297021727e-07,9.168452725134557e-07,7.069410320639236e-07,1.2805479741331282e-06,2.475957286023345e-07,8.158546780521192e-07,3.2228215995644403e-07,7.995616282840956e-07,9.614603209513462e-07,5.071923883903651e-07,4.77342072478848e-07,2.0990384952028764e-06,1.7489970169322077e-06,1.3374942219286367e-06,3.5538792583338363e-06,3.8077855616052146e-06,3.074258650144657e-06
157,6354.0,4.0,1.0,6355.0,6366.0,8.0,2.0,6368.0,6434.0,2.0,11.0,6445.0,6391.0,5.0,6.0,6397.0,6236.0,1.0,2.0,6238.0,5995.0,3.0,1.0,5996.0,7.215390790378251e-07,3.2524968137437325e-07,9.124117949568245e-07,7.656667402677897e-07,1.1915203593133584e-06,2.472454256974288e-07,8.98986242837907e-07,3.3828456327000823e-07,7.917401094275078e-07,9.654588824261622e-07,5.120747373013046e-07,4.5489700556800014e-07,2.051054252689255e-06,1.7003047890113976e-06,1.336772797856156e-06,3.566335648599761e-06,3.848628652974639e-06,3.1381013532154613e-06
158,6353.0,4.0,2.0,6355.0,6367.0,5.0,1.0,6368.0,6441.0,0.0,4.0,6445.0,6393.0,1.0,4.0,6397.0,6235.0,2.0,3.0,6238.0,5995.0,3.0,0.0,5996.0,7.615240795217915e-07,3.3070426971448795e-07,9.089496707233025e-07,7.154542423677413e-07,1.2443038397833561e-06,2.4491807360504934e-07,9.52473848130353e-07,3.532180911349769e-07,9.743134996682557e-07,9.763572314298585e-07,5.146598598031459e-07,4.59755830576114e-07,1.9383634133589566e-06,1.8720669557410474e-06,1.268222485265369e-06,3.3708336687254813e-06,3.6445806851475027e-06,3.205560404182961e-06
159,6352.0,5.0,3.0,6355.0,6365.0,3.0,3.0,6368.0,6437.0,7.0,8.0,6445.0,6395.0,6.0,2.0,6397.0,6234.0,0.0,4.0,6238.0,5992.0,3.0,3.0,5996.0,7.679449148483287e-07,3.1840481848988135e-07,9.69344960438434e-07,7.116045997648257e-07,1.2451967654385498e-06,2.490084224007205e-07,8.831217218912002e-07,3.2896638686708e-07,7.713439212650996e-07,9.759525995605145e-07,4.94039880017283e-07,4.969481124490471e-07,1.9279599794685966e-06,1.7135929751077583e-06,1.3235369397648356e-06,3.537912739204785e-06,3.8125641763713246e-06,3.011041428067074e-06
160,6354.0,4.0,1.0,6355.0,6367.0,4.0,1.0,6368.0,6434.0,0.0,11.0,6445.0,6393.0,4.0,4.0,6397.0,6237.0,3.0,1.0,6238.0,5994.0,5.0,0.0,5996.0,7.805739499389119e-07,3.229902397237083e-07,9.123600861684622e-07,7.00616638418694e-07,1.2765114164068336e-06,2.3666259717458614e-07,9.793240144801984e-07,3.354624982421228e-07,1.110535244990274e-06,9.445789440860608e-07,5.081623286713466e-07,4.646243244934567e-07,2.0845750578928345e-06,1.671650806144953e-06,1.3909359075086058e-06,3.5181382962150564e-06,3.739884401909421e-06,3.0640051121508804e-06
161,6352.0,4.0,3.0,6355.0,6367.0,8.0,1.0,6368.0,6436.0,0.0,9.0,6445.0,6393.0,4.0,4.0,6397.0,6238.0,1.0,0.0,6238.0,5994.0,2.0,1.0,5996.0,8.090039095236534e-07,3.3771821676964465e-07,9.195543525493122e-07,7.18840084211081e-07,1.3345765118586427e-06,2.359304387340444e-07,8.688108639987036e-07,3.2358302407686776e-07,8.553130016224487e-07,9.45515984199119e-07,5.062619598774631e-07,4.6541713696512944e-07,1.962795486434743e-06,1.7343414722290618e-06,1.3472965709695472e-06,3.5415621812262544e-06,3.7270509520226368e-06,2.8614094131285127e-06
162,6353.0,1.0,2.0,6355.0,6367.0,8.0,1.0,6368.0,6437.0,7.0,8.0,6445.0,6391.0,2.0,6.0,6397.0,6238.0,1.0,0.0,6238.0,5989.0,5.0,6.0,5996.0,7.586713701144276e-07,3.1884010772387227e-07,9.151733955548024e-07,7.079583552922486e-07,1.2569985584320874e-06,2.5010000938152643e-07,8.961221887133775e-07,3.27384567569311e-07,9.177325871121411e-07,9.85144262472204e-07,5.206056422082384e-07,4.371093731592168e-07,2.019835646080992e-06,1.5763197432931975e-06,1.375003880866643e-06,3.7433612484960577e-06,3.740068258878182e-06,3.002131940263553e-06
163,6352.0,3.0,3.0,6355.0,6365.0,4.0,3.0,6368.0,6439.0,3.0,6.0,6445.0,6393.0,3.0,4.0,6397.0,6238.0,2.0,0.0,6238.0,5996.0,1.0,0.0,5996.0,7.513685909756873e-07,3.134264187352187e-07,9.918850324197591e-07,7.81811621354933e-07,1.2311645796145854e-06,2.3375447037210507e-07,9.171907356204657e-07,3.16663019340524e-07,1.1870864049683404e-06,1.0080908059464377e-06,5.416991868827381e-07,4.52161507666915e-07,2.003755634149229e-06,1.74455149874575e-06,1.3073891385033675e-06,3.6363982741534073e-06,3.686809741225261e-06,2.939722420052249e-06
164,6353.0,2.0,2.0,6355.0,6366.0,8.0,2.0,6368.0,6436.0,3.0,9.0,6445.0,6394.0,3.0,3.0,6397.0,6237.0,1.0,1.0,6238.0,5994.0,2.0,1.0,5996.0,7.517786998363363e-07,3.054309116024001e-07,9.286431816164509e-07,7.465589534589867e-07,1.2568126117855628e-06,2.405508053442418e-07,1.0349495086217076e-06,3.2951534225844626e-07,1.1800411593512195e-06,1.068637066914846e-06,5.217917814164253e-07,4.378076644755424e-07,1.9815156648519407e-06,1.7420188688959115e-06,1.3353745269171214e-06,3.564079450598001e-06,3.566737335461312e-06,2.9353533616358617e-06
165,6353.0,3.0,2.0,6355.0,6365.0,1.0,3.0,6368.0,6440.0,2.0,5.0,6445.0,6395.0,2.0,2.0,6397.0,6238.0,3.0,0.0,6238.0,5995.0,2.0,1.0,5996.0,7.736267626512472e-07,3.171215815385153e-07,9.284749527438407e-07,6.886893933710781e-07,1.3251270056713338e-06,2.496308019743765e-07,9.012420541552046e-07,3.105239724519038e-07,8.682557723815876e-07,9.868199206692908e-07,5.00156001713492e-07,4.608740120346511e-07,2.037860154388227e-06,1.743698179382136e-06,1.3399242181719727e-06,3.726524583726132e-06,3.575242748127039e-06,3.119198160675296e-06
166,6353.0,2.0,2.0,6355.0,6367.0,5.0,1.0,6368.0,6440.0,2.0,5.0,6445.0,6395.0,0.0,2.0,6397.0,6237.0,2.0,1.0,6238.0,5994.0,2.0,1.0,5996.0,8.006573600809475e-07,3.135931448596807e-07,1.0151756092042774e-06,6.995233691355907e-07,1.2038608038409392e-06,2.3760613191115e-07,1.0177822344488162e-06,2.9704197103086474e-07,1.0502307252835408e-06,1.0095127913345437e-06,5.192728747331898e-07,4.4247136794695054e-07,2.023899422425757e-06,1.6510852639157747e-06,1.4907844374363323e-06,3.793828124003085e-06,3.6682783400578954e-06,3.077347839109734e-06
167,6354.0,2.0,1.0,6355.0,6368.0,1.0,0.0,6368.0,6438.0,0.0,7.0,6445.0,6397.0,4.0,0.0,6397.0,6237.0,1.0,1.0,6238.0,5996.0,1.0,0.0,5996.0,8.022703419463539e-07,3.25641097312257e-07,1.0238826623520937e-06,6.765160077719657e-07,1.2581153369737309e-06,2.308543593372292e-07,1.0143010021721465e-06,3.1808623816687033e-07,1.5186764855172897e-06,9.925277479965188e-07,5.042940759523163e-07,4.432831106697677e-07,1.9639128037738374e-06,1.6787825384483313e-06,1.3401663269689834e-06,3.7034749149142955e-06,3.4891426325884823e-06,3.4293302525156834e-06
168,6353.0,3.0,2.0,6355.0,6367.0,2.0,1.0,6368.0,6439.0,2.0,6.0,6445.0,6394.0,3.0,3.0,6397.0,6238.0,1.0,0.0,6238.0,5993.0,4.0,1.0,5996.0,7.891013964353987e-07,3.169654879897621e-07,9.8336144446165e-07,6.955387411906599e-07,1.2889710988588377e-06,2.484052668236814e-07,1.0384369433182882e-06,3.2012322443364384e-07,1.2820481696493857e-06,1.0364504298294719e-06,4.970751192345802e-07,4.3508139550851865e-07,2.029338326707375e-06,1.7714770220322861e-06,1.3676820989871884e-06,3.804370940400759e-06,3.6600115768692377e-06,3.253853392095607e-06
169,6349.0,2.0,6.0,6355.0,6368.0,4.0,0.0,6368.0,6439.0,2.0,6.0,6445.0,6397.0,3.0,0.0,6397.0,6237.0,2.0,1.0,6238.0,5995.0,1.0,1.0,5996.0,7.958231581497443e-07,3.154390926880524e-07,9.693915966337841e-07,7.060289199571911e-07,1.2652375265460592e-06,2.3990925702577213e-07,9.232081665615511e-07,3.1896402290243485e-07,1.1669943527863325e-06,1.0706175417851682e-06,5.057324356272374e-07,4.2832534081327366e-07,1.99982637113294e-06,1.6531606191563243e-06,1.3186958244375546e-06,3.561581720873619e-06,3.7127465299704454e-06,3.008132353613746e-06
170,6352.0,5.0,3.0,6355.0,6364.0,6.0,4.0,6368.0,6441.0,2.0,4.0,6445.0,6393.0,2.0,4.0,6397.0,6237.0,2.0,1.0,6238.0,5994.0,1.0,1.0,5996.0,7.683497387418469e-07,3.110279683653516e-07,8.826227159914879e-07,7.327141665243175e-07,1.3264082364443653e-06,2.41106142354397e-07,9.980710170935936e-07,3.228662423495621e-07,8.778399424187455e-07,1.0069104605534563e-06,4.877908584575152e-07,4.580224128289956e-07,2.0489384015718314e-06,1.723852769231371e-06,1.2384037209756115e-06,3.437709851652926e-06,3.8005710758284294e-06,3.012165849042958e-06
171,6353.0,2.0,2.0,6355.0,6366.0,2.0,2.0,6368.0,6437.0,1.0,8.0,6445.0,6395.0,1.0,2.0,6397.0,6238.0,4.0,0.0,6238.0,5996.0,4.0,0.0,5996.0,7.959471131897544e-07,3.230824228666052e-07,9.939542580923444e-07,7.256954189216457e-07,1.1769793712659293e-06,2.4148355951325586e-07,1.0339279030660009e-06,3.271013789216681e-07,1.3617304983313262e-06,1.0552506204888345e-06,4.895826562147932e-07,4.6522711572549723e-07,1.971068423145539e-06,1.7222636554095061e-06,1.2947208386719922e-06,3.5282574135635515e-06,3.844768106603169e-06,2.9325725572846297e-06
172,6352.0,5.0,3.0,6355.0,6367.0,3.0,1.0,6368.0,6439.0,4.0,6.0,6445.0,6396.0,5.0,1.0,6397.0,6236.0,0.0,2.0,6238.0,5991.0,1.0,5.0,5996.0,7.740194212573215e-07,3.1999169020480165e-07,9.72969337539098e-07,6.790034641852572e-07,1.1858197171648044e-06,2.39608149946946e-07,1.1383777005775642e-06,3.121720566383601e-07,1.2215911400090818e-06,9.633621089264467e-07,4.95967792566887e-07,4.458004453269382e-07,1.9941916026198216e-06,1.7604169471781006e-06,1.4478764341276928e-06,3.627545936865317e-06,3.589433583272239e-06,3.0800116649629673e-06
173,6355.0,4.0,0.0,6355.0,6368.0,4.0,0.0,6368.0,6439.0,2.0,6.0,6445.0,6392.0,1.0,5.0,6397.0,6237.0,2.0,1.0,6238.0,5993.0,2.0,3.0,5996.0,7.628041848093404e-07,3.3362378732704203e-07,9.7934178033654e-07,7.169341358164161e-07,1.1747033010678365e-06,2.489803636080978e-07,8.647453645238557e-07,3.1298048356376283e-07,1.0253155325798957e-06,1.1038657958906128e-06,5.197229443609785e-07,4.259985809085265e-07,2.0172197230010626e-06,1.7078123860301275e-06,1.3238510889834742e-06,3.445974467609858e-06,3.770109067829708e-06,3.1410764942734205e-06
174,6355.0,2.0,0.0,6355.0,6366.0,3.0,2.0,6368.0,6438.0,1.0,7.0,6445.0,6395.0,3.0,2.0,6397.0,6237.0,2.0,1.0,6238.0,5995.0,2.0,0.0,5996.0,8.349420472626434e-07,3.098170014972368e-07,1.063897692716864e-06,6.796257719727805e-07,1.2652858782615794e-06,2.4449082309274673e-07,8.672882574245477e-07,3.119802018360929e-07,1.162759394659929e-06,1.068096294254417e-06,5.227430926453281e-07,4.2584979305360094e-07,2.0104065270629688e-06,1.7092644936553826e-06,1.3324052484620096e-06,3.5152985830677606e-06,3.6694749529146973e-06,3.050332816428636e-06
175,6354.0,4.0,1.0,6355.0,6367.0,3.0,1.0,6368.0,6436.0,1.0,9.0,6445.0,6394.0,2.0,3.0,6397.0,6238.0,1.0,0.0,6238.0,5996.0,3.0,0.0,5996.0,7.94494670799395e-07,3.093557090991794e-07,9.742345585124212e-07,6.588903654929368e-07,1.1959561241212669e-06,2.3793039540720428e-07,9.311542876702105e-07,3.3570667979887505e-07,1.1787055122951528e-06,1.0646966334633134e-06,5.408342201604909e-07,4.118494953075924e-07,2.009069334775404e-06,1.7310904846965514e-06,1.3032417633098703e-06,3.542954273882515e-06,3.901320967884203e-06,3.1243723147440505e-06
176,6353.0,2.0,2.0,6355.0,6368.0,2.0,0.0,6368.0,6437.0,1.0,8.0,6445.0,6396.0,2.0,1.0,6397.0,6238.0,1.0,0.0,6238.0,5994.0,5.0,0.0,5996.0,7.803635105645413e-07,3.1355375288200096e-07,1.0943453827678696e-06,7.638168044650229e-07,1.2076194064434276e-06,2.4350567436925985e-07,9.471854436924332e-07,3.2083149366002317e-07,1.1730070416717808e-06,1.0282268061416743e-06,5.324514262738944e-07,4.1277785192761485e-07,2.1299306053919053e-06,1.8005921489248067e-06,1.2611827054342938e-06,3.634564507024152e-06,3.7953508177110963e-06,3.074324584417809e-06
177,6352.0,5.0,3.0,6355.0,6365.0,2.0,3.0,6368.0,6438.0,2.0,7.0,6445.0,6395.0,6.0,2.0,6397.0,6237.0,2.0,1.0,6238.0,5993.0,2.0,2.0,5996.0,8.069201356093458e-07,3.164848684775734e-07,1.1557955458130208e-06,6.711697434980123e-07,1.2678682060780488e-06,2.4143116623065454e-07,1.0008790358639885e-06,3.2313293099406336e-07,1.2141511778338554e-06,1.0700303175781302e-06,5.081620570877021e-07,4.1283681446202536e-07,2.1443897524306975e-06,1.783766060555081e-06,1.2859633650776914e-06,3.4659871165558796e-06,3.5655302905865936e-06,3.082241898709981e-06
178,6355.0,2.0,0.0,6355.0,6367.0,2.0,1.0,6368.0,6442.0,1.0,3.0,6445.0,6397.0,1.0,0.0,6397.0,6236.0,0.0,2.0,6238.0,5992.0,4.0,1.0,5996.0,8.076106064720534e-07,3.092975783118845e-07,1.1432229573102858e-06,7.305380083124646e-07,1.1686892993978403e-06,2.463689671046154e-07,1.0262746101048492e-06,3.212710753004444e-07,1.3440665221295944e-06,9.657197341255141e-07,5.119436528175925e-07,4.1342563730495385e-07,2.0334050836652294e-06,1.758571761556027e-06,1.378552910153985e-06,3.576762741602124e-06,3.6545851339155887e-06,3.0232952039455086e-06
179,6355.0,4.0,0.0,6355.0,6367.0,3.0,1.0,6368.0,6439.0,2.0,6.0,6445.0,6394.0,2.0,3.0,6397.0,6237.0,0.0,1.0,6238.0,5995.0,1.0,1.0,5996.0,7.721207044113498e-07,3.10070681919683e-07,1.0602827174324147e-06,7.12680010757083e-07,1.34844750540708e-06,2.3760430282493417e-07,9.332849549110734e-07,3.367934261007122e-07,1.3018569841634075e-06,1.122015122284381e-06,5.519535767106732e-07,3.7919764363891773e-07,2.036327761146595e-06,1.8501506859820439e-06,1.3559249221088975e-06,3.511624029158611e-06,3.5368762111147587e-06,3.2012062357011927e-06
180,6355.0,2.0,0.0,6355.0,6367.0,3.0,1.0,6368.0,6440.0,0.0,5.0,6445.0,6396.0,0.0,1.0,6397.0,6238.0,1.0,0.0,6238.0,5996.0,1.0,0.0,5996.0,8.144919151504837e-07,3.112365301873865e-07,1.1145398964629293e-06,7.364587822529245e-07,1.2457479586913679e-06,2.397290573910027e-07,1.059487321995789e-06,3.3060845270682646e-07,1.6237867481123657e-06,1.1265494332377558e-06,5.235557863016993e-07,4.227063159873978e-07,2.005034002621642e-06,1.743926213521263e-06,1.3817174295809308e-06,3.637510415131828e-06,3.8874177102457e-06,3.314974518843883e-06
181,6353.0,0.0,2.0,6355.0,6367.0,4.0,1.0,6368.0,6440.0,3.0,5.0,6445.0,6396.0,2.0,1.0,6397.0,6238.0,1.0,0.0,6238.0,5994.0,1.0,2.0,5996.0,7.723150219405284e-07,3.0153629972318186e-07,1.1222323499069376e-06,7.426203588281055e-07,1.2404988541305783e-06,2.2306700638807798e-07,9.497225367951501e-07,3.282581661920858e-07,1.2321567136694966e-06,1.0443558754360539e-06,5.113628796564739e-07,4.123454114264291e-07,2.037168589566818e-06,1.7807106164440256e-06,1.2770078677419861e-06,3.727688273102103e-06,3.7508829431658342e-06,3.0526807440196533e-06
182,6353.0,2.0,2.0,6355.0,6366.0,2.0,2.0,6368.0,6439.0,2.0,6.0,6445.0,6397.0,4.0,0.0,6397.0,6238.0,1.0,0.0,6238.0,5992.0,3.0,2.0,5996.0,7.953688211088661e-07,3.068483445218817e-07,1.1144289004931806e-06,7.330084094263612e-07,1.2604190116789482e-06,2.3561912873759637e-07,9.756708660546565e-07,3.1956422344592283e-07,1.997926616709833e-06,1.0518565369537213e-06,5.435102679598458e-07,4.0528116189619825e-07,2.1223579253302204e-06,1.8111045781381564e-06,1.2379442648580152e-06,3.4426342204483264e-06,3.7204535598789335e-06,3.2232353005383628e-06
183,6350.0,2.0,5.0,6355.0,6367.0,2.0,1.0,6368.0,6439.0,3.0,6.0,6445.0,6393.0,3.0,4.0,6397.0,6238.0,4.0,0.0,6238.0,5996.0,2.0,0.0,5996.0,7.745604020144015e-07,3.140642103431901e-07,1.211006339360665e-06,7.202085961992566e-07,1.1656463509979176e-06,2.2837873349601524e-07,9.136892052481471e-07,3.2384244622818416e-07,1.6545659204965092e-06,1.0977783134649145e-06,4.890049579842071e-07,4.170264610081631e-07,2.0598825199726888e-06,1.7457244379954773e-06,1.389852742192943e-06,3.640597027640524e-06,3.836708254254973e-06,3.0561638079120713e-06
184,6354.0,2.0,1.0,6355.0,6367.0,1.0,1.0,6368.0,6438.0,4.0,7.0,6445.0,6393.0,3.0,4.0,6397.0,6237.0,1.0,1.0,6238.0,5996.0,3.0,0.0,5996.0,7.734678450930232e-07,3.104081017824001e-07,1.1570640623475014e-06,7.13652520843766e-07,1.2198964852530026e-06,2.460653018516723e-07,9.043176069667425e-07,3.066221448122519e-07,1.2352360809444462e-06,1.0939777072280775e-06,4.973993281041089e-07,4.373026700932314e-07,2.0593732941733834e-06,1.8333961435246238e-06,1.2509385076384661e-06,3.5559512298277697e-06,3.6800981855549254e-06,3.113121232559024e-06
185,6355.0,1.0,0.0,6355.0,6367.0,3.0,1.0,6368.0,6441.0,3.0,4.0,6445.0,6396.0,0.0,1.0,6397.0,6238.0,0.0,0.0,6238.0,5990.0,5.0,2.0,5996.0,7.689146865459407e-07,3.154990020313164e-07,1.1292772699249553e-06,7.531374010767422e-07,1.2156955364588383e-06,2.4966833908735e-07,7.988419738040875e-07,3.246222817026023e-07,2.184639471892069e-06,1.0486069218842431e-06,5.038173164422233e-07,4.273296019903228e-07,1.977460876418036e-06,1.8184004210297645e-06,1.3043332897098025e-06,3.5970169413417354e-06,3.7532809325853125e-06,3.2564553247311777e-06
186,6353.0,2.0,2.0,6355.0,6368.0,4.0,0.0,6368.0,6439.0,1.0,6.0,6445.0,6396.0,0.0,1.0,6397.0,6238.0,1.0,0.0,6238.0,5994.0,3.0,1.0,5996.0,7.622567679135272e-07,3.061080832011953e-07,1.1410175210926354e-06,7.265144875852058e-07,1.196482411629063e-06,2.390659163964415e-07,8.906500919536597e-07,3.252550400887344e-07,1.2404143085404939e-06,1.0972814287057985e-06,4.95994956295931e-07,4.036709111261416e-07,1.969620822308116e-06,1.8688318851900477e-06,1.2653490431375758e-06,3.494181604366986e-06,3.8427361263302374e-06,2.907593009751963e-06
187,6354.0,2.0,1.0,6355.0,6366.0,2.0,2.0,6368.0,6441.0,0.0,4.0,6445.0,6396.0,0.0,1.0,6397.0,6238.0,2.0,0.0,6238.0,5994.0,4.0,0.0,5996.0,8.118295292547373e-07,3.048550170419162e-07,1.1749077116931517e-06,7.453687156342426e-07,1.1523413339347145e-06,2.4155476742038216e-07,7.732467281442723e-07,3.1520202296775324e-07,1.0909615606351507e-06,1.0640589064934148e-06,4.997695216033548e-07,4.455590880994009e-07,2.0698790392543743e-06,1.869152863804402e-06,1.2057535450935574e-06,3.828683562460355e-06,3.7970290619568915e-06,2.969722087300397e-06
188,6354.0,2.0,1.0,6355.0,6366.0,3.0,2.0,6368.0,6442.0,3.0,3.0,6445.0,6393.0,2.0,4.0,6397.0,6237.0,1.0,1.0,6238.0,5995.0,1.0,1.0,5996.0,7.649041112216537e-07,2.9996632114404065e-07,1.1506301754167226e-06,7.214277742235709e-07,1.2453074843890022e-06,2.349727752957165e-07,9.773868608888848e-07,3.153328685954193e-07,1.4181764350524872e-06,1.0998806750137646e-06,5.177261648299236e-07,3.902127212711548e-07,1.995231313088652e-06,1.8273019664718503e-06,1.275037305049409e-06,3.629581098152812e-06,3.6600958414965133e-06,3.0576008821299185e-06
189,6354.0,1.0,1.0,6355.0,6367.0,0.0,1.0,6368.0,6444.0,5.0,1.0,6445.0,6393.0,0.0,4.0,6397.0,6238.0,1.0,0.0,6238.0,5995.0,1.0,1.0,5996.0,7.782877973454561e-07,3.103693354944426e-07,1.131302540784418e-06,7.630309397299584e-07,1.2144415140227238e-06,2.3807089448268924e-07,8.505201501947113e-07,3.029771762470546e-07,1.2788918178614495e-06,1.044407686926263e-06,5.694052431266528e-07,4.0525739944285985e-07,1.957617924318811e-06,1.9236456107023514e-06,1.2881914104809766e-06,3.5739168811232957e-06,3.581677176555331e-06,3.0464849631925972e-06
190,6354.0,4.0,1.0,6355.0,6367.0,6.0,1.0,6368.0,6440.0,0.0,5.0,6445.0,6393.0,2.0,4.0,6397.0,6236.0,2.0,2.0,6238.0,5993.0,2.0,2.0,5996.0,8.386732709126932e-07,3.055074328841556e-07,1.2583752772954426e-06,7.236300010262653e-07,1.2642085170853078e-06,2.362411568128664e-07,9.185367152042545e-07,3.0372963858127376e-07,1.8012025700926415e-06,1.021238315935591e-06,5.642133715753062e-07,4.078339196311731e-07,2.0280795187090917e-06,1.8172324620024938e-06,1.2486221073402248e-06,3.520934953314736e-06,3.645919546215737e-06,3.0916264730080913e-06
191,6355.0,1.0,0.0,6355.0,6366.0,4.0,2.0,6368.0,6441.0,1.0,4.0,6445.0,6393.0,2.0,4.0,6397.0,6237.0,2.0,1.0,6238.0,5994.0,3.0,0.0,5996.0,7.791710598255009e-07,3.098893568633798e-07,1.2256604492577595e-06,7.938795460020742e-07,1.2087279887254e-06,2.5848056487376425e-07,8.22051274013802e-07,3.2825220907284347e-07,1.4516840407310383e-06,1.0606511475117487e-06,5.354741887515502e-07,3.8546967247299336e-07,2.017945845864233e-06,1.933539054391531e-06,1.2807061304727086e-06,3.772319248298572e-06,3.6395991640461034e-06,2.9676715277275887e-06
192,6355.0,1.0,0.0,6355.0,6367.0,2.0,1.0,6368.0,6440.0,1.0,5.0,6445.0,6395.0,4.0,2.0,6397.0,6238.0,0.0,0.0,6238.0,5994.0,2.0,1.0,5996.0,7.481195650100858e-07,2.929386240424492e-07,1.1796956796672475e-06,7.275118429532767e-07,1.2579653404500846e-06,2.426626815150712e-07,1.019891373168491e-06,3.2132817429442185e-07,1.657660084042334e-06,1.03523451353027e-06,5.275000738151903e-07,3.96284961254878e-07,1.9847626307409884e-06,1.931022696595619e-06,1.2467080528324458e-06,3.6131578063987035e-06,3.6701758041886024e-06,3.266822768864586e-06
193,6355.0,5.0,0.0,6355.0,6366.0,1.0,2.0,6368.0,6440.0,1.0,5.0,6445.0,6394.0,3.0,3.0,6397.0,6236.0,0.0,2.0,6238.0,5994.0,4.0,0.0,5996.0,7.984597611709887e-07,2.9546712899275464e-07,1.382309377405022e-06,7.440382550356616e-07,1.1518329623783074e-06,2.394000539673868e-07,9.511707931650904e-07,3.199105257607471e-07,1.577087230927532e-06,1.0198393223888047e-06,5.257467751249579e-07,4.1735024922218147e-07,1.9416586928571178e-06,1.946284963239009e-06,1.266547343163893e-06,3.6220501638126732e-06,3.850332483352758e-06,3.0449473233602474e-06
194,6355.0,0.0,0.0,6355.0,6366.0,2.0,2.0,6368.0,6444.0,0.0,1.0,6445.0,6395.0,4.0,2.0,6397.0,6236.0,0.0,2.0,6238.0,5995.0,2.0,0.0,5996.0,7.400786785893842e-07,2.98033462740932e-07,1.2955777865357731e-06,7.334621469468061e-07,1.1835830955746474e-06,2.5695413794579737e-07,8.674083405324495e-07,3.115563293860646e-07,1.6866461837707902e-06,1.0255711177578064e-06,5.31243064564535e-07,4.0286756090779363e-07,1.9770679664929958e-06,1.83879853099711e-06,1.2796388091373956e-06,3.645636903229388e-06,3.4650853556286166e-06,3.3633240312269664e-06
195,6353.0,3.0,2.0,6355.0,6367.0,0.0,1.0,6368.0,6441.0,1.0,4.0,6445.0,6396.0,3.0,1.0,6397.0,6237.0,0.0,1.0,6238.0,5995.0,3.0,0.0,5996.0,7.849061285440939e-07,3.053807841340017e-07,1.2859065840729046e-06,7.833769971838933e-07,1.2942979972052626e-06,2.423054203717356e-07,9.410999561296762e-07,2.853436693399658e-07,1.997312273999796e-06,1.0678740317615621e-06,5.370118523089218e-07,3.9656861217451934e-07,2.0209288935859605e-06,1.8010701925845752e-06,1.2699295687639278e-06,3.7981036708742977e-06,3.7310442625653193e-06,3.0471730761405524e-06
196,6355.0,3.0,0.0,6355.0,6367.0,2.0,1.0,6368.0,6441.0,3.0,4.0,6445.0,6394.0,1.0,3.0,6397.0,6234.0,1.0,4.0,6238.0,5990.0,7.0,0.0,5996.0,7.978910496575509e-07,3.034248608955181e-07,1.408129503815303e-06,7.742449046190813e-07,1.126378336330447e-06,2.3903980024897466e-07,9.414543660923869e-07,3.2639338142814724e-07,1.5074083513511026e-06,1.0354322489902757e-06,5.41653225468508e-07,4.137417724194847e-07,2.0179719888773207e-06,1.8984884625581343e-06,1.267777870594955e-06,3.658170651021919e-06,3.7447572069595483e-06,3.5448623507363666e-06
197,6355.0,1.0,0.0,6355.0,6367.0,0.0,1.0,6368.0,6442.0,1.0,3.0,6445.0,6396.0,2.0,1.0,6397.0,6237.0,1.0,1.0,6238.0,5994.0,3.0,0.0,5996.0,7.63735910012997e-07,2.989094272436432e-07,1.288610564436965e-06,7.545754636879564e-07,1.208942145311198e-06,2.241092977186554e-07,9.069964173278322e-07,3.25605852609101e-07,1.578034387648586e-06,1.0438399203280824e-06,5.721126678466249e-07,4.0432772887299963e-07,1.962191710362049e-06,1.959752751332644e-06,1.3106382085652512e-06,3.723377518895177e-06,3.6024630371969126e-06,2.889407679049327e-06
198,6354.0,4.0,1.0,6355.0,6367.0,1.0,1.0,6368.0,6441.0,1.0,4.0,6445.0,6394.0,2.0,3.0,6397.0,6237.0,1.0,1.0,6238.0,5996.0,1.0,0.0,5996.0,7.785317829771543e-07,3.098196744488746e-07,1.3403081109473192e-06,7.110762393267578e-07,1.224056372279847e-06,2.3764403886872288e-07,8.906119620561981e-07,3.0195225744478193e-07,1.7679027131691781e-06,1.0199921167100001e-06,5.315965869954198e-07,4.063185374079126e-07,2.08873938635179e-06,1.898819489753123e-06,1.2760736959478436e-06,3.4364576437724282e-06,3.698032050181155e-06,3.023237108777721e-06
199,6353.0,2.0,2.0,6355.0,6366.0,2.0,2.0,6368.0,6445.0,3.0,0.0,6445.0,6393.0,0.0,4.0,6397.0,6237.0,3.0,1.0,6238.0,5992.0,3.0,1.0,5996.0,7.543099008628928e-07,2.9633828692254836e-07,1.3827050767503125e-06,7.332000267652461e-07,1.2166677291247653e-06,2.4301462394760164e-07,8.81779034500596e-07,3.1392704288890626e-07,1.984877055562606e-06,1.160018894900361e-06,5.22692918480061e-07,3.967980708239338e-07,1.9948739426354224e-06,1.910442426208192e-06,1.2814244568346566e-06,3.604955096932372e-06,3.626107532795686e-06,2.947201886968287e-06
