,success_0,time_out_0,migrate_0,generation_0,success_1,time_out_1,migrate_1,generation_1,success_2,time_out_2,migrate_2,generation_2,success_3,time_out_3,migrate_3,generation_3,success_4,time_out_4,migrate_4,generation_4,success_5,time_out_5,migrate_5,generation_5,success_6,time_out_6,migrate_6,generation_6,success_7,time_out_7,migrate_7,generation_7,success_8,time_out_8,migrate_8,generation_8,success_9,time_out_9,migrate_9,generation_9,success_10,time_out_10,migrate_10,generation_10,success_11,time_out_11,migrate_11,generation_11,low_time_0,mid_time_0,high_time_0,low_time_1,mid_time_1,high_time_1,low_time_2,mid_time_2,high_time_2,low_time_3,mid_time_3,high_time_3,low_time_4,mid_time_4,high_time_4,low_time_5,mid_time_5,high_time_5,low_time_6,mid_time_6,high_time_6,low_time_7,mid_time_7,high_time_7,low_time_8,mid_time_8,high_time_8,low_time_9,mid_time_9,high_time_9,low_time_10,mid_time_10,high_time_10,low_time_11,mid_time_11,high_time_11
0,3887.0,4209.0,4805.0,9497.0,4318.0,3440.0,4901.0,9866.0,2463.0,11453.0,5187.0,8028.0,3996.0,7031.0,4953.0,9857.0,1933.0,7513.0,6110.0,10173.0,873.0,5364.0,5216.0,7660.0,3778.0,6224.0,4990.0,9620.0,1915.0,10851.0,8554.0,11020.0,1116.0,6483.0,7414.0,8770.0,2206.0,6375.0,8564.0,10936.0,1346.0,10545.0,5980.0,8955.0,783.0,5640.0,7001.0,9360.0,0.6640480852064987,0.6383863475949814,0.26344074270067114,0.7725349850642185,0.5606442441542944,0.30294862661200267,0.4099697850023707,0.3089023560596009,0.15430082112240295,0.7116998181988795,0.7370915357178698,0.2786345604496698,1.847521716170013,1.0411595736630261,0.15106411520391702,3.1399790406227113,0.7162429060786962,0.0254607941955328,0.8269049265732368,0.5265426706212263,0.23704369311841825,0.6569260658696294,0.3985268613013128,0.13818241295715172,0.264153721742332,0.19880762913574776,0.058750585714975996,0.7625171398743987,0.5516383789790174,0.15844847187399863,0.873352341602246,0.49972013011574745,0.08605503321935733,1.5265053287148476,0.5106744978576898,0.056151137997706733
1,3931.0,4082.0,4772.0,9497.0,4239.0,3702.0,4975.0,9866.0,2357.0,11423.0,5057.0,8028.0,4042.0,7454.0,4911.0,9857.0,2000.0,7339.0,5943.0,10173.0,894.0,5043.0,5070.0,7660.0,3850.0,6040.0,4989.0,9620.0,1823.0,10953.0,8657.0,11020.0,1038.0,6773.0,7459.0,8770.0,2205.0,6290.0,8208.0,10936.0,1249.0,10671.0,5990.0,8955.0,763.0,5581.0,6987.0,9360.0,0.7251576014483968,0.5857661526029309,0.2663740513070176,0.7524102150307347,0.5882432135442893,0.29893042518136403,0.3930776309532424,0.29128553944950303,0.1627371241648992,0.7405153868409494,0.6543299783331652,0.2755743238919725,2.0232040447493396,0.9943468273927768,0.16334330743799608,3.0542920388281347,0.7567220741262038,0.019070986409982046,0.7364070670368771,0.521829962808018,0.2498088762629777,0.5952830696788927,0.35625794222578405,0.12015359969809651,0.30484715327620504,0.1802767688408494,0.05486813845733802,0.8003486129455268,0.60431749590983,0.16482396349310874,0.8809734879061579,0.5305990551287929,0.06358790509402752,1.4910654611885548,0.587029138331612,0.03417617566883564
2,3834.0,4158.0,4873.0,9497.0,4322.0,3543.0,4888.0,9866.0,2383.0,11439.0,4924.0,8028.0,4113.0,7347.0,4850.0,9857.0,1854.0,7536.0,6058.0,10173.0,916.0,5497.0,5047.0,7660.0,3820.0,6320.0,4930.0,9620.0,1994.0,10531.0,8415.0,11020.0,1058.0,6404.0,7394.0,8770.0,2295.0,6490.0,8241.0,10936.0,1330.0,10368.0,6124.0,8955.0,725.0,5465.0,7094.0,9360.0,0.7515737086224059,0.6194514093610147,0.285501913431411,0.7568408945885797,0.5709390368312597,0.2935574540713181,0.42601502357671656,0.28605861216783524,0.14989623200769225,0.6815636333699028,0.7041541988961398,0.29228822626173495,2.067167970476051,0.9060536915436387,0.12999659118553003,3.2353954588373504,0.7038315881043673,0.026951377838850023,0.756947198898221,0.5480616198231777,0.2741767227494468,0.5346021566229562,0.3781009173331161,0.13210775026430685,0.2989048227046927,0.19214091723163923,0.06679393040637176,0.789132347330451,0.6165507508131365,0.15352191524580122,0.7956513396774729,0.5410570813963811,0.04844826826204856,1.4436749717841546,0.5391354254757365,0.02770361366371314
3,3890.0,3945.0,4773.0,9497.0,4381.0,3565.0,4849.0,9866.0,2403.0,11624.0,5088.0,8028.0,4010.0,6904.0,4898.0,9857.0,1916.0,7529.0,6063.0,10173.0,871.0,5816.0,5114.0,7660.0,3815.0,5692.0,4896.0,9620.0,1997.0,10974.0,8470.0,11020.0,1078.0,6492.0,7267.0,8770.0,2311.0,6711.0,8256.0,10936.0,1384.0,10132.0,5881.0,8955.0,676.0,5626.0,6924.0,9360.0,0.7421662755931417,0.6116340386526038,0.2930063679271067,0.7626990295015276,0.5946124443939577,0.313276324281469,0.3866789830848575,0.29810946399035554,0.14288037919128935,0.7392636036965996,0.6880404617637396,0.2845885334381213,2.1391096716746687,1.1276392175195118,0.1907243918006619,2.9186715207993985,0.784019532551368,0.0196832695355018,0.7811536997246246,0.5782135401231547,0.23217062307521702,0.5949764161370694,0.37621434858689706,0.1296226146010061,0.2886437510450681,0.21378553165122866,0.07091194769988457,0.7438335742801427,0.5675646929380794,0.14689263965313634,0.8297208598504464,0.5655291793867946,0.06258982916673024,1.5667227805902562,0.5111475476374229,0.039726145565509796
4,3935.0,4939.0,4700.0,9497.0,4331.0,2990.0,4876.0,9866.0,2467.0,11370.0,4889.0,8028.0,4020.0,6801.0,4920.0,9857.0,1905.0,7470.0,5938.0,10173.0,884.0,5676.0,5034.0,7660.0,3924.0,5758.0,4819.0,9620.0,1950.0,10910.0,8208.0,11020.0,1082.0,6335.0,7329.0,8770.0,2317.0,6508.0,8120.0,10936.0,1286.0,10412.0,5891.0,8955.0,752.0,5720.0,6861.0,9360.0,0.7260796581705411,0.5887633388396353,0.2929851423949003,0.8065595729586978,0.581048988752688,0.3018027025895814,0.4184315964890023,0.30681056852142014,0.13066278086043895,0.7656076620332897,0.6696036567290624,0.2883084661637743,2.0484036257490517,0.945507387816906,0.10371476355940104,3.193461127579212,0.7274306032806634,0.013795610703527927,0.7661410300837209,0.5408707347698509,0.25209828377701343,0.5639000397485991,0.37614096368973454,0.13435646385575334,0.2829651214803259,0.17021561140815417,0.05344122614090641,0.7496658265901108,0.5890222974432011,0.17139284598330656,0.8834650923187534,0.5018993146717549,0.09475180717806021,1.48356584807237,0.5864832154164712,0.03921005800366402
5,4006.0,4257.0,4649.0,9497.0,4315.0,3351.0,4807.0,9866.0,2404.0,11379.0,5004.0,8028.0,4110.0,7005.0,4775.0,9857.0,1866.0,7289.0,5901.0,10173.0,919.0,5285.0,4922.0,7660.0,3860.0,6545.0,4804.0,9620.0,1918.0,10601.0,8387.0,11020.0,1090.0,6507.0,7163.0,8770.0,2433.0,6314.0,7804.0,10936.0,1345.0,10347.0,6040.0,8955.0,717.0,5879.0,6798.0,9360.0,0.7759381558125218,0.5745347281607489,0.26524224802851676,0.843748762862136,0.5701060625879715,0.29601927269250156,0.3914841922000051,0.3307596591301262,0.14131723786704242,0.7251821140758693,0.6858955771351855,0.30141648431308565,2.04248913799723,0.9726562714825074,0.16377197317779063,3.018053663522005,0.7524575204898913,0.03420139389733474,0.7391250807015847,0.5592533410992473,0.26174977029052876,0.5198905724721651,0.4000010765468081,0.1329905859505137,0.2824684979704519,0.2077751403984924,0.05937782134860754,0.7033759255583087,0.6240838427717487,0.1622300176260372,0.8049372872337699,0.5061080284416676,0.08345018035421768,1.4439112678170205,0.5239745069295167,0.027244808649023376
6,3838.0,4121.0,4698.0,9497.0,4297.0,3313.0,4833.0,9866.0,2425.0,11222.0,5029.0,8028.0,4066.0,7224.0,4772.0,9857.0,2010.0,7236.0,5908.0,10173.0,891.0,5046.0,4887.0,7660.0,3845.0,6534.0,4788.0,9620.0,1909.0,11038.0,8160.0,11020.0,1028.0,6575.0,6918.0,8770.0,2371.0,6537.0,8066.0,10936.0,1393.0,10546.0,5969.0,8955.0,806.0,5471.0,6730.0,9360.0,0.7807818264390032,0.6018619176931679,0.27333867360527314,0.7729361519062271,0.5624992998627325,0.30338264259820186,0.44077666432907187,0.2865783606035014,0.14329440264652174,0.7181638815440238,0.6885380873767039,0.306416318177556,2.107824608683586,0.9434219007690747,0.144665090367198,2.8779394920915364,0.6561558776845534,0.030160288016001385,0.7338551843538881,0.565196607572337,0.2699181347154081,0.5794859445964297,0.3907213577690224,0.14220235447088878,0.29585474959264196,0.2052296812956532,0.06594516976426044,0.7238583924248815,0.5389717317496737,0.16684094592928886,0.8405021773651242,0.5393746495867769,0.057919446689387165,1.447701691587766,0.6265240968515475,0.046309021612008415
7,3861.0,5272.0,4693.0,9497.0,4396.0,3863.0,4746.0,9866.0,2503.0,11052.0,4824.0,8028.0,4061.0,6127.0,4851.0,9857.0,1974.0,7226.0,5869.0,10173.0,917.0,5715.0,4909.0,7660.0,3931.0,5292.0,4723.0,9620.0,2038.0,11031.0,8233.0,11020.0,1104.0,6449.0,7120.0,8770.0,2303.0,6672.0,8233.0,10936.0,1319.0,10080.0,5834.0,8955.0,769.0,5787.0,6666.0,9360.0,0.7731459758399676,0.6334419442030291,0.26095054514395694,0.8621818476356566,0.559993987592558,0.30798903745599093,0.3854178252319495,0.301735112691919,0.13488653770958384,0.7287141213814418,0.6706743067440887,0.31236130905648074,1.99462038166821,1.1066150996834039,0.128468901074181,3.1634741641581057,0.8624870877712965,0.029256489748756092,0.7551461018777142,0.5858572950276236,0.23814475019462406,0.5342581599329909,0.3881337217676143,0.14140191540742914,0.2762821487461527,0.20511998447279137,0.06358580964927872,0.716346595560511,0.5969951437786222,0.19119330802932383,0.8716521060715119,0.549662482800583,0.08554600284745296,1.4401398114860058,0.5717720535894235,0.017989850044250487
8,3972.0,4729.0,4647.0,9497.0,4319.0,3334.0,4748.0,9866.0,2517.0,10766.0,4738.0,8028.0,4057.0,6610.0,4807.0,9857.0,1905.0,7553.0,5849.0,10173.0,968.0,5519.0,4939.0,7660.0,3853.0,6585.0,4791.0,9620.0,1987.0,10905.0,8226.0,11020.0,1019.0,6465.0,7010.0,8770.0,2376.0,6581.0,7900.0,10936.0,1354.0,9886.0,5922.0,8955.0,787.0,5695.0,6635.0,9360.0,0.7787896471098066,0.6333767757130165,0.29077748373771706,0.8709247562723855,0.5486617177880059,0.2989173871309807,0.3700724338646978,0.3162960572168231,0.12920616225649914,0.7955676070104043,0.6829050686520834,0.28811650661130744,2.1060535074522098,1.0158717157319188,0.1306527379900217,2.8427458399285874,0.8148934169361989,0.0301613782842954,0.7737408310174942,0.6255927901094158,0.2736435654573143,0.5572633524425328,0.38367722611874344,0.1389366847773393,0.281560819161435,0.17096072553346556,0.06264182065303127,0.7341850024027129,0.5806756934461494,0.17300252647449574,0.8204652611166239,0.5912129588735601,0.07535033735136192,1.5100396192322174,0.5909754215429227,0.019896421333154043
9,3941.0,4304.0,4563.0,9497.0,4417.0,3120.0,4656.0,9866.0,2503.0,10673.0,4755.0,8028.0,4083.0,6017.0,4730.0,9857.0,1980.0,7356.0,5811.0,10173.0,912.0,5441.0,4888.0,7660.0,4003.0,6714.0,4622.0,9620.0,1958.0,11249.0,8057.0,11020.0,1143.0,6582.0,6743.0,8770.0,2339.0,6615.0,8215.0,10936.0,1283.0,10518.0,5966.0,8955.0,801.0,5790.0,6767.0,9360.0,0.8427846517724296,0.6038974525717398,0.2592128524556756,0.8847920461247365,0.5657728956857075,0.2992657101868341,0.4206941260335346,0.32493052204760414,0.1581871855072677,0.8114680477418006,0.6656280967096487,0.30091145060335595,2.0402475715925297,0.9870995286852121,0.16577798180902997,2.89752910087506,0.8484942534317573,0.03163219839334488,0.7911998126500597,0.5692694048862904,0.2753230404574424,0.5839010982463757,0.3947222074493766,0.12977378039310375,0.27217339758450787,0.2265240599711736,0.06328332076470057,0.6800362755234043,0.6202394840307534,0.184504580249389,0.8527243759483099,0.5212228108818332,0.05850247169534365,1.5198565733929474,0.5437845436235269,0.03236348368227482
10,3959.0,5589.0,4552.0,9497.0,4335.0,3584.0,4690.0,9866.0,2405.0,10855.0,4863.0,8028.0,4080.0,5956.0,4807.0,9857.0,1979.0,7307.0,5785.0,10173.0,885.0,5322.0,4870.0,7660.0,3967.0,5720.0,4652.0,9620.0,1999.0,10494.0,7964.0,11020.0,1139.0,6662.0,6861.0,8770.0,2350.0,6811.0,7790.0,10936.0,1289.0,10563.0,5864.0,8955.0,737.0,5755.0,6668.0,9360.0,0.8650541077833622,0.5712050126244624,0.2634973572256664,0.9040579894402375,0.5849606956665715,0.3046579899887244,0.4058904241149624,0.31268998702677586,0.1442951544498404,0.7971153887609641,0.6755225782748312,0.3113126200313369,2.0299392889564234,0.9848983754093449,0.15318533989290398,3.165496753404538,0.6863991788278023,0.02663003814717134,0.7742010020495703,0.614769001553456,0.2697456127653519,0.5818455251554648,0.3822507263161242,0.1613160101386408,0.26556300759936374,0.18673972294976313,0.052342541112254067,0.7553693914785982,0.6093520585137109,0.18012328923990328,0.9620415004591147,0.5456967269380887,0.06384394212315479,1.6170452266931534,0.5616053209950527,0.013502834737300873
11,3987.0,4401.0,4493.0,9497.0,4410.0,3204.0,4621.0,9866.0,2362.0,10801.0,4703.0,8028.0,4086.0,6313.0,4723.0,9857.0,1955.0,7669.0,5782.0,10173.0,896.0,5544.0,4922.0,7660.0,3933.0,6339.0,4700.0,9620.0,2092.0,10836.0,7650.0,11020.0,1104.0,6627.0,6772.0,8770.0,2349.0,6748.0,8047.0,10936.0,1357.0,10274.0,5914.0,8955.0,757.0,5698.0,6506.0,9360.0,0.8615134044395139,0.6100373615976423,0.26752578939000765,0.8889797222490112,0.5647291029027353,0.304473535126696,0.4522464046254754,0.3182252391551932,0.14879742444803318,0.7774756172051033,0.6630725240645309,0.2855290468782187,1.9213074889654915,1.0409707274287938,0.175840142617623,2.8830226838588713,0.7796574658403794,0.04263813309371471,0.7268063668472071,0.6010468843548248,0.24212956189488372,0.5721376185615857,0.3980961441683272,0.13956657216573756,0.2798382813110948,0.21746035193403562,0.0628881980975469,0.7632176055262486,0.5792283059097827,0.18080042616153758,0.7991305117184917,0.5597857569344342,0.06076408618440231,1.7340531008938949,0.5885664990171791,0.020121382859845955
12,3926.0,4782.0,4543.0,9497.0,4381.0,3169.0,4674.0,9866.0,2544.0,11150.0,4642.0,8028.0,4158.0,6493.0,4678.0,9857.0,1914.0,7299.0,5801.0,10173.0,919.0,5425.0,4820.0,7660.0,3938.0,6280.0,4660.0,9620.0,1994.0,10594.0,7736.0,11020.0,1105.0,6581.0,6930.0,8770.0,2399.0,6534.0,7570.0,10936.0,1333.0,10231.0,5717.0,8955.0,772.0,5821.0,6433.0,9360.0,0.9444618786064287,0.5929645149037241,0.28872326188720765,0.8869324365630746,0.5524161609976243,0.3040124519728124,0.4054867792253693,0.3064570684917271,0.16194881210103632,0.782350882422179,0.6760415959792833,0.33082333866817254,1.8584932377561927,1.0222206044942141,0.12378450725227594,2.9377432535092036,0.8140396816035111,0.03564742567638556,0.7719943944054345,0.5872249925819536,0.27257844305907686,0.6142788125822941,0.3712375847933193,0.16674648442616066,0.33604220213989416,0.20973503726224105,0.07421585132057468,0.7377557911910116,0.6463171125700077,0.202036069581906,0.8028161795809865,0.4974484002528091,0.06795979545762142,1.5409743384768566,0.6046097714453935,0.025447524214784304
13,4017.0,4226.0,4503.0,9497.0,4431.0,3683.0,4628.0,9866.0,2499.0,10570.0,4884.0,8028.0,4067.0,6457.0,4674.0,9857.0,1986.0,7364.0,5755.0,10173.0,886.0,5566.0,4774.0,7660.0,4036.0,6197.0,4531.0,9620.0,2126.0,10328.0,7671.0,11020.0,1151.0,6753.0,6631.0,8770.0,2373.0,6885.0,7869.0,10936.0,1404.0,10175.0,5782.0,8955.0,778.0,5784.0,6463.0,9360.0,0.8813117077574134,0.5851890255541851,0.2667308999225497,0.8476864892678956,0.5487496793890992,0.30369888404384254,0.42079491217931114,0.3204121932387352,0.15336651500935355,0.856301192753017,0.6727033402925978,0.28319787451376516,2.082145175958673,0.9733000487710038,0.1726367315898339,2.9285023217399915,0.8337467223405838,0.02759763039648533,0.7687413315133502,0.5994569698969523,0.26541402994965513,0.5343935888881485,0.42694209640224773,0.16394358432541292,0.2681247999891639,0.20648972367246946,0.06082893613105019,0.7077211994367342,0.5717631947249174,0.2053741279368599,0.81298019438982,0.5642327204346657,0.052107438320914905,1.63386965872099,0.5512914928918083,0.022178090487917263
14,3899.0,4500.0,4473.0,9497.0,4384.0,3721.0,4597.0,9866.0,2487.0,10695.0,4771.0,8028.0,4128.0,5678.0,4608.0,9857.0,1912.0,7673.0,5624.0,10173.0,909.0,5865.0,4822.0,7660.0,4014.0,6655.0,4479.0,9620.0,1983.0,10944.0,7583.0,11020.0,1128.0,6561.0,6751.0,8770.0,2524.0,6263.0,7454.0,10936.0,1373.0,9707.0,5814.0,8955.0,766.0,5973.0,6316.0,9360.0,0.9212663943568865,0.6377238067643096,0.30662939672668776,0.9634816320613027,0.5572693531091014,0.28878565941316386,0.4143011146225035,0.3287524582352489,0.1662012236813704,0.8523095186954985,0.689638149086386,0.33970464719459414,2.098812347277999,0.9747178258995215,0.12843292392790318,3.0581653121858836,0.7955913613239924,0.03029802379508813,0.7614179436117411,0.6105336559781184,0.2834155974288782,0.5356824745424091,0.35894094898054996,0.13538837678109605,0.279609891710182,0.20686729984978836,0.06737129955242077,0.6838872577684622,0.6420455938515564,0.17655676749224464,0.8005479880608618,0.5280415592715144,0.06921632265051206,1.565568877135714,0.5504976950585843,0.034624857579668364
15,4000.0,4678.0,4452.0,9497.0,4422.0,3933.0,4540.0,9866.0,2518.0,10646.0,4666.0,8028.0,4024.0,6017.0,4687.0,9857.0,1970.0,7471.0,5672.0,10173.0,986.0,5382.0,4721.0,7660.0,4016.0,6046.0,4519.0,9620.0,2132.0,10456.0,7449.0,11020.0,1151.0,6617.0,6666.0,8770.0,2426.0,6894.0,7679.0,10936.0,1430.0,9867.0,5664.0,8955.0,807.0,5853.0,6189.0,9360.0,0.896061894390732,0.6099505535171678,0.27598468731157483,0.9283742189407349,0.575491550223281,0.30756058992507557,0.3963792945258319,0.3035597465621928,0.1504660515114665,0.8791478126620252,0.6991330894331137,0.28482828245808683,2.011284046371778,1.022365534460793,0.13437392481913168,2.958354909469684,0.9231391755243142,0.04243913218379021,0.8085073772352189,0.603361394473662,0.26677461558332044,0.5293552804738283,0.41604036670178174,0.16479235586399835,0.25604132693260906,0.1642787785579761,0.05955878387515744,0.6981470878546436,0.5486347895426055,0.14887844811504086,0.7950558271259069,0.5171326492602627,0.07902854190518459,1.4965424295514822,0.6673438927779595,0.02941464160879453
16,3931.0,4938.0,4480.0,9497.0,4541.0,3472.0,4473.0,9866.0,2497.0,10470.0,4623.0,8028.0,4060.0,6240.0,4632.0,9857.0,2012.0,7133.0,5489.0,10173.0,957.0,5335.0,4623.0,7660.0,4080.0,5959.0,4393.0,9620.0,2054.0,10778.0,7510.0,11020.0,1201.0,6644.0,6602.0,8770.0,2474.0,6624.0,7274.0,10936.0,1342.0,10151.0,5729.0,8955.0,748.0,6101.0,6425.0,9360.0,0.9430530673824251,0.6023466419583807,0.2905090508051217,0.9310395364960035,0.5511880871684601,0.3030829629705598,0.4627601859159768,0.33083350912978254,0.143271873674045,0.9118981338106096,0.6828940514009446,0.3023389499168843,1.945846909036239,1.1067738531778255,0.14685198552906514,3.0605961080640554,0.7918221949289243,0.037525053073962526,0.7811896332229177,0.5932983029012878,0.24427552865818142,0.5689339923051496,0.4177523028726379,0.14727898665393394,0.28071692008525134,0.19931143429130316,0.05524299821505944,0.7869696496985853,0.6292031518959751,0.1880010770012935,0.8847782805562019,0.5361109471569458,0.0652643213669459,1.420911989485224,0.49855506929258503,0.025281879802544913
17,4030.0,4857.0,4354.0,9497.0,4519.0,3436.0,4445.0,9866.0,2425.0,10300.0,4751.0,8028.0,4079.0,5749.0,4609.0,9857.0,2008.0,7394.0,5647.0,10173.0,940.0,5615.0,4692.0,7660.0,4100.0,6452.0,4354.0,9620.0,2157.0,10348.0,7117.0,11020.0,1182.0,6556.0,6675.0,8770.0,2461.0,6611.0,7332.0,10936.0,1397.0,10168.0,5490.0,8955.0,797.0,6161.0,6326.0,9360.0,0.9448571669558684,0.5950515032435457,0.2923771875134359,0.95224877850463,0.5467929617036134,0.3038515931305786,0.41412323163822296,0.2930104808260997,0.13606878505088388,0.9329752881390353,0.6883817910837631,0.3411607627446453,2.0655490505198637,1.086752890298764,0.16751965768635274,2.9181655796865624,0.7165249765540163,0.02293983238438765,0.7835038114183893,0.5872255636379122,0.28513313733662166,0.5399380258905391,0.40852726126710576,0.12803826519909003,0.26856038281694056,0.19878585170954466,0.06764825116842985,0.7694685152421396,0.6734432734549045,0.18704439305389922,0.8100085875640313,0.5747397891556223,0.06987951956689357,1.5461508041868608,0.5800299608459075,0.014945749441782634
18,4018.0,4292.0,4378.0,9497.0,4479.0,3202.0,4380.0,9866.0,2475.0,10626.0,4630.0,8028.0,4208.0,5697.0,4541.0,9857.0,2065.0,7205.0,5447.0,10173.0,957.0,5706.0,4508.0,7660.0,4005.0,6409.0,4415.0,9620.0,2077.0,10904.0,7340.0,11020.0,1151.0,6996.0,6389.0,8770.0,2311.0,7021.0,7647.0,10936.0,1379.0,9778.0,5492.0,8955.0,798.0,5983.0,6294.0,9360.0,0.9496171789243817,0.5859255920009067,0.2693170840231081,1.0086834141674141,0.5984127794237186,0.2919627617423733,0.4180893545349439,0.3053094583718727,0.16520854796593387,0.8746964222751558,0.6772435085537533,0.33007862167432905,2.019957517335812,1.0624982644493381,0.16172228331367175,2.8938789548973243,0.8755414639910062,0.03457180572052797,0.7670894817759594,0.5740512788916627,0.28687115755553044,0.5728055475900571,0.42890788487469156,0.15255140031998357,0.2770848880832394,0.20626987696935734,0.07003571794678767,0.8292932586123546,0.6065760525564353,0.1879962466346721,0.8400483667850495,0.5447265150025487,0.07257076365252337,1.5374929811805487,0.5181553286810716,0.036853312700986865
19,4006.0,4748.0,4326.0,9497.0,4497.0,4013.0,4402.0,9866.0,2517.0,10223.0,4486.0,8028.0,4101.0,5622.0,4526.0,9857.0,2070.0,7300.0,5365.0,10173.0,948.0,5569.0,4542.0,7660.0,4049.0,5726.0,4336.0,9620.0,2095.0,10862.0,7181.0,11020.0,1138.0,6967.0,6236.0,8770.0,2448.0,6769.0,7182.0,10936.0,1433.0,9822.0,5640.0,8955.0,863.0,5956.0,5966.0,9360.0,0.9878064484025041,0.583232066174969,0.30246661488587656,0.9295224692672491,0.582202094901974,0.2964838646817952,0.4525931638975938,0.3111549444496632,0.165792846493423,0.9269785766955465,0.7242007823350529,0.3020218228921294,2.146726218611002,1.0900869180758794,0.15341325992097457,2.927905386065443,0.8917520253608624,0.022928153599301972,0.8017488740074138,0.614168879762292,0.285568659271424,0.5819513724495967,0.42835633028298614,0.1479854698603352,0.2902842792992791,0.2025929099569718,0.05748292952775955,0.7462579590578874,0.6175357409132024,0.15852649165317417,0.8839523358891408,0.5323396592711409,0.08066483593235413,1.3972434304654597,0.6103022795170545,0.03463250398635864
20,3979.0,4808.0,4397.0,9497.0,4579.0,3788.0,4336.0,9866.0,2510.0,9545.0,4537.0,8028.0,4139.0,5688.0,4501.0,9857.0,2036.0,7357.0,5332.0,10173.0,1001.0,5413.0,4469.0,7660.0,4194.0,6168.0,4294.0,9620.0,2107.0,10854.0,6966.0,11020.0,1198.0,6795.0,6161.0,8770.0,2443.0,6966.0,7247.0,10936.0,1388.0,9955.0,5671.0,8955.0,840.0,5991.0,5964.0,9360.0,0.9350055664467315,0.6032449954034139,0.27444404557657737,0.9679125064363082,0.6178542754302422,0.28564702498260885,0.450638275872916,0.33038228703662753,0.15196511152510842,0.9149877288378775,0.7012228837857644,0.33153196902324755,2.1915525410324337,1.0905332100888094,0.1704148918700715,3.2409694290409488,0.8382257678856452,0.03835654916862647,0.7750499550874035,0.5858917006757111,0.2993923365448912,0.5685557265455524,0.4196997532621026,0.1624545158352703,0.25603426825255154,0.19481867707024017,0.07085671049232284,0.7416130561692019,0.6378891465564569,0.16742468333492677,0.8656197865183155,0.4776212363193432,0.055199519048134485,1.488440370062987,0.6509364490707715,0.0377796836818258
21,4029.0,4820.0,4286.0,9497.0,4607.0,3608.0,4313.0,9866.0,2437.0,10140.0,4435.0,8028.0,4157.0,5858.0,4481.0,9857.0,2083.0,7159.0,5348.0,10173.0,977.0,5553.0,4347.0,7660.0,4141.0,6363.0,4320.0,9620.0,2205.0,10583.0,6963.0,11020.0,1150.0,6458.0,6436.0,8770.0,2591.0,6840.0,7101.0,10936.0,1341.0,9848.0,5598.0,8955.0,829.0,5965.0,5991.0,9360.0,0.9217043754799913,0.6058609208868195,0.2808315495805194,0.9396485500813773,0.6128060738400867,0.32090014807569484,0.4655431385462483,0.2968930764123797,0.16191151368742188,0.9532393811891476,0.6896550581945727,0.3079369717122366,2.0695584144443275,1.0139132701481381,0.17372741277019182,3.005607931067546,0.7933225449174642,0.025350413906077545,0.7861201649842163,0.598922133911401,0.26416482916101813,0.5885310146336754,0.43409963585436345,0.18152593239210546,0.26611055148144563,0.1862215895205736,0.07115451743205388,0.7826462426222861,0.5849764905869961,0.21007692925632,0.9106428290406863,0.4840771570801735,0.06715007325013479,1.4702040428916614,0.5907287849734227,0.03165585696697235
22,4041.0,3998.0,4193.0,9497.0,4493.0,3396.0,4242.0,9866.0,2542.0,10267.0,4495.0,8028.0,4108.0,5931.0,4468.0,9857.0,2084.0,7373.0,5181.0,10173.0,976.0,5230.0,4459.0,7660.0,4159.0,6512.0,4258.0,9620.0,2127.0,10274.0,6859.0,11020.0,1135.0,6551.0,6112.0,8770.0,2580.0,7057.0,6989.0,10936.0,1360.0,10405.0,5759.0,8955.0,810.0,6333.0,6019.0,9360.0,0.9808410530289015,0.5904176932604362,0.30758528392761947,0.9841048177486906,0.602852635923773,0.3033783643816908,0.41078274898851913,0.32165411963748436,0.1620228338520974,0.9846447899471968,0.7146255740119766,0.3137004238087684,2.075049518980086,1.0169209209581216,0.1736307827755809,2.880540733660261,0.7691967566808064,0.024631323292851448,0.8028565573195616,0.5981361386831849,0.3080299101459483,0.5600072234248121,0.4029320300556719,0.1732016342692077,0.28440046260754265,0.19581305210789043,0.05846402856210867,0.7739692149683833,0.5956834446017941,0.22223267101993163,0.8503882128124436,0.49393454886352023,0.05793399748702844,1.5734713812048235,0.584214003632466,0.03050445541739464
23,4027.0,4656.0,4288.0,9497.0,4643.0,3657.0,4211.0,9866.0,2489.0,10214.0,4383.0,8028.0,4068.0,5365.0,4407.0,9857.0,2061.0,7283.0,5162.0,10173.0,1004.0,5430.0,4413.0,7660.0,4195.0,6166.0,4222.0,9620.0,2165.0,10703.0,6740.0,11020.0,1129.0,6554.0,6296.0,8770.0,2464.0,7222.0,7056.0,10936.0,1350.0,9991.0,5564.0,8955.0,801.0,6105.0,5940.0,9360.0,1.033382510766387,0.6315146403076748,0.29564061054649454,0.9509076179781307,0.5747416827827692,0.3323857977055013,0.44417689240848024,0.3319201149046421,0.14267466142773627,1.038997424968208,0.7158461456807951,0.3201658442616463,2.001015094729761,1.065806738846004,0.16677663490797082,3.0754540053506694,0.8971880125502746,0.024646825964252154,0.8083184479580571,0.6097411525280525,0.28748746584169566,0.6103149136528373,0.41752968688185016,0.14788310611620545,0.29584392520288627,0.17625843547284603,0.07593462243676186,0.8717398713963728,0.5895252891505758,0.22815959416329862,0.8853736527885,0.5444691270589829,0.06925336923450232,1.4964797966803114,0.5475863132004937,0.05522620032231013
24,4049.0,5016.0,4191.0,9497.0,4621.0,3556.0,4207.0,9866.0,2435.0,9625.0,4382.0,8028.0,4119.0,5324.0,4365.0,9857.0,2103.0,7248.0,5184.0,10173.0,1001.0,5653.0,4450.0,7660.0,4094.0,5955.0,4250.0,9620.0,2121.0,10694.0,6718.0,11020.0,1131.0,6491.0,5963.0,8770.0,2475.0,7431.0,6971.0,10936.0,1365.0,10129.0,5628.0,8955.0,804.0,6302.0,6082.0,9360.0,0.9190984289472302,0.6316354874521494,0.2832866988144815,0.972303410852328,0.6055251109103362,0.3072029515945663,0.4451956971238057,0.3188861919566989,0.1610081198780487,1.0365971551587185,0.6577762186527252,0.3222479593163977,2.2052301838373145,1.0936166193336248,0.16190742844094833,3.0441878208269677,0.7850047220786412,0.040322382872303324,0.8050805037685981,0.6055051533815762,0.3011843864340335,0.6517659955192358,0.4387440686735014,0.14097346607595682,0.28921614233404397,0.18388822965013485,0.07463657706975937,0.8047684199176729,0.6394787057302892,0.20418592086061835,0.848110832584401,0.539871457653741,0.06509441863745451,1.6186753526329993,0.6092102399716774,0.026291964575648308
25,4098.0,5205.0,4159.0,9497.0,4584.0,3454.0,4158.0,9866.0,2555.0,9821.0,4443.0,8028.0,4108.0,5611.0,4291.0,9857.0,2102.0,7233.0,5127.0,10173.0,992.0,5813.0,4405.0,7660.0,4201.0,6005.0,4047.0,9620.0,2112.0,10137.0,6775.0,11020.0,1188.0,6656.0,5835.0,8770.0,2498.0,7298.0,7187.0,10936.0,1378.0,9728.0,5400.0,8955.0,840.0,6125.0,5836.0,9360.0,0.9417137096635997,0.5733484148047865,0.29189490910309057,1.0236682543065398,0.586608688843747,0.2956729201599956,0.42685809085766474,0.331969494620959,0.16218981881005068,1.067545151989907,0.7084640505413214,0.33447347887170814,2.047917415946722,1.0578050417204699,0.1568589658786853,2.953978135312597,0.8006535311539967,0.028550735116004942,0.8475186315986017,0.5913728896528483,0.2962903324359407,0.5681459152139723,0.42365833682318527,0.16222413079813122,0.25918790474534037,0.2264626003180941,0.06057248068973422,0.7640959578876694,0.5829974283464253,0.1897613533772528,0.7853416442871094,0.5358257044417163,0.08593714100619157,1.5746805388480425,0.6356179180244604,0.024604847965141136
26,4067.0,4762.0,4132.0,9497.0,4585.0,3752.0,4088.0,9866.0,2540.0,9716.0,4318.0,8028.0,4113.0,5191.0,4346.0,9857.0,2156.0,7368.0,4944.0,10173.0,1015.0,5526.0,4330.0,7660.0,4148.0,6100.0,4014.0,9620.0,2161.0,10560.0,6669.0,11020.0,1175.0,6445.0,5790.0,8770.0,2641.0,7285.0,6637.0,10936.0,1399.0,9852.0,5526.0,8955.0,827.0,6358.0,5634.0,9360.0,0.948828094964847,0.642900693633904,0.30287447903926173,1.118110123835504,0.6002884458750486,0.29812349562222756,0.44572712884594995,0.29334028412898383,0.1567699173465371,1.0441945767651002,0.740411743397514,0.2972818361905714,2.082890730847915,1.0673027978589138,0.1358257422223687,3.0431629615525404,0.8031298679610094,0.02663584997256597,0.8360382580198348,0.6266972312858949,0.31301114287537835,0.5933925839761893,0.43753313335279626,0.17350513779868681,0.280611479965349,0.20161182281250756,0.06571427366385857,0.7791381262863676,0.6569131806492805,0.18313281536102294,0.8356111432115237,0.5350000535448393,0.08175145102043947,1.5099570327748855,0.5264822153995434,0.030211843426028888
27,4071.0,4760.0,4086.0,9497.0,4589.0,3655.0,4125.0,9866.0,2486.0,9531.0,4272.0,8028.0,4100.0,5050.0,4246.0,9857.0,2078.0,7347.0,4929.0,10173.0,1034.0,5654.0,4182.0,7660.0,4220.0,6676.0,3945.0,9620.0,2231.0,10278.0,6484.0,11020.0,1269.0,6490.0,5741.0,8770.0,2593.0,7302.0,6423.0,10936.0,1384.0,9920.0,5493.0,8955.0,811.0,6213.0,5661.0,9360.0,1.0467840826759736,0.6152315774777283,0.2647766485655059,1.0269934047944844,0.5922577702750762,0.2859152779914439,0.4611746835211913,0.3193094417452812,0.14779013134539126,1.0536239090530823,0.7097459403953205,0.3261310478517165,2.219081040720145,1.118618139003714,0.15122115487853685,2.8798031069338323,0.8409932957341274,0.024303223441044488,0.8247389877059808,0.5894785888648282,0.26354806406113007,0.563257145229727,0.4248309476301074,0.17256918506075938,0.28232341253509124,0.21386495291565855,0.08055184188609323,0.7960855313266317,0.6837797855337461,0.20257106693461538,0.9257999250354866,0.5472209873919686,0.07145306350042423,1.4585740998387338,0.5994106245537599,0.020654471342762312
28,4128.0,4535.0,4060.0,9497.0,4616.0,3338.0,4050.0,9866.0,2574.0,8857.0,4243.0,8028.0,4161.0,4988.0,4284.0,9857.0,2120.0,7296.0,4940.0,10173.0,984.0,5553.0,4213.0,7660.0,4186.0,7119.0,3984.0,9620.0,2166.0,10519.0,6379.0,11020.0,1237.0,6313.0,5505.0,8770.0,2611.0,7522.0,6598.0,10936.0,1347.0,10304.0,5491.0,8955.0,827.0,6441.0,5687.0,9360.0,0.9657302809413523,0.6039569291596611,0.29180272403173146,1.079979023554673,0.6471612191293389,0.3035238143677513,0.4245228006814917,0.30224873110031086,0.15086217164061963,1.0336474603507668,0.7081770468503237,0.32568295085802673,2.060505949209134,1.144647520345946,0.14231517302493255,3.1894582874452073,0.8706585100541512,0.022040021046996115,0.9189200254933287,0.6726011865461866,0.29731305679306386,0.6173606023502847,0.4320870426793893,0.18043583671872815,0.31289186688760917,0.17711570064226786,0.07651329195747773,0.8978070717304945,0.624882441200316,0.21166770743827026,0.8370775129025181,0.5751763744279742,0.06121631382654111,1.463248685747385,0.6531303141266107,0.030542171622316042
29,4050.0,4924.0,4027.0,9497.0,4611.0,4072.0,4030.0,9866.0,2569.0,9334.0,4356.0,8028.0,4142.0,5438.0,4181.0,9857.0,2145.0,7206.0,4887.0,10173.0,1031.0,5518.0,4200.0,7660.0,4295.0,5324.0,3851.0,9620.0,2261.0,10121.0,6230.0,11020.0,1193.0,6578.0,5481.0,8770.0,2492.0,7733.0,6529.0,10936.0,1412.0,9942.0,5479.0,8955.0,847.0,6504.0,5483.0,9360.0,1.0227183552769323,0.6170822363657256,0.2852594105449195,1.0185725092266997,0.5985345932034155,0.2941276140200595,0.4474891897601386,0.28585635128741466,0.1700257107615471,1.0604354416330655,0.7484059510131676,0.31078622075729073,2.1848653053864835,1.2032511445383232,0.15006543161968391,3.0227679857363303,0.9230047239611546,0.028916654114921888,0.8609259065861503,0.6043576842639595,0.2655609633618345,0.5880512882644932,0.430989550302426,0.153360241636013,0.2831139425126215,0.19624429096778234,0.06241233780359228,0.7947066588327288,0.6229463027169307,0.17162645859643816,0.8078365203614036,0.5326469682777921,0.07351209682722887,1.5515161104500295,0.5645695827901364,0.021386157535016537
30,4197.0,5055.0,3881.0,9497.0,4698.0,3627.0,3976.0,9866.0,2573.0,8639.0,4173.0,8028.0,4192.0,4981.0,4097.0,9857.0,2218.0,7100.0,4775.0,10173.0,1044.0,5465.0,4111.0,7660.0,4245.0,5985.0,3817.0,9620.0,2208.0,10539.0,6167.0,11020.0,1181.0,6647.0,5442.0,8770.0,2608.0,7691.0,6449.0,10936.0,1451.0,10050.0,5304.0,8955.0,847.0,6501.0,5654.0,9360.0,1.0836316168929139,0.6023200905571381,0.2964288131954769,1.0119609299426278,0.62568981697162,0.30582251379576825,0.5215749605248372,0.3226807058788836,0.1591665633333226,1.0805205312557518,0.7027306414519747,0.3032959459659954,2.202116491769751,1.2144407089799643,0.13949420020605127,2.810064666842421,0.9517100407431524,0.021087057888507843,0.8626323987419406,0.6068109143059701,0.29878386785276234,0.5996588816866278,0.40306238466873767,0.18837201194837688,0.32253870498389003,0.21345515778909127,0.07374464531118671,0.8709504504377643,0.6659071827928226,0.22120457512016098,0.8470063380276164,0.5300688941031695,0.06040027905255556,1.543716153750817,0.562035309895873,0.011539771407842635
31,4082.0,5430.0,3867.0,9497.0,4715.0,3408.0,3919.0,9866.0,2639.0,8976.0,4154.0,8028.0,4129.0,4857.0,4080.0,9857.0,2193.0,7380.0,4757.0,10173.0,1021.0,5831.0,4155.0,7660.0,4303.0,6272.0,3789.0,9620.0,2298.0,9743.0,6049.0,11020.0,1127.0,6507.0,5458.0,8770.0,2670.0,7529.0,6406.0,10936.0,1416.0,9849.0,5450.0,8955.0,829.0,6538.0,5497.0,9360.0,1.103058750120302,0.6149189157256235,0.30474279131740334,0.9940875443629921,0.6432738990678142,0.3253193878258268,0.5175475479724506,0.3097343378389875,0.16113856577624877,1.0784550349383304,0.7750616974352549,0.32311227076376475,2.0688658790042003,1.1027400413528086,0.18510612615694602,2.735741723080476,0.8338075258458654,0.01783896026511987,0.8591327374490599,0.5920479982470472,0.2739947269981106,0.6152191812793414,0.43853694774831337,0.16738771082212528,0.3358554429685076,0.20846503966798385,0.07653608825057745,0.8550369419933607,0.6555061934205393,0.22334818029776216,0.7689971461892128,0.5054296175638835,0.07841454073786736,1.48286539906015,0.5723944214483102,0.030103268225987752
32,4114.0,4992.0,3829.0,9497.0,4700.0,3820.0,3823.0,9866.0,2622.0,8675.0,4147.0,8028.0,4088.0,5308.0,4041.0,9857.0,2129.0,7128.0,4692.0,10173.0,1079.0,5769.0,3953.0,7660.0,4305.0,6144.0,3728.0,9620.0,2287.0,10026.0,5964.0,11020.0,1216.0,6558.0,5270.0,8770.0,2618.0,7582.0,6231.0,10936.0,1455.0,9685.0,5253.0,8955.0,849.0,6593.0,5361.0,9360.0,1.0514969636065266,0.6339771642349661,0.2974670790291081,1.0537360273612042,0.6246558717141549,0.3045007688459009,0.4528365066275001,0.3114313323361178,0.1665837082080543,1.2212872585281729,0.7212615889807542,0.3107267538396021,2.2526342230538527,1.0776394297058383,0.1807826449473699,2.8858973275870086,0.9557979014391701,0.029259863992532095,0.8368053928638498,0.5937848415380965,0.30321098168691,0.5867223185487092,0.447935962677002,0.1741343763967355,0.2871847296754519,0.21996563142165543,0.08425223954642812,0.8656577472575009,0.7025627262890339,0.19516412209098538,0.7886966326273978,0.5093458148961266,0.0673121086632212,1.5372666488091151,0.5508545075853666,0.04446688070893288
33,4110.0,5161.0,3845.0,9497.0,4788.0,3990.0,3709.0,9866.0,2577.0,8565.0,4130.0,8028.0,4116.0,5114.0,4052.0,9857.0,2145.0,7286.0,4621.0,10173.0,1100.0,5717.0,3899.0,7660.0,4302.0,5775.0,3687.0,9620.0,2268.0,9975.0,6019.0,11020.0,1170.0,6515.0,5122.0,8770.0,2679.0,7751.0,5918.0,10936.0,1487.0,9745.0,5446.0,8955.0,807.0,6599.0,5245.0,9360.0,1.0372347270449003,0.6444367242511362,0.27642898991083104,1.099587817847108,0.6599014607413362,0.3018485871143639,0.48082915681103866,0.30242337627957266,0.1621435510615508,1.1886753027016919,0.7266785356216132,0.3290025873109698,2.3671473196397224,1.105854669523736,0.14863960618774097,2.991410187880198,0.877354684099555,0.026964359047512213,0.8388396179924409,0.5869595680230607,0.28121367340597014,0.5875072722012799,0.436782927531749,0.17263809386640788,0.29020731650913756,0.23028352381661535,0.07085658802340428,0.8801696146838367,0.6470003049510221,0.19721805518493057,0.7888295062817633,0.5403130233908693,0.08134965418527523,1.6017624498655398,0.6255649738013744,0.03108082724114259
34,4191.0,4895.0,3766.0,9497.0,4665.0,3644.0,3696.0,9866.0,2591.0,8261.0,4031.0,8028.0,4122.0,5128.0,3984.0,9857.0,2183.0,7177.0,4555.0,10173.0,1115.0,5692.0,3883.0,7660.0,4376.0,6434.0,3646.0,9620.0,2297.0,10051.0,5733.0,11020.0,1214.0,6699.0,5158.0,8770.0,2655.0,7790.0,5790.0,10936.0,1439.0,9533.0,5319.0,8955.0,869.0,6721.0,5201.0,9360.0,1.0470305596633505,0.6321611632592976,0.28775036631462475,1.0944469414030513,0.7003640068074067,0.2919789618967722,0.4490213366535803,0.29942330421569446,0.15491785037641723,1.1257127161758642,0.7584747458963345,0.32321217213757336,2.249001132075985,1.1928750931595762,0.186519037745893,3.045781762773792,0.8830494647224744,0.03386260817448298,0.8570924715138972,0.652417398042356,0.29754318872777125,0.5610412849734226,0.4468001663374404,0.14851973879461486,0.2512090018639962,0.21458976330856483,0.07734146406874061,0.8538165553783377,0.6438334945278863,0.20826903044556577,0.8067689269781113,0.5258713652379811,0.07159386910498142,1.5894358528157075,0.6679639397809903,0.018956780309478442
35,4167.0,5204.0,3724.0,9497.0,4712.0,3816.0,3671.0,9866.0,2572.0,8488.0,4107.0,8028.0,4293.0,4610.0,3883.0,9857.0,2165.0,7361.0,4486.0,10173.0,1105.0,5692.0,3833.0,7660.0,4437.0,5880.0,3605.0,9620.0,2293.0,9666.0,5492.0,11020.0,1145.0,6895.0,5145.0,8770.0,2691.0,7606.0,5776.0,10936.0,1395.0,9967.0,5266.0,8955.0,874.0,6708.0,5262.0,9360.0,1.04046863677601,0.6387365169047068,0.2924106133170426,1.1193193621467799,0.6870939732839664,0.2913077522457267,0.46796863377094267,0.3156265827671935,0.1668440356850624,1.0995255925692617,0.7201154754807552,0.3334672904573381,2.2281064564362167,1.0806527296702066,0.17676172833889722,2.9215294651687147,0.986592431863149,0.02726301016906897,0.8631606712937355,0.6073276899134119,0.3003022874705493,0.5932182494550944,0.4893170771499475,0.16309488660966356,0.31226438625405234,0.19733846119294565,0.07198471153775851,0.8453711718010406,0.6215582104710241,0.20020746278266113,0.7276554552217325,0.5272854187215368,0.054294647586842375,1.3485890173663695,0.6034868035465479,0.027661370982726415
36,4257.0,5534.0,3710.0,9497.0,4757.0,3628.0,3668.0,9866.0,2631.0,8750.0,4038.0,8028.0,4149.0,4880.0,3856.0,9857.0,2196.0,7189.0,4408.0,10173.0,1084.0,5624.0,3679.0,7660.0,4369.0,5676.0,3476.0,9620.0,2339.0,9506.0,5571.0,11020.0,1271.0,6152.0,4994.0,8770.0,2668.0,8440.0,5971.0,10936.0,1431.0,9687.0,5344.0,8955.0,863.0,6661.0,5002.0,9360.0,1.0119616072780142,0.5745256518168996,0.2957421658405413,1.1121947883317869,0.6581195426328729,0.294157652106757,0.45860285335220397,0.3220781021751463,0.16317140699053803,1.1614420828875154,0.7454663328205545,0.30776278275686003,2.3018211560323834,1.1166891795272629,0.14128985392550628,3.091043172652523,0.9357881686339776,0.024365384131669998,0.9056437651005884,0.6030708288773894,0.2967522193212062,0.5863032968093952,0.454652669467032,0.15233145815630753,0.2989151684567332,0.19714442398399115,0.07345865132908026,0.8763394093140959,0.5751499476532141,0.205023007063816,0.778116125613451,0.5141343186919888,0.06823455871393283,1.6072121549397707,0.7265600858877103,0.014615560633440812
37,4286.0,4872.0,3613.0,9497.0,4857.0,3736.0,3617.0,9866.0,2602.0,8564.0,3916.0,8028.0,4171.0,4750.0,3782.0,9857.0,2176.0,7295.0,4270.0,10173.0,1086.0,5899.0,3685.0,7660.0,4327.0,5716.0,3475.0,9620.0,2358.0,9973.0,5534.0,11020.0,1324.0,6249.0,4628.0,8770.0,2721.0,8137.0,5980.0,10936.0,1490.0,9644.0,5232.0,8955.0,817.0,6692.0,5073.0,9360.0,1.0935033888400842,0.6062751019994418,0.2868088116403669,1.11494483112668,0.6537640921926747,0.2913623401429504,0.4729630566512545,0.3272221084528913,0.18503102508063118,1.1201057789226374,0.7322148211921254,0.3268498471938074,2.4144671729455394,1.2033878926187753,0.14860656044135492,2.9005023517956334,0.964641635119915,0.03246665087838967,0.8208870375063271,0.6595286691871782,0.3090957109350711,0.566611627737681,0.4707969672977924,0.16913077533245086,0.2772701986754934,0.19870383295541008,0.05977757330983877,0.8387935171214242,0.620186735317111,0.21611041019981106,0.7707594639311234,0.5060571593542894,0.06837964014460643,1.5651095227648815,0.6433194876958926,0.02890942053248485
38,4236.0,4958.0,3567.0,9497.0,4843.0,4344.0,3485.0,9866.0,2566.0,7951.0,4033.0,8028.0,4286.0,4553.0,3647.0,9857.0,2282.0,7141.0,4219.0,10173.0,1034.0,5917.0,3673.0,7660.0,4389.0,5407.0,3381.0,9620.0,2416.0,9591.0,5215.0,11020.0,1253.0,6279.0,4879.0,8770.0,2772.0,8487.0,5858.0,10936.0,1437.0,9834.0,5154.0,8955.0,906.0,6860.0,5098.0,9360.0,1.1272312339395285,0.5917873023853948,0.3145589240050564,1.0721764890787502,0.6940535373364886,0.2836445355787873,0.44777742909888424,0.3198693351975332,0.16885977576797206,1.162623376476889,0.7270886204205453,0.3205672757079204,2.2094107275207837,1.0835097490499417,0.1384612942735354,2.9883715105553468,0.9061405041565498,0.02278004971643289,0.9034173928201199,0.6347551004495472,0.2961523740707586,0.5173388937798639,0.4828610818212231,0.18675558088968197,0.31071172493199506,0.1921816548332572,0.06278135674074292,0.8302918318659067,0.6414163730107247,0.19180086938043436,0.7711080530037483,0.49709074208512904,0.05064999169359605,1.3527425068120162,0.555520319690307,0.018558777372042336
39,4263.0,5113.0,3543.0,9497.0,4910.0,4055.0,3408.0,9866.0,2660.0,7930.0,3932.0,8028.0,4261.0,4587.0,3618.0,9857.0,2273.0,7120.0,4082.0,10173.0,1147.0,5628.0,3503.0,7660.0,4346.0,5966.0,3329.0,9620.0,2450.0,9547.0,5316.0,11020.0,1252.0,6356.0,4650.0,8770.0,2773.0,8270.0,5544.0,10936.0,1395.0,9769.0,5035.0,8955.0,893.0,6778.0,4913.0,9360.0,1.071926669916138,0.5882413264674445,0.27779947590703763,1.1907002325790623,0.6664988856452206,0.2983452309311057,0.4239741001588603,0.31401500599458815,0.1625428325496614,1.1231584758497775,0.7428981465753168,0.32245712528626125,2.267498867275814,1.1859946896632512,0.15375405866652728,3.0837791610509155,0.9226733425632119,0.02770675333837668,0.9557039056128512,0.6181236854366338,0.29896951286743084,0.5947887799702585,0.41402844867358607,0.18362698095540206,0.3118491515517235,0.21788999835650127,0.07620908993606766,0.924548458494246,0.6369472563577195,0.18748566526919602,0.8383083473270138,0.5195321987693509,0.08342723567038775,1.511348677550753,0.5785417749236027,0.021036992967128753
40,4174.0,5620.0,3438.0,9497.0,4916.0,3713.0,3378.0,9866.0,2578.0,7263.0,3852.0,8028.0,4250.0,4627.0,3643.0,9857.0,2275.0,7121.0,4096.0,10173.0,1127.0,5746.0,3438.0,7660.0,4491.0,6172.0,3285.0,9620.0,2389.0,9929.0,5167.0,11020.0,1184.0,6100.0,4546.0,8770.0,2748.0,8485.0,5496.0,10936.0,1515.0,9424.0,5013.0,8955.0,867.0,7028.0,4787.0,9360.0,1.0912867729086428,0.5787875997213026,0.31560794121275343,1.131888396386057,0.6806302829335134,0.2873307502052436,0.48498420109972357,0.29787442528953156,0.1482993317457537,1.2300935578222076,0.7302247361900905,0.3211491055165728,2.2343723439301053,1.1262885509058833,0.1693022805576523,3.30919357004265,1.0197727269182602,0.012264629825949669,0.9201343001176914,0.6050440365138153,0.28137124179241557,0.6017225090414285,0.45602491311728954,0.19160055943454304,0.3293674971908331,0.2414506998223563,0.08254188516487677,0.8349952183663845,0.6657325756425659,0.21215136641015608,0.7836387397721409,0.5967533283556501,0.07444226443767547,1.556732599188884,0.6165929327408473,0.010406913484136264
41,4302.0,5428.0,3388.0,9497.0,4865.0,4226.0,3296.0,9866.0,2684.0,7450.0,3729.0,8028.0,4307.0,4650.0,3587.0,9857.0,2232.0,7169.0,4017.0,10173.0,1157.0,5772.0,3376.0,7660.0,4459.0,5361.0,3155.0,9620.0,2470.0,9527.0,5139.0,11020.0,1279.0,6237.0,4522.0,8770.0,2848.0,8405.0,5346.0,10936.0,1515.0,9562.0,4889.0,8955.0,849.0,6988.0,4764.0,9360.0,1.103910710942,0.63398899937359,0.29386458308435975,1.1657278600769738,0.7451669146617254,0.2818213552546998,0.4589014765651276,0.33643536176532507,0.1569190327078104,1.1599080258980394,0.7036184610488514,0.3269135420055439,2.391875781491399,1.150694812896351,0.1221900106097261,3.119364784533779,1.0610148267199595,0.0337534145762523,0.9189579121147593,0.6346423073516537,0.2916365230300774,0.5858229180797935,0.4054286079481244,0.18314065334076682,0.3203396962645153,0.1866528590520223,0.08985103989640872,0.9057066430648167,0.6227813295399149,0.2217479803909858,0.7604312179610133,0.5301409364367525,0.053898101362089314,1.4170778745164474,0.6358072031289339,0.026299510896205903
42,4317.0,5165.0,3300.0,9497.0,4842.0,4993.0,3326.0,9866.0,2674.0,7569.0,3755.0,8028.0,4317.0,4386.0,3517.0,9857.0,2313.0,7149.0,3845.0,10173.0,1112.0,5919.0,3356.0,7660.0,4571.0,5031.0,3131.0,9620.0,2397.0,9696.0,5143.0,11020.0,1198.0,6380.0,4593.0,8770.0,2873.0,8339.0,5205.0,10936.0,1476.0,9111.0,5002.0,8955.0,878.0,7036.0,4593.0,9360.0,1.1246622110717,0.5961680477795501,0.28857979620806873,1.1306997518520803,0.7386232892672221,0.30659764796340216,0.48717477545142174,0.3180530017397056,0.18656610734760762,1.189728258829564,0.7189060679636896,0.3361832163762301,2.2674939378475147,1.1818245697145662,0.11943555648128192,2.999070020020008,0.9273508631934723,0.025065541764100394,0.9585235204547644,0.6263559489045292,0.2904522128092746,0.6014210545147459,0.47754343319684267,0.1692537510767579,0.2987334786603848,0.2014986388385296,0.07242665017644564,0.8409009204556545,0.6423598458680014,0.23235555135955413,0.7670837942510843,0.5368752374624213,0.06260945107787848,1.51681368475159,0.6173179764300585,0.006538484369715055
43,4309.0,5408.0,3292.0,9497.0,4918.0,4541.0,3156.0,9866.0,2740.0,7091.0,3604.0,8028.0,4261.0,4412.0,3438.0,9857.0,2250.0,7173.0,3794.0,10173.0,1178.0,5831.0,3263.0,7660.0,4555.0,5455.0,3052.0,9620.0,2438.0,9772.0,5033.0,11020.0,1218.0,6302.0,4224.0,8770.0,2865.0,8583.0,5138.0,10936.0,1470.0,9080.0,4746.0,8955.0,917.0,6975.0,4436.0,9360.0,1.1668454992584885,0.6038218617904931,0.2854258566784362,1.127186194807291,0.7368434816133231,0.29750616586146256,0.4688154256902635,0.33356583551503716,0.17267662308489282,1.2133788796762626,0.7631959459433953,0.33361762380227444,2.216745654804011,1.1508822112654646,0.1318347025041779,3.121836560840408,1.1032006566723187,0.024097596357266108,0.9581583146316309,0.6222339844641586,0.30905270360720655,0.6074899312108755,0.4534132305843135,0.16856868881732226,0.3090458169889947,0.2066230450756848,0.07598662717888753,0.8748823526936272,0.6632620649722715,0.21222287658602,0.8024074667133391,0.5685872780779998,0.05453790426254272,1.7412630288551252,0.67193940145274,0.01261669397354126
44,4450.0,5112.0,3119.0,9497.0,4819.0,4579.0,3145.0,9866.0,2790.0,7022.0,3604.0,8028.0,4415.0,4686.0,3348.0,9857.0,2380.0,6961.0,3681.0,10173.0,1182.0,5722.0,3062.0,7660.0,4615.0,4915.0,3015.0,9620.0,2286.0,10000.0,4770.0,11020.0,1313.0,6253.0,4394.0,8770.0,2846.0,8492.0,4813.0,10936.0,1457.0,9505.0,4665.0,8955.0,876.0,7066.0,4677.0,9360.0,1.0575496049287418,0.6515708384104073,0.2851123360761752,1.1688691220867138,0.761713866967087,0.2897210679637889,0.5167297809695204,0.3206713546067476,0.19335724078118802,1.1929259851885339,0.7627274825237691,0.30155254863202574,2.2204947277903555,1.1871226694434882,0.1420611295849085,3.0213431127369406,1.0525981172919274,0.04646566485365232,0.90189710923781,0.6398189908980082,0.30502318625027935,0.6632113286914925,0.44650349064419664,0.18056541991730532,0.26801364322503407,0.1858895185093085,0.05917853278418382,0.9056433783844113,0.6462721872764329,0.22082500979304315,0.7895337372397383,0.541530227723221,0.05141398745278517,1.6893441120783488,0.677001799022158,0.02385277027885119
45,4431.0,4944.0,3122.0,9497.0,5063.0,4065.0,3119.0,9866.0,2722.0,6834.0,3632.0,8028.0,4346.0,4437.0,3338.0,9857.0,2351.0,7110.0,3621.0,10173.0,1122.0,5973.0,3068.0,7660.0,4502.0,5792.0,2950.0,9620.0,2449.0,9813.0,4787.0,11020.0,1296.0,6317.0,4188.0,8770.0,2808.0,8703.0,4881.0,10936.0,1508.0,9186.0,4779.0,8955.0,881.0,7089.0,4407.0,9360.0,1.0853548901466032,0.5979392246343196,0.3033178463112563,1.1190906811815997,0.7221533343972018,0.2890989355587711,0.5142145267842958,0.30591055704280734,0.1797044581733644,1.1977132271043955,0.7738981985176603,0.32637935928069056,2.361616998662551,1.220418572674195,0.11239853960772356,3.059302746877074,1.0852822077150146,0.015356508642435074,0.9744463494357963,0.6412489409558475,0.304194996242101,0.637000142224133,0.4635190310887992,0.17025065946703155,0.27834967883924644,0.1985915444791317,0.06381072954585155,0.9090008755524953,0.6643159104821582,0.2175064530223608,0.7906006888176004,0.5631671968226631,0.0565393319974343,1.5787531261642773,0.6752129696309567,0.02576359628389279
46,4371.0,5264.0,3043.0,9497.0,5030.0,4343.0,3009.0,9866.0,2655.0,6711.0,3540.0,8028.0,4384.0,4368.0,3273.0,9857.0,2333.0,7460.0,3551.0,10173.0,1178.0,5838.0,3026.0,7660.0,4638.0,5591.0,2845.0,9620.0,2532.0,9738.0,4733.0,11020.0,1255.0,6232.0,4032.0,8770.0,2851.0,8719.0,4801.0,10936.0,1523.0,8867.0,4567.0,8955.0,914.0,6947.0,4149.0,9360.0,1.1560900774163505,0.5836612766608595,0.300586132472381,1.1891961430820326,0.7406955195590854,0.29890427641415346,0.5047635259727637,0.306327788438648,0.15416226540692152,1.2356192393228411,0.7377482395774374,0.3455509777336071,2.2662795250614485,1.1807832431669036,0.15734560117125512,3.1199124875788886,0.9231448176627358,0.02809723416964213,0.996290591514359,0.6250590858670573,0.30546831836303073,0.6048481167294085,0.4675606939631204,0.17964365044608713,0.29036137573421,0.2019148927802841,0.0704845200603207,0.9096205860376358,0.6892497728578746,0.2149904690993329,0.8453190880517165,0.5546762704228362,0.05149308828016122,1.600843349720041,0.6622574484596649,0.02685664842526118
47,4394.0,5136.0,2953.0,9497.0,5093.0,4086.0,2933.0,9866.0,2605.0,6979.0,3542.0,8028.0,4370.0,4377.0,3155.0,9857.0,2419.0,7092.0,3433.0,10173.0,1204.0,6030.0,2898.0,7660.0,4556.0,5687.0,2763.0,9620.0,2426.0,9966.0,4536.0,11020.0,1231.0,6142.0,4075.0,8770.0,2723.0,8848.0,4846.0,10936.0,1477.0,8919.0,4536.0,8955.0,943.0,7039.0,4212.0,9360.0,1.1284523677080869,0.6531520141443858,0.2813557861528049,1.1225938910928865,0.7307166315149516,0.29405289695908626,0.482834868102024,0.3147187103517354,0.18608672013506294,1.2887922950088977,0.7537219064465414,0.32051820447668433,2.3253867264837025,1.2288959483305613,0.15781997051090002,3.236989655842384,0.9964330601195495,0.02756186972061793,0.9913594632099072,0.6371701922888557,0.30591230870534974,0.6676252122968436,0.4710643152706325,0.17906286430855592,0.30333586807052293,0.20246670717994372,0.07222579310958584,0.9512824979300301,0.6704554984346032,0.2336680857464671,0.8448807346324126,0.510639494843781,0.060951034228006996,1.5816319155196348,0.71791044374307,0.034590534990032513
48,4462.0,5681.0,2880.0,9497.0,5028.0,4243.0,2835.0,9866.0,2645.0,6946.0,3492.0,8028.0,4361.0,4292.0,3131.0,9857.0,2428.0,7001.0,3336.0,10173.0,1249.0,5882.0,2826.0,7660.0,4624.0,5627.0,2694.0,9620.0,2480.0,9294.0,4510.0,11020.0,1234.0,6192.0,3901.0,8770.0,2986.0,8597.0,4521.0,10936.0,1520.0,8935.0,4494.0,8955.0,869.0,7166.0,3980.0,9360.0,1.1723471408399442,0.6065890388408055,0.29902892153089244,1.1408525704716643,0.7744753358109544,0.2964821971021593,0.5305916648668547,0.3326697558319817,0.18111323127523066,1.3048569901070246,0.7585161838680505,0.324184508016333,2.230118045086662,1.1289202098424236,0.1283388636385401,3.208053780843814,1.076047112296025,0.019111327826976776,0.9230563474974285,0.6501931544238081,0.29626974621787666,0.708835917711258,0.45681192809715865,0.17940999834487836,0.29164593446378906,0.19284485296035805,0.0937740278740724,0.8643817173317074,0.7007910585962236,0.23100878903642297,0.874249384428064,0.5394457433372736,0.06088411311308543,1.821443268780907,0.7494968414306641,0.02608292413254579
49,4514.0,4943.0,2856.0,9497.0,5162.0,3917.0,2755.0,9866.0,2727.0,6926.0,3397.0,8028.0,4438.0,4476.0,3063.0,9857.0,2497.0,7085.0,3185.0,10173.0,1251.0,5746.0,2688.0,7660.0,4629.0,5992.0,2694.0,9620.0,2407.0,9707.0,4237.0,11020.0,1267.0,6029.0,3907.0,8770.0,2759.0,8822.0,4488.0,10936.0,1484.0,8961.0,4392.0,8955.0,878.0,7125.0,3849.0,9360.0,1.0770047968563934,0.5987189366171758,0.2977644040249288,1.1619133615866304,0.7344535101670772,0.2988196529292812,0.5026075974417229,0.30894371004154286,0.18005802010496458,1.2913503403309732,0.7048457145225256,0.33443154650740325,2.2438918666914107,1.1957756840934357,0.15751502085477115,3.093755477791031,0.9810001347834866,0.017317522565523782,0.9649638136693587,0.6345007765417298,0.30051711038686335,0.6763819712524612,0.44113624896854164,0.1651267463962237,0.269135051065435,0.22147838997965058,0.0720461556687951,0.9301162546811005,0.6563757438523073,0.2023890860689183,0.920813327593108,0.4982324251284202,0.07067911302049955,1.6426239927609763,0.6939728947977225,0.028171091775099435
50,4464.0,5036.0,2789.0,9497.0,5097.0,4547.0,2676.0,9866.0,2712.0,6511.0,3278.0,8028.0,4397.0,4608.0,2935.0,9857.0,2335.0,7058.0,3132.0,10173.0,1256.0,5861.0,2601.0,7660.0,4674.0,5395.0,2664.0,9620.0,2504.0,9426.0,4397.0,11020.0,1256.0,5941.0,4007.0,8770.0,2938.0,9196.0,4434.0,10936.0,1493.0,8862.0,4327.0,8955.0,902.0,7273.0,3947.0,9360.0,1.1783938069206974,0.6198883027769625,0.28953374579238395,1.1239539297297596,0.7703202135395258,0.287210338950778,0.5183636042910318,0.3192704907928904,0.15939336271646123,1.2760896501441796,0.7664880865563949,0.3273892274747292,2.4422519745305182,1.1706648793071508,0.15002213747551044,3.3807680886238813,1.1094585897400975,0.023626636217037835,0.9535566967135917,0.6873667064122856,0.3077307807436834,0.6193667833072444,0.4482933142532905,0.18144987827787798,0.301668826614817,0.20191119257360696,0.0718174897444745,0.9088616867239276,0.6553233915629486,0.2045747664757073,0.8336236102506518,0.5116520488945147,0.058897404186427596,1.5326361649980147,0.6838393470893304,0.02144730935494105
51,4481.0,5192.0,2716.0,9497.0,5203.0,4376.0,2607.0,9866.0,2771.0,6561.0,3287.0,8028.0,4521.0,4477.0,2896.0,9857.0,2527.0,6920.0,3000.0,10173.0,1280.0,5895.0,2454.0,7660.0,4616.0,5397.0,2546.0,9620.0,2498.0,9590.0,4172.0,11020.0,1361.0,5937.0,3863.0,8770.0,2901.0,8996.0,4096.0,10936.0,1509.0,8590.0,4235.0,8955.0,932.0,7211.0,3749.0,9360.0,1.172515542556842,0.6095102855314811,0.29502326003275814,1.1798286424328883,0.7337004688413192,0.2928096771085014,0.5212094787042588,0.3229683121045431,0.1662187025571863,1.2556301668286323,0.7248289608086149,0.3255700451942782,2.301066391915083,1.1680521725366513,0.14168510890255373,3.1098897150407234,1.060936981936296,0.013678109024961789,1.0469513632978003,0.6262174181640148,0.3299425813990335,0.6539324321163197,0.46357007132222255,0.18475240459665657,0.2553353684643904,0.18991586659103632,0.07487652680526177,1.023924178040276,0.7281710637112458,0.2410511404896776,0.8882488281155626,0.5822848229979475,0.05759313932309548,1.6438245044400295,0.6319543073574702,0.016210168848435083
52,4623.0,4878.0,2578.0,9497.0,5073.0,4243.0,2525.0,9866.0,2762.0,6850.0,3273.0,8028.0,4482.0,4657.0,2725.0,9857.0,2596.0,6819.0,2952.0,10173.0,1269.0,6055.0,2335.0,7660.0,4679.0,4977.0,2561.0,9620.0,2550.0,9370.0,4110.0,11020.0,1327.0,6125.0,3624.0,8770.0,2929.0,9147.0,4064.0,10936.0,1548.0,8690.0,4012.0,8955.0,901.0,7192.0,3782.0,9360.0,1.1434406235814094,0.6212278671717892,0.29487747005186976,1.2134521774637201,0.7351909064998229,0.28893071045167745,0.547872619330883,0.33220318869377174,0.17337969668830436,1.2912030268770953,0.7383458772984643,0.32456898094775777,2.2821304929753143,1.144388333025078,0.15130732444425424,3.302069795007507,1.0572147948046526,0.022204721719026564,0.9573847216243545,0.6372655149083585,0.3006889060605317,0.6720996324593822,0.4298323659536739,0.17151784204567472,0.27419542192171015,0.1994430313507716,0.0546350141055882,1.006049210826556,0.7052719595842063,0.2515792236663401,0.8459027685845891,0.5097075785199802,0.0694362672045827,1.5341240310420592,0.684789145924151,0.027235536401470504
53,4526.0,4940.0,2478.0,9497.0,5260.0,4298.0,2453.0,9866.0,2873.0,6174.0,3091.0,8028.0,4496.0,4309.0,2745.0,9857.0,2526.0,7103.0,2763.0,10173.0,1259.0,5945.0,2358.0,7660.0,4719.0,5562.0,2387.0,9620.0,2580.0,9531.0,4109.0,11020.0,1286.0,6060.0,3573.0,8770.0,2987.0,9156.0,3970.0,10936.0,1579.0,8418.0,3938.0,8955.0,971.0,7184.0,3505.0,9360.0,1.2644644742210707,0.6219187398130696,0.29963405439630153,1.1223158098446826,0.7520002047376086,0.29246431451756505,0.459615937465181,0.32317718043923377,0.1906584149847428,1.3070409161659577,0.7396500223626693,0.3361415024691572,2.3121688436095913,1.2018062900130948,0.12066561287889878,3.2765237227082253,1.1068352457135915,0.017003036787112555,0.9599915723782033,0.6408549343546232,0.322324519061173,0.6289582007254163,0.4709230393792192,0.17079654169889788,0.27831504909942545,0.21223174603655934,0.07476607461770375,0.9056700916339954,0.7110323134499291,0.22550826901569962,0.7840871686115861,0.5191893853247166,0.06411607675254345,1.7995591999342044,0.639543961857756,0.02808538724978765
54,4599.0,5276.0,2426.0,9497.0,5382.0,4187.0,2334.0,9866.0,2865.0,6577.0,3018.0,8028.0,4433.0,4539.0,2627.0,9857.0,2531.0,7073.0,2713.0,10173.0,1285.0,5940.0,2286.0,7660.0,4876.0,5008.0,2234.0,9620.0,2751.0,9373.0,3718.0,11020.0,1348.0,5927.0,3546.0,8770.0,2974.0,8631.0,3739.0,10936.0,1604.0,8410.0,4047.0,8955.0,923.0,7230.0,3524.0,9360.0,1.2164137013877432,0.6247261258463065,0.3098515754720817,1.0997680453273158,0.7893296895393481,0.2832253099263956,0.5783401996518175,0.35625718496739867,0.18166527668945492,1.3028633450934042,0.720457359822467,0.3180653730252137,2.250357722491026,1.1938802836462856,0.12337491121143103,3.332567948723833,1.0225478374709687,0.029869506135582924,1.0037655014234284,0.6428978748309115,0.29548093577226003,0.5600762993097306,0.4669710151230296,0.19157397973661622,0.3235114540283879,0.2119953950246175,0.07882630185534557,1.0106013301759957,0.6553003947560986,0.2452174154110253,0.7498664220174154,0.5579192720974485,0.07223187281439701,1.6807365860790013,0.6868279103189707,0.032682857289910314
55,4571.0,5059.0,2383.0,9497.0,5317.0,4171.0,2275.0,9866.0,2833.0,6445.0,3114.0,8028.0,4472.0,4293.0,2590.0,9857.0,2585.0,7018.0,2619.0,10173.0,1269.0,6046.0,2180.0,7660.0,4813.0,5294.0,2245.0,9620.0,2631.0,9303.0,3764.0,11020.0,1306.0,6069.0,3484.0,8770.0,3003.0,9133.0,3708.0,10936.0,1580.0,8276.0,3895.0,8955.0,879.0,7376.0,3396.0,9360.0,1.2324764119150737,0.6169244044770797,0.30607666444654263,1.1186195456422865,0.736106380696098,0.29173763114959,0.5520210115859906,0.3121698226624479,0.1693884714351346,1.3059290833460788,0.7388280889950692,0.316967864241451,2.2797015137970447,1.1347941869248948,0.10920655907442173,3.30306706490616,1.0383177501459917,0.024350224062800407,0.9365659465392431,0.6815744024080534,0.3029250180814415,0.6427430274585882,0.5220746095913152,0.18994214553385974,0.30129393643389146,0.2188595884790023,0.0779019311691324,1.0102393270780643,0.6920294508958856,0.20947241863856714,0.7955119034275413,0.5623551685983936,0.07306080168733994,1.7217627925177414,0.6991558743019899,0.02746849668522676
56,4617.0,5000.0,2290.0,9497.0,5351.0,4205.0,2230.0,9866.0,2837.0,6428.0,3081.0,8028.0,4639.0,4210.0,2536.0,9857.0,2626.0,7024.0,2525.0,10173.0,1320.0,5989.0,2076.0,7660.0,4779.0,4924.0,2157.0,9620.0,2675.0,9346.0,3696.0,11020.0,1265.0,6187.0,3265.0,8770.0,3050.0,9287.0,3670.0,10936.0,1641.0,8187.0,3670.0,8955.0,911.0,7244.0,3350.0,9360.0,1.2337864201671134,0.60125162115631,0.324509910447523,1.128873221250251,0.7049012725551923,0.2957140787659834,0.49867023608336847,0.33105842719475426,0.16357034353228908,1.3306867330179861,0.7711322359119852,0.3234043752308935,2.3785417086755234,1.1837435897439719,0.1290492484966914,3.433469493066271,1.1376490022987127,0.01655622658630212,1.0492279713662962,0.6581865783315152,0.3145637899947663,0.6223617404078444,0.480476378214856,0.20134618710726498,0.27131107710301877,0.19616867322474718,0.06848353104044994,0.9346051308636864,0.6850201034918427,0.2121819037012756,0.8193489883715908,0.5999109408197304,0.0567395464827617,1.6735625936339298,0.7009788580238819,0.016495643928647042
57,4672.0,4987.0,2198.0,9497.0,5381.0,4406.0,2157.0,9866.0,2887.0,5860.0,2883.0,8028.0,4627.0,4190.0,2464.0,9857.0,2653.0,7035.0,2446.0,10173.0,1355.0,6016.0,2050.0,7660.0,4786.0,5018.0,2144.0,9620.0,2756.0,9223.0,3633.0,11020.0,1395.0,5996.0,3219.0,8770.0,3030.0,9286.0,3385.0,10936.0,1629.0,8362.0,3647.0,8955.0,934.0,7258.0,3314.0,9360.0,1.1972469893284141,0.6086074767634273,0.3031929332297295,1.2265130990184843,0.7503232805679242,0.30583240161649883,0.4687735137840112,0.32332917635018626,0.16993186911568045,1.2457849586848169,0.7619497188987832,0.31554301190190015,2.1891235660761597,1.1818133173510432,0.12371272382636865,3.1635835551967224,1.1924957275390624,0.009667901694774628,1.0457901067721347,0.6629746941539149,0.3107848547243824,0.6031782445497811,0.4781570612763365,0.17863962518361706,0.29505672163019575,0.2103887505053232,0.06991444978242119,0.987853352042536,0.7254153150444229,0.23557002786546946,0.8534471943974495,0.5529371378632884,0.053592444645861784,1.6940281766156355,0.7028016290937861,0.028833926282823087
58,4649.0,5138.0,2131.0,9497.0,5458.0,3900.0,2021.0,9866.0,2823.0,5940.0,2926.0,8028.0,4678.0,4330.0,2330.0,9857.0,2606.0,7064.0,2329.0,10173.0,1397.0,5977.0,1952.0,7660.0,4987.0,5306.0,1991.0,9620.0,2715.0,8915.0,3526.0,11020.0,1318.0,6045.0,3193.0,8770.0,2979.0,9362.0,3297.0,10936.0,1590.0,8105.0,3594.0,8955.0,920.0,7540.0,3190.0,9360.0,1.1863492846178512,0.6129988639305035,0.30610199919901787,1.2014125476280848,0.7327736385942747,0.29146098958638805,0.5192645145580173,0.3361620962619781,0.20209781415760517,1.275661579084893,0.7603089339720707,0.32342786670972906,2.304724314250052,1.16994755367438,0.11447422249863545,3.1398448325693606,1.1503678486992917,0.039940102274219194,0.9969518492929638,0.6410824949387461,0.3156911364446084,0.6179110319664081,0.452270906077077,0.20100961147497098,0.2843371286988258,0.2088131474951903,0.08772425828501582,1.0426400034998855,0.7094773766584694,0.22528983168303968,0.8010733522164325,0.5355159590641657,0.044285024205843605,1.7965923643360535,0.7135093649849296,0.023236201827724776
59,4620.0,5045.0,2125.0,9497.0,5486.0,4320.0,1954.0,9866.0,2952.0,6085.0,2786.0,8028.0,4745.0,4226.0,2246.0,9857.0,2611.0,6955.0,2276.0,10173.0,1353.0,5902.0,1831.0,7660.0,4846.0,4977.0,1945.0,9620.0,2716.0,9215.0,3399.0,11020.0,1344.0,5882.0,3160.0,8770.0,3013.0,9455.0,3211.0,10936.0,1604.0,8196.0,3603.0,8955.0,870.0,7324.0,3117.0,9360.0,1.191688682883978,0.6065679855955144,0.30521735611061257,1.1483645833097398,0.7411490976034353,0.29134487189973396,0.49863486862741413,0.33247248067831,0.1670985984460761,1.3338122782297432,0.7764031666951875,0.3319665243849158,2.340600906064113,1.131895254428188,0.14296824149787427,3.2447134053955478,1.0898972153663635,0.01950338656703631,1.0343576033289235,0.6249556780482332,0.3082075047927598,0.6375348816936215,0.5051931996208926,0.186231240692238,0.2794972600104908,0.21756522164990505,0.07348671226451794,0.9753576281480492,0.6828981195576489,0.2545273991301656,0.8151997674877445,0.5518447697162628,0.06963219661265611,1.6917011966928839,0.6332838743925094,0.022588632752497992
60,4801.0,4723.0,1934.0,9497.0,5442.0,4656.0,1900.0,9866.0,2876.0,5938.0,2768.0,8028.0,4599.0,4433.0,2220.0,9857.0,2646.0,6994.0,2159.0,10173.0,1421.0,6000.0,1727.0,7660.0,4901.0,4828.0,1850.0,9620.0,2742.0,9110.0,3197.0,11020.0,1287.0,6062.0,3065.0,8770.0,3142.0,9297.0,3019.0,10936.0,1609.0,7963.0,3406.0,8955.0,970.0,7302.0,2995.0,9360.0,1.2156455855816604,0.636755850740398,0.2913228127794961,1.2106785781681537,0.7421507905703038,0.299862927912424,0.5521995953594645,0.3051346854927639,0.1868051833783587,1.38152152011171,0.769781689811498,0.32430607338125506,2.210716004235049,1.189063224879404,0.1311047626659274,3.3063790266091626,1.1036538758625587,0.02776325469215711,1.0506049264688044,0.6475059449362258,0.3237458838770787,0.6631862733823558,0.4823619161422054,0.19932315020511548,0.3276813227372865,0.20230282749980688,0.07007819674909115,0.9512096553420027,0.734908198689421,0.2488112476033469,0.7970573599760731,0.5451690592492621,0.055087664164602757,1.6407599550982317,0.7641830618182818,0.007862471540768941
61,4754.0,4825.0,1957.0,9497.0,5545.0,4624.0,1869.0,9866.0,2931.0,5689.0,2572.0,8028.0,4682.0,4006.0,2171.0,9857.0,2684.0,7061.0,2018.0,10173.0,1371.0,6363.0,1676.0,7660.0,5012.0,4976.0,1797.0,9620.0,2834.0,8834.0,3305.0,11020.0,1372.0,6045.0,2979.0,8770.0,3047.0,9350.0,2919.0,10936.0,1648.0,7758.0,3403.0,8955.0,971.0,7360.0,2917.0,9360.0,1.2161538830958307,0.6312682154277961,0.29697578291719157,1.1851547196197012,0.6997777364371965,0.3020930029762288,0.5136278544863065,0.31724554100073876,0.18436333959301313,1.3546637230552734,0.7049720993265509,0.32976837386377156,2.32485109064728,1.1960171469797691,0.14445353178307413,3.086614807322621,1.010891095114251,0.024158904577294985,0.9951682070891062,0.6385496808526416,0.3275858151105543,0.6595624796425302,0.4632318424681822,0.17789729917421937,0.26718688644468785,0.24767923516531784,0.07357022796447078,1.035951459656159,0.6555077702427904,0.24330386584624647,0.7710984927291672,0.5853780494381984,0.04597526720414559,1.7360663939267398,0.7781251882513364,0.028471349428097408
62,4871.0,4882.0,1858.0,9497.0,5579.0,4316.0,1770.0,9866.0,2869.0,5444.0,2666.0,8028.0,4799.0,4206.0,2028.0,9857.0,2741.0,6956.0,1916.0,10173.0,1420.0,6100.0,1585.0,7660.0,4951.0,5163.0,1743.0,9620.0,2802.0,9094.0,3044.0,11020.0,1427.0,5915.0,2964.0,8770.0,3216.0,9144.0,2766.0,10936.0,1675.0,7780.0,3237.0,8955.0,922.0,7470.0,2790.0,9360.0,1.1975073563555876,0.6018564384275427,0.3012998527381569,1.2057543530749777,0.7271966175098593,0.29846195969730616,0.5240736997686326,0.3291101185915371,0.1683045047490547,1.309041387743006,0.7772357768689593,0.31991139069820446,2.1912419265757004,1.2360988292843103,0.11670728890846173,3.168028813103835,1.1077844991659125,0.0191548099120458,1.0778819079666089,0.6631735794867079,0.3270447191161414,0.6725256223852436,0.44986928092936673,0.17992436134566864,0.24294973077873389,0.2442023542864869,0.07815991987784704,1.049907594608764,0.7149707915261387,0.2650710057777663,0.8032752615710099,0.6128582566045224,0.06206868390242259,1.6273960067580144,0.6506306361407042,0.029273168866833052
63,4792.0,4853.0,1744.0,9497.0,5623.0,4137.0,1680.0,9866.0,2951.0,5801.0,2495.0,8028.0,4843.0,4344.0,1946.0,9857.0,2661.0,6955.0,1904.0,10173.0,1472.0,5985.0,1534.0,7660.0,5067.0,4909.0,1664.0,9620.0,2834.0,8873.0,2968.0,11020.0,1388.0,5987.0,2884.0,8770.0,3130.0,9064.0,2643.0,10936.0,1691.0,7888.0,3125.0,8955.0,964.0,7530.0,2788.0,9360.0,1.2072189807270963,0.6228989257942885,0.30060456320643425,1.1498841942753644,0.7467581035414089,0.28501520360975213,0.5706120088075598,0.35347028483326237,0.17283494702229898,1.2650918286293744,0.7658384490758181,0.32599587469982605,2.3037966094911098,1.2373520582914352,0.1054851496592164,3.0152657834192116,1.0549539481600125,0.01845381185412407,0.9730140703264624,0.6629536634000639,0.3139919636926303,0.6282222796541949,0.4893714737147093,0.16728800699735683,0.2713955808741351,0.22919303805877764,0.07279089217384656,1.0356951677550872,0.7146382034756243,0.2642799969141682,0.7750061992555857,0.558160979176561,0.0555712662016352,1.5888867809126774,0.6618187237530947,0.03995329203704993
64,4878.0,4662.0,1747.0,9497.0,5609.0,4189.0,1573.0,9866.0,3038.0,5573.0,2430.0,8028.0,4887.0,3982.0,1899.0,9857.0,2696.0,7005.0,1763.0,10173.0,1395.0,6225.0,1442.0,7660.0,5060.0,4922.0,1563.0,9620.0,2851.0,9017.0,2868.0,11020.0,1372.0,6034.0,2842.0,8770.0,3293.0,9043.0,2584.0,10936.0,1775.0,7777.0,2985.0,8955.0,984.0,7475.0,2624.0,9360.0,1.2007851894324024,0.5687426939606667,0.3031113263685256,1.1811514164010684,0.702282745949924,0.29466787416798373,0.5072678500165542,0.29835114246234296,0.19217543872073292,1.299253473461916,0.7101156242812673,0.32765719746239486,2.3154545742397508,1.127647297643125,0.14308745749294757,3.1845864030222097,1.1410701586554448,0.020516862347722053,0.9925295541218172,0.6685682288060586,0.2969240401405841,0.6719258232042193,0.5333990604616702,0.18098325409616034,0.28162257224321363,0.21455703265964984,0.08519182577729226,0.9503305604060491,0.7814331440875928,0.23981288140639662,0.793293293317159,0.6053577308853467,0.06784542830040058,1.6489998170485098,0.7141196769972642,0.024376166611909868
65,5086.0,4617.0,1590.0,9497.0,5625.0,4251.0,1485.0,9866.0,3122.0,5385.0,2449.0,8028.0,4795.0,4289.0,1771.0,9857.0,2848.0,6885.0,1633.0,10173.0,1440.0,6237.0,1333.0,7660.0,5092.0,4784.0,1476.0,9620.0,2772.0,8856.0,2772.0,11020.0,1299.0,6240.0,2619.0,8770.0,3388.0,8929.0,2401.0,10936.0,1734.0,7689.0,2869.0,8955.0,978.0,7401.0,2614.0,9360.0,1.1214015601513287,0.6009985329893728,0.28753611238983773,1.2212973951672514,0.720416187401861,0.3019270602768908,0.49929466396570205,0.33947626448546847,0.18365823285033306,1.2907779234616708,0.7510087612395485,0.33029207840251423,2.1241715595747035,1.117836195261528,0.11808678985883793,3.1387795227269333,1.1603037974486747,0.021494721000393232,0.9712625830123822,0.6788203172851354,0.29736369736492635,0.6622194956677655,0.4889656325181325,0.192740239482373,0.2773422253628572,0.19825337026268244,0.06532122505207856,0.8781945216159026,0.7242170452140272,0.19986932491883636,0.8239889627322554,0.6101660624146461,0.05562421679496765,1.8278982505202293,0.715495356420676,0.01770188920199871
66,5003.0,4392.0,1521.0,9497.0,5615.0,4519.0,1406.0,9866.0,2989.0,5684.0,2248.0,8028.0,4978.0,4079.0,1698.0,9857.0,2773.0,7041.0,1534.0,10173.0,1425.0,6114.0,1320.0,7660.0,5157.0,4667.0,1451.0,9620.0,2839.0,8954.0,2577.0,11020.0,1370.0,6040.0,2636.0,8770.0,3288.0,9082.0,2360.0,10936.0,1740.0,7650.0,2772.0,8955.0,1011.0,7332.0,2450.0,9360.0,1.1944553880331417,0.5843168877530843,0.3045378337769459,1.2691821988361578,0.7495658233296126,0.3090294868840526,0.5297620919843514,0.33473123302683233,0.2012314113167425,1.2384362225731214,0.7456821997029086,0.31501786688653133,2.255887047884365,1.1538712163145344,0.11763200766096513,3.2687926929444076,1.0510931003217896,0.011958077425758044,0.952083039501061,0.6715853908099234,0.30538883367553354,0.6821632025763392,0.4656535032826165,0.1983680736894409,0.2823486485828956,0.20344732720404862,0.0728342896948258,0.9751615303878983,0.7192016837497552,0.23814730715627472,0.8408855093022187,0.5395932235755027,0.04940745277951161,1.7773233807335298,0.7010778912653526,0.029385915522774062
67,5021.0,4392.0,1458.0,9497.0,5820.0,4334.0,1411.0,9866.0,2989.0,5550.0,2197.0,8028.0,4989.0,4069.0,1632.0,9857.0,2798.0,6979.0,1538.0,10173.0,1441.0,6279.0,1250.0,7660.0,5184.0,4610.0,1421.0,9620.0,2774.0,9000.0,2495.0,11020.0,1417.0,5990.0,2544.0,8770.0,3306.0,8992.0,2254.0,10936.0,1680.0,7653.0,2789.0,8955.0,932.0,7543.0,2413.0,9360.0,1.2348061052461465,0.615057801703612,0.29994356612054013,1.104703302277873,0.7564487418625504,0.300802718118454,0.5210011738042036,0.33870473471470175,0.18064180600146454,1.2372500499710442,0.7244091813142101,0.3120806619214515,2.2356358776489893,1.1542816556058824,0.10987327769398689,3.1363277181982996,1.1124593632916608,0.0169083962837855,0.9908262049313634,0.6063240543318291,0.30728687687466544,0.64539334004124,0.5049783933907748,0.18163209383686382,0.27489221648623546,0.23074202425777912,0.09589261952787638,1.0467936681583523,0.79494867362082,0.2446268824705233,0.8893940022215248,0.5395299711575111,0.06803773821642002,1.996928299466769,0.7390028608962893,0.027415424088637032
68,5091.0,4144.0,1371.0,9497.0,5795.0,4873.0,1312.0,9866.0,3081.0,5196.0,2165.0,8028.0,5054.0,4045.0,1536.0,9857.0,2742.0,7057.0,1358.0,10173.0,1496.0,6186.0,1154.0,7660.0,5076.0,4787.0,1366.0,9620.0,2961.0,8946.0,2432.0,11020.0,1427.0,5867.0,2587.0,8770.0,3245.0,9056.0,2050.0,10936.0,1799.0,7470.0,2797.0,8955.0,979.0,7369.0,2351.0,9360.0,1.1600174814773103,0.6063276418484748,0.3136088070614884,1.1585028152447194,0.707220315001905,0.29954909143658975,0.5200164870669445,0.3271517772537967,0.17818853547796606,1.267609976682191,0.7109887941430012,0.32186550336579484,2.180567444736759,1.138398937198023,0.11718951029082139,3.2921167970945437,1.0743083426107962,0.01615894151230653,0.9887313108891249,0.6674966000330945,0.29556851931847633,0.6746488081291317,0.44869760631894073,0.1949162587833901,0.25549253964175783,0.22409345544874668,0.0833096477513512,1.0662609028319519,0.7396474638332923,0.21731123942881822,0.7903755510225892,0.5467689267980556,0.04326207470148802,1.8733632734666268,0.7591435424983501,0.013114697361985842
69,4995.0,4524.0,1309.0,9497.0,5761.0,4698.0,1244.0,9866.0,3080.0,5152.0,1996.0,8028.0,5085.0,4194.0,1472.0,9857.0,2826.0,6918.0,1357.0,10173.0,1462.0,6169.0,1077.0,7660.0,5313.0,4328.0,1239.0,9620.0,2949.0,8699.0,2361.0,11020.0,1481.0,5857.0,2407.0,8770.0,3274.0,9043.0,2001.0,10936.0,1774.0,7653.0,2579.0,8955.0,963.0,7544.0,2210.0,9360.0,1.2078667008007566,0.6176484304014593,0.30126148448325696,1.2357642507491013,0.7221115042455495,0.30029193847440183,0.5366694600942234,0.3579938248110314,0.1807091522340973,1.2614247288399687,0.7379076215438545,0.3237544293515384,2.2289148438721895,1.1751719071840248,0.10555731275429328,2.97748172134161,1.0538842375700672,0.02424001768231392,0.9417187192477285,0.7015013694452743,0.30148858432658016,0.6067972804574917,0.49581687975053984,0.1828830265129606,0.2655188747992118,0.2464959422747294,0.0657978336016337,0.9831987340624134,0.6994187201373279,0.24398440563430387,0.8025444852809112,0.5669733789439003,0.052097345453997454,1.8657869171351193,0.6980858461310466,0.017630682388941447
70,5109.0,4456.0,1226.0,9497.0,5836.0,4634.0,1187.0,9866.0,3120.0,5102.0,2010.0,8028.0,5051.0,4100.0,1404.0,9857.0,2813.0,6959.0,1255.0,10173.0,1474.0,6235.0,998.0,7660.0,5276.0,4248.0,1212.0,9620.0,2932.0,8755.0,2321.0,11020.0,1408.0,6126.0,2298.0,8770.0,3390.0,8980.0,1961.0,10936.0,1752.0,7436.0,2578.0,8955.0,974.0,7576.0,2189.0,9360.0,1.2128183277634283,0.6253052125064035,0.3036168628372252,1.233485616495212,0.652702427158753,0.2882769180772205,0.5180877438746393,0.32981563148399196,0.17519857549729448,1.2440164634957909,0.7446142611869921,0.31765707549639044,2.285910899192095,1.1365457344800234,0.11476856426646312,3.317178301885724,1.1235822897404433,0.010884041587511698,0.957623656373471,0.642913487708817,0.3141261423782756,0.6624126195286711,0.46596102984622123,0.1589275856036693,0.2756845319022735,0.2302808443705241,0.07503518341109157,0.9976631613448262,0.7749600364516179,0.2427131895131121,0.8202839262162646,0.5727500451728702,0.06703430327276388,1.8514091643194357,0.6762262554218371,0.028160378461082776
71,5104.0,4138.0,1209.0,9497.0,5946.0,4483.0,1086.0,9866.0,3092.0,5350.0,1935.0,8028.0,5128.0,4109.0,1333.0,9857.0,2885.0,6985.0,1135.0,10173.0,1400.0,6297.0,939.0,7660.0,5302.0,4176.0,1124.0,9620.0,3072.0,8754.0,2131.0,11020.0,1378.0,6087.0,2374.0,8770.0,3434.0,8920.0,1824.0,10936.0,1905.0,7365.0,2332.0,8955.0,999.0,7433.0,2063.0,9360.0,1.2053386806199948,0.6084707826220741,0.3000573682288329,1.1382863204305371,0.6727679322163264,0.31514296556512517,0.5187497857337197,0.3527180895830194,0.1640839989297092,1.2079577051413557,0.7633280980711182,0.3216993462604781,2.3118640850608547,1.2078600578010081,0.10320601438482603,3.4011109288781882,1.0675102828691403,0.013537493472297987,0.9992512903486689,0.6652573518455028,0.3063344871625304,0.5564646563182275,0.488016668955485,0.1808636852229635,0.30507733871539433,0.21052559297531842,0.06315744097034136,1.0089687612839042,0.7526635462107758,0.27715919762849806,0.807811594568193,0.5937041421110432,0.05867199841886759,1.6678986556828022,0.7175460998589794,0.0165207472940286
72,5286.0,4236.0,1105.0,9497.0,6035.0,4432.0,1057.0,9866.0,3098.0,5038.0,1873.0,8028.0,5136.0,4102.0,1293.0,9857.0,2899.0,6939.0,1083.0,10173.0,1471.0,6281.0,868.0,7660.0,5250.0,4205.0,1104.0,9620.0,2913.0,8758.0,2127.0,11020.0,1443.0,6212.0,2149.0,8770.0,3321.0,8931.0,1786.0,10936.0,1766.0,7475.0,2284.0,8955.0,965.0,7550.0,2055.0,9360.0,1.1688188949599863,0.6176118668168783,0.31451118442540366,1.11482367455028,0.6941426151432097,0.30610192329622804,0.5002377756250401,0.37146122246049346,0.16882867903138202,1.17673674163719,0.7372253182033698,0.32615621605267126,2.147215604285399,1.1947642131398122,0.10498305838555097,3.2469239407529433,1.1454077073683342,0.016276035209496817,0.9742715623850624,0.6779583198639254,0.32221806853388746,0.6662420643803973,0.5061600687603156,0.19578313091769814,0.2662491938409706,0.21831592377275227,0.06163838130111496,1.0017064350967606,0.7432681034008662,0.2533851347553233,0.8301416595155994,0.5424284284934402,0.048241605361302696,1.7867472317069768,0.6949794094388684,0.020065770546595255
73,5177.0,4033.0,1090.0,9497.0,6091.0,4394.0,1007.0,9866.0,3163.0,5062.0,1744.0,8028.0,5148.0,4178.0,1196.0,9857.0,2905.0,6945.0,1020.0,10173.0,1467.0,6341.0,789.0,7660.0,5484.0,4222.0,989.0,9620.0,3076.0,8562.0,1938.0,11020.0,1343.0,6191.0,2024.0,8770.0,3363.0,8942.0,1626.0,10936.0,1792.0,7295.0,2311.0,8955.0,972.0,7557.0,1945.0,9360.0,1.145543970540166,0.643401859048754,0.31896209757154187,1.0957958409407487,0.6781555569109817,0.3103777350236972,0.522937579980741,0.33459161097804707,0.17762579191476108,1.2412979762380323,0.7164146220001082,0.3350564251964291,2.112829443750282,1.1988340752199291,0.08860647603869438,3.208744789039095,1.0809019445131223,0.014451663941144943,0.9135927801020444,0.72363119123814,0.31696519382918875,0.6063343031642338,0.4913550479648014,0.18394852650041382,0.29351275470107796,0.20614526886492968,0.08400629411141078,0.9760862239946921,0.7381677461167176,0.22111037538076442,0.7840476927347482,0.5533468674868345,0.04334813306728999,1.7477145751317342,0.705416640577217,0.011319958666960398
74,5306.0,4106.0,1020.0,9497.0,6085.0,4432.0,962.0,9866.0,3206.0,4906.0,1729.0,8028.0,5177.0,4142.0,1147.0,9857.0,2889.0,6976.0,944.0,10173.0,1517.0,6242.0,773.0,7660.0,5641.0,3939.0,932.0,9620.0,3083.0,8471.0,1830.0,11020.0,1371.0,6209.0,2128.0,8770.0,3456.0,8672.0,1561.0,10936.0,1858.0,7321.0,2078.0,8955.0,995.0,7742.0,1826.0,9360.0,1.1177199500302473,0.5833259574137628,0.3112202247759948,1.072339176541815,0.6721164370576541,0.29753848547115924,0.4887659455339114,0.3398123223334551,0.18743536697390178,1.201789614201213,0.7584826511330902,0.3269940751915177,2.1359587635844948,1.1658499909564852,0.09034665605674187,3.1858783851067227,1.1664407196144262,0.02756432903309663,0.9203838855649035,0.6533615423055986,0.323588608391583,0.6344706196337938,0.5198555219608049,0.16304938594500223,0.2934352684145172,0.21463635905335346,0.07267242685581247,0.9687839835882187,0.7670990196367105,0.27126499828882517,0.8452888814111551,0.5340258024012049,0.05300730224698782,1.8415685605878631,0.7864271002511184,0.017623598128557204
75,5453.0,3874.0,953.0,9497.0,5941.0,4637.0,846.0,9866.0,3236.0,4974.0,1663.0,8028.0,5269.0,4097.0,1047.0,9857.0,2847.0,7020.0,883.0,10173.0,1517.0,6227.0,724.0,7660.0,5533.0,3917.0,926.0,9620.0,3021.0,8426.0,1854.0,11020.0,1432.0,6172.0,1928.0,8770.0,3388.0,8929.0,1471.0,10936.0,1826.0,7376.0,2021.0,8955.0,981.0,7600.0,1799.0,9360.0,1.1283184385237595,0.5925276970335592,0.3001871856239935,1.1506057537626475,0.6564940613384048,0.31399102037151655,0.5380977799495061,0.3366087314983209,0.17177055689195792,1.2434761474840343,0.7277098936494439,0.32719306416499117,2.214462884577612,1.1553526367992162,0.10758410866061846,3.32048224893709,1.223028398056825,0.006352514773607254,0.9589574785903097,0.6590825443466505,0.31364809510608516,0.6660971253489455,0.49216905562207103,0.18359073838219048,0.3042836409372588,0.24228616673499345,0.09473750578860442,0.9976773642313977,0.7817315734612446,0.2506821756872038,0.8353502053146561,0.5777523909385006,0.049216175079345705,1.9490910592178503,0.7704783090700705,0.01690776857237021
76,5435.0,3932.0,873.0,9497.0,5992.0,4320.0,832.0,9866.0,3135.0,5155.0,1662.0,8028.0,5215.0,4205.0,963.0,9857.0,2903.0,6996.0,817.0,10173.0,1515.0,6300.0,630.0,7660.0,5636.0,3890.0,855.0,9620.0,3087.0,8200.0,1764.0,11020.0,1518.0,6084.0,1916.0,8770.0,3483.0,8893.0,1410.0,10936.0,1881.0,7253.0,1949.0,8955.0,949.0,7492.0,1753.0,9360.0,1.090984978247434,0.635093844216317,0.301066148498406,1.112986024376005,0.6413501188314209,0.31531669152900577,0.5380906155798584,0.3208588243772586,0.17688192538917064,1.2317718335116903,0.7302500465263922,0.32244467179601394,2.291778703778982,1.1112232520555456,0.07570231482386588,3.2150408793240786,1.1555687765280405,0.011758625755707424,0.9385109421486656,0.7068856652049968,0.3210073471379777,0.6375092398375273,0.494625415528814,0.18476918591186403,0.25539938509464266,0.23811992146074773,0.07115706714491049,1.0005447973807653,0.8053907931782305,0.2210765063141783,0.8017514061182738,0.5580456332614024,0.05615743814657132,1.8369230671475332,0.6976524001608292,0.022621944546699524
77,5449.0,4000.0,813.0,9497.0,6202.0,4312.0,763.0,9866.0,3261.0,4844.0,1559.0,8028.0,5239.0,4170.0,923.0,9857.0,2912.0,7017.0,767.0,10173.0,1552.0,6285.0,595.0,7660.0,5427.0,4170.0,806.0,9620.0,3023.0,8297.0,1629.0,11020.0,1380.0,6288.0,1862.0,8770.0,3428.0,8712.0,1237.0,10936.0,1909.0,7280.0,1852.0,8955.0,939.0,7572.0,1706.0,9360.0,1.0605702599976212,0.6046755059622229,0.3165756291399399,1.1716282547451555,0.6616200601837288,0.31833632262423633,0.5208097942173481,0.34376366902142763,0.1798533421009779,1.1824044640176,0.7074460171783964,0.32787570691046614,2.0486287054916223,1.083142922942837,0.1057350680232048,3.0578959429015717,1.2325571476171413,0.008746520678202311,0.9829213535723587,0.6485469612758606,0.3170817721945544,0.6636289118478695,0.5188252849814793,0.17053623019407194,0.31015956110010545,0.23819139966120323,0.07196990701680382,1.1350629165458181,0.7539344510063529,0.2229137764001886,0.8015600529809793,0.5221622349073489,0.034405156349142395,1.8668467722833157,0.703702393732965,0.012555738911032677
78,5557.0,3859.0,757.0,9497.0,6289.0,4085.0,704.0,9866.0,3280.0,4817.0,1531.0,8028.0,5348.0,4074.0,818.0,9857.0,3040.0,6942.0,650.0,10173.0,1551.0,6237.0,569.0,7660.0,5650.0,3953.0,738.0,9620.0,3088.0,8181.0,1598.0,11020.0,1363.0,6272.0,1769.0,8770.0,3551.0,8777.0,1205.0,10936.0,1862.0,7367.0,1754.0,8955.0,977.0,7622.0,1688.0,9360.0,1.0955653718983134,0.6281340383614104,0.31992559346059957,1.0967195838379362,0.6504582225655516,0.3249176506108294,0.4958048274740577,0.3615771245521804,0.16317170622448127,1.216119939337174,0.6679277729863922,0.3392044223224123,2.206005660817027,1.1373780934760969,0.09450987956176202,3.2270005827148753,1.0762034788727761,0.009552449112137158,0.9114293676180144,0.6751632802809279,0.31309738385801517,0.6632949386412899,0.4818163098456959,0.18652895524476965,0.3212350159883499,0.20471511619786423,0.08499729524676998,1.0455052370826403,0.771546675140659,0.25748859241915245,0.8226331540383398,0.5347719042872389,0.05837251283228397,1.733451469366749,0.7463225822895765,0.014293386787176132
79,5510.0,3816.0,710.0,9497.0,6335.0,4044.0,636.0,9866.0,3385.0,4768.0,1434.0,8028.0,5233.0,4267.0,776.0,9857.0,2928.0,7004.0,645.0,10173.0,1604.0,6228.0,490.0,7660.0,5651.0,3840.0,700.0,9620.0,3242.0,8051.0,1502.0,11020.0,1419.0,6293.0,1699.0,8770.0,3483.0,8695.0,1095.0,10936.0,1965.0,7210.0,1692.0,8955.0,929.0,7677.0,1588.0,9360.0,1.082523405738175,0.6102061998875191,0.3011423654078195,1.057824774676313,0.6612142852817973,0.3219148503926893,0.47264854308838644,0.3320751414168626,0.168300690377752,1.159163808822632,0.7291490693887075,0.3106210217500726,2.247651809702317,1.168565406712393,0.08676747102290391,3.0085852102686963,1.1344344222297271,0.006638625015815099,0.9161509845405817,0.6877015687214831,0.3234941110480577,0.6218973460607231,0.48067097244784235,0.16226588749947649,0.3238181950524449,0.2170843252291282,0.08762378556032975,1.0576126212875048,0.7463579780732592,0.2559113453452786,0.7896541496738791,0.5285981683060527,0.05951292458921671,1.7587697833776474,0.7860087071855862,0.012483806783954303
80,5549.0,3864.0,668.0,9497.0,6170.0,4144.0,616.0,9866.0,3312.0,4720.0,1379.0,8028.0,5397.0,4074.0,738.0,9857.0,2987.0,6992.0,579.0,10173.0,1518.0,6379.0,478.0,7660.0,5718.0,3841.0,655.0,9620.0,3189.0,8093.0,1384.0,11020.0,1436.0,6250.0,1617.0,8770.0,3448.0,8814.0,1028.0,10936.0,1910.0,7245.0,1648.0,8955.0,978.0,7427.0,1624.0,9360.0,1.0656887968070805,0.6151882402909299,0.29509290064064164,1.0812987692033251,0.7047000075224787,0.3111195453753074,0.49383536670356987,0.39909434964259466,0.19483517392848929,1.210862531606108,0.6692755418053518,0.3375746313172082,2.21572347295781,1.2005311878398062,0.07393811152627071,3.233123429119587,1.1368193474287789,0.010746210565169651,0.9540790186574062,0.7141574806844194,0.30354209993965925,0.6044301304034889,0.5124715093523264,0.17824142457296452,0.30566028201331696,0.2365549444531401,0.07463511948784192,1.1115584035093586,0.7924156268748145,0.24643681552261115,0.7844578464205066,0.5473234575862685,0.0559760603432854,1.574176622927189,0.7542592697466414,0.027602812151114146
81,5600.0,3697.0,621.0,9497.0,6356.0,4186.0,539.0,9866.0,3274.0,4659.0,1310.0,8028.0,5524.0,3976.0,674.0,9857.0,3014.0,6970.0,523.0,10173.0,1571.0,6298.0,437.0,7660.0,5640.0,3894.0,614.0,9620.0,3161.0,8098.0,1276.0,11020.0,1409.0,6384.0,1516.0,8770.0,3494.0,8673.0,978.0,10936.0,1966.0,7244.0,1568.0,8955.0,942.0,7631.0,1580.0,9360.0,1.056271049566567,0.6493399397780498,0.30936918592390916,1.0641603096388281,0.6782982409310837,0.30202291360280165,0.566134002013132,0.3593744837834189,0.19037034359450142,1.159367151092738,0.6855861919311186,0.34953131191432474,2.0706185075143972,1.1197291659812132,0.0740592763448755,3.154311525573333,1.1246296210835378,0.013094793384273848,0.8795190259193381,0.7257553664656977,0.32953728798311205,0.621114919707179,0.4662824765468637,0.2117339610432585,0.2936333148740232,0.20691878584523996,0.07796391804392139,1.003155665906767,0.7576883134742578,0.2198346176184714,0.7868967690194647,0.622181331180036,0.0507112314303716,1.93219124947985,0.6783314264069001,0.006957585612932841
82,5629.0,3797.0,601.0,9497.0,6313.0,4043.0,491.0,9866.0,3236.0,4703.0,1251.0,8028.0,5567.0,3967.0,626.0,9857.0,3033.0,6932.0,495.0,10173.0,1532.0,6325.0,423.0,7660.0,5716.0,3857.0,572.0,9620.0,3179.0,8062.0,1235.0,11020.0,1486.0,6295.0,1459.0,8770.0,3584.0,8546.0,942.0,10936.0,1908.0,7274.0,1462.0,8955.0,949.0,7461.0,1525.0,9360.0,1.0368271353499343,0.6264596420650681,0.3040908533769349,1.0396377375659844,0.7057219155753652,0.3281283181471129,0.5284779871193072,0.3445529117248952,0.18042996035267908,1.1110701819881796,0.6839277737618734,0.32525000263315934,2.186902942198018,1.0992318805928032,0.06848336203644673,3.1648222426573436,1.1125342319409053,0.012419773514072101,0.9347512219101191,0.7022713395146032,0.2880353152907143,0.6297464752259354,0.5157488502562046,0.16849063833554587,0.3001095478112499,0.22387319430708885,0.07937800514822205,1.05909232540677,0.7435831983263294,0.22691290747995177,0.811430111217002,0.5191966094697515,0.04442097364614407,1.7133715509126584,0.7362011901413401,0.018641014769673347
83,5765.0,3780.0,537.0,9497.0,6404.0,3913.0,494.0,9866.0,3245.0,4614.0,1217.0,8028.0,5518.0,4022.0,581.0,9857.0,2994.0,7006.0,437.0,10173.0,1644.0,6237.0,377.0,7660.0,5699.0,3924.0,545.0,9620.0,3301.0,7784.0,1194.0,11020.0,1399.0,6454.0,1329.0,8770.0,3569.0,8538.0,817.0,10936.0,1919.0,7388.0,1410.0,8955.0,967.0,7658.0,1581.0,9360.0,1.0347916141462823,0.5710119178906704,0.3120367788399259,1.0560903500765562,0.6851370474634071,0.3190929127469038,0.5433102409976224,0.3286229948202769,0.1766947239326934,1.1508758909069001,0.7128023993689567,0.3514524830194811,2.1327908052131535,1.116454642203947,0.07455053726832071,3.194903548558553,1.0935907681162158,0.006682449330886205,0.9779576304058234,0.6682726935483515,0.2967669556538264,0.5983260377775877,0.48476620443786184,0.16035314823190372,0.32158242048074803,0.2440120378198723,0.07192715058724085,1.0771412340924145,0.784824336754779,0.2518565757200122,0.8096903666233023,0.5335234251494209,0.049497548925379914,1.6834042242417733,0.6875971486791969,0.016597950582702956
84,5699.0,3833.0,487.0,9497.0,6428.0,4068.0,432.0,9866.0,3297.0,4497.0,1126.0,8028.0,5433.0,4103.0,544.0,9857.0,3119.0,6873.0,407.0,10173.0,1616.0,6328.0,324.0,7660.0,5686.0,3833.0,508.0,9620.0,3229.0,7864.0,1136.0,11020.0,1376.0,6484.0,1328.0,8770.0,3502.0,8537.0,755.0,10936.0,1940.0,7365.0,1302.0,8955.0,928.0,7326.0,1529.0,9360.0,1.1267654487863183,0.6585519874934107,0.32634864145269,1.1022393954917789,0.6358082824231436,0.32325274630760154,0.5514819628248612,0.3831533477952083,0.17487779843310516,1.1847949521926542,0.686698702800398,0.3517300933909913,2.026704196756085,1.1645692436645427,0.10467834696173668,3.1460053652524946,1.1247639666001001,0.005696151157220205,0.9882749777287245,0.6622448690390835,0.30507232851038374,0.6193097700054447,0.49613397161786754,0.19169809445738792,0.32779914333174626,0.22876411275938152,0.07861292343586683,1.1016783316930134,0.8392940320074558,0.2424468265535931,0.8076325800269842,0.5778142092439036,0.06084989371399085,1.7871966203053793,0.7198010482514898,0.02598558651904265
85,5781.0,3610.0,468.0,9497.0,6427.0,3956.0,385.0,9866.0,3255.0,4845.0,1046.0,8028.0,5637.0,3920.0,519.0,9857.0,3077.0,6963.0,363.0,10173.0,1640.0,6262.0,314.0,7660.0,5691.0,3845.0,444.0,9620.0,3291.0,7786.0,1094.0,11020.0,1422.0,6449.0,1338.0,8770.0,3667.0,8307.0,754.0,10936.0,1888.0,7365.0,1178.0,8955.0,994.0,7246.0,1410.0,9360.0,0.9901407029790182,0.6176420142253239,0.29549897625111043,1.1165392668917775,0.6351755456533283,0.3202156980987638,0.5592907176197817,0.3378785169528176,0.18179362608740726,1.0842190029410024,0.7166563843842596,0.3142229255288839,2.0999365534012515,1.1652226276074846,0.07929541058838367,3.0035020961115757,1.1000730940451224,0.013335636009772618,0.9406813393967847,0.6852865736776342,0.32208537046487135,0.6629020327702164,0.48030915185809137,0.1659440051143368,0.31412331635753316,0.21198291005566716,0.0644821130981048,1.0573453335091472,0.7852960142927865,0.2433824572401742,0.8650847190991044,0.5337563406055172,0.06320273236682018,1.7702667935440937,0.6941614156588912,0.0024541027223070463
86,5796.0,3691.0,423.0,9497.0,6587.0,3990.0,368.0,9866.0,3297.0,4656.0,1025.0,8028.0,5630.0,3914.0,479.0,9857.0,3191.0,6881.0,291.0,10173.0,1616.0,6253.0,276.0,7660.0,5701.0,3769.0,438.0,9620.0,3312.0,7771.0,992.0,11020.0,1414.0,6375.0,1331.0,8770.0,3649.0,8303.0,667.0,10936.0,1972.0,7323.0,1198.0,8955.0,914.0,7648.0,1413.0,9360.0,1.0548223726451398,0.5927049144481619,0.30051861096483967,1.0181055425976713,0.6362142511643469,0.33075643302872776,0.5689054270430157,0.3358066391199827,0.19395271549001336,1.1018544951453806,0.6916725654775898,0.330776707129553,2.1769884736587604,1.1271216359610359,0.09601307647923628,3.0833545971661804,1.0690571113179128,0.007089536140362422,0.9572463658017417,0.6857382823092242,0.31554591927366954,0.6242928815384706,0.4674284219741821,0.1674023589429756,0.2907905855216086,0.22509087780490517,0.06751412268107136,1.0669401816402873,0.7542093970502416,0.24305923928817114,0.77418808589379,0.5699998542355994,0.047355563814441365,1.9402296274900437,0.733789732058843,0.007636874169111252
87,5829.0,3644.0,377.0,9497.0,6629.0,3806.0,313.0,9866.0,3487.0,4528.0,934.0,8028.0,5629.0,3977.0,408.0,9857.0,3096.0,6962.0,286.0,10173.0,1683.0,6221.0,249.0,7660.0,5742.0,3756.0,397.0,9620.0,3207.0,7749.0,950.0,11020.0,1407.0,6490.0,1187.0,8770.0,3695.0,8280.0,593.0,10936.0,1924.0,7339.0,1055.0,8955.0,1008.0,7156.0,1333.0,9360.0,1.0089369122559826,0.6346035802892099,0.3198971028594921,1.0271527657595774,0.6403637887599568,0.32583037454945346,0.5620907796081156,0.34542272351682185,0.17996028068785866,1.1319962040521205,0.7090549114936342,0.33189380198406676,2.171037744979064,1.1070308038964867,0.04651921050002177,3.0327768522004286,1.136070524652799,0.0051268337915341055,0.9531835671669493,0.676667151444902,0.30045816362835465,0.6420817938633263,0.46983303086211287,0.18453300623223184,0.3127666085027158,0.23537566525240738,0.0674206073085467,1.0435045514876644,0.8227282480647167,0.2480651122207443,0.7924200321237246,0.5621120083456238,0.03509029901276032,1.9227254322419565,0.7855339335898558,0.014602094143629073
88,5818.0,3791.0,329.0,9497.0,6606.0,3835.0,280.0,9866.0,3276.0,4693.0,879.0,8028.0,5870.0,3744.0,382.0,9857.0,3115.0,6948.0,265.0,10173.0,1642.0,6229.0,241.0,7660.0,5669.0,3884.0,344.0,9620.0,3368.0,7596.0,874.0,11020.0,1443.0,6441.0,1177.0,8770.0,3647.0,8162.0,584.0,10936.0,1977.0,7342.0,1019.0,8955.0,930.0,7629.0,1358.0,9360.0,1.0292681594379247,0.6054192432823281,0.31250698572645585,0.9789355506810049,0.6448050829271476,0.3455112900274495,0.5781521767688295,0.345487994607538,0.16947014493246873,1.0232491248597702,0.7201335604302586,0.33886166747349006,2.0945126672585803,1.1509537996103367,0.06061777826398611,3.0614286589125794,1.074365405800442,0.01646913116176923,0.9501115781565507,0.7201135664557418,0.2925785117627432,0.5867820867647727,0.5087233500865599,0.16517595403517285,0.2989068267866969,0.2434022484968106,0.061532468907535075,1.078229730607321,0.7990308334430059,0.23736023800447584,0.8050397479906678,0.5817972283810378,0.05445878617465496,2.020945694049199,0.7482957433909178,0.007393091171979904
89,5804.0,3721.0,294.0,9497.0,6721.0,3467.0,274.0,9866.0,3384.0,4669.0,867.0,8028.0,5733.0,3911.0,367.0,9857.0,3026.0,7052.0,237.0,10173.0,1617.0,6221.0,213.0,7660.0,5845.0,3807.0,332.0,9620.0,3316.0,7677.0,837.0,11020.0,1470.0,6489.0,1065.0,8770.0,3511.0,8300.0,534.0,10936.0,1960.0,7393.0,974.0,8955.0,930.0,7267.0,1300.0,9360.0,0.9861146106850356,0.6102045956378181,0.3163395125263681,0.92643371084705,0.6679122371443857,0.345528577764829,0.5334575786565741,0.3387883611644308,0.1852464659915616,1.0609782536669323,0.7162616753019393,0.31813542572781445,2.2546535984923444,1.0677413942292333,0.08302872485170762,3.2099466316401957,1.162476578851541,0.0023472078144550325,0.883116091772293,0.7287982375671466,0.3097300539724529,0.6555482469499111,0.5293683759557705,0.1973190713363389,0.31653964187329015,0.20917961994806925,0.07928309158111611,1.1471626369903485,0.7916978469739357,0.2606224873103201,0.8658225141465664,0.5889555079241594,0.0368864394724369,1.7495136177788178,0.7314404961963494,0.0026251035432020824
90,5919.0,3612.0,256.0,9497.0,6870.0,3510.0,238.0,9866.0,3295.0,4747.0,807.0,8028.0,5656.0,3970.0,326.0,9857.0,2990.0,7121.0,193.0,10173.0,1665.0,6225.0,190.0,7660.0,5923.0,3595.0,279.0,9620.0,3316.0,7545.0,775.0,11020.0,1354.0,6546.0,1124.0,8770.0,3598.0,8266.0,437.0,10936.0,1968.0,7374.0,851.0,8955.0,1014.0,7203.0,1251.0,9360.0,1.0172376796447982,0.65045848240455,0.3017997485895952,0.9278516645232836,0.6032268052610258,0.32520351933004954,0.5809510842741777,0.3408324552079042,0.18555857317211727,1.1280369707848876,0.7115170244437953,0.3376149793931594,2.18471574280411,1.1465544002751509,0.06482776304086049,3.018919220815102,1.0731218280891577,0.006325282404820124,0.9424530760074655,0.7070131158766647,0.29583889067483443,0.6376814858056605,0.5104567782953382,0.17403666448468963,0.33597617568448185,0.24809651548663775,0.08036067383363843,1.111567579085628,0.7834932764371236,0.24191656069209178,0.7869769659514229,0.5980331892768542,0.046274541815121965,1.673396596685052,0.7483774645254015,0.009193277607361475
91,5986.0,3574.0,261.0,9497.0,6839.0,3507.0,218.0,9866.0,3503.0,4491.0,737.0,8028.0,5775.0,3874.0,307.0,9857.0,3174.0,6932.0,177.0,10173.0,1720.0,6203.0,186.0,7660.0,5820.0,3686.0,263.0,9620.0,3293.0,7682.0,732.0,11020.0,1439.0,6583.0,975.0,8770.0,3680.0,8069.0,433.0,10936.0,1984.0,7258.0,889.0,8955.0,988.0,7228.0,1265.0,9360.0,0.9563639221712947,0.5687187318069239,0.3238174453067283,0.960046466657271,0.6463558376456301,0.3382462871881823,0.5204099082077543,0.37493139863945546,0.1695464346402635,1.1122137979914746,0.7318668628111482,0.3377143106578539,1.9707435743262371,1.0732821123674512,0.06470592649032672,3.0464494043340284,1.181283559029301,0.004426335667570432,0.9739067332508663,0.6672257073534031,0.32168366814342636,0.637083635168771,0.4733591432993611,0.19212666591629385,0.3109954698942602,0.24391547410438458,0.08035045315821966,1.094731964978079,0.7278875039890409,0.21979121336092552,0.806853214216729,0.5490502108509342,0.04502754360437393,1.8519173694153628,0.7367044949904085,0.013260609904925029
92,6039.0,3530.0,211.0,9497.0,6813.0,3570.0,162.0,9866.0,3463.0,4484.0,736.0,8028.0,5849.0,3851.0,256.0,9857.0,3163.0,6933.0,164.0,10173.0,1700.0,6198.0,140.0,7660.0,6006.0,3538.0,227.0,9620.0,3215.0,7642.0,714.0,11020.0,1536.0,6522.0,926.0,8770.0,3625.0,8136.0,401.0,10936.0,2004.0,7296.0,782.0,8955.0,990.0,7106.0,1216.0,9360.0,0.9772778640501201,0.63868211855491,0.3119083086339136,1.002390424037973,0.645162170038869,0.33477334487251936,0.5416402105242014,0.3414468929792444,0.17738101643820603,1.098605495939652,0.696745187913378,0.3309718232912322,2.158292838061849,1.1008554712558787,0.07766880753139654,3.1387982944647472,1.0655311954518158,0.005926404396692912,0.9939833973844846,0.7006825879526635,0.2974147075476746,0.6697518538062771,0.4690219112982353,0.1624365558847785,0.29802681334937614,0.22691227520505589,0.08411267421518763,1.0460886826738716,0.8023389984853566,0.23875096164022883,0.8135690934956074,0.5804713010477524,0.05079114753752947,1.861423731346925,0.720928118750453,0.009538027147452036
93,5902.0,3628.0,195.0,9497.0,6918.0,3362.0,156.0,9866.0,3480.0,4437.0,648.0,8028.0,5899.0,3809.0,228.0,9857.0,3149.0,6955.0,148.0,10173.0,1756.0,6229.0,149.0,7660.0,5862.0,3797.0,224.0,9620.0,3396.0,7506.0,620.0,11020.0,1415.0,6691.0,860.0,8770.0,3625.0,8059.0,353.0,10936.0,1953.0,7257.0,745.0,8955.0,970.0,7199.0,1188.0,9360.0,0.9667863861036797,0.6015746862938006,0.32018882387007275,0.9493963286591073,0.6166787619081636,0.3370012904672573,0.5214799255753557,0.33312240814169247,0.18881464516744018,1.075128687173128,0.6793899651772032,0.3268239172330747,2.0623850732420883,1.1760359954088926,0.06772100695719321,3.0095045381536085,1.1710314894715945,0.01443086750805378,0.9487261885777116,0.6596627599714945,0.3177156433152656,0.6147746001680692,0.49153394605964423,0.17733361817275484,0.3350582111005982,0.2290757513915499,0.07291546799242496,1.0524551876820625,0.7346548659416536,0.22831703222667177,0.9056801335265239,0.5362063220391671,0.03665390374759833,1.8264913279563189,0.7615463381633163,0.005062892784674962
94,5916.0,3618.0,196.0,9497.0,6936.0,3320.0,133.0,9866.0,3447.0,4573.0,591.0,8028.0,5862.0,3891.0,189.0,9857.0,3111.0,7033.0,112.0,10173.0,1719.0,6203.0,128.0,7660.0,5936.0,3696.0,209.0,9620.0,3266.0,7582.0,609.0,11020.0,1469.0,6587.0,875.0,8770.0,3739.0,7906.0,324.0,10936.0,2066.0,7205.0,700.0,8955.0,1002.0,7151.0,1152.0,9360.0,0.9420817550892632,0.6205518402003993,0.33212602166458965,0.910307872419556,0.6026589344100406,0.3441925274518629,0.5602163611600797,0.3423043709558745,0.18203754746355116,1.0288827075622975,0.7324994179109733,0.31265153422330816,1.9435250921174885,1.132960272518297,0.07732432993749777,2.9999703271935383,1.1742342656478286,0.0029068502287069955,0.9129335967513422,0.7006057165563107,0.2923500347106407,0.6777295941797395,0.4933782392491897,0.18883195985108614,0.3122054209311803,0.22489662747830153,0.061472421139478685,1.0826369889080525,0.8545820022933185,0.24606758781398336,0.7796673299123843,0.5469182568602264,0.03352533585081498,1.7145551624397437,0.7314611917982499,0.00927908110121886
95,5985.0,3598.0,155.0,9497.0,6989.0,3330.0,125.0,9866.0,3454.0,4522.0,594.0,8028.0,5879.0,3866.0,189.0,9857.0,3160.0,6981.0,104.0,10173.0,1723.0,6218.0,109.0,7660.0,5926.0,3641.0,173.0,9620.0,3365.0,7485.0,585.0,11020.0,1547.0,6583.0,814.0,8770.0,3649.0,7941.0,314.0,10936.0,2026.0,7262.0,629.0,8955.0,947.0,7161.0,1133.0,9360.0,0.9162045602376262,0.6093608340869348,0.31847884121040504,0.9185386043662827,0.6320938339301695,0.3366121413030972,0.5526805572832624,0.3239673793936769,0.19377203271724283,1.1312899374092618,0.7058117565854142,0.319270743864278,2.0603062925239404,1.0934847568472226,0.051661766320467,2.8997549725075564,1.0474910133828719,0.007124059895674387,0.9899442171988387,0.6344234064531823,0.30403379288812477,0.6460251996604105,0.4914118600388368,0.1790027551818639,0.30987467725450796,0.23892712214340767,0.06707497667521238,1.091834071930498,0.7688717848621309,0.25668678611206514,0.9166006352131565,0.5550072091942032,0.03915447269876798,1.9207502614706755,0.7374016509701808,0.01143960263580084
96,6093.0,3443.0,132.0,9497.0,6902.0,3402.0,104.0,9866.0,3414.0,4626.0,538.0,8028.0,6009.0,3740.0,162.0,9857.0,3151.0,6997.0,84.0,10173.0,1767.0,6134.0,104.0,7660.0,6002.0,3615.0,138.0,9620.0,3469.0,7389.0,497.0,11020.0,1319.0,6731.0,885.0,8770.0,3692.0,7871.0,266.0,10936.0,1990.0,7317.0,571.0,8955.0,1005.0,7147.0,1086.0,9360.0,0.9343583581969142,0.6290317183050017,0.3138671006541699,0.943952892255038,0.6375497346433501,0.3324851017290105,0.5437958701824148,0.33660937027695276,0.19631859155682227,1.0123356984928251,0.7151007839168112,0.32197361990499,2.14567369868358,1.0799896134063602,0.05900582311054071,2.9363286859045425,1.1866937309503556,0.009191670765479406,0.9322915337514133,0.6658998750150203,0.31983244642615316,0.5837936092478534,0.5086614794097841,0.18561218172932664,0.37269574323048194,0.2096826910972595,0.0636459581553936,1.0723169634118677,0.7804578049108386,0.25768272786711655,0.8314676082382599,0.5309531709179283,0.020951727343102296,1.7662980881830057,0.7444953008244435,0.01497703194618225
97,5993.0,3542.0,124.0,9497.0,7102.0,3157.0,96.0,9866.0,3551.0,4545.0,474.0,8028.0,5959.0,3809.0,143.0,9857.0,3226.0,6928.0,71.0,10173.0,1800.0,6067.0,92.0,7660.0,5912.0,3710.0,126.0,9620.0,3364.0,7477.0,492.0,11020.0,1486.0,6647.0,786.0,8770.0,3663.0,7853.0,240.0,10936.0,1985.0,7292.0,555.0,8955.0,1007.0,7112.0,1022.0,9360.0,0.9806458702931802,0.6565247595931093,0.31384839525756736,0.8873971298336982,0.624223917722702,0.33164330398042996,0.5495907873225708,0.36421227029835185,0.1710965248135229,0.9856244869995863,0.718811916699633,0.3503747353175034,2.005642334992687,1.1998830488572518,0.0461545467376709,2.8941505547612905,1.1164682698746522,0.005277531469861666,0.9606053164849678,0.6613963713869453,0.3196879121164481,0.6246388039551676,0.48869084219137826,0.16957735683148106,0.32052513202652333,0.2179505117237568,0.09013219432284435,1.0797689175854126,0.8175681550366183,0.21492899597312012,0.8672911131754517,0.5742021205524603,0.042581166202823324,1.8484373259047666,0.7488420919204751,0.008171869814395905
98,6095.0,3472.0,95.0,9497.0,6897.0,3424.0,75.0,9866.0,3437.0,4595.0,470.0,8028.0,6025.0,3748.0,123.0,9857.0,3135.0,7031.0,64.0,10173.0,1730.0,6162.0,80.0,7660.0,5955.0,3704.0,103.0,9620.0,3326.0,7468.0,477.0,11020.0,1434.0,6645.0,832.0,8770.0,3694.0,7806.0,225.0,10936.0,2042.0,7215.0,526.0,8955.0,950.0,7179.0,1010.0,9360.0,0.928919724188745,0.6463043489182989,0.3142584685080995,0.9681489694553117,0.5993904552422464,0.35403010218093794,0.5905452544800938,0.3478504804273446,0.17419761091781158,0.9683129501218597,0.7190677804872394,0.3321543739177287,2.232909537199885,1.0948821919659772,0.07329930731405815,2.865198769792914,1.0245270480712254,0.0,0.9992120660220584,0.6570462627957264,0.33787028895070154,0.6344171344768256,0.5103837739676237,0.16435136661554375,0.3199236110473673,0.21226964068288603,0.07485640967885653,1.0610423388890922,0.7853469441334406,0.2144219120653967,0.7995610113566121,0.5607980463032921,0.02068579997867346,1.9804730340838432,0.710795221477747,0.012211727475126584
99,5990.0,3598.0,95.0,9497.0,6868.0,3383.0,67.0,9866.0,3390.0,4619.0,413.0,8028.0,6022.0,3773.0,105.0,9857.0,3235.0,6926.0,62.0,10173.0,1751.0,6158.0,73.0,7660.0,5873.0,3784.0,102.0,9620.0,3411.0,7397.0,439.0,11020.0,1395.0,6843.0,680.0,8770.0,3638.0,7734.0,215.0,10936.0,2043.0,7153.0,529.0,8955.0,957.0,7344.0,965.0,9360.0,0.9386686915842195,0.6575702233705669,0.3129393000621349,0.9390689012904961,0.6636063846759498,0.35430757151916625,0.5729006275845071,0.32521813303853075,0.17295290551458795,0.9944456522352993,0.6617732586028675,0.34087931144361694,1.9397442513455947,1.1481152314071854,0.07205862912038961,2.904427279283603,1.0467817491541307,0.0,0.9679163619720688,0.6365199213537077,0.31878861084890864,0.6527065771942338,0.5039707330365976,0.16761607148995003,0.33721833943078916,0.21288194125518203,0.06915177383149664,1.097454168461263,0.7588466803232828,0.24957224583874146,0.826726891597112,0.5282238930463791,0.048035783569018047,1.8902064894636472,0.7461997900158167,0.0
100,6148.0,3376.0,91.0,9497.0,6997.0,3182.0,55.0,9866.0,3413.0,4639.0,419.0,8028.0,6019.0,3759.0,96.0,9857.0,3248.0,6922.0,45.0,10173.0,1758.0,6149.0,70.0,7660.0,5966.0,3658.0,96.0,9620.0,3432.0,7365.0,423.0,11020.0,1371.0,6863.0,657.0,8770.0,3737.0,7745.0,181.0,10936.0,2026.0,7270.0,420.0,8955.0,975.0,7175.0,955.0,9360.0,0.8909606778994202,0.6635726233012974,0.3090529654795925,0.9407928801762561,0.5606601850284885,0.3273294165885697,0.5587389012488226,0.3421852980585148,0.18345273205389578,0.9747464302306373,0.7092636660517504,0.3513280059521397,2.0655741541956862,1.170354913113018,0.07682685181498528,2.920985576013724,1.1299739172061285,0.003169835110505422,0.9497137372692426,0.6193333977833391,0.3213328681886196,0.6378478668630123,0.47787921968847513,0.19024142085885007,0.3162360709781448,0.22296059029176832,0.09267400034392874,1.0380156384160122,0.8013198374460141,0.2584900544025004,0.8670741286128759,0.5626792391762138,0.03333623247841994,1.7718145656088988,0.6775118729099632,0.007153327514727911
101,6111.0,3431.0,66.0,9497.0,7061.0,3140.0,44.0,9866.0,3466.0,4590.0,365.0,8028.0,6138.0,3680.0,75.0,9857.0,3192.0,6974.0,42.0,10173.0,1778.0,6093.0,67.0,7660.0,5906.0,3816.0,72.0,9620.0,3387.0,7430.0,388.0,11020.0,1497.0,6701.0,691.0,8770.0,3762.0,7615.0,177.0,10936.0,2063.0,7222.0,436.0,8955.0,984.0,7178.0,952.0,9360.0,0.8574313521385193,0.6308108291433503,0.31801292068945863,0.9098843090857068,0.6175916279045244,0.3389412605203688,0.5188979358101885,0.34028264430041116,0.1812015519787868,0.9766976382272939,0.6621775045990944,0.34768879463275276,1.965808045739929,1.1034177474056681,0.03518899033466975,2.9018303090085587,1.123909857434531,0.0030204862356185912,1.0171122511538366,0.6245678443151216,0.32051128208016355,0.6344243474615117,0.4904688668437302,0.20102363834157586,0.31981690193836887,0.23820189163088798,0.0841700074262917,1.1190188623964787,0.7517586991501352,0.22088135459149877,0.8515579963723818,0.5653317889198661,0.019173581153154373,1.858936759456992,0.7404453968008359,0.014084981257716815
102,6164.0,3390.0,67.0,9497.0,7005.0,3248.0,34.0,9866.0,3550.0,4531.0,342.0,8028.0,6149.0,3673.0,64.0,9857.0,3225.0,6948.0,35.0,10173.0,1768.0,6098.0,62.0,7660.0,6018.0,3643.0,67.0,9620.0,3329.0,7476.0,363.0,11020.0,1516.0,6681.0,677.0,8770.0,3786.0,7554.0,143.0,10936.0,2059.0,7240.0,394.0,8955.0,985.0,7160.0,928.0,9360.0,0.881499733372281,0.6481019582444181,0.3324925714793305,0.8757068374194205,0.6220567589470496,0.3347037275942663,0.5145682464664181,0.33017043286624054,0.16026045506199202,0.9843894322713216,0.7468138558479647,0.30898987405622996,2.0813764054328203,1.1437569167464972,0.04737815024952094,2.8481343074391288,1.0765288232515255,0.005751094222068787,0.9858810229071726,0.6665712301929791,0.3231106506815801,0.6270397750660777,0.50155873078232,0.18841616790741683,0.33231977246080835,0.24532188481340805,0.0725450687420865,1.0181917153919737,0.7727578644330303,0.23442513404103618,0.8576166465257605,0.5651658869038025,0.016583257416884104,1.576144309838613,0.7062521159028013,0.006293313950300217
103,6269.0,3244.0,57.0,9497.0,7067.0,3182.0,35.0,9866.0,3452.0,4694.0,286.0,8028.0,6052.0,3769.0,66.0,9857.0,3274.0,6892.0,33.0,10173.0,1870.0,6011.0,49.0,7660.0,5960.0,3693.0,62.0,9620.0,3278.0,7517.0,374.0,11020.0,1481.0,6712.0,656.0,8770.0,3853.0,7479.0,144.0,10936.0,2117.0,7137.0,355.0,8955.0,946.0,7419.0,848.0,9360.0,0.8905787670984864,0.612581806210801,0.32055021794512867,0.837143758746485,0.6237406612529109,0.33043604721315206,0.5553482104403277,0.33435053640666107,0.17708416641689836,1.0053452914580703,0.6970008381797622,0.3310739250232776,1.9548231152196724,1.1778943474714956,0.037604579453667006,2.6815366230905058,1.0456972433875005,0.00978212853272756,0.9688647766597569,0.6682813818566501,0.319782032398507,0.6731457283409933,0.53454793645069,0.18847739417105913,0.333945811757197,0.23238478464384874,0.07492742001389464,1.0382694913074375,0.7714591553124289,0.23089828935141365,0.7410125751048326,0.5686272928491235,0.028159650911887487,1.8513741659621397,0.704415898087124,0.007862979049483935
104,6202.0,3341.0,46.0,9497.0,7120.0,3033.0,19.0,9866.0,3592.0,4533.0,299.0,8028.0,6160.0,3666.0,52.0,9857.0,3316.0,6853.0,26.0,10173.0,1801.0,6127.0,34.0,7660.0,6010.0,3644.0,45.0,9620.0,3431.0,7388.0,315.0,11020.0,1437.0,6888.0,543.0,8770.0,3766.0,7512.0,121.0,10936.0,2001.0,7202.0,314.0,8955.0,964.0,7214.0,816.0,9360.0,0.9063466890715063,0.6071106269179533,0.3166441418385754,0.857026147392268,0.6451071970785658,0.33312475512114664,0.5314047520669798,0.31130006331950427,0.18829558240249752,0.945903967662404,0.680058091909935,0.35893297909448546,1.9492444315925241,1.1642282030234734,0.0604791147634387,2.811466400697827,1.1805908697346845,0.002511584758758545,0.9570080179410676,0.639685248133416,0.31008516896205646,0.6151704819252094,0.4815216610208154,0.1802895236760378,0.31944873246053856,0.22816551129023235,0.07756860523174207,1.0288691736757756,0.7985541916452348,0.2466528060225149,0.8617497744038701,0.518917300303777,0.03064819301168124,1.9931621437271436,0.6773255250106255,0.012980043888092041
105,6122.0,3400.0,46.0,9497.0,7010.0,3147.0,20.0,9866.0,3513.0,4590.0,254.0,8028.0,5965.0,3879.0,41.0,9857.0,3279.0,6895.0,21.0,10173.0,1882.0,5988.0,35.0,7660.0,6053.0,3621.0,39.0,9620.0,3444.0,7346.0,318.0,11020.0,1469.0,6875.0,506.0,8770.0,3767.0,7509.0,106.0,10936.0,2042.0,7175.0,310.0,8955.0,1028.0,7447.0,773.0,9360.0,0.8770657680307825,0.6382612132156888,0.29848712946598727,0.8803590576940526,0.622698379540816,0.3288873401237652,0.5259545223321765,0.33046480116123955,0.18998700220448275,1.0017298963541785,0.6871675834680597,0.33799892547540367,1.8680990276237328,1.1783685744429628,0.04046141759802898,2.6958869143078723,1.0723137273142735,0.005222054570913315,0.9154379560301701,0.646993242468064,0.31814063143295546,0.6155667054777344,0.46762315180773534,0.1913595448558529,0.32330375723540783,0.22810894697904588,0.0650175550642113,1.0549627956002952,0.7750206226482987,0.2105274437305828,0.8182186386237542,0.5662936627864837,0.032368205736080805,2.065601982921362,0.7016546500846743,0.013269972056150436
106,6178.0,3355.0,37.0,9497.0,7103.0,3081.0,9.0,9866.0,3570.0,4560.0,240.0,8028.0,6181.0,3660.0,40.0,9857.0,3284.0,6887.0,21.0,10173.0,1843.0,6034.0,45.0,7660.0,5901.0,3746.0,43.0,9620.0,3380.0,7428.0,287.0,11020.0,1470.0,6804.0,559.0,8770.0,3792.0,7491.0,93.0,10936.0,2080.0,7153.0,286.0,8955.0,954.0,7255.0,784.0,9360.0,0.9372795013400416,0.6532764671059946,0.3062467595717559,0.8628378136704365,0.6397765269813438,0.3404879552467416,0.49631309950103364,0.34573280342544116,0.1741477871624132,0.9450261071324348,0.6589569012634456,0.3513500911494096,1.9494707850118478,1.1194401369740565,0.04392764667669932,2.636221268773079,1.061362862586975,0.005672628929217657,0.9403479391088089,0.6677022945756713,0.2968446305176864,0.6220162533068408,0.48943376255532106,0.1889799858443439,0.3108497908338904,0.21284763899942238,0.08188777283454934,1.114839375577867,0.7714873478127022,0.22842859886586667,0.8046920742839575,0.5908462851308286,0.03484883854786555,2.0070490260918934,0.6805492643266916,0.0045272349069515865
107,6166.0,3337.0,35.0,9497.0,7079.0,3073.0,10.0,9866.0,3524.0,4559.0,246.0,8028.0,6129.0,3713.0,28.0,9857.0,3313.0,6857.0,23.0,10173.0,1890.0,5999.0,31.0,7660.0,5961.0,3695.0,37.0,9620.0,3456.0,7365.0,272.0,11020.0,1467.0,6880.0,493.0,8770.0,3716.0,7559.0,86.0,10936.0,2141.0,7110.0,238.0,8955.0,971.0,7312.0,755.0,9360.0,0.8725386080952983,0.6278752130145828,0.31442271714719633,0.8751837991798918,0.6058781696793933,0.33159485667323074,0.5607200788954894,0.3231965182659527,0.1703881982093056,1.0071098164965708,0.6600972048317393,0.33708396184568606,1.889929001033306,1.1277017873401443,0.0631025933350126,2.7606770483156047,0.9822962549825509,0.0012818748752276103,0.9563403816272815,0.6556734537395338,0.34216603787305455,0.6216219549067319,0.5136731078227361,0.17697494455302756,0.3607795025532444,0.2055698711735507,0.06585941792776187,1.1008996951083343,0.7387368258709709,0.25508345707009233,0.8000772517174483,0.5743598625063896,0.04468472780038913,2.0540245776375134,0.7317921711752812,0.01106682134171327
108,6209.0,3308.0,32.0,9497.0,7070.0,3044.0,15.0,9866.0,3594.0,4502.0,197.0,8028.0,6088.0,3752.0,31.0,9857.0,3366.0,6809.0,19.0,10173.0,1858.0,5987.0,26.0,7660.0,6095.0,3562.0,29.0,9620.0,3419.0,7405.0,257.0,11020.0,1480.0,6895.0,458.0,8770.0,3756.0,7482.0,78.0,10936.0,1964.0,7270.0,233.0,8955.0,951.0,7342.0,684.0,9360.0,0.8605411318751673,0.6151884007267654,0.30488894872056943,0.8526348139469823,0.6409510715398937,0.34270659896234673,0.5610283618948112,0.32696985319877664,0.18203056215619048,1.0433732982724906,0.647968634031713,0.30608676113188266,1.8334117310742537,1.1707557593161861,0.05889763819674651,2.897245050097505,1.133016782378157,0.002099944899479548,0.9481007628763716,0.6111723113805055,0.3117738789413124,0.6358788925843935,0.5026111042903115,0.17205654317513108,0.3419539747449259,0.2036765598692,0.06898075882345438,1.0709976113401354,0.7784884495039781,0.241999803421398,0.8453231239070494,0.5043546102941037,0.03369358976682027,1.9029341101646424,0.727939331655701,0.00836456020673116
109,6181.0,3356.0,28.0,9497.0,6952.0,3175.0,11.0,9866.0,3620.0,4474.0,180.0,8028.0,6231.0,3613.0,23.0,9857.0,3301.0,6870.0,15.0,10173.0,1808.0,5973.0,23.0,7660.0,6096.0,3549.0,27.0,9620.0,3470.0,7339.0,269.0,11020.0,1432.0,6940.0,439.0,8770.0,3680.0,7538.0,80.0,10936.0,2087.0,7134.0,195.0,8955.0,1001.0,7054.0,621.0,9360.0,0.8904957884612182,0.582587832165882,0.30104362197841206,0.9287355617309611,0.6309376143229505,0.3171928777359426,0.48702950483808916,0.3456210378557444,0.1920407388359308,0.9049841678390901,0.6921822360716761,0.33624741225503385,1.9015613158543905,1.153784321062267,0.05008075423538685,2.9356648538261654,1.1660993374884128,0.002874087045590083,0.9269216350279749,0.6250178285253545,0.3087858649281164,0.6270607084035873,0.4922654532206555,0.16208544385929902,0.33596318404500686,0.22637399435043334,0.07249913228054841,1.1066474484279751,0.7881072832581898,0.221260054068019,0.814793187007308,0.5597474033633868,0.02076160671810309,1.8208549965173007,0.6863492100810011,0.0011576751867930094
110,6105.0,3411.0,21.0,9497.0,7096.0,2966.0,11.0,9866.0,3785.0,4350.0,165.0,8028.0,6218.0,3639.0,19.0,9857.0,3342.0,6830.0,16.0,10173.0,1881.0,5936.0,23.0,7660.0,6153.0,3526.0,16.0,9620.0,3427.0,7418.0,216.0,11020.0,1459.0,6954.0,409.0,8770.0,3802.0,7368.0,78.0,10936.0,2099.0,7096.0,202.0,8955.0,1012.0,7288.0,602.0,9360.0,0.8939354729683449,0.6257102381748457,0.29938093878639244,0.8459366789708535,0.6450291021882246,0.3297963367464642,0.491125102310131,0.35057066528437036,0.2041736729753514,0.9218295024707913,0.6743449410423636,0.3464130805650105,1.8512077804033955,1.1736421332384148,0.045449541819592314,2.837067072217663,1.1151285323003928,0.0,0.8925654056171576,0.6448809997333834,0.3073173082744082,0.614664548014601,0.49211876873547833,0.1450007693686833,0.3589322586233417,0.21084332425768176,0.08145017415905992,1.0903464407660066,0.781719497560213,0.23907253549744686,0.8060089111949007,0.5169386304294069,0.018974290539820988,1.8177415118863185,0.6851533571879069,0.003787611424922943
111,6228.0,3310.0,21.0,9497.0,7140.0,2947.0,3.0,9866.0,3701.0,4427.0,153.0,8028.0,6144.0,3714.0,18.0,9857.0,3366.0,6802.0,13.0,10173.0,1987.0,5840.0,19.0,7660.0,5931.0,3710.0,19.0,9620.0,3278.0,7578.0,213.0,11020.0,1498.0,6939.0,393.0,8770.0,3925.0,7198.0,65.0,10936.0,2025.0,7183.0,183.0,8955.0,994.0,7301.0,617.0,9360.0,0.8859267259327074,0.6076190624851734,0.3125973480287939,0.8777029945515096,0.6237454960743586,0.34297925061546264,0.5088896445309122,0.37385398892996213,0.18603339460678397,0.9891315090780457,0.659317393352588,0.3408589073922485,1.7570998813956975,1.2280509562852482,0.06684724433968464,2.652718186130126,1.00883727495869,0.0,0.9439058906398714,0.6386393448337913,0.2916995055663089,0.6566208437706034,0.4479626607770721,0.17654238091781735,0.306868940902253,0.2159058899929126,0.06589985365668932,0.9841376380994916,0.7651651134093602,0.22387667326256633,0.8578583751494686,0.5427377970268329,0.017456375248730182,1.7917023236552874,0.6961786701033513,0.007310121506452561
112,6236.0,3293.0,18.0,9497.0,7088.0,2947.0,6.0,9866.0,3649.0,4480.0,140.0,8028.0,6162.0,3695.0,15.0,9857.0,3403.0,6761.0,15.0,10173.0,1887.0,5918.0,17.0,7660.0,6081.0,3580.0,13.0,9620.0,3450.0,7379.0,235.0,11020.0,1513.0,6949.0,351.0,8770.0,3776.0,7396.0,67.0,10936.0,2006.0,7188.0,180.0,8955.0,968.0,7368.0,581.0,9360.0,0.8617360157271227,0.6212462993028264,0.2969082633499056,0.8717015401460231,0.6064720606897026,0.3334710016536216,0.5385371671989561,0.32698240714768567,0.17450033612549304,1.0109559050761163,0.661420468147844,0.35085048453571893,1.8155995851382614,1.0484468976035715,0.05329071432352066,2.7345493100583553,1.0370301216219862,0.0,0.90960417863292,0.6458072505270441,0.31201237613956134,0.5951829495218893,0.5193912373234828,0.17003964117417733,0.31670382861047985,0.21371241503705582,0.08104379537204902,1.082968210335821,0.7632188764711221,0.245866755861789,0.9059027872979641,0.5480281060871979,0.031663863981763525,2.016244950890541,0.7534387248257796,0.005142816652854283
113,6237.0,3279.0,19.0,9497.0,7095.0,2955.0,2.0,9866.0,3568.0,4569.0,136.0,8028.0,6193.0,3669.0,10.0,9857.0,3379.0,6785.0,15.0,10173.0,1961.0,5795.0,13.0,7660.0,6056.0,3603.0,9.0,9620.0,3435.0,7403.0,213.0,11020.0,1505.0,6929.0,379.0,8770.0,3789.0,7360.0,58.0,10936.0,2054.0,7171.0,140.0,8955.0,964.0,6737.0,549.0,9360.0,0.8427874927253772,0.6500457467821738,0.3128703133047869,0.8491041998844594,0.647118611028418,0.32495678528212013,0.5501843300492814,0.32864335579797627,0.18660925794392824,0.9862166230101138,0.6617196285476287,0.3357920602274438,1.8296929543837905,1.1075230726972223,0.07573527147372563,2.5419527482241393,1.0636661789069572,0.0,0.9229808121609191,0.6226141588762403,0.31079041462702056,0.6449393647412459,0.4612183250486851,0.16935592523465554,0.31518134859700997,0.20904873187343279,0.07986244332666198,1.0019988853794832,0.7641391171142459,0.24297338938340546,0.8740877142796913,0.5727580096262197,0.021487679208318393,1.6796754730244479,0.6754605419933796,0.010825950279831886
114,6182.0,3333.0,13.0,9497.0,7087.0,2955.0,2.0,9866.0,3678.0,4466.0,109.0,8028.0,6051.0,3803.0,10.0,9857.0,3294.0,6880.0,7.0,10173.0,1853.0,5910.0,11.0,7660.0,6005.0,3635.0,11.0,9620.0,3552.0,7309.0,185.0,11020.0,1448.0,7023.0,341.0,8770.0,3808.0,7305.0,56.0,10936.0,2092.0,7099.0,145.0,8955.0,934.0,7117.0,527.0,9360.0,0.8884943068958819,0.6187775047806402,0.30634162289400896,0.8236913881264627,0.6275870674910645,0.33712429796966414,0.4974340435117483,0.3478153262597819,0.18073074016720056,0.9743094344623386,0.6704815788194537,0.33397361932632824,1.847954447567463,1.126013431387643,0.04938312073548635,2.6221484523266554,0.9411601944516103,0.0023619291683038075,0.914660107375433,0.6590399316512048,0.32269871306295195,0.5806374781765044,0.5199091306577126,0.18179073141266902,0.3260942639783025,0.23344882739086945,0.06145869254445036,1.0571785991080105,0.7628271464568873,0.2509657264066239,0.8116257891369363,0.536396870451669,0.02910714236398538,1.8691241688405473,0.68252110624065,0.007197948296864828
115,6223.0,3318.0,8.0,9497.0,7200.0,2839.0,3.0,9866.0,3663.0,4461.0,116.0,8028.0,6195.0,3658.0,13.0,9857.0,3406.0,6764.0,8.0,10173.0,1936.0,5879.0,14.0,7660.0,6097.0,3564.0,11.0,9620.0,3484.0,7371.0,199.0,11020.0,1465.0,7003.0,339.0,8770.0,3793.0,7310.0,59.0,10936.0,1994.0,7234.0,123.0,8955.0,911.0,7378.0,573.0,9360.0,0.8614608897517125,0.6377068696077913,0.31087433017479876,0.8246459123678506,0.624889707347999,0.34315436688872675,0.4882456187469264,0.35339713694217306,0.17681710344428817,0.9933569567278028,0.6596904031621913,0.3323858949976663,1.8087117519850533,1.1310112450271845,0.0614892166107893,2.5487803333749373,1.0385963222632806,0.002818125734726588,0.9048462864632408,0.6422187702730298,0.33092210576869546,0.6272078972620269,0.4788396928459406,0.1481550001228849,0.3462244822954138,0.18620183772097032,0.07145222630351782,1.0328093607599536,0.7904495314074059,0.2508927850673596,0.820145940532287,0.5482776283286512,0.02764100730419159,1.9538785509765149,0.6743001344924172,0.007082758223017057
116,6203.0,3311.0,10.0,9497.0,7047.0,3007.0,4.0,9866.0,3607.0,4499.0,101.0,8028.0,6142.0,3714.0,8.0,9857.0,3400.0,6770.0,9.0,10173.0,1893.0,5882.0,15.0,7660.0,6215.0,3463.0,4.0,9620.0,3422.0,7453.0,170.0,11020.0,1502.0,6971.0,330.0,8770.0,3861.0,7230.0,52.0,10936.0,2087.0,7114.0,126.0,8955.0,1004.0,7244.0,525.0,9360.0,0.8324481026424716,0.6414410253676276,0.31338014886714516,0.862343855171154,0.609724362520501,0.356997730039681,0.5121299464255571,0.3219208177179098,0.19131406902646025,0.9869042041090628,0.6838294090082248,0.3297382989432663,1.7527827938397726,1.0833996030502022,0.051014688921471436,2.560012274980545,1.0754314946631591,0.0,0.8942141793978711,0.644924478419125,0.3210174660819272,0.61830249329408,0.4782409398816526,0.1795096262358129,0.30214429954066874,0.22840035610521833,0.0660705133030812,1.0150923720560967,0.8914638732559979,0.2563402427981297,0.836017614385734,0.5673505822196603,0.029427180998027325,1.9207355378816524,0.7129057386269172,0.007640215878685315
117,6233.0,3274.0,10.0,9497.0,7167.0,2851.0,3.0,9866.0,3639.0,4481.0,99.0,8028.0,6206.0,3649.0,9.0,9857.0,3379.0,6791.0,9.0,10173.0,1898.0,5869.0,12.0,7660.0,6072.0,3585.0,9.0,9620.0,3468.0,7398.0,176.0,11020.0,1500.0,7010.0,297.0,8770.0,3876.0,7221.0,58.0,10936.0,2063.0,7133.0,106.0,8955.0,988.0,7030.0,500.0,9360.0,0.8527355812955648,0.6268434004702915,0.33372599476327497,0.8096971466826896,0.6191132814312975,0.33645312055014076,0.5018327188833306,0.321142353489995,0.18242902325776716,0.9429081181685129,0.6575322002482911,0.341843354748562,1.7450412087142468,1.1224596429616214,0.028843528777360915,2.5733633103470006,1.0359814838816723,0.003067060559988022,0.9211701327624421,0.6608244616072625,0.3344001919031143,0.6041528518001239,0.5046013341285288,0.13262969336162012,0.34341763785729806,0.24403930672754845,0.07300721146166325,0.9767139519099146,0.8001325928450872,0.2325021148348848,0.8240868369117379,0.5716512743383646,0.0192841416845719,1.7734384396423897,0.7372604314237833,0.01596022124091784
118,6022.0,3494.0,16.0,9497.0,7221.0,2772.0,1.0,9866.0,3625.0,4489.0,81.0,8028.0,6192.0,3670.0,5.0,9857.0,3356.0,6814.0,10.0,10173.0,1902.0,5844.0,14.0,7660.0,6079.0,3581.0,7.0,9620.0,3545.0,7339.0,165.0,11020.0,1509.0,7043.0,253.0,8770.0,3968.0,7089.0,52.0,10936.0,2134.0,7077.0,96.0,8955.0,928.0,6785.0,492.0,9360.0,0.8887714396541317,0.6549950721673667,0.30779483218987785,0.8503700377730031,0.6557620201259852,0.3391072066811224,0.49039391058807574,0.33494525095447897,0.1887631439914306,1.0025798467919231,0.6609945964689056,0.31486141790325445,1.8192625130837163,1.1440292436629533,0.041203872859478,2.5879875116671127,1.0670497524241607,0.002396593739589055,0.9365178905272236,0.6187665353684376,0.30105502656660976,0.5991175461250047,0.4925381369267901,0.15091671114787458,0.32893126967052616,0.22034199063976606,0.06178230798492829,0.9436722338199616,0.7604990321832399,0.24415702500070136,0.8076873977979024,0.5584515620643894,0.03754511574904124,1.6897403826316197,0.6579805632432302,0.012676230818033218
119,6289.0,3236.0,6.0,9497.0,7037.0,2965.0,1.0,9866.0,3696.0,4412.0,76.0,8028.0,6360.0,3499.0,7.0,9857.0,3398.0,6779.0,5.0,10173.0,1937.0,5830.0,14.0,7660.0,6210.0,3452.0,4.0,9620.0,3481.0,7383.0,178.0,11020.0,1440.0,7100.0,255.0,8770.0,3823.0,7262.0,51.0,10936.0,2086.0,7084.0,97.0,8955.0,962.0,7198.0,463.0,9360.0,0.8676998254532615,0.6266552687156945,0.3145968443248421,0.8383383017964661,0.6585128862643614,0.32405956101914246,0.5363273996549348,0.3440097665724655,0.17544352944629887,0.9044069564901293,0.643778037528197,0.3568957208034893,1.8152635203053553,1.1343611398090918,0.0576779597128431,2.5524148094157377,1.1168402393658956,0.0,0.9406456753611565,0.6317636189050972,0.3229235973985245,0.6288729600297908,0.45954529419541357,0.17030455752586324,0.30471026922265687,0.20229495565096536,0.06824500743920604,0.976043351367116,0.8064890523441136,0.2165682977065444,0.8777986334015926,0.5575474683195353,0.030063380238910517,1.8453366729120413,0.7215388648211956,0.007069754973053932
120,6142.0,3394.0,7.0,9497.0,7005.0,3018.0,1.0,9866.0,3649.0,4436.0,77.0,8028.0,6136.0,3724.0,4.0,9857.0,3432.0,6737.0,7.0,10173.0,2016.0,5751.0,7.0,7660.0,5986.0,3671.0,2.0,9620.0,3515.0,7359.0,161.0,11020.0,1469.0,7077.0,250.0,8770.0,3842.0,7219.0,45.0,10936.0,2091.0,7083.0,94.0,8955.0,1031.0,7287.0,454.0,9360.0,0.8797571575889985,0.6327300091274083,0.3432289130364855,0.865309099201113,0.6385771505845089,0.3444594906643033,0.5116263059278329,0.3422054338889817,0.1917108880666395,1.0674235662600646,0.6880869072551529,0.3610797172257056,1.7271736705054839,1.2103680947174629,0.0346063166235884,2.514460427686572,0.9543503822137912,0.0,0.9286781786630551,0.6284116490744054,0.3066452347828696,0.6189343751097719,0.5146076163897911,0.17168028963108858,0.3140847846865654,0.2355441006210943,0.06712458881859978,0.9581297318451106,0.7365670175602038,0.20805745941276352,0.8154643855368098,0.567672529630363,0.023042708759506543,1.7726390303423007,0.73994143952926,0.00978571300705274
121,6231.0,3285.0,8.0,9497.0,7140.0,2841.0,0.0,9866.0,3671.0,4446.0,87.0,8028.0,6187.0,3674.0,2.0,9857.0,3432.0,6739.0,6.0,10173.0,2024.0,5688.0,8.0,7660.0,6021.0,3625.0,4.0,9620.0,3529.0,7357.0,152.0,11020.0,1454.0,7100.0,249.0,8770.0,3975.0,7097.0,48.0,10936.0,2120.0,7070.0,82.0,8955.0,965.0,6619.0,432.0,9360.0,0.8300272787300249,0.6282112120650709,0.32309480325008433,0.8494654625033339,0.6274047510698437,0.3304865640277664,0.4981902011980613,0.34165388519565265,0.17740627417030433,0.9998769980234404,0.6627586370023588,0.3437099280456702,1.7447966874887546,1.1384435484185815,0.04225771116713683,2.443860711654027,1.0850005887448788,0.0,0.9433759447808067,0.6241032644795875,0.31267121277439097,0.5739763497685393,0.49312196526055535,0.1373311045890053,0.3245093275172015,0.24274249697724978,0.08671133288492759,0.997052314504981,0.8253973488385479,0.2153343469214936,0.8084036773691575,0.5583360043043891,0.03469918215026458,1.8430186149974663,0.7372329383467634,0.020405449097355206
122,6211.0,3301.0,9.0,9497.0,6950.0,3029.0,0.0,9866.0,3719.0,4391.0,69.0,8028.0,6125.0,3736.0,4.0,9857.0,3355.0,6812.0,8.0,10173.0,2039.0,5679.0,15.0,7660.0,5985.0,3682.0,3.0,9620.0,3540.0,7369.0,134.0,11020.0,1448.0,7093.0,252.0,8770.0,3955.0,7092.0,48.0,10936.0,2057.0,7120.0,84.0,8955.0,951.0,6903.0,423.0,9360.0,0.8425973247426252,0.6221415055450052,0.33147764086412884,0.8742450970845917,0.6160937387030572,0.3514776448563983,0.4698573790335407,0.342808833780388,0.17266471019635599,1.0074333555685977,0.6925714887523403,0.33501942676181595,1.7946594536304474,1.2004625423500934,0.05064269540210565,2.450783248928686,1.0184724912047387,0.002685186018546422,0.9481125538237393,0.6366882500393937,0.31456662245715655,0.6287376255107423,0.4869607270229608,0.16513068182393909,0.30784382155785955,0.2263245977461338,0.07399774147197605,0.9555476718582213,0.7956580300504963,0.20042308572058876,0.8521665622790654,0.5386042984202504,0.02587303351610899,1.7072094862659772,0.677225791166226,0.0
123,6181.0,3339.0,7.0,9497.0,7035.0,2958.0,1.0,9866.0,3700.0,4416.0,72.0,8028.0,6193.0,3668.0,2.0,9857.0,3487.0,6685.0,4.0,10173.0,1951.0,5774.0,8.0,7660.0,6203.0,3454.0,3.0,9620.0,3462.0,7408.0,165.0,11020.0,1539.0,6994.0,257.0,8770.0,3995.0,7087.0,38.0,10936.0,2132.0,7033.0,82.0,8955.0,958.0,7022.0,409.0,9360.0,0.806575343447427,0.6582763274355481,0.30374904405325653,0.8269176089515289,0.6541781320702285,0.31519807876708605,0.4578578365966678,0.3421172614209354,0.15100499827725192,0.950337105585883,0.6573017371663202,0.3460220302610348,1.7976391084492207,1.1530497442310055,0.04703084553281466,2.451796054902176,1.0281889780114095,0.0,0.8830140098929405,0.6653898113562415,0.31740946775923173,0.6244263859465718,0.4505969355503718,0.13605678528547288,0.30624958698948224,0.21567673437918225,0.06169436598817508,0.9205808075455327,0.8090246261407932,0.22056071711704134,0.7806846287722389,0.5612444311380387,0.04445334163804849,1.9628018931796154,0.7013841018080711,0.0032738156616687773
124,6293.0,3232.0,7.0,9497.0,6994.0,2977.0,0.0,9866.0,3758.0,4357.0,49.0,8028.0,6334.0,3526.0,1.0,9857.0,3460.0,6714.0,4.0,10173.0,1988.0,5732.0,13.0,7660.0,6017.0,3629.0,2.0,9620.0,3468.0,7414.0,151.0,11020.0,1438.0,7142.0,208.0,8770.0,3925.0,7117.0,37.0,10936.0,2186.0,6975.0,78.0,8955.0,919.0,7127.0,401.0,9360.0,0.8626864026921491,0.630210764768223,0.31296375930930176,0.8457258185371757,0.6357088725703458,0.32694919961504637,0.46361308231328924,0.3511504244059324,0.1940925705091407,0.9251318962934116,0.6660842367758354,0.3615929354603092,1.719200296762089,1.1818753613779942,0.04204432033002377,2.5074718069285153,0.9942180991172791,0.0,0.9577396238688379,0.6429316697021326,0.2907696931157261,0.6570922337161998,0.5184408857797583,0.15307339252904056,0.32933837665865817,0.232943584335347,0.07849787861729661,0.954083498660475,0.7914851361264785,0.22796036616588633,0.7906180627333621,0.5405871934567889,0.02864595769594113,1.8334150393803914,0.6371134587874016,0.006286051745216052
125,6286.0,3222.0,7.0,9497.0,7107.0,2849.0,1.0,9866.0,3857.0,4247.0,49.0,8028.0,6297.0,3562.0,4.0,9857.0,3538.0,6635.0,4.0,10173.0,2007.0,5690.0,9.0,7660.0,6030.0,3628.0,5.0,9620.0,3571.0,7340.0,127.0,11020.0,1441.0,7158.0,190.0,8770.0,3891.0,7131.0,34.0,10936.0,2122.0,7016.0,63.0,8955.0,965.0,6823.0,342.0,9360.0,0.8079643584166963,0.6519431155485411,0.32218408208961286,0.8349812727111081,0.6234181776177138,0.3310658973020812,0.4481505019279818,0.3351453283491234,0.19281846491309504,0.9066143649319808,0.6340118489228189,0.33612108485152326,1.6786477034911513,1.1399374658241868,0.028216409496963024,2.3775617132584252,1.0172911240408817,0.0,0.9304530661242704,0.6277882609671602,0.3143699846075227,0.6039182131489118,0.4701136900422474,0.16834718470151225,0.3404826378449798,0.20891438958545525,0.06187948891893029,0.9807396446354687,0.7556469386133055,0.2641675340011716,0.77353958170861,0.5450924141332507,0.025719215162098408,1.9200488282988468,0.6577176525567968,0.011064574929575126
126,6289.0,3234.0,3.0,9497.0,6890.0,3080.0,0.0,9866.0,3723.0,4370.0,43.0,8028.0,6295.0,3567.0,3.0,9857.0,3512.0,6656.0,8.0,10173.0,2039.0,5678.0,8.0,7660.0,5948.0,3715.0,1.0,9620.0,3558.0,7328.0,148.0,11020.0,1488.0,7100.0,201.0,8770.0,3929.0,7112.0,36.0,10936.0,2132.0,6989.0,62.0,8955.0,993.0,6935.0,341.0,9360.0,0.850181206750373,0.6282984390544395,0.3195869547470162,0.8944401438813656,0.6559842649226387,0.33963485482769706,0.47193136466667057,0.3593425128919383,0.1620748195797205,0.9378109862096607,0.663311569330593,0.32321741708243884,1.6281545843929053,1.1896339347586036,0.02896531162162622,2.2811159225801627,0.9597216953833898,0.0,0.9518997971589367,0.6469717206433415,0.32234482442339263,0.5990937394400437,0.5175068128854037,0.17615999939541022,0.3234271064711114,0.24956328676392633,0.0780814837043484,0.9962836965297659,0.7789389022315542,0.2338618457938234,0.7902324369798104,0.614509315105776,0.041504216566681865,1.643802413220207,0.7113788045942784,0.006001897404591242
127,6226.0,3278.0,5.0,9497.0,7041.0,2931.0,1.0,9866.0,3771.0,4344.0,43.0,8028.0,6247.0,3615.0,4.0,9857.0,3505.0,6666.0,5.0,10173.0,2007.0,5677.0,13.0,7660.0,6006.0,3627.0,4.0,9620.0,3446.0,7454.0,132.0,11020.0,1424.0,7155.0,208.0,8770.0,3996.0,7053.0,31.0,10936.0,2184.0,6942.0,60.0,8955.0,954.0,6740.0,322.0,9360.0,0.7811419191149374,0.6346881184416513,0.3186415241099894,0.8582545938280721,0.6692816824652255,0.3272891691420227,0.5166851665979872,0.33551769762610395,0.15954529407123724,0.9375739475091298,0.6817042306996882,0.3428046254441142,1.6625671084659794,1.1221595171838998,0.02982506367067496,2.4709704163173836,1.05572359363238,0.0,0.9580161333084106,0.6378090265827875,0.301201870587344,0.6195094825079044,0.5296234282975395,0.15415726614495118,0.3412603985207776,0.22461301423609256,0.07153120820100109,0.9487970966845751,0.8400449523702264,0.2090932644282778,0.7263405167808136,0.5981233467658361,0.028743696274856727,1.6314276348799468,0.6571406371270617,0.0034023707111676535
128,6350.0,3160.0,6.0,9497.0,6968.0,2988.0,1.0,9866.0,3628.0,4467.0,38.0,8028.0,6245.0,3614.0,4.0,9857.0,3519.0,6652.0,5.0,10173.0,1978.0,5724.0,7.0,7660.0,6044.0,3607.0,2.0,9620.0,3551.0,7375.0,106.0,11020.0,1516.0,7106.0,169.0,8770.0,3906.0,7097.0,38.0,10936.0,2110.0,6991.0,59.0,8955.0,933.0,7020.0,298.0,9360.0,0.8360153451251487,0.6302482967885832,0.35117943476264674,0.8918788161439201,0.6584785899457832,0.3237861639664819,0.4594492657420536,0.3584612726854781,0.1638465982861817,0.9377039942269524,0.6610822977187732,0.32138659364233413,1.7373749636734526,1.1317361053700248,0.0312662398442626,2.385471021880706,0.9584658322234948,0.00335308313369751,0.9248219434482355,0.640712720171238,0.3009490484294171,0.5881568990958234,0.4592257306911051,0.15798589757954082,0.3129907173725466,0.2456953338968257,0.07584176839639743,0.9851590961528321,0.7930160151794553,0.2532563956764837,0.7962023793409269,0.5774118324120839,0.02866358868777752,1.960237060735623,0.7075043796251218,0.012351105362176895
129,6114.0,3395.0,1.0,9497.0,7047.0,2929.0,0.0,9866.0,3728.0,4367.0,33.0,8028.0,6208.0,3652.0,2.0,9857.0,3504.0,6670.0,3.0,10173.0,1935.0,5756.0,11.0,7660.0,6195.0,3460.0,0.0,9620.0,3527.0,7393.0,110.0,11020.0,1518.0,7080.0,188.0,8770.0,3934.0,7082.0,32.0,10936.0,2129.0,6969.0,59.0,8955.0,937.0,7360.0,289.0,9360.0,0.9086971569030236,0.6355776465653131,0.3169107459951192,0.8723989850841463,0.6309167611102263,0.35273534728524586,0.4739453817096849,0.37273908709175885,0.1854355651885271,0.9400457366214444,0.7049027616468568,0.3596189741510898,1.6599349337319533,1.1702245282630126,0.03534268649915854,2.5124277360737324,0.9949383093665044,0.0,0.9217445586808026,0.6056054153479635,0.327106438515087,0.5952427630623182,0.4706393807505568,0.15117160395408671,0.33595139492924014,0.2203662410378456,0.06399331378440062,0.9992194619029761,0.737245236740758,0.24646085078517596,0.777499628563722,0.5678887512534857,0.045418627187609674,2.01035219989717,0.6952234527717034,0.0
130,6292.0,3229.0,1.0,9497.0,7075.0,2875.0,0.0,9866.0,3732.0,4376.0,28.0,8028.0,6294.0,3566.0,1.0,9857.0,3479.0,6700.0,2.0,10173.0,2071.0,5600.0,13.0,7660.0,5924.0,3726.0,1.0,9620.0,3590.0,7324.0,110.0,11020.0,1560.0,7047.0,172.0,8770.0,3936.0,7080.0,24.0,10936.0,2079.0,7051.0,60.0,8955.0,922.0,6606.0,322.0,9360.0,0.8391052417457103,0.6364176415062199,0.3178431970377763,0.8670255468847851,0.6570978647874047,0.3372862550740441,0.43656222643330694,0.37647160117824874,0.1827230349027862,0.9108307476155459,0.7000124742587407,0.3338856717882057,1.7073979227493206,1.1236371845006943,0.041679463783899945,2.3566686756288013,1.0849707040935754,0.0,0.9372508715527753,0.5999654425308109,0.28489219057373705,0.61962370959421,0.4911782993935049,0.15019594353313248,0.3160137853585184,0.20062195854261516,0.05971799011652668,1.013577418588102,0.7444977214559912,0.24831512424473962,0.7813396109888952,0.5830654057984551,0.03477529287338257,1.8703821470340094,0.6637742188448708,0.0
131,6201.0,3313.0,2.0,9497.0,7104.0,2837.0,2.0,9866.0,3784.0,4309.0,22.0,8028.0,6279.0,3581.0,2.0,9857.0,3563.0,6612.0,3.0,10173.0,2109.0,5567.0,13.0,7660.0,5946.0,3703.0,1.0,9620.0,3497.0,7430.0,102.0,11020.0,1535.0,7099.0,146.0,8770.0,3919.0,7078.0,33.0,10936.0,2166.0,6946.0,50.0,8955.0,951.0,6834.0,286.0,9360.0,0.8254127885835866,0.6447304343649497,0.3055637244445582,0.8446627203375101,0.6196922608961661,0.34542029819761716,0.496233231946826,0.3543449009147783,0.19205421049458285,0.9355721706214051,0.651303972179691,0.31428785338066517,1.6467586332311233,1.1763440492873392,0.024144915491342546,2.2714097082614897,0.9933335894097884,0.0,0.9676410635001957,0.5768252849423637,0.3082303978813191,0.5870622121418516,0.443406593427062,0.15150831205149493,0.29384751689309874,0.21346741287658613,0.07608809735005101,0.976500937777261,0.8202694098154704,0.22324737273156642,0.7558229108651479,0.5642026125142972,0.03181808205942313,1.8382626271496216,0.7067133577540516,0.004723811397949854
132,6154.0,3354.0,2.0,9497.0,6930.0,3015.0,0.0,9866.0,3771.0,4321.0,26.0,8028.0,6086.0,3772.0,1.0,9857.0,3623.0,6554.0,1.0,10173.0,2102.0,5565.0,9.0,7660.0,5973.0,3673.0,2.0,9620.0,3490.0,7439.0,99.0,11020.0,1535.0,7099.0,149.0,8770.0,3929.0,7076.0,26.0,10936.0,2206.0,6885.0,56.0,8955.0,962.0,6761.0,269.0,9360.0,0.8383358181143801,0.6503363302753618,0.31510295228411755,0.872575533669442,0.6692025380209088,0.32436159734303754,0.43588514101381104,0.37507971019173664,0.1834448604999731,0.9264700971388569,0.680356529649968,0.3168517130582283,1.5786840111017226,1.177336039642493,0.032539051274458566,2.192530957981944,0.919368838518858,0.0,0.9450444812731197,0.6327787556840728,0.30551873507599037,0.6241467623660962,0.49902110621333123,0.1462253937808176,0.3089881592430174,0.22042436978469293,0.07473529546211163,1.0052054565710327,0.7504230381300052,0.25435322637980184,0.7248011178026597,0.5781584836542606,0.0338807533805569,1.8790512504676977,0.6938310205936432,0.005875100443760554
133,6271.0,3241.0,4.0,9497.0,6963.0,2987.0,0.0,9866.0,3648.0,4432.0,24.0,8028.0,6216.0,3641.0,3.0,9857.0,3494.0,6684.0,3.0,10173.0,2091.0,5565.0,22.0,7660.0,6126.0,3514.0,1.0,9620.0,3490.0,7454.0,89.0,11020.0,1500.0,7138.0,142.0,8770.0,3935.0,7061.0,29.0,10936.0,2122.0,6990.0,48.0,8955.0,911.0,6644.0,283.0,9360.0,0.8346469101806482,0.6047996572994937,0.3194093915633857,0.8767514110542833,0.6606226834778984,0.3390545518292735,0.4894863478373736,0.34043463533744217,0.1825546244625002,0.9462259434474011,0.6413775788154453,0.3467907297735413,1.6889611174042025,1.102754281833768,0.02822667919099331,2.2692089981709915,0.9127328274150689,0.0,0.8941711942665279,0.6267245578579604,0.3055027095756183,0.6184406113345176,0.4741745311766863,0.12827845995003978,0.30515278313929833,0.21195143427078922,0.0633110608595113,0.9326024554048975,0.7441233952219287,0.23349273431425294,0.8109670200695595,0.5874156675611933,0.01903023055444161,1.5955317238966624,0.6587567374110221,0.0017404360075791677
134,6091.0,3420.0,3.0,9497.0,7029.0,2924.0,1.0,9866.0,3826.0,4247.0,26.0,8028.0,6193.0,3663.0,3.0,9857.0,3645.0,6530.0,3.0,10173.0,2088.0,5576.0,18.0,7660.0,5995.0,3655.0,0.0,9620.0,3533.0,7401.0,98.0,11020.0,1548.0,7101.0,135.0,8770.0,3976.0,7020.0,30.0,10936.0,2077.0,7018.0,58.0,8955.0,996.0,6612.0,282.0,9360.0,0.8402790183977534,0.6234501105733216,0.3039464535502096,0.8556873851455749,0.6276858321856708,0.34598958188047013,0.45631773620843885,0.3630572051430742,0.1724183356234183,0.9924501445144415,0.6312711237619321,0.3213424573497226,1.559620444724957,1.1579650941615303,0.02296386907498042,2.315964728842179,0.9691349436839422,0.0,0.9140946049243212,0.6293766050133854,0.314723193536823,0.6167197808312873,0.4514287877207001,0.16032492518424987,0.2751808389555663,0.2414200881496072,0.06022284372399251,0.9515605885535479,0.7835986652721961,0.2163989431845645,0.8031582728028297,0.5491694466210901,0.02451713147262732,1.7398829321066538,0.6640309994419415,0.0
135,6083.0,3437.0,3.0,9497.0,6891.0,3065.0,0.0,9866.0,3824.0,4240.0,26.0,8028.0,6162.0,3699.0,0.0,9857.0,3531.0,6642.0,1.0,10173.0,2144.0,5505.0,18.0,7660.0,6032.0,3610.0,0.0,9620.0,3615.0,7318.0,100.0,11020.0,1592.0,7061.0,126.0,8770.0,3995.0,6992.0,34.0,10936.0,2181.0,6888.0,54.0,8955.0,951.0,6864.0,234.0,9360.0,0.8772575473723312,0.6485009317596754,0.3265605228797843,0.9171553388237953,0.6412048419937492,0.3191203247755766,0.4489870017083983,0.35678646444963913,0.18235882539302112,0.9999153680478533,0.6780785950987289,0.31077362739791475,1.5906518443798026,1.1885994699783624,0.01183346559604009,2.123255621579786,0.8386175487190485,0.0,0.8868373267663022,0.6401284015427033,0.32225117782751717,0.6032320877847572,0.4816769068439802,0.15476185455918312,0.2837543136750658,0.24242282547056676,0.07945926326016585,0.9732165724659959,0.7742179720041652,0.2107913716075321,0.7687766558801135,0.5852386184657613,0.04190866841624181,1.8771867121259371,0.6669854960093896,0.005714192489782969
136,6398.0,3114.0,1.0,9497.0,7060.0,2883.0,1.0,9866.0,3666.0,4404.0,25.0,8028.0,6160.0,3699.0,1.0,9857.0,3590.0,6585.0,2.0,10173.0,2170.0,5485.0,18.0,7660.0,6201.0,3440.0,0.0,9620.0,3605.0,7356.0,72.0,11020.0,1529.0,7128.0,126.0,8770.0,3943.0,7029.0,26.0,10936.0,2220.0,6868.0,48.0,8955.0,933.0,6804.0,255.0,9360.0,0.785445365201061,0.6334867816418409,0.3079778886400163,0.8887676399511596,0.6149056098268678,0.35674006273038683,0.49487228485134743,0.35693852811430893,0.19313555699773133,1.0038873630575835,0.647827286273241,0.32998877768404783,1.535481190433105,1.187482671501736,0.01245092215637366,2.112434803073605,0.8969167277216912,0.0,0.8637152456368009,0.633225471029679,0.29763570384432875,0.586621852653722,0.49055371191352604,0.14608233626931905,0.30185832918311156,0.22774834862599772,0.07661243658512831,1.0121333333353202,0.7863825173427661,0.23072254328678052,0.7177340262259047,0.563160104987522,0.02658302659789721,1.7889507164557774,0.6939029636482398,0.004971703638633093
137,6233.0,3278.0,4.0,9497.0,7015.0,2914.0,0.0,9866.0,3758.0,4341.0,19.0,8028.0,6241.0,3620.0,1.0,9857.0,3595.0,6577.0,4.0,10173.0,2218.0,5434.0,11.0,7660.0,6148.0,3495.0,2.0,9620.0,3589.0,7360.0,79.0,11020.0,1536.0,7109.0,134.0,8770.0,4114.0,6861.0,28.0,10936.0,2247.0,6847.0,50.0,8955.0,969.0,6748.0,253.0,9360.0,0.8129476129232596,0.6988121070899069,0.3150006396851192,0.8710689449682831,0.6552125166946401,0.327201594117408,0.45094584630181395,0.35950343028331794,0.18383213244378566,0.9593616575623553,0.6659241247922182,0.3389824007016917,1.6122642518952488,1.1188814086839556,0.036256271228194234,2.140390926102797,0.9203714276353518,0.0,0.8868414994794875,0.6359176511565844,0.3223897917661816,0.6151023108201722,0.44243824382623037,0.13328465151910981,0.304354663255314,0.21764630066851776,0.06367693015684685,0.8801194470375776,0.7535186955705285,0.23317969820151727,0.7321906870851914,0.5516572640587886,0.04412741760412852,1.8445519842207432,0.6800108901535471,0.005463871608177821
138,6347.0,3159.0,6.0,9497.0,7012.0,2933.0,0.0,9866.0,3890.0,4170.0,23.0,8028.0,6320.0,3544.0,1.0,9857.0,3571.0,6598.0,5.0,10173.0,2429.0,4913.0,3.0,7660.0,6064.0,3594.0,1.0,9620.0,3478.0,7466.0,88.0,11020.0,1503.0,7167.0,113.0,8770.0,4135.0,6858.0,25.0,10936.0,2121.0,6839.0,54.0,8955.0,832.0,5860.0,73.0,9360.0,0.8327683499238143,0.6563229014941802,0.29273039048227173,0.8948223408311605,0.6294605317991226,0.3166173052197943,0.4364249919851621,0.3642214530147612,0.18945513935759664,0.9290753051638603,0.6123662274020414,0.34852721200635034,1.697429879878958,1.0277304597819845,0.013122012093663215,1.579266734048724,0.41985391452908516,0.0,0.9553156995524963,0.6400901386048645,0.3350312051208069,0.6426356376769642,0.46828609307607016,0.14909270663435262,0.32320457212626935,0.2197090825997293,0.060781146648029485,0.9421056345105171,0.7806896168428162,0.23369342498481274,0.827953136091431,0.5714352406561375,0.02503068099419276,1.2339397817850113,0.6261445868139466,0.0
139,6268.0,3244.0,2.0,9497.0,7034.0,2906.0,0.0,9866.0,3759.0,4314.0,16.0,8028.0,6201.0,3660.0,2.0,9857.0,3567.0,6603.0,4.0,10173.0,2442.0,4861.0,2.0,7660.0,6101.0,3556.0,2.0,9620.0,3610.0,7335.0,83.0,11020.0,1548.0,7115.0,113.0,8770.0,3948.0,7036.0,24.0,10936.0,2171.0,6778.0,46.0,8955.0,800.0,5841.0,49.0,9360.0,0.8375435568702717,0.6197119597966473,0.32150314897298815,0.8682628717894355,0.6496222898364067,0.33857054337083053,0.48078430456419785,0.3599563142750412,0.16704044481739402,0.9563305072796842,0.6376715298742056,0.3789713562155763,1.7632665866365036,1.0967675133918722,0.016065577417612074,1.5889520323524873,0.36841333558162054,0.0,0.8669675967966517,0.6381221536391725,0.3182246929189811,0.5731835013876359,0.4846372900530696,0.14386094311873118,0.31775826681405306,0.22513200162599484,0.07819628637904923,0.9547466315949956,0.7822220257793864,0.1946335689475139,0.754432249131302,0.593358672161897,0.02895004612704118,1.1211600723365942,0.6019499870017171,0.0
140,6349.0,3163.0,4.0,9497.0,7006.0,2947.0,0.0,9866.0,3904.0,4176.0,18.0,8028.0,6211.0,3652.0,1.0,9857.0,3624.0,6544.0,6.0,10173.0,2479.0,4833.0,3.0,7660.0,6042.0,3608.0,0.0,9620.0,3615.0,7343.0,70.0,11020.0,1459.0,7189.0,135.0,8770.0,4147.0,6820.0,23.0,10936.0,2216.0,6739.0,44.0,8955.0,763.0,5832.0,54.0,9360.0,0.799880594201386,0.6254345564947774,0.32786472053267063,0.8922375435630481,0.632811234674106,0.344270570964242,0.4459795502945781,0.36091103074140846,0.18341100784018635,0.996979589232554,0.6490316856652498,0.3329776075979074,1.6729385230690241,1.0803470703462759,0.008798022319873174,1.5886009675761064,0.38356635967890423,0.0,0.9016040179257592,0.6213355246310432,0.3318352796447774,0.5883087957277894,0.49140974329784515,0.1487327811929087,0.3348373034658531,0.20237710575262705,0.07306586100409428,0.8871054590679706,0.7942174711575111,0.19580511345217624,0.716770555699865,0.5771149223670363,0.030212819079558053,0.9353110585361719,0.6175099348649382,0.0
141,6353.0,3157.0,4.0,9497.0,7090.0,2822.0,0.0,9866.0,3838.0,4227.0,12.0,8028.0,6183.0,3675.0,2.0,9857.0,3601.0,6574.0,2.0,10173.0,2232.0,5419.0,24.0,7660.0,6000.0,3638.0,1.0,9620.0,3671.0,7274.0,84.0,11020.0,1550.0,7144.0,85.0,8770.0,3960.0,7029.0,20.0,10936.0,2243.0,6855.0,34.0,8955.0,910.0,6607.0,255.0,9360.0,0.8173623030073941,0.6168960334422687,0.32401863786702356,0.8754652495806415,0.6145875990235558,0.31852163158667585,0.4208293073810637,0.3866322065082689,0.16391573512616256,0.9836344344075769,0.6455239245823274,0.335600398046275,1.6145234044020376,1.1395680377259851,0.022124045714735984,1.9601541077718139,0.9003526459758481,0.0,0.9063696024939418,0.6520873685677846,0.33213117006234827,0.6076584659827252,0.4763037203811109,0.14112014897788563,0.30686634477848806,0.2262239293816189,0.07891711493333181,0.9223961198081573,0.7213517812701563,0.2149670811990897,0.7176195268208782,0.5748503561442097,0.02513016896943251,1.6239542129139106,0.6403597769017021,0.007874939342339833
142,6203.0,3316.0,0.0,9497.0,6963.0,2974.0,0.0,9866.0,3731.0,4340.0,14.0,8028.0,6253.0,3603.0,1.0,9857.0,3746.0,6431.0,1.0,10173.0,2279.0,5272.0,23.0,7660.0,6006.0,3639.0,1.0,9620.0,3623.0,7328.0,74.0,11020.0,1543.0,7125.0,111.0,8770.0,4108.0,6858.0,23.0,10936.0,2232.0,6804.0,41.0,8955.0,896.0,6423.0,195.0,9360.0,0.8566279232191543,0.6459711216234912,0.3123678678336243,0.8870984158323457,0.6314734713329623,0.35891683840503297,0.4989159449314078,0.3838950944443544,0.18997050470982987,0.9413724297347168,0.6499183129208783,0.30972386719658973,1.539562586757044,1.092855409750094,0.00917700274537007,1.8777095477407177,0.7330277430514495,0.0,0.9215585502485434,0.6668415510716538,0.30398777479616307,0.5900595273512105,0.45832504518330097,0.1322499245405197,0.29773553560177485,0.22013992986952266,0.07710033807282647,0.8597769233398139,0.7795989497875174,0.18950769196574888,0.7179499339312315,0.5592864705560108,0.023617993791898093,1.4728070055445035,0.635762778048714,0.002102532237768173
143,6377.0,3130.0,4.0,9497.0,6920.0,3015.0,1.0,9866.0,3714.0,4355.0,12.0,8028.0,6277.0,3582.0,2.0,9857.0,3643.0,6535.0,4.0,10173.0,2257.0,5328.0,22.0,7660.0,6049.0,3595.0,1.0,9620.0,3468.0,7503.0,57.0,11020.0,1555.0,7112.0,110.0,8770.0,4141.0,6816.0,20.0,10936.0,2291.0,6774.0,31.0,8955.0,913.0,6647.0,211.0,9360.0,0.8225479945540428,0.6457244653875629,0.30234670409311853,0.8887953605813285,0.6562381591958304,0.33210334365721794,0.4771066942252219,0.39835595038409033,0.17173257460817695,0.9489290284303328,0.69915482387878,0.3319986753165722,1.6068003836398324,1.1540168199067316,0.008824148898323376,1.9582871324072282,0.8266579290231069,0.0,0.8760882365827759,0.6822438892287512,0.3098815059289336,0.6246438861824573,0.4762990586770078,0.18527578860521315,0.27763638431206344,0.23929949570447206,0.06762911838789781,0.8639600619673728,0.7498155849054455,0.20051144336660703,0.6723520702992877,0.5629488614077369,0.02994257298608621,1.7358882228533428,0.6884291344011824,0.0019637871533632278
144,6293.0,3218.0,3.0,9497.0,7030.0,2898.0,0.0,9866.0,3753.0,4322.0,10.0,8028.0,6228.0,3635.0,1.0,9857.0,3627.0,6541.0,8.0,10173.0,2344.0,5208.0,15.0,7660.0,6251.0,3398.0,0.0,9620.0,3561.0,7391.0,71.0,11020.0,1540.0,7133.0,102.0,8770.0,4093.0,6879.0,18.0,10936.0,2273.0,6755.0,42.0,8955.0,893.0,6443.0,189.0,9360.0,0.8467301841825247,0.6457121120144923,0.34077821192331614,0.8845817176935573,0.614962718480577,0.3478231465599189,0.47016110084950924,0.3823095688285927,0.18301609686265388,1.0305992162786424,0.654036279488355,0.32547886070484916,1.5897467905034621,1.1492186315978568,0.008186424213151137,1.8151710162560144,0.7789203924437363,0.0,0.8454837492356698,0.6534558260658135,0.3169933502251903,0.6091198412080606,0.4794199532518784,0.1613729050072531,0.2955410129390657,0.19826251541574796,0.06312564282367626,0.8613812424552937,0.8035871527468165,0.21558254081755876,0.7077548651024699,0.5428989325339596,0.02052225892742475,1.6620800664027533,0.670190233985583,0.0
145,6203.0,3306.0,3.0,9497.0,6920.0,3000.0,0.0,9866.0,3781.0,4273.0,12.0,8028.0,6158.0,3703.0,0.0,9857.0,3672.0,6499.0,6.0,10173.0,2295.0,5269.0,18.0,7660.0,6076.0,3571.0,0.0,9620.0,3527.0,7447.0,56.0,11020.0,1500.0,7204.0,74.0,8770.0,4059.0,6890.0,24.0,10936.0,2142.0,6904.0,37.0,8955.0,861.0,6599.0,200.0,9360.0,0.8359191843618949,0.6458654632015774,0.32922080657444897,0.9129287755737702,0.6392950856902947,0.3388729647733271,0.43772355522960427,0.35216919519007206,0.17823314468065898,1.0230214573598155,0.6356469927045206,0.3405395427097877,1.5297718233739337,1.1345994954307874,0.02229910952349504,1.8815559506416322,0.6114279555777709,0.0,0.9149602441272388,0.6030330954895665,0.33552737766876817,0.6035090970496336,0.5221446030462782,0.1442664671689272,0.32955081257969143,0.22752650482580067,0.07051312103867531,0.9270874344433347,0.7901479844935239,0.18710369812324643,0.7536792624741793,0.5208356937393546,0.0101558951040109,1.7083344789842765,0.6638933390999834,0.0
146,6368.0,3142.0,0.0,9497.0,6901.0,3027.0,0.0,9866.0,3759.0,4300.0,19.0,8028.0,6209.0,3651.0,3.0,9857.0,3666.0,6510.0,6.0,10173.0,2369.0,5127.0,27.0,7660.0,6138.0,3516.0,0.0,9620.0,3544.0,7424.0,57.0,11020.0,1532.0,7148.0,98.0,8770.0,4086.0,6872.0,20.0,10936.0,2237.0,6768.0,34.0,8955.0,868.0,6426.0,161.0,9360.0,0.8225746608028809,0.6464337491740783,0.32324255051401757,0.9653549352350335,0.639658370334655,0.3269666115442912,0.47596172339593373,0.3741428794960181,0.17501429485467573,0.9909521087848892,0.6639684376927714,0.33250234263638656,1.5681567833448449,1.1258897040660183,0.012416146323084831,1.775258585313956,0.6131914311399063,0.0,0.8645884320450326,0.630229547371467,0.331879432235534,0.5709370585158468,0.45761931079129375,0.16119333192085225,0.2989466996242603,0.2485395886624853,0.06903534528488914,0.8913695209970077,0.8221055479720235,0.21708573394765457,0.7886724728470047,0.5322198650799692,0.012638500332832337,1.5627617361644903,0.6252837603911757,0.0
147,6174.0,3333.0,1.0,9497.0,6933.0,2997.0,0.0,9866.0,3835.0,4228.0,9.0,8028.0,6308.0,3557.0,2.0,9857.0,3559.0,6513.0,10.0,10173.0,2596.0,4273.0,7.0,7660.0,6180.0,3454.0,1.0,9620.0,3566.0,7411.0,56.0,11020.0,1557.0,7119.0,99.0,8770.0,4092.0,6859.0,23.0,10936.0,2269.0,6706.0,13.0,8955.0,684.0,3846.0,36.0,9360.0,0.8409897066963216,0.6429939302615821,0.32709098771835365,0.9089303677280743,0.674676660510401,0.3533592544496059,0.46554433430234593,0.40278568379580976,0.19012929553476474,0.924644599078844,0.6670424431407204,0.3443382641300559,1.752831795066595,1.0103556097795565,0.0,1.381324219952027,0.23732245688637096,0.0,0.8795137203919391,0.6035660748990873,0.311106192227453,0.6442207696847617,0.44941917518153784,0.13889212313418586,0.3784452061789731,0.22830591015517712,0.060512130117664736,0.9292332679654162,0.7952610776138802,0.1850319741293788,0.7684706486140688,0.5400675815219681,0.004503039022286733,0.29478748391071957,0.5616846966867646,0.0
148,6218.0,3290.0,1.0,9497.0,7016.0,2912.0,0.0,9866.0,3775.0,4279.0,16.0,8028.0,6223.0,3645.0,3.0,9857.0,3602.0,6512.0,13.0,10173.0,2536.0,4198.0,10.0,7660.0,6167.0,3463.0,0.0,9620.0,3499.0,7479.0,47.0,11020.0,1521.0,7165.0,92.0,8770.0,4101.0,6852.0,18.0,10936.0,2244.0,6735.0,14.0,8955.0,694.0,3881.0,42.0,9360.0,0.8454294126946479,0.6204031509968142,0.3122729428422948,0.9105773117703696,0.6063169442272435,0.32604219008547564,0.4777363596794506,0.33632435168450076,0.17529218290001153,1.0095072227530182,0.640168093998606,0.327417854918167,1.6162900220292309,1.0738231329868237,0.0037444996337095897,1.4025029972195626,0.21852201881508032,0.0,0.8639544066973031,0.6671926099186142,0.3166143997882803,0.592651485837996,0.46489453048755724,0.1603142834889392,0.3206234471872449,0.2161774366473158,0.0737545449907581,0.9214377364143729,0.7878787859032551,0.20537505829706787,0.7264379731069008,0.6072594408877194,0.01619699311753114,0.2356125461558501,0.5628447268779079,0.0
149,6285.0,3225.0,1.0,9497.0,6895.0,3022.0,0.0,9866.0,3846.0,4210.0,13.0,8028.0,6318.0,3547.0,2.0,9857.0,3675.0,6392.0,10.0,10173.0,2567.0,4220.0,11.0,7660.0,6151.0,3493.0,0.0,9620.0,3547.0,7426.0,52.0,11020.0,1600.0,7090.0,89.0,8770.0,4185.0,6764.0,20.0,10936.0,2214.0,6753.0,29.0,8955.0,706.0,4471.0,61.0,9360.0,0.8339491244715949,0.642905829505374,0.3165779993714144,0.9467906349649032,0.6260746587999165,0.3244636280151705,0.4590812682484587,0.3451737779192626,0.16836752090603113,0.9269196327154835,0.651907018184041,0.34781865966506303,1.5792812633017699,1.0593986742819348,0.0030596688389778136,1.4445403865228097,0.3032438891629378,0.0,0.8599474989809096,0.6659706571915497,0.31977032239859304,0.6295915380120277,0.48259726095323763,0.16150732800985376,0.3185924471821636,0.25255366985996563,0.06708379766593377,0.8273711989012857,0.7661326748008529,0.18955847422281902,0.7575466622288028,0.5412792099018892,0.007048606624205907,0.3134078115224838,0.5695623099183043,0.0
150,6057.0,3450.0,1.0,9497.0,6906.0,3010.0,0.0,9866.0,3687.0,4364.0,12.0,8028.0,6236.0,3621.0,1.0,9857.0,3733.0,6452.0,8.0,10173.0,2324.0,5251.0,69.0,7660.0,6093.0,3552.0,0.0,9620.0,3600.0,7378.0,50.0,11020.0,1527.0,7174.0,75.0,8770.0,4195.0,6764.0,18.0,10936.0,2223.0,6877.0,38.0,8955.0,879.0,6635.0,286.0,9360.0,0.9242428194731473,0.6393210491475959,0.31060313805937767,0.9442582681775094,0.6501974936729918,0.3423444788126896,0.45643803022491436,0.33147273926685256,0.17588961304475864,0.9585104264939824,0.6058191419268648,0.35185350153284767,1.4864671274398764,1.1829489384467402,0.010540558956563473,1.8501345001161098,0.612354676797986,0.0,0.8771060806699097,0.6772447809576988,0.3133980137606462,0.5944250610657036,0.459559804170082,0.1541331756239136,0.30328978889932234,0.22200854386513433,0.08070734742407998,0.8688433379245301,0.8222865247788529,0.18241367839897674,0.7027520654723048,0.5509763401622574,0.008459498484929403,1.6727310777952273,0.6687356525411209,0.0
151,6210.0,3299.0,1.0,9497.0,7001.0,2935.0,0.0,9866.0,3856.0,4207.0,14.0,8028.0,6247.0,3609.0,2.0,9857.0,3771.0,6408.0,9.0,10173.0,2316.0,5320.0,60.0,7660.0,6137.0,3501.0,0.0,9620.0,3540.0,7435.0,51.0,11020.0,1502.0,7171.0,104.0,8770.0,4180.0,6775.0,20.0,10936.0,2300.0,6799.0,42.0,8955.0,884.0,6577.0,278.0,9360.0,0.8383837744904061,0.6266392112554361,0.3213277868771305,0.9049626235850156,0.6410648384597153,0.319594425878798,0.4299871062859893,0.34704862264916303,0.1747347837003569,0.9274325395623843,0.6410399292285244,0.33574846199092767,1.4195533967887362,1.1575361457963784,0.017002340406179428,1.7634721275418996,0.7298271395266056,0.0,0.8776721174828708,0.6364705369497339,0.3331016496444742,0.6157692663992445,0.4361542743941148,0.13824075631176433,0.2963689330344399,0.23474644689510266,0.08224526525785526,0.8961395258704822,0.7451115243136883,0.219845021640261,0.7014059912413358,0.6265734321127335,0.026603135714928308,1.6089269705116749,0.6498741337408622,0.0
152,6253.0,3249.0,4.0,9497.0,6956.0,2958.0,0.0,9866.0,3986.0,4076.0,12.0,8028.0,6144.0,3715.0,0.0,9857.0,3785.0,6389.0,11.0,10173.0,2380.0,5194.0,48.0,7660.0,6106.0,3539.0,0.0,9620.0,3584.0,7393.0,47.0,11020.0,1409.0,7288.0,78.0,8770.0,4186.0,6767.0,16.0,10936.0,2229.0,6868.0,35.0,8955.0,887.0,6594.0,257.0,9360.0,0.8391593258827925,0.6299702164717018,0.32445938816914954,0.963029783902069,0.6305528033369531,0.3220757731546958,0.43483896081646284,0.3654242270005246,0.19896394656971098,1.0317564079227546,0.6361786176916212,0.34715519240126014,1.4560771838451425,1.1158651360621055,0.0030382708956797917,1.7261200698713461,0.5349311951547862,0.0,0.8404077159240841,0.6214148887743552,0.3179005816889306,0.6244574818449716,0.43430974930524824,0.15294649169469873,0.35389397870749234,0.20875233200689156,0.07961696085209648,0.868170305310438,0.7523691098826627,0.225509853536884,0.6907189417630434,0.5644257427814107,0.022192841644088426,1.7994465944667657,0.6871484167252978,0.006027912596861521
153,6107.0,3404.0,3.0,9497.0,7006.0,2922.0,0.0,9866.0,3753.0,4307.0,13.0,8028.0,6112.0,3745.0,2.0,9857.0,3697.0,6491.0,10.0,10173.0,2366.0,5201.0,80.0,7660.0,6104.0,3534.0,1.0,9620.0,3572.0,7410.0,42.0,11020.0,1479.0,7207.0,90.0,8770.0,4273.0,6670.0,20.0,10936.0,2275.0,6802.0,44.0,8955.0,935.0,6496.0,270.0,9360.0,0.861641303729266,0.6535926318106552,0.3234721121843904,0.9245063005325694,0.6422021352530768,0.3170993105197946,0.4524831000560274,0.3833564592214922,0.1706234222277999,1.031355616139869,0.6322815443078676,0.35367810260504484,1.431619349680841,1.1826149474829435,0.007443870355685552,1.7032756450896462,0.5863638402273258,0.0,0.9079068538111945,0.6934501622337848,0.34188816545841594,0.5953558254366119,0.45534326070919634,0.15333520316829283,0.3049364552212258,0.22332939853270847,0.07583768848950664,0.8126772270537913,0.8330127464296917,0.20308313875769576,0.6746807216356198,0.6188345073411862,0.013889826772113641,1.6589297199000914,0.6432091274609169,0.0031477977832158406
154,6092.0,3411.0,6.0,9497.0,6913.0,2993.0,0.0,9866.0,3912.0,4142.0,13.0,8028.0,6243.0,3617.0,0.0,9857.0,3785.0,6326.0,11.0,10173.0,2560.0,4400.0,12.0,7660.0,6254.0,3394.0,0.0,9620.0,3529.0,7452.0,47.0,11020.0,1496.0,7220.0,62.0,8770.0,4118.0,6833.0,15.0,10936.0,2282.0,6724.0,49.0,8955.0,753.0,6091.0,146.0,9360.0,0.8699151171371341,0.6287189310106138,0.3056268502337237,0.873932188252608,0.6739640961866826,0.3275660154099266,0.42110927077010274,0.3829162715623776,0.19296846237654489,0.9591101958726843,0.643161430535838,0.3397736495360732,1.4231419661392768,1.1333656448560456,0.011504727850357692,1.4210811970755457,0.24814259621004264,0.0,0.8465086723522594,0.6395313430887958,0.3144019416999072,0.6143843368006249,0.48211506170531115,0.15532209019487103,0.3116880347020924,0.22065127504368623,0.08008070311819514,0.8705063990317286,0.8149134940157334,0.17723599936192233,0.6590042478094499,0.640113681430618,0.018847175439198813,1.1556751487155756,0.6258160567531983,0.003313395132621129
155,6243.0,3265.0,1.0,9497.0,6992.0,2921.0,0.0,9866.0,3762.0,4291.0,13.0,8028.0,6268.0,3588.0,1.0,9857.0,3745.0,6435.0,7.0,10173.0,2461.0,4969.0,59.0,7660.0,6159.0,3479.0,0.0,9620.0,3578.0,7398.0,48.0,11020.0,1494.0,7206.0,76.0,8770.0,4245.0,6716.0,18.0,10936.0,2261.0,6883.0,42.0,8955.0,848.0,6511.0,318.0,9360.0,0.8850905867603918,0.6246026007303347,0.3180406461159388,0.9108084881678223,0.6297968864440918,0.3461484804671879,0.4443234793997059,0.367689475727578,0.17228371848662694,0.9303275363519787,0.6653953681389491,0.3454221650181959,1.402004226607581,1.1661786681662003,0.008315311248103778,1.6662751974537968,0.6250138287742932,0.0,0.8426356988338133,0.6626278497589131,0.2924176968323688,0.5792359290334086,0.48215523300071556,0.15952002943182986,0.32258456768468025,0.21557798230399688,0.05558482216050228,0.9069432243704796,0.7452641670281689,0.1737641544546932,0.7176987786466876,0.5548101943607132,0.021815281237165134,1.5241267815232278,0.5989055439208945,0.0
156,6138.0,3364.0,3.0,9497.0,6814.0,3101.0,0.0,9866.0,3846.0,4193.0,11.0,8028.0,6311.0,3545.0,1.0,9857.0,3778.0,6394.0,11.0,10173.0,2430.0,5035.0,49.0,7660.0,6123.0,3521.0,1.0,9620.0,3507.0,7473.0,48.0,11020.0,1448.0,7262.0,67.0,8770.0,4182.0,6781.0,12.0,10936.0,2277.0,6846.0,31.0,8955.0,854.0,6432.0,287.0,9360.0,0.8820759462813537,0.655250999921312,0.3097129247461756,0.9575921365370353,0.6662565043506523,0.3397227689701443,0.44109147411460675,0.33597861463204026,0.19249588176608085,0.9720146638030808,0.6570938916721691,0.32491373107768595,1.3966192327439786,1.1241654523958762,0.008356470863024395,1.5752291405573486,0.5426108673214912,0.0,0.8500909963312249,0.6250374731762955,0.31794384590660535,0.628848083751897,0.47969576896478733,0.14825273553530374,0.3206624977911512,0.234212379809469,0.09635022534057498,0.8195127272978425,0.8288267654987673,0.20896834221978983,0.6902188333993157,0.5384367074817419,0.02396764705578486,1.4080294790367285,0.6105000607669353,0.0
157,6318.0,3186.0,1.0,9497.0,6864.0,3047.0,0.0,9866.0,3890.0,4159.0,9.0,8028.0,6260.0,3614.0,1.0,9857.0,3758.0,6143.0,17.0,10173.0,2622.0,4062.0,13.0,7660.0,6147.0,3490.0,0.0,9620.0,3634.0,7337.0,51.0,11020.0,1460.0,7246.0,69.0,8770.0,4350.0,6605.0,15.0,10936.0,2303.0,6763.0,6.0,8955.0,682.0,3904.0,168.0,9360.0,0.8543155856430531,0.6314085520183047,0.3412282834916065,0.8981622466507058,0.6748463175880413,0.3356227819652607,0.4257538744558891,0.3743586627145608,0.17402496735254924,0.9843064343401541,0.621035234288623,0.31827457967835165,1.4665687994410594,1.1440367531652251,0.005585265904664993,1.3095656175166368,0.13355102029939492,0.0,0.9298042211371164,0.6763674262600641,0.3052424571166436,0.6008769650012254,0.47055478766560555,0.1502799692253272,0.3305433782438437,0.2246976817647616,0.07940560014297565,0.8277677788709601,0.8163127998510996,0.21671923532461126,0.6905248469673098,0.580257984995842,0.010115600501497587,0.23960679024457932,0.5678524070729812,0.0
158,6309.0,3199.0,1.0,9497.0,6945.0,2983.0,0.0,9866.0,3823.0,4221.0,12.0,8028.0,6210.0,3646.0,1.0,9857.0,3790.0,6393.0,13.0,10173.0,2480.0,4919.0,75.0,7660.0,6171.0,3476.0,1.0,9620.0,3525.0,7451.0,46.0,11020.0,1444.0,7248.0,84.0,8770.0,4286.0,6669.0,12.0,10936.0,2251.0,6939.0,30.0,8955.0,815.0,6370.0,398.0,9360.0,0.8256855598340432,0.6095962186654409,0.30715294562590617,0.8693524611803393,0.6543844025271635,0.33921466281947993,0.42512318793063364,0.3606960711069405,0.16865269808719555,0.9566674798571815,0.6236768223190059,0.333801511178414,1.457494724417726,1.0991273851444323,0.010900057976444562,1.5297296307981014,0.506500344350934,0.0,0.8735222466289997,0.6486454577495654,0.3204915151000023,0.6499414525615672,0.47203777224446336,0.1418312014080584,0.3245895870650808,0.22800834955026705,0.06685044678548972,0.8270789721049369,0.8469418202216427,0.19760803192233045,0.7015241446594397,0.5686476834739248,0.018271230161190033,1.2156725402921438,0.6033834336946408,0.0
159,6249.0,3258.0,0.0,9497.0,6902.0,3003.0,0.0,9866.0,3959.0,4081.0,9.0,8028.0,6155.0,3703.0,0.0,9857.0,3896.0,6274.0,18.0,10173.0,2496.0,4865.0,61.0,7660.0,5996.0,3635.0,2.0,9620.0,3624.0,7355.0,44.0,11020.0,1452.0,7270.0,54.0,8770.0,4316.0,6645.0,13.0,10936.0,2280.0,6831.0,29.0,8955.0,814.0,6325.0,292.0,9360.0,0.8707802139688283,0.6069484775420279,0.3141338660847396,0.92853005087624,0.6368159766308963,0.32207232307021816,0.4070514773949981,0.35895336183408894,0.18439186370621125,0.9865001812266807,0.6840198211682339,0.32602252387441694,1.3790286338577669,1.144533683670064,0.006388333936532338,1.5590809903418024,0.44829105759660404,0.0,0.907283031490321,0.6308779024829467,0.3028142587747425,0.5928232445071141,0.5011692157325646,0.15625724693139395,0.3392657272517681,0.20981375879297653,0.055999322018275656,0.8367874637867013,0.8216126574824254,0.19402848603203893,0.6809178249289592,0.5965488331392408,0.007825410490234693,1.4550108045339585,0.6107534620910883,0.002861769994099935
160,6114.0,3399.0,1.0,9497.0,6886.0,3019.0,0.0,9866.0,3933.0,4111.0,12.0,8028.0,6158.0,3700.0,0.0,9857.0,3795.0,6284.0,15.0,10173.0,2622.0,4385.0,19.0,7660.0,6069.0,3565.0,0.0,9620.0,3558.0,7423.0,42.0,11020.0,1624.0,7091.0,61.0,8770.0,4276.0,6676.0,11.0,10936.0,2241.0,6884.0,31.0,8955.0,762.0,5860.0,288.0,9360.0,0.8727188556455076,0.6411539704383661,0.30820013767418764,0.8879023809917271,0.6833689911601444,0.33282785640719037,0.3940869593216727,0.3567697889792422,0.1880812587061276,0.9479439510963857,0.6704700608737767,0.31704058308775224,1.4416310036554933,1.14868720912685,0.007862825567523638,1.359294262714684,0.2234220137198766,0.0,0.936280412816753,0.6541037657608588,0.32224653928230207,0.6510933463616918,0.4352377632943292,0.15525287662943205,0.27785121984779837,0.20916039490451416,0.05869327851881583,0.7629254591961702,0.8036234765313566,0.20739565128460527,0.6992353372275829,0.5162795475373666,0.01073680737366279,0.979328344638149,0.5621369073167444,0.0
161,6335.0,3175.0,1.0,9497.0,6944.0,2956.0,0.0,9866.0,3890.0,4159.0,11.0,8028.0,6347.0,3516.0,0.0,9857.0,3783.0,6088.0,19.0,10173.0,2625.0,4260.0,24.0,7660.0,5988.0,3645.0,1.0,9620.0,3577.0,7404.0,43.0,11020.0,1476.0,7239.0,61.0,8770.0,4278.0,6675.0,13.0,10936.0,2345.0,6830.0,40.0,8955.0,729.0,5610.0,371.0,9360.0,0.8634485240404804,0.6365968133478115,0.320411947540318,0.9324026587729652,0.6529866449379672,0.3262420259338493,0.40229991634065904,0.39488718574866655,0.15310639965658387,0.9101846934606631,0.6104333183728159,0.3178811492398381,1.4155243762458365,1.0442759199688831,0.0,1.3348030868917704,0.202202890564998,0.0,0.9042954072977106,0.6775458159546057,0.3283526707440615,0.5934919381824633,0.3992642257052163,0.12047669813036918,0.3380717776405315,0.23038227117309967,0.06919633292903503,0.8425245200594266,0.7435926980959873,0.16611597475906212,0.6694483649606506,0.5629499185209473,0.023844470207889875,0.5937962000568707,0.5925662686427434,0.002758623907963435
162,6249.0,3254.0,1.0,9497.0,6984.0,2923.0,0.0,9866.0,3804.0,4243.0,11.0,8028.0,6221.0,3642.0,1.0,9857.0,3868.0,5990.0,19.0,10173.0,2571.0,4349.0,35.0,7660.0,6203.0,3438.0,0.0,9620.0,3682.0,7297.0,44.0,11020.0,1492.0,7225.0,60.0,8770.0,4317.0,6629.0,14.0,10936.0,2224.0,6868.0,37.0,8955.0,747.0,5689.0,335.0,9360.0,0.8698497645556926,0.6091194189308832,0.32506481669843196,0.8867664884465436,0.6274422265278796,0.3307152807557335,0.4295637800823897,0.39014397334928314,0.17857755611961088,0.9765501640426616,0.6557649730394284,0.34580058166757227,1.408366871252656,1.078255049387614,0.0,1.323327925056219,0.1373732098688682,0.0,0.8551134202629328,0.6384439316422988,0.3384948745214691,0.5799404629816611,0.4719583873016139,0.1435257569576303,0.3196349948334197,0.23663976726432642,0.0650713841120402,0.7859457128370801,0.8049929762880007,0.2268649213326474,0.7252443868046006,0.5905077626928688,0.009750311200817426,0.8180720580120882,0.5830106319859624,0.0
163,6175.0,3327.0,3.0,9497.0,6896.0,3015.0,0.0,9866.0,3941.0,4095.0,10.0,8028.0,6115.0,3741.0,2.0,9857.0,3864.0,6317.0,14.0,10173.0,2586.0,4879.0,68.0,7660.0,6240.0,3392.0,2.0,9620.0,3689.0,7297.0,38.0,11020.0,1529.0,7190.0,56.0,8770.0,4361.0,6594.0,9.0,10936.0,2332.0,6983.0,37.0,8955.0,826.0,6190.0,585.0,9360.0,0.8879585321992636,0.6249769802360485,0.30353734859575826,0.924855955162396,0.634504386394595,0.3323592896418025,0.4178582108890017,0.36048283067842324,0.18356095515191556,0.9718374648441871,0.6842297989875078,0.34682447525362176,1.3543541201700766,1.1273287687450648,0.0,1.4108603399867812,0.28759859638909496,0.0,0.8226539094001055,0.6372134884198507,0.3108168055613836,0.552215716894716,0.467382461981227,0.14921942418441175,0.29635315301517645,0.2595120998720328,0.06684058128545682,0.8223586904816329,0.8301815784536302,0.1792297210233907,0.6694505535066128,0.5373121300712228,0.01062424158056577,1.236930692444245,0.6518666640544931,0.0
164,6258.0,3238.0,5.0,9497.0,6927.0,2989.0,1.0,9866.0,3895.0,4138.0,12.0,8028.0,6228.0,3637.0,1.0,9857.0,3894.0,5957.0,19.0,10173.0,2669.0,4148.0,13.0,7660.0,6108.0,3528.0,0.0,9620.0,3561.0,7417.0,45.0,11020.0,1565.0,7147.0,63.0,8770.0,4277.0,6684.0,6.0,10936.0,2416.0,6825.0,10.0,8955.0,649.0,3809.0,488.0,9360.0,0.8586937002837658,0.6644018325799456,0.31447408590465786,0.9002053935391208,0.6599158957755814,0.3489492578897625,0.4346082946906487,0.37902300994222365,0.1822485710804661,1.010040081416567,0.6386194674453388,0.34210516318368417,1.3742105084160963,1.101368592896809,0.0023853252331415813,1.288515714618067,0.06631173888842265,0.0,0.8730932461097837,0.6587319642150153,0.3236902862632026,0.582463811772565,0.4264039088661472,0.13830765886232257,0.289279755204916,0.24447256680577995,0.07599386991932988,0.8323228263606628,0.8386254594350855,0.18366261702030898,0.6310801084463795,0.6064152232681711,0.006174292787909508,0.2966203550497691,0.5520910241330663,0.0
165,6309.0,3193.0,0.0,9497.0,7026.0,2875.0,0.0,9866.0,3982.0,4055.0,10.0,8028.0,6305.0,3559.0,1.0,9857.0,3891.0,5959.0,23.0,10173.0,2666.0,4134.0,23.0,7660.0,6160.0,3473.0,1.0,9620.0,3513.0,7467.0,41.0,11020.0,1578.0,7151.0,48.0,8770.0,4447.0,6503.0,10.0,10936.0,2355.0,6973.0,41.0,8955.0,693.0,5375.0,555.0,9360.0,0.8671754045101504,0.6356897455950578,0.32095786980353297,0.8784148793357114,0.6496341987513006,0.3305290172342211,0.39433114339287084,0.3775101102267702,0.18206221683261295,0.9394709728037317,0.6151006296742707,0.337603667533646,1.381510242447257,1.1446535497903825,0.0033107511699199677,1.297202632452051,0.1285302764425675,0.0,0.912496056035161,0.6413341016508639,0.2954175545523564,0.6058204331745703,0.4514364771079272,0.14132002588982384,0.2935365294416746,0.20695719771708052,0.04468884741266568,0.7833049246730904,0.8184331216538946,0.17358258857081335,0.6599614314734936,0.5698918173089623,0.008979656671484312,0.5141058261195819,0.5648914665604631,0.0
166,6229.0,3278.0,1.0,9497.0,6995.0,2913.0,0.0,9866.0,3830.0,4203.0,12.0,8028.0,6340.0,3518.0,0.0,9857.0,3872.0,5975.0,27.0,10173.0,2650.0,4217.0,41.0,7660.0,6043.0,3598.0,0.0,9620.0,3640.0,7343.0,40.0,11020.0,1555.0,7169.0,54.0,8770.0,4281.0,6668.0,11.0,10936.0,2406.0,6794.0,33.0,8955.0,751.0,5578.0,440.0,9360.0,0.8874903003685176,0.5972153693282356,0.3188545069036384,0.9071957279617587,0.6219323256673912,0.33481614836491647,0.4254042166595658,0.3653502653663357,0.1625005662130813,0.9548208456176023,0.6647684601601214,0.35821165040445824,1.3344820159176984,1.1810991011559964,0.0,1.288026510986189,0.13393097296357154,0.0,0.8884349887880186,0.62858030567877,0.30018530973854163,0.5613331995594005,0.4369941802074512,0.1507340389303863,0.3216911869434019,0.21019264198839666,0.07071629222482442,0.8117893794861932,0.8147298842668533,0.1586579939350486,0.6908412493144472,0.5614240693549315,0.009813414762417476,0.8852431346972783,0.5928015245745579,0.0
167,6041.0,3463.0,0.0,9497.0,6974.0,2934.0,0.0,9866.0,3911.0,4119.0,12.0,8028.0,6254.0,3614.0,0.0,9857.0,3835.0,5993.0,18.0,10173.0,2743.0,4020.0,19.0,7660.0,6110.0,3520.0,0.0,9620.0,3611.0,7383.0,34.0,11020.0,1512.0,7219.0,48.0,8770.0,4304.0,6636.0,15.0,10936.0,2368.0,6772.0,24.0,8955.0,703.0,5186.0,502.0,9360.0,0.9215645719940464,0.6261694486563404,0.30879938214396435,0.9029981807650377,0.6676842729405811,0.34664557399228213,0.4132323670821885,0.3589411084229747,0.19755369533474246,0.9576968555959563,0.6562652147375048,0.3404760204410801,1.2830787882829706,1.1661824049428104,0.0,1.2481065527846416,0.12296776970227559,0.0,0.9107695698427657,0.6523129085311666,0.3045312463926772,0.5705206979066133,0.47792110703885554,0.13329919862250486,0.34150407326718174,0.24531868199507395,0.07908126013353467,0.7933557331872483,0.7532562180111806,0.1915224184282124,0.6580826095926265,0.5465201733012994,0.006575758631030718,0.5195577350755533,0.560873117359976,0.0
168,6134.0,3375.0,1.0,9497.0,7000.0,2903.0,0.0,9866.0,3973.0,4074.0,10.0,8028.0,6270.0,3587.0,1.0,9857.0,3943.0,5891.0,19.0,10173.0,2708.0,4054.0,36.0,7660.0,5994.0,3636.0,0.0,9620.0,3733.0,7258.0,32.0,11020.0,1488.0,7227.0,62.0,8770.0,4332.0,6613.0,12.0,10936.0,2351.0,6859.0,40.0,8955.0,717.0,5733.0,410.0,9360.0,0.8952570873002211,0.610294824729984,0.31879821702217065,0.916904932136337,0.6172825386592498,0.34251452192353704,0.3953018380018572,0.3727579936695596,0.19902794479082028,0.8966484849341214,0.6637471036675076,0.3448541354232778,1.265459431273242,1.1481807104622324,0.0,1.2795901610826452,0.09219024069607258,0.0,0.9172767086885869,0.6389136277294407,0.35562711898237465,0.5288190501742065,0.4799510097752015,0.14436760128786166,0.34326947340741754,0.21237306222319602,0.06636548315485319,0.8272774276634057,0.7904719522533318,0.18300684119264285,0.6371491517250737,0.5938872376146416,0.013172231987118721,0.8200934546689193,0.5596218544368943,0.0
169,6227.0,3279.0,2.0,9497.0,7058.0,2846.0,0.0,9866.0,3877.0,4163.0,8.0,8028.0,6188.0,3674.0,0.0,9857.0,4078.0,5739.0,26.0,10173.0,2729.0,3920.0,23.0,7660.0,5990.0,3648.0,1.0,9620.0,3741.0,7254.0,28.0,11020.0,1490.0,7221.0,62.0,8770.0,4412.0,6531.0,13.0,10936.0,2429.0,6814.0,39.0,8955.0,707.0,5202.0,488.0,9360.0,0.8807375503703951,0.6269578340152899,0.31903355120060345,0.8786622878474494,0.6374323058407754,0.3044951188222816,0.40278003965504466,0.36628277444591123,0.17749541560187937,0.9960717027386029,0.641076959281539,0.3405184296580652,1.247943863645196,1.1367034163326024,0.0,1.2657200996453564,0.07646400009592375,0.0,0.9288029797064762,0.6225029836564014,0.33934845638771854,0.5580041217928131,0.4536885173370441,0.13856641063466668,0.33985918276011945,0.21356635633856058,0.06785235224912564,0.7468034074020883,0.7963469340465963,0.165957675781101,0.6175061349446574,0.5402507467816273,0.006740844870607058,0.546086240808169,0.5720410285517573,0.0
170,6105.0,3397.0,2.0,9497.0,7139.0,2772.0,0.0,9866.0,3919.0,4126.0,8.0,8028.0,6193.0,3684.0,1.0,9857.0,4018.0,5781.0,27.0,10173.0,2730.0,3853.0,19.0,7660.0,6029.0,3597.0,0.0,9620.0,3642.0,7342.0,37.0,11020.0,1542.0,7174.0,59.0,8770.0,4350.0,6596.0,9.0,10936.0,2360.0,7076.0,35.0,8955.0,664.0,4864.0,704.0,9360.0,0.911920439141492,0.5939627533623327,0.3072779040317982,0.802520721560965,0.6267668224715938,0.33565195129873854,0.4459973523703714,0.37669751237457,0.17370459244896969,0.9817096364994844,0.6516716059918205,0.342658880725503,1.2159883400425315,1.153211381721,0.0,1.238573277927935,0.059480761239926024,0.0,0.9528811036298672,0.660276781845217,0.3146962476739039,0.5827227256260812,0.4518556836992502,0.13305378099903464,0.3258366002390782,0.2264619338636597,0.06383306719362736,0.8758877332011858,0.7793886972591281,0.19788826222841938,0.6718496926749746,0.5273997204378247,0.014315137639641762,0.3277160555124283,0.547677312977612,0.0
171,6034.0,3471.0,3.0,9497.0,7171.0,2727.0,0.0,9866.0,3823.0,4212.0,12.0,8028.0,6357.0,3503.0,1.0,9857.0,4022.0,5778.0,30.0,10173.0,2696.0,4062.0,18.0,7660.0,6077.0,3557.0,0.0,9620.0,3614.0,7367.0,42.0,11020.0,1473.0,7261.0,42.0,8770.0,4431.0,6521.0,12.0,10936.0,2390.0,6831.0,24.0,8955.0,721.0,5144.0,602.0,9360.0,1.0001970387684802,0.5830478995727996,0.335801373127227,0.8387577406596393,0.6168697940651328,0.33144959644414485,0.4152241401995222,0.3750373924771945,0.16938262746358912,0.9081219398416579,0.6349216056987643,0.3443945202200363,1.1820178175655505,1.0788967756554484,0.0,1.255765892006457,0.03131444330016772,0.0,0.9117626772883037,0.6164693512488156,0.3216102756559849,0.5359337823775907,0.46486521046608686,0.15734449522569777,0.3015925505508979,0.21279701245948673,0.06393582553913196,0.7795378712626795,0.7369047558556,0.16524130658557018,0.6232054136693478,0.5842142142976324,0.01214219406247139,0.4459228719274203,0.5528789883479476,0.0
172,6129.0,3379.0,2.0,9497.0,6954.0,2937.0,0.0,9866.0,3828.0,4208.0,8.0,8028.0,6199.0,3663.0,0.0,9857.0,4039.0,5762.0,25.0,10173.0,2709.0,3968.0,21.0,7660.0,5943.0,3681.0,0.0,9620.0,3675.0,7313.0,34.0,11020.0,1510.0,7229.0,37.0,8770.0,4452.0,6498.0,12.0,10936.0,2383.0,6931.0,19.0,8955.0,693.0,5164.0,636.0,9360.0,0.8501619027927518,0.584534874993066,0.3179570485216876,0.8974494280914466,0.6469149835252513,0.3310028382577002,0.4087303891312331,0.3627265887334943,0.18369373449434837,0.9618872587569058,0.6443339644155155,0.34763381839729846,1.217919358983636,1.1890646889805794,0.0,1.2599145596226056,0.05101824303468069,0.0,0.918296440411359,0.619361488117526,0.2926798641526451,0.5623335402458907,0.4741401440153519,0.14090358829125763,0.35498473295010624,0.20221073183541496,0.06741887116804719,0.7921251872864862,0.809390057126681,0.175297290738672,0.6184708582237363,0.5493814894308646,0.009735492803156377,0.44733900179465613,0.5699706166361769,0.0
173,6267.0,3237.0,2.0,9497.0,7069.0,2830.0,0.0,9866.0,3932.0,4103.0,12.0,8028.0,6346.0,3515.0,3.0,9857.0,4097.0,5702.0,28.0,10173.0,2688.0,3847.0,35.0,7660.0,6022.0,3607.0,0.0,9620.0,3637.0,7355.0,31.0,11020.0,1473.0,7261.0,43.0,8770.0,4293.0,6649.0,13.0,10936.0,2453.0,6800.0,38.0,8955.0,725.0,5368.0,451.0,9360.0,0.8563936938842137,0.5940762625386318,0.32232847913789253,0.8500253228781124,0.6571113234075407,0.33844628288255385,0.40172061609725157,0.37067346374193827,0.18039382444694638,0.947846250794828,0.6640894411131739,0.3371114482327054,1.1325839637468258,1.1598620203634102,0.0,1.2736561074232062,0.04083116973439852,0.0,0.8942056622356176,0.6432516851462424,0.323389595389987,0.5717915182933211,0.45170227978378535,0.15506358041117588,0.32292557607094446,0.22898056358098984,0.068684581729273,0.7918634402876099,0.7454189253350099,0.15049638732646903,0.5789384204273422,0.5829371515351037,0.011578154439727465,0.5848621003329754,0.5612465546776851,0.0
174,6214.0,3294.0,3.0,9497.0,6994.0,2896.0,0.0,9866.0,3808.0,4230.0,7.0,8028.0,6272.0,3590.0,3.0,9857.0,4091.0,5694.0,10.0,10173.0,2789.0,3474.0,21.0,7660.0,5972.0,3650.0,1.0,9620.0,3641.0,7352.0,30.0,11020.0,1463.0,7275.0,36.0,8770.0,4480.0,6463.0,8.0,10936.0,2477.0,6859.0,29.0,8955.0,681.0,4420.0,593.0,9360.0,0.8551359741017223,0.6112150540420165,0.32048709738689163,0.8774544280332823,0.6320392250083386,0.3145859792207678,0.40699770335728924,0.3801709674143543,0.18057022773039838,0.918489259077857,0.6232922810440262,0.3232156260094295,1.1892598391820988,1.156369017312924,0.0,1.2216090887784958,0.02383874307076136,0.0,0.9153759486662845,0.657720704873403,0.3358114829597374,0.547308845880131,0.4343101501930505,0.1755424943442146,0.3378318646301826,0.19834215932836136,0.0826922370120883,0.7771740520683428,0.7210717904691895,0.16751959407702088,0.6324428602432212,0.6071753003944953,0.0049259224285682045,0.24092121968666713,0.5551148898899555,0.0
175,6052.0,3452.0,0.0,9497.0,7006.0,2879.0,0.0,9866.0,3864.0,4166.0,10.0,8028.0,6370.0,3490.0,1.0,9857.0,4279.0,5350.0,15.0,10173.0,2709.0,3162.0,18.0,7660.0,6022.0,3605.0,3.0,9620.0,3728.0,7270.0,26.0,11020.0,1470.0,7275.0,32.0,8770.0,4380.0,6564.0,9.0,10936.0,2800.0,5752.0,0.0,8955.0,650.0,3485.0,63.0,9360.0,0.9240580162033438,0.6451538162926833,0.3045676174728821,0.8850142721397182,0.6103578911473354,0.3507440485370656,0.4163686988099168,0.389903216327851,0.1761866921558976,0.8676007550830642,0.6520934176476051,0.3533076744681845,1.0419181783062716,1.12294230175515,0.0,1.1922159638876717,0.016341487318277358,0.0,0.9015944065836569,0.6243451948277652,0.29385190185469884,0.5495924904942513,0.4843536361431082,0.1375720323684315,0.34510508108263216,0.21019457920144002,0.06987613936265309,0.737025713485976,0.8055724534206092,0.16030583574126164,0.3816271943040192,0.5285352184437215,0.0017046584437290827,0.1888632227977117,0.5489366690938672,0.0
176,6192.0,3311.0,3.0,9497.0,7122.0,2776.0,0.0,9866.0,3874.0,4161.0,7.0,8028.0,6218.0,3647.0,2.0,9857.0,4026.0,5584.0,16.0,10173.0,2734.0,3230.0,19.0,7660.0,6078.0,3542.0,1.0,9620.0,3628.0,7361.0,31.0,11020.0,1553.0,7182.0,41.0,8770.0,4450.0,6497.0,8.0,10936.0,2543.0,6494.0,11.0,8955.0,695.0,3530.0,247.0,9360.0,0.8458864461009701,0.5973163391308238,0.3169599916320294,0.8771276947110891,0.6315577756613493,0.3452514841221273,0.40392880284537874,0.36092880566914876,0.17564649196962515,0.8776374835831423,0.5985237170942128,0.3568204783834517,0.9823304152116179,1.1718089212663472,0.0,1.244692970626056,0.04082883795102437,0.0,0.8960273690521717,0.6659918910978982,0.3145636452206721,0.5878126179333776,0.45468362386648853,0.1582610748708248,0.303375785301129,0.20217249915003777,0.06733440899600586,0.7549669020809233,0.7537920849397779,0.15439407941885291,0.5737345164020856,0.5278841607272625,0.0,0.17322844142715135,0.5484647773206234,0.0
177,6188.0,3316.0,1.0,9497.0,7003.0,2893.0,0.0,9866.0,3936.0,4102.0,12.0,8028.0,6209.0,3661.0,5.0,9857.0,4144.0,5582.0,17.0,10173.0,2694.0,3777.0,23.0,7660.0,6065.0,3556.0,0.0,9620.0,3683.0,7304.0,35.0,11020.0,1494.0,7240.0,42.0,8770.0,4306.0,6637.0,8.0,10936.0,2480.0,6698.0,32.0,8955.0,695.0,4956.0,549.0,9360.0,0.8451923214209577,0.6148029587852458,0.3216421874395261,0.8794508942402899,0.6211770329469194,0.32613236126489936,0.41057483474723994,0.37138202336306375,0.177977858002608,0.9033969965452949,0.6865551136123638,0.33207618387726445,1.0744220384086172,1.1398896540204684,0.0,1.2278394673019648,0.025485704839229583,0.0,0.8585965116663525,0.6480181769623111,0.30813116234106325,0.5646920757057766,0.45921302676821746,0.1481289602505664,0.3439091787983974,0.2191343353750805,0.0769118755745391,0.7919360537081956,0.781648113578558,0.16108725077162186,0.5744538134895265,0.577374666556716,0.0028308625643452007,0.3681761915485064,0.5789738989745578,0.0
178,6243.0,3259.0,2.0,9497.0,6878.0,2997.0,0.0,9866.0,3954.0,4080.0,11.0,8028.0,6290.0,3577.0,2.0,9857.0,3812.0,5427.0,15.0,10173.0,2718.0,3191.0,22.0,7660.0,5788.0,3839.0,3.0,9620.0,3624.0,7365.0,33.0,11020.0,1444.0,7304.0,30.0,8770.0,4462.0,6488.0,9.0,10936.0,2863.0,5607.0,0.0,8955.0,676.0,3484.0,70.0,9360.0,0.8559068946788708,0.6062415098461013,0.3370952373370528,0.9884625129091243,0.6174295092001557,0.3335446781634043,0.3833685600509246,0.39431679009770354,0.18254400476192434,0.9034671905916184,0.6711423285926382,0.35228951868290703,0.9790792798002561,1.1292510531842708,0.0,1.2113201474150022,0.02551092430949211,0.0,0.9877184960680704,0.6495686794941624,0.3219365323117624,0.555352475338926,0.4785094101913273,0.11428585580239693,0.3533704721989731,0.2144028746522963,0.06637552895893653,0.7572375694289804,0.7612161452881991,0.13675902802497147,0.35027246857061983,0.35333562480906644,0.002718707670768102,0.24201477294166882,0.5667612416048845,0.0
179,6240.0,3266.0,1.0,9497.0,6956.0,2937.0,0.0,9866.0,3937.0,4093.0,12.0,8028.0,6328.0,3534.0,4.0,9857.0,4088.0,5533.0,21.0,10173.0,2705.0,3360.0,16.0,7660.0,6108.0,3515.0,0.0,9620.0,3717.0,7273.0,32.0,11020.0,1500.0,7242.0,34.0,8770.0,4425.0,6520.0,8.0,10936.0,2562.0,6623.0,31.0,8955.0,680.0,4224.0,483.0,9360.0,0.8661228355951607,0.5757447973980258,0.3273981076665223,0.832511049338306,0.670285099123915,0.33469921328748264,0.3862978305822859,0.39182888170083363,0.1792939042051633,0.8873544921477635,0.6499017393682152,0.32467379653826356,1.0282760020035009,1.1179445389658214,0.0,1.244471700489521,0.0224586250881354,0.0,0.8822631074115634,0.621856225002557,0.3244129934969048,0.5243826289661229,0.47000104856366914,0.12914831042289734,0.3465295108035207,0.20465834382921458,0.0658776852923135,0.7535247497881452,0.7818364507208267,0.14026898437490065,0.5482845100884636,0.5864084043540061,0.003758670638004939,0.35812264184157055,0.5539839563891291,0.0
180,6150.0,3355.0,0.0,9497.0,6835.0,3041.0,0.0,9866.0,3849.0,4185.0,10.0,8028.0,6385.0,3486.0,2.0,9857.0,4044.0,5540.0,31.0,10173.0,2716.0,3203.0,22.0,7660.0,5957.0,3669.0,0.0,9620.0,3630.0,7361.0,31.0,11020.0,1490.0,7260.0,26.0,8770.0,4525.0,6421.0,8.0,10936.0,2880.0,5634.0,0.0,8955.0,697.0,3471.0,100.0,9360.0,0.874584192596376,0.6467310074561586,0.3040489490920057,0.8964320112019777,0.6140906190965325,0.32230297958788773,0.4141884334695836,0.3492662292594711,0.18911938299424946,0.8958862881486614,0.6945836806980272,0.3301863849007835,1.0035922833407918,1.1567407441635926,0.0,1.2043610416352748,0.01988465537627538,0.0,0.969695386942476,0.6173901063234856,0.3154078504846742,0.5542854897367457,0.4704930284370979,0.14994843633224567,0.3262888078267376,0.20665040930422643,0.07948047323152423,0.7710978855068485,0.751869204469646,0.15775274932384492,0.36615658768763143,0.5539749746521314,0.0,0.17872237414121628,0.546665686989824,0.0
181,6219.0,3281.0,1.0,9497.0,6821.0,3060.0,0.0,9866.0,3944.0,4090.0,8.0,8028.0,6223.0,3643.0,2.0,9857.0,4050.0,5514.0,26.0,10173.0,2715.0,3192.0,23.0,7660.0,6099.0,3535.0,1.0,9620.0,3749.0,7245.0,28.0,11020.0,1434.0,7312.0,29.0,8770.0,4579.0,6368.0,5.0,10936.0,2845.0,5695.0,2.0,8955.0,679.0,3531.0,108.0,9360.0,0.8851424993947148,0.6168836950790137,0.3240548405020187,0.9150876674180229,0.6151727711471419,0.3477401240728796,0.4169668904195229,0.38531292180220283,0.1818903690824906,0.9111876942527791,0.6743585197875898,0.3384937746450305,1.0272911695142588,1.1257969696074723,0.0,1.2115348101903995,0.03455119182666143,0.0,0.9203530852993329,0.6610192965405682,0.32281453303682306,0.5301004282198847,0.4653268615404765,0.15188053237895172,0.35515953103701275,0.2132877119195958,0.06288797718783219,0.7313006954267621,0.8282821929703156,0.12936556606243055,0.3846333309387167,0.4352136897544066,0.0,0.3003205557664235,0.5549167432511847,0.0
182,6143.0,3364.0,0.0,9497.0,6862.0,3024.0,0.0,9866.0,3955.0,4083.0,9.0,8028.0,6242.0,3621.0,0.0,9857.0,4010.0,5551.0,31.0,10173.0,2727.0,3165.0,24.0,7660.0,6019.0,3611.0,2.0,9620.0,3626.0,7363.0,33.0,11020.0,1490.0,7250.0,35.0,8770.0,4579.0,6366.0,8.0,10936.0,2802.0,5819.0,1.0,8955.0,684.0,3504.0,142.0,9360.0,0.9003498942280809,0.595015724717329,0.32536728857085107,0.9194125920223694,0.6490578000433743,0.3500854515315344,0.3724456891262283,0.3980206577728192,0.18478696333865324,0.9336918654541174,0.6326224567989508,0.35378301471161344,0.9998065664743384,1.1944488441571592,0.0,1.2342842454090714,0.010388823350270589,0.0,0.916779616366451,0.6611725262676676,0.3430545654768745,0.5807486548088491,0.47102097533643245,0.11953975996002555,0.33745187999059756,0.23388844051708776,0.07495434166242679,0.715772025162975,0.770226999806861,0.1580716158884267,0.36538857134679953,0.487498780960838,0.0,0.2294222354888916,0.5450393099958698,0.0
183,6322.0,3180.0,1.0,9497.0,6866.0,3021.0,0.0,9866.0,3994.0,4047.0,10.0,8028.0,6192.0,3675.0,4.0,9857.0,3920.0,5564.0,32.0,10173.0,2730.0,3214.0,24.0,7660.0,6038.0,3582.0,1.0,9620.0,3649.0,7348.0,26.0,11020.0,1510.0,7230.0,38.0,8770.0,4630.0,6312.0,10.0,10936.0,2636.0,6485.0,24.0,8955.0,679.0,3979.0,394.0,9360.0,0.8139708475830655,0.5988624631427228,0.31589991071571905,0.874558575047801,0.6602802465048929,0.3598615863127634,0.3791657510679215,0.3742375244076053,0.18451496077080567,0.9627787247610589,0.6926263506679485,0.34843493822651606,1.0390446911255518,1.1526349756245813,0.0,1.2370197957381606,0.024443269769350687,0.0,0.8920573867236574,0.6434901614983877,0.324876577531298,0.5768911306125423,0.48834005758787197,0.13748131971806288,0.3153228529728949,0.21484515238553287,0.06373844863846898,0.7232998266195257,0.7724421864375473,0.13119299508010349,0.490701471734792,0.6087350451077024,0.0,0.2466695969303449,0.5485008388136824,0.0
184,6249.0,3252.0,3.0,9497.0,7181.0,2707.0,0.0,9866.0,3927.0,4105.0,12.0,8028.0,6280.0,3589.0,2.0,9857.0,3856.0,5250.0,29.0,10173.0,2676.0,3280.0,23.0,7660.0,6101.0,3520.0,0.0,9620.0,3572.0,7424.0,28.0,11020.0,1483.0,7263.0,30.0,8770.0,4555.0,6389.0,10.0,10936.0,2634.0,6587.0,43.0,8955.0,681.0,4727.0,491.0,9360.0,0.8427728901617229,0.6198239676033457,0.32507543223910035,0.8290971571269135,0.6273228915253033,0.3551492612653722,0.4077390821340183,0.3936120086039106,0.17298963302746415,0.8997732356811563,0.6948302369564772,0.3487480544640372,0.9920858007234832,1.111561458123227,0.0,1.2220476878186066,0.03337127317984899,0.0,0.8714309652956823,0.6889988134925564,0.31488588922657074,0.5788678510735432,0.4635430765027801,0.14391030122836432,0.335494596666346,0.18891261043027044,0.06250680008282264,0.7260105283930898,0.7663252299030622,0.13140557125831645,0.5188933134389421,0.6296723660702507,0.0028778627514839173,0.1889364793896675,0.5585588306188584,0.0
185,6307.0,3199.0,0.0,9497.0,7015.0,2867.0,0.0,9866.0,3921.0,4109.0,12.0,8028.0,6254.0,3609.0,3.0,9857.0,3911.0,5643.0,37.0,10173.0,2733.0,3095.0,24.0,7660.0,5940.0,3685.0,5.0,9620.0,3695.0,7301.0,29.0,11020.0,1451.0,7305.0,24.0,8770.0,4575.0,6367.0,10.0,10936.0,2886.0,5686.0,7.0,8955.0,673.0,3549.0,136.0,9360.0,0.8177984413380425,0.6678229610125224,0.32724237946483,0.8689859007485211,0.6128865483527383,0.3406290656964605,0.40740461818253,0.37183103946348034,0.17503415352354448,0.8639581799507141,0.6884864765219391,0.3462041991607597,1.0640657866373657,1.042244035626451,0.0,1.2409499230484167,0.0386685495575269,0.0,0.9120699066047867,0.6635774357244373,0.31177597590722145,0.53062328795592,0.4992538702984651,0.13106068884953856,0.34365005685637395,0.2185383644265433,0.06454698191955685,0.7198431686808665,0.8057825139413277,0.13264925641318162,0.3613881063337127,0.4518067747975389,0.0,0.3124888444940249,0.5524653417989611,0.0
186,6228.0,3275.0,2.0,9497.0,7034.0,2854.0,0.0,9866.0,3814.0,4219.0,6.0,8028.0,6247.0,3632.0,4.0,9857.0,3887.0,5442.0,55.0,10173.0,2719.0,3231.0,29.0,7660.0,6107.0,3514.0,2.0,9620.0,3745.0,7251.0,28.0,11020.0,1418.0,7326.0,30.0,8770.0,4600.0,6346.0,7.0,10936.0,2604.0,6534.0,47.0,8955.0,675.0,4706.0,419.0,9360.0,0.8694281413064648,0.6019631559960544,0.3194822993905594,0.8557980947351704,0.648027398949489,0.34455729758677384,0.4366573475456486,0.39905843179052075,0.17361269624282916,0.9852245899538199,0.6847627044344942,0.35919038428304095,1.0743896309286356,1.208357074049612,0.0,1.2514879601076245,0.023010449608167012,0.0,0.8580807252942274,0.672728953572611,0.2916273411363363,0.5175339187805851,0.46878400578474005,0.1426350369739036,0.3329494938875238,0.21740271464611094,0.06885131684442361,0.7398883743832508,0.7753990123358866,0.1374227607312302,0.5018378127676745,0.5408006365100543,0.0,0.2748091290394465,0.5429187962164481,0.0
187,6195.0,3308.0,0.0,9497.0,7063.0,2826.0,0.0,9866.0,4084.0,3950.0,8.0,8028.0,6120.0,3753.0,2.0,9857.0,3739.0,5440.0,41.0,10173.0,2732.0,3189.0,27.0,7660.0,6125.0,3500.0,1.0,9620.0,3766.0,7228.0,27.0,11020.0,1510.0,7236.0,30.0,8770.0,4544.0,6396.0,8.0,10936.0,2685.0,6493.0,42.0,8955.0,659.0,4099.0,446.0,9360.0,0.8748594452161342,0.6558243695025643,0.31397761308277644,0.8948716569381455,0.6097550732083619,0.3287848155324658,0.3650424193280439,0.3863178386973838,0.1813224406602482,0.9717425889025132,0.7097832537100961,0.3416539448002974,1.1638587061626215,1.083899388772746,0.0,1.2433164892718196,0.009882462521394094,0.0,0.8430704843563338,0.7012912059823672,0.28081163351113597,0.5276409616693855,0.4920561531869074,0.13060257444158196,0.3277629140764475,0.2126235269010067,0.07591519883523384,0.7579559539755185,0.8091861981898546,0.119851177961876,0.4648186981678009,0.5676005826021234,0.00241007407506307,0.20439502745866775,0.5469147317732374,0.0
188,6226.0,3274.0,4.0,9497.0,6986.0,2888.0,0.0,9866.0,3965.0,4064.0,13.0,8028.0,6209.0,3656.0,3.0,9857.0,3616.0,5367.0,40.0,10173.0,2719.0,3102.0,21.0,7660.0,6016.0,3614.0,5.0,9620.0,3632.0,7372.0,23.0,11020.0,1507.0,7245.0,27.0,8770.0,4512.0,6436.0,9.0,10936.0,2861.0,5676.0,10.0,8955.0,665.0,3569.0,137.0,9360.0,0.8273019662126899,0.6198045782744884,0.32431107067192594,0.8537192805359761,0.6355813744477927,0.3444333796389401,0.39459428284317255,0.38085267608985307,0.17728360472247004,0.9380091629301508,0.6719046268146485,0.34336709389463066,1.1271302968884507,1.068150338778893,0.0,1.2275518879915277,0.013482192158699035,0.0,0.9189536103513092,0.6979345019441098,0.2951700354615847,0.552061600672702,0.5106534893314044,0.14275134311368068,0.30896534488225974,0.24246357468267282,0.07049163402989507,0.7566444223746658,0.768253129410247,0.14731458928436042,0.3647586340395113,0.3585051899154981,0.0,0.15909032598137857,0.5656759164606532,0.0
189,6398.0,3103.0,0.0,9497.0,6997.0,2889.0,0.0,9866.0,3921.0,4109.0,12.0,8028.0,6175.0,3687.0,2.0,9857.0,3747.0,5373.0,43.0,10173.0,2762.0,3054.0,28.0,7660.0,6100.0,3525.0,5.0,9620.0,3671.0,7330.0,24.0,11020.0,1451.0,7298.0,31.0,8770.0,4557.0,6387.0,8.0,10936.0,2855.0,5677.0,14.0,8955.0,689.0,3516.0,148.0,9360.0,0.8439325295233479,0.624865945847705,0.3317569518617044,0.8713301919711133,0.6259373462758958,0.3535391712250809,0.40298696762571734,0.38729344111246367,0.18109786041701834,0.9597473257842163,0.7001981811287502,0.33766604935129485,1.093299882300198,1.145546583365649,0.0,1.212676506799956,0.01922691414753596,0.0,0.8822959335210423,0.6968183697822193,0.30153015539981426,0.5162541812906662,0.4791777001072963,0.15330156640460094,0.3104878194940587,0.20598001840213934,0.07672236676638325,0.6803086308762432,0.8042127673824628,0.13120652350286643,0.3455543604058524,0.3659006575743357,0.0,0.18296397849917412,0.5555516896148522,0.0
190,6263.0,3236.0,2.0,9497.0,6944.0,2938.0,0.0,9866.0,4031.0,4000.0,8.0,8028.0,6049.0,3820.0,2.0,9857.0,3628.0,5501.0,38.0,10173.0,2718.0,3059.0,24.0,7660.0,6053.0,3575.0,4.0,9620.0,3767.0,7234.0,24.0,11020.0,1446.0,7304.0,27.0,8770.0,4573.0,6371.0,7.0,10936.0,2969.0,5561.0,19.0,8955.0,674.0,3519.0,142.0,9360.0,0.9043183207511902,0.6088619679988673,0.297434271654735,0.8938514896978934,0.6346330375100175,0.33189721025216085,0.39402348172540463,0.38449451389412087,0.1764913325353215,1.026547933757926,0.7050426957352708,0.3725974156676481,1.200399267487228,1.1023301954070728,0.0,1.2234726884091893,0.023386926949024202,0.0,0.8537507890413205,0.7174838546818744,0.334361830043296,0.5577410214580596,0.4870732689897219,0.1297494759472708,0.34478458498294157,0.23696110481396318,0.0696585706435144,0.7116984218048553,0.7521578665822745,0.10846197238812844,0.33112514490882555,0.4306343845402201,0.0,0.16821461295088133,0.5497083216284712,0.0
191,6229.0,3272.0,3.0,9497.0,6987.0,2889.0,0.0,9866.0,3913.0,4111.0,12.0,8028.0,6095.0,3769.0,3.0,9857.0,3576.0,5335.0,41.0,10173.0,2759.0,2986.0,27.0,7660.0,6034.0,3596.0,2.0,9620.0,3637.0,7364.0,22.0,11020.0,1448.0,7307.0,22.0,8770.0,4721.0,6228.0,9.0,10936.0,2961.0,5532.0,20.0,8955.0,692.0,3536.0,122.0,9360.0,0.8130721325054765,0.6226072162544976,0.3291126565231631,0.8494479935305814,0.6208199345661948,0.33778547641510764,0.42062584791953367,0.38816651397695145,0.17631071054687103,1.0159330273823193,0.6741233681949477,0.34266163140224914,1.1673550153151155,1.1288645683787764,0.0,1.2324331187953552,0.014168216288089753,0.0,0.9064218075014651,0.7440850102808326,0.3116925841507812,0.5708607261069119,0.48924529999494554,0.1519293894059956,0.33011135887354615,0.2234198024496436,0.07272501302262148,0.6922387724121412,0.8384788998402655,0.13298525034139555,0.32247457656388484,0.2669002838432789,0.0,0.18904946545759838,0.5241445586706202,0.0
192,6397.0,3106.0,1.0,9497.0,6984.0,2896.0,0.0,9866.0,3926.0,4105.0,10.0,8028.0,6061.0,3810.0,1.0,9857.0,3535.0,5251.0,51.0,10173.0,2743.0,3074.0,23.0,7660.0,6087.0,3537.0,3.0,9620.0,3727.0,7273.0,27.0,11020.0,1471.0,7283.0,23.0,8770.0,4677.0,6267.0,8.0,10936.0,2990.0,5524.0,29.0,8955.0,676.0,3646.0,138.0,9360.0,0.8297076679610957,0.6075194211366276,0.3276529570420583,0.8809941270388663,0.6482191838634511,0.3373213187325746,0.42480833404697477,0.3706696779311945,0.19627395067363979,1.026134646947806,0.7170619054387013,0.34222673129600784,1.1678719965741038,1.0965900357812643,0.0,1.200918671116233,0.008449206749598185,0.0,0.8735946430514256,0.7232155716978014,0.33038174084698163,0.5490284918807447,0.4609027312447627,0.15986872743815184,0.3329680832102895,0.21137316205228368,0.0668851136850814,0.7194299082582195,0.720395412730674,0.1330493055594464,0.3245386958743135,0.30679818416635196,0.0,0.15803344597419103,0.5485821320985754,0.0
193,6433.0,3068.0,2.0,9497.0,6942.0,2937.0,0.0,9866.0,3990.0,4037.0,9.0,8028.0,6054.0,3813.0,1.0,9857.0,3388.0,5504.0,51.0,10173.0,2741.0,3035.0,27.0,7660.0,6059.0,3566.0,3.0,9620.0,3650.0,7349.0,23.0,11020.0,1579.0,7179.0,20.0,8770.0,4710.0,6237.0,4.0,10936.0,2982.0,5336.0,31.0,8955.0,666.0,3565.0,103.0,9360.0,0.8375764028790097,0.633405119087547,0.3148684457099686,0.8507671438468,0.6136791687769194,0.3344609890133142,0.42120497475067775,0.3929703849678238,0.19874223933244745,1.027288441794614,0.7038996981456875,0.34843982982759675,1.3122537243490418,1.0336418476266165,0.0,1.207628987232844,0.010871667663256328,0.0,0.8195201205400129,0.7184565032056223,0.32495993670697015,0.5535170760316154,0.49319764226675034,0.15148667795583606,0.306160265703996,0.22922155832250912,0.06598362671211362,0.6632112403089802,0.7561079858491818,0.1002818925306201,0.3190733407313625,0.26073590156932674,0.0,0.1978305528561274,0.5770444954435031,0.0
194,6325.0,3177.0,2.0,9497.0,7150.0,2736.0,0.0,9866.0,3859.0,4175.0,5.0,8028.0,6117.0,3754.0,3.0,9857.0,3280.0,5534.0,51.0,10173.0,2775.0,3007.0,28.0,7660.0,6045.0,3575.0,5.0,9620.0,3744.0,7254.0,27.0,11020.0,1506.0,7240.0,29.0,8770.0,4638.0,6309.0,4.0,10936.0,2945.0,5349.0,29.0,8955.0,668.0,3584.0,129.0,9360.0,0.7900081988889724,0.6629523643292486,0.3083092433090011,0.8035343989109,0.6594412120990455,0.34477428019357226,0.3939974307237814,0.3911006522985796,0.16995286680757998,0.9776646949040393,0.7326816211920232,0.3478499588556588,1.2976240725566943,0.9325994609234234,0.0,1.2195618145167828,0.0,0.0,0.8364646672581633,0.7336956447921693,0.297448688155661,0.5258631452297171,0.5046205011817316,0.1375323430635035,0.3727003276968996,0.20461560835440953,0.07185555153215925,0.7048095591987172,0.7361611848076185,0.11221309105555216,0.31399170197546483,0.21792084276676177,0.0,0.17058308919270834,0.5425307049726447,0.0
195,6185.0,3319.0,2.0,9497.0,7034.0,2845.0,0.0,9866.0,4021.0,4009.0,7.0,8028.0,6024.0,3849.0,0.0,9857.0,3266.0,5365.0,62.0,10173.0,2768.0,3006.0,20.0,7660.0,6121.0,3498.0,7.0,9620.0,3702.0,7300.0,24.0,11020.0,1467.0,7288.0,22.0,8770.0,4606.0,6337.0,7.0,10936.0,3054.0,5287.0,42.0,8955.0,671.0,3530.0,119.0,9360.0,0.8658874844821791,0.639278082192565,0.30053290153543155,0.8204684855882078,0.6267260520718991,0.34083649986423553,0.4139883199706674,0.35245439674084383,0.15843067658133805,1.0389613728970288,0.6799859687996407,0.336486684375753,1.381738150306046,0.9159597306822737,0.0,1.2123950093363722,0.0035884323219458262,0.0,0.8280549750042459,0.743191865645349,0.3120329414959997,0.5513936617256453,0.4635634604220589,0.13372344120095173,0.3354543455255528,0.19850513242805998,0.0693073691179355,0.7117570956858496,0.7598863757836322,0.10977384879564246,0.3079455138494571,0.23653113109370072,0.002043250824014346,0.20082704623540243,0.5655277977387111,0.0
196,6135.0,3367.0,3.0,9497.0,7138.0,2738.0,0.0,9866.0,4079.0,3950.0,7.0,8028.0,6082.0,3786.0,1.0,9857.0,3217.0,5195.0,80.0,10173.0,2753.0,3035.0,25.0,7660.0,6006.0,3618.0,5.0,9620.0,3702.0,7305.0,21.0,11020.0,1493.0,7265.0,17.0,8770.0,4609.0,6331.0,7.0,10936.0,2974.0,5326.0,49.0,8955.0,667.0,3560.0,128.0,9360.0,0.8692022998817265,0.6570042175240814,0.32676679648769397,0.8242381939354042,0.6000618318095803,0.351432178922308,0.3686194780282676,0.3816909505675236,0.17617081535669665,1.0222387723469486,0.7071725504317631,0.370889407939588,1.4161748869965474,0.9478075067202251,0.0,1.2304984552785754,0.025900843739509582,0.0,0.8475612677944203,0.7254048462181042,0.3184329956925164,0.5180456658825279,0.45893213618546724,0.13210428818129002,0.3395621383252243,0.2312516822790106,0.07163379024714231,0.7395879693018893,0.7268171762737136,0.11091246092692017,0.31203188889970385,0.2118485792229573,0.0,0.2636287252108256,0.5619731723020475,0.0
197,6202.0,3297.0,2.0,9497.0,7087.0,2792.0,0.0,9866.0,4009.0,4021.0,7.0,8028.0,6166.0,3701.0,0.0,9857.0,3196.0,5442.0,65.0,10173.0,2736.0,3002.0,39.0,7660.0,6146.0,3479.0,4.0,9620.0,3779.0,7226.0,21.0,11020.0,1470.0,7287.0,20.0,8770.0,4681.0,6260.0,6.0,10936.0,3033.0,5298.0,53.0,8955.0,667.0,3629.0,131.0,9360.0,0.8738047848300388,0.6377923004639645,0.3192810956699153,0.8382301524902384,0.597260488026465,0.35160268245575327,0.37473191716708243,0.3780538071723034,0.1769329839386046,1.0021303746538857,0.6908859607453147,0.3453143138283243,1.3827180882294974,0.9460865086254974,0.0,1.2099191583072146,0.00852353274822235,0.0,0.8165407733370861,0.7748955154791475,0.3151535808108747,0.48947658160080515,0.49642437224586805,0.12296513927479585,0.37458858694881203,0.20677527567992607,0.07133555772403875,0.7100513951852918,0.7409328442377349,0.10965645375351112,0.31271997137616075,0.20426720331112544,0.0,0.22758244822422663,0.562848846676449,0.0
198,6188.0,3313.0,2.0,9497.0,7134.0,2748.0,0.0,9866.0,3940.0,4089.0,6.0,8028.0,6160.0,3714.0,0.0,9857.0,3134.0,5453.0,81.0,10173.0,2706.0,3067.0,39.0,7660.0,6190.0,3433.0,3.0,9620.0,3747.0,7259.0,17.0,11020.0,1528.0,7226.0,22.0,8770.0,4749.0,6190.0,6.0,10936.0,2974.0,5349.0,83.0,8955.0,679.0,3579.0,125.0,9360.0,0.9000054556876421,0.6462224702040354,0.30665019700924556,0.8278100288162629,0.6269310997178157,0.33644567971738676,0.40778597022096313,0.389015105428795,0.1643527267500758,0.976687599842747,0.6696177687495947,0.36648606214051443,1.4435810012121995,0.9274603298244377,0.0,1.2112921136120955,0.006030636529127757,0.0,0.799403192785879,0.7360654862597584,0.3051039591586838,0.5031077929151555,0.5168553262948989,0.12000677616645893,0.3437740643819173,0.24113280043626825,0.06814351240172982,0.6991345882726212,0.7989671515921751,0.11635313803950946,0.30766237461939455,0.22408564692984026,0.0,0.13531464710831642,0.5522542705138525,0.0
199,6082.0,3417.0,1.0,9497.0,7033.0,2845.0,0.0,9866.0,4019.0,4008.0,7.0,8028.0,6007.0,3862.0,1.0,9857.0,2685.0,4432.0,88.0,10173.0,2733.0,3063.0,47.0,7660.0,6233.0,3393.0,3.0,9620.0,3751.0,7254.0,20.0,11020.0,1566.0,7189.0,18.0,8770.0,4720.0,6226.0,4.0,10936.0,2972.0,5176.0,74.0,8955.0,658.0,3709.0,135.0,9360.0,0.885481268633157,0.6194422498034934,0.32717643440701066,0.8483303848964473,0.6239636837504804,0.3466089372678349,0.38795441255594293,0.39370379485189916,0.16428042082116007,1.0459510711797824,0.6312659803622712,0.3430729079836359,1.0795651291807493,0.789376744038115,0.0,1.2172519989932578,0.002673048774401347,0.0,0.8503442744414011,0.688011437188834,0.2976877581949035,0.5205881598715981,0.5202335510402918,0.12612947225570678,0.3116299788778027,0.20918658639614782,0.06813633628189564,0.6937594101453821,0.7575209932401776,0.10548231738309065,0.3122946164260308,0.17349626744786897,0.0,0.30552435517311094,0.5519146302714943,0.0
